DEBUG 2025-04-26 19:04:19.263 UTC: 	 CRAB Client version: v3.250409
DEBUG 2025-04-26 19:04:19.264 UTC: 	 Running on: Linux lxplus901.cern.ch 5.14.0-503.34.1.el9_5.x86_64 #1 SMP PREEMPT_DYNAMIC Mon Mar 17 21:49:47 EDT 2025 x86_64 x86_64 x86_64 GNU/Linux
DEBUG 2025-04-26 19:04:19.264 UTC: 	 Not using Singularity
DEBUG 2025-04-26 19:04:19.264 UTC: 	 Operating System: Red Hat Enterprise Linux 9.5 (Plow)
DEBUG 2025-04-26 19:04:19.264 UTC: 	 Executing command: 'submit'
DEBUG 2025-04-26 19:04:19.264 UTC: 	 Found CRAB cache file /afs/cern.ch/user/a/amalhotr/.crab3
INFO 2025-04-26 19:04:19.285 UTC: 	 Will use CRAB configuration file chainedCrabConfig.py
DEBUG 2025-04-26 19:04:19.286 UTC: 	 Loading CRAB configuration file.
DEBUG 2025-04-26 19:04:19.303 UTC: 	 Will use CRAB plugin ANALYSIS (i.e. will run an analysis job type).
DEBUG 2025-04-26 19:04:19.350 UTC: 	 Checking credentials
DEBUG 2025-04-26 19:04:19.350 UTC: 	 Found proxy file /tmp/x509up_u180451
DEBUG 2025-04-26 19:04:19.350 UTC: 	 Making sure it has proper VOMS extension
DEBUG 2025-04-26 19:04:19.350 UTC: 	 Executing command :
 voms-proxy-info --vo --file /tmp/x509up_u180451
DEBUG 2025-04-26 19:04:19.791 UTC: 	 output : cms

 error: 
 retcode : 0
DEBUG 2025-04-26 19:04:19.791 UTC: 	 Getting proxy life time left
DEBUG 2025-04-26 19:04:19.791 UTC: 	 Executing command :
 voms-proxy-info --actimeleft --timeleft --file /tmp/x509up_u180451
DEBUG 2025-04-26 19:04:20.174 UTC: 	 output : 683603
683603

 error: 
 retcode : 0
DEBUG 2025-04-26 19:04:20.174 UTC: 	 Proxy valid for 189:53:23 hours
DEBUG 2025-04-26 19:04:20.174 UTC: 	 Encoded data for curl request: subresource=delegatedn
DEBUG 2025-04-26 19:04:20.227 UTC: 	 Registering user credentials on myproxy for /DC=ch/DC=cern/OU=computers/CN=crab-(preprod|prod)-tw(01|02).cern.ch|/DC=ch/DC=cern/OU=computers/CN=crab-dev-tw(01|02|03|04).cern.ch|/DC=ch/DC=cern/OU=Organic Units/OU=Users/CN=cmscrab/CN=(817881|373708)/CN=Robot: cms crab|/DC=ch/DC=cern/OU=Organic Units/OU=Users/CN=crabint1/CN=373708/CN=Robot: CMS CRAB Integration 1
DEBUG 2025-04-26 19:04:20.228 UTC: 	 Executing command :
 voms-proxy-info --identity --file /tmp/x509up_u180451
DEBUG 2025-04-26 19:04:20.617 UTC: 	 output : /DC=ch/DC=cern/OU=Organic Units/OU=Users/CN=amalhotr/CN=884837/CN=Aryan Malhotra

 error: 
 retcode : 0
DEBUG 2025-04-26 19:04:20.617 UTC: 	 Getting myproxy life time left for 2382a3cf28fdeacb1de9b039908761ea517a5ed6
DEBUG 2025-04-26 19:04:20.617 UTC: 	 Executing command :
 myproxy-info -s myproxy.cern.ch -l 2382a3cf28fdeacb1de9b039908761ea517a5ed6
DEBUG 2025-04-26 19:04:20.950 UTC: 	 output : username: 2382a3cf28fdeacb1de9b039908761ea517a5ed6
owner: /DC=ch/DC=cern/OU=Organic Units/OU=Users/CN=amalhotr/CN=884837/CN=Aryan Malhotra
  renewal policy: /DC=ch/DC=cern/OU=computers/CN=crab-(preprod|prod)-tw(01|02).cern.ch|/DC=ch/DC=cern/OU=computers/CN=crab-dev-tw(01|02|03|04).cern.ch|/DC=ch/DC=cern/OU=Organic Units/OU=Users/CN=cmscrab/CN=(817881|373708)/CN=Robot: cms crab|/DC=ch/DC=cern/OU=Organic Units/OU=Users/CN=crabint1/CN=373708/CN=Robot: CMS CRAB Integration 1
  trusted retrieval policy: /DC=ch/DC=cern/OU=computers/CN=crab-(preprod|prod)-tw(01|02).cern.ch|/DC=ch/DC=cern/OU=computers/CN=crab-dev-tw(01|02|03|04).cern.ch|/DC=ch/DC=cern/OU=Organic Units/OU=Users/CN=cmscrab/CN=(817881|373708)/CN=Robot: cms crab|/DC=ch/DC=cern/OU=Organic Units/OU=Users/CN=crabint1/CN=373708/CN=Robot: CMS CRAB Integration 1
  timeleft: 466:48:15  (19.5 days)

 error: 
 retcode : 0
DEBUG 2025-04-26 19:04:20.950 UTC: 	 Myproxy is valid: 1680480
DEBUG 2025-04-26 19:04:20.950 UTC: 	 Result of myproxy credential check:
  Credential exists on myproxy: username: 2382a3cf28fdeacb1de9b039908761ea517a5ed6  - validity: 19 days, 10:48:00
DEBUG 2025-04-26 19:04:20.950 UTC: 	 Command use: submit
DEBUG 2025-04-26 19:04:20.950 UTC: 	 Options use: ['-c', 'chainedCrabConfig.py']
DEBUG 2025-04-26 19:04:20.950 UTC: 	 Encoded data for curl request: subresource=version
DEBUG 2025-04-26 19:04:20.989 UTC: 	 CRABClient version: v3.250409
DEBUG 2025-04-26 19:04:20.989 UTC: 	 Instance is prod
DEBUG 2025-04-26 19:04:20.989 UTC: 	 Server base url is cmsweb.cern.ch
DEBUG 2025-04-26 19:04:20.989 UTC: 	 Command api workflow
DEBUG 2025-04-26 19:04:20.989 UTC: 	 Started submission
DEBUG 2025-04-26 19:04:20.989 UTC: 	 Working on /afs/cern.ch/user/a/amalhotr/CMSSW_14_0_18_patch1/src/Run3ScoutingAnalysisTools/crab_DY2Mu4Jets_ScoutingTree_CombinedChain
DEBUG 2025-04-26 19:04:20.989 UTC: 	 Encoded data for curl request: subresource=backendurls
DEBUG 2025-04-26 19:04:21.060 UTC: 	 Loading required information from the environment
DEBUG 2025-04-26 19:04:21.060 UTC: 	 Found CMSSW_14_0_18_patch1 for el9_amd64_gcc12 with base /afs/cern.ch/user/a/amalhotr/CMSSW_14_0_18_patch1
DEBUG 2025-04-26 19:04:21.060 UTC: 	 Loading required information from the environment
DEBUG 2025-04-26 19:04:21.060 UTC: 	 Found CMSSW_14_0_18_patch1 for el9_amd64_gcc12 with base /afs/cern.ch/user/a/amalhotr/CMSSW_14_0_18_patch1
DEBUG 2025-04-26 19:04:21.060 UTC: 	 UNIQUE NAME: tarUUID 0f50dcf1-eccb-4350-a7a0-f056c4d3c33f 
DEBUG 2025-04-26 19:04:21.060 UTC: 	 self.config: from WMCore.Configuration import Configuration
config = Configuration()
config.section_('General')
config.General.transferLogs = True
config.General.requestName = 'DY2Mu4Jets_ScoutingTree_CombinedChain'
config.General.transferOutputs = True
config.section_('JobType')
config.JobType.psetName = 'UnifiedScoutingVertexingTreeMaker.py'
config.JobType.pluginName = 'Analysis'
config.section_('Data')
config.Data.unitsPerJob = 1
config.Data.outLFNDirBase = '/store/user/amalhotr/DY2Mu4Jets_ScoutingTree/'
config.Data.inputDBS = 'global'
config.Data.inputDataset = '/DYto2Mu-4Jets_Bin-MLL-50_TuneCP5_13p6TeV_madgraphMLM-pythia8/RunIII2024Summer24MiniAOD-140X_mcRun3_2024_realistic_v26-v2/MINIAODSIM'
config.Data.allowNonValidInputDataset = True
config.Data.outputDatasetTag = 'DY2Mu4Jets_ScoutingTree_CombinedChain'
config.Data.publication = False
config.Data.splitting = 'FileBased'
config.Data.totalUnits = 2
config.section_('Site')
config.Site.storageSite = 'T3_CH_CERNBOX'
config.section_('User')
config.section_('Debug')

DEBUG 2025-04-26 19:04:21.060 UTC: 	 self.config.JobType.psetName: UnifiedScoutingVertexingTreeMaker.py
INFO 2025-04-26 19:04:21.060 UTC: 	 Importing CMSSW configuration UnifiedScoutingVertexingTreeMaker.py
INFO 2025-04-26 19:04:21.548 UTC: 	 Finished importing CMSSW configuration UnifiedScoutingVertexingTreeMaker.py
DEBUG 2025-04-26 19:04:21.548 UTC: 	 Writing CMSSW configuration to /afs/cern.ch/user/a/amalhotr/CMSSW_14_0_18_patch1/src/Run3ScoutingAnalysisTools/crab_DY2Mu4Jets_ScoutingTree_CombinedChain/inputs/PSet.py
DEBUG 2025-04-26 19:04:21.580 UTC: 	 The following EDM output files will be collected: []
DEBUG 2025-04-26 19:04:21.580 UTC: 	 The following TFile output files will be collected: ['DY2M_ScoutingTree_Output.root']
DEBUG 2025-04-26 19:04:21.580 UTC: 	 The following user output files (not listed as PoolOuputModule or TFileService in the CMSSW PSet) will be collected: 
DEBUG 2025-04-26 19:04:21.580 UTC: 	 Loading required information from the environment
DEBUG 2025-04-26 19:04:21.580 UTC: 	 Found CMSSW_14_0_18_patch1 for el9_amd64_gcc12 with base /afs/cern.ch/user/a/amalhotr/CMSSW_14_0_18_patch1
DEBUG 2025-04-26 19:04:21.580 UTC: 	 Making tarball in /afs/cern.ch/user/a/amalhotr/CMSSW_14_0_18_patch1/src/Run3ScoutingAnalysisTools/crab_DY2Mu4Jets_ScoutingTree_CombinedChain/inputs/0f50dcf1-eccb-4350-a7a0-f056c4d3c33fdefault.tgz
DEBUG 2025-04-26 19:04:21.581 UTC: 	 Checking directory /afs/cern.ch/user/a/amalhotr/CMSSW_14_0_18_patch1/bin
DEBUG 2025-04-26 19:04:21.581 UTC: 	 Adding directory /afs/cern.ch/user/a/amalhotr/CMSSW_14_0_18_patch1/bin to tarball
DEBUG 2025-04-26 19:04:21.583 UTC: 	 Checking directory /afs/cern.ch/user/a/amalhotr/CMSSW_14_0_18_patch1/python
DEBUG 2025-04-26 19:04:21.583 UTC: 	 Adding directory /afs/cern.ch/user/a/amalhotr/CMSSW_14_0_18_patch1/python to tarball
DEBUG 2025-04-26 19:04:23.252 UTC: 	 Checking directory /afs/cern.ch/user/a/amalhotr/CMSSW_14_0_18_patch1/cfipython
DEBUG 2025-04-26 19:04:23.252 UTC: 	 Adding directory /afs/cern.ch/user/a/amalhotr/CMSSW_14_0_18_patch1/cfipython to tarball
DEBUG 2025-04-26 19:04:23.538 UTC: 	 Checking directory /afs/cern.ch/user/a/amalhotr/CMSSW_14_0_18_patch1/lib
DEBUG 2025-04-26 19:04:23.538 UTC: 	 Adding directory /afs/cern.ch/user/a/amalhotr/CMSSW_14_0_18_patch1/lib to tarball
DEBUG 2025-04-26 19:04:24.307 UTC: 	 Checking directory /afs/cern.ch/user/a/amalhotr/CMSSW_14_0_18_patch1/biglib
DEBUG 2025-04-26 19:04:24.307 UTC: 	 Adding directory /afs/cern.ch/user/a/amalhotr/CMSSW_14_0_18_patch1/biglib to tarball
DEBUG 2025-04-26 19:04:24.308 UTC: 	 Checking directory /afs/cern.ch/user/a/amalhotr/CMSSW_14_0_18_patch1/module
DEBUG 2025-04-26 19:04:24.308 UTC: 	 Checking directory /afs/cern.ch/user/a/amalhotr/CMSSW_14_0_18_patch1/config/SCRAM/hooks
DEBUG 2025-04-26 19:04:24.309 UTC: 	 Adding directory /afs/cern.ch/user/a/amalhotr/CMSSW_14_0_18_patch1/config/SCRAM/hooks to tarball
DEBUG 2025-04-26 19:04:24.543 UTC: 	 Adding directory /afs/cern.ch/user/a/amalhotr/CMSSW_14_0_18_patch1/src/Run3ScoutingAnalysisTools/DataFormats/Scouting/interface to tarball
DEBUG 2025-04-26 19:04:24.656 UTC: 	 Adding directory /afs/cern.ch/user/a/amalhotr/CMSSW_14_0_18_patch1/src/Run3ScoutingAnalysisTools/ScoutingTreeMakerRun3/python to tarball
DEBUG 2025-04-26 19:04:24.710 UTC: 	 Adding directory /afs/cern.ch/user/a/amalhotr/CMSSW_14_0_18_patch1/src/DataFormats/Scouting/interface to tarball
DEBUG 2025-04-26 19:04:24.821 UTC: 	 Adding directory /afs/cern.ch/user/a/amalhotr/CMSSW_14_0_18_patch1/src/Configuration/GenProduction/python to tarball
DEBUG 2025-04-26 19:04:24.928 UTC: 	 Uploading archive /afs/cern.ch/user/a/amalhotr/CMSSW_14_0_18_patch1/src/Run3ScoutingAnalysisTools/crab_DY2Mu4Jets_ScoutingTree_CombinedChain/inputs/0f50dcf1-eccb-4350-a7a0-f056c4d3c33fdefault.tgz (465 KB) to the CRAB cache. Using URI https://cmsweb.cern.ch/S3/crabcache_prod
DEBUG 2025-04-26 19:04:25.061 UTC: 	 Encoded data for curl request: subresource=upload&objecttype=sandbox&tarballname=6e4fa1022f7a6b5bf7da1d5a21f271a5bf0e8ae8b93ea2c620192040c65aa378.tar.gz
DEBUG 2025-04-26 19:04:25.132 UTC: 	 Will execute:
curl -f -v -X POST  -H "User-Agent: CRAB" -F "key=amalhotr/sandboxes/6e4fa1022f7a6b5bf7da1d5a21f271a5bf0e8ae8b93ea2c620192040c65aa378.tar.gz" -F "AWSAccessKeyId=715203df6482458ba839e73e6dab634b" -F "policy=eyJleHBpcmF0aW9uIjogIjIwMjUtMDQtMjZUMjA6MDQ6MjVaIiwgImNvbmRpdGlvbnMiOiBbeyJidWNrZXQiOiAiY3JhYmNhY2hlX3Byb2QifSwgeyJrZXkiOiAiYW1hbGhvdHIvc2FuZGJveGVzLzZlNGZhMTAyMmY3YTZiNWJmN2RhMWQ1YTIxZjI3MWE1YmYwZThhZThiOTNlYTJjNjIwMTkyMDQwYzY1YWEzNzgudGFyLmd6In1dfQ==" -F "signature=V+rk1oI46Ys+GEjmtTaImLqSJDY=" -F "file=@/afs/cern.ch/user/a/amalhotr/CMSSW_14_0_18_patch1/src/Run3ScoutingAnalysisTools/crab_DY2Mu4Jets_ScoutingTree_CombinedChain/inputs/0f50dcf1-eccb-4350-a7a0-f056c4d3c33fdefault.tgz" "https://s3.cern.ch/crabcache_prod"
DEBUG 2025-04-26 19:04:25.260 UTC: 	 exitcode: 0
stdout: b''
DEBUG 2025-04-26 19:04:25.260 UTC: 	 upload to S3 of sandbox /afs/cern.ch/user/a/amalhotr/CMSSW_14_0_18_patch1/src/Run3ScoutingAnalysisTools/crab_DY2Mu4Jets_ScoutingTree_CombinedChain/inputs/0f50dcf1-eccb-4350-a7a0-f056c4d3c33fdefault.tgz completed
DEBUG 2025-04-26 19:04:25.260 UTC: 	 make sure that object is ready for retrieve
DEBUG 2025-04-26 19:04:26.262 UTC: 	 Encoded data for curl request: subresource=download&objecttype=sandbox&tarballname=6e4fa1022f7a6b5bf7da1d5a21f271a5bf0e8ae8b93ea2c620192040c65aa378.tar.gz&clientmethod=head_object
DEBUG 2025-04-26 19:05:05.170 UTC: 	 PreSignedUrl to download sandbox received OK
DEBUG 2025-04-26 19:05:05.173 UTC: 	 Will execute:
 curl -v -s -f -o /dev/null --head  "https://s3.cern.ch/crabcache_prod/amalhotr/sandboxes/6e4fa1022f7a6b5bf7da1d5a21f271a5bf0e8ae8b93ea2c620192040c65aa378.tar.gz?AWSAccessKeyId=715203df6482458ba839e73e6dab634b&Signature=vQcxhxXif2GuJ%2BJNMuGbs3LEZvg%3D&Expires=1745697905"
DEBUG 2025-04-26 19:05:05.205 UTC: 	 exitcode: 0
stdout: b''
DEBUG 2025-04-26 19:05:05.205 UTC: 	 sandbox /afs/cern.ch/user/a/amalhotr/CMSSW_14_0_18_patch1/src/Run3ScoutingAnalysisTools/crab_DY2Mu4Jets_ScoutingTree_CombinedChain/inputs/0f50dcf1-eccb-4350-a7a0-f056c4d3c33fdefault.tgz successfully uploaded to S3
DEBUG 2025-04-26 19:05:05.205 UTC: 	 Loading required information from the environment
DEBUG 2025-04-26 19:05:05.205 UTC: 	 Found CMSSW_14_0_18_patch1 for el9_amd64_gcc12 with base /afs/cern.ch/user/a/amalhotr/CMSSW_14_0_18_patch1
DEBUG 2025-04-26 19:05:05.205 UTC: 	 Making tarball in /afs/cern.ch/user/a/amalhotr/CMSSW_14_0_18_patch1/src/Run3ScoutingAnalysisTools/crab_DY2Mu4Jets_ScoutingTree_CombinedChain/inputs/debugFiles.tgz
DEBUG 2025-04-26 19:05:05.215 UTC: 	 Uploading archive /afs/cern.ch/user/a/amalhotr/CMSSW_14_0_18_patch1/src/Run3ScoutingAnalysisTools/crab_DY2Mu4Jets_ScoutingTree_CombinedChain/inputs/debugFiles.tgz (2 KB) to the CRAB cache. Using URI https://cmsweb.cern.ch/S3/crabcache_prod
DEBUG 2025-04-26 19:05:05.216 UTC: 	 Encoded data for curl request: subresource=upload&objecttype=sandbox&tarballname=afba223fe6306ffddb5fb63d6cd4aa9fffde65aa207def45967aa2df64721a23.tar.gz
DEBUG 2025-04-26 19:05:05.283 UTC: 	 Will execute:
curl -f -v -X POST  -H "User-Agent: CRAB" -F "key=amalhotr/sandboxes/afba223fe6306ffddb5fb63d6cd4aa9fffde65aa207def45967aa2df64721a23.tar.gz" -F "AWSAccessKeyId=715203df6482458ba839e73e6dab634b" -F "policy=eyJleHBpcmF0aW9uIjogIjIwMjUtMDQtMjZUMjA6MDU6MDVaIiwgImNvbmRpdGlvbnMiOiBbeyJidWNrZXQiOiAiY3JhYmNhY2hlX3Byb2QifSwgeyJrZXkiOiAiYW1hbGhvdHIvc2FuZGJveGVzL2FmYmEyMjNmZTYzMDZmZmRkYjVmYjYzZDZjZDRhYTlmZmZkZTY1YWEyMDdkZWY0NTk2N2FhMmRmNjQ3MjFhMjMudGFyLmd6In1dfQ==" -F "signature=PuHauD9w1PCf8VsHa4JApWL5TNE=" -F "file=@/afs/cern.ch/user/a/amalhotr/CMSSW_14_0_18_patch1/src/Run3ScoutingAnalysisTools/crab_DY2Mu4Jets_ScoutingTree_CombinedChain/inputs/debugFiles.tgz" "https://s3.cern.ch/crabcache_prod"
DEBUG 2025-04-26 19:05:05.359 UTC: 	 exitcode: 0
stdout: b''
DEBUG 2025-04-26 19:05:05.359 UTC: 	 upload to S3 of sandbox /afs/cern.ch/user/a/amalhotr/CMSSW_14_0_18_patch1/src/Run3ScoutingAnalysisTools/crab_DY2Mu4Jets_ScoutingTree_CombinedChain/inputs/debugFiles.tgz completed
DEBUG 2025-04-26 19:05:05.359 UTC: 	 make sure that object is ready for retrieve
DEBUG 2025-04-26 19:05:06.360 UTC: 	 Encoded data for curl request: subresource=download&objecttype=sandbox&tarballname=afba223fe6306ffddb5fb63d6cd4aa9fffde65aa207def45967aa2df64721a23.tar.gz&clientmethod=head_object
DEBUG 2025-04-26 19:05:06.402 UTC: 	 PreSignedUrl to download sandbox received OK
DEBUG 2025-04-26 19:05:06.404 UTC: 	 Will execute:
 curl -v -s -f -o /dev/null --head  "https://s3.cern.ch/crabcache_prod/amalhotr/sandboxes/afba223fe6306ffddb5fb63d6cd4aa9fffde65aa207def45967aa2df64721a23.tar.gz?AWSAccessKeyId=715203df6482458ba839e73e6dab634b&Signature=0p5NAc912i6AhiqohvsQNsIQPHo%3D&Expires=1745697906"
DEBUG 2025-04-26 19:05:06.478 UTC: 	 exitcode: 0
stdout: b''
DEBUG 2025-04-26 19:05:06.478 UTC: 	 sandbox /afs/cern.ch/user/a/amalhotr/CMSSW_14_0_18_patch1/src/Run3ScoutingAnalysisTools/crab_DY2Mu4Jets_ScoutingTree_CombinedChain/inputs/debugFiles.tgz successfully uploaded to S3
DEBUG 2025-04-26 19:05:06.478 UTC: 	 Result uploading input files: 6e4fa1022f7a6b5bf7da1d5a21f271a5bf0e8ae8b93ea2c620192040c65aa378.tar.gz 
DEBUG 2025-04-26 19:05:06.478 UTC: 	 submit() - self.configuration from WMCore.Configuration import Configuration
config = Configuration()
config.section_('General')
config.General.transferLogs = True
config.General.requestName = 'DY2Mu4Jets_ScoutingTree_CombinedChain'
config.General.transferOutputs = True
config.section_('JobType')
config.JobType.psetName = 'UnifiedScoutingVertexingTreeMaker.py'
config.JobType.pluginName = 'Analysis'
config.section_('Data')
config.Data.unitsPerJob = 1
config.Data.outLFNDirBase = '/store/user/amalhotr/DY2Mu4Jets_ScoutingTree/'
config.Data.inputDBS = 'global'
config.Data.inputDataset = '/DYto2Mu-4Jets_Bin-MLL-50_TuneCP5_13p6TeV_madgraphMLM-pythia8/RunIII2024Summer24MiniAOD-140X_mcRun3_2024_realistic_v26-v2/MINIAODSIM'
config.Data.allowNonValidInputDataset = True
config.Data.outputDatasetTag = 'DY2Mu4Jets_ScoutingTree_CombinedChain'
config.Data.publication = False
config.Data.splitting = 'FileBased'
config.Data.totalUnits = 2
config.section_('Site')
config.Site.storageSite = 'T3_CH_CERNBOX'
config.section_('User')
config.section_('Debug')

DEBUG 2025-04-26 19:05:06.478 UTC: 	 submit() - self.configreq {'dryrun': 0, 'workflow': 'crab_DY2Mu4Jets_ScoutingTree_CombinedChain', 'saveoutput': 1, 'savelogsflag': 1, 'inputdata': '/DYto2Mu-4Jets_Bin-MLL-50_TuneCP5_13p6TeV_madgraphMLM-pythia8/RunIII2024Summer24MiniAOD-140X_mcRun3_2024_realistic_v26-v2/MINIAODSIM', 'nonvaliddata': 1, 'userfiles': [], 'dbsurl': 'https://cmsweb.cern.ch/dbs/prod/global/DBSReader', 'useparent': 0, 'ignorelocality': 0, 'splitalgo': 'FileBased', 'algoargs': 1, 'totalunits': 2, 'lfn': '/store/user/amalhotr/DY2Mu4Jets_ScoutingTree/', 'publication': 0, 'publishdbsurl': 'https://cmsweb.cern.ch/dbs/prod/phys03/DBSWriter', 'publishname2': 'DY2Mu4Jets_ScoutingTree_CombinedChain', 'jobtype': 'Analysis', 'generator': 'pythia', 'addoutputfiles': [], 'maxjobruntime': 1250, 'numcores': 1, 'maxmemory': 2000, 'priority': 10, 'nonprodsw': 0, 'asyncdest': 'T3_CH_CERNBOX', 'requireaccelerator': 0, 'oneEventMode': 0, 'extrajdl': [], 'ignoreglobalblacklist': 0, 'partialdataset': 0, 'inputblocks': []}
DEBUG 2025-04-26 19:05:06.478 UTC: 	 submit() - jobconfig {'addoutputfiles': [], 'tfileoutfiles': ['DY2M_ScoutingTree_Output.root'], 'edmoutfiles': [], 'jobarch': 'el9_amd64_gcc12', 'jobminuarch': 'any', 'jobsw': 'CMSSW_14_0_18_patch1', 'inputdata': '/DYto2Mu-4Jets_Bin-MLL-50_TuneCP5_13p6TeV_madgraphMLM-pythia8/RunIII2024Summer24MiniAOD-140X_mcRun3_2024_realistic_v26-v2/MINIAODSIM', 'cacheurl': 'https://cmsweb.cern.ch/S3/crabcache_prod', 'cachefilename': '6e4fa1022f7a6b5bf7da1d5a21f271a5bf0e8ae8b93ea2c620192040c65aa378.tar.gz', 'debugfilename': 'afba223fe6306ffddb5fb63d6cd4aa9fffde65aa207def45967aa2df64721a23.tar.gz', 'jobtype': 'Analysis'}
INFO 2025-04-26 19:05:06.478 UTC: 	 Sending the request to the server at cmsweb.cern.ch
DEBUG 2025-04-26 19:05:06.478 UTC: 	 Submitting {'dryrun': 0, 'workflow': 'crab_DY2Mu4Jets_ScoutingTree_CombinedChain', 'saveoutput': 1, 'savelogsflag': 1, 'inputdata': '/DYto2Mu-4Jets_Bin-MLL-50_TuneCP5_13p6TeV_madgraphMLM-pythia8/RunIII2024Summer24MiniAOD-140X_mcRun3_2024_realistic_v26-v2/MINIAODSIM', 'nonvaliddata': 1, 'userfiles': [], 'dbsurl': 'https://cmsweb.cern.ch/dbs/prod/global/DBSReader', 'useparent': 0, 'ignorelocality': 0, 'splitalgo': 'FileBased', 'algoargs': 1, 'totalunits': 2, 'lfn': '/store/user/amalhotr/DY2Mu4Jets_ScoutingTree/', 'publication': 0, 'publishdbsurl': 'https://cmsweb.cern.ch/dbs/prod/phys03/DBSWriter', 'publishname2': 'DY2Mu4Jets_ScoutingTree_CombinedChain', 'jobtype': 'Analysis', 'generator': 'pythia', 'addoutputfiles': [], 'maxjobruntime': 1250, 'numcores': 1, 'maxmemory': 2000, 'priority': 10, 'nonprodsw': 0, 'asyncdest': 'T3_CH_CERNBOX', 'requireaccelerator': 0, 'oneEventMode': 0, 'extrajdl': [], 'ignoreglobalblacklist': 0, 'partialdataset': 0, 'inputblocks': [], 'tfileoutfiles': ['DY2M_ScoutingTree_Output.root'], 'edmoutfiles': [], 'jobarch': 'el9_amd64_gcc12', 'jobminuarch': 'any', 'jobsw': 'CMSSW_14_0_18_patch1', 'cacheurl': 'https://cmsweb.cern.ch/S3/crabcache_prod', 'cachefilename': '6e4fa1022f7a6b5bf7da1d5a21f271a5bf0e8ae8b93ea2c620192040c65aa378.tar.gz', 'debugfilename': 'afba223fe6306ffddb5fb63d6cd4aa9fffde65aa207def45967aa2df64721a23.tar.gz'} 
DEBUG 2025-04-26 19:05:06.479 UTC: 	 Encoded data for curl request: dryrun=0&workflow=crab_DY2Mu4Jets_ScoutingTree_CombinedChain&saveoutput=1&savelogsflag=1&inputdata=%2FDYto2Mu-4Jets_Bin-MLL-50_TuneCP5_13p6TeV_madgraphMLM-pythia8%2FRunIII2024Summer24MiniAOD-140X_mcRun3_2024_realistic_v26-v2%2FMINIAODSIM&nonvaliddata=1&dbsurl=https%3A%2F%2Fcmsweb.cern.ch%2Fdbs%2Fprod%2Fglobal%2FDBSReader&useparent=0&ignorelocality=0&splitalgo=FileBased&algoargs=1&totalunits=2&lfn=%2Fstore%2Fuser%2Famalhotr%2FDY2Mu4Jets_ScoutingTree%2F&publication=0&publishdbsurl=https%3A%2F%2Fcmsweb.cern.ch%2Fdbs%2Fprod%2Fphys03%2FDBSWriter&publishname2=DY2Mu4Jets_ScoutingTree_CombinedChain&jobtype=Analysis&generator=pythia&maxjobruntime=1250&numcores=1&maxmemory=2000&priority=10&nonprodsw=0&asyncdest=T3_CH_CERNBOX&requireaccelerator=0&oneEventMode=0&ignoreglobalblacklist=0&partialdataset=0&jobarch=el9_amd64_gcc12&jobminuarch=any&jobsw=CMSSW_14_0_18_patch1&cacheurl=https%3A%2F%2Fcmsweb.cern.ch%2FS3%2Fcrabcache_prod&cachefilename=6e4fa1022f7a6b5bf7da1d5a21f271a5bf0e8ae8b93ea2c620192040c65aa378.tar.gz&debugfilename=afba223fe6306ffddb5fb63d6cd4aa9fffde65aa207def45967aa2df64721a23.tar.gz&tfileoutfiles=DY2M_ScoutingTree_Output.root
DEBUG 2025-04-26 19:05:06.552 UTC: 	 Result: {'result': [{'RequestName': '250426_190506:amalhotr_crab_DY2Mu4Jets_ScoutingTree_CombinedChain'}]}
INFO 2025-04-26 19:05:06.559 UTC: 	 Success: Your task has been delivered to the prod CRAB3 server.
INFO 2025-04-26 19:05:06.559 UTC: 	 Task name: 250426_190506:amalhotr_crab_DY2Mu4Jets_ScoutingTree_CombinedChain
INFO 2025-04-26 19:05:06.559 UTC: 	 Project dir: ./crab_DY2Mu4Jets_ScoutingTree_CombinedChain
INFO 2025-04-26 19:05:06.559 UTC: 	 Please use ' crab status -d ./crab_DY2Mu4Jets_ScoutingTree_CombinedChain ' to check how the submission process proceeds.
DEBUG 2025-04-26 19:05:06.559 UTC: 	 About to return
INFO 2025-04-26 19:05:06.562 UTC: 	 Log file is /afs/cern.ch/user/a/amalhotr/CMSSW_14_0_18_patch1/src/Run3ScoutingAnalysisTools/crab_DY2Mu4Jets_ScoutingTree_CombinedChain/crab.log
DEBUG 2025-04-26 19:05:32.754 UTC: 	 CRAB Client version: v3.250409
DEBUG 2025-04-26 19:05:32.754 UTC: 	 Running on: Linux lxplus901.cern.ch 5.14.0-503.34.1.el9_5.x86_64 #1 SMP PREEMPT_DYNAMIC Mon Mar 17 21:49:47 EDT 2025 x86_64 x86_64 x86_64 GNU/Linux
DEBUG 2025-04-26 19:05:32.754 UTC: 	 Not using Singularity
DEBUG 2025-04-26 19:05:32.754 UTC: 	 Operating System: Red Hat Enterprise Linux 9.5 (Plow)
DEBUG 2025-04-26 19:05:32.754 UTC: 	 Executing command: 'status'
DEBUG 2025-04-26 19:05:32.754 UTC: 	 Found CRAB cache file /afs/cern.ch/user/a/amalhotr/.crab3
DEBUG 2025-04-26 19:05:32.758 UTC: 	 Checking credentials
DEBUG 2025-04-26 19:05:32.758 UTC: 	 Found proxy file /tmp/x509up_u180451
DEBUG 2025-04-26 19:05:32.758 UTC: 	 Making sure it has proper VOMS extension
DEBUG 2025-04-26 19:05:32.758 UTC: 	 Executing command :
 voms-proxy-info --vo --file /tmp/x509up_u180451
DEBUG 2025-04-26 19:05:33.103 UTC: 	 output : cms

 error: 
 retcode : 0
DEBUG 2025-04-26 19:05:33.103 UTC: 	 Getting proxy life time left
DEBUG 2025-04-26 19:05:33.103 UTC: 	 Executing command :
 voms-proxy-info --actimeleft --timeleft --file /tmp/x509up_u180451
DEBUG 2025-04-26 19:05:33.467 UTC: 	 output : 683530
683530

 error: 
 retcode : 0
DEBUG 2025-04-26 19:05:33.467 UTC: 	 Proxy valid for 189:52:10 hours
DEBUG 2025-04-26 19:05:33.468 UTC: 	 Encoded data for curl request: subresource=delegatedn
DEBUG 2025-04-26 19:05:33.530 UTC: 	 Registering user credentials on myproxy for /DC=ch/DC=cern/OU=computers/CN=crab-(preprod|prod)-tw(01|02).cern.ch|/DC=ch/DC=cern/OU=computers/CN=crab-dev-tw(01|02|03|04).cern.ch|/DC=ch/DC=cern/OU=Organic Units/OU=Users/CN=cmscrab/CN=(817881|373708)/CN=Robot: cms crab|/DC=ch/DC=cern/OU=Organic Units/OU=Users/CN=crabint1/CN=373708/CN=Robot: CMS CRAB Integration 1
DEBUG 2025-04-26 19:05:33.531 UTC: 	 Executing command :
 voms-proxy-info --identity --file /tmp/x509up_u180451
DEBUG 2025-04-26 19:05:33.897 UTC: 	 output : /DC=ch/DC=cern/OU=Organic Units/OU=Users/CN=amalhotr/CN=884837/CN=Aryan Malhotra

 error: 
 retcode : 0
DEBUG 2025-04-26 19:05:33.897 UTC: 	 Getting myproxy life time left for 2382a3cf28fdeacb1de9b039908761ea517a5ed6
DEBUG 2025-04-26 19:05:33.897 UTC: 	 Executing command :
 myproxy-info -s myproxy.cern.ch -l 2382a3cf28fdeacb1de9b039908761ea517a5ed6
DEBUG 2025-04-26 19:05:34.165 UTC: 	 output : username: 2382a3cf28fdeacb1de9b039908761ea517a5ed6
owner: /DC=ch/DC=cern/OU=Organic Units/OU=Users/CN=amalhotr/CN=884837/CN=Aryan Malhotra
  renewal policy: /DC=ch/DC=cern/OU=computers/CN=crab-(preprod|prod)-tw(01|02).cern.ch|/DC=ch/DC=cern/OU=computers/CN=crab-dev-tw(01|02|03|04).cern.ch|/DC=ch/DC=cern/OU=Organic Units/OU=Users/CN=cmscrab/CN=(817881|373708)/CN=Robot: cms crab|/DC=ch/DC=cern/OU=Organic Units/OU=Users/CN=crabint1/CN=373708/CN=Robot: CMS CRAB Integration 1
  trusted retrieval policy: /DC=ch/DC=cern/OU=computers/CN=crab-(preprod|prod)-tw(01|02).cern.ch|/DC=ch/DC=cern/OU=computers/CN=crab-dev-tw(01|02|03|04).cern.ch|/DC=ch/DC=cern/OU=Organic Units/OU=Users/CN=cmscrab/CN=(817881|373708)/CN=Robot: cms crab|/DC=ch/DC=cern/OU=Organic Units/OU=Users/CN=crabint1/CN=373708/CN=Robot: CMS CRAB Integration 1
  timeleft: 466:47:01  (19.4 days)

 error: 
 retcode : 0
DEBUG 2025-04-26 19:05:34.165 UTC: 	 Myproxy is valid: 1680420
DEBUG 2025-04-26 19:05:34.165 UTC: 	 Result of myproxy credential check:
  Credential exists on myproxy: username: 2382a3cf28fdeacb1de9b039908761ea517a5ed6  - validity: 19 days, 10:47:00
DEBUG 2025-04-26 19:05:34.165 UTC: 	 Retrieving username ...
DEBUG 2025-04-26 19:05:34.165 UTC: 	 Retrieving username from CRIC...
DEBUG 2025-04-26 19:05:34.875 UTC: 	 username is amalhotr
INFO 2025-04-26 19:05:35.403 UTC: 	 Rucio client intialized for account amalhotr
DEBUG 2025-04-26 19:05:35.403 UTC: 	 Command use: status
DEBUG 2025-04-26 19:05:35.403 UTC: 	 Options use: ['-d', './crab_DY2Mu4Jets_ScoutingTree_CombinedChain']
DEBUG 2025-04-26 19:05:35.403 UTC: 	 Encoded data for curl request: subresource=version
DEBUG 2025-04-26 19:05:35.446 UTC: 	 CRABClient version: v3.250409
DEBUG 2025-04-26 19:05:35.446 UTC: 	 Instance is prod
DEBUG 2025-04-26 19:05:35.446 UTC: 	 Server base url is cmsweb.cern.ch
DEBUG 2025-04-26 19:05:35.446 UTC: 	 Command api workflow
DEBUG 2025-04-26 19:05:35.446 UTC: 	 Encoded data for curl request: subresource=search&workflow=250426_190506%3Aamalhotr_crab_DY2Mu4Jets_ScoutingTree_CombinedChain
DEBUG 2025-04-26 19:05:35.488 UTC: 	 Got information from server oracle database: {'desc': {'columns': ['tm_taskname', 'tm_activity', 'tm_task_status', 'tm_task_command', 'tm_start_time', 'tm_start_injection', 'tm_end_injection', 'tm_task_failure', 'tm_job_sw', 'tm_job_arch', 'tm_input_dataset', 'tm_nonvalid_input_dataset', 'tm_use_parent', 'tm_site_whitelist', 'tm_site_blacklist', 'tm_split_algo', 'tm_split_args', 'tm_user_sandbox', 'tm_cache_url', 'tm_username', 'tm_user_dn', 'tm_user_vo', 'tm_user_role', 'tm_user_group', 'tm_publish_name', 'tm_publish_groupname', 'tm_asyncdest', 'tm_dbs_url', 'tm_publish_dbs_url', 'tm_publication', 'tm_outfiles', 'tm_tfile_outfiles', 'tm_edm_outfiles', 'tm_job_type', 'tm_generator', 'tm_events_per_lumi', 'tm_arguments', 'tm_save_logs', 'tw_name', 'tm_user_infiles', 'tm_maxjobruntime', 'tm_numcores', 'tm_maxmemory', 'tm_priority', 'tm_output_dataset', 'tm_task_warnings', 'tm_user_webdir', 'tm_scriptexe', 'tm_scriptargs', 'tm_extrajdl', 'tm_collector', 'tm_schedd', 'tm_dry_run', 'tm_user_files', 'tm_transfer_outputs', 'tm_output_lfn', 'tm_ignore_locality', 'tm_fail_limit', 'tm_one_event_mode', 'tm_secondary_input_dataset', 'tm_primary_dataset', 'tm_last_publication', 'tm_debug_files', 'clusterid', 'tm_ignore_global_blacklist', 'tm_submitter_ip_addr', 'tm_totalunits', 'tm_ddm_reqid', 'tm_user_config', 'tm_transfer_container', 'tm_transfer_rule', 'tm_publish_rule', 'tm_multipub_rule', 'tm_job_min_microarch', 'tm_dagman_status', 'tm_num_jobs', 'tm_uploaded']}, 'result': ['250426_190506:amalhotr_crab_DY2Mu4Jets_ScoutingTree_CombinedChain', 'None', 'NEW', 'SUBMIT', '2025-04-26 19:05:06.544040', 'None', 'None', 'None', 'CMSSW_14_0_18_patch1', 'el9_amd64_gcc12', '/DYto2Mu-4Jets_Bin-MLL-50_TuneCP5_13p6TeV_madgraphMLM-pythia8/RunIII2024Summer24MiniAOD-140X_mcRun3_2024_realistic_v26-v2/MINIAODSIM', 'T', '0', '[]', '[]', 'FileBased', "{'halt_job_on_file_boundaries': False, 'splitOnRun': False, 'files_per_job': 1, 'runs': [], 'lumis': []}", '6e4fa1022f7a6b5bf7da1d5a21f271a5bf0e8ae8b93ea2c620192040c65aa378.tar.gz', 'https://cmsweb.cern.ch/S3/crabcache_prod', 'amalhotr', '/DC=ch/DC=cern/OU=Organic Units/OU=Users/CN=amalhotr/CN=884837/CN=Aryan Malhotra', 'cms', 'None', 'None', 'DY2Mu4Jets_ScoutingTree_CombinedChain-00000000000000000000000000000000', 'F', 'T3_CH_CERNBOX', 'https://cmsweb.cern.ch/dbs/prod/global/DBSReader', 'https://cmsweb.cern.ch/dbs/prod/phys03/DBSWriter', 'F', '[]', "['DY2M_ScoutingTree_Output.root']", '[]', 'Analysis', 'pythia', 'None', '{}', 'T', 'NotKnownYet', '[]', '1250', '1', '2000', '10', 'None', '[]', 'None', 'None', '[]', '[]', 'cmsgwms-collector-global.cern.ch:9620,cmsgwms-collector-global.fnal.gov:9620', 'None', 'F', '[]', 'T', '/store/user/amalhotr/DY2Mu4Jets_ScoutingTree/', 'F', 'None', 'F', 'None', 'DYto2Mu-4Jets_Bin-MLL-50_TuneCP5_13p6TeV_madgraphMLM-pythia8', 'None', 'afba223fe6306ffddb5fb63d6cd4aa9fffde65aa207def45967aa2df64721a23.tar.gz', 'None', 'F', '188.185.22.29', '2.0', 'None', '{"partialdataset": false, "requireaccelerator": false, "acceleratorparams": null, "inputblocks": null}', 'None', 'None', 'None', 'None', 'any', 'NOT_READY', '0', 'F']}
INFO 2025-04-26 19:05:35.488 UTC: 	 CRAB project directory:		/afs/cern.ch/user/a/amalhotr/CMSSW_14_0_18_patch1/src/Run3ScoutingAnalysisTools/crab_DY2Mu4Jets_ScoutingTree_CombinedChain
INFO 2025-04-26 19:05:35.488 UTC: 	 Task name:			250426_190506:amalhotr_crab_DY2Mu4Jets_ScoutingTree_CombinedChain
INFO 2025-04-26 19:05:35.488 UTC: 	 Grid scheduler - Task Worker:	N/A yet - NotKnownYet
INFO 2025-04-26 19:05:35.488 UTC: 	 Status on the CRAB server:	NEW on command SUBMIT
INFO 2025-04-26 19:05:35.488 UTC: 	 Task URL to use for HELP:	https://cmsweb.cern.ch/crabserver/ui/task/250426_190506%3Aamalhotr_crab_DY2Mu4Jets_ScoutingTree_CombinedChain
INFO 2025-04-26 19:05:35.496 UTC: 	 Dashboard monitoring URL:	https://monit-grafana.cern.ch/d/cmsTMDetail/cms-task-monitoring-task-view?orgId=11&var-user=amalhotr&var-task=250426_190506%3Aamalhotr_crab_DY2Mu4Jets_ScoutingTree_CombinedChain&from=1745690706000&to=now
DEBUG 2025-04-26 19:05:35.496 UTC: 	 The task has not been submitted to the Grid scheduler yet. Not printing job information.
INFO 2025-04-26 19:05:35.497 UTC: 	 Log file is /afs/cern.ch/user/a/amalhotr/CMSSW_14_0_18_patch1/src/Run3ScoutingAnalysisTools/crab_DY2Mu4Jets_ScoutingTree_CombinedChain/crab.log
DEBUG 2025-04-26 19:06:30.727 UTC: 	 CRAB Client version: v3.250409
DEBUG 2025-04-26 19:06:30.727 UTC: 	 Running on: Linux lxplus901.cern.ch 5.14.0-503.34.1.el9_5.x86_64 #1 SMP PREEMPT_DYNAMIC Mon Mar 17 21:49:47 EDT 2025 x86_64 x86_64 x86_64 GNU/Linux
DEBUG 2025-04-26 19:06:30.727 UTC: 	 Not using Singularity
DEBUG 2025-04-26 19:06:30.727 UTC: 	 Operating System: Red Hat Enterprise Linux 9.5 (Plow)
DEBUG 2025-04-26 19:06:30.727 UTC: 	 Executing command: 'status'
DEBUG 2025-04-26 19:06:30.728 UTC: 	 Found CRAB cache file /afs/cern.ch/user/a/amalhotr/.crab3
DEBUG 2025-04-26 19:06:30.732 UTC: 	 Checking credentials
DEBUG 2025-04-26 19:06:30.732 UTC: 	 Found proxy file /tmp/x509up_u180451
DEBUG 2025-04-26 19:06:30.732 UTC: 	 Making sure it has proper VOMS extension
DEBUG 2025-04-26 19:06:30.732 UTC: 	 Executing command :
 voms-proxy-info --vo --file /tmp/x509up_u180451
DEBUG 2025-04-26 19:06:31.106 UTC: 	 output : cms

 error: 
 retcode : 0
DEBUG 2025-04-26 19:06:31.107 UTC: 	 Getting proxy life time left
DEBUG 2025-04-26 19:06:31.107 UTC: 	 Executing command :
 voms-proxy-info --actimeleft --timeleft --file /tmp/x509up_u180451
DEBUG 2025-04-26 19:06:31.467 UTC: 	 output : 683472
683472

 error: 
 retcode : 0
DEBUG 2025-04-26 19:06:31.467 UTC: 	 Proxy valid for 189:51:12 hours
DEBUG 2025-04-26 19:06:31.467 UTC: 	 Encoded data for curl request: subresource=delegatedn
DEBUG 2025-04-26 19:06:31.506 UTC: 	 Registering user credentials on myproxy for /DC=ch/DC=cern/OU=computers/CN=crab-(preprod|prod)-tw(01|02).cern.ch|/DC=ch/DC=cern/OU=computers/CN=crab-dev-tw(01|02|03|04).cern.ch|/DC=ch/DC=cern/OU=Organic Units/OU=Users/CN=cmscrab/CN=(817881|373708)/CN=Robot: cms crab|/DC=ch/DC=cern/OU=Organic Units/OU=Users/CN=crabint1/CN=373708/CN=Robot: CMS CRAB Integration 1
DEBUG 2025-04-26 19:06:31.506 UTC: 	 Executing command :
 voms-proxy-info --identity --file /tmp/x509up_u180451
DEBUG 2025-04-26 19:06:31.876 UTC: 	 output : /DC=ch/DC=cern/OU=Organic Units/OU=Users/CN=amalhotr/CN=884837/CN=Aryan Malhotra

 error: 
 retcode : 0
DEBUG 2025-04-26 19:06:31.877 UTC: 	 Getting myproxy life time left for 2382a3cf28fdeacb1de9b039908761ea517a5ed6
DEBUG 2025-04-26 19:06:31.877 UTC: 	 Executing command :
 myproxy-info -s myproxy.cern.ch -l 2382a3cf28fdeacb1de9b039908761ea517a5ed6
DEBUG 2025-04-26 19:06:32.258 UTC: 	 output : username: 2382a3cf28fdeacb1de9b039908761ea517a5ed6
owner: /DC=ch/DC=cern/OU=Organic Units/OU=Users/CN=amalhotr/CN=884837/CN=Aryan Malhotra
  renewal policy: /DC=ch/DC=cern/OU=computers/CN=crab-(preprod|prod)-tw(01|02).cern.ch|/DC=ch/DC=cern/OU=computers/CN=crab-dev-tw(01|02|03|04).cern.ch|/DC=ch/DC=cern/OU=Organic Units/OU=Users/CN=cmscrab/CN=(817881|373708)/CN=Robot: cms crab|/DC=ch/DC=cern/OU=Organic Units/OU=Users/CN=crabint1/CN=373708/CN=Robot: CMS CRAB Integration 1
  trusted retrieval policy: /DC=ch/DC=cern/OU=computers/CN=crab-(preprod|prod)-tw(01|02).cern.ch|/DC=ch/DC=cern/OU=computers/CN=crab-dev-tw(01|02|03|04).cern.ch|/DC=ch/DC=cern/OU=Organic Units/OU=Users/CN=cmscrab/CN=(817881|373708)/CN=Robot: cms crab|/DC=ch/DC=cern/OU=Organic Units/OU=Users/CN=crabint1/CN=373708/CN=Robot: CMS CRAB Integration 1
  timeleft: 466:46:03  (19.4 days)

 error: 
 retcode : 0
DEBUG 2025-04-26 19:06:32.258 UTC: 	 Myproxy is valid: 1680360
DEBUG 2025-04-26 19:06:32.258 UTC: 	 Result of myproxy credential check:
  Credential exists on myproxy: username: 2382a3cf28fdeacb1de9b039908761ea517a5ed6  - validity: 19 days, 10:46:00
DEBUG 2025-04-26 19:06:32.258 UTC: 	 Retrieving username ...
DEBUG 2025-04-26 19:06:32.258 UTC: 	 Retrieving username from CRIC...
DEBUG 2025-04-26 19:06:32.988 UTC: 	 username is amalhotr
INFO 2025-04-26 19:06:33.600 UTC: 	 Rucio client intialized for account amalhotr
DEBUG 2025-04-26 19:06:33.600 UTC: 	 Command use: status
DEBUG 2025-04-26 19:06:33.600 UTC: 	 Options use: ['-d', './crab_DY2Mu4Jets_ScoutingTree_CombinedChain']
DEBUG 2025-04-26 19:06:33.600 UTC: 	 Encoded data for curl request: subresource=version
DEBUG 2025-04-26 19:06:33.645 UTC: 	 CRABClient version: v3.250409
DEBUG 2025-04-26 19:06:33.645 UTC: 	 Instance is prod
DEBUG 2025-04-26 19:06:33.646 UTC: 	 Server base url is cmsweb.cern.ch
DEBUG 2025-04-26 19:06:33.646 UTC: 	 Command api workflow
DEBUG 2025-04-26 19:06:33.646 UTC: 	 Encoded data for curl request: subresource=search&workflow=250426_190506%3Aamalhotr_crab_DY2Mu4Jets_ScoutingTree_CombinedChain
DEBUG 2025-04-26 19:06:33.694 UTC: 	 Got information from server oracle database: {'desc': {'columns': ['tm_taskname', 'tm_activity', 'tm_task_status', 'tm_task_command', 'tm_start_time', 'tm_start_injection', 'tm_end_injection', 'tm_task_failure', 'tm_job_sw', 'tm_job_arch', 'tm_input_dataset', 'tm_nonvalid_input_dataset', 'tm_use_parent', 'tm_site_whitelist', 'tm_site_blacklist', 'tm_split_algo', 'tm_split_args', 'tm_user_sandbox', 'tm_cache_url', 'tm_username', 'tm_user_dn', 'tm_user_vo', 'tm_user_role', 'tm_user_group', 'tm_publish_name', 'tm_publish_groupname', 'tm_asyncdest', 'tm_dbs_url', 'tm_publish_dbs_url', 'tm_publication', 'tm_outfiles', 'tm_tfile_outfiles', 'tm_edm_outfiles', 'tm_job_type', 'tm_generator', 'tm_events_per_lumi', 'tm_arguments', 'tm_save_logs', 'tw_name', 'tm_user_infiles', 'tm_maxjobruntime', 'tm_numcores', 'tm_maxmemory', 'tm_priority', 'tm_output_dataset', 'tm_task_warnings', 'tm_user_webdir', 'tm_scriptexe', 'tm_scriptargs', 'tm_extrajdl', 'tm_collector', 'tm_schedd', 'tm_dry_run', 'tm_user_files', 'tm_transfer_outputs', 'tm_output_lfn', 'tm_ignore_locality', 'tm_fail_limit', 'tm_one_event_mode', 'tm_secondary_input_dataset', 'tm_primary_dataset', 'tm_last_publication', 'tm_debug_files', 'clusterid', 'tm_ignore_global_blacklist', 'tm_submitter_ip_addr', 'tm_totalunits', 'tm_ddm_reqid', 'tm_user_config', 'tm_transfer_container', 'tm_transfer_rule', 'tm_publish_rule', 'tm_multipub_rule', 'tm_job_min_microarch', 'tm_dagman_status', 'tm_num_jobs', 'tm_uploaded']}, 'result': ['250426_190506:amalhotr_crab_DY2Mu4Jets_ScoutingTree_CombinedChain', 'None', 'SUBMITTED', 'SUBMIT', '2025-04-26 19:05:06.544040', 'None', '2025-04-26 19:06:29.993036', 'None', 'CMSSW_14_0_18_patch1', 'el9_amd64_gcc12', '/DYto2Mu-4Jets_Bin-MLL-50_TuneCP5_13p6TeV_madgraphMLM-pythia8/RunIII2024Summer24MiniAOD-140X_mcRun3_2024_realistic_v26-v2/MINIAODSIM', 'T', '0', '[]', '[]', 'FileBased', "{'halt_job_on_file_boundaries': False, 'splitOnRun': False, 'files_per_job': 1, 'runs': [], 'lumis': []}", '6e4fa1022f7a6b5bf7da1d5a21f271a5bf0e8ae8b93ea2c620192040c65aa378.tar.gz', 'https://cmsweb.cern.ch/S3/crabcache_prod', 'amalhotr', '/DC=ch/DC=cern/OU=Organic Units/OU=Users/CN=amalhotr/CN=884837/CN=Aryan Malhotra', 'cms', 'None', 'None', 'DY2Mu4Jets_ScoutingTree_CombinedChain-00000000000000000000000000000000', 'F', 'T3_CH_CERNBOX', 'https://cmsweb.cern.ch/dbs/prod/global/DBSReader', 'https://cmsweb.cern.ch/dbs/prod/phys03/DBSWriter', 'F', '[]', "['DY2M_ScoutingTree_Output.root']", '[]', 'Analysis', 'pythia', 'None', '{}', 'T', 'crab-prod-tw01', '[]', '1250', '1', '2000', '10', 'None', '["The input dataset /DYto2Mu-4Jets_Bin-MLL-50_TuneCP5_13p6TeV_madgraphMLM-pythia8/RunIII2024Summer24MiniAOD-140X_mcRun3_2024_realistic_v26-v2/MINIAODSIM is not \'VALID\' but \'INVALID\'. CRAB will check if there are any valid files in the dataset and run only over those files."]', 'None', 'None', '[]', '[]', 'cmsgwms-collector-global.cern.ch:9620,cmsgwms-collector-global.fnal.gov:9620', 'crab3@vocms0120.cern.ch', 'F', '[]', 'T', '/store/user/amalhotr/DY2Mu4Jets_ScoutingTree/', 'F', 'None', 'F', 'None', 'DYto2Mu-4Jets_Bin-MLL-50_TuneCP5_13p6TeV_madgraphMLM-pythia8', 'None', 'afba223fe6306ffddb5fb63d6cd4aa9fffde65aa207def45967aa2df64721a23.tar.gz', '122472659', 'F', '188.185.22.29', '2.0', 'None', '{"partialdataset": false, "requireaccelerator": false, "acceleratorparams": null, "inputblocks": null}', 'None', 'None', 'None', 'None', 'any', 'NOT_READY', '2', 'F']}
INFO 2025-04-26 19:06:33.694 UTC: 	 CRAB project directory:		/afs/cern.ch/user/a/amalhotr/CMSSW_14_0_18_patch1/src/Run3ScoutingAnalysisTools/crab_DY2Mu4Jets_ScoutingTree_CombinedChain
INFO 2025-04-26 19:06:33.694 UTC: 	 Task name:			250426_190506:amalhotr_crab_DY2Mu4Jets_ScoutingTree_CombinedChain
INFO 2025-04-26 19:06:33.694 UTC: 	 Grid scheduler - Task Worker:	crab3@vocms0120.cern.ch - crab-prod-tw01
INFO 2025-04-26 19:06:33.694 UTC: 	 Status on the CRAB server:	SUBMITTED
INFO 2025-04-26 19:06:33.694 UTC: 	 Task URL to use for HELP:	https://cmsweb.cern.ch/crabserver/ui/task/250426_190506%3Aamalhotr_crab_DY2Mu4Jets_ScoutingTree_CombinedChain
INFO 2025-04-26 19:06:33.701 UTC: 	 Dashboard monitoring URL:	https://monit-grafana.cern.ch/d/cmsTMDetail/cms-task-monitoring-task-view?orgId=11&var-user=amalhotr&var-task=250426_190506%3Aamalhotr_crab_DY2Mu4Jets_ScoutingTree_CombinedChain&from=1745690706000&to=now
WARNING 2025-04-26 19:06:33.701 UTC: 	 Warning:			The input dataset /DYto2Mu-4Jets_Bin-MLL-50_TuneCP5_13p6TeV_madgraphMLM-pythia8/RunIII2024Summer24MiniAOD-140X_mcRun3_2024_realistic_v26-v2/MINIAODSIM is not 'VALID' but 'INVALID'. CRAB will check if there are any valid files in the dataset and run only over those files.
DEBUG 2025-04-26 19:06:33.701 UTC: 	 The CRAB server submitted your task to the Grid scheduler (cluster ID: 122472659)
INFO 2025-04-26 19:06:33.701 UTC: 	 Waiting for the Grid scheduler to bootstrap your task
DEBUG 2025-04-26 19:06:33.701 UTC: 	 Schedd has not reported back the webdir (yet)
INFO 2025-04-26 19:06:33.702 UTC: 	 Log file is /afs/cern.ch/user/a/amalhotr/CMSSW_14_0_18_patch1/src/Run3ScoutingAnalysisTools/crab_DY2Mu4Jets_ScoutingTree_CombinedChain/crab.log
DEBUG 2025-04-26 19:07:45.187 UTC: 	 CRAB Client version: v3.250409
DEBUG 2025-04-26 19:07:45.187 UTC: 	 Running on: Linux lxplus901.cern.ch 5.14.0-503.34.1.el9_5.x86_64 #1 SMP PREEMPT_DYNAMIC Mon Mar 17 21:49:47 EDT 2025 x86_64 x86_64 x86_64 GNU/Linux
DEBUG 2025-04-26 19:07:45.187 UTC: 	 Not using Singularity
DEBUG 2025-04-26 19:07:45.187 UTC: 	 Operating System: Red Hat Enterprise Linux 9.5 (Plow)
DEBUG 2025-04-26 19:07:45.187 UTC: 	 Executing command: 'getlog'
DEBUG 2025-04-26 19:07:45.187 UTC: 	 Found CRAB cache file /afs/cern.ch/user/a/amalhotr/.crab3
DEBUG 2025-04-26 19:07:45.188 UTC: 	 Using VO group '' and VO role 'NULL' as written in the request cache file for this task.
DEBUG 2025-04-26 19:07:45.191 UTC: 	 Checking credentials
DEBUG 2025-04-26 19:07:45.191 UTC: 	 Found proxy file /tmp/x509up_u180451
DEBUG 2025-04-26 19:07:45.191 UTC: 	 Making sure it has proper VOMS extension
DEBUG 2025-04-26 19:07:45.192 UTC: 	 Executing command :
 voms-proxy-info --vo --file /tmp/x509up_u180451
DEBUG 2025-04-26 19:07:45.608 UTC: 	 output : cms

 error: 
 retcode : 0
DEBUG 2025-04-26 19:07:45.608 UTC: 	 Getting proxy life time left
DEBUG 2025-04-26 19:07:45.608 UTC: 	 Executing command :
 voms-proxy-info --actimeleft --timeleft --file /tmp/x509up_u180451
DEBUG 2025-04-26 19:07:45.990 UTC: 	 output : 683398
683398

 error: 
 retcode : 0
DEBUG 2025-04-26 19:07:45.991 UTC: 	 Proxy valid for 189:49:58 hours
DEBUG 2025-04-26 19:07:45.991 UTC: 	 Encoded data for curl request: subresource=delegatedn
DEBUG 2025-04-26 19:07:46.043 UTC: 	 Registering user credentials on myproxy for /DC=ch/DC=cern/OU=computers/CN=crab-(preprod|prod)-tw(01|02).cern.ch|/DC=ch/DC=cern/OU=computers/CN=crab-dev-tw(01|02|03|04).cern.ch|/DC=ch/DC=cern/OU=Organic Units/OU=Users/CN=cmscrab/CN=(817881|373708)/CN=Robot: cms crab|/DC=ch/DC=cern/OU=Organic Units/OU=Users/CN=crabint1/CN=373708/CN=Robot: CMS CRAB Integration 1
DEBUG 2025-04-26 19:07:46.043 UTC: 	 Executing command :
 voms-proxy-info --identity --file /tmp/x509up_u180451
DEBUG 2025-04-26 19:07:46.424 UTC: 	 output : /DC=ch/DC=cern/OU=Organic Units/OU=Users/CN=amalhotr/CN=884837/CN=Aryan Malhotra

 error: 
 retcode : 0
DEBUG 2025-04-26 19:07:46.425 UTC: 	 Getting myproxy life time left for 2382a3cf28fdeacb1de9b039908761ea517a5ed6
DEBUG 2025-04-26 19:07:46.425 UTC: 	 Executing command :
 myproxy-info -s myproxy.cern.ch -l 2382a3cf28fdeacb1de9b039908761ea517a5ed6
DEBUG 2025-04-26 19:07:46.741 UTC: 	 output : username: 2382a3cf28fdeacb1de9b039908761ea517a5ed6
owner: /DC=ch/DC=cern/OU=Organic Units/OU=Users/CN=amalhotr/CN=884837/CN=Aryan Malhotra
  renewal policy: /DC=ch/DC=cern/OU=computers/CN=crab-(preprod|prod)-tw(01|02).cern.ch|/DC=ch/DC=cern/OU=computers/CN=crab-dev-tw(01|02|03|04).cern.ch|/DC=ch/DC=cern/OU=Organic Units/OU=Users/CN=cmscrab/CN=(817881|373708)/CN=Robot: cms crab|/DC=ch/DC=cern/OU=Organic Units/OU=Users/CN=crabint1/CN=373708/CN=Robot: CMS CRAB Integration 1
  trusted retrieval policy: /DC=ch/DC=cern/OU=computers/CN=crab-(preprod|prod)-tw(01|02).cern.ch|/DC=ch/DC=cern/OU=computers/CN=crab-dev-tw(01|02|03|04).cern.ch|/DC=ch/DC=cern/OU=Organic Units/OU=Users/CN=cmscrab/CN=(817881|373708)/CN=Robot: cms crab|/DC=ch/DC=cern/OU=Organic Units/OU=Users/CN=crabint1/CN=373708/CN=Robot: CMS CRAB Integration 1
  timeleft: 466:44:49  (19.4 days)

 error: 
 retcode : 0
DEBUG 2025-04-26 19:07:46.741 UTC: 	 Myproxy is valid: 1680240
DEBUG 2025-04-26 19:07:46.741 UTC: 	 Result of myproxy credential check:
  Credential exists on myproxy: username: 2382a3cf28fdeacb1de9b039908761ea517a5ed6  - validity: 19 days, 10:44:00
DEBUG 2025-04-26 19:07:46.742 UTC: 	 Command use: getlog
DEBUG 2025-04-26 19:07:46.742 UTC: 	 Options use: ['--short', '-d', './crab_DY2Mu4Jets_ScoutingTree_CombinedChain', '--jobids', '1']
DEBUG 2025-04-26 19:07:46.742 UTC: 	 Encoded data for curl request: subresource=version
DEBUG 2025-04-26 19:07:46.781 UTC: 	 CRABClient version: v3.250409
DEBUG 2025-04-26 19:07:46.781 UTC: 	 Instance is prod
DEBUG 2025-04-26 19:07:46.781 UTC: 	 Server base url is cmsweb.cern.ch
DEBUG 2025-04-26 19:07:46.781 UTC: 	 Command api workflow
DEBUG 2025-04-26 19:07:46.781 UTC: 	 Encoded data for curl request: subresource=webdirprx&workflow=250426_190506%3Aamalhotr_crab_DY2Mu4Jets_ScoutingTree_CombinedChain
DEBUG 2025-04-26 19:07:46.821 UTC: 	 Encoded data for curl request: subresource=search&workflow=250426_190506%3Aamalhotr_crab_DY2Mu4Jets_ScoutingTree_CombinedChain
INFO 2025-04-26 19:07:46.874 UTC: 	 Setting the destination to /afs/cern.ch/user/a/amalhotr/CMSSW_14_0_18_patch1/src/Run3ScoutingAnalysisTools/crab_DY2Mu4Jets_ScoutingTree_CombinedChain/results 
INFO 2025-04-26 19:07:46.874 UTC: 	 Retrieving...
DEBUG 2025-04-26 19:07:46.875 UTC: 	 Will execute:
curl -sS --capath /etc/grid-security/certificates --cert /tmp/x509up_u180451 --key /tmp/x509up_u180451 -o /afs/cern.ch/user/a/amalhotr/CMSSW_14_0_18_patch1/src/Run3ScoutingAnalysisTools/crab_DY2Mu4Jets_ScoutingTree_CombinedChain/results/job_out.1.0.txt -w %"{http_code}" "https://cmsweb.cern.ch:8443/scheddmon/0120/amalhotr/250426_190506:amalhotr_crab_DY2Mu4Jets_ScoutingTree_CombinedChain/job_out.1.0.txt"
DEBUG 2025-04-26 19:07:46.875 UTC: 	 Executing command :
 curl -sS --capath /etc/grid-security/certificates --cert /tmp/x509up_u180451 --key /tmp/x509up_u180451 -o /afs/cern.ch/user/a/amalhotr/CMSSW_14_0_18_patch1/src/Run3ScoutingAnalysisTools/crab_DY2Mu4Jets_ScoutingTree_CombinedChain/results/job_out.1.0.txt -w %"{http_code}" "https://cmsweb.cern.ch:8443/scheddmon/0120/amalhotr/250426_190506:amalhotr_crab_DY2Mu4Jets_ScoutingTree_CombinedChain/job_out.1.0.txt"
DEBUG 2025-04-26 19:07:46.916 UTC: 	 output : 200
 error: 
 retcode : 0
DEBUG 2025-04-26 19:07:46.916 UTC: 	 exitcode: 0
stdout: 200
stderr: 
error details: 
INFO 2025-04-26 19:07:46.916 UTC: 	 Retrieved job_out.1.0.txt
DEBUG 2025-04-26 19:07:46.916 UTC: 	 Will execute:
curl -sS --capath /etc/grid-security/certificates --cert /tmp/x509up_u180451 --key /tmp/x509up_u180451 -o /afs/cern.ch/user/a/amalhotr/CMSSW_14_0_18_patch1/src/Run3ScoutingAnalysisTools/crab_DY2Mu4Jets_ScoutingTree_CombinedChain/results/job_out.1.1.txt -w %"{http_code}" "https://cmsweb.cern.ch:8443/scheddmon/0120/amalhotr/250426_190506:amalhotr_crab_DY2Mu4Jets_ScoutingTree_CombinedChain/job_out.1.1.txt"
DEBUG 2025-04-26 19:07:46.916 UTC: 	 Executing command :
 curl -sS --capath /etc/grid-security/certificates --cert /tmp/x509up_u180451 --key /tmp/x509up_u180451 -o /afs/cern.ch/user/a/amalhotr/CMSSW_14_0_18_patch1/src/Run3ScoutingAnalysisTools/crab_DY2Mu4Jets_ScoutingTree_CombinedChain/results/job_out.1.1.txt -w %"{http_code}" "https://cmsweb.cern.ch:8443/scheddmon/0120/amalhotr/250426_190506:amalhotr_crab_DY2Mu4Jets_ScoutingTree_CombinedChain/job_out.1.1.txt"
DEBUG 2025-04-26 19:07:46.956 UTC: 	 output : 404
 error: 
 retcode : 0
DEBUG 2025-04-26 19:07:46.961 UTC: 	 exitcode: 0
stdout: 404
stderr: 
error details: <!DOCTYPE HTML PUBLIC "-//IETF//DTD HTML 2.0//EN">
<html><head>
<title>404 Not Found</title>
</head><body>
<h1>Not Found</h1>
<p>The requested URL was not found on this server.</p>
<hr>
<address>Apache/2.4.62 (AlmaLinux) Server at vocms0120.cern.ch Port 80</address>
</body></html>

INFO 2025-04-26 19:07:46.961 UTC: 	 Success: All files successfully retrieved.
INFO 2025-04-26 19:07:46.962 UTC: 	 Log file is /afs/cern.ch/user/a/amalhotr/CMSSW_14_0_18_patch1/src/Run3ScoutingAnalysisTools/crab_DY2Mu4Jets_ScoutingTree_CombinedChain/crab.log
DEBUG 2025-04-26 19:09:23.838 UTC: 	 CRAB Client version: v3.250409
DEBUG 2025-04-26 19:09:23.838 UTC: 	 Running on: Linux lxplus901.cern.ch 5.14.0-503.34.1.el9_5.x86_64 #1 SMP PREEMPT_DYNAMIC Mon Mar 17 21:49:47 EDT 2025 x86_64 x86_64 x86_64 GNU/Linux
DEBUG 2025-04-26 19:09:23.838 UTC: 	 Not using Singularity
DEBUG 2025-04-26 19:09:23.838 UTC: 	 Operating System: Red Hat Enterprise Linux 9.5 (Plow)
DEBUG 2025-04-26 19:09:23.838 UTC: 	 Executing command: 'status'
DEBUG 2025-04-26 19:09:23.838 UTC: 	 Found CRAB cache file /afs/cern.ch/user/a/amalhotr/.crab3
DEBUG 2025-04-26 19:09:23.843 UTC: 	 Checking credentials
DEBUG 2025-04-26 19:09:23.843 UTC: 	 Found proxy file /tmp/x509up_u180451
DEBUG 2025-04-26 19:09:23.843 UTC: 	 Making sure it has proper VOMS extension
DEBUG 2025-04-26 19:09:23.843 UTC: 	 Executing command :
 voms-proxy-info --vo --file /tmp/x509up_u180451
DEBUG 2025-04-26 19:09:24.227 UTC: 	 output : cms

 error: 
 retcode : 0
DEBUG 2025-04-26 19:09:24.227 UTC: 	 Getting proxy life time left
DEBUG 2025-04-26 19:09:24.227 UTC: 	 Executing command :
 voms-proxy-info --actimeleft --timeleft --file /tmp/x509up_u180451
DEBUG 2025-04-26 19:09:24.586 UTC: 	 output : 683299
683299

 error: 
 retcode : 0
DEBUG 2025-04-26 19:09:24.586 UTC: 	 Proxy valid for 189:48:19 hours
DEBUG 2025-04-26 19:09:24.587 UTC: 	 Encoded data for curl request: subresource=delegatedn
DEBUG 2025-04-26 19:09:24.627 UTC: 	 Registering user credentials on myproxy for /DC=ch/DC=cern/OU=computers/CN=crab-(preprod|prod)-tw(01|02).cern.ch|/DC=ch/DC=cern/OU=computers/CN=crab-dev-tw(01|02|03|04).cern.ch|/DC=ch/DC=cern/OU=Organic Units/OU=Users/CN=cmscrab/CN=(817881|373708)/CN=Robot: cms crab|/DC=ch/DC=cern/OU=Organic Units/OU=Users/CN=crabint1/CN=373708/CN=Robot: CMS CRAB Integration 1
DEBUG 2025-04-26 19:09:24.627 UTC: 	 Executing command :
 voms-proxy-info --identity --file /tmp/x509up_u180451
DEBUG 2025-04-26 19:09:25.027 UTC: 	 output : /DC=ch/DC=cern/OU=Organic Units/OU=Users/CN=amalhotr/CN=884837/CN=Aryan Malhotra

 error: 
 retcode : 0
DEBUG 2025-04-26 19:09:25.027 UTC: 	 Getting myproxy life time left for 2382a3cf28fdeacb1de9b039908761ea517a5ed6
DEBUG 2025-04-26 19:09:25.027 UTC: 	 Executing command :
 myproxy-info -s myproxy.cern.ch -l 2382a3cf28fdeacb1de9b039908761ea517a5ed6
DEBUG 2025-04-26 19:09:25.326 UTC: 	 output : username: 2382a3cf28fdeacb1de9b039908761ea517a5ed6
owner: /DC=ch/DC=cern/OU=Organic Units/OU=Users/CN=amalhotr/CN=884837/CN=Aryan Malhotra
  renewal policy: /DC=ch/DC=cern/OU=computers/CN=crab-(preprod|prod)-tw(01|02).cern.ch|/DC=ch/DC=cern/OU=computers/CN=crab-dev-tw(01|02|03|04).cern.ch|/DC=ch/DC=cern/OU=Organic Units/OU=Users/CN=cmscrab/CN=(817881|373708)/CN=Robot: cms crab|/DC=ch/DC=cern/OU=Organic Units/OU=Users/CN=crabint1/CN=373708/CN=Robot: CMS CRAB Integration 1
  trusted retrieval policy: /DC=ch/DC=cern/OU=computers/CN=crab-(preprod|prod)-tw(01|02).cern.ch|/DC=ch/DC=cern/OU=computers/CN=crab-dev-tw(01|02|03|04).cern.ch|/DC=ch/DC=cern/OU=Organic Units/OU=Users/CN=cmscrab/CN=(817881|373708)/CN=Robot: cms crab|/DC=ch/DC=cern/OU=Organic Units/OU=Users/CN=crabint1/CN=373708/CN=Robot: CMS CRAB Integration 1
  timeleft: 466:43:10  (19.4 days)

 error: 
 retcode : 0
DEBUG 2025-04-26 19:09:25.326 UTC: 	 Myproxy is valid: 1680180
DEBUG 2025-04-26 19:09:25.326 UTC: 	 Result of myproxy credential check:
  Credential exists on myproxy: username: 2382a3cf28fdeacb1de9b039908761ea517a5ed6  - validity: 19 days, 10:43:00
DEBUG 2025-04-26 19:09:25.327 UTC: 	 Retrieving username ...
DEBUG 2025-04-26 19:09:25.327 UTC: 	 Retrieving username from CRIC...
DEBUG 2025-04-26 19:09:26.300 UTC: 	 username is amalhotr
INFO 2025-04-26 19:09:26.956 UTC: 	 Rucio client intialized for account amalhotr
DEBUG 2025-04-26 19:09:26.956 UTC: 	 Command use: status
DEBUG 2025-04-26 19:09:26.956 UTC: 	 Options use: ['-d', './crab_DY2Mu4Jets_ScoutingTree_CombinedChain']
DEBUG 2025-04-26 19:09:26.956 UTC: 	 Encoded data for curl request: subresource=version
DEBUG 2025-04-26 19:09:26.992 UTC: 	 CRABClient version: v3.250409
DEBUG 2025-04-26 19:09:26.992 UTC: 	 Instance is prod
DEBUG 2025-04-26 19:09:26.992 UTC: 	 Server base url is cmsweb.cern.ch
DEBUG 2025-04-26 19:09:26.992 UTC: 	 Command api workflow
DEBUG 2025-04-26 19:09:26.992 UTC: 	 Encoded data for curl request: subresource=search&workflow=250426_190506%3Aamalhotr_crab_DY2Mu4Jets_ScoutingTree_CombinedChain
DEBUG 2025-04-26 19:09:27.050 UTC: 	 Got information from server oracle database: {'desc': {'columns': ['tm_taskname', 'tm_activity', 'tm_task_status', 'tm_task_command', 'tm_start_time', 'tm_start_injection', 'tm_end_injection', 'tm_task_failure', 'tm_job_sw', 'tm_job_arch', 'tm_input_dataset', 'tm_nonvalid_input_dataset', 'tm_use_parent', 'tm_site_whitelist', 'tm_site_blacklist', 'tm_split_algo', 'tm_split_args', 'tm_user_sandbox', 'tm_cache_url', 'tm_username', 'tm_user_dn', 'tm_user_vo', 'tm_user_role', 'tm_user_group', 'tm_publish_name', 'tm_publish_groupname', 'tm_asyncdest', 'tm_dbs_url', 'tm_publish_dbs_url', 'tm_publication', 'tm_outfiles', 'tm_tfile_outfiles', 'tm_edm_outfiles', 'tm_job_type', 'tm_generator', 'tm_events_per_lumi', 'tm_arguments', 'tm_save_logs', 'tw_name', 'tm_user_infiles', 'tm_maxjobruntime', 'tm_numcores', 'tm_maxmemory', 'tm_priority', 'tm_output_dataset', 'tm_task_warnings', 'tm_user_webdir', 'tm_scriptexe', 'tm_scriptargs', 'tm_extrajdl', 'tm_collector', 'tm_schedd', 'tm_dry_run', 'tm_user_files', 'tm_transfer_outputs', 'tm_output_lfn', 'tm_ignore_locality', 'tm_fail_limit', 'tm_one_event_mode', 'tm_secondary_input_dataset', 'tm_primary_dataset', 'tm_last_publication', 'tm_debug_files', 'clusterid', 'tm_ignore_global_blacklist', 'tm_submitter_ip_addr', 'tm_totalunits', 'tm_ddm_reqid', 'tm_user_config', 'tm_transfer_container', 'tm_transfer_rule', 'tm_publish_rule', 'tm_multipub_rule', 'tm_job_min_microarch', 'tm_dagman_status', 'tm_num_jobs', 'tm_uploaded']}, 'result': ['250426_190506:amalhotr_crab_DY2Mu4Jets_ScoutingTree_CombinedChain', 'None', 'SUBMITTED', 'SUBMIT', '2025-04-26 19:05:06.544040', 'None', '2025-04-26 19:06:29.993036', 'None', 'CMSSW_14_0_18_patch1', 'el9_amd64_gcc12', '/DYto2Mu-4Jets_Bin-MLL-50_TuneCP5_13p6TeV_madgraphMLM-pythia8/RunIII2024Summer24MiniAOD-140X_mcRun3_2024_realistic_v26-v2/MINIAODSIM', 'T', '0', '[]', '[]', 'FileBased', "{'halt_job_on_file_boundaries': False, 'splitOnRun': False, 'files_per_job': 1, 'runs': [], 'lumis': []}", '6e4fa1022f7a6b5bf7da1d5a21f271a5bf0e8ae8b93ea2c620192040c65aa378.tar.gz', 'https://cmsweb.cern.ch/S3/crabcache_prod', 'amalhotr', '/DC=ch/DC=cern/OU=Organic Units/OU=Users/CN=amalhotr/CN=884837/CN=Aryan Malhotra', 'cms', 'None', 'None', 'DY2Mu4Jets_ScoutingTree_CombinedChain-00000000000000000000000000000000', 'F', 'T3_CH_CERNBOX', 'https://cmsweb.cern.ch/dbs/prod/global/DBSReader', 'https://cmsweb.cern.ch/dbs/prod/phys03/DBSWriter', 'F', '[]', "['DY2M_ScoutingTree_Output.root']", '[]', 'Analysis', 'pythia', 'None', '{}', 'T', 'crab-prod-tw01', '[]', '1250', '1', '2000', '10', 'None', '["The input dataset /DYto2Mu-4Jets_Bin-MLL-50_TuneCP5_13p6TeV_madgraphMLM-pythia8/RunIII2024Summer24MiniAOD-140X_mcRun3_2024_realistic_v26-v2/MINIAODSIM is not \'VALID\' but \'INVALID\'. CRAB will check if there are any valid files in the dataset and run only over those files."]', 'http://vocms0120.cern.ch/mon/amalhotr/250426_190506:amalhotr_crab_DY2Mu4Jets_ScoutingTree_CombinedChain', 'None', '[]', '[]', 'cmsgwms-collector-global.cern.ch:9620,cmsgwms-collector-global.fnal.gov:9620', 'crab3@vocms0120.cern.ch', 'F', '[]', 'T', '/store/user/amalhotr/DY2Mu4Jets_ScoutingTree/', 'F', 'None', 'F', 'None', 'DYto2Mu-4Jets_Bin-MLL-50_TuneCP5_13p6TeV_madgraphMLM-pythia8', 'None', 'afba223fe6306ffddb5fb63d6cd4aa9fffde65aa207def45967aa2df64721a23.tar.gz', '122472659', 'F', '188.185.22.29', '2.0', 'None', '{"partialdataset": false, "requireaccelerator": false, "acceleratorparams": null, "inputblocks": null}', 'None', 'None', 'None', 'None', 'any', 'RUNNING', '2', 'F']}
INFO 2025-04-26 19:09:27.051 UTC: 	 CRAB project directory:		/afs/cern.ch/user/a/amalhotr/CMSSW_14_0_18_patch1/src/Run3ScoutingAnalysisTools/crab_DY2Mu4Jets_ScoutingTree_CombinedChain
INFO 2025-04-26 19:09:27.051 UTC: 	 Task name:			250426_190506:amalhotr_crab_DY2Mu4Jets_ScoutingTree_CombinedChain
INFO 2025-04-26 19:09:27.051 UTC: 	 Grid scheduler - Task Worker:	crab3@vocms0120.cern.ch - crab-prod-tw01
INFO 2025-04-26 19:09:27.051 UTC: 	 Status on the CRAB server:	SUBMITTED
INFO 2025-04-26 19:09:27.051 UTC: 	 Task URL to use for HELP:	https://cmsweb.cern.ch/crabserver/ui/task/250426_190506%3Aamalhotr_crab_DY2Mu4Jets_ScoutingTree_CombinedChain
INFO 2025-04-26 19:09:27.058 UTC: 	 Dashboard monitoring URL:	https://monit-grafana.cern.ch/d/cmsTMDetail/cms-task-monitoring-task-view?orgId=11&var-user=amalhotr&var-task=250426_190506%3Aamalhotr_crab_DY2Mu4Jets_ScoutingTree_CombinedChain&from=1745690706000&to=now
WARNING 2025-04-26 19:09:27.058 UTC: 	 Warning:			The input dataset /DYto2Mu-4Jets_Bin-MLL-50_TuneCP5_13p6TeV_madgraphMLM-pythia8/RunIII2024Summer24MiniAOD-140X_mcRun3_2024_realistic_v26-v2/MINIAODSIM is not 'VALID' but 'INVALID'. CRAB will check if there are any valid files in the dataset and run only over those files.
DEBUG 2025-04-26 19:09:27.058 UTC: 	 The CRAB server submitted your task to the Grid scheduler (cluster ID: 122472659)
DEBUG 2025-04-26 19:09:27.058 UTC: 	 Webdir is located at http://vocms0120.cern.ch/mon/amalhotr/250426_190506:amalhotr_crab_DY2Mu4Jets_ScoutingTree_CombinedChain
DEBUG 2025-04-26 19:09:27.058 UTC: 	 Encoded data for curl request: subresource=webdirprx&workflow=250426_190506%3Aamalhotr_crab_DY2Mu4Jets_ScoutingTree_CombinedChain
DEBUG 2025-04-26 19:09:27.103 UTC: 	 Proxied webdir is located at https://cmsweb.cern.ch:8443/scheddmon/0120/amalhotr/250426_190506:amalhotr_crab_DY2Mu4Jets_ScoutingTree_CombinedChain
DEBUG 2025-04-26 19:09:27.103 UTC: 	 Retrieving 'status_cache' file from https://cmsweb.cern.ch:8443/scheddmon/0120/amalhotr/250426_190506:amalhotr_crab_DY2Mu4Jets_ScoutingTree_CombinedChain/status_cache.pkl
DEBUG 2025-04-26 19:09:27.103 UTC: 	 Will execute:
curl -sS --capath /etc/grid-security/certificates --cert /tmp/x509up_u180451 --key /tmp/x509up_u180451 -o /tmp/crab_status-cache-jfkji0rn.pkl -w %"{http_code}" "https://cmsweb.cern.ch:8443/scheddmon/0120/amalhotr/250426_190506:amalhotr_crab_DY2Mu4Jets_ScoutingTree_CombinedChain/status_cache.pkl"
DEBUG 2025-04-26 19:09:27.103 UTC: 	 Executing command :
 curl -sS --capath /etc/grid-security/certificates --cert /tmp/x509up_u180451 --key /tmp/x509up_u180451 -o /tmp/crab_status-cache-jfkji0rn.pkl -w %"{http_code}" "https://cmsweb.cern.ch:8443/scheddmon/0120/amalhotr/250426_190506:amalhotr_crab_DY2Mu4Jets_ScoutingTree_CombinedChain/status_cache.pkl"
DEBUG 2025-04-26 19:09:27.142 UTC: 	 output : 200
 error: 
 retcode : 0
DEBUG 2025-04-26 19:09:27.142 UTC: 	 exitcode: 0
stdout: 200
stderr: 
error details: 
DEBUG 2025-04-26 19:09:27.156 UTC: 	 Got information from status cache file: {'2': {'Retries': 0, 'Restarts': 0, 'SiteHistory': ['Unknown'], 'ResidentSetSize': [0], 'SubmitTimes': [1745694458.0], 'StartTimes': [], 'EndTimes': [], 'TotalUserCpuTimeHistory': [0.0], 'TotalSysCpuTimeHistory': [0.0], 'WallDurations': [0], 'JobIds': ['122472665.0'], 'State': 'unsubmitted', 'RecordedSite': False}, '1': {'Retries': 0, 'Restarts': 0, 'SiteHistory': ['Unknown'], 'ResidentSetSize': [0], 'SubmitTimes': [1745694458.0], 'StartTimes': [], 'EndTimes': [], 'TotalUserCpuTimeHistory': [0.0], 'TotalSysCpuTimeHistory': [0.0], 'WallDurations': [0], 'JobIds': ['122472666.0'], 'State': 'unsubmitted', 'RecordedSite': False}}
INFO 2025-04-26 19:09:27.156 UTC: 	 Status on the scheduler:	SUBMITTED
INFO 2025-04-26 19:09:27.156 UTC: 	 
Jobs status:                    unsubmitted  		100.0% (2/2)
INFO 2025-04-26 19:09:27.157 UTC: 	 
No publication information (publication has been disabled in the CRAB configuration file)
INFO 2025-04-26 19:09:27.162 UTC: 	 Log file is /afs/cern.ch/user/a/amalhotr/CMSSW_14_0_18_patch1/src/Run3ScoutingAnalysisTools/crab_DY2Mu4Jets_ScoutingTree_CombinedChain/crab.log
DEBUG 2025-04-26 19:10:23.534 UTC: 	 CRAB Client version: v3.250409
DEBUG 2025-04-26 19:10:23.535 UTC: 	 Running on: Linux lxplus901.cern.ch 5.14.0-503.34.1.el9_5.x86_64 #1 SMP PREEMPT_DYNAMIC Mon Mar 17 21:49:47 EDT 2025 x86_64 x86_64 x86_64 GNU/Linux
DEBUG 2025-04-26 19:10:23.535 UTC: 	 Not using Singularity
DEBUG 2025-04-26 19:10:23.535 UTC: 	 Operating System: Red Hat Enterprise Linux 9.5 (Plow)
DEBUG 2025-04-26 19:10:23.535 UTC: 	 Executing command: 'getlog'
DEBUG 2025-04-26 19:10:23.535 UTC: 	 Found CRAB cache file /afs/cern.ch/user/a/amalhotr/.crab3
DEBUG 2025-04-26 19:10:23.536 UTC: 	 Using VO group '' and VO role 'NULL' as written in the request cache file for this task.
DEBUG 2025-04-26 19:10:23.539 UTC: 	 Checking credentials
DEBUG 2025-04-26 19:10:23.539 UTC: 	 Found proxy file /tmp/x509up_u180451
DEBUG 2025-04-26 19:10:23.539 UTC: 	 Making sure it has proper VOMS extension
DEBUG 2025-04-26 19:10:23.539 UTC: 	 Executing command :
 voms-proxy-info --vo --file /tmp/x509up_u180451
DEBUG 2025-04-26 19:10:23.916 UTC: 	 output : cms

 error: 
 retcode : 0
DEBUG 2025-04-26 19:10:23.916 UTC: 	 Getting proxy life time left
DEBUG 2025-04-26 19:10:23.916 UTC: 	 Executing command :
 voms-proxy-info --actimeleft --timeleft --file /tmp/x509up_u180451
DEBUG 2025-04-26 19:10:24.286 UTC: 	 output : 683239
683239

 error: 
 retcode : 0
DEBUG 2025-04-26 19:10:24.286 UTC: 	 Proxy valid for 189:47:19 hours
DEBUG 2025-04-26 19:10:24.287 UTC: 	 Encoded data for curl request: subresource=delegatedn
DEBUG 2025-04-26 19:10:24.330 UTC: 	 Registering user credentials on myproxy for /DC=ch/DC=cern/OU=computers/CN=crab-(preprod|prod)-tw(01|02).cern.ch|/DC=ch/DC=cern/OU=computers/CN=crab-dev-tw(01|02|03|04).cern.ch|/DC=ch/DC=cern/OU=Organic Units/OU=Users/CN=cmscrab/CN=(817881|373708)/CN=Robot: cms crab|/DC=ch/DC=cern/OU=Organic Units/OU=Users/CN=crabint1/CN=373708/CN=Robot: CMS CRAB Integration 1
DEBUG 2025-04-26 19:10:24.330 UTC: 	 Executing command :
 voms-proxy-info --identity --file /tmp/x509up_u180451
DEBUG 2025-04-26 19:10:24.747 UTC: 	 output : /DC=ch/DC=cern/OU=Organic Units/OU=Users/CN=amalhotr/CN=884837/CN=Aryan Malhotra

 error: 
 retcode : 0
DEBUG 2025-04-26 19:10:24.747 UTC: 	 Getting myproxy life time left for 2382a3cf28fdeacb1de9b039908761ea517a5ed6
DEBUG 2025-04-26 19:10:24.747 UTC: 	 Executing command :
 myproxy-info -s myproxy.cern.ch -l 2382a3cf28fdeacb1de9b039908761ea517a5ed6
DEBUG 2025-04-26 19:10:25.026 UTC: 	 output : username: 2382a3cf28fdeacb1de9b039908761ea517a5ed6
owner: /DC=ch/DC=cern/OU=Organic Units/OU=Users/CN=amalhotr/CN=884837/CN=Aryan Malhotra
  renewal policy: /DC=ch/DC=cern/OU=computers/CN=crab-(preprod|prod)-tw(01|02).cern.ch|/DC=ch/DC=cern/OU=computers/CN=crab-dev-tw(01|02|03|04).cern.ch|/DC=ch/DC=cern/OU=Organic Units/OU=Users/CN=cmscrab/CN=(817881|373708)/CN=Robot: cms crab|/DC=ch/DC=cern/OU=Organic Units/OU=Users/CN=crabint1/CN=373708/CN=Robot: CMS CRAB Integration 1
  trusted retrieval policy: /DC=ch/DC=cern/OU=computers/CN=crab-(preprod|prod)-tw(01|02).cern.ch|/DC=ch/DC=cern/OU=computers/CN=crab-dev-tw(01|02|03|04).cern.ch|/DC=ch/DC=cern/OU=Organic Units/OU=Users/CN=cmscrab/CN=(817881|373708)/CN=Robot: cms crab|/DC=ch/DC=cern/OU=Organic Units/OU=Users/CN=crabint1/CN=373708/CN=Robot: CMS CRAB Integration 1
  timeleft: 466:42:10  (19.4 days)

 error: 
 retcode : 0
DEBUG 2025-04-26 19:10:25.027 UTC: 	 Myproxy is valid: 1680120
DEBUG 2025-04-26 19:10:25.027 UTC: 	 Result of myproxy credential check:
  Credential exists on myproxy: username: 2382a3cf28fdeacb1de9b039908761ea517a5ed6  - validity: 19 days, 10:42:00
DEBUG 2025-04-26 19:10:25.028 UTC: 	 Command use: getlog
DEBUG 2025-04-26 19:10:25.028 UTC: 	 Options use: ['--short', '-d', './crab_DY2Mu4Jets_ScoutingTree_CombinedChain', '--jobids', '1']
DEBUG 2025-04-26 19:10:25.028 UTC: 	 Encoded data for curl request: subresource=version
DEBUG 2025-04-26 19:10:25.072 UTC: 	 CRABClient version: v3.250409
DEBUG 2025-04-26 19:10:25.073 UTC: 	 Instance is prod
DEBUG 2025-04-26 19:10:25.073 UTC: 	 Server base url is cmsweb.cern.ch
DEBUG 2025-04-26 19:10:25.073 UTC: 	 Command api workflow
DEBUG 2025-04-26 19:10:25.073 UTC: 	 Encoded data for curl request: subresource=webdirprx&workflow=250426_190506%3Aamalhotr_crab_DY2Mu4Jets_ScoutingTree_CombinedChain
DEBUG 2025-04-26 19:10:25.117 UTC: 	 Encoded data for curl request: subresource=search&workflow=250426_190506%3Aamalhotr_crab_DY2Mu4Jets_ScoutingTree_CombinedChain
INFO 2025-04-26 19:10:25.178 UTC: 	 Setting the destination to /afs/cern.ch/user/a/amalhotr/CMSSW_14_0_18_patch1/src/Run3ScoutingAnalysisTools/crab_DY2Mu4Jets_ScoutingTree_CombinedChain/results 
INFO 2025-04-26 19:10:25.178 UTC: 	 Retrieving...
DEBUG 2025-04-26 19:10:25.178 UTC: 	 Will execute:
curl -sS --capath /etc/grid-security/certificates --cert /tmp/x509up_u180451 --key /tmp/x509up_u180451 -o /afs/cern.ch/user/a/amalhotr/CMSSW_14_0_18_patch1/src/Run3ScoutingAnalysisTools/crab_DY2Mu4Jets_ScoutingTree_CombinedChain/results/job_out.1.0.txt -w %"{http_code}" "https://cmsweb.cern.ch:8443/scheddmon/0120/amalhotr/250426_190506:amalhotr_crab_DY2Mu4Jets_ScoutingTree_CombinedChain/job_out.1.0.txt"
DEBUG 2025-04-26 19:10:25.178 UTC: 	 Executing command :
 curl -sS --capath /etc/grid-security/certificates --cert /tmp/x509up_u180451 --key /tmp/x509up_u180451 -o /afs/cern.ch/user/a/amalhotr/CMSSW_14_0_18_patch1/src/Run3ScoutingAnalysisTools/crab_DY2Mu4Jets_ScoutingTree_CombinedChain/results/job_out.1.0.txt -w %"{http_code}" "https://cmsweb.cern.ch:8443/scheddmon/0120/amalhotr/250426_190506:amalhotr_crab_DY2Mu4Jets_ScoutingTree_CombinedChain/job_out.1.0.txt"
DEBUG 2025-04-26 19:10:25.226 UTC: 	 output : 200
 error: 
 retcode : 0
DEBUG 2025-04-26 19:10:25.226 UTC: 	 exitcode: 0
stdout: 200
stderr: 
error details: 
INFO 2025-04-26 19:10:25.226 UTC: 	 Retrieved job_out.1.0.txt
DEBUG 2025-04-26 19:10:25.226 UTC: 	 Will execute:
curl -sS --capath /etc/grid-security/certificates --cert /tmp/x509up_u180451 --key /tmp/x509up_u180451 -o /afs/cern.ch/user/a/amalhotr/CMSSW_14_0_18_patch1/src/Run3ScoutingAnalysisTools/crab_DY2Mu4Jets_ScoutingTree_CombinedChain/results/job_out.1.1.txt -w %"{http_code}" "https://cmsweb.cern.ch:8443/scheddmon/0120/amalhotr/250426_190506:amalhotr_crab_DY2Mu4Jets_ScoutingTree_CombinedChain/job_out.1.1.txt"
DEBUG 2025-04-26 19:10:25.226 UTC: 	 Executing command :
 curl -sS --capath /etc/grid-security/certificates --cert /tmp/x509up_u180451 --key /tmp/x509up_u180451 -o /afs/cern.ch/user/a/amalhotr/CMSSW_14_0_18_patch1/src/Run3ScoutingAnalysisTools/crab_DY2Mu4Jets_ScoutingTree_CombinedChain/results/job_out.1.1.txt -w %"{http_code}" "https://cmsweb.cern.ch:8443/scheddmon/0120/amalhotr/250426_190506:amalhotr_crab_DY2Mu4Jets_ScoutingTree_CombinedChain/job_out.1.1.txt"
DEBUG 2025-04-26 19:10:25.264 UTC: 	 output : 404
 error: 
 retcode : 0
DEBUG 2025-04-26 19:10:25.272 UTC: 	 exitcode: 0
stdout: 404
stderr: 
error details: <!DOCTYPE HTML PUBLIC "-//IETF//DTD HTML 2.0//EN">
<html><head>
<title>404 Not Found</title>
</head><body>
<h1>Not Found</h1>
<p>The requested URL was not found on this server.</p>
<hr>
<address>Apache/2.4.62 (AlmaLinux) Server at vocms0120.cern.ch Port 80</address>
</body></html>

INFO 2025-04-26 19:10:25.272 UTC: 	 Success: All files successfully retrieved.
INFO 2025-04-26 19:10:25.273 UTC: 	 Log file is /afs/cern.ch/user/a/amalhotr/CMSSW_14_0_18_patch1/src/Run3ScoutingAnalysisTools/crab_DY2Mu4Jets_ScoutingTree_CombinedChain/crab.log
DEBUG 2025-04-27 04:28:40.118 UTC: 	 CRAB Client version: v3.250409
DEBUG 2025-04-27 04:28:40.118 UTC: 	 Running on: Linux lxplus919.cern.ch 5.14.0-503.35.1.el9_5.x86_64 #1 SMP PREEMPT_DYNAMIC Mon Mar 24 11:15:27 EDT 2025 x86_64 x86_64 x86_64 GNU/Linux
DEBUG 2025-04-27 04:28:40.118 UTC: 	 Not using Singularity
DEBUG 2025-04-27 04:28:40.118 UTC: 	 Operating System: Red Hat Enterprise Linux 9.5 (Plow)
DEBUG 2025-04-27 04:28:40.118 UTC: 	 Executing command: 'status'
DEBUG 2025-04-27 04:28:40.118 UTC: 	 Found CRAB cache file /afs/cern.ch/user/a/amalhotr/.crab3
DEBUG 2025-04-27 04:28:40.154 UTC: 	 Checking credentials
DEBUG 2025-04-27 04:28:40.154 UTC: 	 Found proxy file /tmp/x509up_u180451
DEBUG 2025-04-27 04:28:40.154 UTC: 	 Making sure it has proper VOMS extension
DEBUG 2025-04-27 04:28:40.154 UTC: 	 Executing command :
 voms-proxy-info --vo --file /tmp/x509up_u180451
DEBUG 2025-04-27 04:28:40.513 UTC: 	 output : cms

 error: 
 retcode : 0
DEBUG 2025-04-27 04:28:40.513 UTC: 	 Getting proxy life time left
DEBUG 2025-04-27 04:28:40.513 UTC: 	 Executing command :
 voms-proxy-info --actimeleft --timeleft --file /tmp/x509up_u180451
DEBUG 2025-04-27 04:28:40.864 UTC: 	 output : 691148
691148

 error: 
 retcode : 0
DEBUG 2025-04-27 04:28:40.864 UTC: 	 Proxy valid for 191:59:08 hours
DEBUG 2025-04-27 04:28:40.864 UTC: 	 Encoded data for curl request: subresource=delegatedn
DEBUG 2025-04-27 04:28:40.925 UTC: 	 Registering user credentials on myproxy for /DC=ch/DC=cern/OU=computers/CN=crab-(preprod|prod)-tw(01|02).cern.ch|/DC=ch/DC=cern/OU=computers/CN=crab-dev-tw(01|02|03|04).cern.ch|/DC=ch/DC=cern/OU=Organic Units/OU=Users/CN=cmscrab/CN=(817881|373708)/CN=Robot: cms crab|/DC=ch/DC=cern/OU=Organic Units/OU=Users/CN=crabint1/CN=373708/CN=Robot: CMS CRAB Integration 1
DEBUG 2025-04-27 04:28:40.926 UTC: 	 Executing command :
 voms-proxy-info --identity --file /tmp/x509up_u180451
DEBUG 2025-04-27 04:28:41.260 UTC: 	 output : /DC=ch/DC=cern/OU=Organic Units/OU=Users/CN=amalhotr/CN=884837/CN=Aryan Malhotra

 error: 
 retcode : 0
DEBUG 2025-04-27 04:28:41.261 UTC: 	 Getting myproxy life time left for 2382a3cf28fdeacb1de9b039908761ea517a5ed6
DEBUG 2025-04-27 04:28:41.261 UTC: 	 Executing command :
 myproxy-info -s myproxy.cern.ch -l 2382a3cf28fdeacb1de9b039908761ea517a5ed6
DEBUG 2025-04-27 04:28:41.564 UTC: 	 output : username: 2382a3cf28fdeacb1de9b039908761ea517a5ed6
owner: /DC=ch/DC=cern/OU=Organic Units/OU=Users/CN=amalhotr/CN=884837/CN=Aryan Malhotra
  renewal policy: /DC=ch/DC=cern/OU=computers/CN=crab-(preprod|prod)-tw(01|02).cern.ch|/DC=ch/DC=cern/OU=computers/CN=crab-dev-tw(01|02|03|04).cern.ch|/DC=ch/DC=cern/OU=Organic Units/OU=Users/CN=cmscrab/CN=(817881|373708)/CN=Robot: cms crab|/DC=ch/DC=cern/OU=Organic Units/OU=Users/CN=crabint1/CN=373708/CN=Robot: CMS CRAB Integration 1
  trusted retrieval policy: /DC=ch/DC=cern/OU=computers/CN=crab-(preprod|prod)-tw(01|02).cern.ch|/DC=ch/DC=cern/OU=computers/CN=crab-dev-tw(01|02|03|04).cern.ch|/DC=ch/DC=cern/OU=Organic Units/OU=Users/CN=cmscrab/CN=(817881|373708)/CN=Robot: cms crab|/DC=ch/DC=cern/OU=Organic Units/OU=Users/CN=crabint1/CN=373708/CN=Robot: CMS CRAB Integration 1
  timeleft: 457:23:54  (19.1 days)

 error: 
 retcode : 0
DEBUG 2025-04-27 04:28:41.564 UTC: 	 Myproxy is valid: 1646580
DEBUG 2025-04-27 04:28:41.564 UTC: 	 Result of myproxy credential check:
  Credential exists on myproxy: username: 2382a3cf28fdeacb1de9b039908761ea517a5ed6  - validity: 19 days, 1:23:00
DEBUG 2025-04-27 04:28:41.564 UTC: 	 Retrieving username ...
DEBUG 2025-04-27 04:28:41.564 UTC: 	 Retrieving username from CRIC...
DEBUG 2025-04-27 04:28:42.248 UTC: 	 username is amalhotr
INFO 2025-04-27 04:28:42.879 UTC: 	 Rucio client intialized for account amalhotr
DEBUG 2025-04-27 04:28:42.879 UTC: 	 Command use: status
DEBUG 2025-04-27 04:28:42.879 UTC: 	 Options use: ['-d', './crab_DY2Mu4Jets_ScoutingTree_CombinedChain']
DEBUG 2025-04-27 04:28:42.879 UTC: 	 Encoded data for curl request: subresource=version
DEBUG 2025-04-27 04:28:42.918 UTC: 	 CRABClient version: v3.250409
DEBUG 2025-04-27 04:28:42.918 UTC: 	 Instance is prod
DEBUG 2025-04-27 04:28:42.918 UTC: 	 Server base url is cmsweb.cern.ch
DEBUG 2025-04-27 04:28:42.918 UTC: 	 Command api workflow
DEBUG 2025-04-27 04:28:42.918 UTC: 	 Encoded data for curl request: subresource=search&workflow=250426_190506%3Aamalhotr_crab_DY2Mu4Jets_ScoutingTree_CombinedChain
DEBUG 2025-04-27 04:28:42.966 UTC: 	 Got information from server oracle database: {'desc': {'columns': ['tm_taskname', 'tm_activity', 'tm_task_status', 'tm_task_command', 'tm_start_time', 'tm_start_injection', 'tm_end_injection', 'tm_task_failure', 'tm_job_sw', 'tm_job_arch', 'tm_input_dataset', 'tm_nonvalid_input_dataset', 'tm_use_parent', 'tm_site_whitelist', 'tm_site_blacklist', 'tm_split_algo', 'tm_split_args', 'tm_user_sandbox', 'tm_cache_url', 'tm_username', 'tm_user_dn', 'tm_user_vo', 'tm_user_role', 'tm_user_group', 'tm_publish_name', 'tm_publish_groupname', 'tm_asyncdest', 'tm_dbs_url', 'tm_publish_dbs_url', 'tm_publication', 'tm_outfiles', 'tm_tfile_outfiles', 'tm_edm_outfiles', 'tm_job_type', 'tm_generator', 'tm_events_per_lumi', 'tm_arguments', 'tm_save_logs', 'tw_name', 'tm_user_infiles', 'tm_maxjobruntime', 'tm_numcores', 'tm_maxmemory', 'tm_priority', 'tm_output_dataset', 'tm_task_warnings', 'tm_user_webdir', 'tm_scriptexe', 'tm_scriptargs', 'tm_extrajdl', 'tm_collector', 'tm_schedd', 'tm_dry_run', 'tm_user_files', 'tm_transfer_outputs', 'tm_output_lfn', 'tm_ignore_locality', 'tm_fail_limit', 'tm_one_event_mode', 'tm_secondary_input_dataset', 'tm_primary_dataset', 'tm_last_publication', 'tm_debug_files', 'clusterid', 'tm_ignore_global_blacklist', 'tm_submitter_ip_addr', 'tm_totalunits', 'tm_ddm_reqid', 'tm_user_config', 'tm_transfer_container', 'tm_transfer_rule', 'tm_publish_rule', 'tm_multipub_rule', 'tm_job_min_microarch', 'tm_dagman_status', 'tm_num_jobs', 'tm_uploaded']}, 'result': ['250426_190506:amalhotr_crab_DY2Mu4Jets_ScoutingTree_CombinedChain', 'None', 'SUBMITTED', 'SUBMIT', '2025-04-26 19:05:06.544040', 'None', '2025-04-26 19:06:29.993036', 'None', 'CMSSW_14_0_18_patch1', 'el9_amd64_gcc12', '/DYto2Mu-4Jets_Bin-MLL-50_TuneCP5_13p6TeV_madgraphMLM-pythia8/RunIII2024Summer24MiniAOD-140X_mcRun3_2024_realistic_v26-v2/MINIAODSIM', 'T', '0', '[]', '[]', 'FileBased', "{'halt_job_on_file_boundaries': False, 'splitOnRun': False, 'files_per_job': 1, 'runs': [], 'lumis': []}", '6e4fa1022f7a6b5bf7da1d5a21f271a5bf0e8ae8b93ea2c620192040c65aa378.tar.gz', 'https://cmsweb.cern.ch/S3/crabcache_prod', 'amalhotr', '/DC=ch/DC=cern/OU=Organic Units/OU=Users/CN=amalhotr/CN=884837/CN=Aryan Malhotra', 'cms', 'None', 'None', 'DY2Mu4Jets_ScoutingTree_CombinedChain-00000000000000000000000000000000', 'F', 'T3_CH_CERNBOX', 'https://cmsweb.cern.ch/dbs/prod/global/DBSReader', 'https://cmsweb.cern.ch/dbs/prod/phys03/DBSWriter', 'F', '[]', "['DY2M_ScoutingTree_Output.root']", '[]', 'Analysis', 'pythia', 'None', '{}', 'T', 'crab-prod-tw01', '[]', '1250', '1', '2000', '10', 'None', '["The input dataset /DYto2Mu-4Jets_Bin-MLL-50_TuneCP5_13p6TeV_madgraphMLM-pythia8/RunIII2024Summer24MiniAOD-140X_mcRun3_2024_realistic_v26-v2/MINIAODSIM is not \'VALID\' but \'INVALID\'. CRAB will check if there are any valid files in the dataset and run only over those files."]', 'http://vocms0120.cern.ch/mon/amalhotr/250426_190506:amalhotr_crab_DY2Mu4Jets_ScoutingTree_CombinedChain', 'None', '[]', '[]', 'cmsgwms-collector-global.cern.ch:9620,cmsgwms-collector-global.fnal.gov:9620', 'crab3@vocms0120.cern.ch', 'F', '[]', 'T', '/store/user/amalhotr/DY2Mu4Jets_ScoutingTree/', 'F', 'None', 'F', 'None', 'DYto2Mu-4Jets_Bin-MLL-50_TuneCP5_13p6TeV_madgraphMLM-pythia8', 'None', 'afba223fe6306ffddb5fb63d6cd4aa9fffde65aa207def45967aa2df64721a23.tar.gz', '122472659', 'F', '188.185.22.29', '2.0', 'None', '{"partialdataset": false, "requireaccelerator": false, "acceleratorparams": null, "inputblocks": null}', 'None', 'None', 'None', 'None', 'any', 'RUNNING', '2', 'F']}
INFO 2025-04-27 04:28:42.967 UTC: 	 CRAB project directory:		/afs/cern.ch/user/a/amalhotr/CMSSW_14_0_18_patch1/src/Run3ScoutingAnalysisTools/crab_DY2Mu4Jets_ScoutingTree_CombinedChain
INFO 2025-04-27 04:28:42.967 UTC: 	 Task name:			250426_190506:amalhotr_crab_DY2Mu4Jets_ScoutingTree_CombinedChain
INFO 2025-04-27 04:28:42.967 UTC: 	 Grid scheduler - Task Worker:	crab3@vocms0120.cern.ch - crab-prod-tw01
INFO 2025-04-27 04:28:42.967 UTC: 	 Status on the CRAB server:	SUBMITTED
INFO 2025-04-27 04:28:42.967 UTC: 	 Task URL to use for HELP:	https://cmsweb.cern.ch/crabserver/ui/task/250426_190506%3Aamalhotr_crab_DY2Mu4Jets_ScoutingTree_CombinedChain
INFO 2025-04-27 04:28:42.976 UTC: 	 Dashboard monitoring URL:	https://monit-grafana.cern.ch/d/cmsTMDetail/cms-task-monitoring-task-view?orgId=11&var-user=amalhotr&var-task=250426_190506%3Aamalhotr_crab_DY2Mu4Jets_ScoutingTree_CombinedChain&from=1745690706000&to=now
WARNING 2025-04-27 04:28:42.976 UTC: 	 Warning:			The input dataset /DYto2Mu-4Jets_Bin-MLL-50_TuneCP5_13p6TeV_madgraphMLM-pythia8/RunIII2024Summer24MiniAOD-140X_mcRun3_2024_realistic_v26-v2/MINIAODSIM is not 'VALID' but 'INVALID'. CRAB will check if there are any valid files in the dataset and run only over those files.
DEBUG 2025-04-27 04:28:42.976 UTC: 	 The CRAB server submitted your task to the Grid scheduler (cluster ID: 122472659)
DEBUG 2025-04-27 04:28:42.976 UTC: 	 Webdir is located at http://vocms0120.cern.ch/mon/amalhotr/250426_190506:amalhotr_crab_DY2Mu4Jets_ScoutingTree_CombinedChain
DEBUG 2025-04-27 04:28:42.976 UTC: 	 Encoded data for curl request: subresource=webdirprx&workflow=250426_190506%3Aamalhotr_crab_DY2Mu4Jets_ScoutingTree_CombinedChain
DEBUG 2025-04-27 04:28:43.024 UTC: 	 Proxied webdir is located at https://cmsweb.cern.ch:8443/scheddmon/0120/amalhotr/250426_190506:amalhotr_crab_DY2Mu4Jets_ScoutingTree_CombinedChain
DEBUG 2025-04-27 04:28:43.024 UTC: 	 Retrieving 'status_cache' file from https://cmsweb.cern.ch:8443/scheddmon/0120/amalhotr/250426_190506:amalhotr_crab_DY2Mu4Jets_ScoutingTree_CombinedChain/status_cache.pkl
DEBUG 2025-04-27 04:28:43.024 UTC: 	 Will execute:
curl -sS --capath /etc/grid-security/certificates --cert /tmp/x509up_u180451 --key /tmp/x509up_u180451 -o /tmp/crab_status-cache-0doevaxs.pkl -w %"{http_code}" "https://cmsweb.cern.ch:8443/scheddmon/0120/amalhotr/250426_190506:amalhotr_crab_DY2Mu4Jets_ScoutingTree_CombinedChain/status_cache.pkl"
DEBUG 2025-04-27 04:28:43.024 UTC: 	 Executing command :
 curl -sS --capath /etc/grid-security/certificates --cert /tmp/x509up_u180451 --key /tmp/x509up_u180451 -o /tmp/crab_status-cache-0doevaxs.pkl -w %"{http_code}" "https://cmsweb.cern.ch:8443/scheddmon/0120/amalhotr/250426_190506:amalhotr_crab_DY2Mu4Jets_ScoutingTree_CombinedChain/status_cache.pkl"
DEBUG 2025-04-27 04:28:43.058 UTC: 	 output : 200
 error: 
 retcode : 0
DEBUG 2025-04-27 04:28:43.058 UTC: 	 exitcode: 0
stdout: 200
stderr: 
error details: 
DEBUG 2025-04-27 04:28:43.058 UTC: 	 Got information from status cache file: {'2': {'Retries': 0, 'Restarts': 0, 'SiteHistory': ['Unknown', 'T2_US_Vanderbilt', 'T2_US_Vanderbilt'], 'ResidentSetSize': [1275040], 'SubmitTimes': [1745694458.0], 'StartTimes': [1745694532.0], 'EndTimes': [], 'TotalUserCpuTimeHistory': [14539.0], 'TotalSysCpuTimeHistory': [15.0], 'WallDurations': [8.0, 293.16236090660095, 15938.0], 'JobIds': ['122472665.0'], 'State': 'running', 'RecordedSite': True}, '1': {'Retries': 0, 'Restarts': 0, 'SiteHistory': ['Unknown', 'T2_US_Vanderbilt', 'T2_US_Vanderbilt'], 'ResidentSetSize': [1231308], 'SubmitTimes': [1745694458.0], 'StartTimes': [1745694532.0], 'EndTimes': [], 'TotalUserCpuTimeHistory': [587.0], 'TotalSysCpuTimeHistory': [3.0], 'WallDurations': [9.0, 293.16236090660095, 909.0], 'JobIds': ['122472666.0'], 'State': 'running', 'RecordedSite': True}}
INFO 2025-04-27 04:28:43.058 UTC: 	 Status on the scheduler:	SUBMITTED
INFO 2025-04-27 04:28:43.058 UTC: 	 
Jobs status:                    running      		100.0% (2/2)
INFO 2025-04-27 04:28:43.058 UTC: 	 
No publication information (publication has been disabled in the CRAB configuration file)
INFO 2025-04-27 04:28:43.110 UTC: 	 Log file is /afs/cern.ch/user/a/amalhotr/CMSSW_14_0_18_patch1/src/Run3ScoutingAnalysisTools/crab_DY2Mu4Jets_ScoutingTree_CombinedChain/crab.log
DEBUG 2025-04-27 04:31:13.041 UTC: 	 CRAB Client version: v3.250409
DEBUG 2025-04-27 04:31:13.041 UTC: 	 Running on: Linux lxplus919.cern.ch 5.14.0-503.35.1.el9_5.x86_64 #1 SMP PREEMPT_DYNAMIC Mon Mar 24 11:15:27 EDT 2025 x86_64 x86_64 x86_64 GNU/Linux
DEBUG 2025-04-27 04:31:13.041 UTC: 	 Not using Singularity
DEBUG 2025-04-27 04:31:13.041 UTC: 	 Operating System: Red Hat Enterprise Linux 9.5 (Plow)
DEBUG 2025-04-27 04:31:13.041 UTC: 	 Executing command: 'getlog'
DEBUG 2025-04-27 04:31:13.041 UTC: 	 Found CRAB cache file /afs/cern.ch/user/a/amalhotr/.crab3
DEBUG 2025-04-27 04:31:13.042 UTC: 	 Using VO group '' and VO role 'NULL' as written in the request cache file for this task.
DEBUG 2025-04-27 04:31:13.050 UTC: 	 Checking credentials
DEBUG 2025-04-27 04:31:13.050 UTC: 	 Found proxy file /tmp/x509up_u180451
DEBUG 2025-04-27 04:31:13.050 UTC: 	 Making sure it has proper VOMS extension
DEBUG 2025-04-27 04:31:13.050 UTC: 	 Executing command :
 voms-proxy-info --vo --file /tmp/x509up_u180451
DEBUG 2025-04-27 04:31:13.422 UTC: 	 output : cms

 error: 
 retcode : 0
DEBUG 2025-04-27 04:31:13.422 UTC: 	 Getting proxy life time left
DEBUG 2025-04-27 04:31:13.422 UTC: 	 Executing command :
 voms-proxy-info --actimeleft --timeleft --file /tmp/x509up_u180451
DEBUG 2025-04-27 04:31:13.763 UTC: 	 output : 690995
690995

 error: 
 retcode : 0
DEBUG 2025-04-27 04:31:13.764 UTC: 	 Proxy valid for 191:56:35 hours
DEBUG 2025-04-27 04:31:13.764 UTC: 	 Encoded data for curl request: subresource=delegatedn
DEBUG 2025-04-27 04:31:13.813 UTC: 	 Registering user credentials on myproxy for /DC=ch/DC=cern/OU=computers/CN=crab-(preprod|prod)-tw(01|02).cern.ch|/DC=ch/DC=cern/OU=computers/CN=crab-dev-tw(01|02|03|04).cern.ch|/DC=ch/DC=cern/OU=Organic Units/OU=Users/CN=cmscrab/CN=(817881|373708)/CN=Robot: cms crab|/DC=ch/DC=cern/OU=Organic Units/OU=Users/CN=crabint1/CN=373708/CN=Robot: CMS CRAB Integration 1
DEBUG 2025-04-27 04:31:13.813 UTC: 	 Executing command :
 voms-proxy-info --identity --file /tmp/x509up_u180451
DEBUG 2025-04-27 04:31:14.172 UTC: 	 output : /DC=ch/DC=cern/OU=Organic Units/OU=Users/CN=amalhotr/CN=884837/CN=Aryan Malhotra

 error: 
 retcode : 0
DEBUG 2025-04-27 04:31:14.172 UTC: 	 Getting myproxy life time left for 2382a3cf28fdeacb1de9b039908761ea517a5ed6
DEBUG 2025-04-27 04:31:14.172 UTC: 	 Executing command :
 myproxy-info -s myproxy.cern.ch -l 2382a3cf28fdeacb1de9b039908761ea517a5ed6
DEBUG 2025-04-27 04:31:14.440 UTC: 	 output : username: 2382a3cf28fdeacb1de9b039908761ea517a5ed6
owner: /DC=ch/DC=cern/OU=Organic Units/OU=Users/CN=amalhotr/CN=884837/CN=Aryan Malhotra
  renewal policy: /DC=ch/DC=cern/OU=computers/CN=crab-(preprod|prod)-tw(01|02).cern.ch|/DC=ch/DC=cern/OU=computers/CN=crab-dev-tw(01|02|03|04).cern.ch|/DC=ch/DC=cern/OU=Organic Units/OU=Users/CN=cmscrab/CN=(817881|373708)/CN=Robot: cms crab|/DC=ch/DC=cern/OU=Organic Units/OU=Users/CN=crabint1/CN=373708/CN=Robot: CMS CRAB Integration 1
  trusted retrieval policy: /DC=ch/DC=cern/OU=computers/CN=crab-(preprod|prod)-tw(01|02).cern.ch|/DC=ch/DC=cern/OU=computers/CN=crab-dev-tw(01|02|03|04).cern.ch|/DC=ch/DC=cern/OU=Organic Units/OU=Users/CN=cmscrab/CN=(817881|373708)/CN=Robot: cms crab|/DC=ch/DC=cern/OU=Organic Units/OU=Users/CN=crabint1/CN=373708/CN=Robot: CMS CRAB Integration 1
  timeleft: 457:21:21  (19.1 days)

 error: 
 retcode : 0
DEBUG 2025-04-27 04:31:14.440 UTC: 	 Myproxy is valid: 1646460
DEBUG 2025-04-27 04:31:14.440 UTC: 	 Result of myproxy credential check:
  Credential exists on myproxy: username: 2382a3cf28fdeacb1de9b039908761ea517a5ed6  - validity: 19 days, 1:21:00
DEBUG 2025-04-27 04:31:14.441 UTC: 	 Command use: getlog
DEBUG 2025-04-27 04:31:14.441 UTC: 	 Options use: ['--short', '--jobids=1,2', '-d', './crab_DY2Mu4Jets_ScoutingTree_CombinedChain']
DEBUG 2025-04-27 04:31:14.441 UTC: 	 Encoded data for curl request: subresource=version
DEBUG 2025-04-27 04:31:14.480 UTC: 	 CRABClient version: v3.250409
DEBUG 2025-04-27 04:31:14.480 UTC: 	 Instance is prod
DEBUG 2025-04-27 04:31:14.480 UTC: 	 Server base url is cmsweb.cern.ch
DEBUG 2025-04-27 04:31:14.480 UTC: 	 Command api workflow
DEBUG 2025-04-27 04:31:14.481 UTC: 	 Encoded data for curl request: subresource=webdirprx&workflow=250426_190506%3Aamalhotr_crab_DY2Mu4Jets_ScoutingTree_CombinedChain
DEBUG 2025-04-27 04:31:14.528 UTC: 	 Encoded data for curl request: subresource=search&workflow=250426_190506%3Aamalhotr_crab_DY2Mu4Jets_ScoutingTree_CombinedChain
INFO 2025-04-27 04:31:14.574 UTC: 	 Setting the destination to /afs/cern.ch/user/a/amalhotr/CMSSW_14_0_18_patch1/src/Run3ScoutingAnalysisTools/crab_DY2Mu4Jets_ScoutingTree_CombinedChain/results 
INFO 2025-04-27 04:31:14.575 UTC: 	 Retrieving...
DEBUG 2025-04-27 04:31:14.575 UTC: 	 Will execute:
curl -sS --capath /etc/grid-security/certificates --cert /tmp/x509up_u180451 --key /tmp/x509up_u180451 -o /afs/cern.ch/user/a/amalhotr/CMSSW_14_0_18_patch1/src/Run3ScoutingAnalysisTools/crab_DY2Mu4Jets_ScoutingTree_CombinedChain/results/job_out.1.0.txt -w %"{http_code}" "https://cmsweb.cern.ch:8443/scheddmon/0120/amalhotr/250426_190506:amalhotr_crab_DY2Mu4Jets_ScoutingTree_CombinedChain/job_out.1.0.txt"
DEBUG 2025-04-27 04:31:14.575 UTC: 	 Executing command :
 curl -sS --capath /etc/grid-security/certificates --cert /tmp/x509up_u180451 --key /tmp/x509up_u180451 -o /afs/cern.ch/user/a/amalhotr/CMSSW_14_0_18_patch1/src/Run3ScoutingAnalysisTools/crab_DY2Mu4Jets_ScoutingTree_CombinedChain/results/job_out.1.0.txt -w %"{http_code}" "https://cmsweb.cern.ch:8443/scheddmon/0120/amalhotr/250426_190506:amalhotr_crab_DY2Mu4Jets_ScoutingTree_CombinedChain/job_out.1.0.txt"
DEBUG 2025-04-27 04:31:14.617 UTC: 	 output : 200
 error: 
 retcode : 0
DEBUG 2025-04-27 04:31:14.617 UTC: 	 exitcode: 0
stdout: 200
stderr: 
error details: 
INFO 2025-04-27 04:31:14.617 UTC: 	 Retrieved job_out.1.0.txt
DEBUG 2025-04-27 04:31:14.617 UTC: 	 Will execute:
curl -sS --capath /etc/grid-security/certificates --cert /tmp/x509up_u180451 --key /tmp/x509up_u180451 -o /afs/cern.ch/user/a/amalhotr/CMSSW_14_0_18_patch1/src/Run3ScoutingAnalysisTools/crab_DY2Mu4Jets_ScoutingTree_CombinedChain/results/job_out.1.1.txt -w %"{http_code}" "https://cmsweb.cern.ch:8443/scheddmon/0120/amalhotr/250426_190506:amalhotr_crab_DY2Mu4Jets_ScoutingTree_CombinedChain/job_out.1.1.txt"
DEBUG 2025-04-27 04:31:14.617 UTC: 	 Executing command :
 curl -sS --capath /etc/grid-security/certificates --cert /tmp/x509up_u180451 --key /tmp/x509up_u180451 -o /afs/cern.ch/user/a/amalhotr/CMSSW_14_0_18_patch1/src/Run3ScoutingAnalysisTools/crab_DY2Mu4Jets_ScoutingTree_CombinedChain/results/job_out.1.1.txt -w %"{http_code}" "https://cmsweb.cern.ch:8443/scheddmon/0120/amalhotr/250426_190506:amalhotr_crab_DY2Mu4Jets_ScoutingTree_CombinedChain/job_out.1.1.txt"
DEBUG 2025-04-27 04:31:14.658 UTC: 	 output : 404
 error: 
 retcode : 0
DEBUG 2025-04-27 04:31:14.717 UTC: 	 exitcode: 0
stdout: 404
stderr: 
error details: <!DOCTYPE HTML PUBLIC "-//IETF//DTD HTML 2.0//EN">
<html><head>
<title>404 Not Found</title>
</head><body>
<h1>Not Found</h1>
<p>The requested URL was not found on this server.</p>
<hr>
<address>Apache/2.4.62 (AlmaLinux) Server at vocms0120.cern.ch Port 80</address>
</body></html>

DEBUG 2025-04-27 04:31:14.717 UTC: 	 Will execute:
curl -sS --capath /etc/grid-security/certificates --cert /tmp/x509up_u180451 --key /tmp/x509up_u180451 -o /afs/cern.ch/user/a/amalhotr/CMSSW_14_0_18_patch1/src/Run3ScoutingAnalysisTools/crab_DY2Mu4Jets_ScoutingTree_CombinedChain/results/job_out.2.0.txt -w %"{http_code}" "https://cmsweb.cern.ch:8443/scheddmon/0120/amalhotr/250426_190506:amalhotr_crab_DY2Mu4Jets_ScoutingTree_CombinedChain/job_out.2.0.txt"
DEBUG 2025-04-27 04:31:14.717 UTC: 	 Executing command :
 curl -sS --capath /etc/grid-security/certificates --cert /tmp/x509up_u180451 --key /tmp/x509up_u180451 -o /afs/cern.ch/user/a/amalhotr/CMSSW_14_0_18_patch1/src/Run3ScoutingAnalysisTools/crab_DY2Mu4Jets_ScoutingTree_CombinedChain/results/job_out.2.0.txt -w %"{http_code}" "https://cmsweb.cern.ch:8443/scheddmon/0120/amalhotr/250426_190506:amalhotr_crab_DY2Mu4Jets_ScoutingTree_CombinedChain/job_out.2.0.txt"
DEBUG 2025-04-27 04:31:14.763 UTC: 	 output : 200
 error: 
 retcode : 0
DEBUG 2025-04-27 04:31:14.763 UTC: 	 exitcode: 0
stdout: 200
stderr: 
error details: 
INFO 2025-04-27 04:31:14.763 UTC: 	 Retrieved job_out.2.0.txt
DEBUG 2025-04-27 04:31:14.763 UTC: 	 Will execute:
curl -sS --capath /etc/grid-security/certificates --cert /tmp/x509up_u180451 --key /tmp/x509up_u180451 -o /afs/cern.ch/user/a/amalhotr/CMSSW_14_0_18_patch1/src/Run3ScoutingAnalysisTools/crab_DY2Mu4Jets_ScoutingTree_CombinedChain/results/job_out.2.1.txt -w %"{http_code}" "https://cmsweb.cern.ch:8443/scheddmon/0120/amalhotr/250426_190506:amalhotr_crab_DY2Mu4Jets_ScoutingTree_CombinedChain/job_out.2.1.txt"
DEBUG 2025-04-27 04:31:14.763 UTC: 	 Executing command :
 curl -sS --capath /etc/grid-security/certificates --cert /tmp/x509up_u180451 --key /tmp/x509up_u180451 -o /afs/cern.ch/user/a/amalhotr/CMSSW_14_0_18_patch1/src/Run3ScoutingAnalysisTools/crab_DY2Mu4Jets_ScoutingTree_CombinedChain/results/job_out.2.1.txt -w %"{http_code}" "https://cmsweb.cern.ch:8443/scheddmon/0120/amalhotr/250426_190506:amalhotr_crab_DY2Mu4Jets_ScoutingTree_CombinedChain/job_out.2.1.txt"
DEBUG 2025-04-27 04:31:14.799 UTC: 	 output : 404
 error: 
 retcode : 0
DEBUG 2025-04-27 04:31:14.812 UTC: 	 exitcode: 0
stdout: 404
stderr: 
error details: <!DOCTYPE HTML PUBLIC "-//IETF//DTD HTML 2.0//EN">
<html><head>
<title>404 Not Found</title>
</head><body>
<h1>Not Found</h1>
<p>The requested URL was not found on this server.</p>
<hr>
<address>Apache/2.4.62 (AlmaLinux) Server at vocms0120.cern.ch Port 80</address>
</body></html>

INFO 2025-04-27 04:31:14.812 UTC: 	 Success: All files successfully retrieved.
INFO 2025-04-27 04:31:14.824 UTC: 	 Log file is /afs/cern.ch/user/a/amalhotr/CMSSW_14_0_18_patch1/src/Run3ScoutingAnalysisTools/crab_DY2Mu4Jets_ScoutingTree_CombinedChain/crab.log
DEBUG 2025-04-27 08:28:49.673 UTC: 	 CRAB Client version: v3.250409
DEBUG 2025-04-27 08:28:49.673 UTC: 	 Running on: Linux lxplus919.cern.ch 5.14.0-503.35.1.el9_5.x86_64 #1 SMP PREEMPT_DYNAMIC Mon Mar 24 11:15:27 EDT 2025 x86_64 x86_64 x86_64 GNU/Linux
DEBUG 2025-04-27 08:28:49.673 UTC: 	 Not using Singularity
DEBUG 2025-04-27 08:28:49.673 UTC: 	 Operating System: Red Hat Enterprise Linux 9.5 (Plow)
DEBUG 2025-04-27 08:28:49.673 UTC: 	 Executing command: 'status'
DEBUG 2025-04-27 08:28:49.673 UTC: 	 Found CRAB cache file /afs/cern.ch/user/a/amalhotr/.crab3
DEBUG 2025-04-27 08:28:49.810 UTC: 	 Checking credentials
DEBUG 2025-04-27 08:28:49.810 UTC: 	 Found proxy file /tmp/x509up_u180451
DEBUG 2025-04-27 08:28:49.810 UTC: 	 Making sure it has proper VOMS extension
DEBUG 2025-04-27 08:28:49.810 UTC: 	 Executing command :
 voms-proxy-info --vo --file /tmp/x509up_u180451
DEBUG 2025-04-27 08:28:50.251 UTC: 	 output : cms

 error: 
 retcode : 0
DEBUG 2025-04-27 08:28:50.252 UTC: 	 Getting proxy life time left
DEBUG 2025-04-27 08:28:50.252 UTC: 	 Executing command :
 voms-proxy-info --actimeleft --timeleft --file /tmp/x509up_u180451
DEBUG 2025-04-27 08:28:50.700 UTC: 	 output : 676738
676738

 error: 
 retcode : 0
DEBUG 2025-04-27 08:28:50.700 UTC: 	 Proxy valid for 187:58:58 hours
DEBUG 2025-04-27 08:28:50.701 UTC: 	 Encoded data for curl request: subresource=delegatedn
DEBUG 2025-04-27 08:28:50.747 UTC: 	 Registering user credentials on myproxy for /DC=ch/DC=cern/OU=computers/CN=crab-(preprod|prod)-tw(01|02).cern.ch|/DC=ch/DC=cern/OU=computers/CN=crab-dev-tw(01|02|03|04).cern.ch|/DC=ch/DC=cern/OU=Organic Units/OU=Users/CN=cmscrab/CN=(817881|373708)/CN=Robot: cms crab|/DC=ch/DC=cern/OU=Organic Units/OU=Users/CN=crabint1/CN=373708/CN=Robot: CMS CRAB Integration 1
DEBUG 2025-04-27 08:28:50.747 UTC: 	 Executing command :
 voms-proxy-info --identity --file /tmp/x509up_u180451
DEBUG 2025-04-27 08:28:51.207 UTC: 	 output : /DC=ch/DC=cern/OU=Organic Units/OU=Users/CN=amalhotr/CN=884837/CN=Aryan Malhotra

 error: 
 retcode : 0
DEBUG 2025-04-27 08:28:51.208 UTC: 	 Getting myproxy life time left for 2382a3cf28fdeacb1de9b039908761ea517a5ed6
DEBUG 2025-04-27 08:28:51.208 UTC: 	 Executing command :
 myproxy-info -s myproxy.cern.ch -l 2382a3cf28fdeacb1de9b039908761ea517a5ed6
DEBUG 2025-04-27 08:28:51.471 UTC: 	 output : username: 2382a3cf28fdeacb1de9b039908761ea517a5ed6
owner: /DC=ch/DC=cern/OU=Organic Units/OU=Users/CN=amalhotr/CN=884837/CN=Aryan Malhotra
  renewal policy: /DC=ch/DC=cern/OU=computers/CN=crab-(preprod|prod)-tw(01|02).cern.ch|/DC=ch/DC=cern/OU=computers/CN=crab-dev-tw(01|02|03|04).cern.ch|/DC=ch/DC=cern/OU=Organic Units/OU=Users/CN=cmscrab/CN=(817881|373708)/CN=Robot: cms crab|/DC=ch/DC=cern/OU=Organic Units/OU=Users/CN=crabint1/CN=373708/CN=Robot: CMS CRAB Integration 1
  trusted retrieval policy: /DC=ch/DC=cern/OU=computers/CN=crab-(preprod|prod)-tw(01|02).cern.ch|/DC=ch/DC=cern/OU=computers/CN=crab-dev-tw(01|02|03|04).cern.ch|/DC=ch/DC=cern/OU=Organic Units/OU=Users/CN=cmscrab/CN=(817881|373708)/CN=Robot: cms crab|/DC=ch/DC=cern/OU=Organic Units/OU=Users/CN=crabint1/CN=373708/CN=Robot: CMS CRAB Integration 1
  timeleft: 453:23:44  (18.9 days)

 error: 
 retcode : 0
DEBUG 2025-04-27 08:28:51.471 UTC: 	 Myproxy is valid: 1632180
DEBUG 2025-04-27 08:28:51.471 UTC: 	 Result of myproxy credential check:
  Credential exists on myproxy: username: 2382a3cf28fdeacb1de9b039908761ea517a5ed6  - validity: 18 days, 21:23:00
DEBUG 2025-04-27 08:28:51.471 UTC: 	 Retrieving username ...
DEBUG 2025-04-27 08:28:51.471 UTC: 	 Retrieving username from CRIC...
DEBUG 2025-04-27 08:28:52.181 UTC: 	 username is amalhotr
INFO 2025-04-27 08:28:52.838 UTC: 	 Rucio client intialized for account amalhotr
DEBUG 2025-04-27 08:28:52.838 UTC: 	 Command use: status
DEBUG 2025-04-27 08:28:52.838 UTC: 	 Options use: ['-d', './crab_DY2Mu4Jets_ScoutingTree_CombinedChain']
DEBUG 2025-04-27 08:28:52.838 UTC: 	 Encoded data for curl request: subresource=version
DEBUG 2025-04-27 08:28:53.086 UTC: 	 CRABClient version: v3.250409
DEBUG 2025-04-27 08:28:53.086 UTC: 	 Instance is prod
DEBUG 2025-04-27 08:28:53.086 UTC: 	 Server base url is cmsweb.cern.ch
DEBUG 2025-04-27 08:28:53.086 UTC: 	 Command api workflow
DEBUG 2025-04-27 08:28:53.086 UTC: 	 Encoded data for curl request: subresource=search&workflow=250426_190506%3Aamalhotr_crab_DY2Mu4Jets_ScoutingTree_CombinedChain
DEBUG 2025-04-27 08:28:53.135 UTC: 	 Got information from server oracle database: {'desc': {'columns': ['tm_taskname', 'tm_activity', 'tm_task_status', 'tm_task_command', 'tm_start_time', 'tm_start_injection', 'tm_end_injection', 'tm_task_failure', 'tm_job_sw', 'tm_job_arch', 'tm_input_dataset', 'tm_nonvalid_input_dataset', 'tm_use_parent', 'tm_site_whitelist', 'tm_site_blacklist', 'tm_split_algo', 'tm_split_args', 'tm_user_sandbox', 'tm_cache_url', 'tm_username', 'tm_user_dn', 'tm_user_vo', 'tm_user_role', 'tm_user_group', 'tm_publish_name', 'tm_publish_groupname', 'tm_asyncdest', 'tm_dbs_url', 'tm_publish_dbs_url', 'tm_publication', 'tm_outfiles', 'tm_tfile_outfiles', 'tm_edm_outfiles', 'tm_job_type', 'tm_generator', 'tm_events_per_lumi', 'tm_arguments', 'tm_save_logs', 'tw_name', 'tm_user_infiles', 'tm_maxjobruntime', 'tm_numcores', 'tm_maxmemory', 'tm_priority', 'tm_output_dataset', 'tm_task_warnings', 'tm_user_webdir', 'tm_scriptexe', 'tm_scriptargs', 'tm_extrajdl', 'tm_collector', 'tm_schedd', 'tm_dry_run', 'tm_user_files', 'tm_transfer_outputs', 'tm_output_lfn', 'tm_ignore_locality', 'tm_fail_limit', 'tm_one_event_mode', 'tm_secondary_input_dataset', 'tm_primary_dataset', 'tm_last_publication', 'tm_debug_files', 'clusterid', 'tm_ignore_global_blacklist', 'tm_submitter_ip_addr', 'tm_totalunits', 'tm_ddm_reqid', 'tm_user_config', 'tm_transfer_container', 'tm_transfer_rule', 'tm_publish_rule', 'tm_multipub_rule', 'tm_job_min_microarch', 'tm_dagman_status', 'tm_num_jobs', 'tm_uploaded']}, 'result': ['250426_190506:amalhotr_crab_DY2Mu4Jets_ScoutingTree_CombinedChain', 'None', 'SUBMITTED', 'SUBMIT', '2025-04-26 19:05:06.544040', 'None', '2025-04-26 19:06:29.993036', 'None', 'CMSSW_14_0_18_patch1', 'el9_amd64_gcc12', '/DYto2Mu-4Jets_Bin-MLL-50_TuneCP5_13p6TeV_madgraphMLM-pythia8/RunIII2024Summer24MiniAOD-140X_mcRun3_2024_realistic_v26-v2/MINIAODSIM', 'T', '0', '[]', '[]', 'FileBased', "{'halt_job_on_file_boundaries': False, 'splitOnRun': False, 'files_per_job': 1, 'runs': [], 'lumis': []}", '6e4fa1022f7a6b5bf7da1d5a21f271a5bf0e8ae8b93ea2c620192040c65aa378.tar.gz', 'https://cmsweb.cern.ch/S3/crabcache_prod', 'amalhotr', '/DC=ch/DC=cern/OU=Organic Units/OU=Users/CN=amalhotr/CN=884837/CN=Aryan Malhotra', 'cms', 'None', 'None', 'DY2Mu4Jets_ScoutingTree_CombinedChain-00000000000000000000000000000000', 'F', 'T3_CH_CERNBOX', 'https://cmsweb.cern.ch/dbs/prod/global/DBSReader', 'https://cmsweb.cern.ch/dbs/prod/phys03/DBSWriter', 'F', '[]', "['DY2M_ScoutingTree_Output.root']", '[]', 'Analysis', 'pythia', 'None', '{}', 'T', 'crab-prod-tw01', '[]', '1250', '1', '2000', '10', "['/FakeDataset/fakefile-FakePublish-432f458ba622c107ce66f4b2f64cbd8e/USER']", '["The input dataset /DYto2Mu-4Jets_Bin-MLL-50_TuneCP5_13p6TeV_madgraphMLM-pythia8/RunIII2024Summer24MiniAOD-140X_mcRun3_2024_realistic_v26-v2/MINIAODSIM is not \'VALID\' but \'INVALID\'. CRAB will check if there are any valid files in the dataset and run only over those files."]', 'http://vocms0120.cern.ch/mon/amalhotr/250426_190506:amalhotr_crab_DY2Mu4Jets_ScoutingTree_CombinedChain', 'None', '[]', '[]', 'cmsgwms-collector-global.cern.ch:9620,cmsgwms-collector-global.fnal.gov:9620', 'crab3@vocms0120.cern.ch', 'F', '[]', 'T', '/store/user/amalhotr/DY2Mu4Jets_ScoutingTree/', 'F', 'None', 'F', 'None', 'DYto2Mu-4Jets_Bin-MLL-50_TuneCP5_13p6TeV_madgraphMLM-pythia8', 'None', 'afba223fe6306ffddb5fb63d6cd4aa9fffde65aa207def45967aa2df64721a23.tar.gz', '122472659', 'F', '188.185.22.29', '2.0', 'None', '{"partialdataset": false, "requireaccelerator": false, "acceleratorparams": null, "inputblocks": null}', 'None', 'None', 'None', 'None', 'any', 'RUNNING', '2', 'F']}
INFO 2025-04-27 08:28:53.135 UTC: 	 CRAB project directory:		/afs/cern.ch/user/a/amalhotr/CMSSW_14_0_18_patch1/src/Run3ScoutingAnalysisTools/crab_DY2Mu4Jets_ScoutingTree_CombinedChain
INFO 2025-04-27 08:28:53.135 UTC: 	 Task name:			250426_190506:amalhotr_crab_DY2Mu4Jets_ScoutingTree_CombinedChain
INFO 2025-04-27 08:28:53.135 UTC: 	 Grid scheduler - Task Worker:	crab3@vocms0120.cern.ch - crab-prod-tw01
INFO 2025-04-27 08:28:53.135 UTC: 	 Status on the CRAB server:	SUBMITTED
INFO 2025-04-27 08:28:53.136 UTC: 	 Task URL to use for HELP:	https://cmsweb.cern.ch/crabserver/ui/task/250426_190506%3Aamalhotr_crab_DY2Mu4Jets_ScoutingTree_CombinedChain
INFO 2025-04-27 08:28:53.142 UTC: 	 Dashboard monitoring URL:	https://monit-grafana.cern.ch/d/cmsTMDetail/cms-task-monitoring-task-view?orgId=11&var-user=amalhotr&var-task=250426_190506%3Aamalhotr_crab_DY2Mu4Jets_ScoutingTree_CombinedChain&from=1745690706000&to=now
WARNING 2025-04-27 08:28:53.142 UTC: 	 Warning:			The input dataset /DYto2Mu-4Jets_Bin-MLL-50_TuneCP5_13p6TeV_madgraphMLM-pythia8/RunIII2024Summer24MiniAOD-140X_mcRun3_2024_realistic_v26-v2/MINIAODSIM is not 'VALID' but 'INVALID'. CRAB will check if there are any valid files in the dataset and run only over those files.
DEBUG 2025-04-27 08:28:53.142 UTC: 	 The CRAB server submitted your task to the Grid scheduler (cluster ID: 122472659)
DEBUG 2025-04-27 08:28:53.142 UTC: 	 Webdir is located at http://vocms0120.cern.ch/mon/amalhotr/250426_190506:amalhotr_crab_DY2Mu4Jets_ScoutingTree_CombinedChain
DEBUG 2025-04-27 08:28:53.142 UTC: 	 Encoded data for curl request: subresource=webdirprx&workflow=250426_190506%3Aamalhotr_crab_DY2Mu4Jets_ScoutingTree_CombinedChain
DEBUG 2025-04-27 08:28:53.203 UTC: 	 Proxied webdir is located at https://cmsweb.cern.ch:8443/scheddmon/0120/amalhotr/250426_190506:amalhotr_crab_DY2Mu4Jets_ScoutingTree_CombinedChain
DEBUG 2025-04-27 08:28:53.204 UTC: 	 Retrieving 'status_cache' file from https://cmsweb.cern.ch:8443/scheddmon/0120/amalhotr/250426_190506:amalhotr_crab_DY2Mu4Jets_ScoutingTree_CombinedChain/status_cache.pkl
DEBUG 2025-04-27 08:28:53.204 UTC: 	 Will execute:
curl -sS --capath /etc/grid-security/certificates --cert /tmp/x509up_u180451 --key /tmp/x509up_u180451 -o /tmp/crab_status-cache-540ddqr6.pkl -w %"{http_code}" "https://cmsweb.cern.ch:8443/scheddmon/0120/amalhotr/250426_190506:amalhotr_crab_DY2Mu4Jets_ScoutingTree_CombinedChain/status_cache.pkl"
DEBUG 2025-04-27 08:28:53.204 UTC: 	 Executing command :
 curl -sS --capath /etc/grid-security/certificates --cert /tmp/x509up_u180451 --key /tmp/x509up_u180451 -o /tmp/crab_status-cache-540ddqr6.pkl -w %"{http_code}" "https://cmsweb.cern.ch:8443/scheddmon/0120/amalhotr/250426_190506:amalhotr_crab_DY2Mu4Jets_ScoutingTree_CombinedChain/status_cache.pkl"
DEBUG 2025-04-27 08:28:53.239 UTC: 	 output : 200
 error: 
 retcode : 0
DEBUG 2025-04-27 08:28:53.239 UTC: 	 exitcode: 0
stdout: 200
stderr: 
error details: 
DEBUG 2025-04-27 08:28:53.239 UTC: 	 Got information from status cache file: {'2': {'Retries': 0, 'Restarts': 0, 'SiteHistory': ['Unknown', 'T2_US_Vanderbilt', 'T2_US_Vanderbilt'], 'ResidentSetSize': [1275040], 'SubmitTimes': [1745694458.0], 'StartTimes': [1745694532.0], 'EndTimes': [1745732640.0], 'TotalUserCpuTimeHistory': [35292], 'TotalSysCpuTimeHistory': [34], 'WallDurations': [8.0, 293.16236090660095, 38108.0], 'JobIds': ['122472665.0'], 'State': 'transferring', 'RecordedSite': True}, '1': {'Retries': 0, 'Restarts': 0, 'SiteHistory': ['Unknown', 'T2_US_Vanderbilt', 'T2_US_Vanderbilt'], 'ResidentSetSize': [1231308], 'SubmitTimes': [1745694458.0], 'StartTimes': [1745694532.0], 'EndTimes': [1745741386.0], 'TotalUserCpuTimeHistory': [38258], 'TotalSysCpuTimeHistory': [17], 'WallDurations': [9.0, 293.16236090660095, 46854.0], 'JobIds': ['122472666.0'], 'State': 'transferring', 'RecordedSite': True}}
INFO 2025-04-27 08:28:53.239 UTC: 	 Status on the scheduler:	SUBMITTED
INFO 2025-04-27 08:28:53.239 UTC: 	 
Jobs status:                    transferring 		100.0% (2/2)
INFO 2025-04-27 08:28:53.240 UTC: 	 
No publication information (publication has been disabled in the CRAB configuration file)
INFO 2025-04-27 08:28:53.240 UTC: 	 
Summary of run jobs:
 * Memory: 1202MB min, 1245MB max, 1224MB ave
 * Runtime: 10:35:08 min, 13:00:54 max, 11:48:01 ave
 * CPU eff: 82% min, 93% max, 87% ave
 * Waste: 0:10:03 (1% of total)

INFO 2025-04-27 08:28:53.318 UTC: 	 Log file is /afs/cern.ch/user/a/amalhotr/CMSSW_14_0_18_patch1/src/Run3ScoutingAnalysisTools/crab_DY2Mu4Jets_ScoutingTree_CombinedChain/crab.log
DEBUG 2025-04-27 08:29:36.255 UTC: 	 CRAB Client version: v3.250409
DEBUG 2025-04-27 08:29:36.255 UTC: 	 Running on: Linux lxplus919.cern.ch 5.14.0-503.35.1.el9_5.x86_64 #1 SMP PREEMPT_DYNAMIC Mon Mar 24 11:15:27 EDT 2025 x86_64 x86_64 x86_64 GNU/Linux
DEBUG 2025-04-27 08:29:36.255 UTC: 	 Not using Singularity
DEBUG 2025-04-27 08:29:36.255 UTC: 	 Operating System: Red Hat Enterprise Linux 9.5 (Plow)
DEBUG 2025-04-27 08:29:36.255 UTC: 	 Executing command: 'getlog'
DEBUG 2025-04-27 08:29:36.255 UTC: 	 Found CRAB cache file /afs/cern.ch/user/a/amalhotr/.crab3
DEBUG 2025-04-27 08:29:36.256 UTC: 	 Using VO group '' and VO role 'NULL' as written in the request cache file for this task.
DEBUG 2025-04-27 08:29:36.259 UTC: 	 Checking credentials
DEBUG 2025-04-27 08:29:36.259 UTC: 	 Found proxy file /tmp/x509up_u180451
DEBUG 2025-04-27 08:29:36.259 UTC: 	 Making sure it has proper VOMS extension
DEBUG 2025-04-27 08:29:36.259 UTC: 	 Executing command :
 voms-proxy-info --vo --file /tmp/x509up_u180451
DEBUG 2025-04-27 08:29:36.748 UTC: 	 output : cms

 error: 
 retcode : 0
DEBUG 2025-04-27 08:29:36.748 UTC: 	 Getting proxy life time left
DEBUG 2025-04-27 08:29:36.749 UTC: 	 Executing command :
 voms-proxy-info --actimeleft --timeleft --file /tmp/x509up_u180451
DEBUG 2025-04-27 08:29:37.168 UTC: 	 output : 676691
676691

 error: 
 retcode : 0
DEBUG 2025-04-27 08:29:37.168 UTC: 	 Proxy valid for 187:58:11 hours
DEBUG 2025-04-27 08:29:37.168 UTC: 	 Encoded data for curl request: subresource=delegatedn
DEBUG 2025-04-27 08:29:37.219 UTC: 	 Registering user credentials on myproxy for /DC=ch/DC=cern/OU=computers/CN=crab-(preprod|prod)-tw(01|02).cern.ch|/DC=ch/DC=cern/OU=computers/CN=crab-dev-tw(01|02|03|04).cern.ch|/DC=ch/DC=cern/OU=Organic Units/OU=Users/CN=cmscrab/CN=(817881|373708)/CN=Robot: cms crab|/DC=ch/DC=cern/OU=Organic Units/OU=Users/CN=crabint1/CN=373708/CN=Robot: CMS CRAB Integration 1
DEBUG 2025-04-27 08:29:37.219 UTC: 	 Executing command :
 voms-proxy-info --identity --file /tmp/x509up_u180451
DEBUG 2025-04-27 08:29:37.613 UTC: 	 output : /DC=ch/DC=cern/OU=Organic Units/OU=Users/CN=amalhotr/CN=884837/CN=Aryan Malhotra

 error: 
 retcode : 0
DEBUG 2025-04-27 08:29:37.613 UTC: 	 Getting myproxy life time left for 2382a3cf28fdeacb1de9b039908761ea517a5ed6
DEBUG 2025-04-27 08:29:37.613 UTC: 	 Executing command :
 myproxy-info -s myproxy.cern.ch -l 2382a3cf28fdeacb1de9b039908761ea517a5ed6
DEBUG 2025-04-27 08:29:37.973 UTC: 	 output : username: 2382a3cf28fdeacb1de9b039908761ea517a5ed6
owner: /DC=ch/DC=cern/OU=Organic Units/OU=Users/CN=amalhotr/CN=884837/CN=Aryan Malhotra
  renewal policy: /DC=ch/DC=cern/OU=computers/CN=crab-(preprod|prod)-tw(01|02).cern.ch|/DC=ch/DC=cern/OU=computers/CN=crab-dev-tw(01|02|03|04).cern.ch|/DC=ch/DC=cern/OU=Organic Units/OU=Users/CN=cmscrab/CN=(817881|373708)/CN=Robot: cms crab|/DC=ch/DC=cern/OU=Organic Units/OU=Users/CN=crabint1/CN=373708/CN=Robot: CMS CRAB Integration 1
  trusted retrieval policy: /DC=ch/DC=cern/OU=computers/CN=crab-(preprod|prod)-tw(01|02).cern.ch|/DC=ch/DC=cern/OU=computers/CN=crab-dev-tw(01|02|03|04).cern.ch|/DC=ch/DC=cern/OU=Organic Units/OU=Users/CN=cmscrab/CN=(817881|373708)/CN=Robot: cms crab|/DC=ch/DC=cern/OU=Organic Units/OU=Users/CN=crabint1/CN=373708/CN=Robot: CMS CRAB Integration 1
  timeleft: 453:22:58  (18.9 days)

 error: 
 retcode : 0
DEBUG 2025-04-27 08:29:37.973 UTC: 	 Myproxy is valid: 1632120
DEBUG 2025-04-27 08:29:37.973 UTC: 	 Result of myproxy credential check:
  Credential exists on myproxy: username: 2382a3cf28fdeacb1de9b039908761ea517a5ed6  - validity: 18 days, 21:22:00
DEBUG 2025-04-27 08:29:37.974 UTC: 	 Command use: getlog
DEBUG 2025-04-27 08:29:37.974 UTC: 	 Options use: ['--short', '--jobids=1', '-d', './crab_DY2Mu4Jets_ScoutingTree_CombinedChain']
DEBUG 2025-04-27 08:29:37.974 UTC: 	 Encoded data for curl request: subresource=version
DEBUG 2025-04-27 08:29:38.013 UTC: 	 CRABClient version: v3.250409
DEBUG 2025-04-27 08:29:38.013 UTC: 	 Instance is prod
DEBUG 2025-04-27 08:29:38.013 UTC: 	 Server base url is cmsweb.cern.ch
DEBUG 2025-04-27 08:29:38.013 UTC: 	 Command api workflow
DEBUG 2025-04-27 08:29:38.013 UTC: 	 Encoded data for curl request: subresource=webdirprx&workflow=250426_190506%3Aamalhotr_crab_DY2Mu4Jets_ScoutingTree_CombinedChain
DEBUG 2025-04-27 08:29:38.052 UTC: 	 Encoded data for curl request: subresource=search&workflow=250426_190506%3Aamalhotr_crab_DY2Mu4Jets_ScoutingTree_CombinedChain
INFO 2025-04-27 08:29:38.105 UTC: 	 Setting the destination to /afs/cern.ch/user/a/amalhotr/CMSSW_14_0_18_patch1/src/Run3ScoutingAnalysisTools/crab_DY2Mu4Jets_ScoutingTree_CombinedChain/results 
INFO 2025-04-27 08:29:38.105 UTC: 	 Retrieving...
DEBUG 2025-04-27 08:29:38.105 UTC: 	 Will execute:
curl -sS --capath /etc/grid-security/certificates --cert /tmp/x509up_u180451 --key /tmp/x509up_u180451 -o /afs/cern.ch/user/a/amalhotr/CMSSW_14_0_18_patch1/src/Run3ScoutingAnalysisTools/crab_DY2Mu4Jets_ScoutingTree_CombinedChain/results/job_out.1.0.txt -w %"{http_code}" "https://cmsweb.cern.ch:8443/scheddmon/0120/amalhotr/250426_190506:amalhotr_crab_DY2Mu4Jets_ScoutingTree_CombinedChain/job_out.1.0.txt"
DEBUG 2025-04-27 08:29:38.105 UTC: 	 Executing command :
 curl -sS --capath /etc/grid-security/certificates --cert /tmp/x509up_u180451 --key /tmp/x509up_u180451 -o /afs/cern.ch/user/a/amalhotr/CMSSW_14_0_18_patch1/src/Run3ScoutingAnalysisTools/crab_DY2Mu4Jets_ScoutingTree_CombinedChain/results/job_out.1.0.txt -w %"{http_code}" "https://cmsweb.cern.ch:8443/scheddmon/0120/amalhotr/250426_190506:amalhotr_crab_DY2Mu4Jets_ScoutingTree_CombinedChain/job_out.1.0.txt"
DEBUG 2025-04-27 08:29:38.148 UTC: 	 output : 200
 error: 
 retcode : 0
DEBUG 2025-04-27 08:29:38.148 UTC: 	 exitcode: 0
stdout: 200
stderr: 
error details: 
INFO 2025-04-27 08:29:38.148 UTC: 	 Retrieved job_out.1.0.txt
DEBUG 2025-04-27 08:29:38.148 UTC: 	 Will execute:
curl -sS --capath /etc/grid-security/certificates --cert /tmp/x509up_u180451 --key /tmp/x509up_u180451 -o /afs/cern.ch/user/a/amalhotr/CMSSW_14_0_18_patch1/src/Run3ScoutingAnalysisTools/crab_DY2Mu4Jets_ScoutingTree_CombinedChain/results/job_out.1.1.txt -w %"{http_code}" "https://cmsweb.cern.ch:8443/scheddmon/0120/amalhotr/250426_190506:amalhotr_crab_DY2Mu4Jets_ScoutingTree_CombinedChain/job_out.1.1.txt"
DEBUG 2025-04-27 08:29:38.148 UTC: 	 Executing command :
 curl -sS --capath /etc/grid-security/certificates --cert /tmp/x509up_u180451 --key /tmp/x509up_u180451 -o /afs/cern.ch/user/a/amalhotr/CMSSW_14_0_18_patch1/src/Run3ScoutingAnalysisTools/crab_DY2Mu4Jets_ScoutingTree_CombinedChain/results/job_out.1.1.txt -w %"{http_code}" "https://cmsweb.cern.ch:8443/scheddmon/0120/amalhotr/250426_190506:amalhotr_crab_DY2Mu4Jets_ScoutingTree_CombinedChain/job_out.1.1.txt"
DEBUG 2025-04-27 08:29:38.189 UTC: 	 output : 404
 error: 
 retcode : 0
DEBUG 2025-04-27 08:29:38.250 UTC: 	 exitcode: 0
stdout: 404
stderr: 
error details: <!DOCTYPE HTML PUBLIC "-//IETF//DTD HTML 2.0//EN">
<html><head>
<title>404 Not Found</title>
</head><body>
<h1>Not Found</h1>
<p>The requested URL was not found on this server.</p>
<hr>
<address>Apache/2.4.62 (AlmaLinux) Server at vocms0120.cern.ch Port 80</address>
</body></html>

INFO 2025-04-27 08:29:38.250 UTC: 	 Success: All files successfully retrieved.
INFO 2025-04-27 08:29:38.254 UTC: 	 Log file is /afs/cern.ch/user/a/amalhotr/CMSSW_14_0_18_patch1/src/Run3ScoutingAnalysisTools/crab_DY2Mu4Jets_ScoutingTree_CombinedChain/crab.log
DEBUG 2025-04-27 09:19:44.889 UTC: 	 CRAB Client version: v3.250409
DEBUG 2025-04-27 09:19:44.889 UTC: 	 Running on: Linux lxplus919.cern.ch 5.14.0-503.35.1.el9_5.x86_64 #1 SMP PREEMPT_DYNAMIC Mon Mar 24 11:15:27 EDT 2025 x86_64 x86_64 x86_64 GNU/Linux
DEBUG 2025-04-27 09:19:44.889 UTC: 	 Not using Singularity
DEBUG 2025-04-27 09:19:44.889 UTC: 	 Operating System: Red Hat Enterprise Linux 9.5 (Plow)
DEBUG 2025-04-27 09:19:44.889 UTC: 	 Executing command: 'status'
DEBUG 2025-04-27 09:19:44.889 UTC: 	 Found CRAB cache file /afs/cern.ch/user/a/amalhotr/.crab3
DEBUG 2025-04-27 09:19:44.952 UTC: 	 Checking credentials
DEBUG 2025-04-27 09:19:44.952 UTC: 	 Found proxy file /tmp/x509up_u180451
DEBUG 2025-04-27 09:19:44.952 UTC: 	 Making sure it has proper VOMS extension
DEBUG 2025-04-27 09:19:44.952 UTC: 	 Executing command :
 voms-proxy-info --vo --file /tmp/x509up_u180451
DEBUG 2025-04-27 09:19:45.314 UTC: 	 output : cms

 error: 
 retcode : 0
DEBUG 2025-04-27 09:19:45.315 UTC: 	 Getting proxy life time left
DEBUG 2025-04-27 09:19:45.315 UTC: 	 Executing command :
 voms-proxy-info --actimeleft --timeleft --file /tmp/x509up_u180451
DEBUG 2025-04-27 09:19:45.684 UTC: 	 output : 673683
673683

 error: 
 retcode : 0
DEBUG 2025-04-27 09:19:45.684 UTC: 	 Proxy valid for 187:08:03 hours
DEBUG 2025-04-27 09:19:45.684 UTC: 	 Encoded data for curl request: subresource=delegatedn
DEBUG 2025-04-27 09:19:45.725 UTC: 	 Registering user credentials on myproxy for /DC=ch/DC=cern/OU=computers/CN=crab-(preprod|prod)-tw(01|02).cern.ch|/DC=ch/DC=cern/OU=computers/CN=crab-dev-tw(01|02|03|04).cern.ch|/DC=ch/DC=cern/OU=Organic Units/OU=Users/CN=cmscrab/CN=(817881|373708)/CN=Robot: cms crab|/DC=ch/DC=cern/OU=Organic Units/OU=Users/CN=crabint1/CN=373708/CN=Robot: CMS CRAB Integration 1
DEBUG 2025-04-27 09:19:45.725 UTC: 	 Executing command :
 voms-proxy-info --identity --file /tmp/x509up_u180451
DEBUG 2025-04-27 09:19:46.068 UTC: 	 output : /DC=ch/DC=cern/OU=Organic Units/OU=Users/CN=amalhotr/CN=884837/CN=Aryan Malhotra

 error: 
 retcode : 0
DEBUG 2025-04-27 09:19:46.068 UTC: 	 Getting myproxy life time left for 2382a3cf28fdeacb1de9b039908761ea517a5ed6
DEBUG 2025-04-27 09:19:46.068 UTC: 	 Executing command :
 myproxy-info -s myproxy.cern.ch -l 2382a3cf28fdeacb1de9b039908761ea517a5ed6
DEBUG 2025-04-27 09:19:46.461 UTC: 	 output : username: 2382a3cf28fdeacb1de9b039908761ea517a5ed6
owner: /DC=ch/DC=cern/OU=Organic Units/OU=Users/CN=amalhotr/CN=884837/CN=Aryan Malhotra
  renewal policy: /DC=ch/DC=cern/OU=computers/CN=crab-(preprod|prod)-tw(01|02).cern.ch|/DC=ch/DC=cern/OU=computers/CN=crab-dev-tw(01|02|03|04).cern.ch|/DC=ch/DC=cern/OU=Organic Units/OU=Users/CN=cmscrab/CN=(817881|373708)/CN=Robot: cms crab|/DC=ch/DC=cern/OU=Organic Units/OU=Users/CN=crabint1/CN=373708/CN=Robot: CMS CRAB Integration 1
  trusted retrieval policy: /DC=ch/DC=cern/OU=computers/CN=crab-(preprod|prod)-tw(01|02).cern.ch|/DC=ch/DC=cern/OU=computers/CN=crab-dev-tw(01|02|03|04).cern.ch|/DC=ch/DC=cern/OU=Organic Units/OU=Users/CN=cmscrab/CN=(817881|373708)/CN=Robot: cms crab|/DC=ch/DC=cern/OU=Organic Units/OU=Users/CN=crabint1/CN=373708/CN=Robot: CMS CRAB Integration 1
  timeleft: 452:32:49  (18.9 days)

 error: 
 retcode : 0
DEBUG 2025-04-27 09:19:46.461 UTC: 	 Myproxy is valid: 1629120
DEBUG 2025-04-27 09:19:46.461 UTC: 	 Result of myproxy credential check:
  Credential exists on myproxy: username: 2382a3cf28fdeacb1de9b039908761ea517a5ed6  - validity: 18 days, 20:32:00
DEBUG 2025-04-27 09:19:46.461 UTC: 	 Retrieving username ...
DEBUG 2025-04-27 09:19:46.461 UTC: 	 Retrieving username from CRIC...
DEBUG 2025-04-27 09:19:47.165 UTC: 	 username is amalhotr
INFO 2025-04-27 09:19:47.647 UTC: 	 Rucio client intialized for account amalhotr
DEBUG 2025-04-27 09:19:47.647 UTC: 	 Command use: status
DEBUG 2025-04-27 09:19:47.647 UTC: 	 Options use: ['-d', './crab_DY2Mu4Jets_ScoutingTree_CombinedChain']
DEBUG 2025-04-27 09:19:47.647 UTC: 	 Encoded data for curl request: subresource=version
DEBUG 2025-04-27 09:19:47.687 UTC: 	 CRABClient version: v3.250409
DEBUG 2025-04-27 09:19:47.687 UTC: 	 Instance is prod
DEBUG 2025-04-27 09:19:47.687 UTC: 	 Server base url is cmsweb.cern.ch
DEBUG 2025-04-27 09:19:47.687 UTC: 	 Command api workflow
DEBUG 2025-04-27 09:19:47.688 UTC: 	 Encoded data for curl request: subresource=search&workflow=250426_190506%3Aamalhotr_crab_DY2Mu4Jets_ScoutingTree_CombinedChain
DEBUG 2025-04-27 09:19:47.729 UTC: 	 Got information from server oracle database: {'desc': {'columns': ['tm_taskname', 'tm_activity', 'tm_task_status', 'tm_task_command', 'tm_start_time', 'tm_start_injection', 'tm_end_injection', 'tm_task_failure', 'tm_job_sw', 'tm_job_arch', 'tm_input_dataset', 'tm_nonvalid_input_dataset', 'tm_use_parent', 'tm_site_whitelist', 'tm_site_blacklist', 'tm_split_algo', 'tm_split_args', 'tm_user_sandbox', 'tm_cache_url', 'tm_username', 'tm_user_dn', 'tm_user_vo', 'tm_user_role', 'tm_user_group', 'tm_publish_name', 'tm_publish_groupname', 'tm_asyncdest', 'tm_dbs_url', 'tm_publish_dbs_url', 'tm_publication', 'tm_outfiles', 'tm_tfile_outfiles', 'tm_edm_outfiles', 'tm_job_type', 'tm_generator', 'tm_events_per_lumi', 'tm_arguments', 'tm_save_logs', 'tw_name', 'tm_user_infiles', 'tm_maxjobruntime', 'tm_numcores', 'tm_maxmemory', 'tm_priority', 'tm_output_dataset', 'tm_task_warnings', 'tm_user_webdir', 'tm_scriptexe', 'tm_scriptargs', 'tm_extrajdl', 'tm_collector', 'tm_schedd', 'tm_dry_run', 'tm_user_files', 'tm_transfer_outputs', 'tm_output_lfn', 'tm_ignore_locality', 'tm_fail_limit', 'tm_one_event_mode', 'tm_secondary_input_dataset', 'tm_primary_dataset', 'tm_last_publication', 'tm_debug_files', 'clusterid', 'tm_ignore_global_blacklist', 'tm_submitter_ip_addr', 'tm_totalunits', 'tm_ddm_reqid', 'tm_user_config', 'tm_transfer_container', 'tm_transfer_rule', 'tm_publish_rule', 'tm_multipub_rule', 'tm_job_min_microarch', 'tm_dagman_status', 'tm_num_jobs', 'tm_uploaded']}, 'result': ['250426_190506:amalhotr_crab_DY2Mu4Jets_ScoutingTree_CombinedChain', 'None', 'SUBMITTED', 'SUBMIT', '2025-04-26 19:05:06.544040', 'None', '2025-04-26 19:06:29.993036', 'None', 'CMSSW_14_0_18_patch1', 'el9_amd64_gcc12', '/DYto2Mu-4Jets_Bin-MLL-50_TuneCP5_13p6TeV_madgraphMLM-pythia8/RunIII2024Summer24MiniAOD-140X_mcRun3_2024_realistic_v26-v2/MINIAODSIM', 'T', '0', '[]', '[]', 'FileBased', "{'halt_job_on_file_boundaries': False, 'splitOnRun': False, 'files_per_job': 1, 'runs': [], 'lumis': []}", '6e4fa1022f7a6b5bf7da1d5a21f271a5bf0e8ae8b93ea2c620192040c65aa378.tar.gz', 'https://cmsweb.cern.ch/S3/crabcache_prod', 'amalhotr', '/DC=ch/DC=cern/OU=Organic Units/OU=Users/CN=amalhotr/CN=884837/CN=Aryan Malhotra', 'cms', 'None', 'None', 'DY2Mu4Jets_ScoutingTree_CombinedChain-00000000000000000000000000000000', 'F', 'T3_CH_CERNBOX', 'https://cmsweb.cern.ch/dbs/prod/global/DBSReader', 'https://cmsweb.cern.ch/dbs/prod/phys03/DBSWriter', 'F', '[]', "['DY2M_ScoutingTree_Output.root']", '[]', 'Analysis', 'pythia', 'None', '{}', 'T', 'crab-prod-tw01', '[]', '1250', '1', '2000', '10', "['/FakeDataset/fakefile-FakePublish-432f458ba622c107ce66f4b2f64cbd8e/USER']", '["The input dataset /DYto2Mu-4Jets_Bin-MLL-50_TuneCP5_13p6TeV_madgraphMLM-pythia8/RunIII2024Summer24MiniAOD-140X_mcRun3_2024_realistic_v26-v2/MINIAODSIM is not \'VALID\' but \'INVALID\'. CRAB will check if there are any valid files in the dataset and run only over those files."]', 'http://vocms0120.cern.ch/mon/amalhotr/250426_190506:amalhotr_crab_DY2Mu4Jets_ScoutingTree_CombinedChain', 'None', '[]', '[]', 'cmsgwms-collector-global.cern.ch:9620,cmsgwms-collector-global.fnal.gov:9620', 'crab3@vocms0120.cern.ch', 'F', '[]', 'T', '/store/user/amalhotr/DY2Mu4Jets_ScoutingTree/', 'F', 'None', 'F', 'None', 'DYto2Mu-4Jets_Bin-MLL-50_TuneCP5_13p6TeV_madgraphMLM-pythia8', 'None', 'afba223fe6306ffddb5fb63d6cd4aa9fffde65aa207def45967aa2df64721a23.tar.gz', '122472659', 'F', '188.185.22.29', '2.0', 'None', '{"partialdataset": false, "requireaccelerator": false, "acceleratorparams": null, "inputblocks": null}', 'None', 'None', 'None', 'None', 'any', 'RUNNING', '2', 'F']}
INFO 2025-04-27 09:19:47.730 UTC: 	 CRAB project directory:		/afs/cern.ch/user/a/amalhotr/CMSSW_14_0_18_patch1/src/Run3ScoutingAnalysisTools/crab_DY2Mu4Jets_ScoutingTree_CombinedChain
INFO 2025-04-27 09:19:47.730 UTC: 	 Task name:			250426_190506:amalhotr_crab_DY2Mu4Jets_ScoutingTree_CombinedChain
INFO 2025-04-27 09:19:47.730 UTC: 	 Grid scheduler - Task Worker:	crab3@vocms0120.cern.ch - crab-prod-tw01
INFO 2025-04-27 09:19:47.730 UTC: 	 Status on the CRAB server:	SUBMITTED
INFO 2025-04-27 09:19:47.730 UTC: 	 Task URL to use for HELP:	https://cmsweb.cern.ch/crabserver/ui/task/250426_190506%3Aamalhotr_crab_DY2Mu4Jets_ScoutingTree_CombinedChain
INFO 2025-04-27 09:19:47.737 UTC: 	 Dashboard monitoring URL:	https://monit-grafana.cern.ch/d/cmsTMDetail/cms-task-monitoring-task-view?orgId=11&var-user=amalhotr&var-task=250426_190506%3Aamalhotr_crab_DY2Mu4Jets_ScoutingTree_CombinedChain&from=1745690706000&to=now
WARNING 2025-04-27 09:19:47.737 UTC: 	 Warning:			The input dataset /DYto2Mu-4Jets_Bin-MLL-50_TuneCP5_13p6TeV_madgraphMLM-pythia8/RunIII2024Summer24MiniAOD-140X_mcRun3_2024_realistic_v26-v2/MINIAODSIM is not 'VALID' but 'INVALID'. CRAB will check if there are any valid files in the dataset and run only over those files.
DEBUG 2025-04-27 09:19:47.737 UTC: 	 The CRAB server submitted your task to the Grid scheduler (cluster ID: 122472659)
DEBUG 2025-04-27 09:19:47.737 UTC: 	 Webdir is located at http://vocms0120.cern.ch/mon/amalhotr/250426_190506:amalhotr_crab_DY2Mu4Jets_ScoutingTree_CombinedChain
DEBUG 2025-04-27 09:19:47.737 UTC: 	 Encoded data for curl request: subresource=webdirprx&workflow=250426_190506%3Aamalhotr_crab_DY2Mu4Jets_ScoutingTree_CombinedChain
DEBUG 2025-04-27 09:19:47.781 UTC: 	 Proxied webdir is located at https://cmsweb.cern.ch:8443/scheddmon/0120/amalhotr/250426_190506:amalhotr_crab_DY2Mu4Jets_ScoutingTree_CombinedChain
DEBUG 2025-04-27 09:19:47.782 UTC: 	 Retrieving 'status_cache' file from https://cmsweb.cern.ch:8443/scheddmon/0120/amalhotr/250426_190506:amalhotr_crab_DY2Mu4Jets_ScoutingTree_CombinedChain/status_cache.pkl
DEBUG 2025-04-27 09:19:47.782 UTC: 	 Will execute:
curl -sS --capath /etc/grid-security/certificates --cert /tmp/x509up_u180451 --key /tmp/x509up_u180451 -o /tmp/crab_status-cache-3wnandub.pkl -w %"{http_code}" "https://cmsweb.cern.ch:8443/scheddmon/0120/amalhotr/250426_190506:amalhotr_crab_DY2Mu4Jets_ScoutingTree_CombinedChain/status_cache.pkl"
DEBUG 2025-04-27 09:19:47.782 UTC: 	 Executing command :
 curl -sS --capath /etc/grid-security/certificates --cert /tmp/x509up_u180451 --key /tmp/x509up_u180451 -o /tmp/crab_status-cache-3wnandub.pkl -w %"{http_code}" "https://cmsweb.cern.ch:8443/scheddmon/0120/amalhotr/250426_190506:amalhotr_crab_DY2Mu4Jets_ScoutingTree_CombinedChain/status_cache.pkl"
DEBUG 2025-04-27 09:19:47.822 UTC: 	 output : 200
 error: 
 retcode : 0
DEBUG 2025-04-27 09:19:47.822 UTC: 	 exitcode: 0
stdout: 200
stderr: 
error details: 
DEBUG 2025-04-27 09:19:47.822 UTC: 	 Got information from status cache file: {'2': {'Retries': 0, 'Restarts': 0, 'SiteHistory': ['Unknown', 'T2_US_Vanderbilt', 'T2_US_Vanderbilt'], 'ResidentSetSize': [1275040], 'SubmitTimes': [1745694458.0], 'StartTimes': [1745694532.0], 'EndTimes': [1745732640.0], 'TotalUserCpuTimeHistory': [35292], 'TotalSysCpuTimeHistory': [34], 'WallDurations': [8.0, 293.16236090660095, 38108.0], 'JobIds': ['122472665.0'], 'State': 'transferring', 'RecordedSite': True}, '1': {'Retries': 0, 'Restarts': 0, 'SiteHistory': ['Unknown', 'T2_US_Vanderbilt', 'T2_US_Vanderbilt'], 'ResidentSetSize': [1231308], 'SubmitTimes': [1745694458.0], 'StartTimes': [1745694532.0], 'EndTimes': [1745741386.0], 'TotalUserCpuTimeHistory': [38258], 'TotalSysCpuTimeHistory': [17], 'WallDurations': [9.0, 293.16236090660095, 46854.0], 'JobIds': ['122472666.0'], 'State': 'transferring', 'RecordedSite': True}}
INFO 2025-04-27 09:19:47.822 UTC: 	 Status on the scheduler:	SUBMITTED
INFO 2025-04-27 09:19:47.822 UTC: 	 
Jobs status:                    transferring 		100.0% (2/2)
INFO 2025-04-27 09:19:47.822 UTC: 	 
No publication information (publication has been disabled in the CRAB configuration file)
INFO 2025-04-27 09:19:47.822 UTC: 	 
Summary of run jobs:
 * Memory: 1202MB min, 1245MB max, 1224MB ave
 * Runtime: 10:35:08 min, 13:00:54 max, 11:48:01 ave
 * CPU eff: 82% min, 93% max, 87% ave
 * Waste: 0:10:03 (1% of total)

INFO 2025-04-27 09:19:47.834 UTC: 	 Log file is /afs/cern.ch/user/a/amalhotr/CMSSW_14_0_18_patch1/src/Run3ScoutingAnalysisTools/crab_DY2Mu4Jets_ScoutingTree_CombinedChain/crab.log
DEBUG 2025-09-08 16:47:30.016 UTC: 	 CRAB Client version: v3.250820
DEBUG 2025-09-08 16:47:30.016 UTC: 	 Running on: Linux lxplus935.cern.ch 5.14.0-570.37.1.el9_6.x86_64 #1 SMP PREEMPT_DYNAMIC Sat Aug 16 01:10:00 EDT 2025 x86_64 x86_64 x86_64 GNU/Linux
DEBUG 2025-09-08 16:47:30.016 UTC: 	 Not using Singularity
DEBUG 2025-09-08 16:47:30.016 UTC: 	 Operating System: Red Hat Enterprise Linux 9.6 (Plow)
DEBUG 2025-09-08 16:47:30.016 UTC: 	 Executing command: 'kill'
DEBUG 2025-09-08 16:47:30.016 UTC: 	 Found CRAB cache file /afs/cern.ch/user/a/amalhotr/.crab3
DEBUG 2025-09-08 16:47:30.077 UTC: 	 Checking credentials
DEBUG 2025-09-08 16:47:30.077 UTC: 	 Found proxy file /tmp/x509up_u180451
DEBUG 2025-09-08 16:47:30.077 UTC: 	 Making sure it has proper VOMS extension
DEBUG 2025-09-08 16:47:30.077 UTC: 	 Executing command :
 voms-proxy-info --vo --file /tmp/x509up_u180451
DEBUG 2025-09-08 16:47:30.103 UTC: 	 output : cms

 error: 
 retcode : 0
DEBUG 2025-09-08 16:47:30.104 UTC: 	 Getting proxy life time left
DEBUG 2025-09-08 16:47:30.104 UTC: 	 Executing command :
 voms-proxy-info --actimeleft --timeleft --file /tmp/x509up_u180451
DEBUG 2025-09-08 16:47:30.128 UTC: 	 output : 690852
690852

 error: 
 retcode : 0
DEBUG 2025-09-08 16:47:30.128 UTC: 	 Proxy valid for 191:54:12 hours
DEBUG 2025-09-08 16:47:30.129 UTC: 	 Encoded data for curl request: subresource=delegatedn
DEBUG 2025-09-08 16:47:30.207 UTC: 	 Registering user credentials on myproxy for /DC=ch/DC=cern/OU=computers/CN=crab-(preprod|prod)-tw(01|02).cern.ch|/DC=ch/DC=cern/OU=computers/CN=crab-dev-tw(01|02|03|04).cern.ch|/DC=ch/DC=cern/OU=Organic Units/OU=Users/CN=cmscrab/CN=(817881|373708)/CN=Robot: cms crab|/DC=ch/DC=cern/OU=Organic Units/OU=Users/CN=crabint1/CN=373708/CN=Robot: CMS CRAB Integration 1
DEBUG 2025-09-08 16:47:30.207 UTC: 	 Executing command :
 voms-proxy-info --identity --file /tmp/x509up_u180451
DEBUG 2025-09-08 16:47:30.241 UTC: 	 output : /DC=ch/DC=cern/OU=Organic Units/OU=Users/CN=amalhotr/CN=884837/CN=Aryan Malhotra

 error: 
 retcode : 0
DEBUG 2025-09-08 16:47:30.241 UTC: 	 Getting myproxy life time left for 2382a3cf28fdeacb1de9b039908761ea517a5ed6
DEBUG 2025-09-08 16:47:30.241 UTC: 	 Executing command :
 myproxy-info -s myproxy.cern.ch -l 2382a3cf28fdeacb1de9b039908761ea517a5ed6
DEBUG 2025-09-08 16:47:30.515 UTC: 	 output : username: 2382a3cf28fdeacb1de9b039908761ea517a5ed6
owner: /DC=ch/DC=cern/OU=Organic Units/OU=Users/CN=amalhotr/CN=884837/CN=Aryan Malhotra
  renewal policy: /DC=ch/DC=cern/OU=computers/CN=crab-(preprod|prod)-tw(01|02).cern.ch|/DC=ch/DC=cern/OU=computers/CN=crab-dev-tw(01|02|03|04).cern.ch|/DC=ch/DC=cern/OU=Organic Units/OU=Users/CN=cmscrab/CN=(817881|373708)/CN=Robot: cms crab|/DC=ch/DC=cern/OU=Organic Units/OU=Users/CN=crabint1/CN=373708/CN=Robot: CMS CRAB Integration 1
  trusted retrieval policy: /DC=ch/DC=cern/OU=computers/CN=crab-(preprod|prod)-tw(01|02).cern.ch|/DC=ch/DC=cern/OU=computers/CN=crab-dev-tw(01|02|03|04).cern.ch|/DC=ch/DC=cern/OU=Organic Units/OU=Users/CN=cmscrab/CN=(817881|373708)/CN=Robot: cms crab|/DC=ch/DC=cern/OU=Organic Units/OU=Users/CN=crabint1/CN=373708/CN=Robot: CMS CRAB Integration 1
  timeleft: 719:57:13  (30.0 days)

 error: 
 retcode : 0
DEBUG 2025-09-08 16:47:30.516 UTC: 	 Myproxy is valid: 2591820
DEBUG 2025-09-08 16:47:30.516 UTC: 	 Result of myproxy credential check:
  Credential exists on myproxy: username: 2382a3cf28fdeacb1de9b039908761ea517a5ed6  - validity: 29 days, 23:57:00
DEBUG 2025-09-08 16:47:30.516 UTC: 	 Command use: kill
DEBUG 2025-09-08 16:47:30.516 UTC: 	 Options use: ['-d', 'crab_DY2Mu4Jets_ScoutingTree_CombinedChain']
DEBUG 2025-09-08 16:47:30.516 UTC: 	 Encoded data for curl request: subresource=version
DEBUG 2025-09-08 16:47:30.560 UTC: 	 CRABClient version: v3.250820
DEBUG 2025-09-08 16:47:30.560 UTC: 	 Instance is prod
DEBUG 2025-09-08 16:47:30.560 UTC: 	 Server base url is cmsweb.cern.ch
DEBUG 2025-09-08 16:47:30.560 UTC: 	 Command api workflow
DEBUG 2025-09-08 16:47:30.560 UTC: 	 Killing task 250426_190506:amalhotr_crab_DY2Mu4Jets_ScoutingTree_CombinedChain
DEBUG 2025-09-08 16:47:30.561 UTC: 	 Encoded data for curl request: workflow=250426_190506%3Aamalhotr_crab_DY2Mu4Jets_ScoutingTree_CombinedChain
DEBUG 2025-09-08 16:47:30.627 UTC: 	 Result: {'desc': {'columns': ['tm_taskname', 'tm_task_status', 'tm_task_command', 'tm_user_role', 'tm_user_group', 'tm_task_failure', 'tm_split_algo', 'tm_split_args', 'tm_save_logs', 'tm_username', 'tm_user_dn', 'tm_arguments', 'tm_input_dataset', 'tm_dbs_url', 'tm_task_warnings', 'tm_publication', 'tm_user_webdir', 'tm_output_dataset', 'tm_collector', 'tm_schedd', 'tm_dry_run', 'clusterid', 'tm_start_time', 'tw_name', 'tm_dagman_status', 'tm_num_jobs', 'tm_uploaded']}, 'result': [{'result': 'ok'}]}
INFO 2025-09-08 16:47:30.628 UTC: 	 Kill request successfully sent
INFO 2025-09-08 16:47:30.674 UTC: 	 Log file is /afs/cern.ch/user/a/amalhotr/CMSSW_14_0_18_patch1/src/Run3ScoutingAnalysisTools/crab_DY2Mu4Jets_ScoutingTree_CombinedChain/crab.log
DEBUG 2025-09-08 16:55:14.773 UTC: 	 CRAB Client version: v3.250820
DEBUG 2025-09-08 16:55:14.773 UTC: 	 Running on: Linux lxplus935.cern.ch 5.14.0-570.37.1.el9_6.x86_64 #1 SMP PREEMPT_DYNAMIC Sat Aug 16 01:10:00 EDT 2025 x86_64 x86_64 x86_64 GNU/Linux
DEBUG 2025-09-08 16:55:14.773 UTC: 	 Not using Singularity
DEBUG 2025-09-08 16:55:14.773 UTC: 	 Operating System: Red Hat Enterprise Linux 9.6 (Plow)
DEBUG 2025-09-08 16:55:14.773 UTC: 	 Executing command: 'kill'
DEBUG 2025-09-08 16:55:14.779 UTC: 	 Found CRAB cache file /afs/cern.ch/user/a/amalhotr/.crab3
DEBUG 2025-09-08 16:55:14.856 UTC: 	 Checking credentials
DEBUG 2025-09-08 16:55:14.856 UTC: 	 Found proxy file /tmp/x509up_u180451
DEBUG 2025-09-08 16:55:14.856 UTC: 	 Making sure it has proper VOMS extension
DEBUG 2025-09-08 16:55:14.856 UTC: 	 Executing command :
 voms-proxy-info --vo --file /tmp/x509up_u180451
DEBUG 2025-09-08 16:55:14.887 UTC: 	 output : cms

 error: 
 retcode : 0
DEBUG 2025-09-08 16:55:14.887 UTC: 	 Getting proxy life time left
DEBUG 2025-09-08 16:55:14.887 UTC: 	 Executing command :
 voms-proxy-info --actimeleft --timeleft --file /tmp/x509up_u180451
DEBUG 2025-09-08 16:55:14.913 UTC: 	 output : 690388
690388

 error: 
 retcode : 0
DEBUG 2025-09-08 16:55:14.913 UTC: 	 Proxy valid for 191:46:28 hours
DEBUG 2025-09-08 16:55:14.913 UTC: 	 Encoded data for curl request: subresource=delegatedn
DEBUG 2025-09-08 16:55:14.961 UTC: 	 Registering user credentials on myproxy for /DC=ch/DC=cern/OU=computers/CN=crab-(preprod|prod)-tw(01|02).cern.ch|/DC=ch/DC=cern/OU=computers/CN=crab-dev-tw(01|02|03|04).cern.ch|/DC=ch/DC=cern/OU=Organic Units/OU=Users/CN=cmscrab/CN=(817881|373708)/CN=Robot: cms crab|/DC=ch/DC=cern/OU=Organic Units/OU=Users/CN=crabint1/CN=373708/CN=Robot: CMS CRAB Integration 1
DEBUG 2025-09-08 16:55:14.962 UTC: 	 Executing command :
 voms-proxy-info --identity --file /tmp/x509up_u180451
DEBUG 2025-09-08 16:55:14.987 UTC: 	 output : /DC=ch/DC=cern/OU=Organic Units/OU=Users/CN=amalhotr/CN=884837/CN=Aryan Malhotra

 error: 
 retcode : 0
DEBUG 2025-09-08 16:55:14.988 UTC: 	 Getting myproxy life time left for 2382a3cf28fdeacb1de9b039908761ea517a5ed6
DEBUG 2025-09-08 16:55:14.988 UTC: 	 Executing command :
 myproxy-info -s myproxy.cern.ch -l 2382a3cf28fdeacb1de9b039908761ea517a5ed6
DEBUG 2025-09-08 16:55:15.274 UTC: 	 output : username: 2382a3cf28fdeacb1de9b039908761ea517a5ed6
owner: /DC=ch/DC=cern/OU=Organic Units/OU=Users/CN=amalhotr/CN=884837/CN=Aryan Malhotra
  renewal policy: /DC=ch/DC=cern/OU=computers/CN=crab-(preprod|prod)-tw(01|02).cern.ch|/DC=ch/DC=cern/OU=computers/CN=crab-dev-tw(01|02|03|04).cern.ch|/DC=ch/DC=cern/OU=Organic Units/OU=Users/CN=cmscrab/CN=(817881|373708)/CN=Robot: cms crab|/DC=ch/DC=cern/OU=Organic Units/OU=Users/CN=crabint1/CN=373708/CN=Robot: CMS CRAB Integration 1
  trusted retrieval policy: /DC=ch/DC=cern/OU=computers/CN=crab-(preprod|prod)-tw(01|02).cern.ch|/DC=ch/DC=cern/OU=computers/CN=crab-dev-tw(01|02|03|04).cern.ch|/DC=ch/DC=cern/OU=Organic Units/OU=Users/CN=cmscrab/CN=(817881|373708)/CN=Robot: cms crab|/DC=ch/DC=cern/OU=Organic Units/OU=Users/CN=crabint1/CN=373708/CN=Robot: CMS CRAB Integration 1
  timeleft: 719:49:28  (30.0 days)

 error: 
 retcode : 0
DEBUG 2025-09-08 16:55:15.274 UTC: 	 Myproxy is valid: 2591340
DEBUG 2025-09-08 16:55:15.274 UTC: 	 Result of myproxy credential check:
  Credential exists on myproxy: username: 2382a3cf28fdeacb1de9b039908761ea517a5ed6  - validity: 29 days, 23:49:00
DEBUG 2025-09-08 16:55:15.275 UTC: 	 Command use: kill
DEBUG 2025-09-08 16:55:15.275 UTC: 	 Options use: ['-d', 'crab_DY2Mu4Jets_ScoutingTree_CombinedChain']
DEBUG 2025-09-08 16:55:15.275 UTC: 	 Encoded data for curl request: subresource=version
DEBUG 2025-09-08 16:55:15.318 UTC: 	 CRABClient version: v3.250820
DEBUG 2025-09-08 16:55:15.318 UTC: 	 Instance is prod
DEBUG 2025-09-08 16:55:15.318 UTC: 	 Server base url is cmsweb.cern.ch
DEBUG 2025-09-08 16:55:15.318 UTC: 	 Command api workflow
DEBUG 2025-09-08 16:55:15.318 UTC: 	 Killing task 250426_190506:amalhotr_crab_DY2Mu4Jets_ScoutingTree_CombinedChain
DEBUG 2025-09-08 16:55:15.319 UTC: 	 Encoded data for curl request: workflow=250426_190506%3Aamalhotr_crab_DY2Mu4Jets_ScoutingTree_CombinedChain
DEBUG 2025-09-08 16:55:15.364 UTC: 	 Result: {'desc': {'columns': ['tm_taskname', 'tm_task_status', 'tm_task_command', 'tm_user_role', 'tm_user_group', 'tm_task_failure', 'tm_split_algo', 'tm_split_args', 'tm_save_logs', 'tm_username', 'tm_user_dn', 'tm_arguments', 'tm_input_dataset', 'tm_dbs_url', 'tm_task_warnings', 'tm_publication', 'tm_user_webdir', 'tm_output_dataset', 'tm_collector', 'tm_schedd', 'tm_dry_run', 'clusterid', 'tm_start_time', 'tw_name', 'tm_dagman_status', 'tm_num_jobs', 'tm_uploaded']}, 'result': [{'result': 'ok'}]}
INFO 2025-09-08 16:55:15.364 UTC: 	 Kill request successfully sent
INFO 2025-09-08 16:55:15.369 UTC: 	 Log file is /afs/cern.ch/user/a/amalhotr/CMSSW_14_0_18_patch1/src/Run3ScoutingAnalysisTools/crab_DY2Mu4Jets_ScoutingTree_CombinedChain/crab.log
