DEBUG 2025-12-09 20:18:33.773 UTC: 	 CRAB Client version: v3.251020
DEBUG 2025-12-09 20:18:33.773 UTC: 	 Running on: Linux lxplus912.cern.ch 5.14.0-611.9.1.el9_7.x86_64 #1 SMP PREEMPT_DYNAMIC Sat Nov 15 05:15:45 EST 2025 x86_64 x86_64 x86_64 GNU/Linux
DEBUG 2025-12-09 20:18:33.773 UTC: 	 Not using Singularity
DEBUG 2025-12-09 20:18:33.773 UTC: 	 Operating System: Red Hat Enterprise Linux 9.7 (Plow)
DEBUG 2025-12-09 20:18:33.773 UTC: 	 Executing command: 'submit'
DEBUG 2025-12-09 20:18:33.774 UTC: 	 Found CRAB cache file /afs/cern.ch/user/a/amalhotr/.crab3
INFO 2025-12-09 20:18:33.814 UTC: 	 Will use CRAB configuration file chainedCrabConfig.py
DEBUG 2025-12-09 20:18:33.814 UTC: 	 Loading CRAB configuration file.
DEBUG 2025-12-09 20:18:33.861 UTC: 	 Will use CRAB plugin ANALYSIS (i.e. will run an analysis job type).
DEBUG 2025-12-09 20:18:33.980 UTC: 	 Checking credentials
DEBUG 2025-12-09 20:18:33.981 UTC: 	 Found proxy file /tmp/x509up_u180451
DEBUG 2025-12-09 20:18:33.981 UTC: 	 Making sure it has proper VOMS extension
DEBUG 2025-12-09 20:18:33.981 UTC: 	 Executing command :
 voms-proxy-info --vo --file /tmp/x509up_u180451
DEBUG 2025-12-09 20:18:34.032 UTC: 	 output : cms

 error: 
 retcode : 0
DEBUG 2025-12-09 20:18:34.032 UTC: 	 Getting proxy life time left
DEBUG 2025-12-09 20:18:34.032 UTC: 	 Executing command :
 voms-proxy-info --actimeleft --timeleft --file /tmp/x509up_u180451
DEBUG 2025-12-09 20:18:34.061 UTC: 	 output : 688416
688415

 error: 
 retcode : 0
DEBUG 2025-12-09 20:18:34.062 UTC: 	 Proxy valid for 191:13:35 hours
DEBUG 2025-12-09 20:18:34.062 UTC: 	 Encoded data for curl request: subresource=delegatedn
DEBUG 2025-12-09 20:18:34.118 UTC: 	 Registering user credentials on myproxy for /DC=ch/DC=cern/OU=Organic Units/OU=Users/CN=cmscrab/CN=(817881|373708)/CN=Robot: cms crab|/DC=ch/DC=cern/OU=Organic Units/OU=Users/CN=crabint1/CN=373708/CN=Robot: CMS CRAB Integration 1
DEBUG 2025-12-09 20:18:34.119 UTC: 	 Executing command :
 voms-proxy-info --identity --file /tmp/x509up_u180451
DEBUG 2025-12-09 20:18:34.147 UTC: 	 output : /DC=ch/DC=cern/OU=Organic Units/OU=Users/CN=amalhotr/CN=884837/CN=Aryan Malhotra

 error: 
 retcode : 0
DEBUG 2025-12-09 20:18:34.147 UTC: 	 Getting myproxy life time left for 2382a3cf28fdeacb1de9b039908761ea517a5ed6
DEBUG 2025-12-09 20:18:34.147 UTC: 	 Executing command :
 myproxy-info -s myproxy.cern.ch -l 2382a3cf28fdeacb1de9b039908761ea517a5ed6
DEBUG 2025-12-09 20:18:34.475 UTC: 	 output : username: 2382a3cf28fdeacb1de9b039908761ea517a5ed6
owner: /DC=ch/DC=cern/OU=Organic Units/OU=Users/CN=amalhotr/CN=884837/CN=Aryan Malhotra
  renewal policy: /DC=ch/DC=cern/OU=Organic Units/OU=Users/CN=cmscrab/CN=(817881|373708)/CN=Robot: cms crab|/DC=ch/DC=cern/OU=Organic Units/OU=Users/CN=crabint1/CN=373708/CN=Robot: CMS CRAB Integration 1
  trusted retrieval policy: /DC=ch/DC=cern/OU=Organic Units/OU=Users/CN=cmscrab/CN=(817881|373708)/CN=Robot: cms crab|/DC=ch/DC=cern/OU=Organic Units/OU=Users/CN=crabint1/CN=373708/CN=Robot: CMS CRAB Integration 1
  timeleft: 489:30:02  (20.4 days)

 error: 
 retcode : 0
DEBUG 2025-12-09 20:18:34.475 UTC: 	 Myproxy is valid: 1762200
DEBUG 2025-12-09 20:18:34.475 UTC: 	 Result of myproxy credential check:
  Credential exists on myproxy: username: 2382a3cf28fdeacb1de9b039908761ea517a5ed6  - validity: 20 days, 9:30:00
DEBUG 2025-12-09 20:18:34.475 UTC: 	 Command use: submit
DEBUG 2025-12-09 20:18:34.475 UTC: 	 Options use: ['-c', 'chainedCrabConfig.py']
DEBUG 2025-12-09 20:18:34.476 UTC: 	 Encoded data for curl request: subresource=version
DEBUG 2025-12-09 20:18:34.529 UTC: 	 CRABClient version: v3.251020
DEBUG 2025-12-09 20:18:34.529 UTC: 	 Instance is prod
DEBUG 2025-12-09 20:18:34.529 UTC: 	 Server base url is cmsweb.cern.ch
DEBUG 2025-12-09 20:18:34.529 UTC: 	 Command api workflow
DEBUG 2025-12-09 20:18:34.529 UTC: 	 Started submission
DEBUG 2025-12-09 20:18:34.529 UTC: 	 Working on /afs/cern.ch/user/a/amalhotr/CMSSW_14_0_18_patch1/src/Run3ScoutingAnalysisTools/crab_ScoutingData_2024H_TreeMaker
DEBUG 2025-12-09 20:18:34.745 UTC: 	 Loading required information from the environment
DEBUG 2025-12-09 20:18:34.745 UTC: 	 Found CMSSW_14_0_18_patch1 for el9_amd64_gcc12 with base /afs/cern.ch/user/a/amalhotr/CMSSW_14_0_18_patch1
DEBUG 2025-12-09 20:18:34.746 UTC: 	 Loading required information from the environment
DEBUG 2025-12-09 20:18:34.746 UTC: 	 Found CMSSW_14_0_18_patch1 for el9_amd64_gcc12 with base /afs/cern.ch/user/a/amalhotr/CMSSW_14_0_18_patch1
DEBUG 2025-12-09 20:18:34.746 UTC: 	 UNIQUE NAME: tarUUID f28135c3-5842-4977-abee-4d9c9b675de5 
DEBUG 2025-12-09 20:18:34.746 UTC: 	 self.config: from WMCore.Configuration import Configuration
config = Configuration()
config.section_('General')
config.General.transferLogs = True
config.General.requestName = 'ScoutingData_2024H_TreeMaker'
config.General.transferOutputs = True
config.section_('JobType')
config.JobType.pluginName = 'Analysis'
config.JobType.maxMemoryMB = 3000
config.JobType.psetName = 'UnifiedScoutingVertexingTreeMaker.py'
config.JobType.outputFiles = ['ScoutingTree_Output.root']
config.section_('Data')
config.Data.splitting = 'FileBased'
config.Data.allowNonValidInputDataset = True
config.Data.inputDBS = 'global'
config.Data.publication = False
config.Data.outputDatasetTag = 'ScoutingData_2024H_TreeMaker'
config.Data.inputDataset = '/ScoutingPFRun3/Run2024H-v1/HLTSCOUT'
config.Data.unitsPerJob = 30
config.section_('Site')
config.Site.storageSite = 'T3_CH_CERNBOX'
config.section_('User')
config.section_('Debug')

DEBUG 2025-12-09 20:18:34.746 UTC: 	 self.config.JobType.psetName: UnifiedScoutingVertexingTreeMaker.py
INFO 2025-12-09 20:18:34.746 UTC: 	 Importing CMSSW configuration UnifiedScoutingVertexingTreeMaker.py
INFO 2025-12-09 20:18:35.407 UTC: 	 Finished importing CMSSW configuration UnifiedScoutingVertexingTreeMaker.py
DEBUG 2025-12-09 20:18:35.407 UTC: 	 Writing CMSSW configuration to /afs/cern.ch/user/a/amalhotr/CMSSW_14_0_18_patch1/src/Run3ScoutingAnalysisTools/crab_ScoutingData_2024H_TreeMaker/inputs/PSet.py
DEBUG 2025-12-09 20:18:35.433 UTC: 	 The following EDM output files will be collected: []
DEBUG 2025-12-09 20:18:35.433 UTC: 	 The following TFile output files will be collected: ['ScoutingTree_Output.root']
DEBUG 2025-12-09 20:18:35.433 UTC: 	 The following user output files (not listed as PoolOuputModule or TFileService in the CMSSW PSet) will be collected: 
DEBUG 2025-12-09 20:18:35.433 UTC: 	 Loading required information from the environment
DEBUG 2025-12-09 20:18:35.433 UTC: 	 Found CMSSW_14_0_18_patch1 for el9_amd64_gcc12 with base /afs/cern.ch/user/a/amalhotr/CMSSW_14_0_18_patch1
DEBUG 2025-12-09 20:18:35.433 UTC: 	 Making tarball in /afs/cern.ch/user/a/amalhotr/CMSSW_14_0_18_patch1/src/Run3ScoutingAnalysisTools/crab_ScoutingData_2024H_TreeMaker/inputs/f28135c3-5842-4977-abee-4d9c9b675de5default.tgz
DEBUG 2025-12-09 20:18:35.434 UTC: 	 Checking directory /afs/cern.ch/user/a/amalhotr/CMSSW_14_0_18_patch1/bin
DEBUG 2025-12-09 20:18:35.434 UTC: 	 Adding directory /afs/cern.ch/user/a/amalhotr/CMSSW_14_0_18_patch1/bin to tarball
DEBUG 2025-12-09 20:18:35.442 UTC: 	 Checking directory /afs/cern.ch/user/a/amalhotr/CMSSW_14_0_18_patch1/python
DEBUG 2025-12-09 20:18:35.442 UTC: 	 Adding directory /afs/cern.ch/user/a/amalhotr/CMSSW_14_0_18_patch1/python to tarball
DEBUG 2025-12-09 20:18:38.885 UTC: 	 Checking directory /afs/cern.ch/user/a/amalhotr/CMSSW_14_0_18_patch1/cfipython
DEBUG 2025-12-09 20:18:38.886 UTC: 	 Adding directory /afs/cern.ch/user/a/amalhotr/CMSSW_14_0_18_patch1/cfipython to tarball
DEBUG 2025-12-09 20:18:39.005 UTC: 	 Checking directory /afs/cern.ch/user/a/amalhotr/CMSSW_14_0_18_patch1/lib
DEBUG 2025-12-09 20:18:39.005 UTC: 	 Adding directory /afs/cern.ch/user/a/amalhotr/CMSSW_14_0_18_patch1/lib to tarball
DEBUG 2025-12-09 20:18:39.407 UTC: 	 Checking directory /afs/cern.ch/user/a/amalhotr/CMSSW_14_0_18_patch1/biglib
DEBUG 2025-12-09 20:18:39.407 UTC: 	 Adding directory /afs/cern.ch/user/a/amalhotr/CMSSW_14_0_18_patch1/biglib to tarball
DEBUG 2025-12-09 20:18:39.410 UTC: 	 Checking directory /afs/cern.ch/user/a/amalhotr/CMSSW_14_0_18_patch1/module
DEBUG 2025-12-09 20:18:39.410 UTC: 	 Checking directory /afs/cern.ch/user/a/amalhotr/CMSSW_14_0_18_patch1/config/SCRAM/hooks
DEBUG 2025-12-09 20:18:39.411 UTC: 	 Adding directory /afs/cern.ch/user/a/amalhotr/CMSSW_14_0_18_patch1/config/SCRAM/hooks to tarball
DEBUG 2025-12-09 20:18:41.356 UTC: 	 Adding directory /afs/cern.ch/user/a/amalhotr/CMSSW_14_0_18_patch1/src/Run3ScoutingAnalysisTools/DataFormats/Scouting/interface to tarball
DEBUG 2025-12-09 20:18:41.428 UTC: 	 Adding directory /afs/cern.ch/user/a/amalhotr/CMSSW_14_0_18_patch1/src/Run3ScoutingAnalysisTools/ScoutingTreeMakerRun3/python to tarball
DEBUG 2025-12-09 20:18:41.535 UTC: 	 Adding directory /afs/cern.ch/user/a/amalhotr/CMSSW_14_0_18_patch1/src/DataFormats/Scouting/interface to tarball
DEBUG 2025-12-09 20:18:41.655 UTC: 	 Adding directory /afs/cern.ch/user/a/amalhotr/CMSSW_14_0_18_patch1/src/Configuration/GenProduction/python to tarball
DEBUG 2025-12-09 20:18:41.857 UTC: 	 Uploading archive /afs/cern.ch/user/a/amalhotr/CMSSW_14_0_18_patch1/src/Run3ScoutingAnalysisTools/crab_ScoutingData_2024H_TreeMaker/inputs/f28135c3-5842-4977-abee-4d9c9b675de5default.tgz (0.520508.1 MB) to the CRAB cache.
DEBUG 2025-12-09 20:18:42.149 UTC: 	 Encoded data for curl request: subresource=upload&objecttype=sandbox&tarballname=5eb954b4334df937dbbebde367bea44398e8ad86599509caff54a379091f20e7.tar.gz
DEBUG 2025-12-09 20:18:42.210 UTC: 	 Will execute:
curl -f -v -X POST  -H "User-Agent: CRAB" -F "key=amalhotr/sandboxes/5eb954b4334df937dbbebde367bea44398e8ad86599509caff54a379091f20e7.tar.gz" -F "AWSAccessKeyId=715203df6482458ba839e73e6dab634b" -F "policy=eyJleHBpcmF0aW9uIjogIjIwMjUtMTItMDlUMjE6MTg6NDJaIiwgImNvbmRpdGlvbnMiOiBbeyJidWNrZXQiOiAiY3JhYmNhY2hlX3Byb2QifSwgeyJrZXkiOiAiYW1hbGhvdHIvc2FuZGJveGVzLzVlYjk1NGI0MzM0ZGY5MzdkYmJlYmRlMzY3YmVhNDQzOThlOGFkODY1OTk1MDljYWZmNTRhMzc5MDkxZjIwZTcudGFyLmd6In1dfQ==" -F "signature=XyWoAlnkwtbc8yGsXvZ4eXPe+Js=" -F "file=@/afs/cern.ch/user/a/amalhotr/CMSSW_14_0_18_patch1/src/Run3ScoutingAnalysisTools/crab_ScoutingData_2024H_TreeMaker/inputs/f28135c3-5842-4977-abee-4d9c9b675de5default.tgz" "https://s3.cern.ch/crabcache_prod"
DEBUG 2025-12-09 20:18:42.298 UTC: 	 exitcode: 0
stdout: b''
DEBUG 2025-12-09 20:18:42.298 UTC: 	 upload to S3 of sandbox /afs/cern.ch/user/a/amalhotr/CMSSW_14_0_18_patch1/src/Run3ScoutingAnalysisTools/crab_ScoutingData_2024H_TreeMaker/inputs/f28135c3-5842-4977-abee-4d9c9b675de5default.tgz completed
DEBUG 2025-12-09 20:18:42.298 UTC: 	 make sure that object is ready for retrieve
DEBUG 2025-12-09 20:18:43.300 UTC: 	 Encoded data for curl request: subresource=download&objecttype=sandbox&tarballname=5eb954b4334df937dbbebde367bea44398e8ad86599509caff54a379091f20e7.tar.gz&clientmethod=head_object
DEBUG 2025-12-09 20:18:43.345 UTC: 	 PreSignedUrl to download sandbox received OK
DEBUG 2025-12-09 20:18:43.349 UTC: 	 Will execute:
 curl -v -s -f -o /dev/null --head  "https://s3.cern.ch/crabcache_prod/amalhotr/sandboxes/5eb954b4334df937dbbebde367bea44398e8ad86599509caff54a379091f20e7.tar.gz?AWSAccessKeyId=715203df6482458ba839e73e6dab634b&Signature=YPEnYTMRl7mUWjCcCmI9Tem%2Bp0Y%3D&Expires=1765315123"
DEBUG 2025-12-09 20:18:43.385 UTC: 	 exitcode: 0
stdout: b''
DEBUG 2025-12-09 20:18:43.385 UTC: 	 sandbox /afs/cern.ch/user/a/amalhotr/CMSSW_14_0_18_patch1/src/Run3ScoutingAnalysisTools/crab_ScoutingData_2024H_TreeMaker/inputs/f28135c3-5842-4977-abee-4d9c9b675de5default.tgz successfully uploaded to S3
DEBUG 2025-12-09 20:18:43.385 UTC: 	 Loading required information from the environment
DEBUG 2025-12-09 20:18:43.385 UTC: 	 Found CMSSW_14_0_18_patch1 for el9_amd64_gcc12 with base /afs/cern.ch/user/a/amalhotr/CMSSW_14_0_18_patch1
DEBUG 2025-12-09 20:18:43.385 UTC: 	 Making tarball in /afs/cern.ch/user/a/amalhotr/CMSSW_14_0_18_patch1/src/Run3ScoutingAnalysisTools/crab_ScoutingData_2024H_TreeMaker/inputs/debugFiles.tgz
DEBUG 2025-12-09 20:18:43.394 UTC: 	 Uploading archive /afs/cern.ch/user/a/amalhotr/CMSSW_14_0_18_patch1/src/Run3ScoutingAnalysisTools/crab_ScoutingData_2024H_TreeMaker/inputs/debugFiles.tgz (4 KB) to the CRAB cache.
DEBUG 2025-12-09 20:18:43.397 UTC: 	 Encoded data for curl request: subresource=upload&objecttype=sandbox&tarballname=032ce33e70c3a090f787d9e4a1fcd56627ea8fbb09f36fdcac2fd8d2c96d0d16.tar.gz
DEBUG 2025-12-09 20:18:43.459 UTC: 	 Will execute:
curl -f -v -X POST  -H "User-Agent: CRAB" -F "key=amalhotr/sandboxes/032ce33e70c3a090f787d9e4a1fcd56627ea8fbb09f36fdcac2fd8d2c96d0d16.tar.gz" -F "AWSAccessKeyId=715203df6482458ba839e73e6dab634b" -F "policy=eyJleHBpcmF0aW9uIjogIjIwMjUtMTItMDlUMjE6MTg6NDNaIiwgImNvbmRpdGlvbnMiOiBbeyJidWNrZXQiOiAiY3JhYmNhY2hlX3Byb2QifSwgeyJrZXkiOiAiYW1hbGhvdHIvc2FuZGJveGVzLzAzMmNlMzNlNzBjM2EwOTBmNzg3ZDllNGExZmNkNTY2MjdlYThmYmIwOWYzNmZkY2FjMmZkOGQyYzk2ZDBkMTYudGFyLmd6In1dfQ==" -F "signature=uE/RzZ5jS5kGX+o5Zr8vnUV2tMs=" -F "file=@/afs/cern.ch/user/a/amalhotr/CMSSW_14_0_18_patch1/src/Run3ScoutingAnalysisTools/crab_ScoutingData_2024H_TreeMaker/inputs/debugFiles.tgz" "https://s3.cern.ch/crabcache_prod"
DEBUG 2025-12-09 20:18:43.753 UTC: 	 exitcode: 0
stdout: b''
DEBUG 2025-12-09 20:18:43.753 UTC: 	 upload to S3 of sandbox /afs/cern.ch/user/a/amalhotr/CMSSW_14_0_18_patch1/src/Run3ScoutingAnalysisTools/crab_ScoutingData_2024H_TreeMaker/inputs/debugFiles.tgz completed
DEBUG 2025-12-09 20:18:43.753 UTC: 	 make sure that object is ready for retrieve
DEBUG 2025-12-09 20:18:44.754 UTC: 	 Encoded data for curl request: subresource=download&objecttype=sandbox&tarballname=032ce33e70c3a090f787d9e4a1fcd56627ea8fbb09f36fdcac2fd8d2c96d0d16.tar.gz&clientmethod=head_object
DEBUG 2025-12-09 20:18:44.800 UTC: 	 PreSignedUrl to download sandbox received OK
DEBUG 2025-12-09 20:18:44.802 UTC: 	 Will execute:
 curl -v -s -f -o /dev/null --head  "https://s3.cern.ch/crabcache_prod/amalhotr/sandboxes/032ce33e70c3a090f787d9e4a1fcd56627ea8fbb09f36fdcac2fd8d2c96d0d16.tar.gz?AWSAccessKeyId=715203df6482458ba839e73e6dab634b&Signature=ShyPoz57U7%2BAtm7OHZYQHG0FpfU%3D&Expires=1765315124"
DEBUG 2025-12-09 20:18:44.833 UTC: 	 exitcode: 0
stdout: b''
DEBUG 2025-12-09 20:18:44.833 UTC: 	 sandbox /afs/cern.ch/user/a/amalhotr/CMSSW_14_0_18_patch1/src/Run3ScoutingAnalysisTools/crab_ScoutingData_2024H_TreeMaker/inputs/debugFiles.tgz successfully uploaded to S3
DEBUG 2025-12-09 20:18:44.833 UTC: 	 Result uploading input files: 5eb954b4334df937dbbebde367bea44398e8ad86599509caff54a379091f20e7.tar.gz 
DEBUG 2025-12-09 20:18:44.833 UTC: 	 submit() - self.configuration from WMCore.Configuration import Configuration
config = Configuration()
config.section_('General')
config.General.transferLogs = True
config.General.requestName = 'ScoutingData_2024H_TreeMaker'
config.General.transferOutputs = True
config.section_('JobType')
config.JobType.pluginName = 'Analysis'
config.JobType.maxMemoryMB = 3000
config.JobType.psetName = 'UnifiedScoutingVertexingTreeMaker.py'
config.JobType.outputFiles = ['ScoutingTree_Output.root']
config.section_('Data')
config.Data.splitting = 'FileBased'
config.Data.allowNonValidInputDataset = True
config.Data.inputDBS = 'global'
config.Data.publication = False
config.Data.outputDatasetTag = 'ScoutingData_2024H_TreeMaker'
config.Data.inputDataset = '/ScoutingPFRun3/Run2024H-v1/HLTSCOUT'
config.Data.unitsPerJob = 30
config.section_('Site')
config.Site.storageSite = 'T3_CH_CERNBOX'
config.section_('User')
config.section_('Debug')

DEBUG 2025-12-09 20:18:44.834 UTC: 	 submit() - self.configreq {'dryrun': 0, 'workflow': 'crab_ScoutingData_2024H_TreeMaker', 'saveoutput': 1, 'savelogsflag': 1, 'inputdata': '/ScoutingPFRun3/Run2024H-v1/HLTSCOUT', 'nonvaliddata': 1, 'userfiles': [], 'dbsurl': 'https://cmsweb.cern.ch/dbs/prod/global/DBSReader', 'useparent': 0, 'ignorelocality': 0, 'splitalgo': 'FileBased', 'algoargs': 30, 'totalunits': 0, 'publication': 0, 'publishdbsurl': 'https://cmsweb.cern.ch/dbs/prod/phys03/DBSWriter', 'publishname2': 'ScoutingData_2024H_TreeMaker', 'jobtype': 'Analysis', 'generator': 'pythia', 'addoutputfiles': ['ScoutingTree_Output.root'], 'maxjobruntime': 1250, 'numcores': 1, 'maxmemory': 3000, 'priority': 10, 'nonprodsw': 0, 'asyncdest': 'T3_CH_CERNBOX', 'requireaccelerator': 0, 'oneEventMode': 0, 'extrajdl': [], 'ignoreglobalblacklist': 0, 'partialdataset': 0, 'inputblocks': []}
DEBUG 2025-12-09 20:18:44.834 UTC: 	 submit() - jobconfig {'addoutputfiles': [], 'tfileoutfiles': ['ScoutingTree_Output.root'], 'edmoutfiles': [], 'jobarch': 'el9_amd64_gcc12', 'jobminuarch': 'any', 'jobsw': 'CMSSW_14_0_18_patch1', 'inputdata': '/ScoutingPFRun3/Run2024H-v1/HLTSCOUT', 'cachefilename': '5eb954b4334df937dbbebde367bea44398e8ad86599509caff54a379091f20e7.tar.gz', 'debugfilename': '032ce33e70c3a090f787d9e4a1fcd56627ea8fbb09f36fdcac2fd8d2c96d0d16.tar.gz', 'jobtype': 'Analysis'}
INFO 2025-12-09 20:18:44.834 UTC: 	 Sending the request to the server at cmsweb.cern.ch
DEBUG 2025-12-09 20:18:44.834 UTC: 	 Submitting {'dryrun': 0, 'workflow': 'crab_ScoutingData_2024H_TreeMaker', 'saveoutput': 1, 'savelogsflag': 1, 'inputdata': '/ScoutingPFRun3/Run2024H-v1/HLTSCOUT', 'nonvaliddata': 1, 'userfiles': [], 'dbsurl': 'https://cmsweb.cern.ch/dbs/prod/global/DBSReader', 'useparent': 0, 'ignorelocality': 0, 'splitalgo': 'FileBased', 'algoargs': 30, 'totalunits': 0, 'publication': 0, 'publishdbsurl': 'https://cmsweb.cern.ch/dbs/prod/phys03/DBSWriter', 'publishname2': 'ScoutingData_2024H_TreeMaker', 'jobtype': 'Analysis', 'generator': 'pythia', 'addoutputfiles': [], 'maxjobruntime': 1250, 'numcores': 1, 'maxmemory': 3000, 'priority': 10, 'nonprodsw': 0, 'asyncdest': 'T3_CH_CERNBOX', 'requireaccelerator': 0, 'oneEventMode': 0, 'extrajdl': [], 'ignoreglobalblacklist': 0, 'partialdataset': 0, 'inputblocks': [], 'tfileoutfiles': ['ScoutingTree_Output.root'], 'edmoutfiles': [], 'jobarch': 'el9_amd64_gcc12', 'jobminuarch': 'any', 'jobsw': 'CMSSW_14_0_18_patch1', 'cachefilename': '5eb954b4334df937dbbebde367bea44398e8ad86599509caff54a379091f20e7.tar.gz', 'debugfilename': '032ce33e70c3a090f787d9e4a1fcd56627ea8fbb09f36fdcac2fd8d2c96d0d16.tar.gz'} 
DEBUG 2025-12-09 20:18:44.834 UTC: 	 Encoded data for curl request: dryrun=0&workflow=crab_ScoutingData_2024H_TreeMaker&saveoutput=1&savelogsflag=1&inputdata=%2FScoutingPFRun3%2FRun2024H-v1%2FHLTSCOUT&nonvaliddata=1&dbsurl=https%3A%2F%2Fcmsweb.cern.ch%2Fdbs%2Fprod%2Fglobal%2FDBSReader&useparent=0&ignorelocality=0&splitalgo=FileBased&algoargs=30&totalunits=0&publication=0&publishdbsurl=https%3A%2F%2Fcmsweb.cern.ch%2Fdbs%2Fprod%2Fphys03%2FDBSWriter&publishname2=ScoutingData_2024H_TreeMaker&jobtype=Analysis&generator=pythia&maxjobruntime=1250&numcores=1&maxmemory=3000&priority=10&nonprodsw=0&asyncdest=T3_CH_CERNBOX&requireaccelerator=0&oneEventMode=0&ignoreglobalblacklist=0&partialdataset=0&jobarch=el9_amd64_gcc12&jobminuarch=any&jobsw=CMSSW_14_0_18_patch1&cachefilename=5eb954b4334df937dbbebde367bea44398e8ad86599509caff54a379091f20e7.tar.gz&debugfilename=032ce33e70c3a090f787d9e4a1fcd56627ea8fbb09f36fdcac2fd8d2c96d0d16.tar.gz&tfileoutfiles=ScoutingTree_Output.root
DEBUG 2025-12-09 20:18:44.903 UTC: 	 Result: {'result': [{'RequestName': '251209_201844:amalhotr_crab_ScoutingData_2024H_TreeMaker'}]}
INFO 2025-12-09 20:18:44.905 UTC: 	 Success: Your task has been delivered to the prod CRAB3 server.
INFO 2025-12-09 20:18:44.905 UTC: 	 Task name: 251209_201844:amalhotr_crab_ScoutingData_2024H_TreeMaker
INFO 2025-12-09 20:18:44.905 UTC: 	 Project dir: ./crab_ScoutingData_2024H_TreeMaker
INFO 2025-12-09 20:18:44.905 UTC: 	 Please use ' crab status -d ./crab_ScoutingData_2024H_TreeMaker ' to check how the submission process proceeds.
DEBUG 2025-12-09 20:18:44.905 UTC: 	 About to return
INFO 2025-12-09 20:18:44.908 UTC: 	 Log file is /afs/cern.ch/user/a/amalhotr/CMSSW_14_0_18_patch1/src/Run3ScoutingAnalysisTools/crab_ScoutingData_2024H_TreeMaker/crab.log
DEBUG 2025-12-09 20:18:53.824 UTC: 	 CRAB Client version: v3.251020
DEBUG 2025-12-09 20:18:53.825 UTC: 	 Running on: Linux lxplus912.cern.ch 5.14.0-611.9.1.el9_7.x86_64 #1 SMP PREEMPT_DYNAMIC Sat Nov 15 05:15:45 EST 2025 x86_64 x86_64 x86_64 GNU/Linux
DEBUG 2025-12-09 20:18:53.825 UTC: 	 Not using Singularity
DEBUG 2025-12-09 20:18:53.825 UTC: 	 Operating System: Red Hat Enterprise Linux 9.7 (Plow)
DEBUG 2025-12-09 20:18:53.825 UTC: 	 Executing command: 'status'
DEBUG 2025-12-09 20:18:53.825 UTC: 	 Found CRAB cache file /afs/cern.ch/user/a/amalhotr/.crab3
DEBUG 2025-12-09 20:18:53.828 UTC: 	 Checking credentials
DEBUG 2025-12-09 20:18:53.828 UTC: 	 Found proxy file /tmp/x509up_u180451
DEBUG 2025-12-09 20:18:53.828 UTC: 	 Making sure it has proper VOMS extension
DEBUG 2025-12-09 20:18:53.828 UTC: 	 Executing command :
 voms-proxy-info --vo --file /tmp/x509up_u180451
DEBUG 2025-12-09 20:18:53.852 UTC: 	 output : cms

 error: 
 retcode : 0
DEBUG 2025-12-09 20:18:53.852 UTC: 	 Getting proxy life time left
DEBUG 2025-12-09 20:18:53.852 UTC: 	 Executing command :
 voms-proxy-info --actimeleft --timeleft --file /tmp/x509up_u180451
DEBUG 2025-12-09 20:18:53.876 UTC: 	 output : 688397
688396

 error: 
 retcode : 0
DEBUG 2025-12-09 20:18:53.876 UTC: 	 Proxy valid for 191:13:16 hours
DEBUG 2025-12-09 20:18:53.877 UTC: 	 Encoded data for curl request: subresource=delegatedn
DEBUG 2025-12-09 20:18:53.917 UTC: 	 Registering user credentials on myproxy for /DC=ch/DC=cern/OU=Organic Units/OU=Users/CN=cmscrab/CN=(817881|373708)/CN=Robot: cms crab|/DC=ch/DC=cern/OU=Organic Units/OU=Users/CN=crabint1/CN=373708/CN=Robot: CMS CRAB Integration 1
DEBUG 2025-12-09 20:18:53.918 UTC: 	 Executing command :
 voms-proxy-info --identity --file /tmp/x509up_u180451
DEBUG 2025-12-09 20:18:53.941 UTC: 	 output : /DC=ch/DC=cern/OU=Organic Units/OU=Users/CN=amalhotr/CN=884837/CN=Aryan Malhotra

 error: 
 retcode : 0
DEBUG 2025-12-09 20:18:53.941 UTC: 	 Getting myproxy life time left for 2382a3cf28fdeacb1de9b039908761ea517a5ed6
DEBUG 2025-12-09 20:18:53.941 UTC: 	 Executing command :
 myproxy-info -s myproxy.cern.ch -l 2382a3cf28fdeacb1de9b039908761ea517a5ed6
DEBUG 2025-12-09 20:18:54.229 UTC: 	 output : username: 2382a3cf28fdeacb1de9b039908761ea517a5ed6
owner: /DC=ch/DC=cern/OU=Organic Units/OU=Users/CN=amalhotr/CN=884837/CN=Aryan Malhotra
  renewal policy: /DC=ch/DC=cern/OU=Organic Units/OU=Users/CN=cmscrab/CN=(817881|373708)/CN=Robot: cms crab|/DC=ch/DC=cern/OU=Organic Units/OU=Users/CN=crabint1/CN=373708/CN=Robot: CMS CRAB Integration 1
  trusted retrieval policy: /DC=ch/DC=cern/OU=Organic Units/OU=Users/CN=cmscrab/CN=(817881|373708)/CN=Robot: cms crab|/DC=ch/DC=cern/OU=Organic Units/OU=Users/CN=crabint1/CN=373708/CN=Robot: CMS CRAB Integration 1
  timeleft: 489:29:42  (20.4 days)

 error: 
 retcode : 0
DEBUG 2025-12-09 20:18:54.229 UTC: 	 Myproxy is valid: 1762140
DEBUG 2025-12-09 20:18:54.229 UTC: 	 Result of myproxy credential check:
  Credential exists on myproxy: username: 2382a3cf28fdeacb1de9b039908761ea517a5ed6  - validity: 20 days, 9:29:00
DEBUG 2025-12-09 20:18:54.229 UTC: 	 Retrieving username ...
DEBUG 2025-12-09 20:18:54.229 UTC: 	 Retrieving username from CRIC...
DEBUG 2025-12-09 20:18:55.046 UTC: 	 username is amalhotr
INFO 2025-12-09 20:18:55.824 UTC: 	 Rucio client intialized for account amalhotr
DEBUG 2025-12-09 20:18:55.824 UTC: 	 Command use: status
DEBUG 2025-12-09 20:18:55.824 UTC: 	 Options use: []
DEBUG 2025-12-09 20:18:55.824 UTC: 	 Encoded data for curl request: subresource=version
DEBUG 2025-12-09 20:18:55.871 UTC: 	 CRABClient version: v3.251020
DEBUG 2025-12-09 20:18:55.871 UTC: 	 Instance is prod
DEBUG 2025-12-09 20:18:55.871 UTC: 	 Server base url is cmsweb.cern.ch
DEBUG 2025-12-09 20:18:55.871 UTC: 	 Command api workflow
DEBUG 2025-12-09 20:18:55.871 UTC: 	 Encoded data for curl request: subresource=search&workflow=251209_201844%3Aamalhotr_crab_ScoutingData_2024H_TreeMaker
DEBUG 2025-12-09 20:18:55.918 UTC: 	 Got information from server oracle database: {'desc': {'columns': ['tm_taskname', 'tm_activity', 'tm_task_status', 'tm_task_command', 'tm_start_time', 'tm_start_injection', 'tm_end_injection', 'tm_task_failure', 'tm_job_sw', 'tm_job_arch', 'tm_input_dataset', 'tm_nonvalid_input_dataset', 'tm_use_parent', 'tm_site_whitelist', 'tm_site_blacklist', 'tm_split_algo', 'tm_split_args', 'tm_user_sandbox', 'tm_cache_url', 'tm_username', 'tm_user_dn', 'tm_user_vo', 'tm_user_role', 'tm_user_group', 'tm_publish_name', 'tm_publish_groupname', 'tm_asyncdest', 'tm_dbs_url', 'tm_publish_dbs_url', 'tm_publication', 'tm_outfiles', 'tm_tfile_outfiles', 'tm_edm_outfiles', 'tm_job_type', 'tm_generator', 'tm_events_per_lumi', 'tm_arguments', 'tm_save_logs', 'tw_name', 'tm_user_infiles', 'tm_maxjobruntime', 'tm_numcores', 'tm_maxmemory', 'tm_priority', 'tm_output_dataset', 'tm_task_warnings', 'tm_user_webdir', 'tm_scriptexe', 'tm_scriptargs', 'tm_extrajdl', 'tm_collector', 'tm_schedd', 'tm_dry_run', 'tm_user_files', 'tm_transfer_outputs', 'tm_output_lfn', 'tm_ignore_locality', 'tm_fail_limit', 'tm_one_event_mode', 'tm_secondary_input_dataset', 'tm_primary_dataset', 'tm_last_publication', 'tm_debug_files', 'clusterid', 'tm_ignore_global_blacklist', 'tm_submitter_ip_addr', 'tm_totalunits', 'tm_ddm_reqid', 'tm_user_config', 'tm_transfer_container', 'tm_transfer_rule', 'tm_publish_rule', 'tm_multipub_rule', 'tm_job_min_microarch', 'tm_dagman_status', 'tm_num_jobs', 'tm_uploaded']}, 'result': ['251209_201844:amalhotr_crab_ScoutingData_2024H_TreeMaker', 'None', 'WAITING', 'SUBMIT', '2025-12-09 20:18:44.896123', 'None', 'None', 'None', 'CMSSW_14_0_18_patch1', 'el9_amd64_gcc12', '/ScoutingPFRun3/Run2024H-v1/HLTSCOUT', 'T', '0', '[]', '[]', 'FileBased', "{'halt_job_on_file_boundaries': False, 'splitOnRun': False, 'files_per_job': 30, 'runs': [], 'lumis': []}", '5eb954b4334df937dbbebde367bea44398e8ad86599509caff54a379091f20e7.tar.gz', 'S3/crabcache_prod', 'amalhotr', '/DC=ch/DC=cern/OU=Organic Units/OU=Users/CN=amalhotr/CN=884837/CN=Aryan Malhotra', 'cms', 'None', 'None', 'ScoutingData_2024H_TreeMaker-00000000000000000000000000000000', 'F', 'T3_CH_CERNBOX', 'https://cmsweb.cern.ch/dbs/prod/global/DBSReader', 'https://cmsweb.cern.ch/dbs/prod/phys03/DBSWriter', 'F', '[]', "['ScoutingTree_Output.root']", '[]', 'Analysis', 'pythia', 'None', '{}', 'T', 'NotKnownYet', '[]', '1250', '1', '3000', '10', 'None', '[]', 'None', 'None', '[]', '[]', 'cmsgwms-collector-global.cern.ch:9620,cmsgwms-collector-global.fnal.gov:9620', 'None', 'F', '[]', 'T', '/store/user/amalhotr/', 'F', 'None', 'F', 'None', 'ScoutingPFRun3', 'None', '032ce33e70c3a090f787d9e4a1fcd56627ea8fbb09f36fdcac2fd8d2c96d0d16.tar.gz', 'None', 'F', '188.185.89.202', '0.0', 'None', '{"partialdataset": false, "requireaccelerator": false, "acceleratorparams": null, "inputblocks": null}', 'None', 'None', 'None', 'None', 'any', 'NOT_READY', '0', 'F']}
INFO 2025-12-09 20:18:55.918 UTC: 	 CRAB project directory:		/afs/cern.ch/user/a/amalhotr/CMSSW_14_0_18_patch1/src/Run3ScoutingAnalysisTools/crab_ScoutingData_2024H_TreeMaker
INFO 2025-12-09 20:18:55.918 UTC: 	 Task name:			251209_201844:amalhotr_crab_ScoutingData_2024H_TreeMaker
INFO 2025-12-09 20:18:55.919 UTC: 	 Grid scheduler - Task Worker:	N/A yet - NotKnownYet
INFO 2025-12-09 20:18:55.919 UTC: 	 Status on the CRAB server:	WAITING on command SUBMIT
INFO 2025-12-09 20:18:55.919 UTC: 	 Task URL to use for HELP:	https://cmsweb.cern.ch/crabserver/ui/task/251209_201844%3Aamalhotr_crab_ScoutingData_2024H_TreeMaker
INFO 2025-12-09 20:18:55.927 UTC: 	 Dashboard monitoring URL:	https://monit-grafana.cern.ch/d/cmsTMDetail/cms-task-monitoring-task-view?orgId=11&var-user=amalhotr&var-task=251209_201844%3Aamalhotr_crab_ScoutingData_2024H_TreeMaker&from=1765307924000&to=now
DEBUG 2025-12-09 20:18:55.927 UTC: 	 The task has not been submitted to the Grid scheduler yet. Not printing job information.
INFO 2025-12-09 20:18:55.928 UTC: 	 Log file is /afs/cern.ch/user/a/amalhotr/CMSSW_14_0_18_patch1/src/Run3ScoutingAnalysisTools/crab_ScoutingData_2024H_TreeMaker/crab.log
DEBUG 2025-12-09 20:24:56.007 UTC: 	 CRAB Client version: v3.251020
DEBUG 2025-12-09 20:24:56.007 UTC: 	 Running on: Linux lxplus912.cern.ch 5.14.0-611.9.1.el9_7.x86_64 #1 SMP PREEMPT_DYNAMIC Sat Nov 15 05:15:45 EST 2025 x86_64 x86_64 x86_64 GNU/Linux
DEBUG 2025-12-09 20:24:56.007 UTC: 	 Not using Singularity
DEBUG 2025-12-09 20:24:56.007 UTC: 	 Operating System: Red Hat Enterprise Linux 9.7 (Plow)
DEBUG 2025-12-09 20:24:56.007 UTC: 	 Executing command: 'status'
DEBUG 2025-12-09 20:24:56.007 UTC: 	 Found CRAB cache file /afs/cern.ch/user/a/amalhotr/.crab3
DEBUG 2025-12-09 20:24:56.042 UTC: 	 Checking credentials
DEBUG 2025-12-09 20:24:56.042 UTC: 	 Found proxy file /tmp/x509up_u180451
DEBUG 2025-12-09 20:24:56.042 UTC: 	 Making sure it has proper VOMS extension
DEBUG 2025-12-09 20:24:56.042 UTC: 	 Executing command :
 voms-proxy-info --vo --file /tmp/x509up_u180451
DEBUG 2025-12-09 20:24:56.072 UTC: 	 output : cms

 error: 
 retcode : 0
DEBUG 2025-12-09 20:24:56.072 UTC: 	 Getting proxy life time left
DEBUG 2025-12-09 20:24:56.072 UTC: 	 Executing command :
 voms-proxy-info --actimeleft --timeleft --file /tmp/x509up_u180451
DEBUG 2025-12-09 20:24:56.097 UTC: 	 output : 688034
688033

 error: 
 retcode : 0
DEBUG 2025-12-09 20:24:56.097 UTC: 	 Proxy valid for 191:07:13 hours
DEBUG 2025-12-09 20:24:56.097 UTC: 	 Encoded data for curl request: subresource=delegatedn
DEBUG 2025-12-09 20:24:56.157 UTC: 	 Registering user credentials on myproxy for /DC=ch/DC=cern/OU=Organic Units/OU=Users/CN=cmscrab/CN=(817881|373708)/CN=Robot: cms crab|/DC=ch/DC=cern/OU=Organic Units/OU=Users/CN=crabint1/CN=373708/CN=Robot: CMS CRAB Integration 1
DEBUG 2025-12-09 20:24:56.157 UTC: 	 Executing command :
 voms-proxy-info --identity --file /tmp/x509up_u180451
DEBUG 2025-12-09 20:24:56.184 UTC: 	 output : /DC=ch/DC=cern/OU=Organic Units/OU=Users/CN=amalhotr/CN=884837/CN=Aryan Malhotra

 error: 
 retcode : 0
DEBUG 2025-12-09 20:24:56.184 UTC: 	 Getting myproxy life time left for 2382a3cf28fdeacb1de9b039908761ea517a5ed6
DEBUG 2025-12-09 20:24:56.184 UTC: 	 Executing command :
 myproxy-info -s myproxy.cern.ch -l 2382a3cf28fdeacb1de9b039908761ea517a5ed6
DEBUG 2025-12-09 20:24:56.464 UTC: 	 output : username: 2382a3cf28fdeacb1de9b039908761ea517a5ed6
owner: /DC=ch/DC=cern/OU=Organic Units/OU=Users/CN=amalhotr/CN=884837/CN=Aryan Malhotra
  renewal policy: /DC=ch/DC=cern/OU=Organic Units/OU=Users/CN=cmscrab/CN=(817881|373708)/CN=Robot: cms crab|/DC=ch/DC=cern/OU=Organic Units/OU=Users/CN=crabint1/CN=373708/CN=Robot: CMS CRAB Integration 1
  trusted retrieval policy: /DC=ch/DC=cern/OU=Organic Units/OU=Users/CN=cmscrab/CN=(817881|373708)/CN=Robot: cms crab|/DC=ch/DC=cern/OU=Organic Units/OU=Users/CN=crabint1/CN=373708/CN=Robot: CMS CRAB Integration 1
  timeleft: 489:23:40  (20.4 days)

 error: 
 retcode : 0
DEBUG 2025-12-09 20:24:56.464 UTC: 	 Myproxy is valid: 1761780
DEBUG 2025-12-09 20:24:56.464 UTC: 	 Result of myproxy credential check:
  Credential exists on myproxy: username: 2382a3cf28fdeacb1de9b039908761ea517a5ed6  - validity: 20 days, 9:23:00
DEBUG 2025-12-09 20:24:56.464 UTC: 	 Retrieving username ...
DEBUG 2025-12-09 20:24:56.464 UTC: 	 Retrieving username from CRIC...
DEBUG 2025-12-09 20:24:58.012 UTC: 	 username is amalhotr
INFO 2025-12-09 20:24:58.813 UTC: 	 Rucio client intialized for account amalhotr
DEBUG 2025-12-09 20:24:58.814 UTC: 	 Command use: status
DEBUG 2025-12-09 20:24:58.814 UTC: 	 Options use: []
DEBUG 2025-12-09 20:24:58.814 UTC: 	 Encoded data for curl request: subresource=version
DEBUG 2025-12-09 20:24:58.866 UTC: 	 CRABClient version: v3.251020
DEBUG 2025-12-09 20:24:58.866 UTC: 	 Instance is prod
DEBUG 2025-12-09 20:24:58.866 UTC: 	 Server base url is cmsweb.cern.ch
DEBUG 2025-12-09 20:24:58.866 UTC: 	 Command api workflow
DEBUG 2025-12-09 20:24:58.866 UTC: 	 Encoded data for curl request: subresource=search&workflow=251209_201844%3Aamalhotr_crab_ScoutingData_2024H_TreeMaker
DEBUG 2025-12-09 20:24:58.929 UTC: 	 Got information from server oracle database: {'desc': {'columns': ['tm_taskname', 'tm_activity', 'tm_task_status', 'tm_task_command', 'tm_start_time', 'tm_start_injection', 'tm_end_injection', 'tm_task_failure', 'tm_job_sw', 'tm_job_arch', 'tm_input_dataset', 'tm_nonvalid_input_dataset', 'tm_use_parent', 'tm_site_whitelist', 'tm_site_blacklist', 'tm_split_algo', 'tm_split_args', 'tm_user_sandbox', 'tm_cache_url', 'tm_username', 'tm_user_dn', 'tm_user_vo', 'tm_user_role', 'tm_user_group', 'tm_publish_name', 'tm_publish_groupname', 'tm_asyncdest', 'tm_dbs_url', 'tm_publish_dbs_url', 'tm_publication', 'tm_outfiles', 'tm_tfile_outfiles', 'tm_edm_outfiles', 'tm_job_type', 'tm_generator', 'tm_events_per_lumi', 'tm_arguments', 'tm_save_logs', 'tw_name', 'tm_user_infiles', 'tm_maxjobruntime', 'tm_numcores', 'tm_maxmemory', 'tm_priority', 'tm_output_dataset', 'tm_task_warnings', 'tm_user_webdir', 'tm_scriptexe', 'tm_scriptargs', 'tm_extrajdl', 'tm_collector', 'tm_schedd', 'tm_dry_run', 'tm_user_files', 'tm_transfer_outputs', 'tm_output_lfn', 'tm_ignore_locality', 'tm_fail_limit', 'tm_one_event_mode', 'tm_secondary_input_dataset', 'tm_primary_dataset', 'tm_last_publication', 'tm_debug_files', 'clusterid', 'tm_ignore_global_blacklist', 'tm_submitter_ip_addr', 'tm_totalunits', 'tm_ddm_reqid', 'tm_user_config', 'tm_transfer_container', 'tm_transfer_rule', 'tm_publish_rule', 'tm_multipub_rule', 'tm_job_min_microarch', 'tm_dagman_status', 'tm_num_jobs', 'tm_uploaded']}, 'result': ['251209_201844:amalhotr_crab_ScoutingData_2024H_TreeMaker', 'None', 'SUBMITTED', 'SUBMIT', '2025-12-09 20:18:44.896123', 'None', '2025-12-09 20:20:45.178000', 'None', 'CMSSW_14_0_18_patch1', 'el9_amd64_gcc12', '/ScoutingPFRun3/Run2024H-v1/HLTSCOUT', 'T', '0', '[]', '[]', 'FileBased', "{'halt_job_on_file_boundaries': False, 'splitOnRun': False, 'files_per_job': 30, 'runs': [], 'lumis': []}", '5eb954b4334df937dbbebde367bea44398e8ad86599509caff54a379091f20e7.tar.gz', 'S3/crabcache_prod', 'amalhotr', '/DC=ch/DC=cern/OU=Organic Units/OU=Users/CN=amalhotr/CN=884837/CN=Aryan Malhotra', 'cms', 'None', 'None', 'ScoutingData_2024H_TreeMaker-00000000000000000000000000000000', 'F', 'T3_CH_CERNBOX', 'https://cmsweb.cern.ch/dbs/prod/global/DBSReader', 'https://cmsweb.cern.ch/dbs/prod/phys03/DBSWriter', 'F', '[]', "['ScoutingTree_Output.root']", '[]', 'Analysis', 'pythia', 'None', '{}', 'T', 'crab-prod-tw01', '[]', '1250', '1', '3000', '10', 'None', "['Task requests 3000 MB of memory, but only 2500 are guaranteed to be available. Jobs may not find a site where to run and stay idle forever.']", 'http://vocms0199.cern.ch/mon/amalhotr/251209_201844:amalhotr_crab_ScoutingData_2024H_TreeMaker', 'None', '[]', '[]', 'cmsgwms-collector-global.cern.ch:9620,cmsgwms-collector-global.fnal.gov:9620', 'crab3@vocms0199.cern.ch', 'F', '[]', 'T', '/store/user/amalhotr/', 'F', 'None', 'F', 'None', 'ScoutingPFRun3', 'None', '032ce33e70c3a090f787d9e4a1fcd56627ea8fbb09f36fdcac2fd8d2c96d0d16.tar.gz', '98558835', 'F', '188.185.89.202', '0.0', 'None', '{"partialdataset": false, "requireaccelerator": false, "acceleratorparams": null, "inputblocks": null}', 'None', 'None', 'None', 'None', 'any', 'RUNNING', '461', 'T']}
INFO 2025-12-09 20:24:58.929 UTC: 	 CRAB project directory:		/afs/cern.ch/user/a/amalhotr/CMSSW_14_0_18_patch1/src/Run3ScoutingAnalysisTools/crab_ScoutingData_2024H_TreeMaker
INFO 2025-12-09 20:24:58.929 UTC: 	 Task name:			251209_201844:amalhotr_crab_ScoutingData_2024H_TreeMaker
INFO 2025-12-09 20:24:58.929 UTC: 	 Grid scheduler - Task Worker:	crab3@vocms0199.cern.ch - crab-prod-tw01
INFO 2025-12-09 20:24:58.930 UTC: 	 Status on the CRAB server:	SUBMITTED
INFO 2025-12-09 20:24:58.930 UTC: 	 Task URL to use for HELP:	https://cmsweb.cern.ch/crabserver/ui/task/251209_201844%3Aamalhotr_crab_ScoutingData_2024H_TreeMaker
INFO 2025-12-09 20:24:58.937 UTC: 	 Dashboard monitoring URL:	https://monit-grafana.cern.ch/d/cmsTMDetail/cms-task-monitoring-task-view?orgId=11&var-user=amalhotr&var-task=251209_201844%3Aamalhotr_crab_ScoutingData_2024H_TreeMaker&from=1765307924000&to=now
WARNING 2025-12-09 20:24:58.937 UTC: 	 Warning:			Task requests 3000 MB of memory, but only 2500 are guaranteed to be available. Jobs may not find a site where to run and stay idle forever.
DEBUG 2025-12-09 20:24:58.937 UTC: 	 The CRAB server submitted your task to the Grid scheduler (cluster ID: 98558835)
DEBUG 2025-12-09 20:24:58.937 UTC: 	 Webdir is located at http://vocms0199.cern.ch/mon/amalhotr/251209_201844:amalhotr_crab_ScoutingData_2024H_TreeMaker
DEBUG 2025-12-09 20:24:58.937 UTC: 	 Encoded data for curl request: subresource=webdirprx&workflow=251209_201844%3Aamalhotr_crab_ScoutingData_2024H_TreeMaker
DEBUG 2025-12-09 20:24:58.987 UTC: 	 Proxied webdir is located at https://cmsweb.cern.ch/scheddmon/0199/amalhotr/251209_201844:amalhotr_crab_ScoutingData_2024H_TreeMaker
DEBUG 2025-12-09 20:24:58.988 UTC: 	 Retrieving 'status_cache' file from https://cmsweb.cern.ch/scheddmon/0199/amalhotr/251209_201844:amalhotr_crab_ScoutingData_2024H_TreeMaker/status_cache.pkl
DEBUG 2025-12-09 20:24:58.988 UTC: 	 Will execute:
curl -sS --capath /etc/grid-security/certificates --cert /tmp/x509up_u180451 --key /tmp/x509up_u180451 -o /tmp/crab_status-cache-x9tabf_l.pkl -w %"{http_code}" "https://cmsweb.cern.ch/scheddmon/0199/amalhotr/251209_201844:amalhotr_crab_ScoutingData_2024H_TreeMaker/status_cache.pkl"
DEBUG 2025-12-09 20:24:58.988 UTC: 	 Executing command :
 curl -sS --capath /etc/grid-security/certificates --cert /tmp/x509up_u180451 --key /tmp/x509up_u180451 -o /tmp/crab_status-cache-x9tabf_l.pkl -w %"{http_code}" "https://cmsweb.cern.ch/scheddmon/0199/amalhotr/251209_201844:amalhotr_crab_ScoutingData_2024H_TreeMaker/status_cache.pkl"
DEBUG 2025-12-09 20:24:59.027 UTC: 	 output : 200
 error: 
 retcode : 0
DEBUG 2025-12-09 20:24:59.027 UTC: 	 exitcode: 0
stdout: 200
stderr: 
error details: 
DEBUG 2025-12-09 20:24:59.030 UTC: 	 Got information from status cache file: {'2': {'Retries': 0, 'Restarts': 0, 'SiteHistory': ['Unknown'], 'ResidentSetSize': [0], 'SubmitTimes': [1765311718.0], 'StartTimes': [], 'EndTimes': [], 'TotalUserCpuTimeHistory': [0.0], 'TotalSysCpuTimeHistory': [0.0], 'WallDurations': [0], 'JobIds': ['98558839.0'], 'State': 'unsubmitted', 'RecordedSite': False}, '17': {'Retries': 0, 'Restarts': 0, 'SiteHistory': ['Unknown'], 'ResidentSetSize': [0], 'SubmitTimes': [1765311719.0], 'StartTimes': [], 'EndTimes': [], 'TotalUserCpuTimeHistory': [0.0], 'TotalSysCpuTimeHistory': [0.0], 'WallDurations': [0], 'JobIds': ['98558840.0'], 'State': 'unsubmitted', 'RecordedSite': False}, '8': {'Retries': 0, 'Restarts': 0, 'SiteHistory': ['Unknown'], 'ResidentSetSize': [0], 'SubmitTimes': [1765311719.0], 'StartTimes': [], 'EndTimes': [], 'TotalUserCpuTimeHistory': [0.0], 'TotalSysCpuTimeHistory': [0.0], 'WallDurations': [0], 'JobIds': ['98558841.0'], 'State': 'unsubmitted', 'RecordedSite': False}, '11': {'Retries': 0, 'Restarts': 0, 'SiteHistory': ['Unknown'], 'ResidentSetSize': [0], 'SubmitTimes': [1765311719.0], 'StartTimes': [], 'EndTimes': [], 'TotalUserCpuTimeHistory': [0.0], 'TotalSysCpuTimeHistory': [0.0], 'WallDurations': [0], 'JobIds': ['98558842.0'], 'State': 'unsubmitted', 'RecordedSite': False}, '1': {'Retries': 0, 'Restarts': 0, 'SiteHistory': ['Unknown'], 'ResidentSetSize': [0], 'SubmitTimes': [1765311720.0], 'StartTimes': [], 'EndTimes': [], 'TotalUserCpuTimeHistory': [0.0], 'TotalSysCpuTimeHistory': [0.0], 'WallDurations': [0], 'JobIds': ['98558843.0'], 'State': 'unsubmitted', 'RecordedSite': False}, '9': {'Retries': 0, 'Restarts': 0, 'SiteHistory': ['Unknown'], 'ResidentSetSize': [0], 'SubmitTimes': [1765311720.0], 'StartTimes': [], 'EndTimes': [], 'TotalUserCpuTimeHistory': [0.0], 'TotalSysCpuTimeHistory': [0.0], 'WallDurations': [0], 'JobIds': ['98558844.0'], 'State': 'unsubmitted', 'RecordedSite': False}, '16': {'Retries': 0, 'Restarts': 0, 'SiteHistory': ['Unknown'], 'ResidentSetSize': [0], 'SubmitTimes': [1765311720.0], 'StartTimes': [], 'EndTimes': [], 'TotalUserCpuTimeHistory': [0.0], 'TotalSysCpuTimeHistory': [0.0], 'WallDurations': [0], 'JobIds': ['98558845.0'], 'State': 'unsubmitted', 'RecordedSite': False}, '13': {'Retries': 0, 'Restarts': 0, 'SiteHistory': ['Unknown'], 'ResidentSetSize': [0], 'SubmitTimes': [1765311721.0], 'StartTimes': [], 'EndTimes': [], 'TotalUserCpuTimeHistory': [0.0], 'TotalSysCpuTimeHistory': [0.0], 'WallDurations': [0], 'JobIds': ['98558846.0'], 'State': 'unsubmitted', 'RecordedSite': False}, '6': {'Retries': 0, 'Restarts': 0, 'SiteHistory': ['Unknown'], 'ResidentSetSize': [0], 'SubmitTimes': [1765311721.0], 'StartTimes': [], 'EndTimes': [], 'TotalUserCpuTimeHistory': [0.0], 'TotalSysCpuTimeHistory': [0.0], 'WallDurations': [0], 'JobIds': ['98558847.0'], 'State': 'unsubmitted', 'RecordedSite': False}, '4': {'Retries': 0, 'Restarts': 0, 'SiteHistory': ['Unknown'], 'ResidentSetSize': [0], 'SubmitTimes': [1765311721.0], 'StartTimes': [], 'EndTimes': [], 'TotalUserCpuTimeHistory': [0.0], 'TotalSysCpuTimeHistory': [0.0], 'WallDurations': [0], 'JobIds': ['98558848.0'], 'State': 'unsubmitted', 'RecordedSite': False}, '10': {'Retries': 0, 'Restarts': 0, 'SiteHistory': ['Unknown'], 'ResidentSetSize': [0], 'SubmitTimes': [1765311721.0], 'StartTimes': [], 'EndTimes': [], 'TotalUserCpuTimeHistory': [0.0], 'TotalSysCpuTimeHistory': [0.0], 'WallDurations': [0], 'JobIds': ['98558849.0'], 'State': 'unsubmitted', 'RecordedSite': False}, '14': {'Retries': 0, 'Restarts': 0, 'SiteHistory': ['Unknown'], 'ResidentSetSize': [0], 'SubmitTimes': [1765311721.0], 'StartTimes': [], 'EndTimes': [], 'TotalUserCpuTimeHistory': [0.0], 'TotalSysCpuTimeHistory': [0.0], 'WallDurations': [0], 'JobIds': ['98558850.0'], 'State': 'unsubmitted', 'RecordedSite': False}, '19': {'Retries': 0, 'Restarts': 0, 'SiteHistory': ['Unknown'], 'ResidentSetSize': [0], 'SubmitTimes': [1765311721.0], 'StartTimes': [], 'EndTimes': [], 'TotalUserCpuTimeHistory': [0.0], 'TotalSysCpuTimeHistory': [0.0], 'WallDurations': [0], 'JobIds': ['98558851.0'], 'State': 'unsubmitted', 'RecordedSite': False}, '15': {'Retries': 0, 'Restarts': 0, 'SiteHistory': ['Unknown'], 'ResidentSetSize': [0], 'SubmitTimes': [1765311721.0], 'StartTimes': [], 'EndTimes': [], 'TotalUserCpuTimeHistory': [0.0], 'TotalSysCpuTimeHistory': [0.0], 'WallDurations': [0], 'JobIds': ['98558852.0'], 'State': 'unsubmitted', 'RecordedSite': False}, '18': {'Retries': 0, 'Restarts': 0, 'SiteHistory': ['Unknown'], 'ResidentSetSize': [0], 'SubmitTimes': [1765311721.0], 'StartTimes': [], 'EndTimes': [], 'TotalUserCpuTimeHistory': [0.0], 'TotalSysCpuTimeHistory': [0.0], 'WallDurations': [0], 'JobIds': ['98558853.0'], 'State': 'unsubmitted', 'RecordedSite': False}, '20': {'Retries': 0, 'Restarts': 0, 'SiteHistory': ['Unknown'], 'ResidentSetSize': [0], 'SubmitTimes': [1765311721.0], 'StartTimes': [], 'EndTimes': [], 'TotalUserCpuTimeHistory': [0.0], 'TotalSysCpuTimeHistory': [0.0], 'WallDurations': [0], 'JobIds': ['98558854.0'], 'State': 'unsubmitted', 'RecordedSite': False}, '5': {'Retries': 0, 'Restarts': 0, 'SiteHistory': ['Unknown'], 'ResidentSetSize': [0], 'SubmitTimes': [1765311721.0], 'StartTimes': [], 'EndTimes': [], 'TotalUserCpuTimeHistory': [0.0], 'TotalSysCpuTimeHistory': [0.0], 'WallDurations': [0], 'JobIds': ['98558855.0'], 'State': 'unsubmitted', 'RecordedSite': False}, '7': {'Retries': 0, 'Restarts': 0, 'SiteHistory': ['Unknown'], 'ResidentSetSize': [0], 'SubmitTimes': [1765311722.0], 'StartTimes': [], 'EndTimes': [], 'TotalUserCpuTimeHistory': [0.0], 'TotalSysCpuTimeHistory': [0.0], 'WallDurations': [0], 'JobIds': ['98558856.0'], 'State': 'unsubmitted', 'RecordedSite': False}, '28': {'Retries': 0, 'Restarts': 0, 'SiteHistory': ['Unknown'], 'ResidentSetSize': [0], 'SubmitTimes': [1765311722.0], 'StartTimes': [], 'EndTimes': [], 'TotalUserCpuTimeHistory': [0.0], 'TotalSysCpuTimeHistory': [0.0], 'WallDurations': [0], 'JobIds': ['98558857.0'], 'State': 'unsubmitted', 'RecordedSite': False}, '23': {'Retries': 0, 'Restarts': 0, 'SiteHistory': ['Unknown'], 'ResidentSetSize': [0], 'SubmitTimes': [1765311722.0], 'StartTimes': [], 'EndTimes': [], 'TotalUserCpuTimeHistory': [0.0], 'TotalSysCpuTimeHistory': [0.0], 'WallDurations': [0], 'JobIds': ['98558858.0'], 'State': 'unsubmitted', 'RecordedSite': False}, '12': {'Retries': 0, 'Restarts': 0, 'SiteHistory': ['Unknown'], 'ResidentSetSize': [0], 'SubmitTimes': [1765311722.0], 'StartTimes': [], 'EndTimes': [], 'TotalUserCpuTimeHistory': [0.0], 'TotalSysCpuTimeHistory': [0.0], 'WallDurations': [0], 'JobIds': ['98558859.0'], 'State': 'unsubmitted', 'RecordedSite': False}, '3': {'Retries': 0, 'Restarts': 0, 'SiteHistory': ['Unknown'], 'ResidentSetSize': [0], 'SubmitTimes': [1765311722.0], 'StartTimes': [], 'EndTimes': [], 'TotalUserCpuTimeHistory': [0.0], 'TotalSysCpuTimeHistory': [0.0], 'WallDurations': [0], 'JobIds': ['98558860.0'], 'State': 'unsubmitted', 'RecordedSite': False}, '31': {'Retries': 0, 'Restarts': 0, 'SiteHistory': ['Unknown'], 'ResidentSetSize': [0], 'SubmitTimes': [1765311722.0], 'StartTimes': [], 'EndTimes': [], 'TotalUserCpuTimeHistory': [0.0], 'TotalSysCpuTimeHistory': [0.0], 'WallDurations': [0], 'JobIds': ['98558861.0'], 'State': 'unsubmitted', 'RecordedSite': False}, '27': {'Retries': 0, 'Restarts': 0, 'SiteHistory': ['Unknown'], 'ResidentSetSize': [0], 'SubmitTimes': [1765311722.0], 'StartTimes': [], 'EndTimes': [], 'TotalUserCpuTimeHistory': [0.0], 'TotalSysCpuTimeHistory': [0.0], 'WallDurations': [0], 'JobIds': ['98558862.0'], 'State': 'unsubmitted', 'RecordedSite': False}, '29': {'Retries': 0, 'Restarts': 0, 'SiteHistory': ['Unknown'], 'ResidentSetSize': [0], 'SubmitTimes': [1765311722.0], 'StartTimes': [], 'EndTimes': [], 'TotalUserCpuTimeHistory': [0.0], 'TotalSysCpuTimeHistory': [0.0], 'WallDurations': [0], 'JobIds': ['98558863.0'], 'State': 'unsubmitted', 'RecordedSite': False}, '26': {'Retries': 0, 'Restarts': 0, 'SiteHistory': ['Unknown'], 'ResidentSetSize': [0], 'SubmitTimes': [1765311722.0], 'StartTimes': [], 'EndTimes': [], 'TotalUserCpuTimeHistory': [0.0], 'TotalSysCpuTimeHistory': [0.0], 'WallDurations': [0], 'JobIds': ['98558864.0'], 'State': 'unsubmitted', 'RecordedSite': False}, '33': {'Retries': 0, 'Restarts': 0, 'SiteHistory': ['Unknown'], 'ResidentSetSize': [0], 'SubmitTimes': [1765311722.0], 'StartTimes': [], 'EndTimes': [], 'TotalUserCpuTimeHistory': [0.0], 'TotalSysCpuTimeHistory': [0.0], 'WallDurations': [0], 'JobIds': ['98558865.0'], 'State': 'unsubmitted', 'RecordedSite': False}, '32': {'Retries': 0, 'Restarts': 0, 'SiteHistory': ['Unknown'], 'ResidentSetSize': [0], 'SubmitTimes': [1765311723.0], 'StartTimes': [], 'EndTimes': [], 'TotalUserCpuTimeHistory': [0.0], 'TotalSysCpuTimeHistory': [0.0], 'WallDurations': [0], 'JobIds': ['98558866.0'], 'State': 'unsubmitted', 'RecordedSite': False}, '25': {'Retries': 0, 'Restarts': 0, 'SiteHistory': ['Unknown'], 'ResidentSetSize': [0], 'SubmitTimes': [1765311723.0], 'StartTimes': [], 'EndTimes': [], 'TotalUserCpuTimeHistory': [0.0], 'TotalSysCpuTimeHistory': [0.0], 'WallDurations': [0], 'JobIds': ['98558867.0'], 'State': 'unsubmitted', 'RecordedSite': False}, '30': {'Retries': 0, 'Restarts': 0, 'SiteHistory': ['Unknown'], 'ResidentSetSize': [0], 'SubmitTimes': [1765311723.0], 'StartTimes': [], 'EndTimes': [], 'TotalUserCpuTimeHistory': [0.0], 'TotalSysCpuTimeHistory': [0.0], 'WallDurations': [0], 'JobIds': ['98558868.0'], 'State': 'unsubmitted', 'RecordedSite': False}, '35': {'Retries': 0, 'Restarts': 0, 'SiteHistory': ['Unknown'], 'ResidentSetSize': [0], 'SubmitTimes': [1765311728.0], 'StartTimes': [], 'EndTimes': [], 'TotalUserCpuTimeHistory': [0.0], 'TotalSysCpuTimeHistory': [0.0], 'WallDurations': [0], 'JobIds': ['98558869.0'], 'State': 'unsubmitted', 'RecordedSite': False}, '22': {'Retries': 0, 'Restarts': 0, 'SiteHistory': ['Unknown'], 'ResidentSetSize': [0], 'SubmitTimes': [1765311728.0], 'StartTimes': [], 'EndTimes': [], 'TotalUserCpuTimeHistory': [0.0], 'TotalSysCpuTimeHistory': [0.0], 'WallDurations': [0], 'JobIds': ['98558870.0'], 'State': 'unsubmitted', 'RecordedSite': False}, '24': {'Retries': 0, 'Restarts': 0, 'SiteHistory': ['Unknown'], 'ResidentSetSize': [0], 'SubmitTimes': [1765311728.0], 'StartTimes': [], 'EndTimes': [], 'TotalUserCpuTimeHistory': [0.0], 'TotalSysCpuTimeHistory': [0.0], 'WallDurations': [0], 'JobIds': ['98558871.0'], 'State': 'unsubmitted', 'RecordedSite': False}, '34': {'Retries': 0, 'Restarts': 0, 'SiteHistory': ['Unknown'], 'ResidentSetSize': [0], 'SubmitTimes': [1765311728.0], 'StartTimes': [], 'EndTimes': [], 'TotalUserCpuTimeHistory': [0.0], 'TotalSysCpuTimeHistory': [0.0], 'WallDurations': [0], 'JobIds': ['98558872.0'], 'State': 'unsubmitted', 'RecordedSite': False}, '36': {'Retries': 0, 'Restarts': 0, 'SiteHistory': ['Unknown'], 'ResidentSetSize': [0], 'SubmitTimes': [1765311728.0], 'StartTimes': [], 'EndTimes': [], 'TotalUserCpuTimeHistory': [0.0], 'TotalSysCpuTimeHistory': [0.0], 'WallDurations': [0], 'JobIds': ['98558873.0'], 'State': 'unsubmitted', 'RecordedSite': False}, '37': {'Retries': 0, 'Restarts': 0, 'SiteHistory': ['Unknown'], 'ResidentSetSize': [0], 'SubmitTimes': [1765311728.0], 'StartTimes': [], 'EndTimes': [], 'TotalUserCpuTimeHistory': [0.0], 'TotalSysCpuTimeHistory': [0.0], 'WallDurations': [0], 'JobIds': ['98558874.0'], 'State': 'unsubmitted', 'RecordedSite': False}, '38': {'Retries': 0, 'Restarts': 0, 'SiteHistory': ['Unknown'], 'ResidentSetSize': [0], 'SubmitTimes': [1765311728.0], 'StartTimes': [], 'EndTimes': [], 'TotalUserCpuTimeHistory': [0.0], 'TotalSysCpuTimeHistory': [0.0], 'WallDurations': [0], 'JobIds': ['98558875.0'], 'State': 'unsubmitted', 'RecordedSite': False}, '39': {'Retries': 0, 'Restarts': 0, 'SiteHistory': ['Unknown'], 'ResidentSetSize': [0], 'SubmitTimes': [1765311728.0], 'StartTimes': [], 'EndTimes': [], 'TotalUserCpuTimeHistory': [0.0], 'TotalSysCpuTimeHistory': [0.0], 'WallDurations': [0], 'JobIds': ['98558876.0'], 'State': 'unsubmitted', 'RecordedSite': False}, '40': {'Retries': 0, 'Restarts': 0, 'SiteHistory': ['Unknown'], 'ResidentSetSize': [0], 'SubmitTimes': [1765311728.0], 'StartTimes': [], 'EndTimes': [], 'TotalUserCpuTimeHistory': [0.0], 'TotalSysCpuTimeHistory': [0.0], 'WallDurations': [0], 'JobIds': ['98558877.0'], 'State': 'unsubmitted', 'RecordedSite': False}, '41': {'Retries': 0, 'Restarts': 0, 'SiteHistory': ['Unknown'], 'ResidentSetSize': [0], 'SubmitTimes': [1765311728.0], 'StartTimes': [], 'EndTimes': [], 'TotalUserCpuTimeHistory': [0.0], 'TotalSysCpuTimeHistory': [0.0], 'WallDurations': [0], 'JobIds': ['98558878.0'], 'State': 'unsubmitted', 'RecordedSite': False}, '42': {'Retries': 0, 'Restarts': 0, 'SiteHistory': ['Unknown'], 'ResidentSetSize': [0], 'SubmitTimes': [1765311729.0], 'StartTimes': [], 'EndTimes': [], 'TotalUserCpuTimeHistory': [0.0], 'TotalSysCpuTimeHistory': [0.0], 'WallDurations': [0], 'JobIds': ['98558879.0'], 'State': 'unsubmitted', 'RecordedSite': False}, '43': {'Retries': 0, 'Restarts': 0, 'SiteHistory': ['Unknown'], 'ResidentSetSize': [0], 'SubmitTimes': [1765311729.0], 'StartTimes': [], 'EndTimes': [], 'TotalUserCpuTimeHistory': [0.0], 'TotalSysCpuTimeHistory': [0.0], 'WallDurations': [0], 'JobIds': ['98558880.0'], 'State': 'unsubmitted', 'RecordedSite': False}, '44': {'Retries': 0, 'Restarts': 0, 'SiteHistory': ['Unknown'], 'ResidentSetSize': [0], 'SubmitTimes': [1765311729.0], 'StartTimes': [], 'EndTimes': [], 'TotalUserCpuTimeHistory': [0.0], 'TotalSysCpuTimeHistory': [0.0], 'WallDurations': [0], 'JobIds': ['98558881.0'], 'State': 'unsubmitted', 'RecordedSite': False}, '45': {'Retries': 0, 'Restarts': 0, 'SiteHistory': ['Unknown'], 'ResidentSetSize': [0], 'SubmitTimes': [1765311729.0], 'StartTimes': [], 'EndTimes': [], 'TotalUserCpuTimeHistory': [0.0], 'TotalSysCpuTimeHistory': [0.0], 'WallDurations': [0], 'JobIds': ['98558882.0'], 'State': 'unsubmitted', 'RecordedSite': False}, '46': {'Retries': 0, 'Restarts': 0, 'SiteHistory': ['Unknown'], 'ResidentSetSize': [0], 'SubmitTimes': [1765311729.0], 'StartTimes': [], 'EndTimes': [], 'TotalUserCpuTimeHistory': [0.0], 'TotalSysCpuTimeHistory': [0.0], 'WallDurations': [0], 'JobIds': ['98558883.0'], 'State': 'unsubmitted', 'RecordedSite': False}, '47': {'Retries': 0, 'Restarts': 0, 'SiteHistory': ['Unknown'], 'ResidentSetSize': [0], 'SubmitTimes': [1765311729.0], 'StartTimes': [], 'EndTimes': [], 'TotalUserCpuTimeHistory': [0.0], 'TotalSysCpuTimeHistory': [0.0], 'WallDurations': [0], 'JobIds': ['98558884.0'], 'State': 'unsubmitted', 'RecordedSite': False}, '48': {'Retries': 0, 'Restarts': 0, 'SiteHistory': ['Unknown'], 'ResidentSetSize': [0], 'SubmitTimes': [1765311729.0], 'StartTimes': [], 'EndTimes': [], 'TotalUserCpuTimeHistory': [0.0], 'TotalSysCpuTimeHistory': [0.0], 'WallDurations': [0], 'JobIds': ['98558885.0'], 'State': 'unsubmitted', 'RecordedSite': False}, '49': {'Retries': 0, 'Restarts': 0, 'SiteHistory': ['Unknown'], 'ResidentSetSize': [0], 'SubmitTimes': [1765311729.0], 'StartTimes': [], 'EndTimes': [], 'TotalUserCpuTimeHistory': [0.0], 'TotalSysCpuTimeHistory': [0.0], 'WallDurations': [0], 'JobIds': ['98558886.0'], 'State': 'unsubmitted', 'RecordedSite': False}, '50': {'Retries': 0, 'Restarts': 0, 'SiteHistory': ['Unknown'], 'ResidentSetSize': [0], 'SubmitTimes': [1765311729.0], 'StartTimes': [], 'EndTimes': [], 'TotalUserCpuTimeHistory': [0.0], 'TotalSysCpuTimeHistory': [0.0], 'WallDurations': [0], 'JobIds': ['98558887.0'], 'State': 'unsubmitted', 'RecordedSite': False}, '51': {'Retries': 0, 'Restarts': 0, 'SiteHistory': ['Unknown'], 'ResidentSetSize': [0], 'SubmitTimes': [1765311729.0], 'StartTimes': [], 'EndTimes': [], 'TotalUserCpuTimeHistory': [0.0], 'TotalSysCpuTimeHistory': [0.0], 'WallDurations': [0], 'JobIds': ['98558888.0'], 'State': 'unsubmitted', 'RecordedSite': False}, '54': {'Retries': 0, 'Restarts': 0, 'SiteHistory': ['Unknown'], 'ResidentSetSize': [0], 'SubmitTimes': [1765311729.0], 'StartTimes': [], 'EndTimes': [], 'TotalUserCpuTimeHistory': [0.0], 'TotalSysCpuTimeHistory': [0.0], 'WallDurations': [0], 'JobIds': ['98558889.0'], 'State': 'unsubmitted', 'RecordedSite': False}, '57': {'Retries': 0, 'Restarts': 0, 'SiteHistory': ['Unknown'], 'ResidentSetSize': [0], 'SubmitTimes': [1765311730.0], 'StartTimes': [], 'EndTimes': [], 'TotalUserCpuTimeHistory': [0.0], 'TotalSysCpuTimeHistory': [0.0], 'WallDurations': [0], 'JobIds': ['98558890.0'], 'State': 'unsubmitted', 'RecordedSite': False}, '71': {'Retries': 0, 'Restarts': 0, 'SiteHistory': ['Unknown'], 'ResidentSetSize': [0], 'SubmitTimes': [1765311730.0], 'StartTimes': [], 'EndTimes': [], 'TotalUserCpuTimeHistory': [0.0], 'TotalSysCpuTimeHistory': [0.0], 'WallDurations': [0], 'JobIds': ['98558891.0'], 'State': 'unsubmitted', 'RecordedSite': False}, '64': {'Retries': 0, 'Restarts': 0, 'SiteHistory': ['Unknown'], 'ResidentSetSize': [0], 'SubmitTimes': [1765311730.0], 'StartTimes': [], 'EndTimes': [], 'TotalUserCpuTimeHistory': [0.0], 'TotalSysCpuTimeHistory': [0.0], 'WallDurations': [0], 'JobIds': ['98558892.0'], 'State': 'unsubmitted', 'RecordedSite': False}, '53': {'Retries': 0, 'Restarts': 0, 'SiteHistory': ['Unknown'], 'ResidentSetSize': [0], 'SubmitTimes': [1765311730.0], 'StartTimes': [], 'EndTimes': [], 'TotalUserCpuTimeHistory': [0.0], 'TotalSysCpuTimeHistory': [0.0], 'WallDurations': [0], 'JobIds': ['98558893.0'], 'State': 'unsubmitted', 'RecordedSite': False}, '59': {'Retries': 0, 'Restarts': 0, 'SiteHistory': ['Unknown'], 'ResidentSetSize': [0], 'SubmitTimes': [1765311730.0], 'StartTimes': [], 'EndTimes': [], 'TotalUserCpuTimeHistory': [0.0], 'TotalSysCpuTimeHistory': [0.0], 'WallDurations': [0], 'JobIds': ['98558894.0'], 'State': 'unsubmitted', 'RecordedSite': False}, '61': {'Retries': 0, 'Restarts': 0, 'SiteHistory': ['Unknown'], 'ResidentSetSize': [0], 'SubmitTimes': [1765311730.0], 'StartTimes': [], 'EndTimes': [], 'TotalUserCpuTimeHistory': [0.0], 'TotalSysCpuTimeHistory': [0.0], 'WallDurations': [0], 'JobIds': ['98558895.0'], 'State': 'unsubmitted', 'RecordedSite': False}, '65': {'Retries': 0, 'Restarts': 0, 'SiteHistory': ['Unknown'], 'ResidentSetSize': [0], 'SubmitTimes': [1765311730.0], 'StartTimes': [], 'EndTimes': [], 'TotalUserCpuTimeHistory': [0.0], 'TotalSysCpuTimeHistory': [0.0], 'WallDurations': [0], 'JobIds': ['98558896.0'], 'State': 'unsubmitted', 'RecordedSite': False}, '56': {'Retries': 0, 'Restarts': 0, 'SiteHistory': ['Unknown'], 'ResidentSetSize': [0], 'SubmitTimes': [1765311731.0], 'StartTimes': [], 'EndTimes': [], 'TotalUserCpuTimeHistory': [0.0], 'TotalSysCpuTimeHistory': [0.0], 'WallDurations': [0], 'JobIds': ['98558897.0'], 'State': 'unsubmitted', 'RecordedSite': False}, '63': {'Retries': 0, 'Restarts': 0, 'SiteHistory': ['Unknown'], 'ResidentSetSize': [0], 'SubmitTimes': [1765311731.0], 'StartTimes': [], 'EndTimes': [], 'TotalUserCpuTimeHistory': [0.0], 'TotalSysCpuTimeHistory': [0.0], 'WallDurations': [0], 'JobIds': ['98558898.0'], 'State': 'unsubmitted', 'RecordedSite': False}, '60': {'Retries': 0, 'Restarts': 0, 'SiteHistory': ['Unknown'], 'ResidentSetSize': [0], 'SubmitTimes': [1765311732.0], 'StartTimes': [], 'EndTimes': [], 'TotalUserCpuTimeHistory': [0.0], 'TotalSysCpuTimeHistory': [0.0], 'WallDurations': [0], 'JobIds': ['98558899.0'], 'State': 'unsubmitted', 'RecordedSite': False}, '70': {'Retries': 0, 'Restarts': 0, 'SiteHistory': ['Unknown'], 'ResidentSetSize': [0], 'SubmitTimes': [1765311733.0], 'StartTimes': [], 'EndTimes': [], 'TotalUserCpuTimeHistory': [0.0], 'TotalSysCpuTimeHistory': [0.0], 'WallDurations': [0], 'JobIds': ['98558900.0'], 'State': 'unsubmitted', 'RecordedSite': False}, '72': {'Retries': 0, 'Restarts': 0, 'SiteHistory': ['Unknown'], 'ResidentSetSize': [0], 'SubmitTimes': [1765311733.0], 'StartTimes': [], 'EndTimes': [], 'TotalUserCpuTimeHistory': [0.0], 'TotalSysCpuTimeHistory': [0.0], 'WallDurations': [0], 'JobIds': ['98558901.0'], 'State': 'unsubmitted', 'RecordedSite': False}, '69': {'Retries': 0, 'Restarts': 0, 'SiteHistory': ['Unknown'], 'ResidentSetSize': [0], 'SubmitTimes': [1765311733.0], 'StartTimes': [], 'EndTimes': [], 'TotalUserCpuTimeHistory': [0.0], 'TotalSysCpuTimeHistory': [0.0], 'WallDurations': [0], 'JobIds': ['98558902.0'], 'State': 'unsubmitted', 'RecordedSite': False}, '62': {'Retries': 0, 'Restarts': 0, 'SiteHistory': ['Unknown'], 'ResidentSetSize': [0], 'SubmitTimes': [1765311733.0], 'StartTimes': [], 'EndTimes': [], 'TotalUserCpuTimeHistory': [0.0], 'TotalSysCpuTimeHistory': [0.0], 'WallDurations': [0], 'JobIds': ['98558903.0'], 'State': 'unsubmitted', 'RecordedSite': False}, '67': {'Retries': 0, 'Restarts': 0, 'SiteHistory': ['Unknown'], 'ResidentSetSize': [0], 'SubmitTimes': [1765311734.0], 'StartTimes': [], 'EndTimes': [], 'TotalUserCpuTimeHistory': [0.0], 'TotalSysCpuTimeHistory': [0.0], 'WallDurations': [0], 'JobIds': ['98558904.0'], 'State': 'unsubmitted', 'RecordedSite': False}, '55': {'Retries': 0, 'Restarts': 0, 'SiteHistory': ['Unknown'], 'ResidentSetSize': [0], 'SubmitTimes': [1765311739.0], 'StartTimes': [], 'EndTimes': [], 'TotalUserCpuTimeHistory': [0.0], 'TotalSysCpuTimeHistory': [0.0], 'WallDurations': [0], 'JobIds': ['98558905.0'], 'State': 'unsubmitted', 'RecordedSite': False}, '58': {'Retries': 0, 'Restarts': 0, 'SiteHistory': ['Unknown'], 'ResidentSetSize': [0], 'SubmitTimes': [1765311739.0], 'StartTimes': [], 'EndTimes': [], 'TotalUserCpuTimeHistory': [0.0], 'TotalSysCpuTimeHistory': [0.0], 'WallDurations': [0], 'JobIds': ['98558906.0'], 'State': 'unsubmitted', 'RecordedSite': False}, '68': {'Retries': 0, 'Restarts': 0, 'SiteHistory': ['Unknown'], 'ResidentSetSize': [0], 'SubmitTimes': [1765311740.0], 'StartTimes': [], 'EndTimes': [], 'TotalUserCpuTimeHistory': [0.0], 'TotalSysCpuTimeHistory': [0.0], 'WallDurations': [0], 'JobIds': ['98558907.0'], 'State': 'unsubmitted', 'RecordedSite': False}, '66': {'Retries': 0, 'Restarts': 0, 'SiteHistory': ['Unknown'], 'ResidentSetSize': [0], 'SubmitTimes': [1765311740.0], 'StartTimes': [], 'EndTimes': [], 'TotalUserCpuTimeHistory': [0.0], 'TotalSysCpuTimeHistory': [0.0], 'WallDurations': [0], 'JobIds': ['98558908.0'], 'State': 'unsubmitted', 'RecordedSite': False}, '74': {'Retries': 0, 'Restarts': 0, 'SiteHistory': ['Unknown'], 'ResidentSetSize': [0], 'SubmitTimes': [1765311740.0], 'StartTimes': [], 'EndTimes': [], 'TotalUserCpuTimeHistory': [0.0], 'TotalSysCpuTimeHistory': [0.0], 'WallDurations': [0], 'JobIds': ['98558909.0'], 'State': 'unsubmitted', 'RecordedSite': False}, '73': {'Retries': 0, 'Restarts': 0, 'SiteHistory': ['Unknown'], 'ResidentSetSize': [0], 'SubmitTimes': [1765311740.0], 'StartTimes': [], 'EndTimes': [], 'TotalUserCpuTimeHistory': [0.0], 'TotalSysCpuTimeHistory': [0.0], 'WallDurations': [0], 'JobIds': ['98558910.0'], 'State': 'unsubmitted', 'RecordedSite': False}, '75': {'Retries': 0, 'Restarts': 0, 'SiteHistory': ['Unknown'], 'ResidentSetSize': [0], 'SubmitTimes': [1765311740.0], 'StartTimes': [], 'EndTimes': [], 'TotalUserCpuTimeHistory': [0.0], 'TotalSysCpuTimeHistory': [0.0], 'WallDurations': [0], 'JobIds': ['98558911.0'], 'State': 'unsubmitted', 'RecordedSite': False}, '76': {'Retries': 0, 'Restarts': 0, 'SiteHistory': ['Unknown'], 'ResidentSetSize': [0], 'SubmitTimes': [1765311740.0], 'StartTimes': [], 'EndTimes': [], 'TotalUserCpuTimeHistory': [0.0], 'TotalSysCpuTimeHistory': [0.0], 'WallDurations': [0], 'JobIds': ['98558912.0'], 'State': 'unsubmitted', 'RecordedSite': False}, '77': {'Retries': 0, 'Restarts': 0, 'SiteHistory': ['Unknown'], 'ResidentSetSize': [0], 'SubmitTimes': [1765311741.0], 'StartTimes': [], 'EndTimes': [], 'TotalUserCpuTimeHistory': [0.0], 'TotalSysCpuTimeHistory': [0.0], 'WallDurations': [0], 'JobIds': ['98558913.0'], 'State': 'unsubmitted', 'RecordedSite': False}, '78': {'Retries': 0, 'Restarts': 0, 'SiteHistory': ['Unknown'], 'ResidentSetSize': [0], 'SubmitTimes': [1765311741.0], 'StartTimes': [], 'EndTimes': [], 'TotalUserCpuTimeHistory': [0.0], 'TotalSysCpuTimeHistory': [0.0], 'WallDurations': [0], 'JobIds': ['98558914.0'], 'State': 'unsubmitted', 'RecordedSite': False}, '79': {'Retries': 0, 'Restarts': 0, 'SiteHistory': ['Unknown'], 'ResidentSetSize': [0], 'SubmitTimes': [1765311741.0], 'StartTimes': [], 'EndTimes': [], 'TotalUserCpuTimeHistory': [0.0], 'TotalSysCpuTimeHistory': [0.0], 'WallDurations': [0], 'JobIds': ['98558915.0'], 'State': 'unsubmitted', 'RecordedSite': False}, '80': {'Retries': 0, 'Restarts': 0, 'SiteHistory': ['Unknown'], 'ResidentSetSize': [0], 'SubmitTimes': [1765311742.0], 'StartTimes': [], 'EndTimes': [], 'TotalUserCpuTimeHistory': [0.0], 'TotalSysCpuTimeHistory': [0.0], 'WallDurations': [0], 'JobIds': ['98558916.0'], 'State': 'unsubmitted', 'RecordedSite': False}, '81': {'Retries': 0, 'Restarts': 0, 'SiteHistory': ['Unknown'], 'ResidentSetSize': [0], 'SubmitTimes': [1765311742.0], 'StartTimes': [], 'EndTimes': [], 'TotalUserCpuTimeHistory': [0.0], 'TotalSysCpuTimeHistory': [0.0], 'WallDurations': [0], 'JobIds': ['98558917.0'], 'State': 'unsubmitted', 'RecordedSite': False}, '82': {'Retries': 0, 'Restarts': 0, 'SiteHistory': ['Unknown'], 'ResidentSetSize': [0], 'SubmitTimes': [1765311743.0], 'StartTimes': [], 'EndTimes': [], 'TotalUserCpuTimeHistory': [0.0], 'TotalSysCpuTimeHistory': [0.0], 'WallDurations': [0], 'JobIds': ['98558918.0'], 'State': 'unsubmitted', 'RecordedSite': False}, '83': {'Retries': 0, 'Restarts': 0, 'SiteHistory': ['Unknown'], 'ResidentSetSize': [0], 'SubmitTimes': [1765311743.0], 'StartTimes': [], 'EndTimes': [], 'TotalUserCpuTimeHistory': [0.0], 'TotalSysCpuTimeHistory': [0.0], 'WallDurations': [0], 'JobIds': ['98558919.0'], 'State': 'unsubmitted', 'RecordedSite': False}, '84': {'Retries': 0, 'Restarts': 0, 'SiteHistory': ['Unknown'], 'ResidentSetSize': [0], 'SubmitTimes': [1765311744.0], 'StartTimes': [], 'EndTimes': [], 'TotalUserCpuTimeHistory': [0.0], 'TotalSysCpuTimeHistory': [0.0], 'WallDurations': [0], 'JobIds': ['98558920.0'], 'State': 'unsubmitted', 'RecordedSite': False}, '85': {'Retries': 0, 'Restarts': 0, 'SiteHistory': ['Unknown'], 'ResidentSetSize': [0], 'SubmitTimes': [1765311744.0], 'StartTimes': [], 'EndTimes': [], 'TotalUserCpuTimeHistory': [0.0], 'TotalSysCpuTimeHistory': [0.0], 'WallDurations': [0], 'JobIds': ['98558921.0'], 'State': 'unsubmitted', 'RecordedSite': False}, '86': {'Retries': 0, 'Restarts': 0, 'SiteHistory': ['Unknown'], 'ResidentSetSize': [0], 'SubmitTimes': [1765311744.0], 'StartTimes': [], 'EndTimes': [], 'TotalUserCpuTimeHistory': [0.0], 'TotalSysCpuTimeHistory': [0.0], 'WallDurations': [0], 'JobIds': ['98558922.0'], 'State': 'unsubmitted', 'RecordedSite': False}, '87': {'Retries': 0, 'Restarts': 0, 'SiteHistory': ['Unknown'], 'ResidentSetSize': [0], 'SubmitTimes': [1765311745.0], 'StartTimes': [], 'EndTimes': [], 'TotalUserCpuTimeHistory': [0.0], 'TotalSysCpuTimeHistory': [0.0], 'WallDurations': [0], 'JobIds': ['98558923.0'], 'State': 'unsubmitted', 'RecordedSite': False}, '88': {'Retries': 0, 'Restarts': 0, 'SiteHistory': ['Unknown'], 'ResidentSetSize': [0], 'SubmitTimes': [1765311751.0], 'StartTimes': [], 'EndTimes': [], 'TotalUserCpuTimeHistory': [0.0], 'TotalSysCpuTimeHistory': [0.0], 'WallDurations': [0], 'JobIds': ['98558924.0'], 'State': 'unsubmitted', 'RecordedSite': False}, '89': {'Retries': 0, 'Restarts': 0, 'SiteHistory': ['Unknown'], 'ResidentSetSize': [0], 'SubmitTimes': [1765311752.0], 'StartTimes': [], 'EndTimes': [], 'TotalUserCpuTimeHistory': [0.0], 'TotalSysCpuTimeHistory': [0.0], 'WallDurations': [0], 'JobIds': ['98558925.0'], 'State': 'unsubmitted', 'RecordedSite': False}, '90': {'Retries': 0, 'Restarts': 0, 'SiteHistory': ['Unknown'], 'ResidentSetSize': [0], 'SubmitTimes': [1765311752.0], 'StartTimes': [], 'EndTimes': [], 'TotalUserCpuTimeHistory': [0.0], 'TotalSysCpuTimeHistory': [0.0], 'WallDurations': [0], 'JobIds': ['98558926.0'], 'State': 'unsubmitted', 'RecordedSite': False}, '91': {'Retries': 0, 'Restarts': 0, 'SiteHistory': ['Unknown'], 'ResidentSetSize': [0], 'SubmitTimes': [1765311752.0], 'StartTimes': [], 'EndTimes': [], 'TotalUserCpuTimeHistory': [0.0], 'TotalSysCpuTimeHistory': [0.0], 'WallDurations': [0], 'JobIds': ['98558927.0'], 'State': 'unsubmitted', 'RecordedSite': False}, '92': {'Retries': 0, 'Restarts': 0, 'SiteHistory': ['Unknown'], 'ResidentSetSize': [0], 'SubmitTimes': [1765311752.0], 'StartTimes': [], 'EndTimes': [], 'TotalUserCpuTimeHistory': [0.0], 'TotalSysCpuTimeHistory': [0.0], 'WallDurations': [0], 'JobIds': ['98558928.0'], 'State': 'unsubmitted', 'RecordedSite': False}, '108': {'Retries': 0, 'Restarts': 0, 'SiteHistory': ['Unknown'], 'ResidentSetSize': [0], 'SubmitTimes': [1765311753.0], 'StartTimes': [], 'EndTimes': [], 'TotalUserCpuTimeHistory': [0.0], 'TotalSysCpuTimeHistory': [0.0], 'WallDurations': [0], 'JobIds': ['98558929.0'], 'State': 'unsubmitted', 'RecordedSite': False}, '97': {'Retries': 0, 'Restarts': 0, 'SiteHistory': ['Unknown'], 'ResidentSetSize': [0], 'SubmitTimes': [1765311754.0], 'StartTimes': [], 'EndTimes': [], 'TotalUserCpuTimeHistory': [0.0], 'TotalSysCpuTimeHistory': [0.0], 'WallDurations': [0], 'JobIds': ['98558930.0'], 'State': 'unsubmitted', 'RecordedSite': False}, '102': {'Retries': 0, 'Restarts': 0, 'SiteHistory': ['Unknown'], 'ResidentSetSize': [0], 'SubmitTimes': [1765311755.0], 'StartTimes': [], 'EndTimes': [], 'TotalUserCpuTimeHistory': [0.0], 'TotalSysCpuTimeHistory': [0.0], 'WallDurations': [0], 'JobIds': ['98558931.0'], 'State': 'unsubmitted', 'RecordedSite': False}, '104': {'Retries': 0, 'Restarts': 0, 'SiteHistory': ['Unknown'], 'ResidentSetSize': [0], 'SubmitTimes': [1765311755.0], 'StartTimes': [], 'EndTimes': [], 'TotalUserCpuTimeHistory': [0.0], 'TotalSysCpuTimeHistory': [0.0], 'WallDurations': [0], 'JobIds': ['98558932.0'], 'State': 'unsubmitted', 'RecordedSite': False}, '100': {'Retries': 0, 'Restarts': 0, 'SiteHistory': ['Unknown'], 'ResidentSetSize': [0], 'SubmitTimes': [1765311756.0], 'StartTimes': [], 'EndTimes': [], 'TotalUserCpuTimeHistory': [0.0], 'TotalSysCpuTimeHistory': [0.0], 'WallDurations': [0], 'JobIds': ['98558933.0'], 'State': 'unsubmitted', 'RecordedSite': False}, '98': {'Retries': 0, 'Restarts': 0, 'SiteHistory': ['Unknown'], 'ResidentSetSize': [0], 'SubmitTimes': [1765311761.0], 'StartTimes': [], 'EndTimes': [], 'TotalUserCpuTimeHistory': [0.0], 'TotalSysCpuTimeHistory': [0.0], 'WallDurations': [0], 'JobIds': ['98558935.0'], 'State': 'unsubmitted', 'RecordedSite': False}, '96': {'Retries': 0, 'Restarts': 0, 'SiteHistory': ['Unknown'], 'ResidentSetSize': [0], 'SubmitTimes': [1765311762.0], 'StartTimes': [], 'EndTimes': [], 'TotalUserCpuTimeHistory': [0.0], 'TotalSysCpuTimeHistory': [0.0], 'WallDurations': [0], 'JobIds': ['98558936.0'], 'State': 'unsubmitted', 'RecordedSite': False}, '106': {'Retries': 0, 'Restarts': 0, 'SiteHistory': ['Unknown'], 'ResidentSetSize': [0], 'SubmitTimes': [1765311762.0], 'StartTimes': [], 'EndTimes': [], 'TotalUserCpuTimeHistory': [0.0], 'TotalSysCpuTimeHistory': [0.0], 'WallDurations': [0], 'JobIds': ['98558937.0'], 'State': 'unsubmitted', 'RecordedSite': False}, '109': {'Retries': 0, 'Restarts': 0, 'SiteHistory': ['Unknown'], 'ResidentSetSize': [0], 'SubmitTimes': [1765311763.0], 'StartTimes': [], 'EndTimes': [], 'TotalUserCpuTimeHistory': [0.0], 'TotalSysCpuTimeHistory': [0.0], 'WallDurations': [0], 'JobIds': ['98558938.0'], 'State': 'unsubmitted', 'RecordedSite': False}, '103': {'Retries': 0, 'Restarts': 0, 'SiteHistory': ['Unknown'], 'ResidentSetSize': [0], 'SubmitTimes': [1765311764.0], 'StartTimes': [], 'EndTimes': [], 'TotalUserCpuTimeHistory': [0.0], 'TotalSysCpuTimeHistory': [0.0], 'WallDurations': [0], 'JobIds': ['98558939.0'], 'State': 'unsubmitted', 'RecordedSite': False}, '94': {'Retries': 0, 'Restarts': 0, 'SiteHistory': ['Unknown'], 'ResidentSetSize': [0], 'SubmitTimes': [1765311764.0], 'StartTimes': [], 'EndTimes': [], 'TotalUserCpuTimeHistory': [0.0], 'TotalSysCpuTimeHistory': [0.0], 'WallDurations': [0], 'JobIds': ['98558940.0'], 'State': 'unsubmitted', 'RecordedSite': False}, '95': {'Retries': 0, 'Restarts': 0, 'SiteHistory': ['Unknown'], 'ResidentSetSize': [0], 'SubmitTimes': [1765311765.0], 'StartTimes': [], 'EndTimes': [], 'TotalUserCpuTimeHistory': [0.0], 'TotalSysCpuTimeHistory': [0.0], 'WallDurations': [0], 'JobIds': ['98558941.0'], 'State': 'unsubmitted', 'RecordedSite': False}, '99': {'Retries': 0, 'Restarts': 0, 'SiteHistory': ['Unknown'], 'ResidentSetSize': [0], 'SubmitTimes': [1765311766.0], 'StartTimes': [], 'EndTimes': [], 'TotalUserCpuTimeHistory': [0.0], 'TotalSysCpuTimeHistory': [0.0], 'WallDurations': [0], 'JobIds': ['98558942.0'], 'State': 'unsubmitted', 'RecordedSite': False}, '101': {'Retries': 0, 'Restarts': 0, 'SiteHistory': ['Unknown'], 'ResidentSetSize': [0], 'SubmitTimes': [1765311767.0], 'StartTimes': [], 'EndTimes': [], 'TotalUserCpuTimeHistory': [0.0], 'TotalSysCpuTimeHistory': [0.0], 'WallDurations': [0], 'JobIds': ['98558943.0'], 'State': 'unsubmitted', 'RecordedSite': False}, '105': {'Retries': 0, 'Restarts': 0, 'SiteHistory': ['Unknown'], 'ResidentSetSize': [0], 'SubmitTimes': [1765311776.0], 'StartTimes': [], 'EndTimes': [], 'TotalUserCpuTimeHistory': [0.0], 'TotalSysCpuTimeHistory': [0.0], 'WallDurations': [0], 'JobIds': ['98558944.0'], 'State': 'unsubmitted', 'RecordedSite': False}, '107': {'Retries': 0, 'Restarts': 0, 'SiteHistory': ['Unknown'], 'ResidentSetSize': [0], 'SubmitTimes': [1765311778.0], 'StartTimes': [], 'EndTimes': [], 'TotalUserCpuTimeHistory': [0.0], 'TotalSysCpuTimeHistory': [0.0], 'WallDurations': [0], 'JobIds': ['98558945.0'], 'State': 'unsubmitted', 'RecordedSite': False}, '110': {'Retries': 0, 'Restarts': 0, 'SiteHistory': ['Unknown'], 'ResidentSetSize': [0], 'SubmitTimes': [1765311779.0], 'StartTimes': [], 'EndTimes': [], 'TotalUserCpuTimeHistory': [0.0], 'TotalSysCpuTimeHistory': [0.0], 'WallDurations': [0], 'JobIds': ['98558946.0'], 'State': 'unsubmitted', 'RecordedSite': False}, '21': {'Retries': 0, 'Restarts': 0, 'SiteHistory': [], 'ResidentSetSize': [], 'SubmitTimes': [], 'StartTimes': [], 'EndTimes': [], 'TotalUserCpuTimeHistory': [], 'TotalSysCpuTimeHistory': [], 'WallDurations': [], 'JobIds': [], 'State': 'unsubmitted'}, '52': {'Retries': 0, 'Restarts': 0, 'SiteHistory': [], 'ResidentSetSize': [], 'SubmitTimes': [], 'StartTimes': [], 'EndTimes': [], 'TotalUserCpuTimeHistory': [], 'TotalSysCpuTimeHistory': [], 'WallDurations': [], 'JobIds': [], 'State': 'unsubmitted'}, '93': {'Retries': 0, 'Restarts': 0, 'SiteHistory': [], 'ResidentSetSize': [], 'SubmitTimes': [], 'StartTimes': [], 'EndTimes': [], 'TotalUserCpuTimeHistory': [], 'TotalSysCpuTimeHistory': [], 'WallDurations': [], 'JobIds': [], 'State': 'unsubmitted'}, '111': {'Retries': 0, 'Restarts': 0, 'SiteHistory': [], 'ResidentSetSize': [], 'SubmitTimes': [], 'StartTimes': [], 'EndTimes': [], 'TotalUserCpuTimeHistory': [], 'TotalSysCpuTimeHistory': [], 'WallDurations': [], 'JobIds': [], 'State': 'unsubmitted'}, '112': {'Retries': 0, 'Restarts': 0, 'SiteHistory': [], 'ResidentSetSize': [], 'SubmitTimes': [], 'StartTimes': [], 'EndTimes': [], 'TotalUserCpuTimeHistory': [], 'TotalSysCpuTimeHistory': [], 'WallDurations': [], 'JobIds': [], 'State': 'unsubmitted'}, '113': {'Retries': 0, 'Restarts': 0, 'SiteHistory': [], 'ResidentSetSize': [], 'SubmitTimes': [], 'StartTimes': [], 'EndTimes': [], 'TotalUserCpuTimeHistory': [], 'TotalSysCpuTimeHistory': [], 'WallDurations': [], 'JobIds': [], 'State': 'unsubmitted'}, '114': {'Retries': 0, 'Restarts': 0, 'SiteHistory': [], 'ResidentSetSize': [], 'SubmitTimes': [], 'StartTimes': [], 'EndTimes': [], 'TotalUserCpuTimeHistory': [], 'TotalSysCpuTimeHistory': [], 'WallDurations': [], 'JobIds': [], 'State': 'unsubmitted'}, '115': {'Retries': 0, 'Restarts': 0, 'SiteHistory': [], 'ResidentSetSize': [], 'SubmitTimes': [], 'StartTimes': [], 'EndTimes': [], 'TotalUserCpuTimeHistory': [], 'TotalSysCpuTimeHistory': [], 'WallDurations': [], 'JobIds': [], 'State': 'unsubmitted'}, '116': {'Retries': 0, 'Restarts': 0, 'SiteHistory': [], 'ResidentSetSize': [], 'SubmitTimes': [], 'StartTimes': [], 'EndTimes': [], 'TotalUserCpuTimeHistory': [], 'TotalSysCpuTimeHistory': [], 'WallDurations': [], 'JobIds': [], 'State': 'unsubmitted'}, '117': {'Retries': 0, 'Restarts': 0, 'SiteHistory': [], 'ResidentSetSize': [], 'SubmitTimes': [], 'StartTimes': [], 'EndTimes': [], 'TotalUserCpuTimeHistory': [], 'TotalSysCpuTimeHistory': [], 'WallDurations': [], 'JobIds': [], 'State': 'unsubmitted'}, '118': {'Retries': 0, 'Restarts': 0, 'SiteHistory': [], 'ResidentSetSize': [], 'SubmitTimes': [], 'StartTimes': [], 'EndTimes': [], 'TotalUserCpuTimeHistory': [], 'TotalSysCpuTimeHistory': [], 'WallDurations': [], 'JobIds': [], 'State': 'unsubmitted'}, '119': {'Retries': 0, 'Restarts': 0, 'SiteHistory': [], 'ResidentSetSize': [], 'SubmitTimes': [], 'StartTimes': [], 'EndTimes': [], 'TotalUserCpuTimeHistory': [], 'TotalSysCpuTimeHistory': [], 'WallDurations': [], 'JobIds': [], 'State': 'unsubmitted'}, '120': {'Retries': 0, 'Restarts': 0, 'SiteHistory': [], 'ResidentSetSize': [], 'SubmitTimes': [], 'StartTimes': [], 'EndTimes': [], 'TotalUserCpuTimeHistory': [], 'TotalSysCpuTimeHistory': [], 'WallDurations': [], 'JobIds': [], 'State': 'unsubmitted'}, '121': {'Retries': 0, 'Restarts': 0, 'SiteHistory': [], 'ResidentSetSize': [], 'SubmitTimes': [], 'StartTimes': [], 'EndTimes': [], 'TotalUserCpuTimeHistory': [], 'TotalSysCpuTimeHistory': [], 'WallDurations': [], 'JobIds': [], 'State': 'unsubmitted'}, '122': {'Retries': 0, 'Restarts': 0, 'SiteHistory': [], 'ResidentSetSize': [], 'SubmitTimes': [], 'StartTimes': [], 'EndTimes': [], 'TotalUserCpuTimeHistory': [], 'TotalSysCpuTimeHistory': [], 'WallDurations': [], 'JobIds': [], 'State': 'unsubmitted'}, '123': {'Retries': 0, 'Restarts': 0, 'SiteHistory': [], 'ResidentSetSize': [], 'SubmitTimes': [], 'StartTimes': [], 'EndTimes': [], 'TotalUserCpuTimeHistory': [], 'TotalSysCpuTimeHistory': [], 'WallDurations': [], 'JobIds': [], 'State': 'unsubmitted'}, '124': {'Retries': 0, 'Restarts': 0, 'SiteHistory': [], 'ResidentSetSize': [], 'SubmitTimes': [], 'StartTimes': [], 'EndTimes': [], 'TotalUserCpuTimeHistory': [], 'TotalSysCpuTimeHistory': [], 'WallDurations': [], 'JobIds': [], 'State': 'unsubmitted'}, '125': {'Retries': 0, 'Restarts': 0, 'SiteHistory': [], 'ResidentSetSize': [], 'SubmitTimes': [], 'StartTimes': [], 'EndTimes': [], 'TotalUserCpuTimeHistory': [], 'TotalSysCpuTimeHistory': [], 'WallDurations': [], 'JobIds': [], 'State': 'unsubmitted'}, '126': {'Retries': 0, 'Restarts': 0, 'SiteHistory': [], 'ResidentSetSize': [], 'SubmitTimes': [], 'StartTimes': [], 'EndTimes': [], 'TotalUserCpuTimeHistory': [], 'TotalSysCpuTimeHistory': [], 'WallDurations': [], 'JobIds': [], 'State': 'unsubmitted'}, '127': {'Retries': 0, 'Restarts': 0, 'SiteHistory': [], 'ResidentSetSize': [], 'SubmitTimes': [], 'StartTimes': [], 'EndTimes': [], 'TotalUserCpuTimeHistory': [], 'TotalSysCpuTimeHistory': [], 'WallDurations': [], 'JobIds': [], 'State': 'unsubmitted'}, '128': {'Retries': 0, 'Restarts': 0, 'SiteHistory': [], 'ResidentSetSize': [], 'SubmitTimes': [], 'StartTimes': [], 'EndTimes': [], 'TotalUserCpuTimeHistory': [], 'TotalSysCpuTimeHistory': [], 'WallDurations': [], 'JobIds': [], 'State': 'unsubmitted'}, '129': {'Retries': 0, 'Restarts': 0, 'SiteHistory': [], 'ResidentSetSize': [], 'SubmitTimes': [], 'StartTimes': [], 'EndTimes': [], 'TotalUserCpuTimeHistory': [], 'TotalSysCpuTimeHistory': [], 'WallDurations': [], 'JobIds': [], 'State': 'unsubmitted'}, '130': {'Retries': 0, 'Restarts': 0, 'SiteHistory': [], 'ResidentSetSize': [], 'SubmitTimes': [], 'StartTimes': [], 'EndTimes': [], 'TotalUserCpuTimeHistory': [], 'TotalSysCpuTimeHistory': [], 'WallDurations': [], 'JobIds': [], 'State': 'unsubmitted'}, '131': {'Retries': 0, 'Restarts': 0, 'SiteHistory': [], 'ResidentSetSize': [], 'SubmitTimes': [], 'StartTimes': [], 'EndTimes': [], 'TotalUserCpuTimeHistory': [], 'TotalSysCpuTimeHistory': [], 'WallDurations': [], 'JobIds': [], 'State': 'unsubmitted'}, '132': {'Retries': 0, 'Restarts': 0, 'SiteHistory': [], 'ResidentSetSize': [], 'SubmitTimes': [], 'StartTimes': [], 'EndTimes': [], 'TotalUserCpuTimeHistory': [], 'TotalSysCpuTimeHistory': [], 'WallDurations': [], 'JobIds': [], 'State': 'unsubmitted'}, '133': {'Retries': 0, 'Restarts': 0, 'SiteHistory': [], 'ResidentSetSize': [], 'SubmitTimes': [], 'StartTimes': [], 'EndTimes': [], 'TotalUserCpuTimeHistory': [], 'TotalSysCpuTimeHistory': [], 'WallDurations': [], 'JobIds': [], 'State': 'unsubmitted'}, '134': {'Retries': 0, 'Restarts': 0, 'SiteHistory': [], 'ResidentSetSize': [], 'SubmitTimes': [], 'StartTimes': [], 'EndTimes': [], 'TotalUserCpuTimeHistory': [], 'TotalSysCpuTimeHistory': [], 'WallDurations': [], 'JobIds': [], 'State': 'unsubmitted'}, '135': {'Retries': 0, 'Restarts': 0, 'SiteHistory': [], 'ResidentSetSize': [], 'SubmitTimes': [], 'StartTimes': [], 'EndTimes': [], 'TotalUserCpuTimeHistory': [], 'TotalSysCpuTimeHistory': [], 'WallDurations': [], 'JobIds': [], 'State': 'unsubmitted'}, '136': {'Retries': 0, 'Restarts': 0, 'SiteHistory': [], 'ResidentSetSize': [], 'SubmitTimes': [], 'StartTimes': [], 'EndTimes': [], 'TotalUserCpuTimeHistory': [], 'TotalSysCpuTimeHistory': [], 'WallDurations': [], 'JobIds': [], 'State': 'unsubmitted'}, '137': {'Retries': 0, 'Restarts': 0, 'SiteHistory': [], 'ResidentSetSize': [], 'SubmitTimes': [], 'StartTimes': [], 'EndTimes': [], 'TotalUserCpuTimeHistory': [], 'TotalSysCpuTimeHistory': [], 'WallDurations': [], 'JobIds': [], 'State': 'unsubmitted'}, '138': {'Retries': 0, 'Restarts': 0, 'SiteHistory': [], 'ResidentSetSize': [], 'SubmitTimes': [], 'StartTimes': [], 'EndTimes': [], 'TotalUserCpuTimeHistory': [], 'TotalSysCpuTimeHistory': [], 'WallDurations': [], 'JobIds': [], 'State': 'unsubmitted'}, '139': {'Retries': 0, 'Restarts': 0, 'SiteHistory': [], 'ResidentSetSize': [], 'SubmitTimes': [], 'StartTimes': [], 'EndTimes': [], 'TotalUserCpuTimeHistory': [], 'TotalSysCpuTimeHistory': [], 'WallDurations': [], 'JobIds': [], 'State': 'unsubmitted'}, '140': {'Retries': 0, 'Restarts': 0, 'SiteHistory': [], 'ResidentSetSize': [], 'SubmitTimes': [], 'StartTimes': [], 'EndTimes': [], 'TotalUserCpuTimeHistory': [], 'TotalSysCpuTimeHistory': [], 'WallDurations': [], 'JobIds': [], 'State': 'unsubmitted'}, '141': {'Retries': 0, 'Restarts': 0, 'SiteHistory': [], 'ResidentSetSize': [], 'SubmitTimes': [], 'StartTimes': [], 'EndTimes': [], 'TotalUserCpuTimeHistory': [], 'TotalSysCpuTimeHistory': [], 'WallDurations': [], 'JobIds': [], 'State': 'unsubmitted'}, '142': {'Retries': 0, 'Restarts': 0, 'SiteHistory': [], 'ResidentSetSize': [], 'SubmitTimes': [], 'StartTimes': [], 'EndTimes': [], 'TotalUserCpuTimeHistory': [], 'TotalSysCpuTimeHistory': [], 'WallDurations': [], 'JobIds': [], 'State': 'unsubmitted'}, '143': {'Retries': 0, 'Restarts': 0, 'SiteHistory': [], 'ResidentSetSize': [], 'SubmitTimes': [], 'StartTimes': [], 'EndTimes': [], 'TotalUserCpuTimeHistory': [], 'TotalSysCpuTimeHistory': [], 'WallDurations': [], 'JobIds': [], 'State': 'unsubmitted'}, '144': {'Retries': 0, 'Restarts': 0, 'SiteHistory': [], 'ResidentSetSize': [], 'SubmitTimes': [], 'StartTimes': [], 'EndTimes': [], 'TotalUserCpuTimeHistory': [], 'TotalSysCpuTimeHistory': [], 'WallDurations': [], 'JobIds': [], 'State': 'unsubmitted'}, '145': {'Retries': 0, 'Restarts': 0, 'SiteHistory': [], 'ResidentSetSize': [], 'SubmitTimes': [], 'StartTimes': [], 'EndTimes': [], 'TotalUserCpuTimeHistory': [], 'TotalSysCpuTimeHistory': [], 'WallDurations': [], 'JobIds': [], 'State': 'unsubmitted'}, '146': {'Retries': 0, 'Restarts': 0, 'SiteHistory': [], 'ResidentSetSize': [], 'SubmitTimes': [], 'StartTimes': [], 'EndTimes': [], 'TotalUserCpuTimeHistory': [], 'TotalSysCpuTimeHistory': [], 'WallDurations': [], 'JobIds': [], 'State': 'unsubmitted'}, '147': {'Retries': 0, 'Restarts': 0, 'SiteHistory': [], 'ResidentSetSize': [], 'SubmitTimes': [], 'StartTimes': [], 'EndTimes': [], 'TotalUserCpuTimeHistory': [], 'TotalSysCpuTimeHistory': [], 'WallDurations': [], 'JobIds': [], 'State': 'unsubmitted'}, '148': {'Retries': 0, 'Restarts': 0, 'SiteHistory': [], 'ResidentSetSize': [], 'SubmitTimes': [], 'StartTimes': [], 'EndTimes': [], 'TotalUserCpuTimeHistory': [], 'TotalSysCpuTimeHistory': [], 'WallDurations': [], 'JobIds': [], 'State': 'unsubmitted'}, '149': {'Retries': 0, 'Restarts': 0, 'SiteHistory': [], 'ResidentSetSize': [], 'SubmitTimes': [], 'StartTimes': [], 'EndTimes': [], 'TotalUserCpuTimeHistory': [], 'TotalSysCpuTimeHistory': [], 'WallDurations': [], 'JobIds': [], 'State': 'unsubmitted'}, '150': {'Retries': 0, 'Restarts': 0, 'SiteHistory': [], 'ResidentSetSize': [], 'SubmitTimes': [], 'StartTimes': [], 'EndTimes': [], 'TotalUserCpuTimeHistory': [], 'TotalSysCpuTimeHistory': [], 'WallDurations': [], 'JobIds': [], 'State': 'unsubmitted'}, '151': {'Retries': 0, 'Restarts': 0, 'SiteHistory': [], 'ResidentSetSize': [], 'SubmitTimes': [], 'StartTimes': [], 'EndTimes': [], 'TotalUserCpuTimeHistory': [], 'TotalSysCpuTimeHistory': [], 'WallDurations': [], 'JobIds': [], 'State': 'unsubmitted'}, '152': {'Retries': 0, 'Restarts': 0, 'SiteHistory': [], 'ResidentSetSize': [], 'SubmitTimes': [], 'StartTimes': [], 'EndTimes': [], 'TotalUserCpuTimeHistory': [], 'TotalSysCpuTimeHistory': [], 'WallDurations': [], 'JobIds': [], 'State': 'unsubmitted'}, '153': {'Retries': 0, 'Restarts': 0, 'SiteHistory': [], 'ResidentSetSize': [], 'SubmitTimes': [], 'StartTimes': [], 'EndTimes': [], 'TotalUserCpuTimeHistory': [], 'TotalSysCpuTimeHistory': [], 'WallDurations': [], 'JobIds': [], 'State': 'unsubmitted'}, '154': {'Retries': 0, 'Restarts': 0, 'SiteHistory': [], 'ResidentSetSize': [], 'SubmitTimes': [], 'StartTimes': [], 'EndTimes': [], 'TotalUserCpuTimeHistory': [], 'TotalSysCpuTimeHistory': [], 'WallDurations': [], 'JobIds': [], 'State': 'unsubmitted'}, '155': {'Retries': 0, 'Restarts': 0, 'SiteHistory': [], 'ResidentSetSize': [], 'SubmitTimes': [], 'StartTimes': [], 'EndTimes': [], 'TotalUserCpuTimeHistory': [], 'TotalSysCpuTimeHistory': [], 'WallDurations': [], 'JobIds': [], 'State': 'unsubmitted'}, '156': {'Retries': 0, 'Restarts': 0, 'SiteHistory': [], 'ResidentSetSize': [], 'SubmitTimes': [], 'StartTimes': [], 'EndTimes': [], 'TotalUserCpuTimeHistory': [], 'TotalSysCpuTimeHistory': [], 'WallDurations': [], 'JobIds': [], 'State': 'unsubmitted'}, '157': {'Retries': 0, 'Restarts': 0, 'SiteHistory': [], 'ResidentSetSize': [], 'SubmitTimes': [], 'StartTimes': [], 'EndTimes': [], 'TotalUserCpuTimeHistory': [], 'TotalSysCpuTimeHistory': [], 'WallDurations': [], 'JobIds': [], 'State': 'unsubmitted'}, '158': {'Retries': 0, 'Restarts': 0, 'SiteHistory': [], 'ResidentSetSize': [], 'SubmitTimes': [], 'StartTimes': [], 'EndTimes': [], 'TotalUserCpuTimeHistory': [], 'TotalSysCpuTimeHistory': [], 'WallDurations': [], 'JobIds': [], 'State': 'unsubmitted'}, '159': {'Retries': 0, 'Restarts': 0, 'SiteHistory': [], 'ResidentSetSize': [], 'SubmitTimes': [], 'StartTimes': [], 'EndTimes': [], 'TotalUserCpuTimeHistory': [], 'TotalSysCpuTimeHistory': [], 'WallDurations': [], 'JobIds': [], 'State': 'unsubmitted'}, '160': {'Retries': 0, 'Restarts': 0, 'SiteHistory': [], 'ResidentSetSize': [], 'SubmitTimes': [], 'StartTimes': [], 'EndTimes': [], 'TotalUserCpuTimeHistory': [], 'TotalSysCpuTimeHistory': [], 'WallDurations': [], 'JobIds': [], 'State': 'unsubmitted'}, '161': {'Retries': 0, 'Restarts': 0, 'SiteHistory': [], 'ResidentSetSize': [], 'SubmitTimes': [], 'StartTimes': [], 'EndTimes': [], 'TotalUserCpuTimeHistory': [], 'TotalSysCpuTimeHistory': [], 'WallDurations': [], 'JobIds': [], 'State': 'unsubmitted'}, '162': {'Retries': 0, 'Restarts': 0, 'SiteHistory': [], 'ResidentSetSize': [], 'SubmitTimes': [], 'StartTimes': [], 'EndTimes': [], 'TotalUserCpuTimeHistory': [], 'TotalSysCpuTimeHistory': [], 'WallDurations': [], 'JobIds': [], 'State': 'unsubmitted'}, '163': {'Retries': 0, 'Restarts': 0, 'SiteHistory': [], 'ResidentSetSize': [], 'SubmitTimes': [], 'StartTimes': [], 'EndTimes': [], 'TotalUserCpuTimeHistory': [], 'TotalSysCpuTimeHistory': [], 'WallDurations': [], 'JobIds': [], 'State': 'unsubmitted'}, '164': {'Retries': 0, 'Restarts': 0, 'SiteHistory': [], 'ResidentSetSize': [], 'SubmitTimes': [], 'StartTimes': [], 'EndTimes': [], 'TotalUserCpuTimeHistory': [], 'TotalSysCpuTimeHistory': [], 'WallDurations': [], 'JobIds': [], 'State': 'unsubmitted'}, '165': {'Retries': 0, 'Restarts': 0, 'SiteHistory': [], 'ResidentSetSize': [], 'SubmitTimes': [], 'StartTimes': [], 'EndTimes': [], 'TotalUserCpuTimeHistory': [], 'TotalSysCpuTimeHistory': [], 'WallDurations': [], 'JobIds': [], 'State': 'unsubmitted'}, '166': {'Retries': 0, 'Restarts': 0, 'SiteHistory': [], 'ResidentSetSize': [], 'SubmitTimes': [], 'StartTimes': [], 'EndTimes': [], 'TotalUserCpuTimeHistory': [], 'TotalSysCpuTimeHistory': [], 'WallDurations': [], 'JobIds': [], 'State': 'unsubmitted'}, '167': {'Retries': 0, 'Restarts': 0, 'SiteHistory': [], 'ResidentSetSize': [], 'SubmitTimes': [], 'StartTimes': [], 'EndTimes': [], 'TotalUserCpuTimeHistory': [], 'TotalSysCpuTimeHistory': [], 'WallDurations': [], 'JobIds': [], 'State': 'unsubmitted'}, '168': {'Retries': 0, 'Restarts': 0, 'SiteHistory': [], 'ResidentSetSize': [], 'SubmitTimes': [], 'StartTimes': [], 'EndTimes': [], 'TotalUserCpuTimeHistory': [], 'TotalSysCpuTimeHistory': [], 'WallDurations': [], 'JobIds': [], 'State': 'unsubmitted'}, '169': {'Retries': 0, 'Restarts': 0, 'SiteHistory': [], 'ResidentSetSize': [], 'SubmitTimes': [], 'StartTimes': [], 'EndTimes': [], 'TotalUserCpuTimeHistory': [], 'TotalSysCpuTimeHistory': [], 'WallDurations': [], 'JobIds': [], 'State': 'unsubmitted'}, '170': {'Retries': 0, 'Restarts': 0, 'SiteHistory': [], 'ResidentSetSize': [], 'SubmitTimes': [], 'StartTimes': [], 'EndTimes': [], 'TotalUserCpuTimeHistory': [], 'TotalSysCpuTimeHistory': [], 'WallDurations': [], 'JobIds': [], 'State': 'unsubmitted'}, '171': {'Retries': 0, 'Restarts': 0, 'SiteHistory': [], 'ResidentSetSize': [], 'SubmitTimes': [], 'StartTimes': [], 'EndTimes': [], 'TotalUserCpuTimeHistory': [], 'TotalSysCpuTimeHistory': [], 'WallDurations': [], 'JobIds': [], 'State': 'unsubmitted'}, '172': {'Retries': 0, 'Restarts': 0, 'SiteHistory': [], 'ResidentSetSize': [], 'SubmitTimes': [], 'StartTimes': [], 'EndTimes': [], 'TotalUserCpuTimeHistory': [], 'TotalSysCpuTimeHistory': [], 'WallDurations': [], 'JobIds': [], 'State': 'unsubmitted'}, '173': {'Retries': 0, 'Restarts': 0, 'SiteHistory': [], 'ResidentSetSize': [], 'SubmitTimes': [], 'StartTimes': [], 'EndTimes': [], 'TotalUserCpuTimeHistory': [], 'TotalSysCpuTimeHistory': [], 'WallDurations': [], 'JobIds': [], 'State': 'unsubmitted'}, '174': {'Retries': 0, 'Restarts': 0, 'SiteHistory': [], 'ResidentSetSize': [], 'SubmitTimes': [], 'StartTimes': [], 'EndTimes': [], 'TotalUserCpuTimeHistory': [], 'TotalSysCpuTimeHistory': [], 'WallDurations': [], 'JobIds': [], 'State': 'unsubmitted'}, '175': {'Retries': 0, 'Restarts': 0, 'SiteHistory': [], 'ResidentSetSize': [], 'SubmitTimes': [], 'StartTimes': [], 'EndTimes': [], 'TotalUserCpuTimeHistory': [], 'TotalSysCpuTimeHistory': [], 'WallDurations': [], 'JobIds': [], 'State': 'unsubmitted'}, '176': {'Retries': 0, 'Restarts': 0, 'SiteHistory': [], 'ResidentSetSize': [], 'SubmitTimes': [], 'StartTimes': [], 'EndTimes': [], 'TotalUserCpuTimeHistory': [], 'TotalSysCpuTimeHistory': [], 'WallDurations': [], 'JobIds': [], 'State': 'unsubmitted'}, '177': {'Retries': 0, 'Restarts': 0, 'SiteHistory': [], 'ResidentSetSize': [], 'SubmitTimes': [], 'StartTimes': [], 'EndTimes': [], 'TotalUserCpuTimeHistory': [], 'TotalSysCpuTimeHistory': [], 'WallDurations': [], 'JobIds': [], 'State': 'unsubmitted'}, '178': {'Retries': 0, 'Restarts': 0, 'SiteHistory': [], 'ResidentSetSize': [], 'SubmitTimes': [], 'StartTimes': [], 'EndTimes': [], 'TotalUserCpuTimeHistory': [], 'TotalSysCpuTimeHistory': [], 'WallDurations': [], 'JobIds': [], 'State': 'unsubmitted'}, '179': {'Retries': 0, 'Restarts': 0, 'SiteHistory': [], 'ResidentSetSize': [], 'SubmitTimes': [], 'StartTimes': [], 'EndTimes': [], 'TotalUserCpuTimeHistory': [], 'TotalSysCpuTimeHistory': [], 'WallDurations': [], 'JobIds': [], 'State': 'unsubmitted'}, '180': {'Retries': 0, 'Restarts': 0, 'SiteHistory': [], 'ResidentSetSize': [], 'SubmitTimes': [], 'StartTimes': [], 'EndTimes': [], 'TotalUserCpuTimeHistory': [], 'TotalSysCpuTimeHistory': [], 'WallDurations': [], 'JobIds': [], 'State': 'unsubmitted'}, '181': {'Retries': 0, 'Restarts': 0, 'SiteHistory': [], 'ResidentSetSize': [], 'SubmitTimes': [], 'StartTimes': [], 'EndTimes': [], 'TotalUserCpuTimeHistory': [], 'TotalSysCpuTimeHistory': [], 'WallDurations': [], 'JobIds': [], 'State': 'unsubmitted'}, '182': {'Retries': 0, 'Restarts': 0, 'SiteHistory': [], 'ResidentSetSize': [], 'SubmitTimes': [], 'StartTimes': [], 'EndTimes': [], 'TotalUserCpuTimeHistory': [], 'TotalSysCpuTimeHistory': [], 'WallDurations': [], 'JobIds': [], 'State': 'unsubmitted'}, '183': {'Retries': 0, 'Restarts': 0, 'SiteHistory': [], 'ResidentSetSize': [], 'SubmitTimes': [], 'StartTimes': [], 'EndTimes': [], 'TotalUserCpuTimeHistory': [], 'TotalSysCpuTimeHistory': [], 'WallDurations': [], 'JobIds': [], 'State': 'unsubmitted'}, '184': {'Retries': 0, 'Restarts': 0, 'SiteHistory': [], 'ResidentSetSize': [], 'SubmitTimes': [], 'StartTimes': [], 'EndTimes': [], 'TotalUserCpuTimeHistory': [], 'TotalSysCpuTimeHistory': [], 'WallDurations': [], 'JobIds': [], 'State': 'unsubmitted'}, '185': {'Retries': 0, 'Restarts': 0, 'SiteHistory': [], 'ResidentSetSize': [], 'SubmitTimes': [], 'StartTimes': [], 'EndTimes': [], 'TotalUserCpuTimeHistory': [], 'TotalSysCpuTimeHistory': [], 'WallDurations': [], 'JobIds': [], 'State': 'unsubmitted'}, '186': {'Retries': 0, 'Restarts': 0, 'SiteHistory': [], 'ResidentSetSize': [], 'SubmitTimes': [], 'StartTimes': [], 'EndTimes': [], 'TotalUserCpuTimeHistory': [], 'TotalSysCpuTimeHistory': [], 'WallDurations': [], 'JobIds': [], 'State': 'unsubmitted'}, '187': {'Retries': 0, 'Restarts': 0, 'SiteHistory': [], 'ResidentSetSize': [], 'SubmitTimes': [], 'StartTimes': [], 'EndTimes': [], 'TotalUserCpuTimeHistory': [], 'TotalSysCpuTimeHistory': [], 'WallDurations': [], 'JobIds': [], 'State': 'unsubmitted'}, '188': {'Retries': 0, 'Restarts': 0, 'SiteHistory': [], 'ResidentSetSize': [], 'SubmitTimes': [], 'StartTimes': [], 'EndTimes': [], 'TotalUserCpuTimeHistory': [], 'TotalSysCpuTimeHistory': [], 'WallDurations': [], 'JobIds': [], 'State': 'unsubmitted'}, '189': {'Retries': 0, 'Restarts': 0, 'SiteHistory': [], 'ResidentSetSize': [], 'SubmitTimes': [], 'StartTimes': [], 'EndTimes': [], 'TotalUserCpuTimeHistory': [], 'TotalSysCpuTimeHistory': [], 'WallDurations': [], 'JobIds': [], 'State': 'unsubmitted'}, '190': {'Retries': 0, 'Restarts': 0, 'SiteHistory': [], 'ResidentSetSize': [], 'SubmitTimes': [], 'StartTimes': [], 'EndTimes': [], 'TotalUserCpuTimeHistory': [], 'TotalSysCpuTimeHistory': [], 'WallDurations': [], 'JobIds': [], 'State': 'unsubmitted'}, '191': {'Retries': 0, 'Restarts': 0, 'SiteHistory': [], 'ResidentSetSize': [], 'SubmitTimes': [], 'StartTimes': [], 'EndTimes': [], 'TotalUserCpuTimeHistory': [], 'TotalSysCpuTimeHistory': [], 'WallDurations': [], 'JobIds': [], 'State': 'unsubmitted'}, '192': {'Retries': 0, 'Restarts': 0, 'SiteHistory': [], 'ResidentSetSize': [], 'SubmitTimes': [], 'StartTimes': [], 'EndTimes': [], 'TotalUserCpuTimeHistory': [], 'TotalSysCpuTimeHistory': [], 'WallDurations': [], 'JobIds': [], 'State': 'unsubmitted'}, '193': {'Retries': 0, 'Restarts': 0, 'SiteHistory': [], 'ResidentSetSize': [], 'SubmitTimes': [], 'StartTimes': [], 'EndTimes': [], 'TotalUserCpuTimeHistory': [], 'TotalSysCpuTimeHistory': [], 'WallDurations': [], 'JobIds': [], 'State': 'unsubmitted'}, '194': {'Retries': 0, 'Restarts': 0, 'SiteHistory': [], 'ResidentSetSize': [], 'SubmitTimes': [], 'StartTimes': [], 'EndTimes': [], 'TotalUserCpuTimeHistory': [], 'TotalSysCpuTimeHistory': [], 'WallDurations': [], 'JobIds': [], 'State': 'unsubmitted'}, '195': {'Retries': 0, 'Restarts': 0, 'SiteHistory': [], 'ResidentSetSize': [], 'SubmitTimes': [], 'StartTimes': [], 'EndTimes': [], 'TotalUserCpuTimeHistory': [], 'TotalSysCpuTimeHistory': [], 'WallDurations': [], 'JobIds': [], 'State': 'unsubmitted'}, '196': {'Retries': 0, 'Restarts': 0, 'SiteHistory': [], 'ResidentSetSize': [], 'SubmitTimes': [], 'StartTimes': [], 'EndTimes': [], 'TotalUserCpuTimeHistory': [], 'TotalSysCpuTimeHistory': [], 'WallDurations': [], 'JobIds': [], 'State': 'unsubmitted'}, '197': {'Retries': 0, 'Restarts': 0, 'SiteHistory': [], 'ResidentSetSize': [], 'SubmitTimes': [], 'StartTimes': [], 'EndTimes': [], 'TotalUserCpuTimeHistory': [], 'TotalSysCpuTimeHistory': [], 'WallDurations': [], 'JobIds': [], 'State': 'unsubmitted'}, '198': {'Retries': 0, 'Restarts': 0, 'SiteHistory': [], 'ResidentSetSize': [], 'SubmitTimes': [], 'StartTimes': [], 'EndTimes': [], 'TotalUserCpuTimeHistory': [], 'TotalSysCpuTimeHistory': [], 'WallDurations': [], 'JobIds': [], 'State': 'unsubmitted'}, '199': {'Retries': 0, 'Restarts': 0, 'SiteHistory': [], 'ResidentSetSize': [], 'SubmitTimes': [], 'StartTimes': [], 'EndTimes': [], 'TotalUserCpuTimeHistory': [], 'TotalSysCpuTimeHistory': [], 'WallDurations': [], 'JobIds': [], 'State': 'unsubmitted'}, '200': {'Retries': 0, 'Restarts': 0, 'SiteHistory': [], 'ResidentSetSize': [], 'SubmitTimes': [], 'StartTimes': [], 'EndTimes': [], 'TotalUserCpuTimeHistory': [], 'TotalSysCpuTimeHistory': [], 'WallDurations': [], 'JobIds': [], 'State': 'unsubmitted'}, '201': {'Retries': 0, 'Restarts': 0, 'SiteHistory': [], 'ResidentSetSize': [], 'SubmitTimes': [], 'StartTimes': [], 'EndTimes': [], 'TotalUserCpuTimeHistory': [], 'TotalSysCpuTimeHistory': [], 'WallDurations': [], 'JobIds': [], 'State': 'unsubmitted'}, '202': {'Retries': 0, 'Restarts': 0, 'SiteHistory': [], 'ResidentSetSize': [], 'SubmitTimes': [], 'StartTimes': [], 'EndTimes': [], 'TotalUserCpuTimeHistory': [], 'TotalSysCpuTimeHistory': [], 'WallDurations': [], 'JobIds': [], 'State': 'unsubmitted'}, '203': {'Retries': 0, 'Restarts': 0, 'SiteHistory': [], 'ResidentSetSize': [], 'SubmitTimes': [], 'StartTimes': [], 'EndTimes': [], 'TotalUserCpuTimeHistory': [], 'TotalSysCpuTimeHistory': [], 'WallDurations': [], 'JobIds': [], 'State': 'unsubmitted'}, '204': {'Retries': 0, 'Restarts': 0, 'SiteHistory': [], 'ResidentSetSize': [], 'SubmitTimes': [], 'StartTimes': [], 'EndTimes': [], 'TotalUserCpuTimeHistory': [], 'TotalSysCpuTimeHistory': [], 'WallDurations': [], 'JobIds': [], 'State': 'unsubmitted'}, '205': {'Retries': 0, 'Restarts': 0, 'SiteHistory': [], 'ResidentSetSize': [], 'SubmitTimes': [], 'StartTimes': [], 'EndTimes': [], 'TotalUserCpuTimeHistory': [], 'TotalSysCpuTimeHistory': [], 'WallDurations': [], 'JobIds': [], 'State': 'unsubmitted'}, '206': {'Retries': 0, 'Restarts': 0, 'SiteHistory': [], 'ResidentSetSize': [], 'SubmitTimes': [], 'StartTimes': [], 'EndTimes': [], 'TotalUserCpuTimeHistory': [], 'TotalSysCpuTimeHistory': [], 'WallDurations': [], 'JobIds': [], 'State': 'unsubmitted'}, '207': {'Retries': 0, 'Restarts': 0, 'SiteHistory': [], 'ResidentSetSize': [], 'SubmitTimes': [], 'StartTimes': [], 'EndTimes': [], 'TotalUserCpuTimeHistory': [], 'TotalSysCpuTimeHistory': [], 'WallDurations': [], 'JobIds': [], 'State': 'unsubmitted'}, '208': {'Retries': 0, 'Restarts': 0, 'SiteHistory': [], 'ResidentSetSize': [], 'SubmitTimes': [], 'StartTimes': [], 'EndTimes': [], 'TotalUserCpuTimeHistory': [], 'TotalSysCpuTimeHistory': [], 'WallDurations': [], 'JobIds': [], 'State': 'unsubmitted'}, '209': {'Retries': 0, 'Restarts': 0, 'SiteHistory': [], 'ResidentSetSize': [], 'SubmitTimes': [], 'StartTimes': [], 'EndTimes': [], 'TotalUserCpuTimeHistory': [], 'TotalSysCpuTimeHistory': [], 'WallDurations': [], 'JobIds': [], 'State': 'unsubmitted'}, '210': {'Retries': 0, 'Restarts': 0, 'SiteHistory': [], 'ResidentSetSize': [], 'SubmitTimes': [], 'StartTimes': [], 'EndTimes': [], 'TotalUserCpuTimeHistory': [], 'TotalSysCpuTimeHistory': [], 'WallDurations': [], 'JobIds': [], 'State': 'unsubmitted'}, '211': {'Retries': 0, 'Restarts': 0, 'SiteHistory': [], 'ResidentSetSize': [], 'SubmitTimes': [], 'StartTimes': [], 'EndTimes': [], 'TotalUserCpuTimeHistory': [], 'TotalSysCpuTimeHistory': [], 'WallDurations': [], 'JobIds': [], 'State': 'unsubmitted'}, '212': {'Retries': 0, 'Restarts': 0, 'SiteHistory': [], 'ResidentSetSize': [], 'SubmitTimes': [], 'StartTimes': [], 'EndTimes': [], 'TotalUserCpuTimeHistory': [], 'TotalSysCpuTimeHistory': [], 'WallDurations': [], 'JobIds': [], 'State': 'unsubmitted'}, '213': {'Retries': 0, 'Restarts': 0, 'SiteHistory': [], 'ResidentSetSize': [], 'SubmitTimes': [], 'StartTimes': [], 'EndTimes': [], 'TotalUserCpuTimeHistory': [], 'TotalSysCpuTimeHistory': [], 'WallDurations': [], 'JobIds': [], 'State': 'unsubmitted'}, '214': {'Retries': 0, 'Restarts': 0, 'SiteHistory': [], 'ResidentSetSize': [], 'SubmitTimes': [], 'StartTimes': [], 'EndTimes': [], 'TotalUserCpuTimeHistory': [], 'TotalSysCpuTimeHistory': [], 'WallDurations': [], 'JobIds': [], 'State': 'unsubmitted'}, '215': {'Retries': 0, 'Restarts': 0, 'SiteHistory': [], 'ResidentSetSize': [], 'SubmitTimes': [], 'StartTimes': [], 'EndTimes': [], 'TotalUserCpuTimeHistory': [], 'TotalSysCpuTimeHistory': [], 'WallDurations': [], 'JobIds': [], 'State': 'unsubmitted'}, '216': {'Retries': 0, 'Restarts': 0, 'SiteHistory': [], 'ResidentSetSize': [], 'SubmitTimes': [], 'StartTimes': [], 'EndTimes': [], 'TotalUserCpuTimeHistory': [], 'TotalSysCpuTimeHistory': [], 'WallDurations': [], 'JobIds': [], 'State': 'unsubmitted'}, '217': {'Retries': 0, 'Restarts': 0, 'SiteHistory': [], 'ResidentSetSize': [], 'SubmitTimes': [], 'StartTimes': [], 'EndTimes': [], 'TotalUserCpuTimeHistory': [], 'TotalSysCpuTimeHistory': [], 'WallDurations': [], 'JobIds': [], 'State': 'unsubmitted'}, '218': {'Retries': 0, 'Restarts': 0, 'SiteHistory': [], 'ResidentSetSize': [], 'SubmitTimes': [], 'StartTimes': [], 'EndTimes': [], 'TotalUserCpuTimeHistory': [], 'TotalSysCpuTimeHistory': [], 'WallDurations': [], 'JobIds': [], 'State': 'unsubmitted'}, '219': {'Retries': 0, 'Restarts': 0, 'SiteHistory': [], 'ResidentSetSize': [], 'SubmitTimes': [], 'StartTimes': [], 'EndTimes': [], 'TotalUserCpuTimeHistory': [], 'TotalSysCpuTimeHistory': [], 'WallDurations': [], 'JobIds': [], 'State': 'unsubmitted'}, '220': {'Retries': 0, 'Restarts': 0, 'SiteHistory': [], 'ResidentSetSize': [], 'SubmitTimes': [], 'StartTimes': [], 'EndTimes': [], 'TotalUserCpuTimeHistory': [], 'TotalSysCpuTimeHistory': [], 'WallDurations': [], 'JobIds': [], 'State': 'unsubmitted'}, '221': {'Retries': 0, 'Restarts': 0, 'SiteHistory': [], 'ResidentSetSize': [], 'SubmitTimes': [], 'StartTimes': [], 'EndTimes': [], 'TotalUserCpuTimeHistory': [], 'TotalSysCpuTimeHistory': [], 'WallDurations': [], 'JobIds': [], 'State': 'unsubmitted'}, '222': {'Retries': 0, 'Restarts': 0, 'SiteHistory': [], 'ResidentSetSize': [], 'SubmitTimes': [], 'StartTimes': [], 'EndTimes': [], 'TotalUserCpuTimeHistory': [], 'TotalSysCpuTimeHistory': [], 'WallDurations': [], 'JobIds': [], 'State': 'unsubmitted'}, '223': {'Retries': 0, 'Restarts': 0, 'SiteHistory': [], 'ResidentSetSize': [], 'SubmitTimes': [], 'StartTimes': [], 'EndTimes': [], 'TotalUserCpuTimeHistory': [], 'TotalSysCpuTimeHistory': [], 'WallDurations': [], 'JobIds': [], 'State': 'unsubmitted'}, '224': {'Retries': 0, 'Restarts': 0, 'SiteHistory': [], 'ResidentSetSize': [], 'SubmitTimes': [], 'StartTimes': [], 'EndTimes': [], 'TotalUserCpuTimeHistory': [], 'TotalSysCpuTimeHistory': [], 'WallDurations': [], 'JobIds': [], 'State': 'unsubmitted'}, '225': {'Retries': 0, 'Restarts': 0, 'SiteHistory': [], 'ResidentSetSize': [], 'SubmitTimes': [], 'StartTimes': [], 'EndTimes': [], 'TotalUserCpuTimeHistory': [], 'TotalSysCpuTimeHistory': [], 'WallDurations': [], 'JobIds': [], 'State': 'unsubmitted'}, '226': {'Retries': 0, 'Restarts': 0, 'SiteHistory': [], 'ResidentSetSize': [], 'SubmitTimes': [], 'StartTimes': [], 'EndTimes': [], 'TotalUserCpuTimeHistory': [], 'TotalSysCpuTimeHistory': [], 'WallDurations': [], 'JobIds': [], 'State': 'unsubmitted'}, '227': {'Retries': 0, 'Restarts': 0, 'SiteHistory': [], 'ResidentSetSize': [], 'SubmitTimes': [], 'StartTimes': [], 'EndTimes': [], 'TotalUserCpuTimeHistory': [], 'TotalSysCpuTimeHistory': [], 'WallDurations': [], 'JobIds': [], 'State': 'unsubmitted'}, '228': {'Retries': 0, 'Restarts': 0, 'SiteHistory': [], 'ResidentSetSize': [], 'SubmitTimes': [], 'StartTimes': [], 'EndTimes': [], 'TotalUserCpuTimeHistory': [], 'TotalSysCpuTimeHistory': [], 'WallDurations': [], 'JobIds': [], 'State': 'unsubmitted'}, '229': {'Retries': 0, 'Restarts': 0, 'SiteHistory': [], 'ResidentSetSize': [], 'SubmitTimes': [], 'StartTimes': [], 'EndTimes': [], 'TotalUserCpuTimeHistory': [], 'TotalSysCpuTimeHistory': [], 'WallDurations': [], 'JobIds': [], 'State': 'unsubmitted'}, '230': {'Retries': 0, 'Restarts': 0, 'SiteHistory': [], 'ResidentSetSize': [], 'SubmitTimes': [], 'StartTimes': [], 'EndTimes': [], 'TotalUserCpuTimeHistory': [], 'TotalSysCpuTimeHistory': [], 'WallDurations': [], 'JobIds': [], 'State': 'unsubmitted'}, '231': {'Retries': 0, 'Restarts': 0, 'SiteHistory': [], 'ResidentSetSize': [], 'SubmitTimes': [], 'StartTimes': [], 'EndTimes': [], 'TotalUserCpuTimeHistory': [], 'TotalSysCpuTimeHistory': [], 'WallDurations': [], 'JobIds': [], 'State': 'unsubmitted'}, '232': {'Retries': 0, 'Restarts': 0, 'SiteHistory': [], 'ResidentSetSize': [], 'SubmitTimes': [], 'StartTimes': [], 'EndTimes': [], 'TotalUserCpuTimeHistory': [], 'TotalSysCpuTimeHistory': [], 'WallDurations': [], 'JobIds': [], 'State': 'unsubmitted'}, '233': {'Retries': 0, 'Restarts': 0, 'SiteHistory': [], 'ResidentSetSize': [], 'SubmitTimes': [], 'StartTimes': [], 'EndTimes': [], 'TotalUserCpuTimeHistory': [], 'TotalSysCpuTimeHistory': [], 'WallDurations': [], 'JobIds': [], 'State': 'unsubmitted'}, '234': {'Retries': 0, 'Restarts': 0, 'SiteHistory': [], 'ResidentSetSize': [], 'SubmitTimes': [], 'StartTimes': [], 'EndTimes': [], 'TotalUserCpuTimeHistory': [], 'TotalSysCpuTimeHistory': [], 'WallDurations': [], 'JobIds': [], 'State': 'unsubmitted'}, '235': {'Retries': 0, 'Restarts': 0, 'SiteHistory': [], 'ResidentSetSize': [], 'SubmitTimes': [], 'StartTimes': [], 'EndTimes': [], 'TotalUserCpuTimeHistory': [], 'TotalSysCpuTimeHistory': [], 'WallDurations': [], 'JobIds': [], 'State': 'unsubmitted'}, '236': {'Retries': 0, 'Restarts': 0, 'SiteHistory': [], 'ResidentSetSize': [], 'SubmitTimes': [], 'StartTimes': [], 'EndTimes': [], 'TotalUserCpuTimeHistory': [], 'TotalSysCpuTimeHistory': [], 'WallDurations': [], 'JobIds': [], 'State': 'unsubmitted'}, '237': {'Retries': 0, 'Restarts': 0, 'SiteHistory': [], 'ResidentSetSize': [], 'SubmitTimes': [], 'StartTimes': [], 'EndTimes': [], 'TotalUserCpuTimeHistory': [], 'TotalSysCpuTimeHistory': [], 'WallDurations': [], 'JobIds': [], 'State': 'unsubmitted'}, '238': {'Retries': 0, 'Restarts': 0, 'SiteHistory': [], 'ResidentSetSize': [], 'SubmitTimes': [], 'StartTimes': [], 'EndTimes': [], 'TotalUserCpuTimeHistory': [], 'TotalSysCpuTimeHistory': [], 'WallDurations': [], 'JobIds': [], 'State': 'unsubmitted'}, '239': {'Retries': 0, 'Restarts': 0, 'SiteHistory': [], 'ResidentSetSize': [], 'SubmitTimes': [], 'StartTimes': [], 'EndTimes': [], 'TotalUserCpuTimeHistory': [], 'TotalSysCpuTimeHistory': [], 'WallDurations': [], 'JobIds': [], 'State': 'unsubmitted'}, '240': {'Retries': 0, 'Restarts': 0, 'SiteHistory': [], 'ResidentSetSize': [], 'SubmitTimes': [], 'StartTimes': [], 'EndTimes': [], 'TotalUserCpuTimeHistory': [], 'TotalSysCpuTimeHistory': [], 'WallDurations': [], 'JobIds': [], 'State': 'unsubmitted'}, '241': {'Retries': 0, 'Restarts': 0, 'SiteHistory': [], 'ResidentSetSize': [], 'SubmitTimes': [], 'StartTimes': [], 'EndTimes': [], 'TotalUserCpuTimeHistory': [], 'TotalSysCpuTimeHistory': [], 'WallDurations': [], 'JobIds': [], 'State': 'unsubmitted'}, '242': {'Retries': 0, 'Restarts': 0, 'SiteHistory': [], 'ResidentSetSize': [], 'SubmitTimes': [], 'StartTimes': [], 'EndTimes': [], 'TotalUserCpuTimeHistory': [], 'TotalSysCpuTimeHistory': [], 'WallDurations': [], 'JobIds': [], 'State': 'unsubmitted'}, '243': {'Retries': 0, 'Restarts': 0, 'SiteHistory': [], 'ResidentSetSize': [], 'SubmitTimes': [], 'StartTimes': [], 'EndTimes': [], 'TotalUserCpuTimeHistory': [], 'TotalSysCpuTimeHistory': [], 'WallDurations': [], 'JobIds': [], 'State': 'unsubmitted'}, '244': {'Retries': 0, 'Restarts': 0, 'SiteHistory': [], 'ResidentSetSize': [], 'SubmitTimes': [], 'StartTimes': [], 'EndTimes': [], 'TotalUserCpuTimeHistory': [], 'TotalSysCpuTimeHistory': [], 'WallDurations': [], 'JobIds': [], 'State': 'unsubmitted'}, '245': {'Retries': 0, 'Restarts': 0, 'SiteHistory': [], 'ResidentSetSize': [], 'SubmitTimes': [], 'StartTimes': [], 'EndTimes': [], 'TotalUserCpuTimeHistory': [], 'TotalSysCpuTimeHistory': [], 'WallDurations': [], 'JobIds': [], 'State': 'unsubmitted'}, '246': {'Retries': 0, 'Restarts': 0, 'SiteHistory': [], 'ResidentSetSize': [], 'SubmitTimes': [], 'StartTimes': [], 'EndTimes': [], 'TotalUserCpuTimeHistory': [], 'TotalSysCpuTimeHistory': [], 'WallDurations': [], 'JobIds': [], 'State': 'unsubmitted'}, '247': {'Retries': 0, 'Restarts': 0, 'SiteHistory': [], 'ResidentSetSize': [], 'SubmitTimes': [], 'StartTimes': [], 'EndTimes': [], 'TotalUserCpuTimeHistory': [], 'TotalSysCpuTimeHistory': [], 'WallDurations': [], 'JobIds': [], 'State': 'unsubmitted'}, '248': {'Retries': 0, 'Restarts': 0, 'SiteHistory': [], 'ResidentSetSize': [], 'SubmitTimes': [], 'StartTimes': [], 'EndTimes': [], 'TotalUserCpuTimeHistory': [], 'TotalSysCpuTimeHistory': [], 'WallDurations': [], 'JobIds': [], 'State': 'unsubmitted'}, '249': {'Retries': 0, 'Restarts': 0, 'SiteHistory': [], 'ResidentSetSize': [], 'SubmitTimes': [], 'StartTimes': [], 'EndTimes': [], 'TotalUserCpuTimeHistory': [], 'TotalSysCpuTimeHistory': [], 'WallDurations': [], 'JobIds': [], 'State': 'unsubmitted'}, '250': {'Retries': 0, 'Restarts': 0, 'SiteHistory': [], 'ResidentSetSize': [], 'SubmitTimes': [], 'StartTimes': [], 'EndTimes': [], 'TotalUserCpuTimeHistory': [], 'TotalSysCpuTimeHistory': [], 'WallDurations': [], 'JobIds': [], 'State': 'unsubmitted'}, '251': {'Retries': 0, 'Restarts': 0, 'SiteHistory': [], 'ResidentSetSize': [], 'SubmitTimes': [], 'StartTimes': [], 'EndTimes': [], 'TotalUserCpuTimeHistory': [], 'TotalSysCpuTimeHistory': [], 'WallDurations': [], 'JobIds': [], 'State': 'unsubmitted'}, '252': {'Retries': 0, 'Restarts': 0, 'SiteHistory': [], 'ResidentSetSize': [], 'SubmitTimes': [], 'StartTimes': [], 'EndTimes': [], 'TotalUserCpuTimeHistory': [], 'TotalSysCpuTimeHistory': [], 'WallDurations': [], 'JobIds': [], 'State': 'unsubmitted'}, '253': {'Retries': 0, 'Restarts': 0, 'SiteHistory': [], 'ResidentSetSize': [], 'SubmitTimes': [], 'StartTimes': [], 'EndTimes': [], 'TotalUserCpuTimeHistory': [], 'TotalSysCpuTimeHistory': [], 'WallDurations': [], 'JobIds': [], 'State': 'unsubmitted'}, '254': {'Retries': 0, 'Restarts': 0, 'SiteHistory': [], 'ResidentSetSize': [], 'SubmitTimes': [], 'StartTimes': [], 'EndTimes': [], 'TotalUserCpuTimeHistory': [], 'TotalSysCpuTimeHistory': [], 'WallDurations': [], 'JobIds': [], 'State': 'unsubmitted'}, '255': {'Retries': 0, 'Restarts': 0, 'SiteHistory': [], 'ResidentSetSize': [], 'SubmitTimes': [], 'StartTimes': [], 'EndTimes': [], 'TotalUserCpuTimeHistory': [], 'TotalSysCpuTimeHistory': [], 'WallDurations': [], 'JobIds': [], 'State': 'unsubmitted'}, '256': {'Retries': 0, 'Restarts': 0, 'SiteHistory': [], 'ResidentSetSize': [], 'SubmitTimes': [], 'StartTimes': [], 'EndTimes': [], 'TotalUserCpuTimeHistory': [], 'TotalSysCpuTimeHistory': [], 'WallDurations': [], 'JobIds': [], 'State': 'unsubmitted'}, '257': {'Retries': 0, 'Restarts': 0, 'SiteHistory': [], 'ResidentSetSize': [], 'SubmitTimes': [], 'StartTimes': [], 'EndTimes': [], 'TotalUserCpuTimeHistory': [], 'TotalSysCpuTimeHistory': [], 'WallDurations': [], 'JobIds': [], 'State': 'unsubmitted'}, '258': {'Retries': 0, 'Restarts': 0, 'SiteHistory': [], 'ResidentSetSize': [], 'SubmitTimes': [], 'StartTimes': [], 'EndTimes': [], 'TotalUserCpuTimeHistory': [], 'TotalSysCpuTimeHistory': [], 'WallDurations': [], 'JobIds': [], 'State': 'unsubmitted'}, '259': {'Retries': 0, 'Restarts': 0, 'SiteHistory': [], 'ResidentSetSize': [], 'SubmitTimes': [], 'StartTimes': [], 'EndTimes': [], 'TotalUserCpuTimeHistory': [], 'TotalSysCpuTimeHistory': [], 'WallDurations': [], 'JobIds': [], 'State': 'unsubmitted'}, '260': {'Retries': 0, 'Restarts': 0, 'SiteHistory': [], 'ResidentSetSize': [], 'SubmitTimes': [], 'StartTimes': [], 'EndTimes': [], 'TotalUserCpuTimeHistory': [], 'TotalSysCpuTimeHistory': [], 'WallDurations': [], 'JobIds': [], 'State': 'unsubmitted'}, '261': {'Retries': 0, 'Restarts': 0, 'SiteHistory': [], 'ResidentSetSize': [], 'SubmitTimes': [], 'StartTimes': [], 'EndTimes': [], 'TotalUserCpuTimeHistory': [], 'TotalSysCpuTimeHistory': [], 'WallDurations': [], 'JobIds': [], 'State': 'unsubmitted'}, '262': {'Retries': 0, 'Restarts': 0, 'SiteHistory': [], 'ResidentSetSize': [], 'SubmitTimes': [], 'StartTimes': [], 'EndTimes': [], 'TotalUserCpuTimeHistory': [], 'TotalSysCpuTimeHistory': [], 'WallDurations': [], 'JobIds': [], 'State': 'unsubmitted'}, '263': {'Retries': 0, 'Restarts': 0, 'SiteHistory': [], 'ResidentSetSize': [], 'SubmitTimes': [], 'StartTimes': [], 'EndTimes': [], 'TotalUserCpuTimeHistory': [], 'TotalSysCpuTimeHistory': [], 'WallDurations': [], 'JobIds': [], 'State': 'unsubmitted'}, '264': {'Retries': 0, 'Restarts': 0, 'SiteHistory': [], 'ResidentSetSize': [], 'SubmitTimes': [], 'StartTimes': [], 'EndTimes': [], 'TotalUserCpuTimeHistory': [], 'TotalSysCpuTimeHistory': [], 'WallDurations': [], 'JobIds': [], 'State': 'unsubmitted'}, '265': {'Retries': 0, 'Restarts': 0, 'SiteHistory': [], 'ResidentSetSize': [], 'SubmitTimes': [], 'StartTimes': [], 'EndTimes': [], 'TotalUserCpuTimeHistory': [], 'TotalSysCpuTimeHistory': [], 'WallDurations': [], 'JobIds': [], 'State': 'unsubmitted'}, '266': {'Retries': 0, 'Restarts': 0, 'SiteHistory': [], 'ResidentSetSize': [], 'SubmitTimes': [], 'StartTimes': [], 'EndTimes': [], 'TotalUserCpuTimeHistory': [], 'TotalSysCpuTimeHistory': [], 'WallDurations': [], 'JobIds': [], 'State': 'unsubmitted'}, '267': {'Retries': 0, 'Restarts': 0, 'SiteHistory': [], 'ResidentSetSize': [], 'SubmitTimes': [], 'StartTimes': [], 'EndTimes': [], 'TotalUserCpuTimeHistory': [], 'TotalSysCpuTimeHistory': [], 'WallDurations': [], 'JobIds': [], 'State': 'unsubmitted'}, '268': {'Retries': 0, 'Restarts': 0, 'SiteHistory': [], 'ResidentSetSize': [], 'SubmitTimes': [], 'StartTimes': [], 'EndTimes': [], 'TotalUserCpuTimeHistory': [], 'TotalSysCpuTimeHistory': [], 'WallDurations': [], 'JobIds': [], 'State': 'unsubmitted'}, '269': {'Retries': 0, 'Restarts': 0, 'SiteHistory': [], 'ResidentSetSize': [], 'SubmitTimes': [], 'StartTimes': [], 'EndTimes': [], 'TotalUserCpuTimeHistory': [], 'TotalSysCpuTimeHistory': [], 'WallDurations': [], 'JobIds': [], 'State': 'unsubmitted'}, '270': {'Retries': 0, 'Restarts': 0, 'SiteHistory': [], 'ResidentSetSize': [], 'SubmitTimes': [], 'StartTimes': [], 'EndTimes': [], 'TotalUserCpuTimeHistory': [], 'TotalSysCpuTimeHistory': [], 'WallDurations': [], 'JobIds': [], 'State': 'unsubmitted'}, '271': {'Retries': 0, 'Restarts': 0, 'SiteHistory': [], 'ResidentSetSize': [], 'SubmitTimes': [], 'StartTimes': [], 'EndTimes': [], 'TotalUserCpuTimeHistory': [], 'TotalSysCpuTimeHistory': [], 'WallDurations': [], 'JobIds': [], 'State': 'unsubmitted'}, '272': {'Retries': 0, 'Restarts': 0, 'SiteHistory': [], 'ResidentSetSize': [], 'SubmitTimes': [], 'StartTimes': [], 'EndTimes': [], 'TotalUserCpuTimeHistory': [], 'TotalSysCpuTimeHistory': [], 'WallDurations': [], 'JobIds': [], 'State': 'unsubmitted'}, '273': {'Retries': 0, 'Restarts': 0, 'SiteHistory': [], 'ResidentSetSize': [], 'SubmitTimes': [], 'StartTimes': [], 'EndTimes': [], 'TotalUserCpuTimeHistory': [], 'TotalSysCpuTimeHistory': [], 'WallDurations': [], 'JobIds': [], 'State': 'unsubmitted'}, '274': {'Retries': 0, 'Restarts': 0, 'SiteHistory': [], 'ResidentSetSize': [], 'SubmitTimes': [], 'StartTimes': [], 'EndTimes': [], 'TotalUserCpuTimeHistory': [], 'TotalSysCpuTimeHistory': [], 'WallDurations': [], 'JobIds': [], 'State': 'unsubmitted'}, '275': {'Retries': 0, 'Restarts': 0, 'SiteHistory': [], 'ResidentSetSize': [], 'SubmitTimes': [], 'StartTimes': [], 'EndTimes': [], 'TotalUserCpuTimeHistory': [], 'TotalSysCpuTimeHistory': [], 'WallDurations': [], 'JobIds': [], 'State': 'unsubmitted'}, '276': {'Retries': 0, 'Restarts': 0, 'SiteHistory': [], 'ResidentSetSize': [], 'SubmitTimes': [], 'StartTimes': [], 'EndTimes': [], 'TotalUserCpuTimeHistory': [], 'TotalSysCpuTimeHistory': [], 'WallDurations': [], 'JobIds': [], 'State': 'unsubmitted'}, '277': {'Retries': 0, 'Restarts': 0, 'SiteHistory': [], 'ResidentSetSize': [], 'SubmitTimes': [], 'StartTimes': [], 'EndTimes': [], 'TotalUserCpuTimeHistory': [], 'TotalSysCpuTimeHistory': [], 'WallDurations': [], 'JobIds': [], 'State': 'unsubmitted'}, '278': {'Retries': 0, 'Restarts': 0, 'SiteHistory': [], 'ResidentSetSize': [], 'SubmitTimes': [], 'StartTimes': [], 'EndTimes': [], 'TotalUserCpuTimeHistory': [], 'TotalSysCpuTimeHistory': [], 'WallDurations': [], 'JobIds': [], 'State': 'unsubmitted'}, '279': {'Retries': 0, 'Restarts': 0, 'SiteHistory': [], 'ResidentSetSize': [], 'SubmitTimes': [], 'StartTimes': [], 'EndTimes': [], 'TotalUserCpuTimeHistory': [], 'TotalSysCpuTimeHistory': [], 'WallDurations': [], 'JobIds': [], 'State': 'unsubmitted'}, '280': {'Retries': 0, 'Restarts': 0, 'SiteHistory': [], 'ResidentSetSize': [], 'SubmitTimes': [], 'StartTimes': [], 'EndTimes': [], 'TotalUserCpuTimeHistory': [], 'TotalSysCpuTimeHistory': [], 'WallDurations': [], 'JobIds': [], 'State': 'unsubmitted'}, '281': {'Retries': 0, 'Restarts': 0, 'SiteHistory': [], 'ResidentSetSize': [], 'SubmitTimes': [], 'StartTimes': [], 'EndTimes': [], 'TotalUserCpuTimeHistory': [], 'TotalSysCpuTimeHistory': [], 'WallDurations': [], 'JobIds': [], 'State': 'unsubmitted'}, '282': {'Retries': 0, 'Restarts': 0, 'SiteHistory': [], 'ResidentSetSize': [], 'SubmitTimes': [], 'StartTimes': [], 'EndTimes': [], 'TotalUserCpuTimeHistory': [], 'TotalSysCpuTimeHistory': [], 'WallDurations': [], 'JobIds': [], 'State': 'unsubmitted'}, '283': {'Retries': 0, 'Restarts': 0, 'SiteHistory': [], 'ResidentSetSize': [], 'SubmitTimes': [], 'StartTimes': [], 'EndTimes': [], 'TotalUserCpuTimeHistory': [], 'TotalSysCpuTimeHistory': [], 'WallDurations': [], 'JobIds': [], 'State': 'unsubmitted'}, '284': {'Retries': 0, 'Restarts': 0, 'SiteHistory': [], 'ResidentSetSize': [], 'SubmitTimes': [], 'StartTimes': [], 'EndTimes': [], 'TotalUserCpuTimeHistory': [], 'TotalSysCpuTimeHistory': [], 'WallDurations': [], 'JobIds': [], 'State': 'unsubmitted'}, '285': {'Retries': 0, 'Restarts': 0, 'SiteHistory': [], 'ResidentSetSize': [], 'SubmitTimes': [], 'StartTimes': [], 'EndTimes': [], 'TotalUserCpuTimeHistory': [], 'TotalSysCpuTimeHistory': [], 'WallDurations': [], 'JobIds': [], 'State': 'unsubmitted'}, '286': {'Retries': 0, 'Restarts': 0, 'SiteHistory': [], 'ResidentSetSize': [], 'SubmitTimes': [], 'StartTimes': [], 'EndTimes': [], 'TotalUserCpuTimeHistory': [], 'TotalSysCpuTimeHistory': [], 'WallDurations': [], 'JobIds': [], 'State': 'unsubmitted'}, '287': {'Retries': 0, 'Restarts': 0, 'SiteHistory': [], 'ResidentSetSize': [], 'SubmitTimes': [], 'StartTimes': [], 'EndTimes': [], 'TotalUserCpuTimeHistory': [], 'TotalSysCpuTimeHistory': [], 'WallDurations': [], 'JobIds': [], 'State': 'unsubmitted'}, '288': {'Retries': 0, 'Restarts': 0, 'SiteHistory': [], 'ResidentSetSize': [], 'SubmitTimes': [], 'StartTimes': [], 'EndTimes': [], 'TotalUserCpuTimeHistory': [], 'TotalSysCpuTimeHistory': [], 'WallDurations': [], 'JobIds': [], 'State': 'unsubmitted'}, '289': {'Retries': 0, 'Restarts': 0, 'SiteHistory': [], 'ResidentSetSize': [], 'SubmitTimes': [], 'StartTimes': [], 'EndTimes': [], 'TotalUserCpuTimeHistory': [], 'TotalSysCpuTimeHistory': [], 'WallDurations': [], 'JobIds': [], 'State': 'unsubmitted'}, '290': {'Retries': 0, 'Restarts': 0, 'SiteHistory': [], 'ResidentSetSize': [], 'SubmitTimes': [], 'StartTimes': [], 'EndTimes': [], 'TotalUserCpuTimeHistory': [], 'TotalSysCpuTimeHistory': [], 'WallDurations': [], 'JobIds': [], 'State': 'unsubmitted'}, '291': {'Retries': 0, 'Restarts': 0, 'SiteHistory': [], 'ResidentSetSize': [], 'SubmitTimes': [], 'StartTimes': [], 'EndTimes': [], 'TotalUserCpuTimeHistory': [], 'TotalSysCpuTimeHistory': [], 'WallDurations': [], 'JobIds': [], 'State': 'unsubmitted'}, '292': {'Retries': 0, 'Restarts': 0, 'SiteHistory': [], 'ResidentSetSize': [], 'SubmitTimes': [], 'StartTimes': [], 'EndTimes': [], 'TotalUserCpuTimeHistory': [], 'TotalSysCpuTimeHistory': [], 'WallDurations': [], 'JobIds': [], 'State': 'unsubmitted'}, '293': {'Retries': 0, 'Restarts': 0, 'SiteHistory': [], 'ResidentSetSize': [], 'SubmitTimes': [], 'StartTimes': [], 'EndTimes': [], 'TotalUserCpuTimeHistory': [], 'TotalSysCpuTimeHistory': [], 'WallDurations': [], 'JobIds': [], 'State': 'unsubmitted'}, '294': {'Retries': 0, 'Restarts': 0, 'SiteHistory': [], 'ResidentSetSize': [], 'SubmitTimes': [], 'StartTimes': [], 'EndTimes': [], 'TotalUserCpuTimeHistory': [], 'TotalSysCpuTimeHistory': [], 'WallDurations': [], 'JobIds': [], 'State': 'unsubmitted'}, '295': {'Retries': 0, 'Restarts': 0, 'SiteHistory': [], 'ResidentSetSize': [], 'SubmitTimes': [], 'StartTimes': [], 'EndTimes': [], 'TotalUserCpuTimeHistory': [], 'TotalSysCpuTimeHistory': [], 'WallDurations': [], 'JobIds': [], 'State': 'unsubmitted'}, '296': {'Retries': 0, 'Restarts': 0, 'SiteHistory': [], 'ResidentSetSize': [], 'SubmitTimes': [], 'StartTimes': [], 'EndTimes': [], 'TotalUserCpuTimeHistory': [], 'TotalSysCpuTimeHistory': [], 'WallDurations': [], 'JobIds': [], 'State': 'unsubmitted'}, '297': {'Retries': 0, 'Restarts': 0, 'SiteHistory': [], 'ResidentSetSize': [], 'SubmitTimes': [], 'StartTimes': [], 'EndTimes': [], 'TotalUserCpuTimeHistory': [], 'TotalSysCpuTimeHistory': [], 'WallDurations': [], 'JobIds': [], 'State': 'unsubmitted'}, '298': {'Retries': 0, 'Restarts': 0, 'SiteHistory': [], 'ResidentSetSize': [], 'SubmitTimes': [], 'StartTimes': [], 'EndTimes': [], 'TotalUserCpuTimeHistory': [], 'TotalSysCpuTimeHistory': [], 'WallDurations': [], 'JobIds': [], 'State': 'unsubmitted'}, '299': {'Retries': 0, 'Restarts': 0, 'SiteHistory': [], 'ResidentSetSize': [], 'SubmitTimes': [], 'StartTimes': [], 'EndTimes': [], 'TotalUserCpuTimeHistory': [], 'TotalSysCpuTimeHistory': [], 'WallDurations': [], 'JobIds': [], 'State': 'unsubmitted'}, '300': {'Retries': 0, 'Restarts': 0, 'SiteHistory': [], 'ResidentSetSize': [], 'SubmitTimes': [], 'StartTimes': [], 'EndTimes': [], 'TotalUserCpuTimeHistory': [], 'TotalSysCpuTimeHistory': [], 'WallDurations': [], 'JobIds': [], 'State': 'unsubmitted'}, '301': {'Retries': 0, 'Restarts': 0, 'SiteHistory': [], 'ResidentSetSize': [], 'SubmitTimes': [], 'StartTimes': [], 'EndTimes': [], 'TotalUserCpuTimeHistory': [], 'TotalSysCpuTimeHistory': [], 'WallDurations': [], 'JobIds': [], 'State': 'unsubmitted'}, '302': {'Retries': 0, 'Restarts': 0, 'SiteHistory': [], 'ResidentSetSize': [], 'SubmitTimes': [], 'StartTimes': [], 'EndTimes': [], 'TotalUserCpuTimeHistory': [], 'TotalSysCpuTimeHistory': [], 'WallDurations': [], 'JobIds': [], 'State': 'unsubmitted'}, '303': {'Retries': 0, 'Restarts': 0, 'SiteHistory': [], 'ResidentSetSize': [], 'SubmitTimes': [], 'StartTimes': [], 'EndTimes': [], 'TotalUserCpuTimeHistory': [], 'TotalSysCpuTimeHistory': [], 'WallDurations': [], 'JobIds': [], 'State': 'unsubmitted'}, '304': {'Retries': 0, 'Restarts': 0, 'SiteHistory': [], 'ResidentSetSize': [], 'SubmitTimes': [], 'StartTimes': [], 'EndTimes': [], 'TotalUserCpuTimeHistory': [], 'TotalSysCpuTimeHistory': [], 'WallDurations': [], 'JobIds': [], 'State': 'unsubmitted'}, '305': {'Retries': 0, 'Restarts': 0, 'SiteHistory': [], 'ResidentSetSize': [], 'SubmitTimes': [], 'StartTimes': [], 'EndTimes': [], 'TotalUserCpuTimeHistory': [], 'TotalSysCpuTimeHistory': [], 'WallDurations': [], 'JobIds': [], 'State': 'unsubmitted'}, '306': {'Retries': 0, 'Restarts': 0, 'SiteHistory': [], 'ResidentSetSize': [], 'SubmitTimes': [], 'StartTimes': [], 'EndTimes': [], 'TotalUserCpuTimeHistory': [], 'TotalSysCpuTimeHistory': [], 'WallDurations': [], 'JobIds': [], 'State': 'unsubmitted'}, '307': {'Retries': 0, 'Restarts': 0, 'SiteHistory': [], 'ResidentSetSize': [], 'SubmitTimes': [], 'StartTimes': [], 'EndTimes': [], 'TotalUserCpuTimeHistory': [], 'TotalSysCpuTimeHistory': [], 'WallDurations': [], 'JobIds': [], 'State': 'unsubmitted'}, '308': {'Retries': 0, 'Restarts': 0, 'SiteHistory': [], 'ResidentSetSize': [], 'SubmitTimes': [], 'StartTimes': [], 'EndTimes': [], 'TotalUserCpuTimeHistory': [], 'TotalSysCpuTimeHistory': [], 'WallDurations': [], 'JobIds': [], 'State': 'unsubmitted'}, '309': {'Retries': 0, 'Restarts': 0, 'SiteHistory': [], 'ResidentSetSize': [], 'SubmitTimes': [], 'StartTimes': [], 'EndTimes': [], 'TotalUserCpuTimeHistory': [], 'TotalSysCpuTimeHistory': [], 'WallDurations': [], 'JobIds': [], 'State': 'unsubmitted'}, '310': {'Retries': 0, 'Restarts': 0, 'SiteHistory': [], 'ResidentSetSize': [], 'SubmitTimes': [], 'StartTimes': [], 'EndTimes': [], 'TotalUserCpuTimeHistory': [], 'TotalSysCpuTimeHistory': [], 'WallDurations': [], 'JobIds': [], 'State': 'unsubmitted'}, '311': {'Retries': 0, 'Restarts': 0, 'SiteHistory': [], 'ResidentSetSize': [], 'SubmitTimes': [], 'StartTimes': [], 'EndTimes': [], 'TotalUserCpuTimeHistory': [], 'TotalSysCpuTimeHistory': [], 'WallDurations': [], 'JobIds': [], 'State': 'unsubmitted'}, '312': {'Retries': 0, 'Restarts': 0, 'SiteHistory': [], 'ResidentSetSize': [], 'SubmitTimes': [], 'StartTimes': [], 'EndTimes': [], 'TotalUserCpuTimeHistory': [], 'TotalSysCpuTimeHistory': [], 'WallDurations': [], 'JobIds': [], 'State': 'unsubmitted'}, '313': {'Retries': 0, 'Restarts': 0, 'SiteHistory': [], 'ResidentSetSize': [], 'SubmitTimes': [], 'StartTimes': [], 'EndTimes': [], 'TotalUserCpuTimeHistory': [], 'TotalSysCpuTimeHistory': [], 'WallDurations': [], 'JobIds': [], 'State': 'unsubmitted'}, '314': {'Retries': 0, 'Restarts': 0, 'SiteHistory': [], 'ResidentSetSize': [], 'SubmitTimes': [], 'StartTimes': [], 'EndTimes': [], 'TotalUserCpuTimeHistory': [], 'TotalSysCpuTimeHistory': [], 'WallDurations': [], 'JobIds': [], 'State': 'unsubmitted'}, '315': {'Retries': 0, 'Restarts': 0, 'SiteHistory': [], 'ResidentSetSize': [], 'SubmitTimes': [], 'StartTimes': [], 'EndTimes': [], 'TotalUserCpuTimeHistory': [], 'TotalSysCpuTimeHistory': [], 'WallDurations': [], 'JobIds': [], 'State': 'unsubmitted'}, '316': {'Retries': 0, 'Restarts': 0, 'SiteHistory': [], 'ResidentSetSize': [], 'SubmitTimes': [], 'StartTimes': [], 'EndTimes': [], 'TotalUserCpuTimeHistory': [], 'TotalSysCpuTimeHistory': [], 'WallDurations': [], 'JobIds': [], 'State': 'unsubmitted'}, '317': {'Retries': 0, 'Restarts': 0, 'SiteHistory': [], 'ResidentSetSize': [], 'SubmitTimes': [], 'StartTimes': [], 'EndTimes': [], 'TotalUserCpuTimeHistory': [], 'TotalSysCpuTimeHistory': [], 'WallDurations': [], 'JobIds': [], 'State': 'unsubmitted'}, '318': {'Retries': 0, 'Restarts': 0, 'SiteHistory': [], 'ResidentSetSize': [], 'SubmitTimes': [], 'StartTimes': [], 'EndTimes': [], 'TotalUserCpuTimeHistory': [], 'TotalSysCpuTimeHistory': [], 'WallDurations': [], 'JobIds': [], 'State': 'unsubmitted'}, '319': {'Retries': 0, 'Restarts': 0, 'SiteHistory': [], 'ResidentSetSize': [], 'SubmitTimes': [], 'StartTimes': [], 'EndTimes': [], 'TotalUserCpuTimeHistory': [], 'TotalSysCpuTimeHistory': [], 'WallDurations': [], 'JobIds': [], 'State': 'unsubmitted'}, '320': {'Retries': 0, 'Restarts': 0, 'SiteHistory': [], 'ResidentSetSize': [], 'SubmitTimes': [], 'StartTimes': [], 'EndTimes': [], 'TotalUserCpuTimeHistory': [], 'TotalSysCpuTimeHistory': [], 'WallDurations': [], 'JobIds': [], 'State': 'unsubmitted'}, '321': {'Retries': 0, 'Restarts': 0, 'SiteHistory': [], 'ResidentSetSize': [], 'SubmitTimes': [], 'StartTimes': [], 'EndTimes': [], 'TotalUserCpuTimeHistory': [], 'TotalSysCpuTimeHistory': [], 'WallDurations': [], 'JobIds': [], 'State': 'unsubmitted'}, '322': {'Retries': 0, 'Restarts': 0, 'SiteHistory': [], 'ResidentSetSize': [], 'SubmitTimes': [], 'StartTimes': [], 'EndTimes': [], 'TotalUserCpuTimeHistory': [], 'TotalSysCpuTimeHistory': [], 'WallDurations': [], 'JobIds': [], 'State': 'unsubmitted'}, '323': {'Retries': 0, 'Restarts': 0, 'SiteHistory': [], 'ResidentSetSize': [], 'SubmitTimes': [], 'StartTimes': [], 'EndTimes': [], 'TotalUserCpuTimeHistory': [], 'TotalSysCpuTimeHistory': [], 'WallDurations': [], 'JobIds': [], 'State': 'unsubmitted'}, '324': {'Retries': 0, 'Restarts': 0, 'SiteHistory': [], 'ResidentSetSize': [], 'SubmitTimes': [], 'StartTimes': [], 'EndTimes': [], 'TotalUserCpuTimeHistory': [], 'TotalSysCpuTimeHistory': [], 'WallDurations': [], 'JobIds': [], 'State': 'unsubmitted'}, '325': {'Retries': 0, 'Restarts': 0, 'SiteHistory': [], 'ResidentSetSize': [], 'SubmitTimes': [], 'StartTimes': [], 'EndTimes': [], 'TotalUserCpuTimeHistory': [], 'TotalSysCpuTimeHistory': [], 'WallDurations': [], 'JobIds': [], 'State': 'unsubmitted'}, '326': {'Retries': 0, 'Restarts': 0, 'SiteHistory': [], 'ResidentSetSize': [], 'SubmitTimes': [], 'StartTimes': [], 'EndTimes': [], 'TotalUserCpuTimeHistory': [], 'TotalSysCpuTimeHistory': [], 'WallDurations': [], 'JobIds': [], 'State': 'unsubmitted'}, '327': {'Retries': 0, 'Restarts': 0, 'SiteHistory': [], 'ResidentSetSize': [], 'SubmitTimes': [], 'StartTimes': [], 'EndTimes': [], 'TotalUserCpuTimeHistory': [], 'TotalSysCpuTimeHistory': [], 'WallDurations': [], 'JobIds': [], 'State': 'unsubmitted'}, '328': {'Retries': 0, 'Restarts': 0, 'SiteHistory': [], 'ResidentSetSize': [], 'SubmitTimes': [], 'StartTimes': [], 'EndTimes': [], 'TotalUserCpuTimeHistory': [], 'TotalSysCpuTimeHistory': [], 'WallDurations': [], 'JobIds': [], 'State': 'unsubmitted'}, '329': {'Retries': 0, 'Restarts': 0, 'SiteHistory': [], 'ResidentSetSize': [], 'SubmitTimes': [], 'StartTimes': [], 'EndTimes': [], 'TotalUserCpuTimeHistory': [], 'TotalSysCpuTimeHistory': [], 'WallDurations': [], 'JobIds': [], 'State': 'unsubmitted'}, '330': {'Retries': 0, 'Restarts': 0, 'SiteHistory': [], 'ResidentSetSize': [], 'SubmitTimes': [], 'StartTimes': [], 'EndTimes': [], 'TotalUserCpuTimeHistory': [], 'TotalSysCpuTimeHistory': [], 'WallDurations': [], 'JobIds': [], 'State': 'unsubmitted'}, '331': {'Retries': 0, 'Restarts': 0, 'SiteHistory': [], 'ResidentSetSize': [], 'SubmitTimes': [], 'StartTimes': [], 'EndTimes': [], 'TotalUserCpuTimeHistory': [], 'TotalSysCpuTimeHistory': [], 'WallDurations': [], 'JobIds': [], 'State': 'unsubmitted'}, '332': {'Retries': 0, 'Restarts': 0, 'SiteHistory': [], 'ResidentSetSize': [], 'SubmitTimes': [], 'StartTimes': [], 'EndTimes': [], 'TotalUserCpuTimeHistory': [], 'TotalSysCpuTimeHistory': [], 'WallDurations': [], 'JobIds': [], 'State': 'unsubmitted'}, '333': {'Retries': 0, 'Restarts': 0, 'SiteHistory': [], 'ResidentSetSize': [], 'SubmitTimes': [], 'StartTimes': [], 'EndTimes': [], 'TotalUserCpuTimeHistory': [], 'TotalSysCpuTimeHistory': [], 'WallDurations': [], 'JobIds': [], 'State': 'unsubmitted'}, '334': {'Retries': 0, 'Restarts': 0, 'SiteHistory': [], 'ResidentSetSize': [], 'SubmitTimes': [], 'StartTimes': [], 'EndTimes': [], 'TotalUserCpuTimeHistory': [], 'TotalSysCpuTimeHistory': [], 'WallDurations': [], 'JobIds': [], 'State': 'unsubmitted'}, '335': {'Retries': 0, 'Restarts': 0, 'SiteHistory': [], 'ResidentSetSize': [], 'SubmitTimes': [], 'StartTimes': [], 'EndTimes': [], 'TotalUserCpuTimeHistory': [], 'TotalSysCpuTimeHistory': [], 'WallDurations': [], 'JobIds': [], 'State': 'unsubmitted'}, '336': {'Retries': 0, 'Restarts': 0, 'SiteHistory': [], 'ResidentSetSize': [], 'SubmitTimes': [], 'StartTimes': [], 'EndTimes': [], 'TotalUserCpuTimeHistory': [], 'TotalSysCpuTimeHistory': [], 'WallDurations': [], 'JobIds': [], 'State': 'unsubmitted'}, '337': {'Retries': 0, 'Restarts': 0, 'SiteHistory': [], 'ResidentSetSize': [], 'SubmitTimes': [], 'StartTimes': [], 'EndTimes': [], 'TotalUserCpuTimeHistory': [], 'TotalSysCpuTimeHistory': [], 'WallDurations': [], 'JobIds': [], 'State': 'unsubmitted'}, '338': {'Retries': 0, 'Restarts': 0, 'SiteHistory': [], 'ResidentSetSize': [], 'SubmitTimes': [], 'StartTimes': [], 'EndTimes': [], 'TotalUserCpuTimeHistory': [], 'TotalSysCpuTimeHistory': [], 'WallDurations': [], 'JobIds': [], 'State': 'unsubmitted'}, '339': {'Retries': 0, 'Restarts': 0, 'SiteHistory': [], 'ResidentSetSize': [], 'SubmitTimes': [], 'StartTimes': [], 'EndTimes': [], 'TotalUserCpuTimeHistory': [], 'TotalSysCpuTimeHistory': [], 'WallDurations': [], 'JobIds': [], 'State': 'unsubmitted'}, '340': {'Retries': 0, 'Restarts': 0, 'SiteHistory': [], 'ResidentSetSize': [], 'SubmitTimes': [], 'StartTimes': [], 'EndTimes': [], 'TotalUserCpuTimeHistory': [], 'TotalSysCpuTimeHistory': [], 'WallDurations': [], 'JobIds': [], 'State': 'unsubmitted'}, '341': {'Retries': 0, 'Restarts': 0, 'SiteHistory': [], 'ResidentSetSize': [], 'SubmitTimes': [], 'StartTimes': [], 'EndTimes': [], 'TotalUserCpuTimeHistory': [], 'TotalSysCpuTimeHistory': [], 'WallDurations': [], 'JobIds': [], 'State': 'unsubmitted'}, '342': {'Retries': 0, 'Restarts': 0, 'SiteHistory': [], 'ResidentSetSize': [], 'SubmitTimes': [], 'StartTimes': [], 'EndTimes': [], 'TotalUserCpuTimeHistory': [], 'TotalSysCpuTimeHistory': [], 'WallDurations': [], 'JobIds': [], 'State': 'unsubmitted'}, '343': {'Retries': 0, 'Restarts': 0, 'SiteHistory': [], 'ResidentSetSize': [], 'SubmitTimes': [], 'StartTimes': [], 'EndTimes': [], 'TotalUserCpuTimeHistory': [], 'TotalSysCpuTimeHistory': [], 'WallDurations': [], 'JobIds': [], 'State': 'unsubmitted'}, '344': {'Retries': 0, 'Restarts': 0, 'SiteHistory': [], 'ResidentSetSize': [], 'SubmitTimes': [], 'StartTimes': [], 'EndTimes': [], 'TotalUserCpuTimeHistory': [], 'TotalSysCpuTimeHistory': [], 'WallDurations': [], 'JobIds': [], 'State': 'unsubmitted'}, '345': {'Retries': 0, 'Restarts': 0, 'SiteHistory': [], 'ResidentSetSize': [], 'SubmitTimes': [], 'StartTimes': [], 'EndTimes': [], 'TotalUserCpuTimeHistory': [], 'TotalSysCpuTimeHistory': [], 'WallDurations': [], 'JobIds': [], 'State': 'unsubmitted'}, '346': {'Retries': 0, 'Restarts': 0, 'SiteHistory': [], 'ResidentSetSize': [], 'SubmitTimes': [], 'StartTimes': [], 'EndTimes': [], 'TotalUserCpuTimeHistory': [], 'TotalSysCpuTimeHistory': [], 'WallDurations': [], 'JobIds': [], 'State': 'unsubmitted'}, '347': {'Retries': 0, 'Restarts': 0, 'SiteHistory': [], 'ResidentSetSize': [], 'SubmitTimes': [], 'StartTimes': [], 'EndTimes': [], 'TotalUserCpuTimeHistory': [], 'TotalSysCpuTimeHistory': [], 'WallDurations': [], 'JobIds': [], 'State': 'unsubmitted'}, '348': {'Retries': 0, 'Restarts': 0, 'SiteHistory': [], 'ResidentSetSize': [], 'SubmitTimes': [], 'StartTimes': [], 'EndTimes': [], 'TotalUserCpuTimeHistory': [], 'TotalSysCpuTimeHistory': [], 'WallDurations': [], 'JobIds': [], 'State': 'unsubmitted'}, '349': {'Retries': 0, 'Restarts': 0, 'SiteHistory': [], 'ResidentSetSize': [], 'SubmitTimes': [], 'StartTimes': [], 'EndTimes': [], 'TotalUserCpuTimeHistory': [], 'TotalSysCpuTimeHistory': [], 'WallDurations': [], 'JobIds': [], 'State': 'unsubmitted'}, '350': {'Retries': 0, 'Restarts': 0, 'SiteHistory': [], 'ResidentSetSize': [], 'SubmitTimes': [], 'StartTimes': [], 'EndTimes': [], 'TotalUserCpuTimeHistory': [], 'TotalSysCpuTimeHistory': [], 'WallDurations': [], 'JobIds': [], 'State': 'unsubmitted'}, '351': {'Retries': 0, 'Restarts': 0, 'SiteHistory': [], 'ResidentSetSize': [], 'SubmitTimes': [], 'StartTimes': [], 'EndTimes': [], 'TotalUserCpuTimeHistory': [], 'TotalSysCpuTimeHistory': [], 'WallDurations': [], 'JobIds': [], 'State': 'unsubmitted'}, '352': {'Retries': 0, 'Restarts': 0, 'SiteHistory': [], 'ResidentSetSize': [], 'SubmitTimes': [], 'StartTimes': [], 'EndTimes': [], 'TotalUserCpuTimeHistory': [], 'TotalSysCpuTimeHistory': [], 'WallDurations': [], 'JobIds': [], 'State': 'unsubmitted'}, '353': {'Retries': 0, 'Restarts': 0, 'SiteHistory': [], 'ResidentSetSize': [], 'SubmitTimes': [], 'StartTimes': [], 'EndTimes': [], 'TotalUserCpuTimeHistory': [], 'TotalSysCpuTimeHistory': [], 'WallDurations': [], 'JobIds': [], 'State': 'unsubmitted'}, '354': {'Retries': 0, 'Restarts': 0, 'SiteHistory': [], 'ResidentSetSize': [], 'SubmitTimes': [], 'StartTimes': [], 'EndTimes': [], 'TotalUserCpuTimeHistory': [], 'TotalSysCpuTimeHistory': [], 'WallDurations': [], 'JobIds': [], 'State': 'unsubmitted'}, '355': {'Retries': 0, 'Restarts': 0, 'SiteHistory': [], 'ResidentSetSize': [], 'SubmitTimes': [], 'StartTimes': [], 'EndTimes': [], 'TotalUserCpuTimeHistory': [], 'TotalSysCpuTimeHistory': [], 'WallDurations': [], 'JobIds': [], 'State': 'unsubmitted'}, '356': {'Retries': 0, 'Restarts': 0, 'SiteHistory': [], 'ResidentSetSize': [], 'SubmitTimes': [], 'StartTimes': [], 'EndTimes': [], 'TotalUserCpuTimeHistory': [], 'TotalSysCpuTimeHistory': [], 'WallDurations': [], 'JobIds': [], 'State': 'unsubmitted'}, '357': {'Retries': 0, 'Restarts': 0, 'SiteHistory': [], 'ResidentSetSize': [], 'SubmitTimes': [], 'StartTimes': [], 'EndTimes': [], 'TotalUserCpuTimeHistory': [], 'TotalSysCpuTimeHistory': [], 'WallDurations': [], 'JobIds': [], 'State': 'unsubmitted'}, '358': {'Retries': 0, 'Restarts': 0, 'SiteHistory': [], 'ResidentSetSize': [], 'SubmitTimes': [], 'StartTimes': [], 'EndTimes': [], 'TotalUserCpuTimeHistory': [], 'TotalSysCpuTimeHistory': [], 'WallDurations': [], 'JobIds': [], 'State': 'unsubmitted'}, '359': {'Retries': 0, 'Restarts': 0, 'SiteHistory': [], 'ResidentSetSize': [], 'SubmitTimes': [], 'StartTimes': [], 'EndTimes': [], 'TotalUserCpuTimeHistory': [], 'TotalSysCpuTimeHistory': [], 'WallDurations': [], 'JobIds': [], 'State': 'unsubmitted'}, '360': {'Retries': 0, 'Restarts': 0, 'SiteHistory': [], 'ResidentSetSize': [], 'SubmitTimes': [], 'StartTimes': [], 'EndTimes': [], 'TotalUserCpuTimeHistory': [], 'TotalSysCpuTimeHistory': [], 'WallDurations': [], 'JobIds': [], 'State': 'unsubmitted'}, '361': {'Retries': 0, 'Restarts': 0, 'SiteHistory': [], 'ResidentSetSize': [], 'SubmitTimes': [], 'StartTimes': [], 'EndTimes': [], 'TotalUserCpuTimeHistory': [], 'TotalSysCpuTimeHistory': [], 'WallDurations': [], 'JobIds': [], 'State': 'unsubmitted'}, '362': {'Retries': 0, 'Restarts': 0, 'SiteHistory': [], 'ResidentSetSize': [], 'SubmitTimes': [], 'StartTimes': [], 'EndTimes': [], 'TotalUserCpuTimeHistory': [], 'TotalSysCpuTimeHistory': [], 'WallDurations': [], 'JobIds': [], 'State': 'unsubmitted'}, '363': {'Retries': 0, 'Restarts': 0, 'SiteHistory': [], 'ResidentSetSize': [], 'SubmitTimes': [], 'StartTimes': [], 'EndTimes': [], 'TotalUserCpuTimeHistory': [], 'TotalSysCpuTimeHistory': [], 'WallDurations': [], 'JobIds': [], 'State': 'unsubmitted'}, '364': {'Retries': 0, 'Restarts': 0, 'SiteHistory': [], 'ResidentSetSize': [], 'SubmitTimes': [], 'StartTimes': [], 'EndTimes': [], 'TotalUserCpuTimeHistory': [], 'TotalSysCpuTimeHistory': [], 'WallDurations': [], 'JobIds': [], 'State': 'unsubmitted'}, '365': {'Retries': 0, 'Restarts': 0, 'SiteHistory': [], 'ResidentSetSize': [], 'SubmitTimes': [], 'StartTimes': [], 'EndTimes': [], 'TotalUserCpuTimeHistory': [], 'TotalSysCpuTimeHistory': [], 'WallDurations': [], 'JobIds': [], 'State': 'unsubmitted'}, '366': {'Retries': 0, 'Restarts': 0, 'SiteHistory': [], 'ResidentSetSize': [], 'SubmitTimes': [], 'StartTimes': [], 'EndTimes': [], 'TotalUserCpuTimeHistory': [], 'TotalSysCpuTimeHistory': [], 'WallDurations': [], 'JobIds': [], 'State': 'unsubmitted'}, '367': {'Retries': 0, 'Restarts': 0, 'SiteHistory': [], 'ResidentSetSize': [], 'SubmitTimes': [], 'StartTimes': [], 'EndTimes': [], 'TotalUserCpuTimeHistory': [], 'TotalSysCpuTimeHistory': [], 'WallDurations': [], 'JobIds': [], 'State': 'unsubmitted'}, '368': {'Retries': 0, 'Restarts': 0, 'SiteHistory': [], 'ResidentSetSize': [], 'SubmitTimes': [], 'StartTimes': [], 'EndTimes': [], 'TotalUserCpuTimeHistory': [], 'TotalSysCpuTimeHistory': [], 'WallDurations': [], 'JobIds': [], 'State': 'unsubmitted'}, '369': {'Retries': 0, 'Restarts': 0, 'SiteHistory': [], 'ResidentSetSize': [], 'SubmitTimes': [], 'StartTimes': [], 'EndTimes': [], 'TotalUserCpuTimeHistory': [], 'TotalSysCpuTimeHistory': [], 'WallDurations': [], 'JobIds': [], 'State': 'unsubmitted'}, '370': {'Retries': 0, 'Restarts': 0, 'SiteHistory': [], 'ResidentSetSize': [], 'SubmitTimes': [], 'StartTimes': [], 'EndTimes': [], 'TotalUserCpuTimeHistory': [], 'TotalSysCpuTimeHistory': [], 'WallDurations': [], 'JobIds': [], 'State': 'unsubmitted'}, '371': {'Retries': 0, 'Restarts': 0, 'SiteHistory': [], 'ResidentSetSize': [], 'SubmitTimes': [], 'StartTimes': [], 'EndTimes': [], 'TotalUserCpuTimeHistory': [], 'TotalSysCpuTimeHistory': [], 'WallDurations': [], 'JobIds': [], 'State': 'unsubmitted'}, '372': {'Retries': 0, 'Restarts': 0, 'SiteHistory': [], 'ResidentSetSize': [], 'SubmitTimes': [], 'StartTimes': [], 'EndTimes': [], 'TotalUserCpuTimeHistory': [], 'TotalSysCpuTimeHistory': [], 'WallDurations': [], 'JobIds': [], 'State': 'unsubmitted'}, '373': {'Retries': 0, 'Restarts': 0, 'SiteHistory': [], 'ResidentSetSize': [], 'SubmitTimes': [], 'StartTimes': [], 'EndTimes': [], 'TotalUserCpuTimeHistory': [], 'TotalSysCpuTimeHistory': [], 'WallDurations': [], 'JobIds': [], 'State': 'unsubmitted'}, '374': {'Retries': 0, 'Restarts': 0, 'SiteHistory': [], 'ResidentSetSize': [], 'SubmitTimes': [], 'StartTimes': [], 'EndTimes': [], 'TotalUserCpuTimeHistory': [], 'TotalSysCpuTimeHistory': [], 'WallDurations': [], 'JobIds': [], 'State': 'unsubmitted'}, '375': {'Retries': 0, 'Restarts': 0, 'SiteHistory': [], 'ResidentSetSize': [], 'SubmitTimes': [], 'StartTimes': [], 'EndTimes': [], 'TotalUserCpuTimeHistory': [], 'TotalSysCpuTimeHistory': [], 'WallDurations': [], 'JobIds': [], 'State': 'unsubmitted'}, '376': {'Retries': 0, 'Restarts': 0, 'SiteHistory': [], 'ResidentSetSize': [], 'SubmitTimes': [], 'StartTimes': [], 'EndTimes': [], 'TotalUserCpuTimeHistory': [], 'TotalSysCpuTimeHistory': [], 'WallDurations': [], 'JobIds': [], 'State': 'unsubmitted'}, '377': {'Retries': 0, 'Restarts': 0, 'SiteHistory': [], 'ResidentSetSize': [], 'SubmitTimes': [], 'StartTimes': [], 'EndTimes': [], 'TotalUserCpuTimeHistory': [], 'TotalSysCpuTimeHistory': [], 'WallDurations': [], 'JobIds': [], 'State': 'unsubmitted'}, '378': {'Retries': 0, 'Restarts': 0, 'SiteHistory': [], 'ResidentSetSize': [], 'SubmitTimes': [], 'StartTimes': [], 'EndTimes': [], 'TotalUserCpuTimeHistory': [], 'TotalSysCpuTimeHistory': [], 'WallDurations': [], 'JobIds': [], 'State': 'unsubmitted'}, '379': {'Retries': 0, 'Restarts': 0, 'SiteHistory': [], 'ResidentSetSize': [], 'SubmitTimes': [], 'StartTimes': [], 'EndTimes': [], 'TotalUserCpuTimeHistory': [], 'TotalSysCpuTimeHistory': [], 'WallDurations': [], 'JobIds': [], 'State': 'unsubmitted'}, '380': {'Retries': 0, 'Restarts': 0, 'SiteHistory': [], 'ResidentSetSize': [], 'SubmitTimes': [], 'StartTimes': [], 'EndTimes': [], 'TotalUserCpuTimeHistory': [], 'TotalSysCpuTimeHistory': [], 'WallDurations': [], 'JobIds': [], 'State': 'unsubmitted'}, '381': {'Retries': 0, 'Restarts': 0, 'SiteHistory': [], 'ResidentSetSize': [], 'SubmitTimes': [], 'StartTimes': [], 'EndTimes': [], 'TotalUserCpuTimeHistory': [], 'TotalSysCpuTimeHistory': [], 'WallDurations': [], 'JobIds': [], 'State': 'unsubmitted'}, '382': {'Retries': 0, 'Restarts': 0, 'SiteHistory': [], 'ResidentSetSize': [], 'SubmitTimes': [], 'StartTimes': [], 'EndTimes': [], 'TotalUserCpuTimeHistory': [], 'TotalSysCpuTimeHistory': [], 'WallDurations': [], 'JobIds': [], 'State': 'unsubmitted'}, '383': {'Retries': 0, 'Restarts': 0, 'SiteHistory': [], 'ResidentSetSize': [], 'SubmitTimes': [], 'StartTimes': [], 'EndTimes': [], 'TotalUserCpuTimeHistory': [], 'TotalSysCpuTimeHistory': [], 'WallDurations': [], 'JobIds': [], 'State': 'unsubmitted'}, '384': {'Retries': 0, 'Restarts': 0, 'SiteHistory': [], 'ResidentSetSize': [], 'SubmitTimes': [], 'StartTimes': [], 'EndTimes': [], 'TotalUserCpuTimeHistory': [], 'TotalSysCpuTimeHistory': [], 'WallDurations': [], 'JobIds': [], 'State': 'unsubmitted'}, '385': {'Retries': 0, 'Restarts': 0, 'SiteHistory': [], 'ResidentSetSize': [], 'SubmitTimes': [], 'StartTimes': [], 'EndTimes': [], 'TotalUserCpuTimeHistory': [], 'TotalSysCpuTimeHistory': [], 'WallDurations': [], 'JobIds': [], 'State': 'unsubmitted'}, '386': {'Retries': 0, 'Restarts': 0, 'SiteHistory': [], 'ResidentSetSize': [], 'SubmitTimes': [], 'StartTimes': [], 'EndTimes': [], 'TotalUserCpuTimeHistory': [], 'TotalSysCpuTimeHistory': [], 'WallDurations': [], 'JobIds': [], 'State': 'unsubmitted'}, '387': {'Retries': 0, 'Restarts': 0, 'SiteHistory': [], 'ResidentSetSize': [], 'SubmitTimes': [], 'StartTimes': [], 'EndTimes': [], 'TotalUserCpuTimeHistory': [], 'TotalSysCpuTimeHistory': [], 'WallDurations': [], 'JobIds': [], 'State': 'unsubmitted'}, '388': {'Retries': 0, 'Restarts': 0, 'SiteHistory': [], 'ResidentSetSize': [], 'SubmitTimes': [], 'StartTimes': [], 'EndTimes': [], 'TotalUserCpuTimeHistory': [], 'TotalSysCpuTimeHistory': [], 'WallDurations': [], 'JobIds': [], 'State': 'unsubmitted'}, '389': {'Retries': 0, 'Restarts': 0, 'SiteHistory': [], 'ResidentSetSize': [], 'SubmitTimes': [], 'StartTimes': [], 'EndTimes': [], 'TotalUserCpuTimeHistory': [], 'TotalSysCpuTimeHistory': [], 'WallDurations': [], 'JobIds': [], 'State': 'unsubmitted'}, '390': {'Retries': 0, 'Restarts': 0, 'SiteHistory': [], 'ResidentSetSize': [], 'SubmitTimes': [], 'StartTimes': [], 'EndTimes': [], 'TotalUserCpuTimeHistory': [], 'TotalSysCpuTimeHistory': [], 'WallDurations': [], 'JobIds': [], 'State': 'unsubmitted'}, '391': {'Retries': 0, 'Restarts': 0, 'SiteHistory': [], 'ResidentSetSize': [], 'SubmitTimes': [], 'StartTimes': [], 'EndTimes': [], 'TotalUserCpuTimeHistory': [], 'TotalSysCpuTimeHistory': [], 'WallDurations': [], 'JobIds': [], 'State': 'unsubmitted'}, '392': {'Retries': 0, 'Restarts': 0, 'SiteHistory': [], 'ResidentSetSize': [], 'SubmitTimes': [], 'StartTimes': [], 'EndTimes': [], 'TotalUserCpuTimeHistory': [], 'TotalSysCpuTimeHistory': [], 'WallDurations': [], 'JobIds': [], 'State': 'unsubmitted'}, '393': {'Retries': 0, 'Restarts': 0, 'SiteHistory': [], 'ResidentSetSize': [], 'SubmitTimes': [], 'StartTimes': [], 'EndTimes': [], 'TotalUserCpuTimeHistory': [], 'TotalSysCpuTimeHistory': [], 'WallDurations': [], 'JobIds': [], 'State': 'unsubmitted'}, '394': {'Retries': 0, 'Restarts': 0, 'SiteHistory': [], 'ResidentSetSize': [], 'SubmitTimes': [], 'StartTimes': [], 'EndTimes': [], 'TotalUserCpuTimeHistory': [], 'TotalSysCpuTimeHistory': [], 'WallDurations': [], 'JobIds': [], 'State': 'unsubmitted'}, '395': {'Retries': 0, 'Restarts': 0, 'SiteHistory': [], 'ResidentSetSize': [], 'SubmitTimes': [], 'StartTimes': [], 'EndTimes': [], 'TotalUserCpuTimeHistory': [], 'TotalSysCpuTimeHistory': [], 'WallDurations': [], 'JobIds': [], 'State': 'unsubmitted'}, '396': {'Retries': 0, 'Restarts': 0, 'SiteHistory': [], 'ResidentSetSize': [], 'SubmitTimes': [], 'StartTimes': [], 'EndTimes': [], 'TotalUserCpuTimeHistory': [], 'TotalSysCpuTimeHistory': [], 'WallDurations': [], 'JobIds': [], 'State': 'unsubmitted'}, '397': {'Retries': 0, 'Restarts': 0, 'SiteHistory': [], 'ResidentSetSize': [], 'SubmitTimes': [], 'StartTimes': [], 'EndTimes': [], 'TotalUserCpuTimeHistory': [], 'TotalSysCpuTimeHistory': [], 'WallDurations': [], 'JobIds': [], 'State': 'unsubmitted'}, '398': {'Retries': 0, 'Restarts': 0, 'SiteHistory': [], 'ResidentSetSize': [], 'SubmitTimes': [], 'StartTimes': [], 'EndTimes': [], 'TotalUserCpuTimeHistory': [], 'TotalSysCpuTimeHistory': [], 'WallDurations': [], 'JobIds': [], 'State': 'unsubmitted'}, '399': {'Retries': 0, 'Restarts': 0, 'SiteHistory': [], 'ResidentSetSize': [], 'SubmitTimes': [], 'StartTimes': [], 'EndTimes': [], 'TotalUserCpuTimeHistory': [], 'TotalSysCpuTimeHistory': [], 'WallDurations': [], 'JobIds': [], 'State': 'unsubmitted'}, '400': {'Retries': 0, 'Restarts': 0, 'SiteHistory': [], 'ResidentSetSize': [], 'SubmitTimes': [], 'StartTimes': [], 'EndTimes': [], 'TotalUserCpuTimeHistory': [], 'TotalSysCpuTimeHistory': [], 'WallDurations': [], 'JobIds': [], 'State': 'unsubmitted'}, '401': {'Retries': 0, 'Restarts': 0, 'SiteHistory': [], 'ResidentSetSize': [], 'SubmitTimes': [], 'StartTimes': [], 'EndTimes': [], 'TotalUserCpuTimeHistory': [], 'TotalSysCpuTimeHistory': [], 'WallDurations': [], 'JobIds': [], 'State': 'unsubmitted'}, '402': {'Retries': 0, 'Restarts': 0, 'SiteHistory': [], 'ResidentSetSize': [], 'SubmitTimes': [], 'StartTimes': [], 'EndTimes': [], 'TotalUserCpuTimeHistory': [], 'TotalSysCpuTimeHistory': [], 'WallDurations': [], 'JobIds': [], 'State': 'unsubmitted'}, '403': {'Retries': 0, 'Restarts': 0, 'SiteHistory': [], 'ResidentSetSize': [], 'SubmitTimes': [], 'StartTimes': [], 'EndTimes': [], 'TotalUserCpuTimeHistory': [], 'TotalSysCpuTimeHistory': [], 'WallDurations': [], 'JobIds': [], 'State': 'unsubmitted'}, '404': {'Retries': 0, 'Restarts': 0, 'SiteHistory': [], 'ResidentSetSize': [], 'SubmitTimes': [], 'StartTimes': [], 'EndTimes': [], 'TotalUserCpuTimeHistory': [], 'TotalSysCpuTimeHistory': [], 'WallDurations': [], 'JobIds': [], 'State': 'unsubmitted'}, '405': {'Retries': 0, 'Restarts': 0, 'SiteHistory': [], 'ResidentSetSize': [], 'SubmitTimes': [], 'StartTimes': [], 'EndTimes': [], 'TotalUserCpuTimeHistory': [], 'TotalSysCpuTimeHistory': [], 'WallDurations': [], 'JobIds': [], 'State': 'unsubmitted'}, '406': {'Retries': 0, 'Restarts': 0, 'SiteHistory': [], 'ResidentSetSize': [], 'SubmitTimes': [], 'StartTimes': [], 'EndTimes': [], 'TotalUserCpuTimeHistory': [], 'TotalSysCpuTimeHistory': [], 'WallDurations': [], 'JobIds': [], 'State': 'unsubmitted'}, '407': {'Retries': 0, 'Restarts': 0, 'SiteHistory': [], 'ResidentSetSize': [], 'SubmitTimes': [], 'StartTimes': [], 'EndTimes': [], 'TotalUserCpuTimeHistory': [], 'TotalSysCpuTimeHistory': [], 'WallDurations': [], 'JobIds': [], 'State': 'unsubmitted'}, '408': {'Retries': 0, 'Restarts': 0, 'SiteHistory': [], 'ResidentSetSize': [], 'SubmitTimes': [], 'StartTimes': [], 'EndTimes': [], 'TotalUserCpuTimeHistory': [], 'TotalSysCpuTimeHistory': [], 'WallDurations': [], 'JobIds': [], 'State': 'unsubmitted'}, '409': {'Retries': 0, 'Restarts': 0, 'SiteHistory': [], 'ResidentSetSize': [], 'SubmitTimes': [], 'StartTimes': [], 'EndTimes': [], 'TotalUserCpuTimeHistory': [], 'TotalSysCpuTimeHistory': [], 'WallDurations': [], 'JobIds': [], 'State': 'unsubmitted'}, '410': {'Retries': 0, 'Restarts': 0, 'SiteHistory': [], 'ResidentSetSize': [], 'SubmitTimes': [], 'StartTimes': [], 'EndTimes': [], 'TotalUserCpuTimeHistory': [], 'TotalSysCpuTimeHistory': [], 'WallDurations': [], 'JobIds': [], 'State': 'unsubmitted'}, '411': {'Retries': 0, 'Restarts': 0, 'SiteHistory': [], 'ResidentSetSize': [], 'SubmitTimes': [], 'StartTimes': [], 'EndTimes': [], 'TotalUserCpuTimeHistory': [], 'TotalSysCpuTimeHistory': [], 'WallDurations': [], 'JobIds': [], 'State': 'unsubmitted'}, '412': {'Retries': 0, 'Restarts': 0, 'SiteHistory': [], 'ResidentSetSize': [], 'SubmitTimes': [], 'StartTimes': [], 'EndTimes': [], 'TotalUserCpuTimeHistory': [], 'TotalSysCpuTimeHistory': [], 'WallDurations': [], 'JobIds': [], 'State': 'unsubmitted'}, '413': {'Retries': 0, 'Restarts': 0, 'SiteHistory': [], 'ResidentSetSize': [], 'SubmitTimes': [], 'StartTimes': [], 'EndTimes': [], 'TotalUserCpuTimeHistory': [], 'TotalSysCpuTimeHistory': [], 'WallDurations': [], 'JobIds': [], 'State': 'unsubmitted'}, '414': {'Retries': 0, 'Restarts': 0, 'SiteHistory': [], 'ResidentSetSize': [], 'SubmitTimes': [], 'StartTimes': [], 'EndTimes': [], 'TotalUserCpuTimeHistory': [], 'TotalSysCpuTimeHistory': [], 'WallDurations': [], 'JobIds': [], 'State': 'unsubmitted'}, '415': {'Retries': 0, 'Restarts': 0, 'SiteHistory': [], 'ResidentSetSize': [], 'SubmitTimes': [], 'StartTimes': [], 'EndTimes': [], 'TotalUserCpuTimeHistory': [], 'TotalSysCpuTimeHistory': [], 'WallDurations': [], 'JobIds': [], 'State': 'unsubmitted'}, '416': {'Retries': 0, 'Restarts': 0, 'SiteHistory': [], 'ResidentSetSize': [], 'SubmitTimes': [], 'StartTimes': [], 'EndTimes': [], 'TotalUserCpuTimeHistory': [], 'TotalSysCpuTimeHistory': [], 'WallDurations': [], 'JobIds': [], 'State': 'unsubmitted'}, '417': {'Retries': 0, 'Restarts': 0, 'SiteHistory': [], 'ResidentSetSize': [], 'SubmitTimes': [], 'StartTimes': [], 'EndTimes': [], 'TotalUserCpuTimeHistory': [], 'TotalSysCpuTimeHistory': [], 'WallDurations': [], 'JobIds': [], 'State': 'unsubmitted'}, '418': {'Retries': 0, 'Restarts': 0, 'SiteHistory': [], 'ResidentSetSize': [], 'SubmitTimes': [], 'StartTimes': [], 'EndTimes': [], 'TotalUserCpuTimeHistory': [], 'TotalSysCpuTimeHistory': [], 'WallDurations': [], 'JobIds': [], 'State': 'unsubmitted'}, '419': {'Retries': 0, 'Restarts': 0, 'SiteHistory': [], 'ResidentSetSize': [], 'SubmitTimes': [], 'StartTimes': [], 'EndTimes': [], 'TotalUserCpuTimeHistory': [], 'TotalSysCpuTimeHistory': [], 'WallDurations': [], 'JobIds': [], 'State': 'unsubmitted'}, '420': {'Retries': 0, 'Restarts': 0, 'SiteHistory': [], 'ResidentSetSize': [], 'SubmitTimes': [], 'StartTimes': [], 'EndTimes': [], 'TotalUserCpuTimeHistory': [], 'TotalSysCpuTimeHistory': [], 'WallDurations': [], 'JobIds': [], 'State': 'unsubmitted'}, '421': {'Retries': 0, 'Restarts': 0, 'SiteHistory': [], 'ResidentSetSize': [], 'SubmitTimes': [], 'StartTimes': [], 'EndTimes': [], 'TotalUserCpuTimeHistory': [], 'TotalSysCpuTimeHistory': [], 'WallDurations': [], 'JobIds': [], 'State': 'unsubmitted'}, '422': {'Retries': 0, 'Restarts': 0, 'SiteHistory': [], 'ResidentSetSize': [], 'SubmitTimes': [], 'StartTimes': [], 'EndTimes': [], 'TotalUserCpuTimeHistory': [], 'TotalSysCpuTimeHistory': [], 'WallDurations': [], 'JobIds': [], 'State': 'unsubmitted'}, '423': {'Retries': 0, 'Restarts': 0, 'SiteHistory': [], 'ResidentSetSize': [], 'SubmitTimes': [], 'StartTimes': [], 'EndTimes': [], 'TotalUserCpuTimeHistory': [], 'TotalSysCpuTimeHistory': [], 'WallDurations': [], 'JobIds': [], 'State': 'unsubmitted'}, '424': {'Retries': 0, 'Restarts': 0, 'SiteHistory': [], 'ResidentSetSize': [], 'SubmitTimes': [], 'StartTimes': [], 'EndTimes': [], 'TotalUserCpuTimeHistory': [], 'TotalSysCpuTimeHistory': [], 'WallDurations': [], 'JobIds': [], 'State': 'unsubmitted'}, '425': {'Retries': 0, 'Restarts': 0, 'SiteHistory': [], 'ResidentSetSize': [], 'SubmitTimes': [], 'StartTimes': [], 'EndTimes': [], 'TotalUserCpuTimeHistory': [], 'TotalSysCpuTimeHistory': [], 'WallDurations': [], 'JobIds': [], 'State': 'unsubmitted'}, '426': {'Retries': 0, 'Restarts': 0, 'SiteHistory': [], 'ResidentSetSize': [], 'SubmitTimes': [], 'StartTimes': [], 'EndTimes': [], 'TotalUserCpuTimeHistory': [], 'TotalSysCpuTimeHistory': [], 'WallDurations': [], 'JobIds': [], 'State': 'unsubmitted'}, '427': {'Retries': 0, 'Restarts': 0, 'SiteHistory': [], 'ResidentSetSize': [], 'SubmitTimes': [], 'StartTimes': [], 'EndTimes': [], 'TotalUserCpuTimeHistory': [], 'TotalSysCpuTimeHistory': [], 'WallDurations': [], 'JobIds': [], 'State': 'unsubmitted'}, '428': {'Retries': 0, 'Restarts': 0, 'SiteHistory': [], 'ResidentSetSize': [], 'SubmitTimes': [], 'StartTimes': [], 'EndTimes': [], 'TotalUserCpuTimeHistory': [], 'TotalSysCpuTimeHistory': [], 'WallDurations': [], 'JobIds': [], 'State': 'unsubmitted'}, '429': {'Retries': 0, 'Restarts': 0, 'SiteHistory': [], 'ResidentSetSize': [], 'SubmitTimes': [], 'StartTimes': [], 'EndTimes': [], 'TotalUserCpuTimeHistory': [], 'TotalSysCpuTimeHistory': [], 'WallDurations': [], 'JobIds': [], 'State': 'unsubmitted'}, '430': {'Retries': 0, 'Restarts': 0, 'SiteHistory': [], 'ResidentSetSize': [], 'SubmitTimes': [], 'StartTimes': [], 'EndTimes': [], 'TotalUserCpuTimeHistory': [], 'TotalSysCpuTimeHistory': [], 'WallDurations': [], 'JobIds': [], 'State': 'unsubmitted'}, '431': {'Retries': 0, 'Restarts': 0, 'SiteHistory': [], 'ResidentSetSize': [], 'SubmitTimes': [], 'StartTimes': [], 'EndTimes': [], 'TotalUserCpuTimeHistory': [], 'TotalSysCpuTimeHistory': [], 'WallDurations': [], 'JobIds': [], 'State': 'unsubmitted'}, '432': {'Retries': 0, 'Restarts': 0, 'SiteHistory': [], 'ResidentSetSize': [], 'SubmitTimes': [], 'StartTimes': [], 'EndTimes': [], 'TotalUserCpuTimeHistory': [], 'TotalSysCpuTimeHistory': [], 'WallDurations': [], 'JobIds': [], 'State': 'unsubmitted'}, '433': {'Retries': 0, 'Restarts': 0, 'SiteHistory': [], 'ResidentSetSize': [], 'SubmitTimes': [], 'StartTimes': [], 'EndTimes': [], 'TotalUserCpuTimeHistory': [], 'TotalSysCpuTimeHistory': [], 'WallDurations': [], 'JobIds': [], 'State': 'unsubmitted'}, '434': {'Retries': 0, 'Restarts': 0, 'SiteHistory': [], 'ResidentSetSize': [], 'SubmitTimes': [], 'StartTimes': [], 'EndTimes': [], 'TotalUserCpuTimeHistory': [], 'TotalSysCpuTimeHistory': [], 'WallDurations': [], 'JobIds': [], 'State': 'unsubmitted'}, '435': {'Retries': 0, 'Restarts': 0, 'SiteHistory': [], 'ResidentSetSize': [], 'SubmitTimes': [], 'StartTimes': [], 'EndTimes': [], 'TotalUserCpuTimeHistory': [], 'TotalSysCpuTimeHistory': [], 'WallDurations': [], 'JobIds': [], 'State': 'unsubmitted'}, '436': {'Retries': 0, 'Restarts': 0, 'SiteHistory': [], 'ResidentSetSize': [], 'SubmitTimes': [], 'StartTimes': [], 'EndTimes': [], 'TotalUserCpuTimeHistory': [], 'TotalSysCpuTimeHistory': [], 'WallDurations': [], 'JobIds': [], 'State': 'unsubmitted'}, '437': {'Retries': 0, 'Restarts': 0, 'SiteHistory': [], 'ResidentSetSize': [], 'SubmitTimes': [], 'StartTimes': [], 'EndTimes': [], 'TotalUserCpuTimeHistory': [], 'TotalSysCpuTimeHistory': [], 'WallDurations': [], 'JobIds': [], 'State': 'unsubmitted'}, '438': {'Retries': 0, 'Restarts': 0, 'SiteHistory': [], 'ResidentSetSize': [], 'SubmitTimes': [], 'StartTimes': [], 'EndTimes': [], 'TotalUserCpuTimeHistory': [], 'TotalSysCpuTimeHistory': [], 'WallDurations': [], 'JobIds': [], 'State': 'unsubmitted'}, '439': {'Retries': 0, 'Restarts': 0, 'SiteHistory': [], 'ResidentSetSize': [], 'SubmitTimes': [], 'StartTimes': [], 'EndTimes': [], 'TotalUserCpuTimeHistory': [], 'TotalSysCpuTimeHistory': [], 'WallDurations': [], 'JobIds': [], 'State': 'unsubmitted'}, '440': {'Retries': 0, 'Restarts': 0, 'SiteHistory': [], 'ResidentSetSize': [], 'SubmitTimes': [], 'StartTimes': [], 'EndTimes': [], 'TotalUserCpuTimeHistory': [], 'TotalSysCpuTimeHistory': [], 'WallDurations': [], 'JobIds': [], 'State': 'unsubmitted'}, '441': {'Retries': 0, 'Restarts': 0, 'SiteHistory': [], 'ResidentSetSize': [], 'SubmitTimes': [], 'StartTimes': [], 'EndTimes': [], 'TotalUserCpuTimeHistory': [], 'TotalSysCpuTimeHistory': [], 'WallDurations': [], 'JobIds': [], 'State': 'unsubmitted'}, '442': {'Retries': 0, 'Restarts': 0, 'SiteHistory': [], 'ResidentSetSize': [], 'SubmitTimes': [], 'StartTimes': [], 'EndTimes': [], 'TotalUserCpuTimeHistory': [], 'TotalSysCpuTimeHistory': [], 'WallDurations': [], 'JobIds': [], 'State': 'unsubmitted'}, '443': {'Retries': 0, 'Restarts': 0, 'SiteHistory': [], 'ResidentSetSize': [], 'SubmitTimes': [], 'StartTimes': [], 'EndTimes': [], 'TotalUserCpuTimeHistory': [], 'TotalSysCpuTimeHistory': [], 'WallDurations': [], 'JobIds': [], 'State': 'unsubmitted'}, '444': {'Retries': 0, 'Restarts': 0, 'SiteHistory': [], 'ResidentSetSize': [], 'SubmitTimes': [], 'StartTimes': [], 'EndTimes': [], 'TotalUserCpuTimeHistory': [], 'TotalSysCpuTimeHistory': [], 'WallDurations': [], 'JobIds': [], 'State': 'unsubmitted'}, '445': {'Retries': 0, 'Restarts': 0, 'SiteHistory': [], 'ResidentSetSize': [], 'SubmitTimes': [], 'StartTimes': [], 'EndTimes': [], 'TotalUserCpuTimeHistory': [], 'TotalSysCpuTimeHistory': [], 'WallDurations': [], 'JobIds': [], 'State': 'unsubmitted'}, '446': {'Retries': 0, 'Restarts': 0, 'SiteHistory': [], 'ResidentSetSize': [], 'SubmitTimes': [], 'StartTimes': [], 'EndTimes': [], 'TotalUserCpuTimeHistory': [], 'TotalSysCpuTimeHistory': [], 'WallDurations': [], 'JobIds': [], 'State': 'unsubmitted'}, '447': {'Retries': 0, 'Restarts': 0, 'SiteHistory': [], 'ResidentSetSize': [], 'SubmitTimes': [], 'StartTimes': [], 'EndTimes': [], 'TotalUserCpuTimeHistory': [], 'TotalSysCpuTimeHistory': [], 'WallDurations': [], 'JobIds': [], 'State': 'unsubmitted'}, '448': {'Retries': 0, 'Restarts': 0, 'SiteHistory': [], 'ResidentSetSize': [], 'SubmitTimes': [], 'StartTimes': [], 'EndTimes': [], 'TotalUserCpuTimeHistory': [], 'TotalSysCpuTimeHistory': [], 'WallDurations': [], 'JobIds': [], 'State': 'unsubmitted'}, '449': {'Retries': 0, 'Restarts': 0, 'SiteHistory': [], 'ResidentSetSize': [], 'SubmitTimes': [], 'StartTimes': [], 'EndTimes': [], 'TotalUserCpuTimeHistory': [], 'TotalSysCpuTimeHistory': [], 'WallDurations': [], 'JobIds': [], 'State': 'unsubmitted'}, '450': {'Retries': 0, 'Restarts': 0, 'SiteHistory': [], 'ResidentSetSize': [], 'SubmitTimes': [], 'StartTimes': [], 'EndTimes': [], 'TotalUserCpuTimeHistory': [], 'TotalSysCpuTimeHistory': [], 'WallDurations': [], 'JobIds': [], 'State': 'unsubmitted'}, '451': {'Retries': 0, 'Restarts': 0, 'SiteHistory': [], 'ResidentSetSize': [], 'SubmitTimes': [], 'StartTimes': [], 'EndTimes': [], 'TotalUserCpuTimeHistory': [], 'TotalSysCpuTimeHistory': [], 'WallDurations': [], 'JobIds': [], 'State': 'unsubmitted'}, '452': {'Retries': 0, 'Restarts': 0, 'SiteHistory': [], 'ResidentSetSize': [], 'SubmitTimes': [], 'StartTimes': [], 'EndTimes': [], 'TotalUserCpuTimeHistory': [], 'TotalSysCpuTimeHistory': [], 'WallDurations': [], 'JobIds': [], 'State': 'unsubmitted'}, '453': {'Retries': 0, 'Restarts': 0, 'SiteHistory': [], 'ResidentSetSize': [], 'SubmitTimes': [], 'StartTimes': [], 'EndTimes': [], 'TotalUserCpuTimeHistory': [], 'TotalSysCpuTimeHistory': [], 'WallDurations': [], 'JobIds': [], 'State': 'unsubmitted'}, '454': {'Retries': 0, 'Restarts': 0, 'SiteHistory': [], 'ResidentSetSize': [], 'SubmitTimes': [], 'StartTimes': [], 'EndTimes': [], 'TotalUserCpuTimeHistory': [], 'TotalSysCpuTimeHistory': [], 'WallDurations': [], 'JobIds': [], 'State': 'unsubmitted'}, '455': {'Retries': 0, 'Restarts': 0, 'SiteHistory': [], 'ResidentSetSize': [], 'SubmitTimes': [], 'StartTimes': [], 'EndTimes': [], 'TotalUserCpuTimeHistory': [], 'TotalSysCpuTimeHistory': [], 'WallDurations': [], 'JobIds': [], 'State': 'unsubmitted'}, '456': {'Retries': 0, 'Restarts': 0, 'SiteHistory': [], 'ResidentSetSize': [], 'SubmitTimes': [], 'StartTimes': [], 'EndTimes': [], 'TotalUserCpuTimeHistory': [], 'TotalSysCpuTimeHistory': [], 'WallDurations': [], 'JobIds': [], 'State': 'unsubmitted'}, '457': {'Retries': 0, 'Restarts': 0, 'SiteHistory': [], 'ResidentSetSize': [], 'SubmitTimes': [], 'StartTimes': [], 'EndTimes': [], 'TotalUserCpuTimeHistory': [], 'TotalSysCpuTimeHistory': [], 'WallDurations': [], 'JobIds': [], 'State': 'unsubmitted'}, '458': {'Retries': 0, 'Restarts': 0, 'SiteHistory': [], 'ResidentSetSize': [], 'SubmitTimes': [], 'StartTimes': [], 'EndTimes': [], 'TotalUserCpuTimeHistory': [], 'TotalSysCpuTimeHistory': [], 'WallDurations': [], 'JobIds': [], 'State': 'unsubmitted'}, '459': {'Retries': 0, 'Restarts': 0, 'SiteHistory': [], 'ResidentSetSize': [], 'SubmitTimes': [], 'StartTimes': [], 'EndTimes': [], 'TotalUserCpuTimeHistory': [], 'TotalSysCpuTimeHistory': [], 'WallDurations': [], 'JobIds': [], 'State': 'unsubmitted'}, '460': {'Retries': 0, 'Restarts': 0, 'SiteHistory': [], 'ResidentSetSize': [], 'SubmitTimes': [], 'StartTimes': [], 'EndTimes': [], 'TotalUserCpuTimeHistory': [], 'TotalSysCpuTimeHistory': [], 'WallDurations': [], 'JobIds': [], 'State': 'unsubmitted'}, '461': {'Retries': 0, 'Restarts': 0, 'SiteHistory': [], 'ResidentSetSize': [], 'SubmitTimes': [], 'StartTimes': [], 'EndTimes': [], 'TotalUserCpuTimeHistory': [], 'TotalSysCpuTimeHistory': [], 'WallDurations': [], 'JobIds': [], 'State': 'unsubmitted'}}
INFO 2025-12-09 20:24:59.030 UTC: 	 Status on the scheduler:	SUBMITTED
INFO 2025-12-09 20:24:59.030 UTC: 	 
Jobs status:                    unsubmitted  		100.0% (461/461)
INFO 2025-12-09 20:24:59.031 UTC: 	 
No publication information (publication has been disabled in the CRAB configuration file)
INFO 2025-12-09 20:24:59.041 UTC: 	 Log file is /afs/cern.ch/user/a/amalhotr/CMSSW_14_0_18_patch1/src/Run3ScoutingAnalysisTools/crab_ScoutingData_2024H_TreeMaker/crab.log
DEBUG 2025-12-09 20:26:25.441 UTC: 	 CRAB Client version: v3.251020
DEBUG 2025-12-09 20:26:25.441 UTC: 	 Running on: Linux lxplus912.cern.ch 5.14.0-611.9.1.el9_7.x86_64 #1 SMP PREEMPT_DYNAMIC Sat Nov 15 05:15:45 EST 2025 x86_64 x86_64 x86_64 GNU/Linux
DEBUG 2025-12-09 20:26:25.441 UTC: 	 Not using Singularity
DEBUG 2025-12-09 20:26:25.441 UTC: 	 Operating System: Red Hat Enterprise Linux 9.7 (Plow)
DEBUG 2025-12-09 20:26:25.441 UTC: 	 Executing command: 'kill'
DEBUG 2025-12-09 20:26:25.441 UTC: 	 Found CRAB cache file /afs/cern.ch/user/a/amalhotr/.crab3
DEBUG 2025-12-09 20:26:25.445 UTC: 	 Checking credentials
DEBUG 2025-12-09 20:26:25.445 UTC: 	 Found proxy file /tmp/x509up_u180451
DEBUG 2025-12-09 20:26:25.445 UTC: 	 Making sure it has proper VOMS extension
DEBUG 2025-12-09 20:26:25.445 UTC: 	 Executing command :
 voms-proxy-info --vo --file /tmp/x509up_u180451
DEBUG 2025-12-09 20:26:25.480 UTC: 	 output : cms

 error: 
 retcode : 0
DEBUG 2025-12-09 20:26:25.481 UTC: 	 Getting proxy life time left
DEBUG 2025-12-09 20:26:25.481 UTC: 	 Executing command :
 voms-proxy-info --actimeleft --timeleft --file /tmp/x509up_u180451
DEBUG 2025-12-09 20:26:25.507 UTC: 	 output : 687945
687944

 error: 
 retcode : 0
DEBUG 2025-12-09 20:26:25.507 UTC: 	 Proxy valid for 191:05:44 hours
DEBUG 2025-12-09 20:26:25.507 UTC: 	 Encoded data for curl request: subresource=delegatedn
DEBUG 2025-12-09 20:26:25.579 UTC: 	 Registering user credentials on myproxy for /DC=ch/DC=cern/OU=Organic Units/OU=Users/CN=cmscrab/CN=(817881|373708)/CN=Robot: cms crab|/DC=ch/DC=cern/OU=Organic Units/OU=Users/CN=crabint1/CN=373708/CN=Robot: CMS CRAB Integration 1
DEBUG 2025-12-09 20:26:25.579 UTC: 	 Executing command :
 voms-proxy-info --identity --file /tmp/x509up_u180451
DEBUG 2025-12-09 20:26:25.601 UTC: 	 output : /DC=ch/DC=cern/OU=Organic Units/OU=Users/CN=amalhotr/CN=884837/CN=Aryan Malhotra

 error: 
 retcode : 0
DEBUG 2025-12-09 20:26:25.602 UTC: 	 Getting myproxy life time left for 2382a3cf28fdeacb1de9b039908761ea517a5ed6
DEBUG 2025-12-09 20:26:25.602 UTC: 	 Executing command :
 myproxy-info -s myproxy.cern.ch -l 2382a3cf28fdeacb1de9b039908761ea517a5ed6
DEBUG 2025-12-09 20:26:25.874 UTC: 	 output : username: 2382a3cf28fdeacb1de9b039908761ea517a5ed6
owner: /DC=ch/DC=cern/OU=Organic Units/OU=Users/CN=amalhotr/CN=884837/CN=Aryan Malhotra
  renewal policy: /DC=ch/DC=cern/OU=Organic Units/OU=Users/CN=cmscrab/CN=(817881|373708)/CN=Robot: cms crab|/DC=ch/DC=cern/OU=Organic Units/OU=Users/CN=crabint1/CN=373708/CN=Robot: CMS CRAB Integration 1
  trusted retrieval policy: /DC=ch/DC=cern/OU=Organic Units/OU=Users/CN=cmscrab/CN=(817881|373708)/CN=Robot: cms crab|/DC=ch/DC=cern/OU=Organic Units/OU=Users/CN=crabint1/CN=373708/CN=Robot: CMS CRAB Integration 1
  timeleft: 489:22:11  (20.4 days)

 error: 
 retcode : 0
DEBUG 2025-12-09 20:26:25.874 UTC: 	 Myproxy is valid: 1761720
DEBUG 2025-12-09 20:26:25.874 UTC: 	 Result of myproxy credential check:
  Credential exists on myproxy: username: 2382a3cf28fdeacb1de9b039908761ea517a5ed6  - validity: 20 days, 9:22:00
DEBUG 2025-12-09 20:26:25.875 UTC: 	 Command use: kill
DEBUG 2025-12-09 20:26:25.875 UTC: 	 Options use: ['-d', 'crab_ScoutingData_2024H_TreeMaker']
DEBUG 2025-12-09 20:26:25.875 UTC: 	 Encoded data for curl request: subresource=version
DEBUG 2025-12-09 20:26:25.916 UTC: 	 CRABClient version: v3.251020
DEBUG 2025-12-09 20:26:25.916 UTC: 	 Instance is prod
DEBUG 2025-12-09 20:26:25.916 UTC: 	 Server base url is cmsweb.cern.ch
DEBUG 2025-12-09 20:26:25.916 UTC: 	 Command api workflow
DEBUG 2025-12-09 20:26:25.916 UTC: 	 Killing task 251209_201844:amalhotr_crab_ScoutingData_2024H_TreeMaker
DEBUG 2025-12-09 20:26:25.917 UTC: 	 Encoded data for curl request: workflow=251209_201844%3Aamalhotr_crab_ScoutingData_2024H_TreeMaker
DEBUG 2025-12-09 20:26:25.991 UTC: 	 Result: {'desc': {'columns': ['tm_taskname', 'tm_task_status', 'tm_task_command', 'tm_user_role', 'tm_user_group', 'tm_task_failure', 'tm_split_algo', 'tm_split_args', 'tm_save_logs', 'tm_username', 'tm_user_dn', 'tm_arguments', 'tm_input_dataset', 'tm_dbs_url', 'tm_task_warnings', 'tm_publication', 'tm_user_webdir', 'tm_output_dataset', 'tm_collector', 'tm_schedd', 'tm_dry_run', 'clusterid', 'tm_start_time', 'tw_name', 'tm_dagman_status', 'tm_num_jobs', 'tm_uploaded']}, 'result': [{'result': 'ok'}]}
INFO 2025-12-09 20:26:25.991 UTC: 	 Kill request successfully sent
INFO 2025-12-09 20:26:26.003 UTC: 	 Log file is /afs/cern.ch/user/a/amalhotr/CMSSW_14_0_18_patch1/src/Run3ScoutingAnalysisTools/crab_ScoutingData_2024H_TreeMaker/crab.log
