DEBUG 2025-05-23 22:38:19.572 UTC: 	 CRAB Client version: v3.250409
DEBUG 2025-05-23 22:38:19.572 UTC: 	 Running on: Linux lxplus978.cern.ch 5.14.0-503.34.1.el9_5.x86_64 #1 SMP PREEMPT_DYNAMIC Mon Mar 17 21:49:47 EDT 2025 x86_64 x86_64 x86_64 GNU/Linux
DEBUG 2025-05-23 22:38:19.572 UTC: 	 Not using Singularity
DEBUG 2025-05-23 22:38:19.572 UTC: 	 Operating System: Red Hat Enterprise Linux 9.6 (Plow)
DEBUG 2025-05-23 22:38:19.572 UTC: 	 Executing command: 'submit'
DEBUG 2025-05-23 22:38:19.573 UTC: 	 Found CRAB cache file /afs/cern.ch/user/a/amalhotr/.crab3
INFO 2025-05-23 22:38:19.574 UTC: 	 Will use CRAB configuration file chainedCrabConfig.py
DEBUG 2025-05-23 22:38:19.574 UTC: 	 Loading CRAB configuration file.
DEBUG 2025-05-23 22:38:19.597 UTC: 	 Will use CRAB plugin ANALYSIS (i.e. will run an analysis job type).
DEBUG 2025-05-23 22:38:19.637 UTC: 	 Checking credentials
DEBUG 2025-05-23 22:38:19.637 UTC: 	 Found proxy file /tmp/x509up_u180451
DEBUG 2025-05-23 22:38:19.637 UTC: 	 Making sure it has proper VOMS extension
DEBUG 2025-05-23 22:38:19.637 UTC: 	 Executing command :
 voms-proxy-info --vo --file /tmp/x509up_u180451
DEBUG 2025-05-23 22:38:19.981 UTC: 	 output : cms

 error: 
 retcode : 0
DEBUG 2025-05-23 22:38:19.981 UTC: 	 Getting proxy life time left
DEBUG 2025-05-23 22:38:19.981 UTC: 	 Executing command :
 voms-proxy-info --actimeleft --timeleft --file /tmp/x509up_u180451
DEBUG 2025-05-23 22:38:20.325 UTC: 	 output : 686553
686553

 error: 
 retcode : 0
DEBUG 2025-05-23 22:38:20.325 UTC: 	 Proxy valid for 190:42:33 hours
DEBUG 2025-05-23 22:38:20.325 UTC: 	 Encoded data for curl request: subresource=delegatedn
DEBUG 2025-05-23 22:38:20.368 UTC: 	 Registering user credentials on myproxy for /DC=ch/DC=cern/OU=computers/CN=crab-(preprod|prod)-tw(01|02).cern.ch|/DC=ch/DC=cern/OU=computers/CN=crab-dev-tw(01|02|03|04).cern.ch|/DC=ch/DC=cern/OU=Organic Units/OU=Users/CN=cmscrab/CN=(817881|373708)/CN=Robot: cms crab|/DC=ch/DC=cern/OU=Organic Units/OU=Users/CN=crabint1/CN=373708/CN=Robot: CMS CRAB Integration 1
DEBUG 2025-05-23 22:38:20.368 UTC: 	 Executing command :
 voms-proxy-info --identity --file /tmp/x509up_u180451
DEBUG 2025-05-23 22:38:20.709 UTC: 	 output : /DC=ch/DC=cern/OU=Organic Units/OU=Users/CN=amalhotr/CN=884837/CN=Aryan Malhotra

 error: 
 retcode : 0
DEBUG 2025-05-23 22:38:20.709 UTC: 	 Getting myproxy life time left for 2382a3cf28fdeacb1de9b039908761ea517a5ed6
DEBUG 2025-05-23 22:38:20.709 UTC: 	 Executing command :
 myproxy-info -s myproxy.cern.ch -l 2382a3cf28fdeacb1de9b039908761ea517a5ed6
DEBUG 2025-05-23 22:38:20.993 UTC: 	 output : username: 2382a3cf28fdeacb1de9b039908761ea517a5ed6
owner: /DC=ch/DC=cern/OU=Organic Units/OU=Users/CN=amalhotr/CN=884837/CN=Aryan Malhotra
  renewal policy: /DC=ch/DC=cern/OU=computers/CN=crab-(preprod|prod)-tw(01|02).cern.ch|/DC=ch/DC=cern/OU=computers/CN=crab-dev-tw(01|02|03|04).cern.ch|/DC=ch/DC=cern/OU=Organic Units/OU=Users/CN=cmscrab/CN=(817881|373708)/CN=Robot: cms crab|/DC=ch/DC=cern/OU=Organic Units/OU=Users/CN=crabint1/CN=373708/CN=Robot: CMS CRAB Integration 1
  trusted retrieval policy: /DC=ch/DC=cern/OU=computers/CN=crab-(preprod|prod)-tw(01|02).cern.ch|/DC=ch/DC=cern/OU=computers/CN=crab-dev-tw(01|02|03|04).cern.ch|/DC=ch/DC=cern/OU=Organic Units/OU=Users/CN=cmscrab/CN=(817881|373708)/CN=Robot: cms crab|/DC=ch/DC=cern/OU=Organic Units/OU=Users/CN=crabint1/CN=373708/CN=Robot: CMS CRAB Integration 1
  timeleft: 512:15:13  (21.3 days)

 error: 
 retcode : 0
DEBUG 2025-05-23 22:38:20.993 UTC: 	 Myproxy is valid: 1844100
DEBUG 2025-05-23 22:38:20.993 UTC: 	 Result of myproxy credential check:
  Credential exists on myproxy: username: 2382a3cf28fdeacb1de9b039908761ea517a5ed6  - validity: 21 days, 8:15:00
DEBUG 2025-05-23 22:38:20.993 UTC: 	 Command use: submit
DEBUG 2025-05-23 22:38:20.993 UTC: 	 Options use: ['-c', 'chainedCrabConfig.py']
DEBUG 2025-05-23 22:38:20.993 UTC: 	 Encoded data for curl request: subresource=version
DEBUG 2025-05-23 22:38:21.031 UTC: 	 CRABClient version: v3.250409
DEBUG 2025-05-23 22:38:21.031 UTC: 	 Instance is prod
DEBUG 2025-05-23 22:38:21.031 UTC: 	 Server base url is cmsweb.cern.ch
DEBUG 2025-05-23 22:38:21.031 UTC: 	 Command api workflow
DEBUG 2025-05-23 22:38:21.031 UTC: 	 Started submission
DEBUG 2025-05-23 22:38:21.031 UTC: 	 Working on /afs/cern.ch/user/a/amalhotr/CMSSW_14_0_18_patch1/src/Run3ScoutingAnalysisTools/crab_RealData_noLFNDirectory_All_EventAwareLumiBased_100_v1
DEBUG 2025-05-23 22:38:21.032 UTC: 	 Encoded data for curl request: subresource=backendurls
DEBUG 2025-05-23 22:38:21.097 UTC: 	 Loading required information from the environment
DEBUG 2025-05-23 22:38:21.098 UTC: 	 Found CMSSW_14_0_18_patch1 for el9_amd64_gcc12 with base /afs/cern.ch/user/a/amalhotr/CMSSW_14_0_18_patch1
DEBUG 2025-05-23 22:38:21.098 UTC: 	 Loading required information from the environment
DEBUG 2025-05-23 22:38:21.098 UTC: 	 Found CMSSW_14_0_18_patch1 for el9_amd64_gcc12 with base /afs/cern.ch/user/a/amalhotr/CMSSW_14_0_18_patch1
DEBUG 2025-05-23 22:38:21.098 UTC: 	 UNIQUE NAME: tarUUID ba14b3b5-f98f-44ca-a028-00050e260e31 
DEBUG 2025-05-23 22:38:21.098 UTC: 	 self.config: from WMCore.Configuration import Configuration
config = Configuration()
config.section_('General')
config.General.transferLogs = True
config.General.transferOutputs = True
config.General.requestName = 'RealData_noLFNDirectory_All_EventAwareLumiBased_100_v1'
config.section_('JobType')
config.JobType.psetName = 'UnifiedScoutingVertexingTreeMaker.py'
config.JobType.maxMemoryMB = 2500
config.JobType.pluginName = 'Analysis'
config.JobType.maxJobRuntimeMin = 2000
config.section_('Data')
config.Data.unitsPerJob = 2
config.Data.inputDataset = '/ScoutingPFRun3/Run2024H-v1/HLTSCOUT'
config.Data.inputDBS = 'global'
config.Data.splitting = 'EventAwareLumiBased'
config.Data.outputDatasetTag = 'RealData_noLFNDirectory_All_EventAwareLumiBased_100_v1'
config.Data.allowNonValidInputDataset = True
config.Data.publication = False
config.section_('Site')
config.Site.storageSite = 'T3_CH_CERNBOX'
config.section_('User')
config.section_('Debug')

DEBUG 2025-05-23 22:38:21.098 UTC: 	 self.config.JobType.psetName: UnifiedScoutingVertexingTreeMaker.py
INFO 2025-05-23 22:38:21.098 UTC: 	 Importing CMSSW configuration UnifiedScoutingVertexingTreeMaker.py
INFO 2025-05-23 22:38:21.440 UTC: 	 Finished importing CMSSW configuration UnifiedScoutingVertexingTreeMaker.py
DEBUG 2025-05-23 22:38:21.440 UTC: 	 Writing CMSSW configuration to /afs/cern.ch/user/a/amalhotr/CMSSW_14_0_18_patch1/src/Run3ScoutingAnalysisTools/crab_RealData_noLFNDirectory_All_EventAwareLumiBased_100_v1/inputs/PSet.py
DEBUG 2025-05-23 22:38:21.463 UTC: 	 The following EDM output files will be collected: []
DEBUG 2025-05-23 22:38:21.463 UTC: 	 The following TFile output files will be collected: ['DY2M_ScoutingTree_Output_Renewed.root']
DEBUG 2025-05-23 22:38:21.463 UTC: 	 The following user output files (not listed as PoolOuputModule or TFileService in the CMSSW PSet) will be collected: 
DEBUG 2025-05-23 22:38:21.463 UTC: 	 Loading required information from the environment
DEBUG 2025-05-23 22:38:21.463 UTC: 	 Found CMSSW_14_0_18_patch1 for el9_amd64_gcc12 with base /afs/cern.ch/user/a/amalhotr/CMSSW_14_0_18_patch1
DEBUG 2025-05-23 22:38:21.463 UTC: 	 Making tarball in /afs/cern.ch/user/a/amalhotr/CMSSW_14_0_18_patch1/src/Run3ScoutingAnalysisTools/crab_RealData_noLFNDirectory_All_EventAwareLumiBased_100_v1/inputs/ba14b3b5-f98f-44ca-a028-00050e260e31default.tgz
DEBUG 2025-05-23 22:38:21.464 UTC: 	 Checking directory /afs/cern.ch/user/a/amalhotr/CMSSW_14_0_18_patch1/bin
DEBUG 2025-05-23 22:38:21.464 UTC: 	 Adding directory /afs/cern.ch/user/a/amalhotr/CMSSW_14_0_18_patch1/bin to tarball
DEBUG 2025-05-23 22:38:21.469 UTC: 	 Checking directory /afs/cern.ch/user/a/amalhotr/CMSSW_14_0_18_patch1/python
DEBUG 2025-05-23 22:38:21.469 UTC: 	 Adding directory /afs/cern.ch/user/a/amalhotr/CMSSW_14_0_18_patch1/python to tarball
DEBUG 2025-05-23 22:38:21.764 UTC: 	 Checking directory /afs/cern.ch/user/a/amalhotr/CMSSW_14_0_18_patch1/cfipython
DEBUG 2025-05-23 22:38:21.764 UTC: 	 Adding directory /afs/cern.ch/user/a/amalhotr/CMSSW_14_0_18_patch1/cfipython to tarball
DEBUG 2025-05-23 22:38:21.788 UTC: 	 Checking directory /afs/cern.ch/user/a/amalhotr/CMSSW_14_0_18_patch1/lib
DEBUG 2025-05-23 22:38:21.788 UTC: 	 Adding directory /afs/cern.ch/user/a/amalhotr/CMSSW_14_0_18_patch1/lib to tarball
DEBUG 2025-05-23 22:38:21.867 UTC: 	 Checking directory /afs/cern.ch/user/a/amalhotr/CMSSW_14_0_18_patch1/biglib
DEBUG 2025-05-23 22:38:21.867 UTC: 	 Adding directory /afs/cern.ch/user/a/amalhotr/CMSSW_14_0_18_patch1/biglib to tarball
DEBUG 2025-05-23 22:38:21.869 UTC: 	 Checking directory /afs/cern.ch/user/a/amalhotr/CMSSW_14_0_18_patch1/module
DEBUG 2025-05-23 22:38:21.869 UTC: 	 Checking directory /afs/cern.ch/user/a/amalhotr/CMSSW_14_0_18_patch1/config/SCRAM/hooks
DEBUG 2025-05-23 22:38:21.870 UTC: 	 Adding directory /afs/cern.ch/user/a/amalhotr/CMSSW_14_0_18_patch1/config/SCRAM/hooks to tarball
DEBUG 2025-05-23 22:38:21.918 UTC: 	 Adding directory /afs/cern.ch/user/a/amalhotr/CMSSW_14_0_18_patch1/src/Run3ScoutingAnalysisTools/DataFormats/Scouting/interface to tarball
DEBUG 2025-05-23 22:38:21.986 UTC: 	 Adding directory /afs/cern.ch/user/a/amalhotr/CMSSW_14_0_18_patch1/src/Run3ScoutingAnalysisTools/ScoutingTreeMakerRun3/python to tarball
DEBUG 2025-05-23 22:38:22.002 UTC: 	 Adding directory /afs/cern.ch/user/a/amalhotr/CMSSW_14_0_18_patch1/src/DataFormats/Scouting/interface to tarball
DEBUG 2025-05-23 22:38:22.049 UTC: 	 Adding directory /afs/cern.ch/user/a/amalhotr/CMSSW_14_0_18_patch1/src/Configuration/GenProduction/python to tarball
DEBUG 2025-05-23 22:38:22.102 UTC: 	 Uploading archive /afs/cern.ch/user/a/amalhotr/CMSSW_14_0_18_patch1/src/Run3ScoutingAnalysisTools/crab_RealData_noLFNDirectory_All_EventAwareLumiBased_100_v1/inputs/ba14b3b5-f98f-44ca-a028-00050e260e31default.tgz (432 KB) to the CRAB cache. Using URI https://cmsweb.cern.ch/S3/crabcache_prod
DEBUG 2025-05-23 22:38:22.262 UTC: 	 Encoded data for curl request: subresource=upload&objecttype=sandbox&tarballname=da0c6ed05f4f5acd581d00cf1336857c4dd975fca8ad3fd0ac7ac4cdf965270b.tar.gz
DEBUG 2025-05-23 22:38:22.436 UTC: 	 sandbox da0c6ed05f4f5acd581d00cf1336857c4dd975fca8ad3fd0ac7ac4cdf965270b.tar.gz is already in the S3 store, will not upload again
DEBUG 2025-05-23 22:38:22.436 UTC: 	 Loading required information from the environment
DEBUG 2025-05-23 22:38:22.436 UTC: 	 Found CMSSW_14_0_18_patch1 for el9_amd64_gcc12 with base /afs/cern.ch/user/a/amalhotr/CMSSW_14_0_18_patch1
DEBUG 2025-05-23 22:38:22.436 UTC: 	 Making tarball in /afs/cern.ch/user/a/amalhotr/CMSSW_14_0_18_patch1/src/Run3ScoutingAnalysisTools/crab_RealData_noLFNDirectory_All_EventAwareLumiBased_100_v1/inputs/debugFiles.tgz
DEBUG 2025-05-23 22:38:22.444 UTC: 	 Uploading archive /afs/cern.ch/user/a/amalhotr/CMSSW_14_0_18_patch1/src/Run3ScoutingAnalysisTools/crab_RealData_noLFNDirectory_All_EventAwareLumiBased_100_v1/inputs/debugFiles.tgz (3 KB) to the CRAB cache. Using URI https://cmsweb.cern.ch/S3/crabcache_prod
DEBUG 2025-05-23 22:38:22.446 UTC: 	 Encoded data for curl request: subresource=upload&objecttype=sandbox&tarballname=3e13a00c256171cca0ae0e0dd5ed5649ee0fb10bc2bd5625e4b7b59467c15faa.tar.gz
DEBUG 2025-05-23 22:38:22.526 UTC: 	 Will execute:
curl -f -v -X POST  -H "User-Agent: CRAB" -F "key=amalhotr/sandboxes/3e13a00c256171cca0ae0e0dd5ed5649ee0fb10bc2bd5625e4b7b59467c15faa.tar.gz" -F "AWSAccessKeyId=715203df6482458ba839e73e6dab634b" -F "policy=eyJleHBpcmF0aW9uIjogIjIwMjUtMDUtMjNUMjM6Mzg6MjJaIiwgImNvbmRpdGlvbnMiOiBbeyJidWNrZXQiOiAiY3JhYmNhY2hlX3Byb2QifSwgeyJrZXkiOiAiYW1hbGhvdHIvc2FuZGJveGVzLzNlMTNhMDBjMjU2MTcxY2NhMGFlMGUwZGQ1ZWQ1NjQ5ZWUwZmIxMGJjMmJkNTYyNWU0YjdiNTk0NjdjMTVmYWEudGFyLmd6In1dfQ==" -F "signature=8bnxsb8nRl/FyoRzVTMVonj+8y4=" -F "file=@/afs/cern.ch/user/a/amalhotr/CMSSW_14_0_18_patch1/src/Run3ScoutingAnalysisTools/crab_RealData_noLFNDirectory_All_EventAwareLumiBased_100_v1/inputs/debugFiles.tgz" "https://s3.cern.ch/crabcache_prod"
DEBUG 2025-05-23 22:38:22.729 UTC: 	 exitcode: 0
stdout: b''
DEBUG 2025-05-23 22:38:22.729 UTC: 	 upload to S3 of sandbox /afs/cern.ch/user/a/amalhotr/CMSSW_14_0_18_patch1/src/Run3ScoutingAnalysisTools/crab_RealData_noLFNDirectory_All_EventAwareLumiBased_100_v1/inputs/debugFiles.tgz completed
DEBUG 2025-05-23 22:38:22.729 UTC: 	 make sure that object is ready for retrieve
DEBUG 2025-05-23 22:38:23.730 UTC: 	 Encoded data for curl request: subresource=download&objecttype=sandbox&tarballname=3e13a00c256171cca0ae0e0dd5ed5649ee0fb10bc2bd5625e4b7b59467c15faa.tar.gz&clientmethod=head_object
DEBUG 2025-05-23 22:38:23.770 UTC: 	 PreSignedUrl to download sandbox received OK
DEBUG 2025-05-23 22:38:23.772 UTC: 	 Will execute:
 curl -v -s -f -o /dev/null --head  "https://s3.cern.ch/crabcache_prod/amalhotr/sandboxes/3e13a00c256171cca0ae0e0dd5ed5649ee0fb10bc2bd5625e4b7b59467c15faa.tar.gz?AWSAccessKeyId=715203df6482458ba839e73e6dab634b&Signature=jJqnkfhbKvsfmjbpU5%2F41sbq2nQ%3D&Expires=1748043503"
DEBUG 2025-05-23 22:38:23.875 UTC: 	 exitcode: 0
stdout: b''
DEBUG 2025-05-23 22:38:23.875 UTC: 	 sandbox /afs/cern.ch/user/a/amalhotr/CMSSW_14_0_18_patch1/src/Run3ScoutingAnalysisTools/crab_RealData_noLFNDirectory_All_EventAwareLumiBased_100_v1/inputs/debugFiles.tgz successfully uploaded to S3
DEBUG 2025-05-23 22:38:23.875 UTC: 	 Result uploading input files: da0c6ed05f4f5acd581d00cf1336857c4dd975fca8ad3fd0ac7ac4cdf965270b.tar.gz 
DEBUG 2025-05-23 22:38:23.876 UTC: 	 submit() - self.configuration from WMCore.Configuration import Configuration
config = Configuration()
config.section_('General')
config.General.transferLogs = True
config.General.transferOutputs = True
config.General.requestName = 'RealData_noLFNDirectory_All_EventAwareLumiBased_100_v1'
config.section_('JobType')
config.JobType.psetName = 'UnifiedScoutingVertexingTreeMaker.py'
config.JobType.maxMemoryMB = 2500
config.JobType.pluginName = 'Analysis'
config.JobType.maxJobRuntimeMin = 2000
config.section_('Data')
config.Data.unitsPerJob = 2
config.Data.inputDataset = '/ScoutingPFRun3/Run2024H-v1/HLTSCOUT'
config.Data.inputDBS = 'global'
config.Data.splitting = 'EventAwareLumiBased'
config.Data.outputDatasetTag = 'RealData_noLFNDirectory_All_EventAwareLumiBased_100_v1'
config.Data.allowNonValidInputDataset = True
config.Data.publication = False
config.section_('Site')
config.Site.storageSite = 'T3_CH_CERNBOX'
config.section_('User')
config.section_('Debug')

DEBUG 2025-05-23 22:38:23.876 UTC: 	 submit() - self.configreq {'dryrun': 0, 'workflow': 'crab_RealData_noLFNDirectory_All_EventAwareLumiBased_100_v1', 'saveoutput': 1, 'savelogsflag': 1, 'inputdata': '/ScoutingPFRun3/Run2024H-v1/HLTSCOUT', 'nonvaliddata': 1, 'userfiles': [], 'dbsurl': 'https://cmsweb.cern.ch/dbs/prod/global/DBSReader', 'useparent': 0, 'ignorelocality': 0, 'splitalgo': 'EventAwareLumiBased', 'algoargs': 2, 'totalunits': 0, 'publication': 0, 'publishdbsurl': 'https://cmsweb.cern.ch/dbs/prod/phys03/DBSWriter', 'publishname2': 'RealData_noLFNDirectory_All_EventAwareLumiBased_100_v1', 'jobtype': 'Analysis', 'generator': 'pythia', 'addoutputfiles': [], 'maxjobruntime': 2000, 'numcores': 1, 'maxmemory': 2500, 'priority': 10, 'nonprodsw': 0, 'asyncdest': 'T3_CH_CERNBOX', 'requireaccelerator': 0, 'oneEventMode': 0, 'extrajdl': [], 'ignoreglobalblacklist': 0, 'partialdataset': 0, 'inputblocks': []}
DEBUG 2025-05-23 22:38:23.876 UTC: 	 submit() - jobconfig {'addoutputfiles': [], 'tfileoutfiles': ['DY2M_ScoutingTree_Output_Renewed.root'], 'edmoutfiles': [], 'jobarch': 'el9_amd64_gcc12', 'jobminuarch': 'any', 'jobsw': 'CMSSW_14_0_18_patch1', 'inputdata': '/ScoutingPFRun3/Run2024H-v1/HLTSCOUT', 'cacheurl': 'https://cmsweb.cern.ch/S3/crabcache_prod', 'cachefilename': 'da0c6ed05f4f5acd581d00cf1336857c4dd975fca8ad3fd0ac7ac4cdf965270b.tar.gz', 'debugfilename': '3e13a00c256171cca0ae0e0dd5ed5649ee0fb10bc2bd5625e4b7b59467c15faa.tar.gz', 'jobtype': 'Analysis'}
INFO 2025-05-23 22:38:23.876 UTC: 	 Sending the request to the server at cmsweb.cern.ch
DEBUG 2025-05-23 22:38:23.876 UTC: 	 Submitting {'dryrun': 0, 'workflow': 'crab_RealData_noLFNDirectory_All_EventAwareLumiBased_100_v1', 'saveoutput': 1, 'savelogsflag': 1, 'inputdata': '/ScoutingPFRun3/Run2024H-v1/HLTSCOUT', 'nonvaliddata': 1, 'userfiles': [], 'dbsurl': 'https://cmsweb.cern.ch/dbs/prod/global/DBSReader', 'useparent': 0, 'ignorelocality': 0, 'splitalgo': 'EventAwareLumiBased', 'algoargs': 2, 'totalunits': 0, 'publication': 0, 'publishdbsurl': 'https://cmsweb.cern.ch/dbs/prod/phys03/DBSWriter', 'publishname2': 'RealData_noLFNDirectory_All_EventAwareLumiBased_100_v1', 'jobtype': 'Analysis', 'generator': 'pythia', 'addoutputfiles': [], 'maxjobruntime': 2000, 'numcores': 1, 'maxmemory': 2500, 'priority': 10, 'nonprodsw': 0, 'asyncdest': 'T3_CH_CERNBOX', 'requireaccelerator': 0, 'oneEventMode': 0, 'extrajdl': [], 'ignoreglobalblacklist': 0, 'partialdataset': 0, 'inputblocks': [], 'tfileoutfiles': ['DY2M_ScoutingTree_Output_Renewed.root'], 'edmoutfiles': [], 'jobarch': 'el9_amd64_gcc12', 'jobminuarch': 'any', 'jobsw': 'CMSSW_14_0_18_patch1', 'cacheurl': 'https://cmsweb.cern.ch/S3/crabcache_prod', 'cachefilename': 'da0c6ed05f4f5acd581d00cf1336857c4dd975fca8ad3fd0ac7ac4cdf965270b.tar.gz', 'debugfilename': '3e13a00c256171cca0ae0e0dd5ed5649ee0fb10bc2bd5625e4b7b59467c15faa.tar.gz'} 
DEBUG 2025-05-23 22:38:23.876 UTC: 	 Encoded data for curl request: dryrun=0&workflow=crab_RealData_noLFNDirectory_All_EventAwareLumiBased_100_v1&saveoutput=1&savelogsflag=1&inputdata=%2FScoutingPFRun3%2FRun2024H-v1%2FHLTSCOUT&nonvaliddata=1&dbsurl=https%3A%2F%2Fcmsweb.cern.ch%2Fdbs%2Fprod%2Fglobal%2FDBSReader&useparent=0&ignorelocality=0&splitalgo=EventAwareLumiBased&algoargs=2&totalunits=0&publication=0&publishdbsurl=https%3A%2F%2Fcmsweb.cern.ch%2Fdbs%2Fprod%2Fphys03%2FDBSWriter&publishname2=RealData_noLFNDirectory_All_EventAwareLumiBased_100_v1&jobtype=Analysis&generator=pythia&maxjobruntime=2000&numcores=1&maxmemory=2500&priority=10&nonprodsw=0&asyncdest=T3_CH_CERNBOX&requireaccelerator=0&oneEventMode=0&ignoreglobalblacklist=0&partialdataset=0&jobarch=el9_amd64_gcc12&jobminuarch=any&jobsw=CMSSW_14_0_18_patch1&cacheurl=https%3A%2F%2Fcmsweb.cern.ch%2FS3%2Fcrabcache_prod&cachefilename=da0c6ed05f4f5acd581d00cf1336857c4dd975fca8ad3fd0ac7ac4cdf965270b.tar.gz&debugfilename=3e13a00c256171cca0ae0e0dd5ed5649ee0fb10bc2bd5625e4b7b59467c15faa.tar.gz&tfileoutfiles=DY2M_ScoutingTree_Output_Renewed.root
DEBUG 2025-05-23 22:38:24.625 UTC: 	 Result: {'result': [{'RequestName': '250523_223824:amalhotr_crab_RealData_noLFNDirectory_All_EventAwareLumiBased_100_v1'}]}
INFO 2025-05-23 22:38:24.627 UTC: 	 Success: Your task has been delivered to the prod CRAB3 server.
INFO 2025-05-23 22:38:24.627 UTC: 	 Task name: 250523_223824:amalhotr_crab_RealData_noLFNDirectory_All_EventAwareLumiBased_100_v1
INFO 2025-05-23 22:38:24.627 UTC: 	 Project dir: ./crab_RealData_noLFNDirectory_All_EventAwareLumiBased_100_v1
INFO 2025-05-23 22:38:24.628 UTC: 	 Please use ' crab status -d ./crab_RealData_noLFNDirectory_All_EventAwareLumiBased_100_v1 ' to check how the submission process proceeds.
DEBUG 2025-05-23 22:38:24.628 UTC: 	 About to return
INFO 2025-05-23 22:38:24.630 UTC: 	 Log file is /afs/cern.ch/user/a/amalhotr/CMSSW_14_0_18_patch1/src/Run3ScoutingAnalysisTools/crab_RealData_noLFNDirectory_All_EventAwareLumiBased_100_v1/crab.log
DEBUG 2025-05-23 22:38:55.476 UTC: 	 CRAB Client version: v3.250409
DEBUG 2025-05-23 22:38:55.476 UTC: 	 Running on: Linux lxplus978.cern.ch 5.14.0-503.34.1.el9_5.x86_64 #1 SMP PREEMPT_DYNAMIC Mon Mar 17 21:49:47 EDT 2025 x86_64 x86_64 x86_64 GNU/Linux
DEBUG 2025-05-23 22:38:55.476 UTC: 	 Not using Singularity
DEBUG 2025-05-23 22:38:55.476 UTC: 	 Operating System: Red Hat Enterprise Linux 9.6 (Plow)
DEBUG 2025-05-23 22:38:55.476 UTC: 	 Executing command: 'status'
DEBUG 2025-05-23 22:38:55.476 UTC: 	 Found CRAB cache file /afs/cern.ch/user/a/amalhotr/.crab3
DEBUG 2025-05-23 22:38:55.517 UTC: 	 Checking credentials
DEBUG 2025-05-23 22:38:55.517 UTC: 	 Found proxy file /tmp/x509up_u180451
DEBUG 2025-05-23 22:38:55.517 UTC: 	 Making sure it has proper VOMS extension
DEBUG 2025-05-23 22:38:55.517 UTC: 	 Executing command :
 voms-proxy-info --vo --file /tmp/x509up_u180451
DEBUG 2025-05-23 22:38:55.843 UTC: 	 output : cms

 error: 
 retcode : 0
DEBUG 2025-05-23 22:38:55.843 UTC: 	 Getting proxy life time left
DEBUG 2025-05-23 22:38:55.843 UTC: 	 Executing command :
 voms-proxy-info --actimeleft --timeleft --file /tmp/x509up_u180451
DEBUG 2025-05-23 22:38:56.152 UTC: 	 output : 686517
686517

 error: 
 retcode : 0
DEBUG 2025-05-23 22:38:56.152 UTC: 	 Proxy valid for 190:41:57 hours
DEBUG 2025-05-23 22:38:56.153 UTC: 	 Encoded data for curl request: subresource=delegatedn
DEBUG 2025-05-23 22:38:56.193 UTC: 	 Registering user credentials on myproxy for /DC=ch/DC=cern/OU=computers/CN=crab-(preprod|prod)-tw(01|02).cern.ch|/DC=ch/DC=cern/OU=computers/CN=crab-dev-tw(01|02|03|04).cern.ch|/DC=ch/DC=cern/OU=Organic Units/OU=Users/CN=cmscrab/CN=(817881|373708)/CN=Robot: cms crab|/DC=ch/DC=cern/OU=Organic Units/OU=Users/CN=crabint1/CN=373708/CN=Robot: CMS CRAB Integration 1
DEBUG 2025-05-23 22:38:56.193 UTC: 	 Executing command :
 voms-proxy-info --identity --file /tmp/x509up_u180451
DEBUG 2025-05-23 22:38:56.518 UTC: 	 output : /DC=ch/DC=cern/OU=Organic Units/OU=Users/CN=amalhotr/CN=884837/CN=Aryan Malhotra

 error: 
 retcode : 0
DEBUG 2025-05-23 22:38:56.518 UTC: 	 Getting myproxy life time left for 2382a3cf28fdeacb1de9b039908761ea517a5ed6
DEBUG 2025-05-23 22:38:56.519 UTC: 	 Executing command :
 myproxy-info -s myproxy.cern.ch -l 2382a3cf28fdeacb1de9b039908761ea517a5ed6
DEBUG 2025-05-23 22:38:56.795 UTC: 	 output : username: 2382a3cf28fdeacb1de9b039908761ea517a5ed6
owner: /DC=ch/DC=cern/OU=Organic Units/OU=Users/CN=amalhotr/CN=884837/CN=Aryan Malhotra
  renewal policy: /DC=ch/DC=cern/OU=computers/CN=crab-(preprod|prod)-tw(01|02).cern.ch|/DC=ch/DC=cern/OU=computers/CN=crab-dev-tw(01|02|03|04).cern.ch|/DC=ch/DC=cern/OU=Organic Units/OU=Users/CN=cmscrab/CN=(817881|373708)/CN=Robot: cms crab|/DC=ch/DC=cern/OU=Organic Units/OU=Users/CN=crabint1/CN=373708/CN=Robot: CMS CRAB Integration 1
  trusted retrieval policy: /DC=ch/DC=cern/OU=computers/CN=crab-(preprod|prod)-tw(01|02).cern.ch|/DC=ch/DC=cern/OU=computers/CN=crab-dev-tw(01|02|03|04).cern.ch|/DC=ch/DC=cern/OU=Organic Units/OU=Users/CN=cmscrab/CN=(817881|373708)/CN=Robot: cms crab|/DC=ch/DC=cern/OU=Organic Units/OU=Users/CN=crabint1/CN=373708/CN=Robot: CMS CRAB Integration 1
  timeleft: 512:14:37  (21.3 days)

 error: 
 retcode : 0
DEBUG 2025-05-23 22:38:56.795 UTC: 	 Myproxy is valid: 1844040
DEBUG 2025-05-23 22:38:56.795 UTC: 	 Result of myproxy credential check:
  Credential exists on myproxy: username: 2382a3cf28fdeacb1de9b039908761ea517a5ed6  - validity: 21 days, 8:14:00
DEBUG 2025-05-23 22:38:56.795 UTC: 	 Retrieving username ...
DEBUG 2025-05-23 22:38:56.795 UTC: 	 Retrieving username from CRIC...
DEBUG 2025-05-23 22:38:57.573 UTC: 	 username is amalhotr
INFO 2025-05-23 22:38:58.202 UTC: 	 Rucio client intialized for account amalhotr
DEBUG 2025-05-23 22:38:58.202 UTC: 	 Command use: status
DEBUG 2025-05-23 22:38:58.202 UTC: 	 Options use: ['-d', './crab_RealData_noLFNDirectory_All_EventAwareLumiBased_100_v1']
DEBUG 2025-05-23 22:38:58.202 UTC: 	 Encoded data for curl request: subresource=version
DEBUG 2025-05-23 22:38:58.407 UTC: 	 CRABClient version: v3.250409
DEBUG 2025-05-23 22:38:58.407 UTC: 	 Instance is prod
DEBUG 2025-05-23 22:38:58.407 UTC: 	 Server base url is cmsweb.cern.ch
DEBUG 2025-05-23 22:38:58.407 UTC: 	 Command api workflow
DEBUG 2025-05-23 22:38:58.407 UTC: 	 Encoded data for curl request: subresource=search&workflow=250523_223824%3Aamalhotr_crab_RealData_noLFNDirectory_All_EventAwareLumiBased_100_v1
DEBUG 2025-05-23 22:38:58.450 UTC: 	 Got information from server oracle database: {'desc': {'columns': ['tm_taskname', 'tm_activity', 'tm_task_status', 'tm_task_command', 'tm_start_time', 'tm_start_injection', 'tm_end_injection', 'tm_task_failure', 'tm_job_sw', 'tm_job_arch', 'tm_input_dataset', 'tm_nonvalid_input_dataset', 'tm_use_parent', 'tm_site_whitelist', 'tm_site_blacklist', 'tm_split_algo', 'tm_split_args', 'tm_user_sandbox', 'tm_cache_url', 'tm_username', 'tm_user_dn', 'tm_user_vo', 'tm_user_role', 'tm_user_group', 'tm_publish_name', 'tm_publish_groupname', 'tm_asyncdest', 'tm_dbs_url', 'tm_publish_dbs_url', 'tm_publication', 'tm_outfiles', 'tm_tfile_outfiles', 'tm_edm_outfiles', 'tm_job_type', 'tm_generator', 'tm_events_per_lumi', 'tm_arguments', 'tm_save_logs', 'tw_name', 'tm_user_infiles', 'tm_maxjobruntime', 'tm_numcores', 'tm_maxmemory', 'tm_priority', 'tm_output_dataset', 'tm_task_warnings', 'tm_user_webdir', 'tm_scriptexe', 'tm_scriptargs', 'tm_extrajdl', 'tm_collector', 'tm_schedd', 'tm_dry_run', 'tm_user_files', 'tm_transfer_outputs', 'tm_output_lfn', 'tm_ignore_locality', 'tm_fail_limit', 'tm_one_event_mode', 'tm_secondary_input_dataset', 'tm_primary_dataset', 'tm_last_publication', 'tm_debug_files', 'clusterid', 'tm_ignore_global_blacklist', 'tm_submitter_ip_addr', 'tm_totalunits', 'tm_ddm_reqid', 'tm_user_config', 'tm_transfer_container', 'tm_transfer_rule', 'tm_publish_rule', 'tm_multipub_rule', 'tm_job_min_microarch', 'tm_dagman_status', 'tm_num_jobs', 'tm_uploaded']}, 'result': ['250523_223824:amalhotr_crab_RealData_noLFNDirectory_All_EventAwareLumiBased_100_v1', 'None', 'WAITING', 'SUBMIT', '2025-05-23 22:38:24.618650', 'None', 'None', 'None', 'CMSSW_14_0_18_patch1', 'el9_amd64_gcc12', '/ScoutingPFRun3/Run2024H-v1/HLTSCOUT', 'T', '0', '[]', '[]', 'EventAwareLumiBased', "{'halt_job_on_file_boundaries': False, 'splitOnRun': False, 'events_per_job': 2, 'runs': [], 'lumis': []}", 'da0c6ed05f4f5acd581d00cf1336857c4dd975fca8ad3fd0ac7ac4cdf965270b.tar.gz', 'https://cmsweb.cern.ch/S3/crabcache_prod', 'amalhotr', '/DC=ch/DC=cern/OU=Organic Units/OU=Users/CN=amalhotr/CN=884837/CN=Aryan Malhotra', 'cms', 'None', 'None', 'RealData_noLFNDirectory_All_EventAwareLumiBased_100_v1-00000000000000000000000000000000', 'F', 'T3_CH_CERNBOX', 'https://cmsweb.cern.ch/dbs/prod/global/DBSReader', 'https://cmsweb.cern.ch/dbs/prod/phys03/DBSWriter', 'F', '[]', "['DY2M_ScoutingTree_Output_Renewed.root']", '[]', 'Analysis', 'pythia', 'None', '{}', 'T', 'NotKnownYet', '[]', '2000', '1', '2500', '10', 'None', '[]', 'None', 'None', '[]', '[]', 'cmsgwms-collector-global.cern.ch:9620,cmsgwms-collector-global.fnal.gov:9620', 'None', 'F', '[]', 'T', '/store/user/amalhotr/', 'F', 'None', 'F', 'None', 'ScoutingPFRun3', 'None', '3e13a00c256171cca0ae0e0dd5ed5649ee0fb10bc2bd5625e4b7b59467c15faa.tar.gz', 'None', 'F', '188.185.89.202', '0.0', 'None', '{"partialdataset": false, "requireaccelerator": false, "acceleratorparams": null, "inputblocks": null}', 'None', 'None', 'None', 'None', 'any', 'NOT_READY', '0', 'F']}
INFO 2025-05-23 22:38:58.450 UTC: 	 CRAB project directory:		/afs/cern.ch/user/a/amalhotr/CMSSW_14_0_18_patch1/src/Run3ScoutingAnalysisTools/crab_RealData_noLFNDirectory_All_EventAwareLumiBased_100_v1
INFO 2025-05-23 22:38:58.450 UTC: 	 Task name:			250523_223824:amalhotr_crab_RealData_noLFNDirectory_All_EventAwareLumiBased_100_v1
INFO 2025-05-23 22:38:58.450 UTC: 	 Grid scheduler - Task Worker:	N/A yet - NotKnownYet
INFO 2025-05-23 22:38:58.450 UTC: 	 Status on the CRAB server:	WAITING on command SUBMIT
INFO 2025-05-23 22:38:58.451 UTC: 	 Task URL to use for HELP:	https://cmsweb.cern.ch/crabserver/ui/task/250523_223824%3Aamalhotr_crab_RealData_noLFNDirectory_All_EventAwareLumiBased_100_v1
INFO 2025-05-23 22:38:58.457 UTC: 	 Dashboard monitoring URL:	https://monit-grafana.cern.ch/d/cmsTMDetail/cms-task-monitoring-task-view?orgId=11&var-user=amalhotr&var-task=250523_223824%3Aamalhotr_crab_RealData_noLFNDirectory_All_EventAwareLumiBased_100_v1&from=1748036304000&to=now
DEBUG 2025-05-23 22:38:58.458 UTC: 	 The task has not been submitted to the Grid scheduler yet. Not printing job information.
INFO 2025-05-23 22:38:58.459 UTC: 	 Log file is /afs/cern.ch/user/a/amalhotr/CMSSW_14_0_18_patch1/src/Run3ScoutingAnalysisTools/crab_RealData_noLFNDirectory_All_EventAwareLumiBased_100_v1/crab.log
DEBUG 2025-05-23 22:39:16.995 UTC: 	 CRAB Client version: v3.250409
DEBUG 2025-05-23 22:39:16.995 UTC: 	 Running on: Linux lxplus978.cern.ch 5.14.0-503.34.1.el9_5.x86_64 #1 SMP PREEMPT_DYNAMIC Mon Mar 17 21:49:47 EDT 2025 x86_64 x86_64 x86_64 GNU/Linux
DEBUG 2025-05-23 22:39:16.995 UTC: 	 Not using Singularity
DEBUG 2025-05-23 22:39:16.995 UTC: 	 Operating System: Red Hat Enterprise Linux 9.6 (Plow)
DEBUG 2025-05-23 22:39:16.995 UTC: 	 Executing command: 'status'
DEBUG 2025-05-23 22:39:16.995 UTC: 	 Found CRAB cache file /afs/cern.ch/user/a/amalhotr/.crab3
DEBUG 2025-05-23 22:39:17.104 UTC: 	 Checking credentials
DEBUG 2025-05-23 22:39:17.104 UTC: 	 Found proxy file /tmp/x509up_u180451
DEBUG 2025-05-23 22:39:17.104 UTC: 	 Making sure it has proper VOMS extension
DEBUG 2025-05-23 22:39:17.104 UTC: 	 Executing command :
 voms-proxy-info --vo --file /tmp/x509up_u180451
DEBUG 2025-05-23 22:39:17.422 UTC: 	 output : cms

 error: 
 retcode : 0
DEBUG 2025-05-23 22:39:17.422 UTC: 	 Getting proxy life time left
DEBUG 2025-05-23 22:39:17.422 UTC: 	 Executing command :
 voms-proxy-info --actimeleft --timeleft --file /tmp/x509up_u180451
DEBUG 2025-05-23 22:39:17.736 UTC: 	 output : 686496
686496

 error: 
 retcode : 0
DEBUG 2025-05-23 22:39:17.736 UTC: 	 Proxy valid for 190:41:36 hours
DEBUG 2025-05-23 22:39:17.737 UTC: 	 Encoded data for curl request: subresource=delegatedn
DEBUG 2025-05-23 22:39:17.777 UTC: 	 Registering user credentials on myproxy for /DC=ch/DC=cern/OU=computers/CN=crab-(preprod|prod)-tw(01|02).cern.ch|/DC=ch/DC=cern/OU=computers/CN=crab-dev-tw(01|02|03|04).cern.ch|/DC=ch/DC=cern/OU=Organic Units/OU=Users/CN=cmscrab/CN=(817881|373708)/CN=Robot: cms crab|/DC=ch/DC=cern/OU=Organic Units/OU=Users/CN=crabint1/CN=373708/CN=Robot: CMS CRAB Integration 1
DEBUG 2025-05-23 22:39:17.777 UTC: 	 Executing command :
 voms-proxy-info --identity --file /tmp/x509up_u180451
DEBUG 2025-05-23 22:39:18.113 UTC: 	 output : /DC=ch/DC=cern/OU=Organic Units/OU=Users/CN=amalhotr/CN=884837/CN=Aryan Malhotra

 error: 
 retcode : 0
DEBUG 2025-05-23 22:39:18.114 UTC: 	 Getting myproxy life time left for 2382a3cf28fdeacb1de9b039908761ea517a5ed6
DEBUG 2025-05-23 22:39:18.114 UTC: 	 Executing command :
 myproxy-info -s myproxy.cern.ch -l 2382a3cf28fdeacb1de9b039908761ea517a5ed6
DEBUG 2025-05-23 22:39:18.423 UTC: 	 output : username: 2382a3cf28fdeacb1de9b039908761ea517a5ed6
owner: /DC=ch/DC=cern/OU=Organic Units/OU=Users/CN=amalhotr/CN=884837/CN=Aryan Malhotra
  renewal policy: /DC=ch/DC=cern/OU=computers/CN=crab-(preprod|prod)-tw(01|02).cern.ch|/DC=ch/DC=cern/OU=computers/CN=crab-dev-tw(01|02|03|04).cern.ch|/DC=ch/DC=cern/OU=Organic Units/OU=Users/CN=cmscrab/CN=(817881|373708)/CN=Robot: cms crab|/DC=ch/DC=cern/OU=Organic Units/OU=Users/CN=crabint1/CN=373708/CN=Robot: CMS CRAB Integration 1
  trusted retrieval policy: /DC=ch/DC=cern/OU=computers/CN=crab-(preprod|prod)-tw(01|02).cern.ch|/DC=ch/DC=cern/OU=computers/CN=crab-dev-tw(01|02|03|04).cern.ch|/DC=ch/DC=cern/OU=Organic Units/OU=Users/CN=cmscrab/CN=(817881|373708)/CN=Robot: cms crab|/DC=ch/DC=cern/OU=Organic Units/OU=Users/CN=crabint1/CN=373708/CN=Robot: CMS CRAB Integration 1
  timeleft: 512:14:15  (21.3 days)

 error: 
 retcode : 0
DEBUG 2025-05-23 22:39:18.423 UTC: 	 Myproxy is valid: 1844040
DEBUG 2025-05-23 22:39:18.423 UTC: 	 Result of myproxy credential check:
  Credential exists on myproxy: username: 2382a3cf28fdeacb1de9b039908761ea517a5ed6  - validity: 21 days, 8:14:00
DEBUG 2025-05-23 22:39:18.423 UTC: 	 Retrieving username ...
DEBUG 2025-05-23 22:39:18.423 UTC: 	 Retrieving username from CRIC...
DEBUG 2025-05-23 22:39:19.238 UTC: 	 username is amalhotr
INFO 2025-05-23 22:39:19.777 UTC: 	 Rucio client intialized for account amalhotr
DEBUG 2025-05-23 22:39:19.778 UTC: 	 Command use: status
DEBUG 2025-05-23 22:39:19.778 UTC: 	 Options use: ['-d', './crab_RealData_noLFNDirectory_All_EventAwareLumiBased_100_v1']
DEBUG 2025-05-23 22:39:19.778 UTC: 	 Encoded data for curl request: subresource=version
DEBUG 2025-05-23 22:39:19.817 UTC: 	 CRABClient version: v3.250409
DEBUG 2025-05-23 22:39:19.817 UTC: 	 Instance is prod
DEBUG 2025-05-23 22:39:19.817 UTC: 	 Server base url is cmsweb.cern.ch
DEBUG 2025-05-23 22:39:19.817 UTC: 	 Command api workflow
DEBUG 2025-05-23 22:39:19.818 UTC: 	 Encoded data for curl request: subresource=search&workflow=250523_223824%3Aamalhotr_crab_RealData_noLFNDirectory_All_EventAwareLumiBased_100_v1
DEBUG 2025-05-23 22:39:19.871 UTC: 	 Got information from server oracle database: {'desc': {'columns': ['tm_taskname', 'tm_activity', 'tm_task_status', 'tm_task_command', 'tm_start_time', 'tm_start_injection', 'tm_end_injection', 'tm_task_failure', 'tm_job_sw', 'tm_job_arch', 'tm_input_dataset', 'tm_nonvalid_input_dataset', 'tm_use_parent', 'tm_site_whitelist', 'tm_site_blacklist', 'tm_split_algo', 'tm_split_args', 'tm_user_sandbox', 'tm_cache_url', 'tm_username', 'tm_user_dn', 'tm_user_vo', 'tm_user_role', 'tm_user_group', 'tm_publish_name', 'tm_publish_groupname', 'tm_asyncdest', 'tm_dbs_url', 'tm_publish_dbs_url', 'tm_publication', 'tm_outfiles', 'tm_tfile_outfiles', 'tm_edm_outfiles', 'tm_job_type', 'tm_generator', 'tm_events_per_lumi', 'tm_arguments', 'tm_save_logs', 'tw_name', 'tm_user_infiles', 'tm_maxjobruntime', 'tm_numcores', 'tm_maxmemory', 'tm_priority', 'tm_output_dataset', 'tm_task_warnings', 'tm_user_webdir', 'tm_scriptexe', 'tm_scriptargs', 'tm_extrajdl', 'tm_collector', 'tm_schedd', 'tm_dry_run', 'tm_user_files', 'tm_transfer_outputs', 'tm_output_lfn', 'tm_ignore_locality', 'tm_fail_limit', 'tm_one_event_mode', 'tm_secondary_input_dataset', 'tm_primary_dataset', 'tm_last_publication', 'tm_debug_files', 'clusterid', 'tm_ignore_global_blacklist', 'tm_submitter_ip_addr', 'tm_totalunits', 'tm_ddm_reqid', 'tm_user_config', 'tm_transfer_container', 'tm_transfer_rule', 'tm_publish_rule', 'tm_multipub_rule', 'tm_job_min_microarch', 'tm_dagman_status', 'tm_num_jobs', 'tm_uploaded']}, 'result': ['250523_223824:amalhotr_crab_RealData_noLFNDirectory_All_EventAwareLumiBased_100_v1', 'None', 'HOLDING', 'SUBMIT', '2025-05-23 22:38:24.618650', 'None', 'None', 'None', 'CMSSW_14_0_18_patch1', 'el9_amd64_gcc12', '/ScoutingPFRun3/Run2024H-v1/HLTSCOUT', 'T', '0', '[]', '[]', 'EventAwareLumiBased', "{'halt_job_on_file_boundaries': False, 'splitOnRun': False, 'events_per_job': 2, 'runs': [], 'lumis': []}", 'da0c6ed05f4f5acd581d00cf1336857c4dd975fca8ad3fd0ac7ac4cdf965270b.tar.gz', 'https://cmsweb.cern.ch/S3/crabcache_prod', 'amalhotr', '/DC=ch/DC=cern/OU=Organic Units/OU=Users/CN=amalhotr/CN=884837/CN=Aryan Malhotra', 'cms', 'None', 'None', 'RealData_noLFNDirectory_All_EventAwareLumiBased_100_v1-00000000000000000000000000000000', 'F', 'T3_CH_CERNBOX', 'https://cmsweb.cern.ch/dbs/prod/global/DBSReader', 'https://cmsweb.cern.ch/dbs/prod/phys03/DBSWriter', 'F', '[]', "['DY2M_ScoutingTree_Output_Renewed.root']", '[]', 'Analysis', 'pythia', 'None', '{}', 'T', 'crab-prod-tw01', '[]', '2000', '1', '2500', '10', 'None', '[]', 'None', 'None', '[]', '[]', 'cmsgwms-collector-global.cern.ch:9620,cmsgwms-collector-global.fnal.gov:9620', 'None', 'F', '[]', 'T', '/store/user/amalhotr/', 'F', 'None', 'F', 'None', 'ScoutingPFRun3', 'None', '3e13a00c256171cca0ae0e0dd5ed5649ee0fb10bc2bd5625e4b7b59467c15faa.tar.gz', 'None', 'F', '188.185.89.202', '0.0', 'None', '{"partialdataset": false, "requireaccelerator": false, "acceleratorparams": null, "inputblocks": null}', 'None', 'None', 'None', 'None', 'any', 'NOT_READY', '0', 'F']}
INFO 2025-05-23 22:39:19.872 UTC: 	 CRAB project directory:		/afs/cern.ch/user/a/amalhotr/CMSSW_14_0_18_patch1/src/Run3ScoutingAnalysisTools/crab_RealData_noLFNDirectory_All_EventAwareLumiBased_100_v1
INFO 2025-05-23 22:39:19.872 UTC: 	 Task name:			250523_223824:amalhotr_crab_RealData_noLFNDirectory_All_EventAwareLumiBased_100_v1
INFO 2025-05-23 22:39:19.872 UTC: 	 Grid scheduler - Task Worker:	N/A yet - crab-prod-tw01
INFO 2025-05-23 22:39:19.872 UTC: 	 Status on the CRAB server:	HOLDING on command SUBMIT
INFO 2025-05-23 22:39:19.872 UTC: 	 Task URL to use for HELP:	https://cmsweb.cern.ch/crabserver/ui/task/250523_223824%3Aamalhotr_crab_RealData_noLFNDirectory_All_EventAwareLumiBased_100_v1
INFO 2025-05-23 22:39:19.878 UTC: 	 Dashboard monitoring URL:	https://monit-grafana.cern.ch/d/cmsTMDetail/cms-task-monitoring-task-view?orgId=11&var-user=amalhotr&var-task=250523_223824%3Aamalhotr_crab_RealData_noLFNDirectory_All_EventAwareLumiBased_100_v1&from=1748036304000&to=now
DEBUG 2025-05-23 22:39:19.878 UTC: 	 The task has not been submitted to the Grid scheduler yet. Not printing job information.
INFO 2025-05-23 22:39:19.879 UTC: 	 Log file is /afs/cern.ch/user/a/amalhotr/CMSSW_14_0_18_patch1/src/Run3ScoutingAnalysisTools/crab_RealData_noLFNDirectory_All_EventAwareLumiBased_100_v1/crab.log
DEBUG 2025-05-23 22:39:46.513 UTC: 	 CRAB Client version: v3.250409
DEBUG 2025-05-23 22:39:46.514 UTC: 	 Running on: Linux lxplus978.cern.ch 5.14.0-503.34.1.el9_5.x86_64 #1 SMP PREEMPT_DYNAMIC Mon Mar 17 21:49:47 EDT 2025 x86_64 x86_64 x86_64 GNU/Linux
DEBUG 2025-05-23 22:39:46.514 UTC: 	 Not using Singularity
DEBUG 2025-05-23 22:39:46.514 UTC: 	 Operating System: Red Hat Enterprise Linux 9.6 (Plow)
DEBUG 2025-05-23 22:39:46.514 UTC: 	 Executing command: 'status'
DEBUG 2025-05-23 22:39:46.514 UTC: 	 Found CRAB cache file /afs/cern.ch/user/a/amalhotr/.crab3
DEBUG 2025-05-23 22:39:46.563 UTC: 	 Checking credentials
DEBUG 2025-05-23 22:39:46.563 UTC: 	 Found proxy file /tmp/x509up_u180451
DEBUG 2025-05-23 22:39:46.563 UTC: 	 Making sure it has proper VOMS extension
DEBUG 2025-05-23 22:39:46.563 UTC: 	 Executing command :
 voms-proxy-info --vo --file /tmp/x509up_u180451
DEBUG 2025-05-23 22:39:46.907 UTC: 	 output : cms

 error: 
 retcode : 0
DEBUG 2025-05-23 22:39:46.908 UTC: 	 Getting proxy life time left
DEBUG 2025-05-23 22:39:46.908 UTC: 	 Executing command :
 voms-proxy-info --actimeleft --timeleft --file /tmp/x509up_u180451
DEBUG 2025-05-23 22:39:47.250 UTC: 	 output : 686466
686466

 error: 
 retcode : 0
DEBUG 2025-05-23 22:39:47.250 UTC: 	 Proxy valid for 190:41:06 hours
DEBUG 2025-05-23 22:39:47.250 UTC: 	 Encoded data for curl request: subresource=delegatedn
DEBUG 2025-05-23 22:39:47.300 UTC: 	 Registering user credentials on myproxy for /DC=ch/DC=cern/OU=computers/CN=crab-(preprod|prod)-tw(01|02).cern.ch|/DC=ch/DC=cern/OU=computers/CN=crab-dev-tw(01|02|03|04).cern.ch|/DC=ch/DC=cern/OU=Organic Units/OU=Users/CN=cmscrab/CN=(817881|373708)/CN=Robot: cms crab|/DC=ch/DC=cern/OU=Organic Units/OU=Users/CN=crabint1/CN=373708/CN=Robot: CMS CRAB Integration 1
DEBUG 2025-05-23 22:39:47.300 UTC: 	 Executing command :
 voms-proxy-info --identity --file /tmp/x509up_u180451
DEBUG 2025-05-23 22:39:47.631 UTC: 	 output : /DC=ch/DC=cern/OU=Organic Units/OU=Users/CN=amalhotr/CN=884837/CN=Aryan Malhotra

 error: 
 retcode : 0
DEBUG 2025-05-23 22:39:47.632 UTC: 	 Getting myproxy life time left for 2382a3cf28fdeacb1de9b039908761ea517a5ed6
DEBUG 2025-05-23 22:39:47.632 UTC: 	 Executing command :
 myproxy-info -s myproxy.cern.ch -l 2382a3cf28fdeacb1de9b039908761ea517a5ed6
DEBUG 2025-05-23 22:39:47.926 UTC: 	 output : username: 2382a3cf28fdeacb1de9b039908761ea517a5ed6
owner: /DC=ch/DC=cern/OU=Organic Units/OU=Users/CN=amalhotr/CN=884837/CN=Aryan Malhotra
  renewal policy: /DC=ch/DC=cern/OU=computers/CN=crab-(preprod|prod)-tw(01|02).cern.ch|/DC=ch/DC=cern/OU=computers/CN=crab-dev-tw(01|02|03|04).cern.ch|/DC=ch/DC=cern/OU=Organic Units/OU=Users/CN=cmscrab/CN=(817881|373708)/CN=Robot: cms crab|/DC=ch/DC=cern/OU=Organic Units/OU=Users/CN=crabint1/CN=373708/CN=Robot: CMS CRAB Integration 1
  trusted retrieval policy: /DC=ch/DC=cern/OU=computers/CN=crab-(preprod|prod)-tw(01|02).cern.ch|/DC=ch/DC=cern/OU=computers/CN=crab-dev-tw(01|02|03|04).cern.ch|/DC=ch/DC=cern/OU=Organic Units/OU=Users/CN=cmscrab/CN=(817881|373708)/CN=Robot: cms crab|/DC=ch/DC=cern/OU=Organic Units/OU=Users/CN=crabint1/CN=373708/CN=Robot: CMS CRAB Integration 1
  timeleft: 512:13:46  (21.3 days)

 error: 
 retcode : 0
DEBUG 2025-05-23 22:39:47.926 UTC: 	 Myproxy is valid: 1843980
DEBUG 2025-05-23 22:39:47.927 UTC: 	 Result of myproxy credential check:
  Credential exists on myproxy: username: 2382a3cf28fdeacb1de9b039908761ea517a5ed6  - validity: 21 days, 8:13:00
DEBUG 2025-05-23 22:39:47.927 UTC: 	 Retrieving username ...
DEBUG 2025-05-23 22:39:47.927 UTC: 	 Retrieving username from CRIC...
DEBUG 2025-05-23 22:39:48.656 UTC: 	 username is amalhotr
INFO 2025-05-23 22:39:49.153 UTC: 	 Rucio client intialized for account amalhotr
DEBUG 2025-05-23 22:39:49.154 UTC: 	 Command use: status
DEBUG 2025-05-23 22:39:49.154 UTC: 	 Options use: ['-d', './crab_RealData_noLFNDirectory_All_EventAwareLumiBased_100_v1']
DEBUG 2025-05-23 22:39:49.154 UTC: 	 Encoded data for curl request: subresource=version
DEBUG 2025-05-23 22:39:49.191 UTC: 	 CRABClient version: v3.250409
DEBUG 2025-05-23 22:39:49.191 UTC: 	 Instance is prod
DEBUG 2025-05-23 22:39:49.191 UTC: 	 Server base url is cmsweb.cern.ch
DEBUG 2025-05-23 22:39:49.191 UTC: 	 Command api workflow
DEBUG 2025-05-23 22:39:49.192 UTC: 	 Encoded data for curl request: subresource=search&workflow=250523_223824%3Aamalhotr_crab_RealData_noLFNDirectory_All_EventAwareLumiBased_100_v1
DEBUG 2025-05-23 22:39:49.240 UTC: 	 Got information from server oracle database: {'desc': {'columns': ['tm_taskname', 'tm_activity', 'tm_task_status', 'tm_task_command', 'tm_start_time', 'tm_start_injection', 'tm_end_injection', 'tm_task_failure', 'tm_job_sw', 'tm_job_arch', 'tm_input_dataset', 'tm_nonvalid_input_dataset', 'tm_use_parent', 'tm_site_whitelist', 'tm_site_blacklist', 'tm_split_algo', 'tm_split_args', 'tm_user_sandbox', 'tm_cache_url', 'tm_username', 'tm_user_dn', 'tm_user_vo', 'tm_user_role', 'tm_user_group', 'tm_publish_name', 'tm_publish_groupname', 'tm_asyncdest', 'tm_dbs_url', 'tm_publish_dbs_url', 'tm_publication', 'tm_outfiles', 'tm_tfile_outfiles', 'tm_edm_outfiles', 'tm_job_type', 'tm_generator', 'tm_events_per_lumi', 'tm_arguments', 'tm_save_logs', 'tw_name', 'tm_user_infiles', 'tm_maxjobruntime', 'tm_numcores', 'tm_maxmemory', 'tm_priority', 'tm_output_dataset', 'tm_task_warnings', 'tm_user_webdir', 'tm_scriptexe', 'tm_scriptargs', 'tm_extrajdl', 'tm_collector', 'tm_schedd', 'tm_dry_run', 'tm_user_files', 'tm_transfer_outputs', 'tm_output_lfn', 'tm_ignore_locality', 'tm_fail_limit', 'tm_one_event_mode', 'tm_secondary_input_dataset', 'tm_primary_dataset', 'tm_last_publication', 'tm_debug_files', 'clusterid', 'tm_ignore_global_blacklist', 'tm_submitter_ip_addr', 'tm_totalunits', 'tm_ddm_reqid', 'tm_user_config', 'tm_transfer_container', 'tm_transfer_rule', 'tm_publish_rule', 'tm_multipub_rule', 'tm_job_min_microarch', 'tm_dagman_status', 'tm_num_jobs', 'tm_uploaded']}, 'result': ['250523_223824:amalhotr_crab_RealData_noLFNDirectory_All_EventAwareLumiBased_100_v1', 'None', 'QUEUED', 'SUBMIT', '2025-05-23 22:38:24.618650', 'None', 'None', 'None', 'CMSSW_14_0_18_patch1', 'el9_amd64_gcc12', '/ScoutingPFRun3/Run2024H-v1/HLTSCOUT', 'T', '0', '[]', '[]', 'EventAwareLumiBased', "{'halt_job_on_file_boundaries': False, 'splitOnRun': False, 'events_per_job': 2, 'runs': [], 'lumis': []}", 'da0c6ed05f4f5acd581d00cf1336857c4dd975fca8ad3fd0ac7ac4cdf965270b.tar.gz', 'https://cmsweb.cern.ch/S3/crabcache_prod', 'amalhotr', '/DC=ch/DC=cern/OU=Organic Units/OU=Users/CN=amalhotr/CN=884837/CN=Aryan Malhotra', 'cms', 'None', 'None', 'RealData_noLFNDirectory_All_EventAwareLumiBased_100_v1-00000000000000000000000000000000', 'F', 'T3_CH_CERNBOX', 'https://cmsweb.cern.ch/dbs/prod/global/DBSReader', 'https://cmsweb.cern.ch/dbs/prod/phys03/DBSWriter', 'F', '[]', "['DY2M_ScoutingTree_Output_Renewed.root']", '[]', 'Analysis', 'pythia', 'None', '{}', 'T', 'crab-prod-tw01', '[]', '2000', '1', '2500', '10', 'None', '[]', 'None', 'None', '[]', '[]', 'cmsgwms-collector-global.cern.ch:9620,cmsgwms-collector-global.fnal.gov:9620', 'None', 'F', '[]', 'T', '/store/user/amalhotr/', 'F', 'None', 'F', 'None', 'ScoutingPFRun3', 'None', '3e13a00c256171cca0ae0e0dd5ed5649ee0fb10bc2bd5625e4b7b59467c15faa.tar.gz', 'None', 'F', '188.185.89.202', '0.0', 'None', '{"partialdataset": false, "requireaccelerator": false, "acceleratorparams": null, "inputblocks": null}', 'None', 'None', 'None', 'None', 'any', 'NOT_READY', '0', 'F']}
INFO 2025-05-23 22:39:49.240 UTC: 	 CRAB project directory:		/afs/cern.ch/user/a/amalhotr/CMSSW_14_0_18_patch1/src/Run3ScoutingAnalysisTools/crab_RealData_noLFNDirectory_All_EventAwareLumiBased_100_v1
INFO 2025-05-23 22:39:49.241 UTC: 	 Task name:			250523_223824:amalhotr_crab_RealData_noLFNDirectory_All_EventAwareLumiBased_100_v1
INFO 2025-05-23 22:39:49.241 UTC: 	 Grid scheduler - Task Worker:	N/A yet - crab-prod-tw01
INFO 2025-05-23 22:39:49.241 UTC: 	 Status on the CRAB server:	QUEUED on command SUBMIT
INFO 2025-05-23 22:39:49.241 UTC: 	 Task URL to use for HELP:	https://cmsweb.cern.ch/crabserver/ui/task/250523_223824%3Aamalhotr_crab_RealData_noLFNDirectory_All_EventAwareLumiBased_100_v1
INFO 2025-05-23 22:39:49.246 UTC: 	 Dashboard monitoring URL:	https://monit-grafana.cern.ch/d/cmsTMDetail/cms-task-monitoring-task-view?orgId=11&var-user=amalhotr&var-task=250523_223824%3Aamalhotr_crab_RealData_noLFNDirectory_All_EventAwareLumiBased_100_v1&from=1748036304000&to=now
DEBUG 2025-05-23 22:39:49.246 UTC: 	 The task has not been submitted to the Grid scheduler yet. Not printing job information.
INFO 2025-05-23 22:39:49.247 UTC: 	 Log file is /afs/cern.ch/user/a/amalhotr/CMSSW_14_0_18_patch1/src/Run3ScoutingAnalysisTools/crab_RealData_noLFNDirectory_All_EventAwareLumiBased_100_v1/crab.log
DEBUG 2025-05-23 22:40:10.401 UTC: 	 CRAB Client version: v3.250409
DEBUG 2025-05-23 22:40:10.401 UTC: 	 Running on: Linux lxplus978.cern.ch 5.14.0-503.34.1.el9_5.x86_64 #1 SMP PREEMPT_DYNAMIC Mon Mar 17 21:49:47 EDT 2025 x86_64 x86_64 x86_64 GNU/Linux
DEBUG 2025-05-23 22:40:10.401 UTC: 	 Not using Singularity
DEBUG 2025-05-23 22:40:10.401 UTC: 	 Operating System: Red Hat Enterprise Linux 9.6 (Plow)
DEBUG 2025-05-23 22:40:10.402 UTC: 	 Executing command: 'status'
DEBUG 2025-05-23 22:40:10.402 UTC: 	 Found CRAB cache file /afs/cern.ch/user/a/amalhotr/.crab3
DEBUG 2025-05-23 22:40:10.411 UTC: 	 Checking credentials
DEBUG 2025-05-23 22:40:10.411 UTC: 	 Found proxy file /tmp/x509up_u180451
DEBUG 2025-05-23 22:40:10.411 UTC: 	 Making sure it has proper VOMS extension
DEBUG 2025-05-23 22:40:10.411 UTC: 	 Executing command :
 voms-proxy-info --vo --file /tmp/x509up_u180451
DEBUG 2025-05-23 22:40:10.784 UTC: 	 output : cms

 error: 
 retcode : 0
DEBUG 2025-05-23 22:40:10.784 UTC: 	 Getting proxy life time left
DEBUG 2025-05-23 22:40:10.784 UTC: 	 Executing command :
 voms-proxy-info --actimeleft --timeleft --file /tmp/x509up_u180451
DEBUG 2025-05-23 22:40:11.167 UTC: 	 output : 686442
686442

 error: 
 retcode : 0
DEBUG 2025-05-23 22:40:11.167 UTC: 	 Proxy valid for 190:40:42 hours
DEBUG 2025-05-23 22:40:11.167 UTC: 	 Encoded data for curl request: subresource=delegatedn
DEBUG 2025-05-23 22:40:11.203 UTC: 	 Registering user credentials on myproxy for /DC=ch/DC=cern/OU=computers/CN=crab-(preprod|prod)-tw(01|02).cern.ch|/DC=ch/DC=cern/OU=computers/CN=crab-dev-tw(01|02|03|04).cern.ch|/DC=ch/DC=cern/OU=Organic Units/OU=Users/CN=cmscrab/CN=(817881|373708)/CN=Robot: cms crab|/DC=ch/DC=cern/OU=Organic Units/OU=Users/CN=crabint1/CN=373708/CN=Robot: CMS CRAB Integration 1
DEBUG 2025-05-23 22:40:11.203 UTC: 	 Executing command :
 voms-proxy-info --identity --file /tmp/x509up_u180451
DEBUG 2025-05-23 22:40:11.530 UTC: 	 output : /DC=ch/DC=cern/OU=Organic Units/OU=Users/CN=amalhotr/CN=884837/CN=Aryan Malhotra

 error: 
 retcode : 0
DEBUG 2025-05-23 22:40:11.531 UTC: 	 Getting myproxy life time left for 2382a3cf28fdeacb1de9b039908761ea517a5ed6
DEBUG 2025-05-23 22:40:11.531 UTC: 	 Executing command :
 myproxy-info -s myproxy.cern.ch -l 2382a3cf28fdeacb1de9b039908761ea517a5ed6
DEBUG 2025-05-23 22:40:11.814 UTC: 	 output : username: 2382a3cf28fdeacb1de9b039908761ea517a5ed6
owner: /DC=ch/DC=cern/OU=Organic Units/OU=Users/CN=amalhotr/CN=884837/CN=Aryan Malhotra
  renewal policy: /DC=ch/DC=cern/OU=computers/CN=crab-(preprod|prod)-tw(01|02).cern.ch|/DC=ch/DC=cern/OU=computers/CN=crab-dev-tw(01|02|03|04).cern.ch|/DC=ch/DC=cern/OU=Organic Units/OU=Users/CN=cmscrab/CN=(817881|373708)/CN=Robot: cms crab|/DC=ch/DC=cern/OU=Organic Units/OU=Users/CN=crabint1/CN=373708/CN=Robot: CMS CRAB Integration 1
  trusted retrieval policy: /DC=ch/DC=cern/OU=computers/CN=crab-(preprod|prod)-tw(01|02).cern.ch|/DC=ch/DC=cern/OU=computers/CN=crab-dev-tw(01|02|03|04).cern.ch|/DC=ch/DC=cern/OU=Organic Units/OU=Users/CN=cmscrab/CN=(817881|373708)/CN=Robot: cms crab|/DC=ch/DC=cern/OU=Organic Units/OU=Users/CN=crabint1/CN=373708/CN=Robot: CMS CRAB Integration 1
  timeleft: 512:13:22  (21.3 days)

 error: 
 retcode : 0
DEBUG 2025-05-23 22:40:11.814 UTC: 	 Myproxy is valid: 1843980
DEBUG 2025-05-23 22:40:11.814 UTC: 	 Result of myproxy credential check:
  Credential exists on myproxy: username: 2382a3cf28fdeacb1de9b039908761ea517a5ed6  - validity: 21 days, 8:13:00
DEBUG 2025-05-23 22:40:11.814 UTC: 	 Retrieving username ...
DEBUG 2025-05-23 22:40:11.814 UTC: 	 Retrieving username from CRIC...
DEBUG 2025-05-23 22:40:12.651 UTC: 	 username is amalhotr
INFO 2025-05-23 22:40:13.203 UTC: 	 Rucio client intialized for account amalhotr
DEBUG 2025-05-23 22:40:13.204 UTC: 	 Command use: status
DEBUG 2025-05-23 22:40:13.204 UTC: 	 Options use: ['-d', './crab_RealData_noLFNDirectory_All_EventAwareLumiBased_100_v1']
DEBUG 2025-05-23 22:40:13.204 UTC: 	 Encoded data for curl request: subresource=version
DEBUG 2025-05-23 22:40:13.242 UTC: 	 CRABClient version: v3.250409
DEBUG 2025-05-23 22:40:13.242 UTC: 	 Instance is prod
DEBUG 2025-05-23 22:40:13.242 UTC: 	 Server base url is cmsweb.cern.ch
DEBUG 2025-05-23 22:40:13.242 UTC: 	 Command api workflow
DEBUG 2025-05-23 22:40:13.242 UTC: 	 Encoded data for curl request: subresource=search&workflow=250523_223824%3Aamalhotr_crab_RealData_noLFNDirectory_All_EventAwareLumiBased_100_v1
DEBUG 2025-05-23 22:40:13.289 UTC: 	 Got information from server oracle database: {'desc': {'columns': ['tm_taskname', 'tm_activity', 'tm_task_status', 'tm_task_command', 'tm_start_time', 'tm_start_injection', 'tm_end_injection', 'tm_task_failure', 'tm_job_sw', 'tm_job_arch', 'tm_input_dataset', 'tm_nonvalid_input_dataset', 'tm_use_parent', 'tm_site_whitelist', 'tm_site_blacklist', 'tm_split_algo', 'tm_split_args', 'tm_user_sandbox', 'tm_cache_url', 'tm_username', 'tm_user_dn', 'tm_user_vo', 'tm_user_role', 'tm_user_group', 'tm_publish_name', 'tm_publish_groupname', 'tm_asyncdest', 'tm_dbs_url', 'tm_publish_dbs_url', 'tm_publication', 'tm_outfiles', 'tm_tfile_outfiles', 'tm_edm_outfiles', 'tm_job_type', 'tm_generator', 'tm_events_per_lumi', 'tm_arguments', 'tm_save_logs', 'tw_name', 'tm_user_infiles', 'tm_maxjobruntime', 'tm_numcores', 'tm_maxmemory', 'tm_priority', 'tm_output_dataset', 'tm_task_warnings', 'tm_user_webdir', 'tm_scriptexe', 'tm_scriptargs', 'tm_extrajdl', 'tm_collector', 'tm_schedd', 'tm_dry_run', 'tm_user_files', 'tm_transfer_outputs', 'tm_output_lfn', 'tm_ignore_locality', 'tm_fail_limit', 'tm_one_event_mode', 'tm_secondary_input_dataset', 'tm_primary_dataset', 'tm_last_publication', 'tm_debug_files', 'clusterid', 'tm_ignore_global_blacklist', 'tm_submitter_ip_addr', 'tm_totalunits', 'tm_ddm_reqid', 'tm_user_config', 'tm_transfer_container', 'tm_transfer_rule', 'tm_publish_rule', 'tm_multipub_rule', 'tm_job_min_microarch', 'tm_dagman_status', 'tm_num_jobs', 'tm_uploaded']}, 'result': ['250523_223824:amalhotr_crab_RealData_noLFNDirectory_All_EventAwareLumiBased_100_v1', 'None', 'SUBMITREFUSED', 'SUBMIT', '2025-05-23 22:38:24.618650', 'None', 'None', 'None', 'CMSSW_14_0_18_patch1', 'el9_amd64_gcc12', '/ScoutingPFRun3/Run2024H-v1/HLTSCOUT', 'T', '0', '[]', '[]', 'EventAwareLumiBased', "{'halt_job_on_file_boundaries': False, 'splitOnRun': False, 'events_per_job': 2, 'runs': [], 'lumis': []}", 'da0c6ed05f4f5acd581d00cf1336857c4dd975fca8ad3fd0ac7ac4cdf965270b.tar.gz', 'https://cmsweb.cern.ch/S3/crabcache_prod', 'amalhotr', '/DC=ch/DC=cern/OU=Organic Units/OU=Users/CN=amalhotr/CN=884837/CN=Aryan Malhotra', 'cms', 'None', 'None', 'RealData_noLFNDirectory_All_EventAwareLumiBased_100_v1-00000000000000000000000000000000', 'F', 'T3_CH_CERNBOX', 'https://cmsweb.cern.ch/dbs/prod/global/DBSReader', 'https://cmsweb.cern.ch/dbs/prod/phys03/DBSWriter', 'F', '[]', "['DY2M_ScoutingTree_Output_Renewed.root']", '[]', 'Analysis', 'pythia', 'None', '{}', 'T', 'crab-prod-tw01', '[]', '2000', '1', '2500', '10', 'None', "['The splitting on your task generated 16075 jobs. The maximum number of jobs in each task is 10000']", 'None', 'None', '[]', '[]', 'cmsgwms-collector-global.cern.ch:9620,cmsgwms-collector-global.fnal.gov:9620', 'None', 'F', '[]', 'T', '/store/user/amalhotr/', 'F', 'None', 'F', 'None', 'ScoutingPFRun3', 'None', '3e13a00c256171cca0ae0e0dd5ed5649ee0fb10bc2bd5625e4b7b59467c15faa.tar.gz', 'None', 'F', '188.185.89.202', '0.0', 'None', '{"partialdataset": false, "requireaccelerator": false, "acceleratorparams": null, "inputblocks": null}', 'None', 'None', 'None', 'None', 'any', 'NOT_READY', '0', 'F']}
INFO 2025-05-23 22:40:13.289 UTC: 	 CRAB project directory:		/afs/cern.ch/user/a/amalhotr/CMSSW_14_0_18_patch1/src/Run3ScoutingAnalysisTools/crab_RealData_noLFNDirectory_All_EventAwareLumiBased_100_v1
INFO 2025-05-23 22:40:13.289 UTC: 	 Task name:			250523_223824:amalhotr_crab_RealData_noLFNDirectory_All_EventAwareLumiBased_100_v1
INFO 2025-05-23 22:40:13.289 UTC: 	 Grid scheduler - Task Worker:	N/A yet - crab-prod-tw01
INFO 2025-05-23 22:40:13.290 UTC: 	 Status on the CRAB server:	SUBMITREFUSED
INFO 2025-05-23 22:40:13.290 UTC: 	 Task URL to use for HELP:	https://cmsweb.cern.ch/crabserver/ui/task/250523_223824%3Aamalhotr_crab_RealData_noLFNDirectory_All_EventAwareLumiBased_100_v1
INFO 2025-05-23 22:40:13.296 UTC: 	 Dashboard monitoring URL:	https://monit-grafana.cern.ch/d/cmsTMDetail/cms-task-monitoring-task-view?orgId=11&var-user=amalhotr&var-task=250523_223824%3Aamalhotr_crab_RealData_noLFNDirectory_All_EventAwareLumiBased_100_v1&from=1748036304000&to=now
WARNING 2025-05-23 22:40:13.296 UTC: 	 Warning:			The splitting on your task generated 16075 jobs. The maximum number of jobs in each task is 10000
DEBUG 2025-05-23 22:40:13.296 UTC: 	 The task has not been submitted to the Grid scheduler yet. Not printing job information.
INFO 2025-05-23 22:40:13.298 UTC: 	 Log file is /afs/cern.ch/user/a/amalhotr/CMSSW_14_0_18_patch1/src/Run3ScoutingAnalysisTools/crab_RealData_noLFNDirectory_All_EventAwareLumiBased_100_v1/crab.log
DEBUG 2025-06-25 18:14:45.749 UTC: 	 CRAB Client version: v3.250522
DEBUG 2025-06-25 18:14:45.749 UTC: 	 Running on: Linux lxplus909.cern.ch 5.14.0-503.40.1.el9_5.x86_64 #1 SMP PREEMPT_DYNAMIC Thu Apr 24 08:27:29 EDT 2025 x86_64 x86_64 x86_64 GNU/Linux
DEBUG 2025-06-25 18:14:45.749 UTC: 	 Not using Singularity
DEBUG 2025-06-25 18:14:45.749 UTC: 	 Operating System: Red Hat Enterprise Linux 9.6 (Plow)
DEBUG 2025-06-25 18:14:45.749 UTC: 	 Executing command: 'status'
DEBUG 2025-06-25 18:14:45.749 UTC: 	 Found CRAB cache file /afs/cern.ch/user/a/amalhotr/.crab3
DEBUG 2025-06-25 18:14:45.774 UTC: 	 Checking credentials
DEBUG 2025-06-25 18:14:45.774 UTC: 	 Found proxy file /tmp/x509up_u180451
DEBUG 2025-06-25 18:14:45.774 UTC: 	 Making sure it has proper VOMS extension
DEBUG 2025-06-25 18:14:45.774 UTC: 	 Executing command :
 voms-proxy-info --vo --file /tmp/x509up_u180451
DEBUG 2025-06-25 18:14:46.211 UTC: 	 output : cms

 error: 
 retcode : 0
DEBUG 2025-06-25 18:14:46.211 UTC: 	 Getting proxy life time left
DEBUG 2025-06-25 18:14:46.211 UTC: 	 Executing command :
 voms-proxy-info --actimeleft --timeleft --file /tmp/x509up_u180451
DEBUG 2025-06-25 18:14:46.647 UTC: 	 output : 691161
691161

 error: 
 retcode : 0
DEBUG 2025-06-25 18:14:46.647 UTC: 	 Proxy valid for 191:59:21 hours
DEBUG 2025-06-25 18:14:46.647 UTC: 	 Encoded data for curl request: subresource=delegatedn
DEBUG 2025-06-25 18:14:46.767 UTC: 	 Registering user credentials on myproxy for /DC=ch/DC=cern/OU=computers/CN=crab-(preprod|prod)-tw(01|02).cern.ch|/DC=ch/DC=cern/OU=computers/CN=crab-dev-tw(01|02|03|04).cern.ch|/DC=ch/DC=cern/OU=Organic Units/OU=Users/CN=cmscrab/CN=(817881|373708)/CN=Robot: cms crab|/DC=ch/DC=cern/OU=Organic Units/OU=Users/CN=crabint1/CN=373708/CN=Robot: CMS CRAB Integration 1
DEBUG 2025-06-25 18:14:46.768 UTC: 	 Executing command :
 voms-proxy-info --identity --file /tmp/x509up_u180451
DEBUG 2025-06-25 18:14:47.171 UTC: 	 output : /DC=ch/DC=cern/OU=Organic Units/OU=Users/CN=amalhotr/CN=884837/CN=Aryan Malhotra

 error: 
 retcode : 0
DEBUG 2025-06-25 18:14:47.172 UTC: 	 Getting myproxy life time left for 2382a3cf28fdeacb1de9b039908761ea517a5ed6
DEBUG 2025-06-25 18:14:47.172 UTC: 	 Executing command :
 myproxy-info -s myproxy.cern.ch -l 2382a3cf28fdeacb1de9b039908761ea517a5ed6
DEBUG 2025-06-25 18:14:47.489 UTC: 	 output : username: 2382a3cf28fdeacb1de9b039908761ea517a5ed6
owner: /DC=ch/DC=cern/OU=Organic Units/OU=Users/CN=amalhotr/CN=884837/CN=Aryan Malhotra
  renewal policy: /DC=ch/DC=cern/OU=computers/CN=crab-(preprod|prod)-tw(01|02).cern.ch|/DC=ch/DC=cern/OU=computers/CN=crab-dev-tw(01|02|03|04).cern.ch|/DC=ch/DC=cern/OU=Organic Units/OU=Users/CN=cmscrab/CN=(817881|373708)/CN=Robot: cms crab|/DC=ch/DC=cern/OU=Organic Units/OU=Users/CN=crabint1/CN=373708/CN=Robot: CMS CRAB Integration 1
  trusted retrieval policy: /DC=ch/DC=cern/OU=computers/CN=crab-(preprod|prod)-tw(01|02).cern.ch|/DC=ch/DC=cern/OU=computers/CN=crab-dev-tw(01|02|03|04).cern.ch|/DC=ch/DC=cern/OU=Organic Units/OU=Users/CN=cmscrab/CN=(817881|373708)/CN=Robot: cms crab|/DC=ch/DC=cern/OU=Organic Units/OU=Users/CN=crabint1/CN=373708/CN=Robot: CMS CRAB Integration 1
  timeleft: 0:00:00

 error: 
 retcode : 0
DEBUG 2025-06-25 18:14:47.489 UTC: 	 Myproxy is valid: 0
DEBUG 2025-06-25 18:14:47.489 UTC: 	 Executing command :
 openssl x509 -noout -dates -in ~/.globus/usercert.pem
DEBUG 2025-06-25 18:14:47.519 UTC: 	 output : notBefore=Dec 27 04:31:14 2024 GMT
notAfter=Jan 31 04:31:14 2026 GMT

 error: 
 retcode : 0
DEBUG 2025-06-25 18:14:47.529 UTC: 	 Delegating a myproxy for 720:00 hours
DEBUG 2025-06-25 18:14:47.529 UTC: 	 Executing command :
 export GT_PROXY_MODE=rfc ; myproxy-init -d -n -s myproxy.cern.ch -C ~/.globus/usercert.pem -y ~/.globus/userkey.pem -x -R '/DC=ch/DC=cern/OU=computers/CN=crab-(preprod|prod)-tw(01|02).cern.ch|/DC=ch/DC=cern/OU=computers/CN=crab-dev-tw(01|02|03|04).cern.ch|/DC=ch/DC=cern/OU=Organic Units/OU=Users/CN=cmscrab/CN=(817881|373708)/CN=Robot: cms crab|/DC=ch/DC=cern/OU=Organic Units/OU=Users/CN=crabint1/CN=373708/CN=Robot: CMS CRAB Integration 1' -x -Z '/DC=ch/DC=cern/OU=computers/CN=crab-(preprod|prod)-tw(01|02).cern.ch|/DC=ch/DC=cern/OU=computers/CN=crab-dev-tw(01|02|03|04).cern.ch|/DC=ch/DC=cern/OU=Organic Units/OU=Users/CN=cmscrab/CN=(817881|373708)/CN=Robot: cms crab|/DC=ch/DC=cern/OU=Organic Units/OU=Users/CN=crabint1/CN=373708/CN=Robot: CMS CRAB Integration 1' -l 2382a3cf28fdeacb1de9b039908761ea517a5ed6 -t 168 -c 720:00
DEBUG 2025-06-25 18:14:53.083 UTC: 	 output : Your identity: /DC=ch/DC=cern/OU=Organic Units/OU=Users/CN=amalhotr/CN=884837/CN=Aryan Malhotra
Creating proxy .............................................................................................................................................................................................................................................................................................................................................................................................................................................................................................................................................................................................................................................................................................................................................................................. Done
Proxy Verify OK
Your proxy is valid until: Fri Jul 25 20:14:52 2025
A proxy valid for 720 hours (30.0 days) for user 2382a3cf28fdeacb1de9b039908761ea517a5ed6 now exists on myproxy.cern.ch.

 error: 
 retcode : 0
DEBUG 2025-06-25 18:14:53.083 UTC: 	 Executing command :
 myproxy-info -s myproxy.cern.ch -l 2382a3cf28fdeacb1de9b039908761ea517a5ed6
DEBUG 2025-06-25 18:14:53.390 UTC: 	 output : username: 2382a3cf28fdeacb1de9b039908761ea517a5ed6
owner: /DC=ch/DC=cern/OU=Organic Units/OU=Users/CN=amalhotr/CN=884837/CN=Aryan Malhotra
  renewal policy: /DC=ch/DC=cern/OU=computers/CN=crab-(preprod|prod)-tw(01|02).cern.ch|/DC=ch/DC=cern/OU=computers/CN=crab-dev-tw(01|02|03|04).cern.ch|/DC=ch/DC=cern/OU=Organic Units/OU=Users/CN=cmscrab/CN=(817881|373708)/CN=Robot: cms crab|/DC=ch/DC=cern/OU=Organic Units/OU=Users/CN=crabint1/CN=373708/CN=Robot: CMS CRAB Integration 1
  trusted retrieval policy: /DC=ch/DC=cern/OU=computers/CN=crab-(preprod|prod)-tw(01|02).cern.ch|/DC=ch/DC=cern/OU=computers/CN=crab-dev-tw(01|02|03|04).cern.ch|/DC=ch/DC=cern/OU=Organic Units/OU=Users/CN=cmscrab/CN=(817881|373708)/CN=Robot: cms crab|/DC=ch/DC=cern/OU=Organic Units/OU=Users/CN=crabint1/CN=373708/CN=Robot: CMS CRAB Integration 1
  timeleft: 719:59:59  (30.0 days)

 error: 
 retcode : 0
DEBUG 2025-06-25 18:14:53.390 UTC: 	 My-proxy delegated.
DEBUG 2025-06-25 18:14:53.390 UTC: 	 Result of myproxy credential check:
  Credential exists on myproxy: username: 2382a3cf28fdeacb1de9b039908761ea517a5ed6  - validity: 29 days, 23:59:00
DEBUG 2025-06-25 18:14:53.390 UTC: 	 Retrieving username ...
DEBUG 2025-06-25 18:14:53.390 UTC: 	 Retrieving username from CRIC...
DEBUG 2025-06-25 18:14:54.265 UTC: 	 username is amalhotr
INFO 2025-06-25 18:14:55.166 UTC: 	 Rucio client intialized for account amalhotr
DEBUG 2025-06-25 18:14:55.167 UTC: 	 Command use: status
DEBUG 2025-06-25 18:14:55.167 UTC: 	 Options use: []
DEBUG 2025-06-25 18:14:55.167 UTC: 	 Encoded data for curl request: subresource=version
DEBUG 2025-06-25 18:14:55.215 UTC: 	 CRABClient version: v3.250522
DEBUG 2025-06-25 18:14:55.215 UTC: 	 Instance is prod
DEBUG 2025-06-25 18:14:55.215 UTC: 	 Server base url is cmsweb.cern.ch
DEBUG 2025-06-25 18:14:55.215 UTC: 	 Command api workflow
DEBUG 2025-06-25 18:14:55.215 UTC: 	 Encoded data for curl request: subresource=search&workflow=250523_223824%3Aamalhotr_crab_RealData_noLFNDirectory_All_EventAwareLumiBased_100_v1
DEBUG 2025-06-25 18:14:55.420 UTC: 	 Got information from server oracle database: {'desc': {'columns': ['tm_taskname', 'tm_activity', 'tm_task_status', 'tm_task_command', 'tm_start_time', 'tm_start_injection', 'tm_end_injection', 'tm_task_failure', 'tm_job_sw', 'tm_job_arch', 'tm_input_dataset', 'tm_nonvalid_input_dataset', 'tm_use_parent', 'tm_site_whitelist', 'tm_site_blacklist', 'tm_split_algo', 'tm_split_args', 'tm_user_sandbox', 'tm_cache_url', 'tm_username', 'tm_user_dn', 'tm_user_vo', 'tm_user_role', 'tm_user_group', 'tm_publish_name', 'tm_publish_groupname', 'tm_asyncdest', 'tm_dbs_url', 'tm_publish_dbs_url', 'tm_publication', 'tm_outfiles', 'tm_tfile_outfiles', 'tm_edm_outfiles', 'tm_job_type', 'tm_generator', 'tm_events_per_lumi', 'tm_arguments', 'tm_save_logs', 'tw_name', 'tm_user_infiles', 'tm_maxjobruntime', 'tm_numcores', 'tm_maxmemory', 'tm_priority', 'tm_output_dataset', 'tm_task_warnings', 'tm_user_webdir', 'tm_scriptexe', 'tm_scriptargs', 'tm_extrajdl', 'tm_collector', 'tm_schedd', 'tm_dry_run', 'tm_user_files', 'tm_transfer_outputs', 'tm_output_lfn', 'tm_ignore_locality', 'tm_fail_limit', 'tm_one_event_mode', 'tm_secondary_input_dataset', 'tm_primary_dataset', 'tm_last_publication', 'tm_debug_files', 'clusterid', 'tm_ignore_global_blacklist', 'tm_submitter_ip_addr', 'tm_totalunits', 'tm_ddm_reqid', 'tm_user_config', 'tm_transfer_container', 'tm_transfer_rule', 'tm_publish_rule', 'tm_multipub_rule', 'tm_job_min_microarch', 'tm_dagman_status', 'tm_num_jobs', 'tm_uploaded']}, 'result': ['250523_223824:amalhotr_crab_RealData_noLFNDirectory_All_EventAwareLumiBased_100_v1', 'None', 'SUBMITREFUSED', 'SUBMIT', '2025-05-23 22:38:24.618650', 'None', 'None', 'None', 'CMSSW_14_0_18_patch1', 'el9_amd64_gcc12', '/ScoutingPFRun3/Run2024H-v1/HLTSCOUT', 'T', '0', '[]', '[]', 'EventAwareLumiBased', "{'halt_job_on_file_boundaries': False, 'splitOnRun': False, 'events_per_job': 2, 'runs': [], 'lumis': []}", 'da0c6ed05f4f5acd581d00cf1336857c4dd975fca8ad3fd0ac7ac4cdf965270b.tar.gz', 'https://cmsweb.cern.ch/S3/crabcache_prod', 'amalhotr', '/DC=ch/DC=cern/OU=Organic Units/OU=Users/CN=amalhotr/CN=884837/CN=Aryan Malhotra', 'cms', 'None', 'None', 'RealData_noLFNDirectory_All_EventAwareLumiBased_100_v1-00000000000000000000000000000000', 'F', 'T3_CH_CERNBOX', 'https://cmsweb.cern.ch/dbs/prod/global/DBSReader', 'https://cmsweb.cern.ch/dbs/prod/phys03/DBSWriter', 'F', '[]', "['DY2M_ScoutingTree_Output_Renewed.root']", '[]', 'Analysis', 'pythia', 'None', '{}', 'T', 'crab-prod-tw01', '[]', '2000', '1', '2500', '10', 'None', "['The splitting on your task generated 16075 jobs. The maximum number of jobs in each task is 10000']", 'None', 'None', '[]', '[]', 'cmsgwms-collector-global.cern.ch:9620,cmsgwms-collector-global.fnal.gov:9620', 'None', 'F', '[]', 'T', '/store/user/amalhotr/', 'F', 'None', 'F', 'None', 'ScoutingPFRun3', 'None', '3e13a00c256171cca0ae0e0dd5ed5649ee0fb10bc2bd5625e4b7b59467c15faa.tar.gz', 'None', 'F', '188.185.89.202', '0.0', 'None', '{"partialdataset": false, "requireaccelerator": false, "acceleratorparams": null, "inputblocks": null}', 'None', 'None', 'None', 'None', 'any', 'NOT_READY', '0', 'F']}
INFO 2025-06-25 18:14:55.420 UTC: 	 CRAB project directory:		/afs/cern.ch/user/a/amalhotr/CMSSW_14_0_18_patch1/src/Run3ScoutingAnalysisTools/crab_RealData_noLFNDirectory_All_EventAwareLumiBased_100_v1
INFO 2025-06-25 18:14:55.420 UTC: 	 Task name:			250523_223824:amalhotr_crab_RealData_noLFNDirectory_All_EventAwareLumiBased_100_v1
INFO 2025-06-25 18:14:55.420 UTC: 	 Grid scheduler - Task Worker:	N/A yet - crab-prod-tw01
INFO 2025-06-25 18:14:55.420 UTC: 	 Status on the CRAB server:	SUBMITREFUSED
INFO 2025-06-25 18:14:55.420 UTC: 	 Task URL to use for HELP:	https://cmsweb.cern.ch/crabserver/ui/task/250523_223824%3Aamalhotr_crab_RealData_noLFNDirectory_All_EventAwareLumiBased_100_v1
INFO 2025-06-25 18:14:55.421 UTC: 	 Dashboard monitoring URL:	https://monit-grafana.cern.ch/d/cmsTMDetail/cms-task-monitoring-task-view?orgId=11&var-user=amalhotr&var-task=250523_223824%3Aamalhotr_crab_RealData_noLFNDirectory_All_EventAwareLumiBased_100_v1&from=1748036304000&to=now
WARNING 2025-06-25 18:14:55.422 UTC: 	 Warning:			The splitting on your task generated 16075 jobs. The maximum number of jobs in each task is 10000
DEBUG 2025-06-25 18:14:55.422 UTC: 	 The task has not been submitted to the Grid scheduler yet. Not printing job information.
INFO 2025-06-25 18:14:55.439 UTC: 	 Log file is /afs/cern.ch/user/a/amalhotr/CMSSW_14_0_18_patch1/src/Run3ScoutingAnalysisTools/crab_RealData_noLFNDirectory_All_EventAwareLumiBased_100_v1/crab.log
DEBUG 2025-09-08 16:49:10.532 UTC: 	 CRAB Client version: v3.250820
DEBUG 2025-09-08 16:49:10.532 UTC: 	 Running on: Linux lxplus935.cern.ch 5.14.0-570.37.1.el9_6.x86_64 #1 SMP PREEMPT_DYNAMIC Sat Aug 16 01:10:00 EDT 2025 x86_64 x86_64 x86_64 GNU/Linux
DEBUG 2025-09-08 16:49:10.532 UTC: 	 Not using Singularity
DEBUG 2025-09-08 16:49:10.532 UTC: 	 Operating System: Red Hat Enterprise Linux 9.6 (Plow)
DEBUG 2025-09-08 16:49:10.532 UTC: 	 Executing command: 'kill'
DEBUG 2025-09-08 16:49:10.532 UTC: 	 Found CRAB cache file /afs/cern.ch/user/a/amalhotr/.crab3
DEBUG 2025-09-08 16:49:10.555 UTC: 	 Checking credentials
DEBUG 2025-09-08 16:49:10.556 UTC: 	 Found proxy file /tmp/x509up_u180451
DEBUG 2025-09-08 16:49:10.556 UTC: 	 Making sure it has proper VOMS extension
DEBUG 2025-09-08 16:49:10.556 UTC: 	 Executing command :
 voms-proxy-info --vo --file /tmp/x509up_u180451
DEBUG 2025-09-08 16:49:10.586 UTC: 	 output : cms

 error: 
 retcode : 0
DEBUG 2025-09-08 16:49:10.587 UTC: 	 Getting proxy life time left
DEBUG 2025-09-08 16:49:10.587 UTC: 	 Executing command :
 voms-proxy-info --actimeleft --timeleft --file /tmp/x509up_u180451
DEBUG 2025-09-08 16:49:10.615 UTC: 	 output : 690752
690752

 error: 
 retcode : 0
DEBUG 2025-09-08 16:49:10.615 UTC: 	 Proxy valid for 191:52:32 hours
DEBUG 2025-09-08 16:49:10.616 UTC: 	 Encoded data for curl request: subresource=delegatedn
DEBUG 2025-09-08 16:49:10.674 UTC: 	 Registering user credentials on myproxy for /DC=ch/DC=cern/OU=computers/CN=crab-(preprod|prod)-tw(01|02).cern.ch|/DC=ch/DC=cern/OU=computers/CN=crab-dev-tw(01|02|03|04).cern.ch|/DC=ch/DC=cern/OU=Organic Units/OU=Users/CN=cmscrab/CN=(817881|373708)/CN=Robot: cms crab|/DC=ch/DC=cern/OU=Organic Units/OU=Users/CN=crabint1/CN=373708/CN=Robot: CMS CRAB Integration 1
DEBUG 2025-09-08 16:49:10.674 UTC: 	 Executing command :
 voms-proxy-info --identity --file /tmp/x509up_u180451
DEBUG 2025-09-08 16:49:10.703 UTC: 	 output : /DC=ch/DC=cern/OU=Organic Units/OU=Users/CN=amalhotr/CN=884837/CN=Aryan Malhotra

 error: 
 retcode : 0
DEBUG 2025-09-08 16:49:10.703 UTC: 	 Getting myproxy life time left for 2382a3cf28fdeacb1de9b039908761ea517a5ed6
DEBUG 2025-09-08 16:49:10.703 UTC: 	 Executing command :
 myproxy-info -s myproxy.cern.ch -l 2382a3cf28fdeacb1de9b039908761ea517a5ed6
DEBUG 2025-09-08 16:49:10.981 UTC: 	 output : username: 2382a3cf28fdeacb1de9b039908761ea517a5ed6
owner: /DC=ch/DC=cern/OU=Organic Units/OU=Users/CN=amalhotr/CN=884837/CN=Aryan Malhotra
  renewal policy: /DC=ch/DC=cern/OU=computers/CN=crab-(preprod|prod)-tw(01|02).cern.ch|/DC=ch/DC=cern/OU=computers/CN=crab-dev-tw(01|02|03|04).cern.ch|/DC=ch/DC=cern/OU=Organic Units/OU=Users/CN=cmscrab/CN=(817881|373708)/CN=Robot: cms crab|/DC=ch/DC=cern/OU=Organic Units/OU=Users/CN=crabint1/CN=373708/CN=Robot: CMS CRAB Integration 1
  trusted retrieval policy: /DC=ch/DC=cern/OU=computers/CN=crab-(preprod|prod)-tw(01|02).cern.ch|/DC=ch/DC=cern/OU=computers/CN=crab-dev-tw(01|02|03|04).cern.ch|/DC=ch/DC=cern/OU=Organic Units/OU=Users/CN=cmscrab/CN=(817881|373708)/CN=Robot: cms crab|/DC=ch/DC=cern/OU=Organic Units/OU=Users/CN=crabint1/CN=373708/CN=Robot: CMS CRAB Integration 1
  timeleft: 719:55:33  (30.0 days)

 error: 
 retcode : 0
DEBUG 2025-09-08 16:49:10.981 UTC: 	 Myproxy is valid: 2591700
DEBUG 2025-09-08 16:49:10.981 UTC: 	 Result of myproxy credential check:
  Credential exists on myproxy: username: 2382a3cf28fdeacb1de9b039908761ea517a5ed6  - validity: 29 days, 23:55:00
DEBUG 2025-09-08 16:49:10.982 UTC: 	 Command use: kill
DEBUG 2025-09-08 16:49:10.982 UTC: 	 Options use: ['-d', 'crab_RealData_noLFNDirectory_All_EventAwareLumiBased_100_v1']
DEBUG 2025-09-08 16:49:10.982 UTC: 	 Encoded data for curl request: subresource=version
DEBUG 2025-09-08 16:49:11.030 UTC: 	 CRABClient version: v3.250820
DEBUG 2025-09-08 16:49:11.030 UTC: 	 Instance is prod
DEBUG 2025-09-08 16:49:11.030 UTC: 	 Server base url is cmsweb.cern.ch
DEBUG 2025-09-08 16:49:11.030 UTC: 	 Command api workflow
DEBUG 2025-09-08 16:49:11.030 UTC: 	 Killing task 250523_223824:amalhotr_crab_RealData_noLFNDirectory_All_EventAwareLumiBased_100_v1
DEBUG 2025-09-08 16:49:11.030 UTC: 	 Encoded data for curl request: workflow=250523_223824%3Aamalhotr_crab_RealData_noLFNDirectory_All_EventAwareLumiBased_100_v1
DEBUG 2025-09-08 16:49:11.080 UTC: 	 Sleeping 19 seconds after HTTP error.
Error:
:  % Total    % Received % Xferd  Average Speed   Time    Time     Time  Current
                                 Dload  Upload   Total   Spent    Left  Speed
  0     0    0     0    0     0      0      0 --:--:-- --:--:-- --:--:--     0*   Trying 188.184.75.82:8443...
* Connected to cmsweb.cern.ch (188.184.75.82) port 8443 (#0)
* ALPN, offering http/1.1
*  CAfile: /etc/pki/tls/certs/ca-bundle.crt
*  CApath: /etc/grid-security/certificates/
* TLSv1.0 (OUT), TLS header, Certificate Status (22):
} [5 bytes data]
* TLSv1.3 (OUT), TLS handshake, Client hello (1):
} [512 bytes data]
* TLSv1.2 (IN), TLS header, Certificate Status (22):
{ [5 bytes data]
* TLSv1.3 (IN), TLS handshake, Server hello (2):
{ [122 bytes data]
* TLSv1.2 (IN), TLS header, Finished (20):
{ [5 bytes data]
* TLSv1.2 (IN), TLS header, Supplemental data (23):
{ [5 bytes data]
* TLSv1.3 (IN), TLS handshake, Encrypted Extensions (8):
{ [21 bytes data]
* TLSv1.2 (IN), TLS header, Supplemental data (23):
{ [5 bytes data]
* TLSv1.3 (IN), TLS handshake, Request CERT (13):
{ [7998 bytes data]
* TLSv1.2 (IN), TLS header, Supplemental data (23):
{ [5 bytes data]
* TLSv1.3 (IN), TLS handshake, Certificate (11):
{ [2064 bytes data]
* TLSv1.2 (IN), TLS header, Supplemental data (23):
{ [5 bytes data]
* TLSv1.3 (IN), TLS handshake, CERT verify (15):
{ [264 bytes data]
* TLSv1.2 (IN), TLS header, Supplemental data (23):
{ [5 bytes data]
* TLSv1.3 (IN), TLS handshake, Finished (20):
{ [36 bytes data]
* TLSv1.2 (OUT), TLS header, Finished (20):
} [5 bytes data]
* TLSv1.3 (OUT), TLS change cipher, Change cipher spec (1):
} [1 bytes data]
* TLSv1.2 (OUT), TLS header, Supplemental data (23):
} [5 bytes data]
* TLSv1.3 (OUT), TLS handshake, Certificate (11):
} [6318 bytes data]
* TLSv1.2 (OUT), TLS header, Supplemental data (23):
} [5 bytes data]
* TLSv1.3 (OUT), TLS handshake, CERT verify (15):
} [264 bytes data]
* TLSv1.2 (OUT), TLS header, Supplemental data (23):
} [5 bytes data]
* TLSv1.3 (OUT), TLS handshake, Finished (20):
} [36 bytes data]
* SSL connection using TLSv1.3 / TLS_AES_128_GCM_SHA256
* ALPN, server accepted to use http/1.1
* Server certificate:
*  subject: DC=ch; DC=cern; OU=computers; CN=cmsweb.cern.ch
*  start date: May  6 09:49:35 2025 GMT
*  expire date: Jun 10 09:49:35 2026 GMT
*  subjectAltName: host "cmsweb.cern.ch" matched cert's "cmsweb.cern.ch"
*  issuer: DC=ch; DC=cern; CN=CERN Grid Certification Authority
*  SSL certificate verify ok.
* TLSv1.2 (OUT), TLS header, Supplemental data (23):
} [5 bytes data]
> DELETE /crabserver/prod/workflow HTTP/1.1
> Host: cmsweb.cern.ch:8443
> User-Agent: CRABClient/v3.250820
> Accept: */*
> Content-Length: 93
> Content-Type: application/x-www-form-urlencoded
> 
} [93 bytes data]
* TLSv1.2 (IN), TLS header, Supplemental data (23):
{ [5 bytes data]
* TLSv1.3 (IN), TLS handshake, Newsession Ticket (4):
{ [6432 bytes data]
* TLSv1.2 (IN), TLS header, Supplemental data (23):
{ [5 bytes data]
* Mark bundle as not supporting multiuse
< HTTP/1.1 400 Bad Request
< Content-Length: 735
< Content-Type: text/html;charset=utf-8
< Date: Mon, 08 Sep 2025 16:49:11 GMT
< Response-Proto: HTTP/1.1
< Response-Status: 400 Bad Request
< Response-Status-Code: 400
< Response-Time: 12.030577ms
< Response-Time-Seconds: 0.012031191
< X-Content-Type-Options: bla
< X-Error-Detail: This request are invalid.
< X-Error-Http: 400
< X-Error-Id: 7ad871e9b45c5b4e06c757102f3afa73
< X-Rest-Status: 40001
< X-Rest-Time: 9176.254 us
< 
{ [725 bytes data]
* TLSv1.2 (IN), TLS header, Supplemental data (23):
{ [5 bytes data]
100   828  100   735  100    93  23076   2919 --:--:-- --:--:-- --:--:-- 26709
* Connection #0 to host cmsweb.cern.ch left intact
<!DOCTYPE html PUBLIC
"-//W3C//DTD XHTML 1.0 Transitional//EN"
"http://www.w3.org/TR/xhtml1/DTD/xhtml1-transitional.dtd">
<html>
<head>
    <meta http-equiv="Content-Type" content="text/html; charset=utf-8"></meta>
    <title>400 Bad Request</title>
    <style type="text/css">
    #powered_by {
        margin-top: 20px;
        border-top: 2px solid black;
        font-style: italic;
    }

    #traceback {
        color: red;
    }
    </style>
</head>
    <body>
        <h2>400 Bad Request</h2>
        <p>This request are invalid.</p>
        <pre id="traceback"></pre>
    <div id="powered_by">
      <span>
        Powered by <a href="http://www.cherrypy.dev">CherryPy 18.8.0</a>
      </span>
    </div>
    </body>
</html>

DEBUG 2025-09-08 16:49:11.130 UTC: 	 Sleeping 36 seconds after HTTP error.
Error:
:  % Total    % Received % Xferd  Average Speed   Time    Time     Time  Current
                                 Dload  Upload   Total   Spent    Left  Speed
  0     0    0     0    0     0      0      0 --:--:-- --:--:-- --:--:--     0*   Trying 188.184.73.32:8443...
* Connected to cmsweb.cern.ch (188.184.73.32) port 8443 (#0)
* ALPN, offering http/1.1
*  CAfile: /etc/pki/tls/certs/ca-bundle.crt
*  CApath: /etc/grid-security/certificates/
* TLSv1.0 (OUT), TLS header, Certificate Status (22):
} [5 bytes data]
* TLSv1.3 (OUT), TLS handshake, Client hello (1):
} [512 bytes data]
* TLSv1.2 (IN), TLS header, Certificate Status (22):
{ [5 bytes data]
* TLSv1.3 (IN), TLS handshake, Server hello (2):
{ [122 bytes data]
* TLSv1.2 (IN), TLS header, Finished (20):
{ [5 bytes data]
* TLSv1.2 (IN), TLS header, Supplemental data (23):
{ [5 bytes data]
* TLSv1.3 (IN), TLS handshake, Encrypted Extensions (8):
{ [21 bytes data]
* TLSv1.2 (IN), TLS header, Supplemental data (23):
{ [5 bytes data]
* TLSv1.3 (IN), TLS handshake, Request CERT (13):
{ [7998 bytes data]
* TLSv1.2 (IN), TLS header, Supplemental data (23):
{ [5 bytes data]
* TLSv1.3 (IN), TLS handshake, Certificate (11):
{ [2064 bytes data]
* TLSv1.2 (IN), TLS header, Supplemental data (23):
{ [5 bytes data]
* TLSv1.3 (IN), TLS handshake, CERT verify (15):
{ [264 bytes data]
* TLSv1.2 (IN), TLS header, Supplemental data (23):
{ [5 bytes data]
* TLSv1.3 (IN), TLS handshake, Finished (20):
{ [36 bytes data]
* TLSv1.2 (OUT), TLS header, Finished (20):
} [5 bytes data]
* TLSv1.3 (OUT), TLS change cipher, Change cipher spec (1):
} [1 bytes data]
* TLSv1.2 (OUT), TLS header, Supplemental data (23):
} [5 bytes data]
* TLSv1.3 (OUT), TLS handshake, Certificate (11):
} [6318 bytes data]
* TLSv1.2 (OUT), TLS header, Supplemental data (23):
} [5 bytes data]
* TLSv1.3 (OUT), TLS handshake, CERT verify (15):
} [264 bytes data]
* TLSv1.2 (OUT), TLS header, Supplemental data (23):
} [5 bytes data]
* TLSv1.3 (OUT), TLS handshake, Finished (20):
} [36 bytes data]
* SSL connection using TLSv1.3 / TLS_AES_128_GCM_SHA256
* ALPN, server accepted to use http/1.1
* Server certificate:
*  subject: DC=ch; DC=cern; OU=computers; CN=cmsweb.cern.ch
*  start date: May  6 09:49:35 2025 GMT
*  expire date: Jun 10 09:49:35 2026 GMT
*  subjectAltName: host "cmsweb.cern.ch" matched cert's "cmsweb.cern.ch"
*  issuer: DC=ch; DC=cern; CN=CERN Grid Certification Authority
*  SSL certificate verify ok.
* TLSv1.2 (OUT), TLS header, Supplemental data (23):
} [5 bytes data]
> DELETE /crabserver/prod/workflow HTTP/1.1
> Host: cmsweb.cern.ch:8443
> User-Agent: CRABClient/v3.250820
> Accept: */*
> Content-Length: 93
> Content-Type: application/x-www-form-urlencoded
> 
} [93 bytes data]
* TLSv1.2 (IN), TLS header, Supplemental data (23):
{ [5 bytes data]
* TLSv1.3 (IN), TLS handshake, Newsession Ticket (4):
{ [6432 bytes data]
* TLSv1.2 (IN), TLS header, Supplemental data (23):
{ [5 bytes data]
* Mark bundle as not supporting multiuse
< HTTP/1.1 400 Bad Request
< Content-Length: 735
< Content-Type: text/html;charset=utf-8
< Date: Mon, 08 Sep 2025 16:49:11 GMT
< Response-Proto: HTTP/1.1
< Response-Status: 400 Bad Request
< Response-Status-Code: 400
< Response-Time: 8.461699ms
< Response-Time-Seconds: 0.008462259
< X-Content-Type-Options: bla
< X-Error-Detail: This request are invalid.
< X-Error-Http: 400
< X-Error-Id: 0ea05b3a08dcbd6214bc65ef833689af
< X-Rest-Status: 40001
< X-Rest-Time: 6383.419 us
< 
{ [726 bytes data]
* TLSv1.2 (IN), TLS header, Supplemental data (23):
{ [5 bytes data]
100   828  100   735  100    93  24773   3134 --:--:-- --:--:-- --:--:-- 28551
* Connection #0 to host cmsweb.cern.ch left intact
<!DOCTYPE html PUBLIC
"-//W3C//DTD XHTML 1.0 Transitional//EN"
"http://www.w3.org/TR/xhtml1/DTD/xhtml1-transitional.dtd">
<html>
<head>
    <meta http-equiv="Content-Type" content="text/html; charset=utf-8"></meta>
    <title>400 Bad Request</title>
    <style type="text/css">
    #powered_by {
        margin-top: 20px;
        border-top: 2px solid black;
        font-style: italic;
    }

    #traceback {
        color: red;
    }
    </style>
</head>
    <body>
        <h2>400 Bad Request</h2>
        <p>This request are invalid.</p>
        <pre id="traceback"></pre>
    <div id="powered_by">
      <span>
        Powered by <a href="http://www.cherrypy.dev">CherryPy 18.8.0</a>
      </span>
    </div>
    </body>
</html>

INFO 2025-09-08 16:49:11.192 UTC: 	 Fatal error trying to connect to https://cmsweb.cern.ch:8443/crabserver/prod/workflow using workflow=250523_223824%3Aamalhotr_crab_RealData_noLFNDirectory_All_EventAwareLumiBased_100_v1.
exit code from curl = 0
HTTP code/reason = 400/Bad Request .  stdout:
<!DOCTYPE html PUBLIC
"-//W3C//DTD XHTML 1.0 Transitional//EN"
"http://www.w3.org/TR/xhtml1/DTD/xhtml1-transitional.dtd">
<html>
<head>
    <meta http-equiv="Content-Type" content="text/html; charset=utf-8"></meta>
    <title>400 Bad Request</title>
    <style type="text/css">
    #powered_by {
        margin-top: 20px;
        border-top: 2px solid black;
        font-style: italic;
    }

    #traceback {
        color: red;
    }
    </style>
</head>
    <body>
        <h2>400 Bad Request</h2>
        <p>This request are invalid.</p>
        <pre id="traceback"></pre>
    <div id="powered_by">
      <span>
        Powered by <a href="http://www.cherrypy.dev">CherryPy 18.8.0</a>
      </span>
    </div>
    </body>
</html>

INFO 2025-09-08 16:49:11.193 UTC: 	 The server answered with an error.
DEBUG 2025-09-08 16:49:11.193 UTC: 	 
INFO 2025-09-08 16:49:11.193 UTC: 	 Server answered with: This request are invalid.
INFO 2025-09-08 16:49:11.194 UTC: 	 Error Id: 5c0f31725102aeb00a03124871327d4f
ERROR 2025-09-08 16:49:11.194 UTC: 	 Caught RESTInterfaceException exception
Traceback (most recent call last):
  File "/cvmfs/cms.cern.ch/share/cms/crab-prod/v3.250820.00/bin/crab.py", line 157, in <module>
    client()
  File "/cvmfs/cms.cern.ch/share/cms/crab-prod/v3.250820.00/bin/crab.py", line 142, in __call__
    returnDict = self.cmd()
  File "/cvmfs/cms.cern.ch/share/cms/crab-prod/v3.250820.00/lib/CRABClient/Commands/kill.py", line 29, in __call__
    dictresult, status, reason = server.delete(api=self.defaultApi, data=urlencode(inputs))
  File "/cvmfs/cms.cern.ch/share/cms/crab-prod/v3.250820.00/lib/CRABClient/RestInterfaces.py", line 291, in delete
    return self.server.delete(uri, data)
  File "/cvmfs/cms.cern.ch/share/cms/crab-prod/v3.250820.00/lib/CRABClient/RestInterfaces.py", line 139, in delete
    return self.makeRequest(uri=uri, data=data, verb='DELETE')
  File "/cvmfs/cms.cern.ch/share/cms/crab-prod/v3.250820.00/lib/CRABClient/RestInterfaces.py", line 225, in makeRequest
    raise RESTInterfaceException(stderr)
CRABClient.ClientExceptions.RESTInterfaceException:   % Total    % Received % Xferd  Average Speed   Time    Time     Time  Current
                                 Dload  Upload   Total   Spent    Left  Speed
  0     0    0     0    0     0      0      0 --:--:-- --:--:-- --:--:--     0*   Trying 188.185.89.194:8443...
* Connected to cmsweb.cern.ch (188.185.89.194) port 8443 (#0)
* ALPN, offering http/1.1
*  CAfile: /etc/pki/tls/certs/ca-bundle.crt
*  CApath: /etc/grid-security/certificates/
* TLSv1.0 (OUT), TLS header, Certificate Status (22):
} [5 bytes data]
* TLSv1.3 (OUT), TLS handshake, Client hello (1):
} [512 bytes data]
* TLSv1.2 (IN), TLS header, Certificate Status (22):
{ [5 bytes data]
* TLSv1.3 (IN), TLS handshake, Server hello (2):
{ [122 bytes data]
* TLSv1.2 (IN), TLS header, Finished (20):
{ [5 bytes data]
* TLSv1.2 (IN), TLS header, Supplemental data (23):
{ [5 bytes data]
* TLSv1.3 (IN), TLS handshake, Encrypted Extensions (8):
{ [21 bytes data]
* TLSv1.2 (IN), TLS header, Supplemental data (23):
{ [5 bytes data]
* TLSv1.3 (IN), TLS handshake, Request CERT (13):
{ [7998 bytes data]
* TLSv1.2 (IN), TLS header, Supplemental data (23):
{ [5 bytes data]
* TLSv1.3 (IN), TLS handshake, Certificate (11):
{ [2064 bytes data]
* TLSv1.2 (IN), TLS header, Supplemental data (23):
{ [5 bytes data]
* TLSv1.3 (IN), TLS handshake, CERT verify (15):
{ [264 bytes data]
* TLSv1.2 (IN), TLS header, Supplemental data (23):
{ [5 bytes data]
* TLSv1.3 (IN), TLS handshake, Finished (20):
{ [36 bytes data]
* TLSv1.2 (OUT), TLS header, Finished (20):
} [5 bytes data]
* TLSv1.3 (OUT), TLS change cipher, Change cipher spec (1):
} [1 bytes data]
* TLSv1.2 (OUT), TLS header, Supplemental data (23):
} [5 bytes data]
* TLSv1.3 (OUT), TLS handshake, Certificate (11):
} [6318 bytes data]
* TLSv1.2 (OUT), TLS header, Supplemental data (23):
} [5 bytes data]
* TLSv1.3 (OUT), TLS handshake, CERT verify (15):
} [264 bytes data]
* TLSv1.2 (OUT), TLS header, Supplemental data (23):
} [5 bytes data]
* TLSv1.3 (OUT), TLS handshake, Finished (20):
} [36 bytes data]
* SSL connection using TLSv1.3 / TLS_AES_128_GCM_SHA256
* ALPN, server accepted to use http/1.1
* Server certificate:
*  subject: DC=ch; DC=cern; OU=computers; CN=cmsweb.cern.ch
*  start date: May  6 09:49:35 2025 GMT
*  expire date: Jun 10 09:49:35 2026 GMT
*  subjectAltName: host "cmsweb.cern.ch" matched cert's "cmsweb.cern.ch"
*  issuer: DC=ch; DC=cern; CN=CERN Grid Certification Authority
*  SSL certificate verify ok.
* TLSv1.2 (OUT), TLS header, Supplemental data (23):
} [5 bytes data]
> DELETE /crabserver/prod/workflow HTTP/1.1
> Host: cmsweb.cern.ch:8443
> User-Agent: CRABClient/v3.250820
> Accept: */*
> Content-Length: 93
> Content-Type: application/x-www-form-urlencoded
> 
} [93 bytes data]
* TLSv1.2 (IN), TLS header, Supplemental data (23):
{ [5 bytes data]
* TLSv1.3 (IN), TLS handshake, Newsession Ticket (4):
{ [6432 bytes data]
* TLSv1.2 (IN), TLS header, Supplemental data (23):
{ [5 bytes data]
* Mark bundle as not supporting multiuse
< HTTP/1.1 400 Bad Request
< Content-Length: 735
< Content-Type: text/html;charset=utf-8
< Date: Mon, 08 Sep 2025 16:49:11 GMT
< Response-Proto: HTTP/1.1
< Response-Status: 400 Bad Request
< Response-Status-Code: 400
< Response-Time: 9.012245ms
< Response-Time-Seconds: 0.00901299
< X-Content-Type-Options: bla
< X-Error-Detail: This request are invalid.
< X-Error-Http: 400
< X-Error-Id: 5c0f31725102aeb00a03124871327d4f
< X-Rest-Status: 40001
< X-Rest-Time: 6237.745 us
< 
{ [727 bytes data]
* TLSv1.2 (IN), TLS header, Supplemental data (23):
{ [5 bytes data]
100   828  100   735  100    93  19460   2462 --:--:-- --:--:-- --:--:-- 22378
* Connection #0 to host cmsweb.cern.ch left intact
<!DOCTYPE html PUBLIC
"-//W3C//DTD XHTML 1.0 Transitional//EN"
"http://www.w3.org/TR/xhtml1/DTD/xhtml1-transitional.dtd">
<html>
<head>
    <meta http-equiv="Content-Type" content="text/html; charset=utf-8"></meta>
    <title>400 Bad Request</title>
    <style type="text/css">
    #powered_by {
        margin-top: 20px;
        border-top: 2px solid black;
        font-style: italic;
    }

    #traceback {
        color: red;
    }
    </style>
</head>
    <body>
        <h2>400 Bad Request</h2>
        <p>This request are invalid.</p>
        <pre id="traceback"></pre>
    <div id="powered_by">
      <span>
        Powered by <a href="http://www.cherrypy.dev">CherryPy 18.8.0</a>
      </span>
    </div>
    </body>
</html>

DEBUG 2025-09-08 16:56:41.879 UTC: 	 CRAB Client version: v3.250820
DEBUG 2025-09-08 16:56:41.879 UTC: 	 Running on: Linux lxplus935.cern.ch 5.14.0-570.37.1.el9_6.x86_64 #1 SMP PREEMPT_DYNAMIC Sat Aug 16 01:10:00 EDT 2025 x86_64 x86_64 x86_64 GNU/Linux
DEBUG 2025-09-08 16:56:41.879 UTC: 	 Not using Singularity
DEBUG 2025-09-08 16:56:41.879 UTC: 	 Operating System: Red Hat Enterprise Linux 9.6 (Plow)
DEBUG 2025-09-08 16:56:41.879 UTC: 	 Executing command: 'kill'
DEBUG 2025-09-08 16:56:41.879 UTC: 	 Found CRAB cache file /afs/cern.ch/user/a/amalhotr/.crab3
DEBUG 2025-09-08 16:56:41.908 UTC: 	 Checking credentials
DEBUG 2025-09-08 16:56:41.908 UTC: 	 Found proxy file /tmp/x509up_u180451
DEBUG 2025-09-08 16:56:41.908 UTC: 	 Making sure it has proper VOMS extension
DEBUG 2025-09-08 16:56:41.908 UTC: 	 Executing command :
 voms-proxy-info --vo --file /tmp/x509up_u180451
DEBUG 2025-09-08 16:56:41.938 UTC: 	 output : cms

 error: 
 retcode : 0
DEBUG 2025-09-08 16:56:41.939 UTC: 	 Getting proxy life time left
DEBUG 2025-09-08 16:56:41.939 UTC: 	 Executing command :
 voms-proxy-info --actimeleft --timeleft --file /tmp/x509up_u180451
DEBUG 2025-09-08 16:56:41.967 UTC: 	 output : 690301
690301

 error: 
 retcode : 0
DEBUG 2025-09-08 16:56:41.968 UTC: 	 Proxy valid for 191:45:01 hours
DEBUG 2025-09-08 16:56:41.968 UTC: 	 Encoded data for curl request: subresource=delegatedn
DEBUG 2025-09-08 16:56:42.012 UTC: 	 Registering user credentials on myproxy for /DC=ch/DC=cern/OU=computers/CN=crab-(preprod|prod)-tw(01|02).cern.ch|/DC=ch/DC=cern/OU=computers/CN=crab-dev-tw(01|02|03|04).cern.ch|/DC=ch/DC=cern/OU=Organic Units/OU=Users/CN=cmscrab/CN=(817881|373708)/CN=Robot: cms crab|/DC=ch/DC=cern/OU=Organic Units/OU=Users/CN=crabint1/CN=373708/CN=Robot: CMS CRAB Integration 1
DEBUG 2025-09-08 16:56:42.012 UTC: 	 Executing command :
 voms-proxy-info --identity --file /tmp/x509up_u180451
DEBUG 2025-09-08 16:56:42.037 UTC: 	 output : /DC=ch/DC=cern/OU=Organic Units/OU=Users/CN=amalhotr/CN=884837/CN=Aryan Malhotra

 error: 
 retcode : 0
DEBUG 2025-09-08 16:56:42.037 UTC: 	 Getting myproxy life time left for 2382a3cf28fdeacb1de9b039908761ea517a5ed6
DEBUG 2025-09-08 16:56:42.037 UTC: 	 Executing command :
 myproxy-info -s myproxy.cern.ch -l 2382a3cf28fdeacb1de9b039908761ea517a5ed6
DEBUG 2025-09-08 16:56:42.315 UTC: 	 output : username: 2382a3cf28fdeacb1de9b039908761ea517a5ed6
owner: /DC=ch/DC=cern/OU=Organic Units/OU=Users/CN=amalhotr/CN=884837/CN=Aryan Malhotra
  renewal policy: /DC=ch/DC=cern/OU=computers/CN=crab-(preprod|prod)-tw(01|02).cern.ch|/DC=ch/DC=cern/OU=computers/CN=crab-dev-tw(01|02|03|04).cern.ch|/DC=ch/DC=cern/OU=Organic Units/OU=Users/CN=cmscrab/CN=(817881|373708)/CN=Robot: cms crab|/DC=ch/DC=cern/OU=Organic Units/OU=Users/CN=crabint1/CN=373708/CN=Robot: CMS CRAB Integration 1
  trusted retrieval policy: /DC=ch/DC=cern/OU=computers/CN=crab-(preprod|prod)-tw(01|02).cern.ch|/DC=ch/DC=cern/OU=computers/CN=crab-dev-tw(01|02|03|04).cern.ch|/DC=ch/DC=cern/OU=Organic Units/OU=Users/CN=cmscrab/CN=(817881|373708)/CN=Robot: cms crab|/DC=ch/DC=cern/OU=Organic Units/OU=Users/CN=crabint1/CN=373708/CN=Robot: CMS CRAB Integration 1
  timeleft: 719:48:01  (30.0 days)

 error: 
 retcode : 0
DEBUG 2025-09-08 16:56:42.315 UTC: 	 Myproxy is valid: 2591280
DEBUG 2025-09-08 16:56:42.316 UTC: 	 Result of myproxy credential check:
  Credential exists on myproxy: username: 2382a3cf28fdeacb1de9b039908761ea517a5ed6  - validity: 29 days, 23:48:00
DEBUG 2025-09-08 16:56:42.316 UTC: 	 Command use: kill
DEBUG 2025-09-08 16:56:42.316 UTC: 	 Options use: ['-d', 'crab_RealData_noLFNDirectory_All_EventAwareLumiBased_100_v1']
DEBUG 2025-09-08 16:56:42.316 UTC: 	 Encoded data for curl request: subresource=version
DEBUG 2025-09-08 16:56:42.364 UTC: 	 CRABClient version: v3.250820
DEBUG 2025-09-08 16:56:42.364 UTC: 	 Instance is prod
DEBUG 2025-09-08 16:56:42.364 UTC: 	 Server base url is cmsweb.cern.ch
DEBUG 2025-09-08 16:56:42.364 UTC: 	 Command api workflow
DEBUG 2025-09-08 16:56:42.364 UTC: 	 Killing task 250523_223824:amalhotr_crab_RealData_noLFNDirectory_All_EventAwareLumiBased_100_v1
DEBUG 2025-09-08 16:56:42.364 UTC: 	 Encoded data for curl request: workflow=250523_223824%3Aamalhotr_crab_RealData_noLFNDirectory_All_EventAwareLumiBased_100_v1
DEBUG 2025-09-08 16:56:42.420 UTC: 	 Sleeping 28 seconds after HTTP error.
Error:
:  % Total    % Received % Xferd  Average Speed   Time    Time     Time  Current
                                 Dload  Upload   Total   Spent    Left  Speed
  0     0    0     0    0     0      0      0 --:--:-- --:--:-- --:--:--     0*   Trying 188.184.73.32:8443...
* Connected to cmsweb.cern.ch (188.184.73.32) port 8443 (#0)
* ALPN, offering http/1.1
*  CAfile: /etc/pki/tls/certs/ca-bundle.crt
*  CApath: /etc/grid-security/certificates/
* TLSv1.0 (OUT), TLS header, Certificate Status (22):
} [5 bytes data]
* TLSv1.3 (OUT), TLS handshake, Client hello (1):
} [512 bytes data]
* TLSv1.2 (IN), TLS header, Certificate Status (22):
{ [5 bytes data]
* TLSv1.3 (IN), TLS handshake, Server hello (2):
{ [122 bytes data]
* TLSv1.2 (IN), TLS header, Finished (20):
{ [5 bytes data]
* TLSv1.2 (IN), TLS header, Supplemental data (23):
{ [5 bytes data]
* TLSv1.3 (IN), TLS handshake, Encrypted Extensions (8):
{ [21 bytes data]
* TLSv1.2 (IN), TLS header, Supplemental data (23):
{ [5 bytes data]
* TLSv1.3 (IN), TLS handshake, Request CERT (13):
{ [7998 bytes data]
* TLSv1.2 (IN), TLS header, Supplemental data (23):
{ [5 bytes data]
* TLSv1.3 (IN), TLS handshake, Certificate (11):
{ [2064 bytes data]
* TLSv1.2 (IN), TLS header, Supplemental data (23):
{ [5 bytes data]
* TLSv1.3 (IN), TLS handshake, CERT verify (15):
{ [264 bytes data]
* TLSv1.2 (IN), TLS header, Supplemental data (23):
{ [5 bytes data]
* TLSv1.3 (IN), TLS handshake, Finished (20):
{ [36 bytes data]
* TLSv1.2 (OUT), TLS header, Finished (20):
} [5 bytes data]
* TLSv1.3 (OUT), TLS change cipher, Change cipher spec (1):
} [1 bytes data]
* TLSv1.2 (OUT), TLS header, Supplemental data (23):
} [5 bytes data]
* TLSv1.3 (OUT), TLS handshake, Certificate (11):
} [6318 bytes data]
* TLSv1.2 (OUT), TLS header, Supplemental data (23):
} [5 bytes data]
* TLSv1.3 (OUT), TLS handshake, CERT verify (15):
} [264 bytes data]
* TLSv1.2 (OUT), TLS header, Supplemental data (23):
} [5 bytes data]
* TLSv1.3 (OUT), TLS handshake, Finished (20):
} [36 bytes data]
* SSL connection using TLSv1.3 / TLS_AES_128_GCM_SHA256
* ALPN, server accepted to use http/1.1
* Server certificate:
*  subject: DC=ch; DC=cern; OU=computers; CN=cmsweb.cern.ch
*  start date: May  6 09:49:35 2025 GMT
*  expire date: Jun 10 09:49:35 2026 GMT
*  subjectAltName: host "cmsweb.cern.ch" matched cert's "cmsweb.cern.ch"
*  issuer: DC=ch; DC=cern; CN=CERN Grid Certification Authority
*  SSL certificate verify ok.
* TLSv1.2 (OUT), TLS header, Supplemental data (23):
} [5 bytes data]
> DELETE /crabserver/prod/workflow HTTP/1.1
> Host: cmsweb.cern.ch:8443
> User-Agent: CRABClient/v3.250820
> Accept: */*
> Content-Length: 93
> Content-Type: application/x-www-form-urlencoded
> 
} [93 bytes data]
* TLSv1.2 (IN), TLS header, Supplemental data (23):
{ [5 bytes data]
* TLSv1.3 (IN), TLS handshake, Newsession Ticket (4):
{ [6432 bytes data]
* TLSv1.2 (IN), TLS header, Supplemental data (23):
{ [5 bytes data]
* Mark bundle as not supporting multiuse
< HTTP/1.1 400 Bad Request
< Content-Length: 735
< Content-Type: text/html;charset=utf-8
< Date: Mon, 08 Sep 2025 16:56:42 GMT
< Response-Proto: HTTP/1.1
< Response-Status: 400 Bad Request
< Response-Status-Code: 400
< Response-Time: 6.134086ms
< Response-Time-Seconds: 0.006135164
< X-Content-Type-Options: bla
< X-Error-Detail: This request are invalid.
< X-Error-Http: 400
< X-Error-Id: 474fb550c20e0c601d14c6dec4ebc32d
< X-Rest-Status: 40001
< X-Rest-Time: 3817.081 us
< 
{ [726 bytes data]
* TLSv1.2 (IN), TLS header, Supplemental data (23):
{ [5 bytes data]
100   828  100   735  100    93  22475   2843 --:--:-- --:--:-- --:--:-- 25875
* Connection #0 to host cmsweb.cern.ch left intact
<!DOCTYPE html PUBLIC
"-//W3C//DTD XHTML 1.0 Transitional//EN"
"http://www.w3.org/TR/xhtml1/DTD/xhtml1-transitional.dtd">
<html>
<head>
    <meta http-equiv="Content-Type" content="text/html; charset=utf-8"></meta>
    <title>400 Bad Request</title>
    <style type="text/css">
    #powered_by {
        margin-top: 20px;
        border-top: 2px solid black;
        font-style: italic;
    }

    #traceback {
        color: red;
    }
    </style>
</head>
    <body>
        <h2>400 Bad Request</h2>
        <p>This request are invalid.</p>
        <pre id="traceback"></pre>
    <div id="powered_by">
      <span>
        Powered by <a href="http://www.cherrypy.dev">CherryPy 18.8.0</a>
      </span>
    </div>
    </body>
</html>

DEBUG 2025-09-08 16:56:42.466 UTC: 	 Sleeping 42 seconds after HTTP error.
Error:
:  % Total    % Received % Xferd  Average Speed   Time    Time     Time  Current
                                 Dload  Upload   Total   Spent    Left  Speed
  0     0    0     0    0     0      0      0 --:--:-- --:--:-- --:--:--     0*   Trying 188.185.101.116:8443...
* Connected to cmsweb.cern.ch (188.185.101.116) port 8443 (#0)
* ALPN, offering http/1.1
*  CAfile: /etc/pki/tls/certs/ca-bundle.crt
*  CApath: /etc/grid-security/certificates/
* TLSv1.0 (OUT), TLS header, Certificate Status (22):
} [5 bytes data]
* TLSv1.3 (OUT), TLS handshake, Client hello (1):
} [512 bytes data]
* TLSv1.2 (IN), TLS header, Certificate Status (22):
{ [5 bytes data]
* TLSv1.3 (IN), TLS handshake, Server hello (2):
{ [122 bytes data]
* TLSv1.2 (IN), TLS header, Finished (20):
{ [5 bytes data]
* TLSv1.2 (IN), TLS header, Supplemental data (23):
{ [5 bytes data]
* TLSv1.3 (IN), TLS handshake, Encrypted Extensions (8):
{ [21 bytes data]
* TLSv1.2 (IN), TLS header, Supplemental data (23):
{ [5 bytes data]
* TLSv1.3 (IN), TLS handshake, Request CERT (13):
{ [7998 bytes data]
* TLSv1.2 (IN), TLS header, Supplemental data (23):
{ [5 bytes data]
* TLSv1.3 (IN), TLS handshake, Certificate (11):
{ [2064 bytes data]
* TLSv1.2 (IN), TLS header, Supplemental data (23):
{ [5 bytes data]
* TLSv1.3 (IN), TLS handshake, CERT verify (15):
{ [264 bytes data]
* TLSv1.2 (IN), TLS header, Supplemental data (23):
{ [5 bytes data]
* TLSv1.3 (IN), TLS handshake, Finished (20):
{ [36 bytes data]
* TLSv1.2 (OUT), TLS header, Finished (20):
} [5 bytes data]
* TLSv1.3 (OUT), TLS change cipher, Change cipher spec (1):
} [1 bytes data]
* TLSv1.2 (OUT), TLS header, Supplemental data (23):
} [5 bytes data]
* TLSv1.3 (OUT), TLS handshake, Certificate (11):
} [6318 bytes data]
* TLSv1.2 (OUT), TLS header, Supplemental data (23):
} [5 bytes data]
* TLSv1.3 (OUT), TLS handshake, CERT verify (15):
} [264 bytes data]
* TLSv1.2 (OUT), TLS header, Supplemental data (23):
} [5 bytes data]
* TLSv1.3 (OUT), TLS handshake, Finished (20):
} [36 bytes data]
* SSL connection using TLSv1.3 / TLS_AES_128_GCM_SHA256
* ALPN, server accepted to use http/1.1
* Server certificate:
*  subject: DC=ch; DC=cern; OU=computers; CN=cmsweb.cern.ch
*  start date: May  6 09:49:35 2025 GMT
*  expire date: Jun 10 09:49:35 2026 GMT
*  subjectAltName: host "cmsweb.cern.ch" matched cert's "cmsweb.cern.ch"
*  issuer: DC=ch; DC=cern; CN=CERN Grid Certification Authority
*  SSL certificate verify ok.
* TLSv1.2 (OUT), TLS header, Supplemental data (23):
} [5 bytes data]
> DELETE /crabserver/prod/workflow HTTP/1.1
> Host: cmsweb.cern.ch:8443
> User-Agent: CRABClient/v3.250820
> Accept: */*
> Content-Length: 93
> Content-Type: application/x-www-form-urlencoded
> 
} [93 bytes data]
* TLSv1.2 (IN), TLS header, Supplemental data (23):
{ [5 bytes data]
* TLSv1.3 (IN), TLS handshake, Newsession Ticket (4):
{ [6432 bytes data]
* TLSv1.2 (IN), TLS header, Supplemental data (23):
{ [5 bytes data]
* Mark bundle as not supporting multiuse
< HTTP/1.1 400 Bad Request
< Content-Length: 735
< Content-Type: text/html;charset=utf-8
< Date: Mon, 08 Sep 2025 16:56:42 GMT
< Response-Proto: HTTP/1.1
< Response-Status: 400 Bad Request
< Response-Status-Code: 400
< Response-Time: 8.016856ms
< Response-Time-Seconds: 0.008018393
< X-Content-Type-Options: bla
< X-Error-Detail: This request are invalid.
< X-Error-Http: 400
< X-Error-Id: 9df592a960dc59a2f994c902fbee9e63
< X-Rest-Status: 40001
< X-Rest-Time: 5329.132 us
< 
{ [726 bytes data]
* TLSv1.2 (IN), TLS header, Supplemental data (23):
{ [5 bytes data]
100   828  100   735  100    93  26325   3330 --:--:-- --:--:-- --:--:-- 30666
* Connection #0 to host cmsweb.cern.ch left intact
<!DOCTYPE html PUBLIC
"-//W3C//DTD XHTML 1.0 Transitional//EN"
"http://www.w3.org/TR/xhtml1/DTD/xhtml1-transitional.dtd">
<html>
<head>
    <meta http-equiv="Content-Type" content="text/html; charset=utf-8"></meta>
    <title>400 Bad Request</title>
    <style type="text/css">
    #powered_by {
        margin-top: 20px;
        border-top: 2px solid black;
        font-style: italic;
    }

    #traceback {
        color: red;
    }
    </style>
</head>
    <body>
        <h2>400 Bad Request</h2>
        <p>This request are invalid.</p>
        <pre id="traceback"></pre>
    <div id="powered_by">
      <span>
        Powered by <a href="http://www.cherrypy.dev">CherryPy 18.8.0</a>
      </span>
    </div>
    </body>
</html>

INFO 2025-09-08 16:56:42.519 UTC: 	 Fatal error trying to connect to https://cmsweb.cern.ch:8443/crabserver/prod/workflow using workflow=250523_223824%3Aamalhotr_crab_RealData_noLFNDirectory_All_EventAwareLumiBased_100_v1.
exit code from curl = 0
HTTP code/reason = 400/Bad Request .  stdout:
<!DOCTYPE html PUBLIC
"-//W3C//DTD XHTML 1.0 Transitional//EN"
"http://www.w3.org/TR/xhtml1/DTD/xhtml1-transitional.dtd">
<html>
<head>
    <meta http-equiv="Content-Type" content="text/html; charset=utf-8"></meta>
    <title>400 Bad Request</title>
    <style type="text/css">
    #powered_by {
        margin-top: 20px;
        border-top: 2px solid black;
        font-style: italic;
    }

    #traceback {
        color: red;
    }
    </style>
</head>
    <body>
        <h2>400 Bad Request</h2>
        <p>This request are invalid.</p>
        <pre id="traceback"></pre>
    <div id="powered_by">
      <span>
        Powered by <a href="http://www.cherrypy.dev">CherryPy 18.8.0</a>
      </span>
    </div>
    </body>
</html>

INFO 2025-09-08 16:56:42.519 UTC: 	 The server answered with an error.
DEBUG 2025-09-08 16:56:42.519 UTC: 	 
INFO 2025-09-08 16:56:42.520 UTC: 	 Server answered with: This request are invalid.
INFO 2025-09-08 16:56:42.520 UTC: 	 Error Id: b11fdd6563f1c2671f3c131a47318e81
ERROR 2025-09-08 16:56:42.520 UTC: 	 Caught RESTInterfaceException exception
Traceback (most recent call last):
  File "/cvmfs/cms.cern.ch/share/cms/crab-prod/v3.250820.00/bin/crab.py", line 157, in <module>
    client()
  File "/cvmfs/cms.cern.ch/share/cms/crab-prod/v3.250820.00/bin/crab.py", line 142, in __call__
    returnDict = self.cmd()
  File "/cvmfs/cms.cern.ch/share/cms/crab-prod/v3.250820.00/lib/CRABClient/Commands/kill.py", line 29, in __call__
    dictresult, status, reason = server.delete(api=self.defaultApi, data=urlencode(inputs))
  File "/cvmfs/cms.cern.ch/share/cms/crab-prod/v3.250820.00/lib/CRABClient/RestInterfaces.py", line 291, in delete
    return self.server.delete(uri, data)
  File "/cvmfs/cms.cern.ch/share/cms/crab-prod/v3.250820.00/lib/CRABClient/RestInterfaces.py", line 139, in delete
    return self.makeRequest(uri=uri, data=data, verb='DELETE')
  File "/cvmfs/cms.cern.ch/share/cms/crab-prod/v3.250820.00/lib/CRABClient/RestInterfaces.py", line 225, in makeRequest
    raise RESTInterfaceException(stderr)
CRABClient.ClientExceptions.RESTInterfaceException:   % Total    % Received % Xferd  Average Speed   Time    Time     Time  Current
                                 Dload  Upload   Total   Spent    Left  Speed
  0     0    0     0    0     0      0      0 --:--:-- --:--:-- --:--:--     0*   Trying 188.184.75.82:8443...
* Connected to cmsweb.cern.ch (188.184.75.82) port 8443 (#0)
* ALPN, offering http/1.1
*  CAfile: /etc/pki/tls/certs/ca-bundle.crt
*  CApath: /etc/grid-security/certificates/
* TLSv1.0 (OUT), TLS header, Certificate Status (22):
} [5 bytes data]
* TLSv1.3 (OUT), TLS handshake, Client hello (1):
} [512 bytes data]
* TLSv1.2 (IN), TLS header, Certificate Status (22):
{ [5 bytes data]
* TLSv1.3 (IN), TLS handshake, Server hello (2):
{ [122 bytes data]
* TLSv1.2 (IN), TLS header, Finished (20):
{ [5 bytes data]
* TLSv1.2 (IN), TLS header, Supplemental data (23):
{ [5 bytes data]
* TLSv1.3 (IN), TLS handshake, Encrypted Extensions (8):
{ [21 bytes data]
* TLSv1.2 (IN), TLS header, Supplemental data (23):
{ [5 bytes data]
* TLSv1.3 (IN), TLS handshake, Request CERT (13):
{ [7998 bytes data]
* TLSv1.2 (IN), TLS header, Supplemental data (23):
{ [5 bytes data]
* TLSv1.3 (IN), TLS handshake, Certificate (11):
{ [2064 bytes data]
* TLSv1.2 (IN), TLS header, Supplemental data (23):
{ [5 bytes data]
* TLSv1.3 (IN), TLS handshake, CERT verify (15):
{ [264 bytes data]
* TLSv1.2 (IN), TLS header, Supplemental data (23):
{ [5 bytes data]
* TLSv1.3 (IN), TLS handshake, Finished (20):
{ [36 bytes data]
* TLSv1.2 (OUT), TLS header, Finished (20):
} [5 bytes data]
* TLSv1.3 (OUT), TLS change cipher, Change cipher spec (1):
} [1 bytes data]
* TLSv1.2 (OUT), TLS header, Supplemental data (23):
} [5 bytes data]
* TLSv1.3 (OUT), TLS handshake, Certificate (11):
} [6318 bytes data]
* TLSv1.2 (OUT), TLS header, Supplemental data (23):
} [5 bytes data]
* TLSv1.3 (OUT), TLS handshake, CERT verify (15):
} [264 bytes data]
* TLSv1.2 (OUT), TLS header, Supplemental data (23):
} [5 bytes data]
* TLSv1.3 (OUT), TLS handshake, Finished (20):
} [36 bytes data]
* SSL connection using TLSv1.3 / TLS_AES_128_GCM_SHA256
* ALPN, server accepted to use http/1.1
* Server certificate:
*  subject: DC=ch; DC=cern; OU=computers; CN=cmsweb.cern.ch
*  start date: May  6 09:49:35 2025 GMT
*  expire date: Jun 10 09:49:35 2026 GMT
*  subjectAltName: host "cmsweb.cern.ch" matched cert's "cmsweb.cern.ch"
*  issuer: DC=ch; DC=cern; CN=CERN Grid Certification Authority
*  SSL certificate verify ok.
* TLSv1.2 (OUT), TLS header, Supplemental data (23):
} [5 bytes data]
> DELETE /crabserver/prod/workflow HTTP/1.1
> Host: cmsweb.cern.ch:8443
> User-Agent: CRABClient/v3.250820
> Accept: */*
> Content-Length: 93
> Content-Type: application/x-www-form-urlencoded
> 
} [93 bytes data]
* TLSv1.2 (IN), TLS header, Supplemental data (23):
{ [5 bytes data]
* TLSv1.3 (IN), TLS handshake, Newsession Ticket (4):
{ [6432 bytes data]
* TLSv1.2 (IN), TLS header, Supplemental data (23):
{ [5 bytes data]
* Mark bundle as not supporting multiuse
< HTTP/1.1 400 Bad Request
< Content-Length: 735
< Content-Type: text/html;charset=utf-8
< Date: Mon, 08 Sep 2025 16:56:42 GMT
< Response-Proto: HTTP/1.1
< Response-Status: 400 Bad Request
< Response-Status-Code: 400
< Response-Time: 7.467453ms
< Response-Time-Seconds: 0.007468073
< X-Content-Type-Options: bla
< X-Error-Detail: This request are invalid.
< X-Error-Http: 400
< X-Error-Id: b11fdd6563f1c2671f3c131a47318e81
< X-Rest-Status: 40001
< X-Rest-Time: 4831.791 us
< 
{ [726 bytes data]
* TLSv1.2 (IN), TLS header, Supplemental data (23):
{ [5 bytes data]
100   828  100   735  100    93  28721   3634 --:--:-- --:--:-- --:--:-- 33120
* Connection #0 to host cmsweb.cern.ch left intact
<!DOCTYPE html PUBLIC
"-//W3C//DTD XHTML 1.0 Transitional//EN"
"http://www.w3.org/TR/xhtml1/DTD/xhtml1-transitional.dtd">
<html>
<head>
    <meta http-equiv="Content-Type" content="text/html; charset=utf-8"></meta>
    <title>400 Bad Request</title>
    <style type="text/css">
    #powered_by {
        margin-top: 20px;
        border-top: 2px solid black;
        font-style: italic;
    }

    #traceback {
        color: red;
    }
    </style>
</head>
    <body>
        <h2>400 Bad Request</h2>
        <p>This request are invalid.</p>
        <pre id="traceback"></pre>
    <div id="powered_by">
      <span>
        Powered by <a href="http://www.cherrypy.dev">CherryPy 18.8.0</a>
      </span>
    </div>
    </body>
</html>

