DEBUG 2025-03-25 21:38:46.759 UTC: 	 CRAB Client version: v3.250318
DEBUG 2025-03-25 21:38:46.759 UTC: 	 Running on: Linux lxplus940.cern.ch 5.14.0-503.22.1.el9_5.x86_64 #1 SMP PREEMPT_DYNAMIC Wed Jan 15 08:02:15 EST 2025 x86_64 x86_64 x86_64 GNU/Linux
DEBUG 2025-03-25 21:38:46.759 UTC: 	 Not using Singularity
DEBUG 2025-03-25 21:38:46.759 UTC: 	 Operating System: Red Hat Enterprise Linux 9.5 (Plow)
DEBUG 2025-03-25 21:38:46.759 UTC: 	 Executing command: 'submit'
DEBUG 2025-03-25 21:38:46.759 UTC: 	 Found CRAB cache file /afs/cern.ch/user/a/amalhotr/.crab3
INFO 2025-03-25 21:38:46.815 UTC: 	 Will use CRAB configuration file HLTScoutingUnpackProducer_CRAB.py
DEBUG 2025-03-25 21:38:46.815 UTC: 	 Loading CRAB configuration file.
DEBUG 2025-03-25 21:38:47.172 UTC: 	 Will use CRAB plugin ANALYSIS (i.e. will run an analysis job type).
DEBUG 2025-03-25 21:38:47.190 UTC: 	 Checking credentials
DEBUG 2025-03-25 21:38:47.190 UTC: 	 Found proxy file /tmp/x509up_u180451
DEBUG 2025-03-25 21:38:47.190 UTC: 	 Making sure it has proper VOMS extension
DEBUG 2025-03-25 21:38:47.190 UTC: 	 Executing command :
 voms-proxy-info --vo --file /tmp/x509up_u180451
DEBUG 2025-03-25 21:38:47.583 UTC: 	 output : cms

 error: 
 retcode : 0
DEBUG 2025-03-25 21:38:47.584 UTC: 	 Getting proxy life time left
DEBUG 2025-03-25 21:38:47.584 UTC: 	 Executing command :
 voms-proxy-info --actimeleft --timeleft --file /tmp/x509up_u180451
DEBUG 2025-03-25 21:38:48.035 UTC: 	 output : 691140
691140

 error: 
 retcode : 0
DEBUG 2025-03-25 21:38:48.035 UTC: 	 Proxy valid for 191:59:00 hours
DEBUG 2025-03-25 21:38:48.035 UTC: 	 Encoded data for curl request: subresource=delegatedn
DEBUG 2025-03-25 21:38:48.114 UTC: 	 Registering user credentials on myproxy for /DC=ch/DC=cern/OU=computers/CN=crab-(preprod|prod)-tw(01|02).cern.ch|/DC=ch/DC=cern/OU=computers/CN=crab-dev-tw(01|02|03|04).cern.ch|/DC=ch/DC=cern/OU=Organic Units/OU=Users/CN=cmscrab/CN=(817881|373708)/CN=Robot: cms crab|/DC=ch/DC=cern/OU=Organic Units/OU=Users/CN=crabint1/CN=373708/CN=Robot: CMS CRAB Integration 1
DEBUG 2025-03-25 21:38:48.114 UTC: 	 Executing command :
 voms-proxy-info --identity --file /tmp/x509up_u180451
DEBUG 2025-03-25 21:38:48.546 UTC: 	 output : /DC=ch/DC=cern/OU=Organic Units/OU=Users/CN=amalhotr/CN=884837/CN=Aryan Malhotra

 error: 
 retcode : 0
DEBUG 2025-03-25 21:38:48.546 UTC: 	 Getting myproxy life time left for 2382a3cf28fdeacb1de9b039908761ea517a5ed6
DEBUG 2025-03-25 21:38:48.546 UTC: 	 Executing command :
 myproxy-info -s myproxy.cern.ch -l 2382a3cf28fdeacb1de9b039908761ea517a5ed6
DEBUG 2025-03-25 21:38:48.820 UTC: 	 output : username: 2382a3cf28fdeacb1de9b039908761ea517a5ed6
owner: /DC=ch/DC=cern/OU=Organic Units/OU=Users/CN=amalhotr/CN=884837/CN=Aryan Malhotra
  renewal policy: /DC=ch/DC=cern/OU=computers/CN=crab-(preprod|prod)-tw(01|02).cern.ch|/DC=ch/DC=cern/OU=computers/CN=crab-dev-tw(01|02|03|04).cern.ch|/DC=ch/DC=cern/OU=Organic Units/OU=Users/CN=cmscrab/CN=(817881|373708)/CN=Robot: cms crab|/DC=ch/DC=cern/OU=Organic Units/OU=Users/CN=crabint1/CN=373708/CN=Robot: CMS CRAB Integration 1
  trusted retrieval policy: /DC=ch/DC=cern/OU=computers/CN=crab-(preprod|prod)-tw(01|02).cern.ch|/DC=ch/DC=cern/OU=computers/CN=crab-dev-tw(01|02|03|04).cern.ch|/DC=ch/DC=cern/OU=Organic Units/OU=Users/CN=cmscrab/CN=(817881|373708)/CN=Robot: cms crab|/DC=ch/DC=cern/OU=Organic Units/OU=Users/CN=crabint1/CN=373708/CN=Robot: CMS CRAB Integration 1
  timeleft: 558:41:30  (23.3 days)

 error: 
 retcode : 0
DEBUG 2025-03-25 21:38:48.820 UTC: 	 Myproxy is valid: 2011260
DEBUG 2025-03-25 21:38:48.820 UTC: 	 Result of myproxy credential check:
  Credential exists on myproxy: username: 2382a3cf28fdeacb1de9b039908761ea517a5ed6  - validity: 23 days, 6:41:00
DEBUG 2025-03-25 21:38:48.820 UTC: 	 Command use: submit
DEBUG 2025-03-25 21:38:48.820 UTC: 	 Options use: ['-c', 'HLTScoutingUnpackProducer_CRAB.py']
DEBUG 2025-03-25 21:38:48.838 UTC: 	 Encoded data for curl request: subresource=version
DEBUG 2025-03-25 21:38:48.898 UTC: 	 CRABClient version: v3.250318
DEBUG 2025-03-25 21:38:48.898 UTC: 	 Instance is prod
DEBUG 2025-03-25 21:38:48.898 UTC: 	 Server base url is cmsweb.cern.ch
DEBUG 2025-03-25 21:38:48.898 UTC: 	 Command api workflow
DEBUG 2025-03-25 21:38:48.898 UTC: 	 Started submission
DEBUG 2025-03-25 21:38:48.898 UTC: 	 Working on /afs/cern.ch/user/a/amalhotr/CMSSW_14_0_18_patch1/src/Run3ScoutingAnalysisTools/crab_DYto2Mu4Jets_Unpacker_100
DEBUG 2025-03-25 21:38:48.898 UTC: 	 Encoded data for curl request: subresource=backendurls
DEBUG 2025-03-25 21:38:48.999 UTC: 	 Loading required information from the environment
DEBUG 2025-03-25 21:38:48.999 UTC: 	 Found CMSSW_14_0_18_patch1 for el9_amd64_gcc12 with base /afs/cern.ch/user/a/amalhotr/CMSSW_14_0_18_patch1
DEBUG 2025-03-25 21:38:48.999 UTC: 	 Loading required information from the environment
DEBUG 2025-03-25 21:38:48.999 UTC: 	 Found CMSSW_14_0_18_patch1 for el9_amd64_gcc12 with base /afs/cern.ch/user/a/amalhotr/CMSSW_14_0_18_patch1
DEBUG 2025-03-25 21:38:48.999 UTC: 	 UNIQUE NAME: tarUUID 5f34303e-8aa7-4c0b-b2f1-c5b7f58db235 
DEBUG 2025-03-25 21:38:48.999 UTC: 	 self.config: from WMCore.Configuration import Configuration
config = Configuration()
config.section_('General')
config.General.transferOutputs = True
config.General.requestName = 'DYto2Mu4Jets_Unpacker_100'
config.General.transferLogs = True
config.section_('JobType')
config.JobType.pluginName = 'Analysis'
config.JobType.psetName = 'HLTScoutingUnpackProducer.py'
config.section_('Data')
config.Data.totalUnits = 100
config.Data.inputDataset = '/DYto2Mu-4Jets_Bin-MLL-50_TuneCP5_13p6TeV_madgraphMLM-pythia8/RunIII2024Summer24MiniAOD-140X_mcRun3_2024_realistic_v26-v2/MINIAODSIM'
config.Data.splitting = 'FileBased'
config.Data.outputDatasetTag = 'DYto2Mu4Jets_Unpacker_100'
config.Data.unitsPerJob = 5
config.Data.publication = True
config.section_('Site')
config.Site.storageSite = 'T2_BR_SPRACE'
config.section_('User')
config.section_('Debug')

DEBUG 2025-03-25 21:38:48.999 UTC: 	 self.config.JobType.psetName: HLTScoutingUnpackProducer.py
INFO 2025-03-25 21:38:48.999 UTC: 	 Importing CMSSW configuration HLTScoutingUnpackProducer.py
INFO 2025-03-25 21:38:49.551 UTC: 	 Finished importing CMSSW configuration HLTScoutingUnpackProducer.py
DEBUG 2025-03-25 21:38:49.552 UTC: 	 Writing CMSSW configuration to /afs/cern.ch/user/a/amalhotr/CMSSW_14_0_18_patch1/src/Run3ScoutingAnalysisTools/crab_DYto2Mu4Jets_Unpacker_100/inputs/PSet.py
DEBUG 2025-03-25 21:38:49.571 UTC: 	 The following EDM output files will be collected: ['HLTUnpackerOutputLarge.root']
DEBUG 2025-03-25 21:38:49.571 UTC: 	 The following TFile output files will be collected: []
DEBUG 2025-03-25 21:38:49.571 UTC: 	 The following user output files (not listed as PoolOuputModule or TFileService in the CMSSW PSet) will be collected: 
DEBUG 2025-03-25 21:38:49.571 UTC: 	 Loading required information from the environment
DEBUG 2025-03-25 21:38:49.571 UTC: 	 Found CMSSW_14_0_18_patch1 for el9_amd64_gcc12 with base /afs/cern.ch/user/a/amalhotr/CMSSW_14_0_18_patch1
DEBUG 2025-03-25 21:38:49.571 UTC: 	 Making tarball in /afs/cern.ch/user/a/amalhotr/CMSSW_14_0_18_patch1/src/Run3ScoutingAnalysisTools/crab_DYto2Mu4Jets_Unpacker_100/inputs/5f34303e-8aa7-4c0b-b2f1-c5b7f58db235default.tgz
DEBUG 2025-03-25 21:38:49.572 UTC: 	 Checking directory /afs/cern.ch/user/a/amalhotr/CMSSW_14_0_18_patch1/bin
DEBUG 2025-03-25 21:38:49.572 UTC: 	 Adding directory /afs/cern.ch/user/a/amalhotr/CMSSW_14_0_18_patch1/bin to tarball
DEBUG 2025-03-25 21:38:49.574 UTC: 	 Checking directory /afs/cern.ch/user/a/amalhotr/CMSSW_14_0_18_patch1/python
DEBUG 2025-03-25 21:38:49.574 UTC: 	 Adding directory /afs/cern.ch/user/a/amalhotr/CMSSW_14_0_18_patch1/python to tarball
DEBUG 2025-03-25 21:38:50.591 UTC: 	 Checking directory /afs/cern.ch/user/a/amalhotr/CMSSW_14_0_18_patch1/cfipython
DEBUG 2025-03-25 21:38:50.591 UTC: 	 Adding directory /afs/cern.ch/user/a/amalhotr/CMSSW_14_0_18_patch1/cfipython to tarball
DEBUG 2025-03-25 21:38:50.725 UTC: 	 Checking directory /afs/cern.ch/user/a/amalhotr/CMSSW_14_0_18_patch1/lib
DEBUG 2025-03-25 21:38:50.726 UTC: 	 Adding directory /afs/cern.ch/user/a/amalhotr/CMSSW_14_0_18_patch1/lib to tarball
DEBUG 2025-03-25 21:38:51.575 UTC: 	 Checking directory /afs/cern.ch/user/a/amalhotr/CMSSW_14_0_18_patch1/biglib
DEBUG 2025-03-25 21:38:51.575 UTC: 	 Adding directory /afs/cern.ch/user/a/amalhotr/CMSSW_14_0_18_patch1/biglib to tarball
DEBUG 2025-03-25 21:38:51.576 UTC: 	 Checking directory /afs/cern.ch/user/a/amalhotr/CMSSW_14_0_18_patch1/module
DEBUG 2025-03-25 21:38:51.594 UTC: 	 Checking directory /afs/cern.ch/user/a/amalhotr/CMSSW_14_0_18_patch1/config/SCRAM/hooks
DEBUG 2025-03-25 21:38:51.595 UTC: 	 Adding directory /afs/cern.ch/user/a/amalhotr/CMSSW_14_0_18_patch1/config/SCRAM/hooks to tarball
DEBUG 2025-03-25 21:38:51.770 UTC: 	 Adding directory /afs/cern.ch/user/a/amalhotr/CMSSW_14_0_18_patch1/src/Run3ScoutingAnalysisTools/DataFormats/Scouting/interface to tarball
DEBUG 2025-03-25 21:38:51.886 UTC: 	 Adding directory /afs/cern.ch/user/a/amalhotr/CMSSW_14_0_18_patch1/src/Run3ScoutingAnalysisTools/ScoutingTreeMakerRun3/python to tarball
DEBUG 2025-03-25 21:38:51.896 UTC: 	 Adding directory /afs/cern.ch/user/a/amalhotr/CMSSW_14_0_18_patch1/src/DataFormats/Scouting/interface to tarball
DEBUG 2025-03-25 21:38:51.986 UTC: 	 Adding directory /afs/cern.ch/user/a/amalhotr/CMSSW_14_0_18_patch1/src/Configuration/GenProduction/python to tarball
DEBUG 2025-03-25 21:38:52.133 UTC: 	 Uploading archive /afs/cern.ch/user/a/amalhotr/CMSSW_14_0_18_patch1/src/Run3ScoutingAnalysisTools/crab_DYto2Mu4Jets_Unpacker_100/inputs/5f34303e-8aa7-4c0b-b2f1-c5b7f58db235default.tgz (462 KB) to the CRAB cache. Using URI https://cmsweb.cern.ch/S3/crabcache_prod
DEBUG 2025-03-25 21:38:52.297 UTC: 	 Encoded data for curl request: subresource=upload&objecttype=sandbox&tarballname=3347ab5ebddcbcf20e5a549cff91c4ac4d53283ca301d10bc07120adeaa8b0f2.tar.gz
DEBUG 2025-03-25 21:38:52.400 UTC: 	 sandbox 3347ab5ebddcbcf20e5a549cff91c4ac4d53283ca301d10bc07120adeaa8b0f2.tar.gz is already in the S3 store, will not upload again
DEBUG 2025-03-25 21:38:52.401 UTC: 	 Loading required information from the environment
DEBUG 2025-03-25 21:38:52.401 UTC: 	 Found CMSSW_14_0_18_patch1 for el9_amd64_gcc12 with base /afs/cern.ch/user/a/amalhotr/CMSSW_14_0_18_patch1
DEBUG 2025-03-25 21:38:52.401 UTC: 	 Making tarball in /afs/cern.ch/user/a/amalhotr/CMSSW_14_0_18_patch1/src/Run3ScoutingAnalysisTools/crab_DYto2Mu4Jets_Unpacker_100/inputs/debugFiles.tgz
DEBUG 2025-03-25 21:38:52.404 UTC: 	 Uploading archive /afs/cern.ch/user/a/amalhotr/CMSSW_14_0_18_patch1/src/Run3ScoutingAnalysisTools/crab_DYto2Mu4Jets_Unpacker_100/inputs/debugFiles.tgz (1 KB) to the CRAB cache. Using URI https://cmsweb.cern.ch/S3/crabcache_prod
DEBUG 2025-03-25 21:38:52.406 UTC: 	 Encoded data for curl request: subresource=upload&objecttype=sandbox&tarballname=46abd81798f8172cc8a3a999c59ea9104a03ce5642e15b1dd94ed402b62ca33b.tar.gz
DEBUG 2025-03-25 21:38:52.449 UTC: 	 Will execute:
curl -f -v -X POST  -H "User-Agent: CRAB" -F "key=amalhotr/sandboxes/46abd81798f8172cc8a3a999c59ea9104a03ce5642e15b1dd94ed402b62ca33b.tar.gz" -F "AWSAccessKeyId=715203df6482458ba839e73e6dab634b" -F "policy=eyJleHBpcmF0aW9uIjogIjIwMjUtMDMtMjVUMjI6Mzg6NTJaIiwgImNvbmRpdGlvbnMiOiBbeyJidWNrZXQiOiAiY3JhYmNhY2hlX3Byb2QifSwgeyJrZXkiOiAiYW1hbGhvdHIvc2FuZGJveGVzLzQ2YWJkODE3OThmODE3MmNjOGEzYTk5OWM1OWVhOTEwNGEwM2NlNTY0MmUxNWIxZGQ5NGVkNDAyYjYyY2EzM2IudGFyLmd6In1dfQ==" -F "signature=wgnNY2aP9/Fc67AHr9oTcCUcLwA=" -F "file=@/afs/cern.ch/user/a/amalhotr/CMSSW_14_0_18_patch1/src/Run3ScoutingAnalysisTools/crab_DYto2Mu4Jets_Unpacker_100/inputs/debugFiles.tgz" "https://s3.cern.ch/crabcache_prod"
DEBUG 2025-03-25 21:38:52.554 UTC: 	 exitcode: 0
stdout: b''
DEBUG 2025-03-25 21:38:52.555 UTC: 	 upload to S3 of sandbox /afs/cern.ch/user/a/amalhotr/CMSSW_14_0_18_patch1/src/Run3ScoutingAnalysisTools/crab_DYto2Mu4Jets_Unpacker_100/inputs/debugFiles.tgz completed
DEBUG 2025-03-25 21:38:52.555 UTC: 	 make sure that object is ready for retrieve
DEBUG 2025-03-25 21:38:53.555 UTC: 	 Encoded data for curl request: subresource=download&objecttype=sandbox&tarballname=46abd81798f8172cc8a3a999c59ea9104a03ce5642e15b1dd94ed402b62ca33b.tar.gz&clientmethod=head_object
DEBUG 2025-03-25 21:38:53.598 UTC: 	 PreSignedUrl to download sandbox received OK
DEBUG 2025-03-25 21:38:53.601 UTC: 	 Will execute:
 curl -v -s -f -o /dev/null --head  "https://s3.cern.ch/crabcache_prod/amalhotr/sandboxes/46abd81798f8172cc8a3a999c59ea9104a03ce5642e15b1dd94ed402b62ca33b.tar.gz?AWSAccessKeyId=715203df6482458ba839e73e6dab634b&Signature=tlg7kWksxIMUmH%2FPL0B1pGWIQ7k%3D&Expires=1742942333"
DEBUG 2025-03-25 21:38:53.633 UTC: 	 exitcode: 0
stdout: b''
DEBUG 2025-03-25 21:38:53.633 UTC: 	 sandbox /afs/cern.ch/user/a/amalhotr/CMSSW_14_0_18_patch1/src/Run3ScoutingAnalysisTools/crab_DYto2Mu4Jets_Unpacker_100/inputs/debugFiles.tgz successfully uploaded to S3
DEBUG 2025-03-25 21:38:53.633 UTC: 	 Result uploading input files: 3347ab5ebddcbcf20e5a549cff91c4ac4d53283ca301d10bc07120adeaa8b0f2.tar.gz 
DEBUG 2025-03-25 21:38:53.633 UTC: 	 submit() - self.configuration from WMCore.Configuration import Configuration
config = Configuration()
config.section_('General')
config.General.transferOutputs = True
config.General.requestName = 'DYto2Mu4Jets_Unpacker_100'
config.General.transferLogs = True
config.section_('JobType')
config.JobType.pluginName = 'Analysis'
config.JobType.psetName = 'HLTScoutingUnpackProducer.py'
config.section_('Data')
config.Data.totalUnits = 100
config.Data.inputDataset = '/DYto2Mu-4Jets_Bin-MLL-50_TuneCP5_13p6TeV_madgraphMLM-pythia8/RunIII2024Summer24MiniAOD-140X_mcRun3_2024_realistic_v26-v2/MINIAODSIM'
config.Data.splitting = 'FileBased'
config.Data.outputDatasetTag = 'DYto2Mu4Jets_Unpacker_100'
config.Data.unitsPerJob = 5
config.Data.publication = True
config.section_('Site')
config.Site.storageSite = 'T2_BR_SPRACE'
config.section_('User')
config.section_('Debug')

DEBUG 2025-03-25 21:38:53.633 UTC: 	 submit() - self.configreq {'dryrun': 0, 'workflow': 'crab_DYto2Mu4Jets_Unpacker_100', 'saveoutput': 1, 'savelogsflag': 1, 'inputdata': '/DYto2Mu-4Jets_Bin-MLL-50_TuneCP5_13p6TeV_madgraphMLM-pythia8/RunIII2024Summer24MiniAOD-140X_mcRun3_2024_realistic_v26-v2/MINIAODSIM', 'nonvaliddata': 0, 'userfiles': [], 'dbsurl': 'https://cmsweb.cern.ch/dbs/prod/global/DBSReader', 'useparent': 0, 'ignorelocality': 0, 'splitalgo': 'FileBased', 'algoargs': 5, 'totalunits': 100, 'publication': 1, 'publishdbsurl': 'https://cmsweb.cern.ch/dbs/prod/phys03/DBSWriter', 'publishname2': 'DYto2Mu4Jets_Unpacker_100', 'jobtype': 'Analysis', 'generator': 'pythia', 'addoutputfiles': [], 'maxjobruntime': 1250, 'numcores': 1, 'maxmemory': 2000, 'priority': 10, 'nonprodsw': 0, 'asyncdest': 'T2_BR_SPRACE', 'requireaccelerator': 0, 'oneEventMode': 0, 'extrajdl': [], 'ignoreglobalblacklist': 0, 'partialdataset': 0, 'inputblocks': []}
DEBUG 2025-03-25 21:38:53.633 UTC: 	 submit() - jobconfig {'addoutputfiles': [], 'tfileoutfiles': [], 'edmoutfiles': ['HLTUnpackerOutputLarge.root'], 'jobarch': 'el9_amd64_gcc12', 'jobminuarch': 'any', 'jobsw': 'CMSSW_14_0_18_patch1', 'inputdata': '/DYto2Mu-4Jets_Bin-MLL-50_TuneCP5_13p6TeV_madgraphMLM-pythia8/RunIII2024Summer24MiniAOD-140X_mcRun3_2024_realistic_v26-v2/MINIAODSIM', 'cacheurl': 'https://cmsweb.cern.ch/S3/crabcache_prod', 'cachefilename': '3347ab5ebddcbcf20e5a549cff91c4ac4d53283ca301d10bc07120adeaa8b0f2.tar.gz', 'debugfilename': '46abd81798f8172cc8a3a999c59ea9104a03ce5642e15b1dd94ed402b62ca33b.tar.gz', 'jobtype': 'Analysis'}
INFO 2025-03-25 21:38:53.633 UTC: 	 Sending the request to the server at cmsweb.cern.ch
DEBUG 2025-03-25 21:38:53.633 UTC: 	 Submitting {'dryrun': 0, 'workflow': 'crab_DYto2Mu4Jets_Unpacker_100', 'saveoutput': 1, 'savelogsflag': 1, 'inputdata': '/DYto2Mu-4Jets_Bin-MLL-50_TuneCP5_13p6TeV_madgraphMLM-pythia8/RunIII2024Summer24MiniAOD-140X_mcRun3_2024_realistic_v26-v2/MINIAODSIM', 'nonvaliddata': 0, 'userfiles': [], 'dbsurl': 'https://cmsweb.cern.ch/dbs/prod/global/DBSReader', 'useparent': 0, 'ignorelocality': 0, 'splitalgo': 'FileBased', 'algoargs': 5, 'totalunits': 100, 'publication': 1, 'publishdbsurl': 'https://cmsweb.cern.ch/dbs/prod/phys03/DBSWriter', 'publishname2': 'DYto2Mu4Jets_Unpacker_100', 'jobtype': 'Analysis', 'generator': 'pythia', 'addoutputfiles': [], 'maxjobruntime': 1250, 'numcores': 1, 'maxmemory': 2000, 'priority': 10, 'nonprodsw': 0, 'asyncdest': 'T2_BR_SPRACE', 'requireaccelerator': 0, 'oneEventMode': 0, 'extrajdl': [], 'ignoreglobalblacklist': 0, 'partialdataset': 0, 'inputblocks': [], 'tfileoutfiles': [], 'edmoutfiles': ['HLTUnpackerOutputLarge.root'], 'jobarch': 'el9_amd64_gcc12', 'jobminuarch': 'any', 'jobsw': 'CMSSW_14_0_18_patch1', 'cacheurl': 'https://cmsweb.cern.ch/S3/crabcache_prod', 'cachefilename': '3347ab5ebddcbcf20e5a549cff91c4ac4d53283ca301d10bc07120adeaa8b0f2.tar.gz', 'debugfilename': '46abd81798f8172cc8a3a999c59ea9104a03ce5642e15b1dd94ed402b62ca33b.tar.gz'} 
DEBUG 2025-03-25 21:38:53.633 UTC: 	 Encoded data for curl request: dryrun=0&workflow=crab_DYto2Mu4Jets_Unpacker_100&saveoutput=1&savelogsflag=1&inputdata=%2FDYto2Mu-4Jets_Bin-MLL-50_TuneCP5_13p6TeV_madgraphMLM-pythia8%2FRunIII2024Summer24MiniAOD-140X_mcRun3_2024_realistic_v26-v2%2FMINIAODSIM&nonvaliddata=0&dbsurl=https%3A%2F%2Fcmsweb.cern.ch%2Fdbs%2Fprod%2Fglobal%2FDBSReader&useparent=0&ignorelocality=0&splitalgo=FileBased&algoargs=5&totalunits=100&publication=1&publishdbsurl=https%3A%2F%2Fcmsweb.cern.ch%2Fdbs%2Fprod%2Fphys03%2FDBSWriter&publishname2=DYto2Mu4Jets_Unpacker_100&jobtype=Analysis&generator=pythia&maxjobruntime=1250&numcores=1&maxmemory=2000&priority=10&nonprodsw=0&asyncdest=T2_BR_SPRACE&requireaccelerator=0&oneEventMode=0&ignoreglobalblacklist=0&partialdataset=0&jobarch=el9_amd64_gcc12&jobminuarch=any&jobsw=CMSSW_14_0_18_patch1&cacheurl=https%3A%2F%2Fcmsweb.cern.ch%2FS3%2Fcrabcache_prod&cachefilename=3347ab5ebddcbcf20e5a549cff91c4ac4d53283ca301d10bc07120adeaa8b0f2.tar.gz&debugfilename=46abd81798f8172cc8a3a999c59ea9104a03ce5642e15b1dd94ed402b62ca33b.tar.gz&edmoutfiles=HLTUnpackerOutputLarge.root
DEBUG 2025-03-25 21:38:53.692 UTC: 	 Result: {'result': [{'RequestName': '250325_213853:amalhotr_crab_DYto2Mu4Jets_Unpacker_100'}]}
INFO 2025-03-25 21:38:53.695 UTC: 	 Success: Your task has been delivered to the prod CRAB3 server.
INFO 2025-03-25 21:38:53.695 UTC: 	 Task name: 250325_213853:amalhotr_crab_DYto2Mu4Jets_Unpacker_100
INFO 2025-03-25 21:38:53.695 UTC: 	 Project dir: ./crab_DYto2Mu4Jets_Unpacker_100
INFO 2025-03-25 21:38:53.695 UTC: 	 Please use ' crab status -d ./crab_DYto2Mu4Jets_Unpacker_100 ' to check how the submission process proceeds.
DEBUG 2025-03-25 21:38:53.695 UTC: 	 About to return
INFO 2025-03-25 21:38:53.697 UTC: 	 Log file is /afs/cern.ch/user/a/amalhotr/CMSSW_14_0_18_patch1/src/Run3ScoutingAnalysisTools/crab_DYto2Mu4Jets_Unpacker_100/crab.log
DEBUG 2025-03-25 21:39:28.284 UTC: 	 CRAB Client version: v3.250318
DEBUG 2025-03-25 21:39:28.284 UTC: 	 Running on: Linux lxplus940.cern.ch 5.14.0-503.22.1.el9_5.x86_64 #1 SMP PREEMPT_DYNAMIC Wed Jan 15 08:02:15 EST 2025 x86_64 x86_64 x86_64 GNU/Linux
DEBUG 2025-03-25 21:39:28.284 UTC: 	 Not using Singularity
DEBUG 2025-03-25 21:39:28.284 UTC: 	 Operating System: Red Hat Enterprise Linux 9.5 (Plow)
DEBUG 2025-03-25 21:39:28.284 UTC: 	 Executing command: 'status'
DEBUG 2025-03-25 21:39:28.284 UTC: 	 Found CRAB cache file /afs/cern.ch/user/a/amalhotr/.crab3
DEBUG 2025-03-25 21:39:28.288 UTC: 	 Checking credentials
DEBUG 2025-03-25 21:39:28.288 UTC: 	 Found proxy file /tmp/x509up_u180451
DEBUG 2025-03-25 21:39:28.288 UTC: 	 Making sure it has proper VOMS extension
DEBUG 2025-03-25 21:39:28.288 UTC: 	 Executing command :
 voms-proxy-info --vo --file /tmp/x509up_u180451
DEBUG 2025-03-25 21:39:28.674 UTC: 	 output : cms

 error: 
 retcode : 0
DEBUG 2025-03-25 21:39:28.674 UTC: 	 Getting proxy life time left
DEBUG 2025-03-25 21:39:28.674 UTC: 	 Executing command :
 voms-proxy-info --actimeleft --timeleft --file /tmp/x509up_u180451
DEBUG 2025-03-25 21:39:29.057 UTC: 	 output : 691099
691099

 error: 
 retcode : 0
DEBUG 2025-03-25 21:39:29.057 UTC: 	 Proxy valid for 191:58:19 hours
DEBUG 2025-03-25 21:39:29.058 UTC: 	 Encoded data for curl request: subresource=delegatedn
DEBUG 2025-03-25 21:39:29.108 UTC: 	 Registering user credentials on myproxy for /DC=ch/DC=cern/OU=computers/CN=crab-(preprod|prod)-tw(01|02).cern.ch|/DC=ch/DC=cern/OU=computers/CN=crab-dev-tw(01|02|03|04).cern.ch|/DC=ch/DC=cern/OU=Organic Units/OU=Users/CN=cmscrab/CN=(817881|373708)/CN=Robot: cms crab|/DC=ch/DC=cern/OU=Organic Units/OU=Users/CN=crabint1/CN=373708/CN=Robot: CMS CRAB Integration 1
DEBUG 2025-03-25 21:39:29.108 UTC: 	 Executing command :
 voms-proxy-info --identity --file /tmp/x509up_u180451
DEBUG 2025-03-25 21:39:29.499 UTC: 	 output : /DC=ch/DC=cern/OU=Organic Units/OU=Users/CN=amalhotr/CN=884837/CN=Aryan Malhotra

 error: 
 retcode : 0
DEBUG 2025-03-25 21:39:29.499 UTC: 	 Getting myproxy life time left for 2382a3cf28fdeacb1de9b039908761ea517a5ed6
DEBUG 2025-03-25 21:39:29.499 UTC: 	 Executing command :
 myproxy-info -s myproxy.cern.ch -l 2382a3cf28fdeacb1de9b039908761ea517a5ed6
DEBUG 2025-03-25 21:39:29.774 UTC: 	 output : username: 2382a3cf28fdeacb1de9b039908761ea517a5ed6
owner: /DC=ch/DC=cern/OU=Organic Units/OU=Users/CN=amalhotr/CN=884837/CN=Aryan Malhotra
  renewal policy: /DC=ch/DC=cern/OU=computers/CN=crab-(preprod|prod)-tw(01|02).cern.ch|/DC=ch/DC=cern/OU=computers/CN=crab-dev-tw(01|02|03|04).cern.ch|/DC=ch/DC=cern/OU=Organic Units/OU=Users/CN=cmscrab/CN=(817881|373708)/CN=Robot: cms crab|/DC=ch/DC=cern/OU=Organic Units/OU=Users/CN=crabint1/CN=373708/CN=Robot: CMS CRAB Integration 1
  trusted retrieval policy: /DC=ch/DC=cern/OU=computers/CN=crab-(preprod|prod)-tw(01|02).cern.ch|/DC=ch/DC=cern/OU=computers/CN=crab-dev-tw(01|02|03|04).cern.ch|/DC=ch/DC=cern/OU=Organic Units/OU=Users/CN=cmscrab/CN=(817881|373708)/CN=Robot: cms crab|/DC=ch/DC=cern/OU=Organic Units/OU=Users/CN=crabint1/CN=373708/CN=Robot: CMS CRAB Integration 1
  timeleft: 558:40:49  (23.3 days)

 error: 
 retcode : 0
DEBUG 2025-03-25 21:39:29.774 UTC: 	 Myproxy is valid: 2011200
DEBUG 2025-03-25 21:39:29.775 UTC: 	 Result of myproxy credential check:
  Credential exists on myproxy: username: 2382a3cf28fdeacb1de9b039908761ea517a5ed6  - validity: 23 days, 6:40:00
DEBUG 2025-03-25 21:39:29.775 UTC: 	 Retrieving username ...
DEBUG 2025-03-25 21:39:29.775 UTC: 	 Retrieving username from CRIC...
DEBUG 2025-03-25 21:39:30.495 UTC: 	 username is amalhotr
INFO 2025-03-25 21:39:31.303 UTC: 	 Rucio client intialized for account amalhotr
DEBUG 2025-03-25 21:39:31.303 UTC: 	 Command use: status
DEBUG 2025-03-25 21:39:31.303 UTC: 	 Options use: ['-d', './crab_DYto2Mu4Jets_Unpacker_100']
DEBUG 2025-03-25 21:39:31.303 UTC: 	 Encoded data for curl request: subresource=version
DEBUG 2025-03-25 21:39:31.357 UTC: 	 CRABClient version: v3.250318
DEBUG 2025-03-25 21:39:31.357 UTC: 	 Instance is prod
DEBUG 2025-03-25 21:39:31.358 UTC: 	 Server base url is cmsweb.cern.ch
DEBUG 2025-03-25 21:39:31.358 UTC: 	 Command api workflow
DEBUG 2025-03-25 21:39:31.358 UTC: 	 Encoded data for curl request: subresource=search&workflow=250325_213853%3Aamalhotr_crab_DYto2Mu4Jets_Unpacker_100
DEBUG 2025-03-25 21:39:31.410 UTC: 	 Got information from server oracle database: {'desc': {'columns': ['tm_taskname', 'tm_activity', 'tm_task_status', 'tm_task_command', 'tm_start_time', 'tm_start_injection', 'tm_end_injection', 'tm_task_failure', 'tm_job_sw', 'tm_job_arch', 'tm_input_dataset', 'tm_nonvalid_input_dataset', 'tm_use_parent', 'tm_site_whitelist', 'tm_site_blacklist', 'tm_split_algo', 'tm_split_args', 'tm_user_sandbox', 'tm_cache_url', 'tm_username', 'tm_user_dn', 'tm_user_vo', 'tm_user_role', 'tm_user_group', 'tm_publish_name', 'tm_publish_groupname', 'tm_asyncdest', 'tm_dbs_url', 'tm_publish_dbs_url', 'tm_publication', 'tm_outfiles', 'tm_tfile_outfiles', 'tm_edm_outfiles', 'tm_job_type', 'tm_generator', 'tm_events_per_lumi', 'tm_arguments', 'tm_save_logs', 'tw_name', 'tm_user_infiles', 'tm_maxjobruntime', 'tm_numcores', 'tm_maxmemory', 'tm_priority', 'tm_output_dataset', 'tm_task_warnings', 'tm_user_webdir', 'tm_scriptexe', 'tm_scriptargs', 'tm_extrajdl', 'tm_collector', 'tm_schedd', 'tm_dry_run', 'tm_user_files', 'tm_transfer_outputs', 'tm_output_lfn', 'tm_ignore_locality', 'tm_fail_limit', 'tm_one_event_mode', 'tm_secondary_input_dataset', 'tm_primary_dataset', 'tm_last_publication', 'tm_debug_files', 'clusterid', 'tm_ignore_global_blacklist', 'tm_submitter_ip_addr', 'tm_totalunits', 'tm_ddm_reqid', 'tm_user_config', 'tm_transfer_container', 'tm_transfer_rule', 'tm_publish_rule', 'tm_multipub_rule', 'tm_job_min_microarch', 'tm_dagman_status', 'tm_num_jobs', 'tm_uploaded']}, 'result': ['250325_213853:amalhotr_crab_DYto2Mu4Jets_Unpacker_100', 'None', 'WAITING', 'SUBMIT', '2025-03-25 21:38:53.687169', 'None', 'None', 'None', 'CMSSW_14_0_18_patch1', 'el9_amd64_gcc12', '/DYto2Mu-4Jets_Bin-MLL-50_TuneCP5_13p6TeV_madgraphMLM-pythia8/RunIII2024Summer24MiniAOD-140X_mcRun3_2024_realistic_v26-v2/MINIAODSIM', 'F', '0', '[]', '[]', 'FileBased', "{'halt_job_on_file_boundaries': False, 'splitOnRun': False, 'files_per_job': 5, 'runs': [], 'lumis': []}", '3347ab5ebddcbcf20e5a549cff91c4ac4d53283ca301d10bc07120adeaa8b0f2.tar.gz', 'https://cmsweb.cern.ch/S3/crabcache_prod', 'amalhotr', '/DC=ch/DC=cern/OU=Organic Units/OU=Users/CN=amalhotr/CN=884837/CN=Aryan Malhotra', 'cms', 'None', 'None', 'DYto2Mu4Jets_Unpacker_100-00000000000000000000000000000000', 'F', 'T2_BR_SPRACE', 'https://cmsweb.cern.ch/dbs/prod/global/DBSReader', 'https://cmsweb.cern.ch/dbs/prod/phys03/DBSWriter', 'T', '[]', '[]', "['HLTUnpackerOutputLarge.root']", 'Analysis', 'pythia', 'None', '{}', 'T', 'NotKnownYet', '[]', '1250', '1', '2000', '10', 'None', '[]', 'None', 'None', '[]', '[]', 'cmsgwms-collector-global.cern.ch:9620,cmsgwms-collector-global.fnal.gov:9620', 'None', 'F', '[]', 'T', '/store/user/amalhotr/', 'F', 'None', 'F', 'None', 'DYto2Mu-4Jets_Bin-MLL-50_TuneCP5_13p6TeV_madgraphMLM-pythia8', 'None', '46abd81798f8172cc8a3a999c59ea9104a03ce5642e15b1dd94ed402b62ca33b.tar.gz', 'None', 'F', '188.184.75.82', '100.0', 'None', '{"partialdataset": false, "requireaccelerator": false, "acceleratorparams": null, "inputblocks": null}', 'None', 'None', 'None', 'None', 'any', 'NOT_READY', '0', 'F']}
INFO 2025-03-25 21:39:31.410 UTC: 	 CRAB project directory:		/afs/cern.ch/user/a/amalhotr/CMSSW_14_0_18_patch1/src/Run3ScoutingAnalysisTools/crab_DYto2Mu4Jets_Unpacker_100
INFO 2025-03-25 21:39:31.410 UTC: 	 Task name:			250325_213853:amalhotr_crab_DYto2Mu4Jets_Unpacker_100
INFO 2025-03-25 21:39:31.410 UTC: 	 Grid scheduler - Task Worker:	N/A yet - NotKnownYet
INFO 2025-03-25 21:39:31.410 UTC: 	 Status on the CRAB server:	WAITING on command SUBMIT
INFO 2025-03-25 21:39:31.411 UTC: 	 Task URL to use for HELP:	https://cmsweb.cern.ch/crabserver/ui/task/250325_213853%3Aamalhotr_crab_DYto2Mu4Jets_Unpacker_100
INFO 2025-03-25 21:39:31.419 UTC: 	 Dashboard monitoring URL:	https://monit-grafana.cern.ch/d/cmsTMDetail/cms-task-monitoring-task-view?orgId=11&var-user=amalhotr&var-task=250325_213853%3Aamalhotr_crab_DYto2Mu4Jets_Unpacker_100&from=1742935133000&to=now
DEBUG 2025-03-25 21:39:31.419 UTC: 	 The task has not been submitted to the Grid scheduler yet. Not printing job information.
INFO 2025-03-25 21:39:31.422 UTC: 	 Log file is /afs/cern.ch/user/a/amalhotr/CMSSW_14_0_18_patch1/src/Run3ScoutingAnalysisTools/crab_DYto2Mu4Jets_Unpacker_100/crab.log
DEBUG 2025-03-25 21:41:39.831 UTC: 	 CRAB Client version: v3.250318
DEBUG 2025-03-25 21:41:39.831 UTC: 	 Running on: Linux lxplus940.cern.ch 5.14.0-503.22.1.el9_5.x86_64 #1 SMP PREEMPT_DYNAMIC Wed Jan 15 08:02:15 EST 2025 x86_64 x86_64 x86_64 GNU/Linux
DEBUG 2025-03-25 21:41:39.831 UTC: 	 Not using Singularity
DEBUG 2025-03-25 21:41:39.831 UTC: 	 Operating System: Red Hat Enterprise Linux 9.5 (Plow)
DEBUG 2025-03-25 21:41:39.831 UTC: 	 Executing command: 'status'
DEBUG 2025-03-25 21:41:39.831 UTC: 	 Found CRAB cache file /afs/cern.ch/user/a/amalhotr/.crab3
DEBUG 2025-03-25 21:41:39.836 UTC: 	 Checking credentials
DEBUG 2025-03-25 21:41:39.836 UTC: 	 Found proxy file /tmp/x509up_u180451
DEBUG 2025-03-25 21:41:39.837 UTC: 	 Making sure it has proper VOMS extension
DEBUG 2025-03-25 21:41:39.837 UTC: 	 Executing command :
 voms-proxy-info --vo --file /tmp/x509up_u180451
DEBUG 2025-03-25 21:41:40.209 UTC: 	 output : cms

 error: 
 retcode : 0
DEBUG 2025-03-25 21:41:40.209 UTC: 	 Getting proxy life time left
DEBUG 2025-03-25 21:41:40.209 UTC: 	 Executing command :
 voms-proxy-info --actimeleft --timeleft --file /tmp/x509up_u180451
DEBUG 2025-03-25 21:41:40.581 UTC: 	 output : 690968
690968

 error: 
 retcode : 0
DEBUG 2025-03-25 21:41:40.581 UTC: 	 Proxy valid for 191:56:08 hours
DEBUG 2025-03-25 21:41:40.581 UTC: 	 Encoded data for curl request: subresource=delegatedn
DEBUG 2025-03-25 21:41:40.639 UTC: 	 Registering user credentials on myproxy for /DC=ch/DC=cern/OU=computers/CN=crab-(preprod|prod)-tw(01|02).cern.ch|/DC=ch/DC=cern/OU=computers/CN=crab-dev-tw(01|02|03|04).cern.ch|/DC=ch/DC=cern/OU=Organic Units/OU=Users/CN=cmscrab/CN=(817881|373708)/CN=Robot: cms crab|/DC=ch/DC=cern/OU=Organic Units/OU=Users/CN=crabint1/CN=373708/CN=Robot: CMS CRAB Integration 1
DEBUG 2025-03-25 21:41:40.639 UTC: 	 Executing command :
 voms-proxy-info --identity --file /tmp/x509up_u180451
DEBUG 2025-03-25 21:41:40.995 UTC: 	 output : /DC=ch/DC=cern/OU=Organic Units/OU=Users/CN=amalhotr/CN=884837/CN=Aryan Malhotra

 error: 
 retcode : 0
DEBUG 2025-03-25 21:41:40.995 UTC: 	 Getting myproxy life time left for 2382a3cf28fdeacb1de9b039908761ea517a5ed6
DEBUG 2025-03-25 21:41:40.995 UTC: 	 Executing command :
 myproxy-info -s myproxy.cern.ch -l 2382a3cf28fdeacb1de9b039908761ea517a5ed6
DEBUG 2025-03-25 21:41:41.291 UTC: 	 output : username: 2382a3cf28fdeacb1de9b039908761ea517a5ed6
owner: /DC=ch/DC=cern/OU=Organic Units/OU=Users/CN=amalhotr/CN=884837/CN=Aryan Malhotra
  renewal policy: /DC=ch/DC=cern/OU=computers/CN=crab-(preprod|prod)-tw(01|02).cern.ch|/DC=ch/DC=cern/OU=computers/CN=crab-dev-tw(01|02|03|04).cern.ch|/DC=ch/DC=cern/OU=Organic Units/OU=Users/CN=cmscrab/CN=(817881|373708)/CN=Robot: cms crab|/DC=ch/DC=cern/OU=Organic Units/OU=Users/CN=crabint1/CN=373708/CN=Robot: CMS CRAB Integration 1
  trusted retrieval policy: /DC=ch/DC=cern/OU=computers/CN=crab-(preprod|prod)-tw(01|02).cern.ch|/DC=ch/DC=cern/OU=computers/CN=crab-dev-tw(01|02|03|04).cern.ch|/DC=ch/DC=cern/OU=Organic Units/OU=Users/CN=cmscrab/CN=(817881|373708)/CN=Robot: cms crab|/DC=ch/DC=cern/OU=Organic Units/OU=Users/CN=crabint1/CN=373708/CN=Robot: CMS CRAB Integration 1
  timeleft: 558:38:37  (23.3 days)

 error: 
 retcode : 0
DEBUG 2025-03-25 21:41:41.291 UTC: 	 Myproxy is valid: 2011080
DEBUG 2025-03-25 21:41:41.291 UTC: 	 Result of myproxy credential check:
  Credential exists on myproxy: username: 2382a3cf28fdeacb1de9b039908761ea517a5ed6  - validity: 23 days, 6:38:00
DEBUG 2025-03-25 21:41:41.291 UTC: 	 Retrieving username ...
DEBUG 2025-03-25 21:41:41.291 UTC: 	 Retrieving username from CRIC...
DEBUG 2025-03-25 21:41:41.915 UTC: 	 username is amalhotr
INFO 2025-03-25 21:41:42.389 UTC: 	 Rucio client intialized for account amalhotr
DEBUG 2025-03-25 21:41:42.390 UTC: 	 Command use: status
DEBUG 2025-03-25 21:41:42.390 UTC: 	 Options use: ['-d', './crab_DYto2Mu4Jets_Unpacker_100']
DEBUG 2025-03-25 21:41:42.390 UTC: 	 Encoded data for curl request: subresource=version
DEBUG 2025-03-25 21:41:42.450 UTC: 	 CRABClient version: v3.250318
DEBUG 2025-03-25 21:41:42.450 UTC: 	 Instance is prod
DEBUG 2025-03-25 21:41:42.450 UTC: 	 Server base url is cmsweb.cern.ch
DEBUG 2025-03-25 21:41:42.450 UTC: 	 Command api workflow
DEBUG 2025-03-25 21:41:42.450 UTC: 	 Encoded data for curl request: subresource=search&workflow=250325_213853%3Aamalhotr_crab_DYto2Mu4Jets_Unpacker_100
DEBUG 2025-03-25 21:41:42.538 UTC: 	 Got information from server oracle database: {'desc': {'columns': ['tm_taskname', 'tm_activity', 'tm_task_status', 'tm_task_command', 'tm_start_time', 'tm_start_injection', 'tm_end_injection', 'tm_task_failure', 'tm_job_sw', 'tm_job_arch', 'tm_input_dataset', 'tm_nonvalid_input_dataset', 'tm_use_parent', 'tm_site_whitelist', 'tm_site_blacklist', 'tm_split_algo', 'tm_split_args', 'tm_user_sandbox', 'tm_cache_url', 'tm_username', 'tm_user_dn', 'tm_user_vo', 'tm_user_role', 'tm_user_group', 'tm_publish_name', 'tm_publish_groupname', 'tm_asyncdest', 'tm_dbs_url', 'tm_publish_dbs_url', 'tm_publication', 'tm_outfiles', 'tm_tfile_outfiles', 'tm_edm_outfiles', 'tm_job_type', 'tm_generator', 'tm_events_per_lumi', 'tm_arguments', 'tm_save_logs', 'tw_name', 'tm_user_infiles', 'tm_maxjobruntime', 'tm_numcores', 'tm_maxmemory', 'tm_priority', 'tm_output_dataset', 'tm_task_warnings', 'tm_user_webdir', 'tm_scriptexe', 'tm_scriptargs', 'tm_extrajdl', 'tm_collector', 'tm_schedd', 'tm_dry_run', 'tm_user_files', 'tm_transfer_outputs', 'tm_output_lfn', 'tm_ignore_locality', 'tm_fail_limit', 'tm_one_event_mode', 'tm_secondary_input_dataset', 'tm_primary_dataset', 'tm_last_publication', 'tm_debug_files', 'clusterid', 'tm_ignore_global_blacklist', 'tm_submitter_ip_addr', 'tm_totalunits', 'tm_ddm_reqid', 'tm_user_config', 'tm_transfer_container', 'tm_transfer_rule', 'tm_publish_rule', 'tm_multipub_rule', 'tm_job_min_microarch', 'tm_dagman_status', 'tm_num_jobs', 'tm_uploaded']}, 'result': ['250325_213853:amalhotr_crab_DYto2Mu4Jets_Unpacker_100', 'None', 'SUBMITTED', 'SUBMIT', '2025-03-25 21:38:53.687169', 'None', '2025-03-25 21:41:08.064743', 'None', 'CMSSW_14_0_18_patch1', 'el9_amd64_gcc12', '/DYto2Mu-4Jets_Bin-MLL-50_TuneCP5_13p6TeV_madgraphMLM-pythia8/RunIII2024Summer24MiniAOD-140X_mcRun3_2024_realistic_v26-v2/MINIAODSIM', 'F', '0', '[]', '[]', 'FileBased', "{'halt_job_on_file_boundaries': False, 'splitOnRun': False, 'files_per_job': 5, 'runs': [], 'lumis': []}", '3347ab5ebddcbcf20e5a549cff91c4ac4d53283ca301d10bc07120adeaa8b0f2.tar.gz', 'https://cmsweb.cern.ch/S3/crabcache_prod', 'amalhotr', '/DC=ch/DC=cern/OU=Organic Units/OU=Users/CN=amalhotr/CN=884837/CN=Aryan Malhotra', 'cms', 'None', 'None', 'DYto2Mu4Jets_Unpacker_100-00000000000000000000000000000000', 'F', 'T2_BR_SPRACE', 'https://cmsweb.cern.ch/dbs/prod/global/DBSReader', 'https://cmsweb.cern.ch/dbs/prod/phys03/DBSWriter', 'T', '[]', '[]', "['HLTUnpackerOutputLarge.root']", 'Analysis', 'pythia', 'None', '{}', 'T', 'crab-prod-tw01', '[]', '1250', '1', '2000', '10', 'None', '[]', 'None', 'None', '[]', '[]', 'cmsgwms-collector-global.cern.ch:9620,cmsgwms-collector-global.fnal.gov:9620', 'crab3@vocms0122.cern.ch', 'F', '[]', 'T', '/store/user/amalhotr/', 'F', 'None', 'F', 'None', 'DYto2Mu-4Jets_Bin-MLL-50_TuneCP5_13p6TeV_madgraphMLM-pythia8', 'None', '46abd81798f8172cc8a3a999c59ea9104a03ce5642e15b1dd94ed402b62ca33b.tar.gz', '124350952', 'F', '188.184.75.82', '100.0', 'None', '{"partialdataset": false, "requireaccelerator": false, "acceleratorparams": null, "inputblocks": null}', 'None', 'None', 'None', 'None', 'any', 'NOT_READY', '0', 'F']}
INFO 2025-03-25 21:41:42.539 UTC: 	 CRAB project directory:		/afs/cern.ch/user/a/amalhotr/CMSSW_14_0_18_patch1/src/Run3ScoutingAnalysisTools/crab_DYto2Mu4Jets_Unpacker_100
INFO 2025-03-25 21:41:42.539 UTC: 	 Task name:			250325_213853:amalhotr_crab_DYto2Mu4Jets_Unpacker_100
INFO 2025-03-25 21:41:42.540 UTC: 	 Grid scheduler - Task Worker:	crab3@vocms0122.cern.ch - crab-prod-tw01
INFO 2025-03-25 21:41:42.540 UTC: 	 Status on the CRAB server:	SUBMITTED
INFO 2025-03-25 21:41:42.540 UTC: 	 Task URL to use for HELP:	https://cmsweb.cern.ch/crabserver/ui/task/250325_213853%3Aamalhotr_crab_DYto2Mu4Jets_Unpacker_100
INFO 2025-03-25 21:41:42.548 UTC: 	 Dashboard monitoring URL:	https://monit-grafana.cern.ch/d/cmsTMDetail/cms-task-monitoring-task-view?orgId=11&var-user=amalhotr&var-task=250325_213853%3Aamalhotr_crab_DYto2Mu4Jets_Unpacker_100&from=1742935133000&to=now
DEBUG 2025-03-25 21:41:42.548 UTC: 	 The CRAB server submitted your task to the Grid scheduler (cluster ID: 124350952)
INFO 2025-03-25 21:41:42.548 UTC: 	 Waiting for the Grid scheduler to bootstrap your task
DEBUG 2025-03-25 21:41:42.549 UTC: 	 Schedd has not reported back the webdir (yet)
INFO 2025-03-25 21:41:42.550 UTC: 	 Log file is /afs/cern.ch/user/a/amalhotr/CMSSW_14_0_18_patch1/src/Run3ScoutingAnalysisTools/crab_DYto2Mu4Jets_Unpacker_100/crab.log
DEBUG 2025-03-25 21:43:36.538 UTC: 	 CRAB Client version: v3.250318
DEBUG 2025-03-25 21:43:36.538 UTC: 	 Running on: Linux lxplus940.cern.ch 5.14.0-503.22.1.el9_5.x86_64 #1 SMP PREEMPT_DYNAMIC Wed Jan 15 08:02:15 EST 2025 x86_64 x86_64 x86_64 GNU/Linux
DEBUG 2025-03-25 21:43:36.538 UTC: 	 Not using Singularity
DEBUG 2025-03-25 21:43:36.539 UTC: 	 Operating System: Red Hat Enterprise Linux 9.5 (Plow)
DEBUG 2025-03-25 21:43:36.539 UTC: 	 Executing command: 'status'
DEBUG 2025-03-25 21:43:36.539 UTC: 	 Found CRAB cache file /afs/cern.ch/user/a/amalhotr/.crab3
DEBUG 2025-03-25 21:43:36.543 UTC: 	 Checking credentials
DEBUG 2025-03-25 21:43:36.543 UTC: 	 Found proxy file /tmp/x509up_u180451
DEBUG 2025-03-25 21:43:36.543 UTC: 	 Making sure it has proper VOMS extension
DEBUG 2025-03-25 21:43:36.543 UTC: 	 Executing command :
 voms-proxy-info --vo --file /tmp/x509up_u180451
DEBUG 2025-03-25 21:43:36.942 UTC: 	 output : cms

 error: 
 retcode : 0
DEBUG 2025-03-25 21:43:36.942 UTC: 	 Getting proxy life time left
DEBUG 2025-03-25 21:43:36.942 UTC: 	 Executing command :
 voms-proxy-info --actimeleft --timeleft --file /tmp/x509up_u180451
DEBUG 2025-03-25 21:43:37.341 UTC: 	 output : 690851
690851

 error: 
 retcode : 0
DEBUG 2025-03-25 21:43:37.341 UTC: 	 Proxy valid for 191:54:11 hours
DEBUG 2025-03-25 21:43:37.341 UTC: 	 Encoded data for curl request: subresource=delegatedn
DEBUG 2025-03-25 21:43:37.399 UTC: 	 Registering user credentials on myproxy for /DC=ch/DC=cern/OU=computers/CN=crab-(preprod|prod)-tw(01|02).cern.ch|/DC=ch/DC=cern/OU=computers/CN=crab-dev-tw(01|02|03|04).cern.ch|/DC=ch/DC=cern/OU=Organic Units/OU=Users/CN=cmscrab/CN=(817881|373708)/CN=Robot: cms crab|/DC=ch/DC=cern/OU=Organic Units/OU=Users/CN=crabint1/CN=373708/CN=Robot: CMS CRAB Integration 1
DEBUG 2025-03-25 21:43:37.399 UTC: 	 Executing command :
 voms-proxy-info --identity --file /tmp/x509up_u180451
DEBUG 2025-03-25 21:43:37.790 UTC: 	 output : /DC=ch/DC=cern/OU=Organic Units/OU=Users/CN=amalhotr/CN=884837/CN=Aryan Malhotra

 error: 
 retcode : 0
DEBUG 2025-03-25 21:43:37.790 UTC: 	 Getting myproxy life time left for 2382a3cf28fdeacb1de9b039908761ea517a5ed6
DEBUG 2025-03-25 21:43:37.790 UTC: 	 Executing command :
 myproxy-info -s myproxy.cern.ch -l 2382a3cf28fdeacb1de9b039908761ea517a5ed6
DEBUG 2025-03-25 21:43:38.058 UTC: 	 output : username: 2382a3cf28fdeacb1de9b039908761ea517a5ed6
owner: /DC=ch/DC=cern/OU=Organic Units/OU=Users/CN=amalhotr/CN=884837/CN=Aryan Malhotra
  renewal policy: /DC=ch/DC=cern/OU=computers/CN=crab-(preprod|prod)-tw(01|02).cern.ch|/DC=ch/DC=cern/OU=computers/CN=crab-dev-tw(01|02|03|04).cern.ch|/DC=ch/DC=cern/OU=Organic Units/OU=Users/CN=cmscrab/CN=(817881|373708)/CN=Robot: cms crab|/DC=ch/DC=cern/OU=Organic Units/OU=Users/CN=crabint1/CN=373708/CN=Robot: CMS CRAB Integration 1
  trusted retrieval policy: /DC=ch/DC=cern/OU=computers/CN=crab-(preprod|prod)-tw(01|02).cern.ch|/DC=ch/DC=cern/OU=computers/CN=crab-dev-tw(01|02|03|04).cern.ch|/DC=ch/DC=cern/OU=Organic Units/OU=Users/CN=cmscrab/CN=(817881|373708)/CN=Robot: cms crab|/DC=ch/DC=cern/OU=Organic Units/OU=Users/CN=crabint1/CN=373708/CN=Robot: CMS CRAB Integration 1
  timeleft: 558:36:40  (23.3 days)

 error: 
 retcode : 0
DEBUG 2025-03-25 21:43:38.058 UTC: 	 Myproxy is valid: 2010960
DEBUG 2025-03-25 21:43:38.058 UTC: 	 Result of myproxy credential check:
  Credential exists on myproxy: username: 2382a3cf28fdeacb1de9b039908761ea517a5ed6  - validity: 23 days, 6:36:00
DEBUG 2025-03-25 21:43:38.058 UTC: 	 Retrieving username ...
DEBUG 2025-03-25 21:43:38.058 UTC: 	 Retrieving username from CRIC...
DEBUG 2025-03-25 21:43:38.786 UTC: 	 username is amalhotr
INFO 2025-03-25 21:43:39.346 UTC: 	 Rucio client intialized for account amalhotr
DEBUG 2025-03-25 21:43:39.346 UTC: 	 Command use: status
DEBUG 2025-03-25 21:43:39.346 UTC: 	 Options use: ['-d', './crab_DYto2Mu4Jets_Unpacker_100']
DEBUG 2025-03-25 21:43:39.346 UTC: 	 Encoded data for curl request: subresource=version
DEBUG 2025-03-25 21:43:39.394 UTC: 	 CRABClient version: v3.250318
DEBUG 2025-03-25 21:43:39.394 UTC: 	 Instance is prod
DEBUG 2025-03-25 21:43:39.394 UTC: 	 Server base url is cmsweb.cern.ch
DEBUG 2025-03-25 21:43:39.394 UTC: 	 Command api workflow
DEBUG 2025-03-25 21:43:39.394 UTC: 	 Encoded data for curl request: subresource=search&workflow=250325_213853%3Aamalhotr_crab_DYto2Mu4Jets_Unpacker_100
DEBUG 2025-03-25 21:43:39.439 UTC: 	 Got information from server oracle database: {'desc': {'columns': ['tm_taskname', 'tm_activity', 'tm_task_status', 'tm_task_command', 'tm_start_time', 'tm_start_injection', 'tm_end_injection', 'tm_task_failure', 'tm_job_sw', 'tm_job_arch', 'tm_input_dataset', 'tm_nonvalid_input_dataset', 'tm_use_parent', 'tm_site_whitelist', 'tm_site_blacklist', 'tm_split_algo', 'tm_split_args', 'tm_user_sandbox', 'tm_cache_url', 'tm_username', 'tm_user_dn', 'tm_user_vo', 'tm_user_role', 'tm_user_group', 'tm_publish_name', 'tm_publish_groupname', 'tm_asyncdest', 'tm_dbs_url', 'tm_publish_dbs_url', 'tm_publication', 'tm_outfiles', 'tm_tfile_outfiles', 'tm_edm_outfiles', 'tm_job_type', 'tm_generator', 'tm_events_per_lumi', 'tm_arguments', 'tm_save_logs', 'tw_name', 'tm_user_infiles', 'tm_maxjobruntime', 'tm_numcores', 'tm_maxmemory', 'tm_priority', 'tm_output_dataset', 'tm_task_warnings', 'tm_user_webdir', 'tm_scriptexe', 'tm_scriptargs', 'tm_extrajdl', 'tm_collector', 'tm_schedd', 'tm_dry_run', 'tm_user_files', 'tm_transfer_outputs', 'tm_output_lfn', 'tm_ignore_locality', 'tm_fail_limit', 'tm_one_event_mode', 'tm_secondary_input_dataset', 'tm_primary_dataset', 'tm_last_publication', 'tm_debug_files', 'clusterid', 'tm_ignore_global_blacklist', 'tm_submitter_ip_addr', 'tm_totalunits', 'tm_ddm_reqid', 'tm_user_config', 'tm_transfer_container', 'tm_transfer_rule', 'tm_publish_rule', 'tm_multipub_rule', 'tm_job_min_microarch', 'tm_dagman_status', 'tm_num_jobs', 'tm_uploaded']}, 'result': ['250325_213853:amalhotr_crab_DYto2Mu4Jets_Unpacker_100', 'None', 'SUBMITTED', 'SUBMIT', '2025-03-25 21:38:53.687169', 'None', '2025-03-25 21:41:08.064743', 'None', 'CMSSW_14_0_18_patch1', 'el9_amd64_gcc12', '/DYto2Mu-4Jets_Bin-MLL-50_TuneCP5_13p6TeV_madgraphMLM-pythia8/RunIII2024Summer24MiniAOD-140X_mcRun3_2024_realistic_v26-v2/MINIAODSIM', 'F', '0', '[]', '[]', 'FileBased', "{'halt_job_on_file_boundaries': False, 'splitOnRun': False, 'files_per_job': 5, 'runs': [], 'lumis': []}", '3347ab5ebddcbcf20e5a549cff91c4ac4d53283ca301d10bc07120adeaa8b0f2.tar.gz', 'https://cmsweb.cern.ch/S3/crabcache_prod', 'amalhotr', '/DC=ch/DC=cern/OU=Organic Units/OU=Users/CN=amalhotr/CN=884837/CN=Aryan Malhotra', 'cms', 'None', 'None', 'DYto2Mu4Jets_Unpacker_100-00000000000000000000000000000000', 'F', 'T2_BR_SPRACE', 'https://cmsweb.cern.ch/dbs/prod/global/DBSReader', 'https://cmsweb.cern.ch/dbs/prod/phys03/DBSWriter', 'T', '[]', '[]', "['HLTUnpackerOutputLarge.root']", 'Analysis', 'pythia', 'None', '{}', 'T', 'crab-prod-tw01', '[]', '1250', '1', '2000', '10', 'None', '[]', 'http://vocms0122.cern.ch/mon/amalhotr/250325_213853:amalhotr_crab_DYto2Mu4Jets_Unpacker_100', 'None', '[]', '[]', 'cmsgwms-collector-global.cern.ch:9620,cmsgwms-collector-global.fnal.gov:9620', 'crab3@vocms0122.cern.ch', 'F', '[]', 'T', '/store/user/amalhotr/', 'F', 'None', 'F', 'None', 'DYto2Mu-4Jets_Bin-MLL-50_TuneCP5_13p6TeV_madgraphMLM-pythia8', 'None', '46abd81798f8172cc8a3a999c59ea9104a03ce5642e15b1dd94ed402b62ca33b.tar.gz', '124350952', 'F', '188.184.75.82', '100.0', 'None', '{"partialdataset": false, "requireaccelerator": false, "acceleratorparams": null, "inputblocks": null}', 'None', 'None', 'None', 'None', 'any', 'NOT_READY', '0', 'F']}
INFO 2025-03-25 21:43:39.439 UTC: 	 CRAB project directory:		/afs/cern.ch/user/a/amalhotr/CMSSW_14_0_18_patch1/src/Run3ScoutingAnalysisTools/crab_DYto2Mu4Jets_Unpacker_100
INFO 2025-03-25 21:43:39.439 UTC: 	 Task name:			250325_213853:amalhotr_crab_DYto2Mu4Jets_Unpacker_100
INFO 2025-03-25 21:43:39.439 UTC: 	 Grid scheduler - Task Worker:	crab3@vocms0122.cern.ch - crab-prod-tw01
INFO 2025-03-25 21:43:39.439 UTC: 	 Status on the CRAB server:	SUBMITTED
INFO 2025-03-25 21:43:39.439 UTC: 	 Task URL to use for HELP:	https://cmsweb.cern.ch/crabserver/ui/task/250325_213853%3Aamalhotr_crab_DYto2Mu4Jets_Unpacker_100
INFO 2025-03-25 21:43:39.445 UTC: 	 Dashboard monitoring URL:	https://monit-grafana.cern.ch/d/cmsTMDetail/cms-task-monitoring-task-view?orgId=11&var-user=amalhotr&var-task=250325_213853%3Aamalhotr_crab_DYto2Mu4Jets_Unpacker_100&from=1742935133000&to=now
DEBUG 2025-03-25 21:43:39.445 UTC: 	 The CRAB server submitted your task to the Grid scheduler (cluster ID: 124350952)
DEBUG 2025-03-25 21:43:39.445 UTC: 	 Webdir is located at http://vocms0122.cern.ch/mon/amalhotr/250325_213853:amalhotr_crab_DYto2Mu4Jets_Unpacker_100
DEBUG 2025-03-25 21:43:39.445 UTC: 	 Encoded data for curl request: subresource=webdirprx&workflow=250325_213853%3Aamalhotr_crab_DYto2Mu4Jets_Unpacker_100
DEBUG 2025-03-25 21:43:39.487 UTC: 	 Proxied webdir is located at https://cmsweb.cern.ch:8443/scheddmon/0122/amalhotr/250325_213853:amalhotr_crab_DYto2Mu4Jets_Unpacker_100
DEBUG 2025-03-25 21:43:39.487 UTC: 	 Retrieving 'status_cache' file from https://cmsweb.cern.ch:8443/scheddmon/0122/amalhotr/250325_213853:amalhotr_crab_DYto2Mu4Jets_Unpacker_100/status_cache.pkl
DEBUG 2025-03-25 21:43:39.487 UTC: 	 Will execute:
curl -sS --capath /etc/grid-security/certificates --cert /tmp/x509up_u180451 --key /tmp/x509up_u180451 -o /tmp/crab_status-cache-p4b259ps.pkl -w %"{http_code}" "https://cmsweb.cern.ch:8443/scheddmon/0122/amalhotr/250325_213853:amalhotr_crab_DYto2Mu4Jets_Unpacker_100/status_cache.pkl"
DEBUG 2025-03-25 21:43:39.487 UTC: 	 Executing command :
 curl -sS --capath /etc/grid-security/certificates --cert /tmp/x509up_u180451 --key /tmp/x509up_u180451 -o /tmp/crab_status-cache-p4b259ps.pkl -w %"{http_code}" "https://cmsweb.cern.ch:8443/scheddmon/0122/amalhotr/250325_213853:amalhotr_crab_DYto2Mu4Jets_Unpacker_100/status_cache.pkl"
DEBUG 2025-03-25 21:43:39.522 UTC: 	 output : 200
 error: 
 retcode : 0
DEBUG 2025-03-25 21:43:39.523 UTC: 	 exitcode: 0
stdout: 200
stderr: 
error details: 
DEBUG 2025-03-25 21:43:39.524 UTC: 	 Got information from status cache file: {'7': {'Retries': 0, 'Restarts': 0, 'SiteHistory': ['Unknown'], 'ResidentSetSize': [0], 'SubmitTimes': [1742938941.0], 'StartTimes': [], 'EndTimes': [], 'TotalUserCpuTimeHistory': [0.0], 'TotalSysCpuTimeHistory': [0.0], 'WallDurations': [0], 'JobIds': ['124350955.0'], 'State': 'idle', 'RecordedSite': False}, '14': {'Retries': 0, 'Restarts': 0, 'SiteHistory': ['Unknown'], 'ResidentSetSize': [0], 'SubmitTimes': [1742938941.0], 'StartTimes': [], 'EndTimes': [], 'TotalUserCpuTimeHistory': [0.0], 'TotalSysCpuTimeHistory': [0.0], 'WallDurations': [0], 'JobIds': ['124350956.0'], 'State': 'idle', 'RecordedSite': False}, '13': {'Retries': 0, 'Restarts': 0, 'SiteHistory': ['Unknown'], 'ResidentSetSize': [0], 'SubmitTimes': [1742938941.0], 'StartTimes': [], 'EndTimes': [], 'TotalUserCpuTimeHistory': [0.0], 'TotalSysCpuTimeHistory': [0.0], 'WallDurations': [0], 'JobIds': ['124350957.0'], 'State': 'idle', 'RecordedSite': False}, '18': {'Retries': 0, 'Restarts': 0, 'SiteHistory': ['Unknown'], 'ResidentSetSize': [0], 'SubmitTimes': [1742938942.0], 'StartTimes': [], 'EndTimes': [], 'TotalUserCpuTimeHistory': [0.0], 'TotalSysCpuTimeHistory': [0.0], 'WallDurations': [0], 'JobIds': ['124350958.0'], 'State': 'idle', 'RecordedSite': False}, '15': {'Retries': 0, 'Restarts': 0, 'SiteHistory': ['Unknown'], 'ResidentSetSize': [0], 'SubmitTimes': [1742938942.0], 'StartTimes': [], 'EndTimes': [], 'TotalUserCpuTimeHistory': [0.0], 'TotalSysCpuTimeHistory': [0.0], 'WallDurations': [0], 'JobIds': ['124350959.0'], 'State': 'idle', 'RecordedSite': False}, '1': {'Retries': 0, 'Restarts': 0, 'SiteHistory': ['Unknown'], 'ResidentSetSize': [0], 'SubmitTimes': [1742938942.0], 'StartTimes': [], 'EndTimes': [], 'TotalUserCpuTimeHistory': [0.0], 'TotalSysCpuTimeHistory': [0.0], 'WallDurations': [0], 'JobIds': ['124350960.0'], 'State': 'idle', 'RecordedSite': False}, '2': {'Retries': 0, 'Restarts': 0, 'SiteHistory': ['Unknown'], 'ResidentSetSize': [0], 'SubmitTimes': [1742938942.0], 'StartTimes': [], 'EndTimes': [], 'TotalUserCpuTimeHistory': [0.0], 'TotalSysCpuTimeHistory': [0.0], 'WallDurations': [0], 'JobIds': ['124350961.0'], 'State': 'idle', 'RecordedSite': False}, '8': {'Retries': 0, 'Restarts': 0, 'SiteHistory': ['Unknown'], 'ResidentSetSize': [0], 'SubmitTimes': [1742938942.0], 'StartTimes': [], 'EndTimes': [], 'TotalUserCpuTimeHistory': [0.0], 'TotalSysCpuTimeHistory': [0.0], 'WallDurations': [0], 'JobIds': ['124350962.0'], 'State': 'idle', 'RecordedSite': False}, '9': {'Retries': 0, 'Restarts': 0, 'SiteHistory': ['Unknown'], 'ResidentSetSize': [0], 'SubmitTimes': [1742938942.0], 'StartTimes': [], 'EndTimes': [], 'TotalUserCpuTimeHistory': [0.0], 'TotalSysCpuTimeHistory': [0.0], 'WallDurations': [0], 'JobIds': ['124350963.0'], 'State': 'idle', 'RecordedSite': False}, '12': {'Retries': 0, 'Restarts': 0, 'SiteHistory': ['Unknown'], 'ResidentSetSize': [0], 'SubmitTimes': [1742938942.0], 'StartTimes': [], 'EndTimes': [], 'TotalUserCpuTimeHistory': [0.0], 'TotalSysCpuTimeHistory': [0.0], 'WallDurations': [0], 'JobIds': ['124350964.0'], 'State': 'idle', 'RecordedSite': False}, '6': {'Retries': 0, 'Restarts': 0, 'SiteHistory': ['Unknown'], 'ResidentSetSize': [0], 'SubmitTimes': [1742938942.0], 'StartTimes': [], 'EndTimes': [], 'TotalUserCpuTimeHistory': [0.0], 'TotalSysCpuTimeHistory': [0.0], 'WallDurations': [0], 'JobIds': ['124350965.0'], 'State': 'idle', 'RecordedSite': False}, '10': {'Retries': 0, 'Restarts': 0, 'SiteHistory': ['Unknown'], 'ResidentSetSize': [0], 'SubmitTimes': [1742938942.0], 'StartTimes': [], 'EndTimes': [], 'TotalUserCpuTimeHistory': [0.0], 'TotalSysCpuTimeHistory': [0.0], 'WallDurations': [0], 'JobIds': ['124350966.0'], 'State': 'idle', 'RecordedSite': False}, '5': {'Retries': 0, 'Restarts': 0, 'SiteHistory': ['Unknown'], 'ResidentSetSize': [0], 'SubmitTimes': [1742938942.0], 'StartTimes': [], 'EndTimes': [], 'TotalUserCpuTimeHistory': [0.0], 'TotalSysCpuTimeHistory': [0.0], 'WallDurations': [0], 'JobIds': ['124350967.0'], 'State': 'idle', 'RecordedSite': False}, '17': {'Retries': 0, 'Restarts': 0, 'SiteHistory': ['Unknown'], 'ResidentSetSize': [0], 'SubmitTimes': [1742938942.0], 'StartTimes': [], 'EndTimes': [], 'TotalUserCpuTimeHistory': [0.0], 'TotalSysCpuTimeHistory': [0.0], 'WallDurations': [0], 'JobIds': ['124350968.0'], 'State': 'idle', 'RecordedSite': False}, '3': {'Retries': 0, 'Restarts': 0, 'SiteHistory': ['Unknown'], 'ResidentSetSize': [0], 'SubmitTimes': [1742938942.0], 'StartTimes': [], 'EndTimes': [], 'TotalUserCpuTimeHistory': [0.0], 'TotalSysCpuTimeHistory': [0.0], 'WallDurations': [0], 'JobIds': ['124350969.0'], 'State': 'idle', 'RecordedSite': False}, '11': {'Retries': 0, 'Restarts': 0, 'SiteHistory': ['Unknown'], 'ResidentSetSize': [0], 'SubmitTimes': [1742938942.0], 'StartTimes': [], 'EndTimes': [], 'TotalUserCpuTimeHistory': [0.0], 'TotalSysCpuTimeHistory': [0.0], 'WallDurations': [0], 'JobIds': ['124350970.0'], 'State': 'idle', 'RecordedSite': False}, '19': {'Retries': 0, 'Restarts': 0, 'SiteHistory': ['Unknown'], 'ResidentSetSize': [0], 'SubmitTimes': [1742938942.0], 'StartTimes': [], 'EndTimes': [], 'TotalUserCpuTimeHistory': [0.0], 'TotalSysCpuTimeHistory': [0.0], 'WallDurations': [0], 'JobIds': ['124350971.0'], 'State': 'idle', 'RecordedSite': False}, '20': {'Retries': 0, 'Restarts': 0, 'SiteHistory': ['Unknown'], 'ResidentSetSize': [0], 'SubmitTimes': [1742938942.0], 'StartTimes': [], 'EndTimes': [], 'TotalUserCpuTimeHistory': [0.0], 'TotalSysCpuTimeHistory': [0.0], 'WallDurations': [0], 'JobIds': ['124350972.0'], 'State': 'idle', 'RecordedSite': False}, '22': {'Retries': 0, 'Restarts': 0, 'SiteHistory': ['Unknown'], 'ResidentSetSize': [0], 'SubmitTimes': [1742938942.0], 'StartTimes': [], 'EndTimes': [], 'TotalUserCpuTimeHistory': [0.0], 'TotalSysCpuTimeHistory': [0.0], 'WallDurations': [0], 'JobIds': ['124350973.0'], 'State': 'idle', 'RecordedSite': False}, '23': {'Retries': 0, 'Restarts': 0, 'SiteHistory': ['Unknown'], 'ResidentSetSize': [0], 'SubmitTimes': [1742938943.0], 'StartTimes': [], 'EndTimes': [], 'TotalUserCpuTimeHistory': [0.0], 'TotalSysCpuTimeHistory': [0.0], 'WallDurations': [0], 'JobIds': ['124350974.0'], 'State': 'idle', 'RecordedSite': False}, '4': {'Retries': 0, 'Restarts': 0, 'SiteHistory': ['Unknown'], 'ResidentSetSize': [0], 'SubmitTimes': [1742938943.0], 'StartTimes': [], 'EndTimes': [], 'TotalUserCpuTimeHistory': [0.0], 'TotalSysCpuTimeHistory': [0.0], 'WallDurations': [0], 'JobIds': ['124350975.0'], 'State': 'idle', 'RecordedSite': False}, '24': {'Retries': 0, 'Restarts': 0, 'SiteHistory': ['Unknown'], 'ResidentSetSize': [0], 'SubmitTimes': [1742938943.0], 'StartTimes': [], 'EndTimes': [], 'TotalUserCpuTimeHistory': [0.0], 'TotalSysCpuTimeHistory': [0.0], 'WallDurations': [0], 'JobIds': ['124350976.0'], 'State': 'idle', 'RecordedSite': False}, '28': {'Retries': 0, 'Restarts': 0, 'SiteHistory': ['Unknown'], 'ResidentSetSize': [0], 'SubmitTimes': [1742938943.0], 'StartTimes': [], 'EndTimes': [], 'TotalUserCpuTimeHistory': [0.0], 'TotalSysCpuTimeHistory': [0.0], 'WallDurations': [0], 'JobIds': ['124350977.0'], 'State': 'idle', 'RecordedSite': False}, '27': {'Retries': 0, 'Restarts': 0, 'SiteHistory': ['Unknown'], 'ResidentSetSize': [0], 'SubmitTimes': [1742938943.0], 'StartTimes': [], 'EndTimes': [], 'TotalUserCpuTimeHistory': [0.0], 'TotalSysCpuTimeHistory': [0.0], 'WallDurations': [0], 'JobIds': ['124350978.0'], 'State': 'idle', 'RecordedSite': False}, '26': {'Retries': 0, 'Restarts': 0, 'SiteHistory': ['Unknown'], 'ResidentSetSize': [0], 'SubmitTimes': [1742938943.0], 'StartTimes': [], 'EndTimes': [], 'TotalUserCpuTimeHistory': [0.0], 'TotalSysCpuTimeHistory': [0.0], 'WallDurations': [0], 'JobIds': ['124350979.0'], 'State': 'idle', 'RecordedSite': False}, '29': {'Retries': 0, 'Restarts': 0, 'SiteHistory': ['Unknown'], 'ResidentSetSize': [0], 'SubmitTimes': [1742938943.0], 'StartTimes': [], 'EndTimes': [], 'TotalUserCpuTimeHistory': [0.0], 'TotalSysCpuTimeHistory': [0.0], 'WallDurations': [0], 'JobIds': ['124350980.0'], 'State': 'idle', 'RecordedSite': False}, '25': {'Retries': 0, 'Restarts': 0, 'SiteHistory': ['Unknown'], 'ResidentSetSize': [0], 'SubmitTimes': [1742938943.0], 'StartTimes': [], 'EndTimes': [], 'TotalUserCpuTimeHistory': [0.0], 'TotalSysCpuTimeHistory': [0.0], 'WallDurations': [0], 'JobIds': ['124350981.0'], 'State': 'idle', 'RecordedSite': False}, '21': {'Retries': 0, 'Restarts': 0, 'SiteHistory': ['Unknown'], 'ResidentSetSize': [0], 'SubmitTimes': [1742938943.0], 'StartTimes': [], 'EndTimes': [], 'TotalUserCpuTimeHistory': [0.0], 'TotalSysCpuTimeHistory': [0.0], 'WallDurations': [0], 'JobIds': ['124350982.0'], 'State': 'idle', 'RecordedSite': False}, '16': {'Retries': 0, 'Restarts': 0, 'SiteHistory': ['Unknown'], 'ResidentSetSize': [0], 'SubmitTimes': [1742938943.0], 'StartTimes': [], 'EndTimes': [], 'TotalUserCpuTimeHistory': [0.0], 'TotalSysCpuTimeHistory': [0.0], 'WallDurations': [0], 'JobIds': ['124350983.0'], 'State': 'idle', 'RecordedSite': False}}
INFO 2025-03-25 21:43:39.524 UTC: 	 Status on the scheduler:	SUBMITTED
INFO 2025-03-25 21:43:39.524 UTC: 	 
Jobs status:                    idle         		100.0% (29/29)
INFO 2025-03-25 21:43:39.524 UTC: 	 
No publication information available yet
INFO 2025-03-25 21:43:39.527 UTC: 	 Log file is /afs/cern.ch/user/a/amalhotr/CMSSW_14_0_18_patch1/src/Run3ScoutingAnalysisTools/crab_DYto2Mu4Jets_Unpacker_100/crab.log
DEBUG 2025-03-25 23:03:22.280 UTC: 	 CRAB Client version: v3.250318
DEBUG 2025-03-25 23:03:22.280 UTC: 	 Running on: Linux lxplus940.cern.ch 5.14.0-503.22.1.el9_5.x86_64 #1 SMP PREEMPT_DYNAMIC Wed Jan 15 08:02:15 EST 2025 x86_64 x86_64 x86_64 GNU/Linux
DEBUG 2025-03-25 23:03:22.280 UTC: 	 Not using Singularity
DEBUG 2025-03-25 23:03:22.280 UTC: 	 Operating System: Red Hat Enterprise Linux 9.5 (Plow)
DEBUG 2025-03-25 23:03:22.280 UTC: 	 Executing command: 'status'
DEBUG 2025-03-25 23:03:22.280 UTC: 	 Found CRAB cache file /afs/cern.ch/user/a/amalhotr/.crab3
DEBUG 2025-03-25 23:03:22.286 UTC: 	 Checking credentials
DEBUG 2025-03-25 23:03:22.287 UTC: 	 Found proxy file /tmp/x509up_u180451
DEBUG 2025-03-25 23:03:22.287 UTC: 	 Making sure it has proper VOMS extension
DEBUG 2025-03-25 23:03:22.287 UTC: 	 Executing command :
 voms-proxy-info --vo --file /tmp/x509up_u180451
DEBUG 2025-03-25 23:03:22.633 UTC: 	 output : cms

 error: 
 retcode : 0
DEBUG 2025-03-25 23:03:22.633 UTC: 	 Getting proxy life time left
DEBUG 2025-03-25 23:03:22.633 UTC: 	 Executing command :
 voms-proxy-info --actimeleft --timeleft --file /tmp/x509up_u180451
DEBUG 2025-03-25 23:03:22.974 UTC: 	 output : 686066
686066

 error: 
 retcode : 0
DEBUG 2025-03-25 23:03:22.974 UTC: 	 Proxy valid for 190:34:26 hours
DEBUG 2025-03-25 23:03:22.975 UTC: 	 Encoded data for curl request: subresource=delegatedn
DEBUG 2025-03-25 23:03:23.028 UTC: 	 Registering user credentials on myproxy for /DC=ch/DC=cern/OU=computers/CN=crab-(preprod|prod)-tw(01|02).cern.ch|/DC=ch/DC=cern/OU=computers/CN=crab-dev-tw(01|02|03|04).cern.ch|/DC=ch/DC=cern/OU=Organic Units/OU=Users/CN=cmscrab/CN=(817881|373708)/CN=Robot: cms crab|/DC=ch/DC=cern/OU=Organic Units/OU=Users/CN=crabint1/CN=373708/CN=Robot: CMS CRAB Integration 1
DEBUG 2025-03-25 23:03:23.029 UTC: 	 Executing command :
 voms-proxy-info --identity --file /tmp/x509up_u180451
DEBUG 2025-03-25 23:03:23.362 UTC: 	 output : /DC=ch/DC=cern/OU=Organic Units/OU=Users/CN=amalhotr/CN=884837/CN=Aryan Malhotra

 error: 
 retcode : 0
DEBUG 2025-03-25 23:03:23.362 UTC: 	 Getting myproxy life time left for 2382a3cf28fdeacb1de9b039908761ea517a5ed6
DEBUG 2025-03-25 23:03:23.362 UTC: 	 Executing command :
 myproxy-info -s myproxy.cern.ch -l 2382a3cf28fdeacb1de9b039908761ea517a5ed6
DEBUG 2025-03-25 23:03:23.658 UTC: 	 output : username: 2382a3cf28fdeacb1de9b039908761ea517a5ed6
owner: /DC=ch/DC=cern/OU=Organic Units/OU=Users/CN=amalhotr/CN=884837/CN=Aryan Malhotra
  renewal policy: /DC=ch/DC=cern/OU=computers/CN=crab-(preprod|prod)-tw(01|02).cern.ch|/DC=ch/DC=cern/OU=computers/CN=crab-dev-tw(01|02|03|04).cern.ch|/DC=ch/DC=cern/OU=Organic Units/OU=Users/CN=cmscrab/CN=(817881|373708)/CN=Robot: cms crab|/DC=ch/DC=cern/OU=Organic Units/OU=Users/CN=crabint1/CN=373708/CN=Robot: CMS CRAB Integration 1
  trusted retrieval policy: /DC=ch/DC=cern/OU=computers/CN=crab-(preprod|prod)-tw(01|02).cern.ch|/DC=ch/DC=cern/OU=computers/CN=crab-dev-tw(01|02|03|04).cern.ch|/DC=ch/DC=cern/OU=Organic Units/OU=Users/CN=cmscrab/CN=(817881|373708)/CN=Robot: cms crab|/DC=ch/DC=cern/OU=Organic Units/OU=Users/CN=crabint1/CN=373708/CN=Robot: CMS CRAB Integration 1
  timeleft: 557:16:55  (23.2 days)

 error: 
 retcode : 0
DEBUG 2025-03-25 23:03:23.659 UTC: 	 Myproxy is valid: 2006160
DEBUG 2025-03-25 23:03:23.659 UTC: 	 Result of myproxy credential check:
  Credential exists on myproxy: username: 2382a3cf28fdeacb1de9b039908761ea517a5ed6  - validity: 23 days, 5:16:00
DEBUG 2025-03-25 23:03:23.659 UTC: 	 Retrieving username ...
DEBUG 2025-03-25 23:03:23.659 UTC: 	 Retrieving username from CRIC...
DEBUG 2025-03-25 23:03:24.302 UTC: 	 username is amalhotr
INFO 2025-03-25 23:03:24.890 UTC: 	 Rucio client intialized for account amalhotr
DEBUG 2025-03-25 23:03:24.891 UTC: 	 Command use: status
DEBUG 2025-03-25 23:03:24.891 UTC: 	 Options use: ['-d', './crab_DYto2Mu4Jets_Unpacker_100']
DEBUG 2025-03-25 23:03:24.891 UTC: 	 Encoded data for curl request: subresource=version
DEBUG 2025-03-25 23:03:24.942 UTC: 	 CRABClient version: v3.250318
DEBUG 2025-03-25 23:03:24.943 UTC: 	 Instance is prod
DEBUG 2025-03-25 23:03:24.943 UTC: 	 Server base url is cmsweb.cern.ch
DEBUG 2025-03-25 23:03:24.943 UTC: 	 Command api workflow
DEBUG 2025-03-25 23:03:24.943 UTC: 	 Encoded data for curl request: subresource=search&workflow=250325_213853%3Aamalhotr_crab_DYto2Mu4Jets_Unpacker_100
DEBUG 2025-03-25 23:03:25.000 UTC: 	 Got information from server oracle database: {'desc': {'columns': ['tm_taskname', 'tm_activity', 'tm_task_status', 'tm_task_command', 'tm_start_time', 'tm_start_injection', 'tm_end_injection', 'tm_task_failure', 'tm_job_sw', 'tm_job_arch', 'tm_input_dataset', 'tm_nonvalid_input_dataset', 'tm_use_parent', 'tm_site_whitelist', 'tm_site_blacklist', 'tm_split_algo', 'tm_split_args', 'tm_user_sandbox', 'tm_cache_url', 'tm_username', 'tm_user_dn', 'tm_user_vo', 'tm_user_role', 'tm_user_group', 'tm_publish_name', 'tm_publish_groupname', 'tm_asyncdest', 'tm_dbs_url', 'tm_publish_dbs_url', 'tm_publication', 'tm_outfiles', 'tm_tfile_outfiles', 'tm_edm_outfiles', 'tm_job_type', 'tm_generator', 'tm_events_per_lumi', 'tm_arguments', 'tm_save_logs', 'tw_name', 'tm_user_infiles', 'tm_maxjobruntime', 'tm_numcores', 'tm_maxmemory', 'tm_priority', 'tm_output_dataset', 'tm_task_warnings', 'tm_user_webdir', 'tm_scriptexe', 'tm_scriptargs', 'tm_extrajdl', 'tm_collector', 'tm_schedd', 'tm_dry_run', 'tm_user_files', 'tm_transfer_outputs', 'tm_output_lfn', 'tm_ignore_locality', 'tm_fail_limit', 'tm_one_event_mode', 'tm_secondary_input_dataset', 'tm_primary_dataset', 'tm_last_publication', 'tm_debug_files', 'clusterid', 'tm_ignore_global_blacklist', 'tm_submitter_ip_addr', 'tm_totalunits', 'tm_ddm_reqid', 'tm_user_config', 'tm_transfer_container', 'tm_transfer_rule', 'tm_publish_rule', 'tm_multipub_rule', 'tm_job_min_microarch', 'tm_dagman_status', 'tm_num_jobs', 'tm_uploaded']}, 'result': ['250325_213853:amalhotr_crab_DYto2Mu4Jets_Unpacker_100', 'None', 'SUBMITTED', 'SUBMIT', '2025-03-25 21:38:53.687169', 'None', '2025-03-25 21:41:08.064743', 'None', 'CMSSW_14_0_18_patch1', 'el9_amd64_gcc12', '/DYto2Mu-4Jets_Bin-MLL-50_TuneCP5_13p6TeV_madgraphMLM-pythia8/RunIII2024Summer24MiniAOD-140X_mcRun3_2024_realistic_v26-v2/MINIAODSIM', 'F', '0', '[]', '[]', 'FileBased', "{'halt_job_on_file_boundaries': False, 'splitOnRun': False, 'files_per_job': 5, 'runs': [], 'lumis': []}", '3347ab5ebddcbcf20e5a549cff91c4ac4d53283ca301d10bc07120adeaa8b0f2.tar.gz', 'https://cmsweb.cern.ch/S3/crabcache_prod', 'amalhotr', '/DC=ch/DC=cern/OU=Organic Units/OU=Users/CN=amalhotr/CN=884837/CN=Aryan Malhotra', 'cms', 'None', 'None', 'DYto2Mu4Jets_Unpacker_100-00000000000000000000000000000000', 'F', 'T2_BR_SPRACE', 'https://cmsweb.cern.ch/dbs/prod/global/DBSReader', 'https://cmsweb.cern.ch/dbs/prod/phys03/DBSWriter', 'T', '[]', '[]', "['HLTUnpackerOutputLarge.root']", 'Analysis', 'pythia', 'None', '{}', 'T', 'crab-prod-tw01', '[]', '1250', '1', '2000', '10', "['/DYto2Mu-4Jets_Bin-MLL-50_TuneCP5_13p6TeV_madgraphMLM-pythia8/amalhotr-DYto2Mu4Jets_Unpacker_100-49feb6938084587a06052f9676570a55/USER']", '[]', 'http://vocms0122.cern.ch/mon/amalhotr/250325_213853:amalhotr_crab_DYto2Mu4Jets_Unpacker_100', 'None', '[]', '[]', 'cmsgwms-collector-global.cern.ch:9620,cmsgwms-collector-global.fnal.gov:9620', 'crab3@vocms0122.cern.ch', 'F', '[]', 'T', '/store/user/amalhotr/', 'F', 'None', 'F', 'None', 'DYto2Mu-4Jets_Bin-MLL-50_TuneCP5_13p6TeV_madgraphMLM-pythia8', 'None', '46abd81798f8172cc8a3a999c59ea9104a03ce5642e15b1dd94ed402b62ca33b.tar.gz', '124350952', 'F', '188.184.75.82', '100.0', 'None', '{"partialdataset": false, "requireaccelerator": false, "acceleratorparams": null, "inputblocks": null}', 'None', 'None', 'None', 'None', 'any', 'NOT_READY', '0', 'F']}
INFO 2025-03-25 23:03:25.001 UTC: 	 CRAB project directory:		/afs/cern.ch/user/a/amalhotr/CMSSW_14_0_18_patch1/src/Run3ScoutingAnalysisTools/crab_DYto2Mu4Jets_Unpacker_100
INFO 2025-03-25 23:03:25.001 UTC: 	 Task name:			250325_213853:amalhotr_crab_DYto2Mu4Jets_Unpacker_100
INFO 2025-03-25 23:03:25.001 UTC: 	 Grid scheduler - Task Worker:	crab3@vocms0122.cern.ch - crab-prod-tw01
INFO 2025-03-25 23:03:25.001 UTC: 	 Status on the CRAB server:	SUBMITTED
INFO 2025-03-25 23:03:25.001 UTC: 	 Task URL to use for HELP:	https://cmsweb.cern.ch/crabserver/ui/task/250325_213853%3Aamalhotr_crab_DYto2Mu4Jets_Unpacker_100
INFO 2025-03-25 23:03:25.007 UTC: 	 Dashboard monitoring URL:	https://monit-grafana.cern.ch/d/cmsTMDetail/cms-task-monitoring-task-view?orgId=11&var-user=amalhotr&var-task=250325_213853%3Aamalhotr_crab_DYto2Mu4Jets_Unpacker_100&from=1742935133000&to=now
DEBUG 2025-03-25 23:03:25.008 UTC: 	 The CRAB server submitted your task to the Grid scheduler (cluster ID: 124350952)
DEBUG 2025-03-25 23:03:25.008 UTC: 	 Webdir is located at http://vocms0122.cern.ch/mon/amalhotr/250325_213853:amalhotr_crab_DYto2Mu4Jets_Unpacker_100
DEBUG 2025-03-25 23:03:25.008 UTC: 	 Encoded data for curl request: subresource=webdirprx&workflow=250325_213853%3Aamalhotr_crab_DYto2Mu4Jets_Unpacker_100
DEBUG 2025-03-25 23:03:25.052 UTC: 	 Proxied webdir is located at https://cmsweb.cern.ch:8443/scheddmon/0122/amalhotr/250325_213853:amalhotr_crab_DYto2Mu4Jets_Unpacker_100
DEBUG 2025-03-25 23:03:25.059 UTC: 	 Retrieving 'status_cache' file from https://cmsweb.cern.ch:8443/scheddmon/0122/amalhotr/250325_213853:amalhotr_crab_DYto2Mu4Jets_Unpacker_100/status_cache.pkl
DEBUG 2025-03-25 23:03:25.059 UTC: 	 Will execute:
curl -sS --capath /etc/grid-security/certificates --cert /tmp/x509up_u180451 --key /tmp/x509up_u180451 -o /tmp/crab_status-cache-lnywszrz.pkl -w %"{http_code}" "https://cmsweb.cern.ch:8443/scheddmon/0122/amalhotr/250325_213853:amalhotr_crab_DYto2Mu4Jets_Unpacker_100/status_cache.pkl"
DEBUG 2025-03-25 23:03:25.059 UTC: 	 Executing command :
 curl -sS --capath /etc/grid-security/certificates --cert /tmp/x509up_u180451 --key /tmp/x509up_u180451 -o /tmp/crab_status-cache-lnywszrz.pkl -w %"{http_code}" "https://cmsweb.cern.ch:8443/scheddmon/0122/amalhotr/250325_213853:amalhotr_crab_DYto2Mu4Jets_Unpacker_100/status_cache.pkl"
DEBUG 2025-03-25 23:03:25.097 UTC: 	 output : 200
 error: 
 retcode : 0
DEBUG 2025-03-25 23:03:25.097 UTC: 	 exitcode: 0
stdout: 200
stderr: 
error details: 
DEBUG 2025-03-25 23:03:25.097 UTC: 	 Got information from status cache file: {'7': {'Retries': 0, 'Restarts': 0, 'SiteHistory': ['Unknown', 'T2_IT_Legnaro', 'T2_IT_Legnaro'], 'ResidentSetSize': [1327032], 'SubmitTimes': [1742938941.0], 'StartTimes': [1742939160.0], 'EndTimes': [1742941680.0], 'TotalUserCpuTimeHistory': [1728], 'TotalSysCpuTimeHistory': [121], 'WallDurations': [9.0, 138.507226228714, 2520.0], 'JobIds': ['124350955.0'], 'State': 'transferring', 'RecordedSite': True}, '14': {'Retries': 0, 'Restarts': 0, 'SiteHistory': ['Unknown', 'T1_UK_RAL', 'T1_UK_RAL'], 'ResidentSetSize': [1265248], 'SubmitTimes': [1742938941.0], 'StartTimes': [1742939021.0], 'EndTimes': [1742942752.0], 'TotalUserCpuTimeHistory': [1608], 'TotalSysCpuTimeHistory': [425], 'WallDurations': [8.0, 277.507226228714, 3731.0], 'JobIds': ['124350956.0'], 'State': 'transferring', 'RecordedSite': True}, '13': {'Retries': 0, 'Restarts': 0, 'SiteHistory': ['Unknown', 'T1_UK_RAL', 'T1_UK_RAL'], 'ResidentSetSize': [1340176], 'SubmitTimes': [1742938941.0], 'StartTimes': [1742939022.0], 'EndTimes': [1742943121.0], 'TotalUserCpuTimeHistory': [1838], 'TotalSysCpuTimeHistory': [525], 'WallDurations': [8.0, 276.507226228714, 4099.0], 'JobIds': ['124350957.0'], 'State': 'transferring', 'RecordedSite': True}, '18': {'Retries': 0, 'Restarts': 0, 'SiteHistory': ['Unknown', 'T1_UK_RAL', 'T1_UK_RAL'], 'ResidentSetSize': [1303732], 'SubmitTimes': [1742938942.0], 'StartTimes': [1742939023.0], 'EndTimes': [1742942865.0], 'TotalUserCpuTimeHistory': [1740], 'TotalSysCpuTimeHistory': [513], 'WallDurations': [8.0, 275.507226228714, 3842.0], 'JobIds': ['124350958.0'], 'State': 'transferring', 'RecordedSite': True}, '15': {'Retries': 0, 'Restarts': 0, 'SiteHistory': ['Unknown', 'T1_UK_RAL', 'T1_UK_RAL'], 'ResidentSetSize': [1393036], 'SubmitTimes': [1742938942.0], 'StartTimes': [1742939022.0], 'EndTimes': [1742942970.0], 'TotalUserCpuTimeHistory': [1676], 'TotalSysCpuTimeHistory': [527], 'WallDurations': [8.0, 276.507226228714, 3948.0], 'JobIds': ['124350959.0'], 'State': 'transferring', 'RecordedSite': True}, '1': {'Retries': 0, 'Restarts': 0, 'SiteHistory': ['Unknown', 'T2_UK_London_IC', 'T2_UK_London_IC'], 'ResidentSetSize': [1275176], 'SubmitTimes': [1742938942.0], 'StartTimes': [1742939160.0], 'EndTimes': [1742943179.0], 'TotalUserCpuTimeHistory': [1717], 'TotalSysCpuTimeHistory': [620], 'WallDurations': [9.0, 138.507226228714, 4019.0], 'JobIds': ['124350960.0'], 'State': 'transferring', 'RecordedSite': True}, '2': {'Retries': 0, 'Restarts': 0, 'SiteHistory': ['Unknown', 'T2_UK_London_IC', 'T2_UK_London_IC'], 'ResidentSetSize': [689780], 'SubmitTimes': [1742938942.0], 'StartTimes': [1742939160.0], 'EndTimes': [1742940103.0], 'TotalUserCpuTimeHistory': [490], 'TotalSysCpuTimeHistory': [79], 'WallDurations': [9.0, 138.507226228714, 943.0], 'JobIds': ['124350961.0'], 'State': 'finished', 'RecordedSite': True}, '8': {'Retries': 0, 'Restarts': 0, 'SiteHistory': ['Unknown', 'T2_IT_Legnaro', 'T2_IT_Legnaro'], 'ResidentSetSize': [92916], 'SubmitTimes': [1742938942.0], 'StartTimes': [1742939160.0], 'EndTimes': [1742939417.0], 'TotalUserCpuTimeHistory': [150], 'TotalSysCpuTimeHistory': [13], 'WallDurations': [8.0, 138.507226228714, 257.0], 'JobIds': ['124350962.0'], 'State': 'transferring', 'RecordedSite': True}, '9': {'Retries': 0, 'Restarts': 0, 'SiteHistory': ['Unknown', 'T2_DE_RWTH', 'T2_DE_RWTH'], 'ResidentSetSize': [638632], 'SubmitTimes': [1742938942.0], 'StartTimes': [1742939160.0], 'EndTimes': [1742939729.0], 'TotalUserCpuTimeHistory': [207], 'TotalSysCpuTimeHistory': [27], 'WallDurations': [9.0, 138.507226228714, 569.0], 'JobIds': ['124350963.0'], 'State': 'finished', 'RecordedSite': True}, '12': {'Retries': 0, 'Restarts': 0, 'SiteHistory': ['Unknown', 'T2_US_Vanderbilt', 'T2_US_Vanderbilt'], 'ResidentSetSize': [1162692], 'SubmitTimes': [1742938942.0], 'StartTimes': [1742939237.0], 'EndTimes': [1742939947.0], 'TotalUserCpuTimeHistory': [381], 'TotalSysCpuTimeHistory': [15], 'WallDurations': [8.0, 61.50722622871399, 710.0], 'JobIds': ['124350964.0'], 'State': 'finished', 'RecordedSite': True}, '6': {'Retries': 0, 'Restarts': 0, 'SiteHistory': ['Unknown', 'T2_IT_Legnaro', 'T2_IT_Legnaro'], 'ResidentSetSize': [1267868], 'SubmitTimes': [1742938942.0], 'StartTimes': [1742939160.0], 'EndTimes': [1742940886.0], 'TotalUserCpuTimeHistory': [1281], 'TotalSysCpuTimeHistory': [118], 'WallDurations': [9.0, 138.507226228714, 1726.0], 'JobIds': ['124350965.0'], 'State': 'transferring', 'RecordedSite': True}, '10': {'Retries': 0, 'Restarts': 0, 'SiteHistory': ['Unknown', 'T2_DE_DESY', 'T2_DE_DESY'], 'ResidentSetSize': [512544], 'SubmitTimes': [1742938942.0], 'StartTimes': [1742939160.0], 'EndTimes': [1742939579.0], 'TotalUserCpuTimeHistory': [217], 'TotalSysCpuTimeHistory': [39], 'WallDurations': [9.0, 138.507226228714, 419.0], 'JobIds': ['124350966.0'], 'State': 'finished', 'RecordedSite': True}, '5': {'Retries': 0, 'Restarts': 0, 'SiteHistory': ['Unknown', 'T2_IT_Legnaro', 'T2_IT_Legnaro'], 'ResidentSetSize': [766480], 'SubmitTimes': [1742938942.0], 'StartTimes': [1742939160.0], 'EndTimes': [1742940338.0], 'TotalUserCpuTimeHistory': [911], 'TotalSysCpuTimeHistory': [86], 'WallDurations': [9.0, 138.507226228714, 1178.0], 'JobIds': ['124350967.0'], 'State': 'transferring', 'RecordedSite': True}, '17': {'Retries': 0, 'Restarts': 0, 'SiteHistory': ['Unknown', 'T1_UK_RAL', 'T1_UK_RAL'], 'ResidentSetSize': [1333396], 'SubmitTimes': [1742938942.0], 'StartTimes': [1742939021.0], 'EndTimes': [1742942769.0], 'TotalUserCpuTimeHistory': [1593], 'TotalSysCpuTimeHistory': [486], 'WallDurations': [8.0, 277.507226228714, 3748.0], 'JobIds': ['124350968.0'], 'State': 'transferring', 'RecordedSite': True}, '3': {'Retries': 0, 'Restarts': 0, 'SiteHistory': ['Unknown', 'T1_ES_PIC', 'T1_ES_PIC'], 'ResidentSetSize': [805408], 'SubmitTimes': [1742938942.0], 'StartTimes': [1742939023.0], 'EndTimes': [1742941610.0], 'TotalUserCpuTimeHistory': [1326], 'TotalSysCpuTimeHistory': [234], 'WallDurations': [9.0, 275.507226228714, 2587.0], 'JobIds': ['124350969.0'], 'State': 'finished', 'RecordedSite': True}, '11': {'Retries': 0, 'Restarts': 0, 'SiteHistory': ['Unknown', 'T2_IT_Pisa', 'T2_IT_Pisa'], 'ResidentSetSize': [505128], 'SubmitTimes': [1742938942.0], 'StartTimes': [1742939160.0], 'EndTimes': [1742940119.0], 'TotalUserCpuTimeHistory': [462], 'TotalSysCpuTimeHistory': [36], 'WallDurations': [9.0, 138.507226228714, 959.0], 'JobIds': ['124350970.0'], 'State': 'finished', 'RecordedSite': True}, '19': {'Retries': 0, 'Restarts': 0, 'SiteHistory': ['Unknown', 'T1_UK_RAL', 'T1_UK_RAL'], 'ResidentSetSize': [1179200], 'SubmitTimes': [1742938942.0], 'StartTimes': [1742939021.0], 'EndTimes': [1742943065.0], 'TotalUserCpuTimeHistory': [1606], 'TotalSysCpuTimeHistory': [436], 'WallDurations': [8.0, 277.507226228714, 4044.0], 'JobIds': ['124350971.0'], 'State': 'transferring', 'RecordedSite': True}, '20': {'Retries': 0, 'Restarts': 0, 'SiteHistory': ['Unknown', 'T1_UK_RAL', 'T1_UK_RAL'], 'ResidentSetSize': [1351680], 'SubmitTimes': [1742938942.0], 'StartTimes': [1742939022.0], 'EndTimes': [1742943433.0], 'TotalUserCpuTimeHistory': [2001], 'TotalSysCpuTimeHistory': [582], 'WallDurations': [8.0, 276.507226228714, 4411.0], 'JobIds': ['124350972.0'], 'State': 'transferring', 'RecordedSite': True}, '22': {'Retries': 0, 'Restarts': 0, 'SiteHistory': ['Unknown', 'T1_UK_RAL', 'T1_UK_RAL'], 'ResidentSetSize': [1343484], 'SubmitTimes': [1742938942.0], 'StartTimes': [1742939022.0], 'EndTimes': [], 'TotalUserCpuTimeHistory': [1885.0], 'TotalSysCpuTimeHistory': [548.0], 'WallDurations': [8.0, 276.507226228714, 3915.0], 'JobIds': ['124350973.0'], 'State': 'running', 'RecordedSite': True}, '23': {'Retries': 0, 'Restarts': 0, 'SiteHistory': ['Unknown', 'T1_UK_RAL', 'T1_UK_RAL'], 'ResidentSetSize': [693748], 'SubmitTimes': [1742938943.0], 'StartTimes': [1742939022.0], 'EndTimes': [1742940565.0], 'TotalUserCpuTimeHistory': [632], 'TotalSysCpuTimeHistory': [220], 'WallDurations': [8.0, 276.507226228714, 1543.0], 'JobIds': ['124350974.0'], 'State': 'finished', 'RecordedSite': True}, '4': {'Retries': 0, 'Restarts': 0, 'SiteHistory': ['Unknown', 'T2_UK_London_IC', 'T2_UK_London_IC'], 'ResidentSetSize': [812848], 'SubmitTimes': [1742938943.0], 'StartTimes': [1742939160.0], 'EndTimes': [1742939955.0], 'TotalUserCpuTimeHistory': [326], 'TotalSysCpuTimeHistory': [105], 'WallDurations': [9.0, 138.507226228714, 795.0], 'JobIds': ['124350975.0'], 'State': 'finished', 'RecordedSite': True}, '24': {'Retries': 0, 'Restarts': 0, 'SiteHistory': ['Unknown', 'T1_FR_CCIN2P3', 'T1_FR_CCIN2P3'], 'ResidentSetSize': [616100], 'SubmitTimes': [1742938943.0], 'StartTimes': [1742939020.0], 'EndTimes': [1742939489.0], 'TotalUserCpuTimeHistory': [206], 'TotalSysCpuTimeHistory': [73], 'WallDurations': [9.0, 278.507226228714, 469.0], 'JobIds': ['124350976.0'], 'State': 'finished', 'RecordedSite': True}, '28': {'Retries': 0, 'Restarts': 0, 'SiteHistory': ['Unknown', 'T2_US_Vanderbilt', 'T2_US_Vanderbilt'], 'ResidentSetSize': [1160420], 'SubmitTimes': [1742938943.0], 'StartTimes': [1742939236.0], 'EndTimes': [1742939980.0], 'TotalUserCpuTimeHistory': [289], 'TotalSysCpuTimeHistory': [16], 'WallDurations': [9.0, 62.50722622871399, 744.0], 'JobIds': ['124350977.0'], 'State': 'finished', 'RecordedSite': True}, '27': {'Retries': 0, 'Restarts': 0, 'SiteHistory': ['Unknown', 'T2_US_UCSD', 'T2_US_UCSD'], 'ResidentSetSize': [1094944], 'SubmitTimes': [1742938943.0], 'StartTimes': [1742939243.0], 'EndTimes': [1742940579.0], 'TotalUserCpuTimeHistory': [488], 'TotalSysCpuTimeHistory': [33], 'WallDurations': [9.0, 55.50722622871399, 1336.0], 'JobIds': ['124350978.0'], 'State': 'finished', 'RecordedSite': True}, '26': {'Retries': 0, 'Restarts': 0, 'SiteHistory': ['Unknown', 'T1_FR_CCIN2P3', 'T1_FR_CCIN2P3'], 'ResidentSetSize': [678520], 'SubmitTimes': [1742938943.0], 'StartTimes': [1742939022.0], 'EndTimes': [1742940552.0], 'TotalUserCpuTimeHistory': [765], 'TotalSysCpuTimeHistory': [295], 'WallDurations': [8.0, 276.507226228714, 1530.0], 'JobIds': ['124350979.0'], 'State': 'finished', 'RecordedSite': True}, '29': {'Retries': 0, 'Restarts': 0, 'SiteHistory': ['Unknown', 'T1_UK_RAL', 'T1_UK_RAL'], 'ResidentSetSize': [791796], 'SubmitTimes': [1742938943.0], 'StartTimes': [1742939023.0], 'EndTimes': [1742939976.0], 'TotalUserCpuTimeHistory': [360], 'TotalSysCpuTimeHistory': [98], 'WallDurations': [8.0, 275.507226228714, 953.0], 'JobIds': ['124350980.0'], 'State': 'finished', 'RecordedSite': True}, '25': {'Retries': 0, 'Restarts': 0, 'SiteHistory': ['Unknown', 'T1_FR_CCIN2P3', 'T1_FR_CCIN2P3'], 'ResidentSetSize': [885772], 'SubmitTimes': [1742938943.0], 'StartTimes': [1742939023.0], 'EndTimes': [1742941862.0], 'TotalUserCpuTimeHistory': [1336], 'TotalSysCpuTimeHistory': [513], 'WallDurations': [9.0, 275.507226228714, 2839.0], 'JobIds': ['124350981.0'], 'State': 'transferring', 'RecordedSite': True}, '21': {'Retries': 0, 'Restarts': 0, 'SiteHistory': ['Unknown', 'T1_UK_RAL', 'T1_UK_RAL'], 'ResidentSetSize': [1091408], 'SubmitTimes': [1742938943.0], 'StartTimes': [1742939021.0], 'EndTimes': [1742942941.0], 'TotalUserCpuTimeHistory': [1714], 'TotalSysCpuTimeHistory': [504], 'WallDurations': [8.0, 277.507226228714, 3920.0], 'JobIds': ['124350982.0'], 'State': 'transferring', 'RecordedSite': True}, '16': {'Retries': 0, 'Restarts': 0, 'SiteHistory': ['Unknown', 'T1_UK_RAL', 'T1_UK_RAL'], 'ResidentSetSize': [854104], 'SubmitTimes': [1742938943.0], 'StartTimes': [1742939022.0], 'EndTimes': [1742942989.0], 'TotalUserCpuTimeHistory': [1703], 'TotalSysCpuTimeHistory': [500], 'WallDurations': [8.0, 276.507226228714, 3967.0], 'JobIds': ['124350983.0'], 'State': 'transferring', 'RecordedSite': True}}
INFO 2025-03-25 23:03:25.097 UTC: 	 Status on the scheduler:	SUBMITTED
INFO 2025-03-25 23:03:25.098 UTC: 	 
Jobs status:                    finished     		 44.8% (13/29)
INFO 2025-03-25 23:03:25.098 UTC: 	 				running      		  3.4% ( 1/29)
INFO 2025-03-25 23:03:25.099 UTC: 	 				transferring 		 51.7% (15/29)
DEBUG 2025-03-25 23:03:25.099 UTC: 	 Encoded data for curl request: subresource=publicationstatus&workflow=250325_213853%3Aamalhotr_crab_DYto2Mu4Jets_Unpacker_100&username=amalhotr
INFO 2025-03-25 23:03:25.138 UTC: 	 
Publication status of 1 dataset(s):	new          		 48.3% (14/29)
(from CRAB internal bookkeeping in transferdb)
					unsubmitted  		 51.7% (15/29)
INFO 2025-03-25 23:03:25.139 UTC: 	 
Output dataset:			/DYto2Mu-4Jets_Bin-MLL-50_TuneCP5_13p6TeV_madgraphMLM-pythia8/amalhotr-DYto2Mu4Jets_Unpacker_100-49feb6938084587a06052f9676570a55/USER
Output dataset DAS URL:		https://cmsweb.cern.ch/das/request?input=%2FDYto2Mu-4Jets_Bin-MLL-50_TuneCP5_13p6TeV_madgraphMLM-pythia8%2Famalhotr-DYto2Mu4Jets_Unpacker_100-49feb6938084587a06052f9676570a55%2FUSER&instance=prod%2Fphys03
INFO 2025-03-25 23:03:25.140 UTC: 	 
Warning: the max jobs runtime is less than 30% of the task requested value (1250 min), please consider to request a lower value for failed jobs (allowed through crab resubmit) and/or improve the jobs splitting (e.g. config.Data.splitting = 'Automatic') in a new task.
INFO 2025-03-25 23:03:25.140 UTC: 	 
Summary of run jobs:
 * Memory: 90MB min, 1360MB max, 938MB ave
 * Runtime: 0:04:17 min, 1:13:31 max, 0:36:47 ave
 * CPU eff: 39% min, 85% max, 58% ave
 * Waste: 1:39:12 (9% of total)

INFO 2025-03-25 23:03:25.166 UTC: 	 Log file is /afs/cern.ch/user/a/amalhotr/CMSSW_14_0_18_patch1/src/Run3ScoutingAnalysisTools/crab_DYto2Mu4Jets_Unpacker_100/crab.log
DEBUG 2025-03-26 01:16:14.616 UTC: 	 CRAB Client version: v3.250318
DEBUG 2025-03-26 01:16:14.616 UTC: 	 Running on: Linux lxplus940.cern.ch 5.14.0-503.22.1.el9_5.x86_64 #1 SMP PREEMPT_DYNAMIC Wed Jan 15 08:02:15 EST 2025 x86_64 x86_64 x86_64 GNU/Linux
DEBUG 2025-03-26 01:16:14.616 UTC: 	 Not using Singularity
DEBUG 2025-03-26 01:16:14.616 UTC: 	 Operating System: Red Hat Enterprise Linux 9.5 (Plow)
DEBUG 2025-03-26 01:16:14.616 UTC: 	 Executing command: 'status'
DEBUG 2025-03-26 01:16:14.617 UTC: 	 Found CRAB cache file /afs/cern.ch/user/a/amalhotr/.crab3
DEBUG 2025-03-26 01:16:14.623 UTC: 	 Checking credentials
DEBUG 2025-03-26 01:16:14.623 UTC: 	 Found proxy file /tmp/x509up_u180451
DEBUG 2025-03-26 01:16:14.623 UTC: 	 Making sure it has proper VOMS extension
DEBUG 2025-03-26 01:16:14.623 UTC: 	 Executing command :
 voms-proxy-info --vo --file /tmp/x509up_u180451
DEBUG 2025-03-26 01:16:14.969 UTC: 	 output : cms

 error: 
 retcode : 0
DEBUG 2025-03-26 01:16:14.969 UTC: 	 Getting proxy life time left
DEBUG 2025-03-26 01:16:14.969 UTC: 	 Executing command :
 voms-proxy-info --actimeleft --timeleft --file /tmp/x509up_u180451
DEBUG 2025-03-26 01:16:15.293 UTC: 	 output : 678093
678093

 error: 
 retcode : 0
DEBUG 2025-03-26 01:16:15.294 UTC: 	 Proxy valid for 188:21:33 hours
DEBUG 2025-03-26 01:16:15.294 UTC: 	 Encoded data for curl request: subresource=delegatedn
DEBUG 2025-03-26 01:16:15.336 UTC: 	 Registering user credentials on myproxy for /DC=ch/DC=cern/OU=computers/CN=crab-(preprod|prod)-tw(01|02).cern.ch|/DC=ch/DC=cern/OU=computers/CN=crab-dev-tw(01|02|03|04).cern.ch|/DC=ch/DC=cern/OU=Organic Units/OU=Users/CN=cmscrab/CN=(817881|373708)/CN=Robot: cms crab|/DC=ch/DC=cern/OU=Organic Units/OU=Users/CN=crabint1/CN=373708/CN=Robot: CMS CRAB Integration 1
DEBUG 2025-03-26 01:16:15.336 UTC: 	 Executing command :
 voms-proxy-info --identity --file /tmp/x509up_u180451
DEBUG 2025-03-26 01:16:15.664 UTC: 	 output : /DC=ch/DC=cern/OU=Organic Units/OU=Users/CN=amalhotr/CN=884837/CN=Aryan Malhotra

 error: 
 retcode : 0
DEBUG 2025-03-26 01:16:15.664 UTC: 	 Getting myproxy life time left for 2382a3cf28fdeacb1de9b039908761ea517a5ed6
DEBUG 2025-03-26 01:16:15.664 UTC: 	 Executing command :
 myproxy-info -s myproxy.cern.ch -l 2382a3cf28fdeacb1de9b039908761ea517a5ed6
DEBUG 2025-03-26 01:16:15.942 UTC: 	 output : username: 2382a3cf28fdeacb1de9b039908761ea517a5ed6
owner: /DC=ch/DC=cern/OU=Organic Units/OU=Users/CN=amalhotr/CN=884837/CN=Aryan Malhotra
  renewal policy: /DC=ch/DC=cern/OU=computers/CN=crab-(preprod|prod)-tw(01|02).cern.ch|/DC=ch/DC=cern/OU=computers/CN=crab-dev-tw(01|02|03|04).cern.ch|/DC=ch/DC=cern/OU=Organic Units/OU=Users/CN=cmscrab/CN=(817881|373708)/CN=Robot: cms crab|/DC=ch/DC=cern/OU=Organic Units/OU=Users/CN=crabint1/CN=373708/CN=Robot: CMS CRAB Integration 1
  trusted retrieval policy: /DC=ch/DC=cern/OU=computers/CN=crab-(preprod|prod)-tw(01|02).cern.ch|/DC=ch/DC=cern/OU=computers/CN=crab-dev-tw(01|02|03|04).cern.ch|/DC=ch/DC=cern/OU=Organic Units/OU=Users/CN=cmscrab/CN=(817881|373708)/CN=Robot: cms crab|/DC=ch/DC=cern/OU=Organic Units/OU=Users/CN=crabint1/CN=373708/CN=Robot: CMS CRAB Integration 1
  timeleft: 555:04:03  (23.1 days)

 error: 
 retcode : 0
DEBUG 2025-03-26 01:16:15.942 UTC: 	 Myproxy is valid: 1998240
DEBUG 2025-03-26 01:16:15.942 UTC: 	 Result of myproxy credential check:
  Credential exists on myproxy: username: 2382a3cf28fdeacb1de9b039908761ea517a5ed6  - validity: 23 days, 3:04:00
DEBUG 2025-03-26 01:16:15.942 UTC: 	 Retrieving username ...
DEBUG 2025-03-26 01:16:15.942 UTC: 	 Retrieving username from CRIC...
DEBUG 2025-03-26 01:16:16.587 UTC: 	 username is amalhotr
INFO 2025-03-26 01:16:17.141 UTC: 	 Rucio client intialized for account amalhotr
DEBUG 2025-03-26 01:16:17.142 UTC: 	 Command use: status
DEBUG 2025-03-26 01:16:17.142 UTC: 	 Options use: ['-d', './crab_DYto2Mu4Jets_Unpacker_100']
DEBUG 2025-03-26 01:16:17.142 UTC: 	 Encoded data for curl request: subresource=version
DEBUG 2025-03-26 01:16:17.180 UTC: 	 CRABClient version: v3.250318
DEBUG 2025-03-26 01:16:17.180 UTC: 	 Instance is prod
DEBUG 2025-03-26 01:16:17.180 UTC: 	 Server base url is cmsweb.cern.ch
DEBUG 2025-03-26 01:16:17.180 UTC: 	 Command api workflow
DEBUG 2025-03-26 01:16:17.180 UTC: 	 Encoded data for curl request: subresource=search&workflow=250325_213853%3Aamalhotr_crab_DYto2Mu4Jets_Unpacker_100
DEBUG 2025-03-26 01:16:17.230 UTC: 	 Got information from server oracle database: {'desc': {'columns': ['tm_taskname', 'tm_activity', 'tm_task_status', 'tm_task_command', 'tm_start_time', 'tm_start_injection', 'tm_end_injection', 'tm_task_failure', 'tm_job_sw', 'tm_job_arch', 'tm_input_dataset', 'tm_nonvalid_input_dataset', 'tm_use_parent', 'tm_site_whitelist', 'tm_site_blacklist', 'tm_split_algo', 'tm_split_args', 'tm_user_sandbox', 'tm_cache_url', 'tm_username', 'tm_user_dn', 'tm_user_vo', 'tm_user_role', 'tm_user_group', 'tm_publish_name', 'tm_publish_groupname', 'tm_asyncdest', 'tm_dbs_url', 'tm_publish_dbs_url', 'tm_publication', 'tm_outfiles', 'tm_tfile_outfiles', 'tm_edm_outfiles', 'tm_job_type', 'tm_generator', 'tm_events_per_lumi', 'tm_arguments', 'tm_save_logs', 'tw_name', 'tm_user_infiles', 'tm_maxjobruntime', 'tm_numcores', 'tm_maxmemory', 'tm_priority', 'tm_output_dataset', 'tm_task_warnings', 'tm_user_webdir', 'tm_scriptexe', 'tm_scriptargs', 'tm_extrajdl', 'tm_collector', 'tm_schedd', 'tm_dry_run', 'tm_user_files', 'tm_transfer_outputs', 'tm_output_lfn', 'tm_ignore_locality', 'tm_fail_limit', 'tm_one_event_mode', 'tm_secondary_input_dataset', 'tm_primary_dataset', 'tm_last_publication', 'tm_debug_files', 'clusterid', 'tm_ignore_global_blacklist', 'tm_submitter_ip_addr', 'tm_totalunits', 'tm_ddm_reqid', 'tm_user_config', 'tm_transfer_container', 'tm_transfer_rule', 'tm_publish_rule', 'tm_multipub_rule', 'tm_job_min_microarch', 'tm_dagman_status', 'tm_num_jobs', 'tm_uploaded']}, 'result': ['250325_213853:amalhotr_crab_DYto2Mu4Jets_Unpacker_100', 'None', 'SUBMITTED', 'SUBMIT', '2025-03-25 21:38:53.687169', 'None', '2025-03-25 21:41:08.064743', 'None', 'CMSSW_14_0_18_patch1', 'el9_amd64_gcc12', '/DYto2Mu-4Jets_Bin-MLL-50_TuneCP5_13p6TeV_madgraphMLM-pythia8/RunIII2024Summer24MiniAOD-140X_mcRun3_2024_realistic_v26-v2/MINIAODSIM', 'F', '0', '[]', '[]', 'FileBased', "{'halt_job_on_file_boundaries': False, 'splitOnRun': False, 'files_per_job': 5, 'runs': [], 'lumis': []}", '3347ab5ebddcbcf20e5a549cff91c4ac4d53283ca301d10bc07120adeaa8b0f2.tar.gz', 'https://cmsweb.cern.ch/S3/crabcache_prod', 'amalhotr', '/DC=ch/DC=cern/OU=Organic Units/OU=Users/CN=amalhotr/CN=884837/CN=Aryan Malhotra', 'cms', 'None', 'None', 'DYto2Mu4Jets_Unpacker_100-00000000000000000000000000000000', 'F', 'T2_BR_SPRACE', 'https://cmsweb.cern.ch/dbs/prod/global/DBSReader', 'https://cmsweb.cern.ch/dbs/prod/phys03/DBSWriter', 'T', '[]', '[]', "['HLTUnpackerOutputLarge.root']", 'Analysis', 'pythia', 'None', '{}', 'T', 'crab-prod-tw01', '[]', '1250', '1', '2000', '10', "['/DYto2Mu-4Jets_Bin-MLL-50_TuneCP5_13p6TeV_madgraphMLM-pythia8/amalhotr-DYto2Mu4Jets_Unpacker_100-49feb6938084587a06052f9676570a55/USER']", '[]', 'http://vocms0122.cern.ch/mon/amalhotr/250325_213853:amalhotr_crab_DYto2Mu4Jets_Unpacker_100', 'None', '[]', '[]', 'cmsgwms-collector-global.cern.ch:9620,cmsgwms-collector-global.fnal.gov:9620', 'crab3@vocms0122.cern.ch', 'F', '[]', 'T', '/store/user/amalhotr/', 'F', 'None', 'F', 'None', 'DYto2Mu-4Jets_Bin-MLL-50_TuneCP5_13p6TeV_madgraphMLM-pythia8', 'None', '46abd81798f8172cc8a3a999c59ea9104a03ce5642e15b1dd94ed402b62ca33b.tar.gz', '124350952', 'F', '188.184.75.82', '100.0', 'None', '{"partialdataset": false, "requireaccelerator": false, "acceleratorparams": null, "inputblocks": null}', 'None', 'None', 'None', 'None', 'any', 'NOT_READY', '0', 'F']}
INFO 2025-03-26 01:16:17.230 UTC: 	 CRAB project directory:		/afs/cern.ch/user/a/amalhotr/CMSSW_14_0_18_patch1/src/Run3ScoutingAnalysisTools/crab_DYto2Mu4Jets_Unpacker_100
INFO 2025-03-26 01:16:17.231 UTC: 	 Task name:			250325_213853:amalhotr_crab_DYto2Mu4Jets_Unpacker_100
INFO 2025-03-26 01:16:17.231 UTC: 	 Grid scheduler - Task Worker:	crab3@vocms0122.cern.ch - crab-prod-tw01
INFO 2025-03-26 01:16:17.231 UTC: 	 Status on the CRAB server:	SUBMITTED
INFO 2025-03-26 01:16:17.231 UTC: 	 Task URL to use for HELP:	https://cmsweb.cern.ch/crabserver/ui/task/250325_213853%3Aamalhotr_crab_DYto2Mu4Jets_Unpacker_100
INFO 2025-03-26 01:16:17.237 UTC: 	 Dashboard monitoring URL:	https://monit-grafana.cern.ch/d/cmsTMDetail/cms-task-monitoring-task-view?orgId=11&var-user=amalhotr&var-task=250325_213853%3Aamalhotr_crab_DYto2Mu4Jets_Unpacker_100&from=1742935133000&to=now
DEBUG 2025-03-26 01:16:17.237 UTC: 	 The CRAB server submitted your task to the Grid scheduler (cluster ID: 124350952)
DEBUG 2025-03-26 01:16:17.237 UTC: 	 Webdir is located at http://vocms0122.cern.ch/mon/amalhotr/250325_213853:amalhotr_crab_DYto2Mu4Jets_Unpacker_100
DEBUG 2025-03-26 01:16:17.237 UTC: 	 Encoded data for curl request: subresource=webdirprx&workflow=250325_213853%3Aamalhotr_crab_DYto2Mu4Jets_Unpacker_100
DEBUG 2025-03-26 01:16:17.272 UTC: 	 Proxied webdir is located at https://cmsweb.cern.ch:8443/scheddmon/0122/amalhotr/250325_213853:amalhotr_crab_DYto2Mu4Jets_Unpacker_100
DEBUG 2025-03-26 01:16:17.273 UTC: 	 Retrieving 'status_cache' file from https://cmsweb.cern.ch:8443/scheddmon/0122/amalhotr/250325_213853:amalhotr_crab_DYto2Mu4Jets_Unpacker_100/status_cache.pkl
DEBUG 2025-03-26 01:16:17.273 UTC: 	 Will execute:
curl -sS --capath /etc/grid-security/certificates --cert /tmp/x509up_u180451 --key /tmp/x509up_u180451 -o /tmp/crab_status-cache-adab7a0m.pkl -w %"{http_code}" "https://cmsweb.cern.ch:8443/scheddmon/0122/amalhotr/250325_213853:amalhotr_crab_DYto2Mu4Jets_Unpacker_100/status_cache.pkl"
DEBUG 2025-03-26 01:16:17.273 UTC: 	 Executing command :
 curl -sS --capath /etc/grid-security/certificates --cert /tmp/x509up_u180451 --key /tmp/x509up_u180451 -o /tmp/crab_status-cache-adab7a0m.pkl -w %"{http_code}" "https://cmsweb.cern.ch:8443/scheddmon/0122/amalhotr/250325_213853:amalhotr_crab_DYto2Mu4Jets_Unpacker_100/status_cache.pkl"
DEBUG 2025-03-26 01:16:17.306 UTC: 	 output : 200
 error: 
 retcode : 0
DEBUG 2025-03-26 01:16:17.306 UTC: 	 exitcode: 0
stdout: 200
stderr: 
error details: 
DEBUG 2025-03-26 01:16:17.306 UTC: 	 Got information from status cache file: {'7': {'Retries': 0, 'Restarts': 0, 'SiteHistory': ['Unknown', 'T2_IT_Legnaro', 'T2_IT_Legnaro'], 'ResidentSetSize': [1327032], 'SubmitTimes': [1742938941.0], 'StartTimes': [1742939160.0], 'EndTimes': [1742941680.0], 'TotalUserCpuTimeHistory': [1728], 'TotalSysCpuTimeHistory': [121], 'WallDurations': [9.0, 138.507226228714, 2520.0], 'JobIds': ['124350955.0'], 'State': 'finished', 'RecordedSite': True}, '14': {'Retries': 0, 'Restarts': 0, 'SiteHistory': ['Unknown', 'T1_UK_RAL', 'T1_UK_RAL'], 'ResidentSetSize': [1265248], 'SubmitTimes': [1742938941.0], 'StartTimes': [1742939021.0], 'EndTimes': [1742942752.0], 'TotalUserCpuTimeHistory': [1608], 'TotalSysCpuTimeHistory': [425], 'WallDurations': [8.0, 277.507226228714, 3731.0], 'JobIds': ['124350956.0'], 'State': 'finished', 'RecordedSite': True}, '13': {'Retries': 0, 'Restarts': 0, 'SiteHistory': ['Unknown', 'T1_UK_RAL', 'T1_UK_RAL'], 'ResidentSetSize': [1340176], 'SubmitTimes': [1742938941.0], 'StartTimes': [1742939022.0], 'EndTimes': [1742943121.0], 'TotalUserCpuTimeHistory': [1838], 'TotalSysCpuTimeHistory': [525], 'WallDurations': [8.0, 276.507226228714, 4099.0], 'JobIds': ['124350957.0'], 'State': 'finished', 'RecordedSite': True}, '18': {'Retries': 0, 'Restarts': 0, 'SiteHistory': ['Unknown', 'T1_UK_RAL', 'T1_UK_RAL'], 'ResidentSetSize': [1303732], 'SubmitTimes': [1742938942.0], 'StartTimes': [1742939023.0], 'EndTimes': [1742942865.0], 'TotalUserCpuTimeHistory': [1740], 'TotalSysCpuTimeHistory': [513], 'WallDurations': [8.0, 275.507226228714, 3842.0], 'JobIds': ['124350958.0'], 'State': 'finished', 'RecordedSite': True}, '15': {'Retries': 0, 'Restarts': 0, 'SiteHistory': ['Unknown', 'T1_UK_RAL', 'T1_UK_RAL'], 'ResidentSetSize': [1393036], 'SubmitTimes': [1742938942.0], 'StartTimes': [1742939022.0], 'EndTimes': [1742942970.0], 'TotalUserCpuTimeHistory': [1676], 'TotalSysCpuTimeHistory': [527], 'WallDurations': [8.0, 276.507226228714, 3948.0], 'JobIds': ['124350959.0'], 'State': 'finished', 'RecordedSite': True}, '1': {'Retries': 0, 'Restarts': 0, 'SiteHistory': ['Unknown', 'T2_UK_London_IC', 'T2_UK_London_IC'], 'ResidentSetSize': [1275176], 'SubmitTimes': [1742938942.0], 'StartTimes': [1742939160.0], 'EndTimes': [1742943179.0], 'TotalUserCpuTimeHistory': [1717], 'TotalSysCpuTimeHistory': [620], 'WallDurations': [9.0, 138.507226228714, 4019.0], 'JobIds': ['124350960.0'], 'State': 'finished', 'RecordedSite': True}, '2': {'Retries': 0, 'Restarts': 0, 'SiteHistory': ['Unknown', 'T2_UK_London_IC', 'T2_UK_London_IC'], 'ResidentSetSize': [689780], 'SubmitTimes': [1742938942.0], 'StartTimes': [1742939160.0], 'EndTimes': [1742940103.0], 'TotalUserCpuTimeHistory': [490], 'TotalSysCpuTimeHistory': [79], 'WallDurations': [9.0, 138.507226228714, 943.0], 'JobIds': ['124350961.0'], 'State': 'finished', 'RecordedSite': True}, '8': {'Retries': 0, 'Restarts': 0, 'SiteHistory': ['Unknown', 'T2_IT_Legnaro', 'T2_IT_Legnaro'], 'ResidentSetSize': [92916], 'SubmitTimes': [1742938942.0], 'StartTimes': [1742939160.0], 'EndTimes': [1742939417.0], 'TotalUserCpuTimeHistory': [150], 'TotalSysCpuTimeHistory': [13], 'WallDurations': [8.0, 138.507226228714, 257.0], 'JobIds': ['124350962.0'], 'State': 'finished', 'RecordedSite': True}, '9': {'Retries': 0, 'Restarts': 0, 'SiteHistory': ['Unknown', 'T2_DE_RWTH', 'T2_DE_RWTH'], 'ResidentSetSize': [638632], 'SubmitTimes': [1742938942.0], 'StartTimes': [1742939160.0], 'EndTimes': [1742939729.0], 'TotalUserCpuTimeHistory': [207], 'TotalSysCpuTimeHistory': [27], 'WallDurations': [9.0, 138.507226228714, 569.0], 'JobIds': ['124350963.0'], 'State': 'finished', 'RecordedSite': True}, '12': {'Retries': 0, 'Restarts': 0, 'SiteHistory': ['Unknown', 'T2_US_Vanderbilt', 'T2_US_Vanderbilt'], 'ResidentSetSize': [1162692], 'SubmitTimes': [1742938942.0], 'StartTimes': [1742939237.0], 'EndTimes': [1742939947.0], 'TotalUserCpuTimeHistory': [381], 'TotalSysCpuTimeHistory': [15], 'WallDurations': [8.0, 61.50722622871399, 710.0], 'JobIds': ['124350964.0'], 'State': 'finished', 'RecordedSite': True}, '6': {'Retries': 0, 'Restarts': 0, 'SiteHistory': ['Unknown', 'T2_IT_Legnaro', 'T2_IT_Legnaro'], 'ResidentSetSize': [1267868], 'SubmitTimes': [1742938942.0], 'StartTimes': [1742939160.0], 'EndTimes': [1742940886.0], 'TotalUserCpuTimeHistory': [1281], 'TotalSysCpuTimeHistory': [118], 'WallDurations': [9.0, 138.507226228714, 1726.0], 'JobIds': ['124350965.0'], 'State': 'finished', 'RecordedSite': True}, '10': {'Retries': 0, 'Restarts': 0, 'SiteHistory': ['Unknown', 'T2_DE_DESY', 'T2_DE_DESY'], 'ResidentSetSize': [512544], 'SubmitTimes': [1742938942.0], 'StartTimes': [1742939160.0], 'EndTimes': [1742939579.0], 'TotalUserCpuTimeHistory': [217], 'TotalSysCpuTimeHistory': [39], 'WallDurations': [9.0, 138.507226228714, 419.0], 'JobIds': ['124350966.0'], 'State': 'finished', 'RecordedSite': True}, '5': {'Retries': 0, 'Restarts': 0, 'SiteHistory': ['Unknown', 'T2_IT_Legnaro', 'T2_IT_Legnaro'], 'ResidentSetSize': [766480], 'SubmitTimes': [1742938942.0], 'StartTimes': [1742939160.0], 'EndTimes': [1742940338.0], 'TotalUserCpuTimeHistory': [911], 'TotalSysCpuTimeHistory': [86], 'WallDurations': [9.0, 138.507226228714, 1178.0], 'JobIds': ['124350967.0'], 'State': 'finished', 'RecordedSite': True}, '17': {'Retries': 0, 'Restarts': 0, 'SiteHistory': ['Unknown', 'T1_UK_RAL', 'T1_UK_RAL'], 'ResidentSetSize': [1333396], 'SubmitTimes': [1742938942.0], 'StartTimes': [1742939021.0], 'EndTimes': [1742942769.0], 'TotalUserCpuTimeHistory': [1593], 'TotalSysCpuTimeHistory': [486], 'WallDurations': [8.0, 277.507226228714, 3748.0], 'JobIds': ['124350968.0'], 'State': 'finished', 'RecordedSite': True}, '3': {'Retries': 0, 'Restarts': 0, 'SiteHistory': ['Unknown', 'T1_ES_PIC', 'T1_ES_PIC'], 'ResidentSetSize': [805408], 'SubmitTimes': [1742938942.0], 'StartTimes': [1742939023.0], 'EndTimes': [1742941610.0], 'TotalUserCpuTimeHistory': [1326], 'TotalSysCpuTimeHistory': [234], 'WallDurations': [9.0, 275.507226228714, 2587.0], 'JobIds': ['124350969.0'], 'State': 'finished', 'RecordedSite': True}, '11': {'Retries': 0, 'Restarts': 0, 'SiteHistory': ['Unknown', 'T2_IT_Pisa', 'T2_IT_Pisa'], 'ResidentSetSize': [505128], 'SubmitTimes': [1742938942.0], 'StartTimes': [1742939160.0], 'EndTimes': [1742940119.0], 'TotalUserCpuTimeHistory': [462], 'TotalSysCpuTimeHistory': [36], 'WallDurations': [9.0, 138.507226228714, 959.0], 'JobIds': ['124350970.0'], 'State': 'finished', 'RecordedSite': True}, '19': {'Retries': 0, 'Restarts': 0, 'SiteHistory': ['Unknown', 'T1_UK_RAL', 'T1_UK_RAL'], 'ResidentSetSize': [1179200], 'SubmitTimes': [1742938942.0], 'StartTimes': [1742939021.0], 'EndTimes': [1742943065.0], 'TotalUserCpuTimeHistory': [1606], 'TotalSysCpuTimeHistory': [436], 'WallDurations': [8.0, 277.507226228714, 4044.0], 'JobIds': ['124350971.0'], 'State': 'finished', 'RecordedSite': True}, '20': {'Retries': 0, 'Restarts': 0, 'SiteHistory': ['Unknown', 'T1_UK_RAL', 'T1_UK_RAL'], 'ResidentSetSize': [1351680], 'SubmitTimes': [1742938942.0], 'StartTimes': [1742939022.0], 'EndTimes': [1742943433.0], 'TotalUserCpuTimeHistory': [2001], 'TotalSysCpuTimeHistory': [582], 'WallDurations': [8.0, 276.507226228714, 4411.0], 'JobIds': ['124350972.0'], 'State': 'finished', 'RecordedSite': True}, '22': {'Retries': 0, 'Restarts': 0, 'SiteHistory': ['Unknown', 'T1_UK_RAL', 'T1_UK_RAL'], 'ResidentSetSize': [1343484], 'SubmitTimes': [1742938942.0], 'StartTimes': [1742939022.0], 'EndTimes': [1742943581.0], 'TotalUserCpuTimeHistory': [1890], 'TotalSysCpuTimeHistory': [553], 'WallDurations': [8.0, 276.507226228714, 4559.0], 'JobIds': ['124350973.0'], 'State': 'finished', 'RecordedSite': True}, '23': {'Retries': 0, 'Restarts': 0, 'SiteHistory': ['Unknown', 'T1_UK_RAL', 'T1_UK_RAL'], 'ResidentSetSize': [693748], 'SubmitTimes': [1742938943.0], 'StartTimes': [1742939022.0], 'EndTimes': [1742940565.0], 'TotalUserCpuTimeHistory': [632], 'TotalSysCpuTimeHistory': [220], 'WallDurations': [8.0, 276.507226228714, 1543.0], 'JobIds': ['124350974.0'], 'State': 'finished', 'RecordedSite': True}, '4': {'Retries': 0, 'Restarts': 0, 'SiteHistory': ['Unknown', 'T2_UK_London_IC', 'T2_UK_London_IC'], 'ResidentSetSize': [812848], 'SubmitTimes': [1742938943.0], 'StartTimes': [1742939160.0], 'EndTimes': [1742939955.0], 'TotalUserCpuTimeHistory': [326], 'TotalSysCpuTimeHistory': [105], 'WallDurations': [9.0, 138.507226228714, 795.0], 'JobIds': ['124350975.0'], 'State': 'finished', 'RecordedSite': True}, '24': {'Retries': 0, 'Restarts': 0, 'SiteHistory': ['Unknown', 'T1_FR_CCIN2P3', 'T1_FR_CCIN2P3'], 'ResidentSetSize': [616100], 'SubmitTimes': [1742938943.0], 'StartTimes': [1742939020.0], 'EndTimes': [1742939489.0], 'TotalUserCpuTimeHistory': [206], 'TotalSysCpuTimeHistory': [73], 'WallDurations': [9.0, 278.507226228714, 469.0], 'JobIds': ['124350976.0'], 'State': 'finished', 'RecordedSite': True}, '28': {'Retries': 0, 'Restarts': 0, 'SiteHistory': ['Unknown', 'T2_US_Vanderbilt', 'T2_US_Vanderbilt'], 'ResidentSetSize': [1160420], 'SubmitTimes': [1742938943.0], 'StartTimes': [1742939236.0], 'EndTimes': [1742939980.0], 'TotalUserCpuTimeHistory': [289], 'TotalSysCpuTimeHistory': [16], 'WallDurations': [9.0, 62.50722622871399, 744.0], 'JobIds': ['124350977.0'], 'State': 'finished', 'RecordedSite': True}, '27': {'Retries': 0, 'Restarts': 0, 'SiteHistory': ['Unknown', 'T2_US_UCSD', 'T2_US_UCSD'], 'ResidentSetSize': [1094944], 'SubmitTimes': [1742938943.0], 'StartTimes': [1742939243.0], 'EndTimes': [1742940579.0], 'TotalUserCpuTimeHistory': [488], 'TotalSysCpuTimeHistory': [33], 'WallDurations': [9.0, 55.50722622871399, 1336.0], 'JobIds': ['124350978.0'], 'State': 'finished', 'RecordedSite': True}, '26': {'Retries': 0, 'Restarts': 0, 'SiteHistory': ['Unknown', 'T1_FR_CCIN2P3', 'T1_FR_CCIN2P3'], 'ResidentSetSize': [678520], 'SubmitTimes': [1742938943.0], 'StartTimes': [1742939022.0], 'EndTimes': [1742940552.0], 'TotalUserCpuTimeHistory': [765], 'TotalSysCpuTimeHistory': [295], 'WallDurations': [8.0, 276.507226228714, 1530.0], 'JobIds': ['124350979.0'], 'State': 'finished', 'RecordedSite': True}, '29': {'Retries': 0, 'Restarts': 0, 'SiteHistory': ['Unknown', 'T1_UK_RAL', 'T1_UK_RAL'], 'ResidentSetSize': [791796], 'SubmitTimes': [1742938943.0], 'StartTimes': [1742939023.0], 'EndTimes': [1742939976.0], 'TotalUserCpuTimeHistory': [360], 'TotalSysCpuTimeHistory': [98], 'WallDurations': [8.0, 275.507226228714, 953.0], 'JobIds': ['124350980.0'], 'State': 'finished', 'RecordedSite': True}, '25': {'Retries': 0, 'Restarts': 0, 'SiteHistory': ['Unknown', 'T1_FR_CCIN2P3', 'T1_FR_CCIN2P3'], 'ResidentSetSize': [885772], 'SubmitTimes': [1742938943.0], 'StartTimes': [1742939023.0], 'EndTimes': [1742941862.0], 'TotalUserCpuTimeHistory': [1336], 'TotalSysCpuTimeHistory': [513], 'WallDurations': [9.0, 275.507226228714, 2839.0], 'JobIds': ['124350981.0'], 'State': 'finished', 'RecordedSite': True}, '21': {'Retries': 0, 'Restarts': 0, 'SiteHistory': ['Unknown', 'T1_UK_RAL', 'T1_UK_RAL'], 'ResidentSetSize': [1091408], 'SubmitTimes': [1742938943.0], 'StartTimes': [1742939021.0], 'EndTimes': [1742942941.0], 'TotalUserCpuTimeHistory': [1714], 'TotalSysCpuTimeHistory': [504], 'WallDurations': [8.0, 277.507226228714, 3920.0], 'JobIds': ['124350982.0'], 'State': 'finished', 'RecordedSite': True}, '16': {'Retries': 0, 'Restarts': 0, 'SiteHistory': ['Unknown', 'T1_UK_RAL', 'T1_UK_RAL'], 'ResidentSetSize': [854104], 'SubmitTimes': [1742938943.0], 'StartTimes': [1742939022.0], 'EndTimes': [1742942989.0], 'TotalUserCpuTimeHistory': [1703], 'TotalSysCpuTimeHistory': [500], 'WallDurations': [8.0, 276.507226228714, 3967.0], 'JobIds': ['124350983.0'], 'State': 'finished', 'RecordedSite': True}}
INFO 2025-03-26 01:16:17.306 UTC: 	 Status on the scheduler:	COMPLETED
INFO 2025-03-26 01:16:17.307 UTC: 	 
Jobs status:                    finished     		100.0% (29/29)
DEBUG 2025-03-26 01:16:17.307 UTC: 	 Encoded data for curl request: subresource=publicationstatus&workflow=250325_213853%3Aamalhotr_crab_DYto2Mu4Jets_Unpacker_100&username=amalhotr
INFO 2025-03-26 01:16:17.357 UTC: 	 
Publication status of 1 dataset(s):	new          		100.0% (29/29)
(from CRAB internal bookkeeping in transferdb)
INFO 2025-03-26 01:16:17.358 UTC: 	 
Output dataset:			/DYto2Mu-4Jets_Bin-MLL-50_TuneCP5_13p6TeV_madgraphMLM-pythia8/amalhotr-DYto2Mu4Jets_Unpacker_100-49feb6938084587a06052f9676570a55/USER
Output dataset DAS URL:		https://cmsweb.cern.ch/das/request?input=%2FDYto2Mu-4Jets_Bin-MLL-50_TuneCP5_13p6TeV_madgraphMLM-pythia8%2Famalhotr-DYto2Mu4Jets_Unpacker_100-49feb6938084587a06052f9676570a55%2FUSER&instance=prod%2Fphys03
INFO 2025-03-26 01:16:17.358 UTC: 	 
Warning: the max jobs runtime is less than 30% of the task requested value (1250 min), please consider to request a lower value for failed jobs (allowed through crab resubmit) and/or improve the jobs splitting (e.g. config.Data.splitting = 'Automatic') in a new task.
INFO 2025-03-26 01:16:17.358 UTC: 	 
Summary of run jobs:
 * Memory: 90MB min, 1360MB max, 951MB ave
 * Runtime: 0:04:17 min, 1:15:59 max, 0:38:08 ave
 * CPU eff: 39% min, 85% max, 58% ave
 * Waste: 1:43:56 (9% of total)

INFO 2025-03-26 01:16:17.378 UTC: 	 Log file is /afs/cern.ch/user/a/amalhotr/CMSSW_14_0_18_patch1/src/Run3ScoutingAnalysisTools/crab_DYto2Mu4Jets_Unpacker_100/crab.log
DEBUG 2025-03-26 01:42:22.620 UTC: 	 CRAB Client version: v3.250318
DEBUG 2025-03-26 01:42:22.620 UTC: 	 Running on: Linux lxplus940.cern.ch 5.14.0-503.22.1.el9_5.x86_64 #1 SMP PREEMPT_DYNAMIC Wed Jan 15 08:02:15 EST 2025 x86_64 x86_64 x86_64 GNU/Linux
DEBUG 2025-03-26 01:42:22.620 UTC: 	 Not using Singularity
DEBUG 2025-03-26 01:42:22.620 UTC: 	 Operating System: Red Hat Enterprise Linux 9.5 (Plow)
DEBUG 2025-03-26 01:42:22.620 UTC: 	 Executing command: 'report'
DEBUG 2025-03-26 01:42:22.620 UTC: 	 Found CRAB cache file /afs/cern.ch/user/a/amalhotr/.crab3
DEBUG 2025-03-26 01:42:22.652 UTC: 	 Checking credentials
DEBUG 2025-03-26 01:42:22.652 UTC: 	 Found proxy file /tmp/x509up_u180451
DEBUG 2025-03-26 01:42:22.652 UTC: 	 Making sure it has proper VOMS extension
DEBUG 2025-03-26 01:42:22.652 UTC: 	 Executing command :
 voms-proxy-info --vo --file /tmp/x509up_u180451
DEBUG 2025-03-26 01:42:22.989 UTC: 	 output : cms

 error: 
 retcode : 0
DEBUG 2025-03-26 01:42:22.989 UTC: 	 Getting proxy life time left
DEBUG 2025-03-26 01:42:22.989 UTC: 	 Executing command :
 voms-proxy-info --actimeleft --timeleft --file /tmp/x509up_u180451
DEBUG 2025-03-26 01:42:23.318 UTC: 	 output : 676525
676525

 error: 
 retcode : 0
DEBUG 2025-03-26 01:42:23.318 UTC: 	 Proxy valid for 187:55:25 hours
DEBUG 2025-03-26 01:42:23.318 UTC: 	 Encoded data for curl request: subresource=delegatedn
DEBUG 2025-03-26 01:42:23.371 UTC: 	 Registering user credentials on myproxy for /DC=ch/DC=cern/OU=computers/CN=crab-(preprod|prod)-tw(01|02).cern.ch|/DC=ch/DC=cern/OU=computers/CN=crab-dev-tw(01|02|03|04).cern.ch|/DC=ch/DC=cern/OU=Organic Units/OU=Users/CN=cmscrab/CN=(817881|373708)/CN=Robot: cms crab|/DC=ch/DC=cern/OU=Organic Units/OU=Users/CN=crabint1/CN=373708/CN=Robot: CMS CRAB Integration 1
DEBUG 2025-03-26 01:42:23.371 UTC: 	 Executing command :
 voms-proxy-info --identity --file /tmp/x509up_u180451
DEBUG 2025-03-26 01:42:23.688 UTC: 	 output : /DC=ch/DC=cern/OU=Organic Units/OU=Users/CN=amalhotr/CN=884837/CN=Aryan Malhotra

 error: 
 retcode : 0
DEBUG 2025-03-26 01:42:23.688 UTC: 	 Getting myproxy life time left for 2382a3cf28fdeacb1de9b039908761ea517a5ed6
DEBUG 2025-03-26 01:42:23.688 UTC: 	 Executing command :
 myproxy-info -s myproxy.cern.ch -l 2382a3cf28fdeacb1de9b039908761ea517a5ed6
DEBUG 2025-03-26 01:42:23.974 UTC: 	 output : username: 2382a3cf28fdeacb1de9b039908761ea517a5ed6
owner: /DC=ch/DC=cern/OU=Organic Units/OU=Users/CN=amalhotr/CN=884837/CN=Aryan Malhotra
  renewal policy: /DC=ch/DC=cern/OU=computers/CN=crab-(preprod|prod)-tw(01|02).cern.ch|/DC=ch/DC=cern/OU=computers/CN=crab-dev-tw(01|02|03|04).cern.ch|/DC=ch/DC=cern/OU=Organic Units/OU=Users/CN=cmscrab/CN=(817881|373708)/CN=Robot: cms crab|/DC=ch/DC=cern/OU=Organic Units/OU=Users/CN=crabint1/CN=373708/CN=Robot: CMS CRAB Integration 1
  trusted retrieval policy: /DC=ch/DC=cern/OU=computers/CN=crab-(preprod|prod)-tw(01|02).cern.ch|/DC=ch/DC=cern/OU=computers/CN=crab-dev-tw(01|02|03|04).cern.ch|/DC=ch/DC=cern/OU=Organic Units/OU=Users/CN=cmscrab/CN=(817881|373708)/CN=Robot: cms crab|/DC=ch/DC=cern/OU=Organic Units/OU=Users/CN=crabint1/CN=373708/CN=Robot: CMS CRAB Integration 1
  timeleft: 554:37:55  (23.1 days)

 error: 
 retcode : 0
DEBUG 2025-03-26 01:42:23.974 UTC: 	 Myproxy is valid: 1996620
DEBUG 2025-03-26 01:42:23.974 UTC: 	 Result of myproxy credential check:
  Credential exists on myproxy: username: 2382a3cf28fdeacb1de9b039908761ea517a5ed6  - validity: 23 days, 2:37:00
DEBUG 2025-03-26 01:42:23.974 UTC: 	 Command use: report
DEBUG 2025-03-26 01:42:23.974 UTC: 	 Options use: ['-d', './crab_DYto2Mu4Jets_Unpacker_100']
DEBUG 2025-03-26 01:42:23.974 UTC: 	 Encoded data for curl request: subresource=version
DEBUG 2025-03-26 01:42:24.009 UTC: 	 CRABClient version: v3.250318
DEBUG 2025-03-26 01:42:24.009 UTC: 	 Instance is prod
DEBUG 2025-03-26 01:42:24.009 UTC: 	 Server base url is cmsweb.cern.ch
DEBUG 2025-03-26 01:42:24.009 UTC: 	 Command api workflow
DEBUG 2025-03-26 01:42:24.009 UTC: 	 Looking up report for task 250325_213853:amalhotr_crab_DYto2Mu4Jets_Unpacker_100
DEBUG 2025-03-26 01:42:24.009 UTC: 	 Encoded data for curl request: workflow=250325_213853%3Aamalhotr_crab_DYto2Mu4Jets_Unpacker_100&subresource=report2
DEBUG 2025-03-26 01:42:24.399 UTC: 	 Result: {'result': [{'taskDBInfo': {'userWebDirURL': 'http://vocms0122.cern.ch/mon/amalhotr/250325_213853:amalhotr_crab_DYto2Mu4Jets_Unpacker_100', 'inputDataset': '/DYto2Mu-4Jets_Bin-MLL-50_TuneCP5_13p6TeV_madgraphMLM-pythia8/RunIII2024Summer24MiniAOD-140X_mcRun3_2024_realistic_v26-v2/MINIAODSIM', 'outputDatasets': ['/DYto2Mu-4Jets_Bin-MLL-50_TuneCP5_13p6TeV_madgraphMLM-pythia8/amalhotr-DYto2Mu4Jets_Unpacker_100-49feb6938084587a06052f9676570a55/USER'], 'publication': True}, 'runsAndLumis': {'6': [{'parents': "['/store/mc/RunIII2024Summer24MiniAOD/DYto2Mu-4Jets_Bin-MLL-50_TuneCP5_13p6TeV_madgraphMLM-pythia8/MINIAODSIM/140X_mcRun3_2024_realistic_v26-v2/110000/0c940d17-29c1-44a0-914c-c9761266eac5.root', '/store/mc/RunIII2024Summer24MiniAOD/DYto2Mu-4Jets_Bin-MLL-50_TuneCP5_13p6TeV_madgraphMLM-pythia8/MINIAODSIM/140X_mcRun3_2024_realistic_v26-v2/110000/11bd9e87-c80a-49f0-833c-b935699e1434.root', '/store/mc/RunIII2024Summer24MiniAOD/DYto2Mu-4Jets_Bin-MLL-50_TuneCP5_13p6TeV_madgraphMLM-pythia8/MINIAODSIM/140X_mcRun3_2024_realistic_v26-v2/110000/13aed0aa-ac46-4e47-aba9-f9e65ae9cbfd.root', '/store/mc/RunIII2024Summer24MiniAOD/DYto2Mu-4Jets_Bin-MLL-50_TuneCP5_13p6TeV_madgraphMLM-pythia8/MINIAODSIM/140X_mcRun3_2024_realistic_v26-v2/110000/13b3a9b2-2312-4479-b808-89fdc0a27bfa.root', '/store/mc/RunIII2024Summer24MiniAOD/DYto2Mu-4Jets_Bin-MLL-50_TuneCP5_13p6TeV_madgraphMLM-pythia8/MINIAODSIM/140X_mcRun3_2024_realistic_v26-v2/110000/14fd7213-211c-4d6d-a48b-e14ee196f1f4.root']", 'runlumi': "{'1': {'45076': '721', '45142': '676', '45247': '659', '45270': '713', '45352': '737', '45393': '670', '45465': '684', '45489': '729', '89158': '704', '89343': '749', '89400': '678', '89472': '706', '89473': '679', '89483': '688', '89496': '680', '89499': '712', '89505': '697', '89517': '681', '89539': '717', '89541': '689', '89627': '726', '89638': '673', '89640': '702', '89686': '706', '89733': '691', '89792': '680', '89823': '737', '89841': '743', '89854': '752', '89863': '702', '89931': '707', '89979': '732', '89980': '705', '90516': '726', '100037': '740', '100057': '687', '100073': '684', '100114': '690', '100122': '717', '100155': '710', '100180': '690', '100193': '666', '100225': '719', '100284': '701', '100324': '711', '100371': '714', '100390': '678', '100544': '722', '144966': '764', '145629': '711', '145989': '700', '151662': '682', '180043': '711', '180175': '734', '180380': '705', '180743': '762', '180798': '731', '180821': '727', '180838': '776', '180858': '715', '180979': '748', '180981': '730', '180995': '724', '181146': '699', '181278': '715', '181281': '659', '181282': '723', '181298': '715', '181319': '707', '181343': '715', '181392': '725', '181418': '715', '181422': '717', '181449': '704', '181482': '733', '181655': '651', '181929': '689', '182009': '701', '182023': '735', '182036': '710', '182063': '689', '182073': '740', '182099': '725', '182132': '709', '182196': '742', '182304': '669', '182336': '709', '182406': '720', '182410': '673', '182475': '724', '182499': '739', '182573': '746', '182599': '713', '182608': '709', '182615': '691', '182649': '712', '182671': '724', '182742': '687', '182865': '676', '182918': '718', '186058': '689', '186426': '726', '186511': '689', '186768': '677', '186795': '716', '186852': '744', '186875': '678', '186894': '680', '186975': '712', '186996': '659', '394312': '704', '394315': '668', '394316': '721', '394320': '664', '394322': '667', '394325': '723', '394326': '745', '394329': '686', '394332': '681', '394334': '725', '394348': '724', '394356': '699', '394357': '688', '394361': '721', '394362': '730', '394366': '725', '394386': '715', '394391': '747', '394392': '757', '394400': '698', '394403': '753', '394407': '677', '394409': '723', '394429': '723', '394432': '687', '394438': '681', '394439': '710', '394444': '725', '394450': '721', '394463': '677', '394466': '716', '394471': '701', '394473': '684', '394477': '707', '394481': '676', '394483': '715', '394504': '708', '394505': '693', '394519': '738', '394538': '711', '394540': '723', '394551': '700', '394553': '671', '394561': '708', '394562': '697', '394568': '696', '394569': '737', '394571': '710', '394572': '728', '394584': '669', '394585': '697', '394605': '658', '394606': '730', '394608': '770', '394615': '727', '394620': '681', '394621': '678', '394628': '697', '394629': '660', '394636': '725', '394644': '701', '394652': '706', '394655': '713', '394658': '723', '394668': '688', '394674': '696', '394675': '735', '394679': '722', '394685': '701', '394687': '719', '453837': '702', '453847': '702', '453854': '687', '453874': '702', '453876': '692', '453880': '695', '453881': '707', '453887': '728', '453906': '665', '453923': '692', '453931': '768', '453934': '699', '453936': '680', '453947': '704', '453960': '684', '453968': '728', '453972': '714', '453986': '694', '453997': '711', '454697': '714', '454849': '706', '454895': '689', '454907': '712', '454922': '709', '454950': '725', '454967': '755', '455022': '778', '455050': '726', '455059': '716', '455082': '706', '455090': '727', '455121': '746', '455130': '754', '455153': '728', '455231': '710', '455264': '757', '455289': '774', '455346': '717', '455381': '722', '455399': '686', '455404': '740', '455414': '733', '455421': '726', '455559': '688', '455575': '693', '455582': '701', '455602': '749', '455622': '715', '455684': '724', '455712': '708', '455745': '742', '455770': '714', '455772': '735', '455856': '771', '465036': '710', '465038': '730', '465056': '692', '465084': '705', '465085': '686', '465091': '751', '465097': '718', '465102': '686', '465120': '674', '465141': '702', '465149': '708', '465152': '708', '465157': '698', '465159': '672', '465182': '684', '465205': '772', '465208': '733', '465221': '737', '465222': '713', '465250': '720', '465263': '670', '465280': '655', '465367': '733', '465407': '686', '465424': '685', '465441': '728', '465494': '698', '465609': '718', '465714': '717', '465725': '712', '465739': '714', '465783': '663', '465834': '705', '465837': '726', '465845': '669', '465850': '650', '465865': '666', '465875': '718', '465915': '688', '465921': '665', '465959': '689', '472002': '745', '472024': '684', '472128': '701', '472173': '690', '472189': '716', '472256': '721', '472271': '715', '472336': '725', '472454': '706', '472476': '724', '472635': '721', '472664': '694', '472678': '669', '472735': '721', '472749': '716', '472774': '698', '472875': '683', '478748': '675'}}", 'events': 207586, 'type': 'EDM', 'lfn': '/store/user/amalhotr/DYto2Mu-4Jets_Bin-MLL-50_TuneCP5_13p6TeV_madgraphMLM-pythia8/DYto2Mu4Jets_Unpacker_100/250325_213853/0000/HLTUnpackerOutputLarge_6.root'}, {'parents': '[]', 'runlumi': "{'1': {'45076': 'None', '45142': 'None', '45247': 'None', '45270': 'None', '45352': 'None', '45393': 'None', '45465': 'None', '45489': 'None', '89343': 'None', '89400': 'None', '89472': 'None', '89473': 'None', '89483': 'None', '89496': 'None', '89499': 'None', '89505': 'None', '89517': 'None', '89539': 'None', '89541': 'None', '89627': 'None', '89638': 'None', '89640': 'None', '89686': 'None', '89733': 'None', '89792': 'None', '89823': 'None', '89841': 'None', '89854': 'None', '89863': 'None', '89931': 'None', '89979': 'None', '89980': 'None', '90516': 'None', '100037': 'None', '100057': 'None', '100073': 'None', '100114': 'None', '100122': 'None', '100155': 'None', '100180': 'None', '100193': 'None', '100225': 'None', '100284': 'None', '100324': 'None', '100371': 'None', '100390': 'None', '100544': 'None'}}", 'events': 33076, 'type': 'POOLIN', 'lfn': '/store/mc/RunIII2024Summer24MiniAOD/DYto2Mu-4Jets_Bin-MLL-50_TuneCP5_13p6TeV_madgraphMLM-pythia8/MINIAODSIM/140X_mcRun3_2024_realistic_v26-v2/110000/14fd7213-211c-4d6d-a48b-e14ee196f1f4.root_6'}, {'parents': '[]', 'runlumi': "{'1': {'394312': 'None', '394315': 'None', '394316': 'None', '394320': 'None', '394322': 'None', '394325': 'None', '394326': 'None', '394329': 'None', '394332': 'None', '394334': 'None', '394348': 'None', '394356': 'None', '394357': 'None', '394361': 'None', '394362': 'None', '394366': 'None', '394386': 'None', '394391': 'None', '394392': 'None', '394400': 'None', '394403': 'None', '394407': 'None', '394409': 'None', '394429': 'None', '394432': 'None', '394438': 'None', '394439': 'None', '394444': 'None', '394450': 'None', '394463': 'None', '394466': 'None', '394471': 'None', '394473': 'None', '394477': 'None', '394481': 'None', '394483': 'None', '394504': 'None', '394505': 'None', '394519': 'None', '394538': 'None', '394540': 'None', '394551': 'None', '394553': 'None', '394561': 'None', '394562': 'None', '394568': 'None', '394569': 'None', '394571': 'None', '394572': 'None', '394584': 'None', '394585': 'None', '394605': 'None', '394606': 'None', '394608': 'None', '394615': 'None', '394620': 'None', '394621': 'None', '394628': 'None', '394629': 'None', '394636': 'None', '394644': 'None', '394652': 'None', '394655': 'None', '394658': 'None', '394668': 'None', '394674': 'None', '394675': 'None', '394679': 'None', '394685': 'None', '394687': 'None'}}", 'events': 49480, 'type': 'POOLIN', 'lfn': '/store/mc/RunIII2024Summer24MiniAOD/DYto2Mu-4Jets_Bin-MLL-50_TuneCP5_13p6TeV_madgraphMLM-pythia8/MINIAODSIM/140X_mcRun3_2024_realistic_v26-v2/110000/13b3a9b2-2312-4479-b808-89fdc0a27bfa.root_6'}, {'parents': '[]', 'runlumi': "{'1': {'465208': 'None', '465221': 'None', '465222': 'None', '465250': 'None', '465263': 'None', '465280': 'None', '465367': 'None', '465407': 'None', '465424': 'None', '465441': 'None', '465494': 'None', '465609': 'None', '465714': 'None', '465725': 'None', '465739': 'None', '465783': 'None', '465834': 'None', '465837': 'None', '465845': 'None', '465850': 'None', '465865': 'None', '465875': 'None', '465915': 'None', '465921': 'None', '465959': 'None', '472002': 'None', '472024': 'None', '472128': 'None', '472173': 'None', '472189': 'None', '472256': 'None', '472271': 'None', '472336': 'None', '472454': 'None', '472476': 'None', '472635': 'None', '472664': 'None', '472678': 'None', '472735': 'None', '472749': 'None', '472774': 'None', '472875': 'None', '478748': 'None'}}", 'events': 30162, 'type': 'POOLIN', 'lfn': '/store/mc/RunIII2024Summer24MiniAOD/DYto2Mu-4Jets_Bin-MLL-50_TuneCP5_13p6TeV_madgraphMLM-pythia8/MINIAODSIM/140X_mcRun3_2024_realistic_v26-v2/110000/13aed0aa-ac46-4e47-aba9-f9e65ae9cbfd.root_6'}, {'parents': '[]', 'runlumi': "{'1': {'453837': 'None', '453847': 'None', '453854': 'None', '453874': 'None', '453876': 'None', '453880': 'None', '453881': 'None', '453887': 'None', '453906': 'None', '453923': 'None', '453931': 'None', '453934': 'None', '453936': 'None', '453947': 'None', '453960': 'None', '453968': 'None', '453972': 'None', '453986': 'None', '453997': 'None', '454697': 'None', '454849': 'None', '454895': 'None', '454907': 'None', '454922': 'None', '454950': 'None', '454967': 'None', '455022': 'None', '455050': 'None', '455059': 'None', '455082': 'None', '455090': 'None', '455121': 'None', '455130': 'None', '455153': 'None', '455231': 'None', '455264': 'None', '455289': 'None', '455346': 'None', '455381': 'None', '455399': 'None', '455404': 'None', '455414': 'None', '455421': 'None', '455559': 'None', '455575': 'None', '455582': 'None', '455602': 'None', '455622': 'None', '455684': 'None', '455712': 'None', '455745': 'None', '455770': 'None', '455772': 'None', '455856': 'None', '465036': 'None', '465038': 'None', '465056': 'None', '465084': 'None', '465085': 'None', '465091': 'None', '465097': 'None', '465102': 'None', '465120': 'None', '465141': 'None', '465149': 'None', '465152': 'None', '465157': 'None', '465159': 'None', '465182': 'None', '465205': 'None'}}", 'events': 50046, 'type': 'POOLIN', 'lfn': '/store/mc/RunIII2024Summer24MiniAOD/DYto2Mu-4Jets_Bin-MLL-50_TuneCP5_13p6TeV_madgraphMLM-pythia8/MINIAODSIM/140X_mcRun3_2024_realistic_v26-v2/110000/11bd9e87-c80a-49f0-833c-b935699e1434.root_6'}, {'parents': '[]', 'runlumi': "{'1': {'89158': 'None', '144966': 'None', '145629': 'None', '145989': 'None', '151662': 'None', '180043': 'None', '180175': 'None', '180380': 'None', '180743': 'None', '180798': 'None', '180821': 'None', '180838': 'None', '180858': 'None', '180979': 'None', '180981': 'None', '180995': 'None', '181146': 'None', '181278': 'None', '181281': 'None', '181282': 'None', '181298': 'None', '181319': 'None', '181343': 'None', '181392': 'None', '181418': 'None', '181422': 'None', '181449': 'None', '181482': 'None', '181655': 'None', '181929': 'None', '182009': 'None', '182023': 'None', '182036': 'None', '182063': 'None', '182073': 'None', '182099': 'None', '182132': 'None', '182196': 'None', '182304': 'None', '182336': 'None', '182406': 'None', '182410': 'None', '182475': 'None', '182499': 'None', '182573': 'None', '182599': 'None', '182608': 'None', '182615': 'None', '182649': 'None', '182671': 'None', '182742': 'None', '182865': 'None', '182918': 'None', '186058': 'None', '186426': 'None', '186511': 'None', '186768': 'None', '186795': 'None', '186852': 'None', '186875': 'None', '186894': 'None', '186975': 'None', '186996': 'None'}}", 'events': 44822, 'type': 'POOLIN', 'lfn': '/store/mc/RunIII2024Summer24MiniAOD/DYto2Mu-4Jets_Bin-MLL-50_TuneCP5_13p6TeV_madgraphMLM-pythia8/MINIAODSIM/140X_mcRun3_2024_realistic_v26-v2/110000/0c940d17-29c1-44a0-914c-c9761266eac5.root_6'}], '5': [{'parents': "['/store/mc/RunIII2024Summer24MiniAOD/DYto2Mu-4Jets_Bin-MLL-50_TuneCP5_13p6TeV_madgraphMLM-pythia8/MINIAODSIM/140X_mcRun3_2024_realistic_v26-v2/110000/04443ab6-68f7-47bd-91dc-daf2f0102e42.root', '/store/mc/RunIII2024Summer24MiniAOD/DYto2Mu-4Jets_Bin-MLL-50_TuneCP5_13p6TeV_madgraphMLM-pythia8/MINIAODSIM/140X_mcRun3_2024_realistic_v26-v2/110000/04e58f70-8271-41e2-a58e-56390fcd0006.root', '/store/mc/RunIII2024Summer24MiniAOD/DYto2Mu-4Jets_Bin-MLL-50_TuneCP5_13p6TeV_madgraphMLM-pythia8/MINIAODSIM/140X_mcRun3_2024_realistic_v26-v2/110000/05ee07f1-3852-48ee-8ae8-1848e6b1e143.root', '/store/mc/RunIII2024Summer24MiniAOD/DYto2Mu-4Jets_Bin-MLL-50_TuneCP5_13p6TeV_madgraphMLM-pythia8/MINIAODSIM/140X_mcRun3_2024_realistic_v26-v2/110000/06b89440-f971-4c13-81d8-b5ae9a7963dc.root', '/store/mc/RunIII2024Summer24MiniAOD/DYto2Mu-4Jets_Bin-MLL-50_TuneCP5_13p6TeV_madgraphMLM-pythia8/MINIAODSIM/140X_mcRun3_2024_realistic_v26-v2/110000/0b3d68bf-e9aa-4bb3-a3a1-94648dbdfb3c.root']", 'runlumi': "{'1': {'45230': '693', '45244': '738', '45273': '670', '45312': '719', '45325': '683', '48923': '686', '89026': '673', '89334': '730', '89346': '733', '89366': '720', '89392': '736', '89401': '749', '89425': '707', '89430': '701', '89439': '720', '89441': '727', '89602': '695', '89708': '705', '89797': '715', '89890': '738', '89938': '725', '90359': '720', '90491': '725', '90532': '743', '90562': '728', '90573': '724', '90632': '705', '90640': '757', '90649': '683', '90683': '720', '90706': '776', '90910': '704', '90951': '725', '100035': '720', '100069': '711', '100126': '709', '100185': '659', '100340': '739', '100348': '713', '100405': '706', '119839': '678', '119841': '722', '119842': '701', '119844': '745', '119868': '744', '119873': '696', '119880': '736', '119896': '699', '119900': '692', '119921': '720', '119925': '693', '119930': '691', '119933': '728', '119937': '679', '119946': '707', '119947': '709', '119951': '734', '119954': '693', '119966': '700', '119967': '729', '119972': '714', '119988': '692', '119992': '706', '120004': '714', '120007': '699', '120021': '717', '120028': '700', '120038': '682', '120040': '739', '120044': '733', '120056': '726', '120057': '726', '120059': '721', '120064': '706', '120093': '692', '120095': '707', '120111': '720', '120122': '708', '120125': '739', '120130': '686', '120144': '698', '120156': '686', '120166': '724', '120168': '709', '120177': '701', '120180': '704', '120189': '667', '120195': '695', '120204': '710', '120208': '733', '120220': '728', '120232': '739', '120240': '744', '120249': '716', '120250': '684', '120257': '693', '120262': '706', '120267': '678', '120271': '700', '120280': '720', '120281': '660', '120291': '701', '120303': '720', '120310': '715', '120345': '684', '120349': '748', '120351': '693', '120352': '718', '120360': '725', '120363': '731', '143857': '746', '144149': '721', '144252': '706', '144334': '707', '145319': '745', '145469': '714', '145487': '716', '145579': '715', '145886': '740', '145958': '742', '151240': '712', '151280': '703', '180028': '716', '180044': '714', '180076': '738', '180077': '690', '180093': '723', '180100': '700', '180101': '745', '180108': '691', '180117': '740', '180125': '712', '180133': '709', '180141': '696', '180158': '751', '180159': '724', '180166': '712', '180171': '711', '180192': '686', '180207': '713', '180212': '674', '180215': '709', '180223': '733', '180240': '684', '180245': '692', '180256': '718', '180257': '695', '180261': '706', '180265': '750', '180273': '713', '180295': '714', '180297': '720', '180304': '727', '180333': '756', '180339': '701', '180369': '708', '180375': '695', '180387': '722', '180397': '702', '180412': '712', '180420': '704', '180421': '742', '180424': '684', '180442': '728', '180453': '698', '180458': '720', '180461': '720', '180462': '730', '180476': '741', '180478': '689', '180479': '710', '180481': '710', '180484': '721', '180486': '733', '180487': '705', '180494': '718', '180504': '688', '180511': '692', '180519': '721', '180520': '729', '180535': '722', '180552': '696', '180734': '714', '181351': '715', '181427': '740', '181925': '732', '181957': '743', '181963': '713', '181979': '738', '182006': '755', '186041': '754', '186046': '754', '186175': '677', '186230': '747', '186289': '715', '186349': '683', '186462': '729', '186486': '693', '186540': '700', '186631': '673', '186653': '732', '186668': '762', '186730': '702', '186809': '712', '186835': '715', '186900': '681', '186940': '766', '202110': '708', '202285': '716', '202291': '703', '202358': '709', '202373': '716', '202399': '726', '202426': '715', '202491': '686', '202511': '776', '202646': '707', '202668': '748', '202692': '686', '202737': '706', '202755': '713', '202823': '720', '203924': '722', '205344': '728', '205850': '679', '259092': '742', '259689': '728', '259708': '737', '260061': '721', '265673': '735', '266420': '717', '295343': '696', '295893': '689', '303093': '736', '303193': '730', '303267': '723', '303302': '696', '303303': '720', '303411': '733', '303427': '692', '303435': '727', '303534': '714', '303550': '711', '303563': '685', '303579': '709', '303750': '704', '303832': '679', '303869': '722', '303884': '699', '303925': '713', '303981': '745', '304011': '705', '304016': '700', '304120': '696', '304144': '709', '304197': '726', '304243': '698', '304293': '667', '304363': '749', '304396': '737', '304408': '708', '304472': '670', '304480': '737', '304514': '672', '304628': '725', '304739': '707', '304771': '696', '304788': '721', '304799': '715', '304805': '725', '304845': '675', '304862': '689', '304899': '711', '304910': '683', '304928': '679', '304956': '682', '304960': '693', '304977': '723', '305149': '698', '305968': '691', '311001': '641', '311007': '723', '311009': '691', '311038': '714', '311066': '736', '311068': '699', '311115': '717', '311165': '708', '311167': '679', '311246': '702', '311247': '726', '311270': '711', '311321': '718', '311328': '709'}}", 'events': 209526, 'type': 'EDM', 'lfn': '/store/user/amalhotr/DYto2Mu-4Jets_Bin-MLL-50_TuneCP5_13p6TeV_madgraphMLM-pythia8/DYto2Mu4Jets_Unpacker_100/250325_213853/0000/HLTUnpackerOutputLarge_5.root'}, {'parents': '[]', 'runlumi': "{'1': {'45230': 'None', '45244': 'None', '45273': 'None', '45312': 'None', '45325': 'None', '48923': 'None', '89026': 'None', '89334': 'None', '89346': 'None', '89366': 'None', '89392': 'None', '89401': 'None', '89425': 'None', '89430': 'None', '89439': 'None', '89441': 'None', '89602': 'None', '89708': 'None', '89797': 'None', '89890': 'None', '89938': 'None', '90359': 'None', '90491': 'None', '90532': 'None', '90562': 'None', '90573': 'None', '90632': 'None', '90640': 'None', '90649': 'None', '90683': 'None', '90706': 'None', '90910': 'None', '90951': 'None', '100035': 'None', '100069': 'None', '100126': 'None', '100185': 'None', '100340': 'None', '100348': 'None', '100405': 'None'}}", 'events': 28630, 'type': 'POOLIN', 'lfn': '/store/mc/RunIII2024Summer24MiniAOD/DYto2Mu-4Jets_Bin-MLL-50_TuneCP5_13p6TeV_madgraphMLM-pythia8/MINIAODSIM/140X_mcRun3_2024_realistic_v26-v2/110000/0b3d68bf-e9aa-4bb3-a3a1-94648dbdfb3c.root_5'}, {'parents': '[]', 'runlumi': "{'1': {'203924': 'None', '259092': 'None', '259689': 'None', '259708': 'None', '260061': 'None', '265673': 'None', '266420': 'None', '295343': 'None', '295893': 'None', '303093': 'None', '303193': 'None', '303267': 'None', '303302': 'None', '303303': 'None', '303411': 'None', '303427': 'None', '303435': 'None', '303534': 'None', '303550': 'None', '303563': 'None', '303579': 'None', '303750': 'None', '303832': 'None', '303869': 'None', '303884': 'None', '303925': 'None', '303981': 'None', '304011': 'None', '304016': 'None', '304120': 'None', '304144': 'None', '304197': 'None', '304243': 'None', '304293': 'None', '304363': 'None', '304396': 'None', '304408': 'None', '304472': 'None', '304480': 'None', '304514': 'None', '304628': 'None', '304739': 'None', '304771': 'None', '304788': 'None', '304799': 'None', '304805': 'None', '304845': 'None', '304862': 'None', '304899': 'None', '304910': 'None', '304928': 'None', '304956': 'None', '304960': 'None', '304977': 'None', '305149': 'None', '305968': 'None', '311001': 'None', '311007': 'None', '311009': 'None', '311038': 'None', '311066': 'None', '311068': 'None', '311115': 'None', '311165': 'None', '311167': 'None', '311246': 'None', '311247': 'None', '311270': 'None', '311321': 'None', '311328': 'None'}}", 'events': 49586, 'type': 'POOLIN', 'lfn': '/store/mc/RunIII2024Summer24MiniAOD/DYto2Mu-4Jets_Bin-MLL-50_TuneCP5_13p6TeV_madgraphMLM-pythia8/MINIAODSIM/140X_mcRun3_2024_realistic_v26-v2/110000/06b89440-f971-4c13-81d8-b5ae9a7963dc.root_5'}, {'parents': '[]', 'runlumi': "{'1': {'119839': 'None', '119841': 'None', '119842': 'None', '119844': 'None', '119868': 'None', '119873': 'None', '119880': 'None', '119896': 'None', '119900': 'None', '119921': 'None', '119925': 'None', '119930': 'None', '119933': 'None', '119937': 'None', '119946': 'None', '119947': 'None', '119951': 'None', '119954': 'None', '119966': 'None', '119967': 'None', '119972': 'None', '119988': 'None', '119992': 'None', '120004': 'None', '120007': 'None', '120021': 'None', '120028': 'None', '120038': 'None', '120040': 'None', '120044': 'None', '120056': 'None', '120057': 'None', '120059': 'None', '120064': 'None', '120093': 'None', '120095': 'None', '120111': 'None', '120122': 'None', '120125': 'None', '120130': 'None', '120144': 'None', '120156': 'None', '120166': 'None', '120168': 'None', '120177': 'None', '120180': 'None', '120189': 'None', '120195': 'None', '120204': 'None', '120208': 'None', '120220': 'None', '120232': 'None', '120240': 'None', '120249': 'None', '120250': 'None', '120257': 'None', '120262': 'None', '120267': 'None', '120271': 'None', '120280': 'None', '120281': 'None', '120291': 'None', '120303': 'None', '120310': 'None', '120345': 'None', '120349': 'None', '120351': 'None', '120352': 'None', '120360': 'None', '120363': 'None'}}", 'events': 49653, 'type': 'POOLIN', 'lfn': '/store/mc/RunIII2024Summer24MiniAOD/DYto2Mu-4Jets_Bin-MLL-50_TuneCP5_13p6TeV_madgraphMLM-pythia8/MINIAODSIM/140X_mcRun3_2024_realistic_v26-v2/110000/05ee07f1-3852-48ee-8ae8-1848e6b1e143.root_5'}, {'parents': '[]', 'runlumi': "{'1': {'144149': 'None', '145958': 'None', '151240': 'None', '180734': 'None', '181351': 'None', '181427': 'None', '181925': 'None', '181957': 'None', '181963': 'None', '181979': 'None', '182006': 'None', '186041': 'None', '186046': 'None', '186175': 'None', '186230': 'None', '186289': 'None', '186349': 'None', '186462': 'None', '186486': 'None', '186540': 'None', '186631': 'None', '186653': 'None', '186668': 'None', '186730': 'None', '186809': 'None', '186835': 'None', '186900': 'None', '186940': 'None', '202110': 'None', '202285': 'None', '202291': 'None', '202358': 'None', '202373': 'None', '202399': 'None', '202426': 'None', '202491': 'None', '202511': 'None', '202646': 'None', '202668': 'None', '202692': 'None', '202737': 'None', '202755': 'None', '202823': 'None', '205344': 'None', '205850': 'None'}}", 'events': 32362, 'type': 'POOLIN', 'lfn': '/store/mc/RunIII2024Summer24MiniAOD/DYto2Mu-4Jets_Bin-MLL-50_TuneCP5_13p6TeV_madgraphMLM-pythia8/MINIAODSIM/140X_mcRun3_2024_realistic_v26-v2/110000/04e58f70-8271-41e2-a58e-56390fcd0006.root_5'}, {'parents': '[]', 'runlumi': "{'1': {'143857': 'None', '144252': 'None', '144334': 'None', '145319': 'None', '145469': 'None', '145487': 'None', '145579': 'None', '145886': 'None', '151280': 'None', '180028': 'None', '180044': 'None', '180076': 'None', '180077': 'None', '180093': 'None', '180100': 'None', '180101': 'None', '180108': 'None', '180117': 'None', '180125': 'None', '180133': 'None', '180141': 'None', '180158': 'None', '180159': 'None', '180166': 'None', '180171': 'None', '180192': 'None', '180207': 'None', '180212': 'None', '180215': 'None', '180223': 'None', '180240': 'None', '180245': 'None', '180256': 'None', '180257': 'None', '180261': 'None', '180265': 'None', '180273': 'None', '180295': 'None', '180297': 'None', '180304': 'None', '180333': 'None', '180339': 'None', '180369': 'None', '180375': 'None', '180387': 'None', '180397': 'None', '180412': 'None', '180420': 'None', '180421': 'None', '180424': 'None', '180442': 'None', '180453': 'None', '180458': 'None', '180461': 'None', '180462': 'None', '180476': 'None', '180478': 'None', '180479': 'None', '180481': 'None', '180484': 'None', '180486': 'None', '180487': 'None', '180494': 'None', '180504': 'None', '180511': 'None', '180519': 'None', '180520': 'None', '180535': 'None', '180552': 'None'}}", 'events': 49295, 'type': 'POOLIN', 'lfn': '/store/mc/RunIII2024Summer24MiniAOD/DYto2Mu-4Jets_Bin-MLL-50_TuneCP5_13p6TeV_madgraphMLM-pythia8/MINIAODSIM/140X_mcRun3_2024_realistic_v26-v2/110000/04443ab6-68f7-47bd-91dc-daf2f0102e42.root_5'}], '22': [{'parents': "['/store/mc/RunIII2024Summer24MiniAOD/DYto2Mu-4Jets_Bin-MLL-50_TuneCP5_13p6TeV_madgraphMLM-pythia8/MINIAODSIM/140X_mcRun3_2024_realistic_v26-v2/110000/1b7603f0-0aa7-47da-906e-d45be426f294.root', '/store/mc/RunIII2024Summer24MiniAOD/DYto2Mu-4Jets_Bin-MLL-50_TuneCP5_13p6TeV_madgraphMLM-pythia8/MINIAODSIM/140X_mcRun3_2024_realistic_v26-v2/110000/1c37c0ec-168a-4fe7-92d4-e8284db7ab04.root', '/store/mc/RunIII2024Summer24MiniAOD/DYto2Mu-4Jets_Bin-MLL-50_TuneCP5_13p6TeV_madgraphMLM-pythia8/MINIAODSIM/140X_mcRun3_2024_realistic_v26-v2/110000/1c395360-daea-463e-bff4-2a9e7fda0e86.root', '/store/mc/RunIII2024Summer24MiniAOD/DYto2Mu-4Jets_Bin-MLL-50_TuneCP5_13p6TeV_madgraphMLM-pythia8/MINIAODSIM/140X_mcRun3_2024_realistic_v26-v2/110000/1d5b7b84-4508-42a9-ac46-efae7c4e8a56.root', '/store/mc/RunIII2024Summer24MiniAOD/DYto2Mu-4Jets_Bin-MLL-50_TuneCP5_13p6TeV_madgraphMLM-pythia8/MINIAODSIM/140X_mcRun3_2024_realistic_v26-v2/110000/1d9297cf-bafa-4786-aa23-b07d924ffdca.root']", 'runlumi': "{'1': {'38016': '736', '38023': '728', '38036': '741', '38040': '682', '38054': '691', '38074': '753', '38077': '727', '38085': '715', '38101': '695', '38113': '718', '38118': '700', '38134': '718', '38135': '729', '38142': '708', '38150': '711', '38152': '701', '38158': '677', '38159': '740', '38183': '674', '38192': '735', '38196': '737', '38201': '706', '38207': '724', '38214': '735', '38235': '719', '38242': '676', '38251': '731', '38255': '728', '38259': '697', '38262': '711', '38268': '672', '38275': '711', '38282': '716', '38293': '720', '38297': '737', '38313': '696', '38317': '718', '38334': '694', '38340': '680', '38346': '710', '38350': '681', '38351': '704', '38353': '663', '38358': '675', '38374': '702', '38375': '691', '38408': '714', '38420': '727', '38437': '654', '38488': '682', '38491': '705', '38502': '676', '38508': '717', '38520': '680', '38524': '721', '38536': '714', '38542': '670', '38547': '678', '38549': '672', '38561': '697', '38565': '722', '38602': '701', '38609': '698', '38616': '676', '38618': '722', '38634': '713', '38647': '693', '38650': '682', '38652': '693', '38672': '714', '38695': '679', '39358': '733', '39374': '684', '39382': '732', '39391': '726', '39392': '700', '39398': '721', '39408': '686', '39410': '699', '39411': '699', '39415': '707', '39425': '724', '39428': '692', '39429': '721', '39431': '716', '39432': '688', '39435': '722', '39440': '747', '39442': '695', '39450': '716', '39452': '697', '39469': '685', '39474': '726', '39476': '701', '39481': '714', '39482': '700', '39493': '702', '39498': '723', '39500': '725', '39508': '697', '39510': '702', '39514': '682', '39517': '680', '39522': '716', '39523': '747', '39526': '719', '39527': '698', '39534': '686', '39540': '755', '39549': '721', '39573': '750', '39599': '670', '39607': '716', '39648': '706', '39658': '711', '39660': '672', '39689': '729', '39692': '705', '39700': '703', '39701': '688', '39708': '699', '39716': '701', '39717': '731', '39741': '711', '39756': '721', '39782': '718', '39783': '704', '39822': '708', '39826': '709', '39836': '702', '39850': '692', '39856': '696', '39858': '717', '39864': '753', '39877': '707', '39878': '725', '39881': '730', '39922': '746', '39923': '731', '39938': '682', '39939': '740', '49015': '695', '120235': '724', '120242': '673', '120256': '733', '120259': '699', '120260': '687', '120282': '720', '120283': '699', '120290': '710', '120307': '730', '120315': '704', '120317': '697', '120318': '679', '120323': '680', '120332': '752', '120339': '722', '120341': '661', '120343': '674', '120348': '704', '120356': '774', '120364': '692', '120373': '694', '120380': '675', '120381': '725', '120384': '693', '120388': '701', '120390': '706', '120392': '730', '120397': '662', '120400': '694', '120403': '714', '120404': '740', '120406': '730', '120410': '717', '120413': '736', '120415': '692', '120417': '711', '120420': '690', '120421': '735', '120428': '719', '120429': '711', '120430': '727', '120431': '718', '120434': '712', '120435': '683', '120439': '710', '120452': '721', '120456': '716', '120464': '693', '120466': '712', '120468': '749', '120471': '696', '120472': '766', '120473': '644', '120480': '691', '120482': '765', '120490': '726', '120497': '678', '120504': '734', '120505': '686', '120514': '735', '120521': '696', '120529': '681', '120531': '709', '120538': '708', '120543': '689', '120548': '767', '120550': '718', '120552': '706', '120555': '725', '120559': '720', '151820': '701', '180880': '672', '181179': '694', '181497': '718', '181919': '710', '182414': '684', '186429': '697', '186492': '664', '202781': '694', '204028': '735', '204045': '716', '204053': '693', '204056': '721', '204061': '731', '204062': '744', '204069': '734', '204084': '684', '204091': '708', '204100': '689', '204101': '707', '204108': '694', '204111': '689', '204116': '734', '204122': '720', '204124': '701', '204125': '694', '204132': '714', '204142': '731', '204149': '746', '204158': '722', '204183': '716', '204190': '695', '204195': '735', '204199': '721', '204206': '725', '204214': '739', '204224': '677', '204231': '707', '204240': '710', '204255': '714', '204257': '710', '204265': '698', '205012': '704', '205067': '742', '205074': '710', '205100': '712', '205108': '727', '205124': '726', '205193': '745', '205225': '749', '205235': '749', '205348': '721', '205458': '714', '205553': '695', '205905': '721', '454743': '733', '454745': '681', '454764': '693', '454779': '692', '454785': '744', '454809': '683', '454826': '699', '454829': '670', '454845': '713', '454854': '727', '454860': '722', '454870': '697', '454877': '711', '454884': '722', '454900': '683', '454901': '678', '454903': '721', '454908': '695', '454911': '703', '454916': '722', '454918': '718', '454925': '667', '454933': '691', '454942': '721', '454944': '690', '454957': '717', '454959': '699', '454966': '728', '454973': '682', '454974': '723', '454976': '699', '454982': '692', '454983': '689', '454995': '739', '454997': '722', '455000': '708', '455012': '696', '455013': '689', '455014': '698', '455038': '710', '455052': '682', '455069': '708', '455070': '690', '455076': '698', '455077': '708', '455101': '683', '455175': '678', '455202': '733', '455216': '715', '455218': '695', '455229': '686', '455232': '732', '455244': '697', '455249': '734', '455258': '687', '455261': '695', '455265': '673', '455268': '724', '455276': '694', '455279': '704', '455283': '714', '455290': '707', '455293': '713', '455306': '690', '455317': '686', '455319': '735', '455323': '728', '455326': '683', '455347': '712', '455353': '647', '455362': '690'}}", 'events': 239226, 'type': 'EDM', 'lfn': '/store/user/amalhotr/DYto2Mu-4Jets_Bin-MLL-50_TuneCP5_13p6TeV_madgraphMLM-pythia8/DYto2Mu4Jets_Unpacker_100/250325_213853/0000/HLTUnpackerOutputLarge_22.root'}, {'parents': '[]', 'runlumi': "{'1': {'120235': 'None', '120242': 'None', '120256': 'None', '120259': 'None', '120260': 'None', '120282': 'None', '120283': 'None', '120290': 'None', '120307': 'None', '120315': 'None', '120317': 'None', '120318': 'None', '120323': 'None', '120332': 'None', '120339': 'None', '120341': 'None', '120343': 'None', '120348': 'None', '120356': 'None', '120364': 'None', '120373': 'None', '120380': 'None', '120381': 'None', '120384': 'None', '120388': 'None', '120390': 'None', '120392': 'None', '120397': 'None', '120400': 'None', '120403': 'None', '120404': 'None', '120406': 'None', '120410': 'None', '120413': 'None', '120415': 'None', '120417': 'None', '120420': 'None', '120421': 'None', '120428': 'None', '120429': 'None', '120430': 'None', '120431': 'None', '120434': 'None', '120435': 'None', '120439': 'None', '120452': 'None', '120456': 'None', '120464': 'None', '120466': 'None', '120468': 'None', '120471': 'None', '120472': 'None', '120473': 'None', '120480': 'None', '120482': 'None', '120490': 'None', '120497': 'None', '120504': 'None', '120505': 'None', '120514': 'None', '120521': 'None', '120529': 'None', '120531': 'None', '120538': 'None', '120543': 'None', '120548': 'None', '120550': 'None', '120552': 'None', '120555': 'None', '120559': 'None'}}", 'events': 49670, 'type': 'POOLIN', 'lfn': '/store/mc/RunIII2024Summer24MiniAOD/DYto2Mu-4Jets_Bin-MLL-50_TuneCP5_13p6TeV_madgraphMLM-pythia8/MINIAODSIM/140X_mcRun3_2024_realistic_v26-v2/110000/1d9297cf-bafa-4786-aa23-b07d924ffdca.root_22'}, {'parents': '[]', 'runlumi': "{'1': {'49015': 'None', '151820': 'None', '180880': 'None', '181179': 'None', '181497': 'None', '181919': 'None', '182414': 'None', '186429': 'None', '186492': 'None', '202781': 'None', '204028': 'None', '204045': 'None', '204053': 'None', '204056': 'None', '204061': 'None', '204062': 'None', '204069': 'None', '204084': 'None', '204091': 'None', '204100': 'None', '204101': 'None', '204108': 'None', '204111': 'None', '204116': 'None', '204122': 'None', '204124': 'None', '204125': 'None', '204132': 'None', '204142': 'None', '204149': 'None', '204158': 'None', '204183': 'None', '204190': 'None', '204195': 'None', '204199': 'None', '204206': 'None', '204214': 'None', '204224': 'None', '204231': 'None', '204240': 'None', '204255': 'None', '204257': 'None', '204265': 'None', '205012': 'None', '205067': 'None', '205074': 'None', '205100': 'None', '205108': 'None', '205124': 'None', '205193': 'None', '205225': 'None', '205235': 'None', '205348': 'None', '205458': 'None', '205553': 'None', '205905': 'None'}}", 'events': 39898, 'type': 'POOLIN', 'lfn': '/store/mc/RunIII2024Summer24MiniAOD/DYto2Mu-4Jets_Bin-MLL-50_TuneCP5_13p6TeV_madgraphMLM-pythia8/MINIAODSIM/140X_mcRun3_2024_realistic_v26-v2/110000/1d5b7b84-4508-42a9-ac46-efae7c4e8a56.root_22'}, {'parents': '[]', 'runlumi': "{'1': {'39358': 'None', '39374': 'None', '39382': 'None', '39391': 'None', '39392': 'None', '39398': 'None', '39408': 'None', '39410': 'None', '39411': 'None', '39415': 'None', '39425': 'None', '39428': 'None', '39429': 'None', '39431': 'None', '39432': 'None', '39435': 'None', '39440': 'None', '39442': 'None', '39450': 'None', '39452': 'None', '39469': 'None', '39474': 'None', '39476': 'None', '39481': 'None', '39482': 'None', '39493': 'None', '39498': 'None', '39500': 'None', '39508': 'None', '39510': 'None', '39514': 'None', '39517': 'None', '39522': 'None', '39523': 'None', '39526': 'None', '39527': 'None', '39534': 'None', '39540': 'None', '39549': 'None', '39573': 'None', '39599': 'None', '39607': 'None', '39648': 'None', '39658': 'None', '39660': 'None', '39689': 'None', '39692': 'None', '39700': 'None', '39701': 'None', '39708': 'None', '39716': 'None', '39717': 'None', '39741': 'None', '39756': 'None', '39782': 'None', '39783': 'None', '39822': 'None', '39826': 'None', '39836': 'None', '39850': 'None', '39856': 'None', '39858': 'None', '39864': 'None', '39877': 'None', '39878': 'None', '39881': 'None', '39922': 'None', '39923': 'None', '39938': 'None', '39939': 'None'}}", 'events': 49757, 'type': 'POOLIN', 'lfn': '/store/mc/RunIII2024Summer24MiniAOD/DYto2Mu-4Jets_Bin-MLL-50_TuneCP5_13p6TeV_madgraphMLM-pythia8/MINIAODSIM/140X_mcRun3_2024_realistic_v26-v2/110000/1c395360-daea-463e-bff4-2a9e7fda0e86.root_22'}, {'parents': '[]', 'runlumi': "{'1': {'454743': 'None', '454745': 'None', '454764': 'None', '454779': 'None', '454785': 'None', '454809': 'None', '454826': 'None', '454829': 'None', '454845': 'None', '454854': 'None', '454860': 'None', '454870': 'None', '454877': 'None', '454884': 'None', '454900': 'None', '454901': 'None', '454903': 'None', '454908': 'None', '454911': 'None', '454916': 'None', '454918': 'None', '454925': 'None', '454933': 'None', '454942': 'None', '454944': 'None', '454957': 'None', '454959': 'None', '454966': 'None', '454973': 'None', '454974': 'None', '454976': 'None', '454982': 'None', '454983': 'None', '454995': 'None', '454997': 'None', '455000': 'None', '455012': 'None', '455013': 'None', '455014': 'None', '455038': 'None', '455052': 'None', '455069': 'None', '455070': 'None', '455076': 'None', '455077': 'None', '455101': 'None', '455175': 'None', '455202': 'None', '455216': 'None', '455218': 'None', '455229': 'None', '455232': 'None', '455244': 'None', '455249': 'None', '455258': 'None', '455261': 'None', '455265': 'None', '455268': 'None', '455276': 'None', '455279': 'None', '455283': 'None', '455290': 'None', '455293': 'None', '455306': 'None', '455317': 'None', '455319': 'None', '455323': 'None', '455326': 'None', '455347': 'None', '455353': 'None', '455362': 'None'}}", 'events': 49888, 'type': 'POOLIN', 'lfn': '/store/mc/RunIII2024Summer24MiniAOD/DYto2Mu-4Jets_Bin-MLL-50_TuneCP5_13p6TeV_madgraphMLM-pythia8/MINIAODSIM/140X_mcRun3_2024_realistic_v26-v2/110000/1c37c0ec-168a-4fe7-92d4-e8284db7ab04.root_22'}, {'parents': '[]', 'runlumi': "{'1': {'38016': 'None', '38023': 'None', '38036': 'None', '38040': 'None', '38054': 'None', '38074': 'None', '38077': 'None', '38085': 'None', '38101': 'None', '38113': 'None', '38118': 'None', '38134': 'None', '38135': 'None', '38142': 'None', '38150': 'None', '38152': 'None', '38158': 'None', '38159': 'None', '38183': 'None', '38192': 'None', '38196': 'None', '38201': 'None', '38207': 'None', '38214': 'None', '38235': 'None', '38242': 'None', '38251': 'None', '38255': 'None', '38259': 'None', '38262': 'None', '38268': 'None', '38275': 'None', '38282': 'None', '38293': 'None', '38297': 'None', '38313': 'None', '38317': 'None', '38334': 'None', '38340': 'None', '38346': 'None', '38350': 'None', '38351': 'None', '38353': 'None', '38358': 'None', '38374': 'None', '38375': 'None', '38408': 'None', '38420': 'None', '38437': 'None', '38488': 'None', '38491': 'None', '38502': 'None', '38508': 'None', '38520': 'None', '38524': 'None', '38536': 'None', '38542': 'None', '38547': 'None', '38549': 'None', '38561': 'None', '38565': 'None', '38602': 'None', '38609': 'None', '38616': 'None', '38618': 'None', '38634': 'None', '38647': 'None', '38650': 'None', '38652': 'None', '38672': 'None', '38695': 'None'}}", 'events': 50013, 'type': 'POOLIN', 'lfn': '/store/mc/RunIII2024Summer24MiniAOD/DYto2Mu-4Jets_Bin-MLL-50_TuneCP5_13p6TeV_madgraphMLM-pythia8/MINIAODSIM/140X_mcRun3_2024_realistic_v26-v2/110000/1b7603f0-0aa7-47da-906e-d45be426f294.root_22'}], '7': [{'parents': "['/store/mc/RunIII2024Summer24MiniAOD/DYto2Mu-4Jets_Bin-MLL-50_TuneCP5_13p6TeV_madgraphMLM-pythia8/MINIAODSIM/140X_mcRun3_2024_realistic_v26-v2/110000/18070fa8-cf83-4a01-88ef-adeedaa9a0d9.root', '/store/mc/RunIII2024Summer24MiniAOD/DYto2Mu-4Jets_Bin-MLL-50_TuneCP5_13p6TeV_madgraphMLM-pythia8/MINIAODSIM/140X_mcRun3_2024_realistic_v26-v2/110000/18b73eb3-ad65-4d7c-9ea0-65efacda9576.root', '/store/mc/RunIII2024Summer24MiniAOD/DYto2Mu-4Jets_Bin-MLL-50_TuneCP5_13p6TeV_madgraphMLM-pythia8/MINIAODSIM/140X_mcRun3_2024_realistic_v26-v2/110000/196a51c6-dd46-4b4e-a7cb-6b724999b4b5.root', '/store/mc/RunIII2024Summer24MiniAOD/DYto2Mu-4Jets_Bin-MLL-50_TuneCP5_13p6TeV_madgraphMLM-pythia8/MINIAODSIM/140X_mcRun3_2024_realistic_v26-v2/110000/1b3b4ee3-6567-4564-90e2-9fa988434da8.root', '/store/mc/RunIII2024Summer24MiniAOD/DYto2Mu-4Jets_Bin-MLL-50_TuneCP5_13p6TeV_madgraphMLM-pythia8/MINIAODSIM/140X_mcRun3_2024_realistic_v26-v2/110000/1d2b3eea-7cc4-4543-9387-5f0888f31f31.root']", 'runlumi': "{'1': {'120372': '724', '120375': '716', '120378': '703', '120394': '683', '120427': '697', '120485': '739', '120488': '686', '120517': '722', '120544': '713', '120569': '674', '120580': '708', '120594': '707', '120616': '725', '120685': '704', '120726': '669', '120750': '727', '120755': '675', '120770': '692', '120773': '709', '120779': '695', '120804': '742', '120827': '748', '120835': '699', '120847': '709', '120894': '706', '120898': '682', '120938': '686', '120942': '699', '120961': '701', '120963': '691', '120985': '720', '120993': '690', '143006': '734', '143008': '704', '143052': '733', '143057': '697', '143072': '705', '143098': '700', '143138': '688', '143147': '717', '143237': '653', '143250': '744', '143278': '693', '143301': '692', '143375': '707', '143401': '698', '143409': '693', '143441': '670', '143452': '701', '143832': '660', '144170': '658', '144330': '674', '151134': '705', '180800': '699', '181094': '703', '181099': '706', '181117': '717', '181413': '698', '182207': '737', '182539': '703', '182572': '719', '186191': '696', '186776': '735', '202037': '716', '202264': '712', '202347': '719', '202454': '713', '202478': '672', '202495': '688', '202564': '694', '202586': '707', '202602': '694', '202618': '688', '202708': '687', '202754': '695', '202767': '700', '202774': '708', '202832': '663', '202855': '705', '202856': '710', '202864': '697', '202872': '663', '202878': '720', '202888': '695', '202889': '686', '202896': '716', '202905': '732', '202906': '686', '202913': '709', '202929': '735', '202947': '671', '202954': '727', '202963': '705', '202972': '703', '202979': '681', '202987': '707', '202996': '694', '203024': '746', '203033': '693', '203054': '680', '203080': '714', '203086': '701', '203110': '735', '203118': '706', '203128': '710', '203132': '698', '203165': '727', '203215': '691', '203218': '684', '203242': '739', '203252': '670', '203299': '688', '203311': '725', '203317': '732', '203325': '744', '203328': '712', '203333': '783', '203415': '664', '203423': '686', '203448': '718', '203686': '705', '204105': '679', '204233': '687', '204302': '664', '204344': '702', '204368': '685', '204401': '695', '295227': '712', '295255': '689', '295318': '704', '295378': '698', '295385': '688', '295500': '728', '295779': '667', '304221': '707', '311699': '739', '311928': '683', '312166': '704', '312756': '709', '312798': '721', '358001': '744', '358089': '721', '358148': '699', '358274': '719', '358355': '692', '358373': '698', '358387': '714', '358437': '656', '358679': '690', '358730': '708', '358766': '695', '358774': '683', '358790': '678', '358864': '742', '358867': '683', '358876': '690', '358881': '705', '358890': '738', '358898': '730', '358922': '747', '358988': '721', '358997': '727', '358999': '678', '359560': '722', '359790': '708', '361966': '712', '362031': '709', '362105': '723', '362132': '744', '362272': '688', '362285': '689', '362296': '721', '362342': '687', '362349': '728', '362412': '747', '362445': '663', '363233': '690', '363423': '681', '363606': '660', '363965': '676', '364016': '679', '364020': '748', '364027': '693', '364055': '695', '364095': '733', '364111': '667', '364115': '698', '364144': '685', '364155': '720', '364176': '668', '364184': '702', '364191': '725', '364193': '675', '364204': '697', '364217': '695', '364225': '738', '364226': '717', '364232': '699', '394007': '720', '394021': '724', '394036': '713', '394053': '729', '394057': '748', '394069': '764', '394118': '705', '394135': '729', '394145': '767', '394147': '701', '394153': '732', '394173': '717', '394189': '770', '394211': '736', '394217': '727', '394268': '734', '394274': '714', '394291': '729', '394293': '756', '394337': '710', '394345': '719', '394365': '704', '394368': '754', '394401': '717', '394402': '740', '394414': '732', '394428': '718', '394447': '693', '394455': '730', '394458': '744', '394488': '722', '394496': '748', '394500': '698', '394512': '732', '394516': '711', '394518': '716', '394554': '698', '394565': '711', '394625': '747', '394650': '674', '394671': '742', '394683': '706', '394691': '705', '394701': '743', '394728': '718', '394741': '696', '394744': '720', '394760': '672', '394781': '709', '394924': '725', '394940': '705', '394968': '748', '394981': '704', '395018': '723', '395994': '692', '399006': '714', '399182': '706', '399188': '710', '399288': '761', '399298': '714', '399446': '706', '399486': '699', '399591': '671', '399605': '761', '399729': '711', '454380': '729', '454384': '702', '454404': '719', '454414': '696', '454428': '692', '454432': '703', '454435': '706', '454460': '709', '454462': '748', '454463': '695', '454482': '711', '454483': '741', '454491': '720', '454507': '753', '454509': '722', '454512': '702', '454520': '720', '454526': '676', '454535': '734', '454541': '774', '454546': '700', '454548': '689', '454554': '706', '454561': '719', '454568': '729', '454573': '688', '454576': '731', '454582': '725', '454587': '684', '454589': '725', '454600': '751', '454602': '694', '454603': '683', '454608': '776', '454611': '751', '454612': '725', '454614': '717', '454619': '710', '454628': '707', '454629': '697', '454637': '720', '454639': '721', '454642': '738', '454647': '716', '454659': '719', '454660': '712', '454665': '669', '454679': '648', '454682': '710', '454686': '734', '454691': '728', '454694': '727', '454698': '680', '454705': '702', '454712': '716', '454713': '678', '454715': '717', '454719': '676', '454732': '736', '454741': '726', '454753': '702', '454765': '729', '454766': '697', '454772': '699', '454774': '730', '454777': '697', '454780': '719', '454784': '734', '454794': '736', '454796': '672'}}", 'events': 236071, 'type': 'EDM', 'lfn': '/store/user/amalhotr/DYto2Mu-4Jets_Bin-MLL-50_TuneCP5_13p6TeV_madgraphMLM-pythia8/DYto2Mu4Jets_Unpacker_100/250325_213853/0000/HLTUnpackerOutputLarge_7.root'}, {'parents': '[]', 'runlumi': "{'1': {'151134': 'None', '180800': 'None', '181094': 'None', '181099': 'None', '181117': 'None', '181413': 'None', '182207': 'None', '182539': 'None', '182572': 'None', '186191': 'None', '186776': 'None', '202037': 'None', '202264': 'None', '202347': 'None', '202454': 'None', '202478': 'None', '202495': 'None', '202564': 'None', '202586': 'None', '202602': 'None', '202618': 'None', '202708': 'None', '202754': 'None', '202767': 'None', '202774': 'None', '202832': 'None', '202855': 'None', '202856': 'None', '202864': 'None', '202872': 'None', '202878': 'None', '202888': 'None', '202889': 'None', '202896': 'None', '202905': 'None', '202906': 'None', '202913': 'None', '202929': 'None', '202947': 'None', '202954': 'None', '202963': 'None', '202972': 'None', '202979': 'None', '202987': 'None', '202996': 'None', '203024': 'None', '203033': 'None', '203054': 'None', '203080': 'None', '203128': 'None', '203132': 'None', '203165': 'None', '203218': 'None', '203242': 'None', '203252': 'None', '203299': 'None', '203311': 'None', '203317': 'None', '203325': 'None', '203328': 'None', '203333': 'None', '203415': 'None', '203423': 'None', '203448': 'None', '203686': 'None', '204105': 'None', '204233': 'None', '204302': 'None', '204344': 'None', '204368': 'None', '204401': 'None'}}", 'events': 49946, 'type': 'POOLIN', 'lfn': '/store/mc/RunIII2024Summer24MiniAOD/DYto2Mu-4Jets_Bin-MLL-50_TuneCP5_13p6TeV_madgraphMLM-pythia8/MINIAODSIM/140X_mcRun3_2024_realistic_v26-v2/110000/1d2b3eea-7cc4-4543-9387-5f0888f31f31.root_7'}, {'parents': '[]', 'runlumi': "{'1': {'203086': 'None', '203118': 'None', '358437': 'None', '364055': 'None', '394007': 'None', '394021': 'None', '394036': 'None', '394053': 'None', '394057': 'None', '394069': 'None', '394118': 'None', '394135': 'None', '394145': 'None', '394147': 'None', '394153': 'None', '394173': 'None', '394189': 'None', '394211': 'None', '394217': 'None', '394268': 'None', '394274': 'None', '394291': 'None', '394293': 'None', '394337': 'None', '394345': 'None', '394365': 'None', '394368': 'None', '394401': 'None', '394402': 'None', '394414': 'None', '394428': 'None', '394447': 'None', '394455': 'None', '394458': 'None', '394488': 'None', '394496': 'None', '394500': 'None', '394512': 'None', '394516': 'None', '394518': 'None', '394554': 'None', '394565': 'None', '394625': 'None', '394650': 'None', '394671': 'None', '394683': 'None', '394691': 'None', '394701': 'None', '394728': 'None', '394741': 'None', '394744': 'None', '394760': 'None', '394781': 'None', '394924': 'None', '394940': 'None', '394968': 'None', '394981': 'None', '395018': 'None', '395994': 'None', '399006': 'None', '399182': 'None', '399188': 'None', '399288': 'None', '399298': 'None', '399446': 'None', '399486': 'None', '399591': 'None', '399605': 'None', '399729': 'None'}}", 'events': 49652, 'type': 'POOLIN', 'lfn': '/store/mc/RunIII2024Summer24MiniAOD/DYto2Mu-4Jets_Bin-MLL-50_TuneCP5_13p6TeV_madgraphMLM-pythia8/MINIAODSIM/140X_mcRun3_2024_realistic_v26-v2/110000/1b3b4ee3-6567-4564-90e2-9fa988434da8.root_7'}, {'parents': '[]', 'runlumi': "{'1': {'454380': 'None', '454384': 'None', '454404': 'None', '454414': 'None', '454428': 'None', '454432': 'None', '454435': 'None', '454460': 'None', '454462': 'None', '454463': 'None', '454482': 'None', '454483': 'None', '454491': 'None', '454507': 'None', '454509': 'None', '454512': 'None', '454520': 'None', '454526': 'None', '454535': 'None', '454541': 'None', '454546': 'None', '454548': 'None', '454554': 'None', '454561': 'None', '454568': 'None', '454573': 'None', '454576': 'None', '454582': 'None', '454587': 'None', '454589': 'None', '454600': 'None', '454602': 'None', '454603': 'None', '454608': 'None', '454611': 'None', '454612': 'None', '454614': 'None', '454619': 'None', '454628': 'None', '454629': 'None', '454637': 'None', '454639': 'None', '454642': 'None', '454647': 'None', '454659': 'None', '454660': 'None', '454665': 'None', '454679': 'None', '454682': 'None', '454686': 'None', '454691': 'None', '454694': 'None', '454698': 'None', '454705': 'None', '454712': 'None', '454713': 'None', '454715': 'None', '454719': 'None', '454732': 'None', '454741': 'None', '454753': 'None', '454765': 'None', '454766': 'None', '454772': 'None', '454774': 'None', '454777': 'None', '454780': 'None', '454784': 'None', '454794': 'None', '454796': 'None'}}", 'events': 49947, 'type': 'POOLIN', 'lfn': '/store/mc/RunIII2024Summer24MiniAOD/DYto2Mu-4Jets_Bin-MLL-50_TuneCP5_13p6TeV_madgraphMLM-pythia8/MINIAODSIM/140X_mcRun3_2024_realistic_v26-v2/110000/196a51c6-dd46-4b4e-a7cb-6b724999b4b5.root_7'}, {'parents': '[]', 'runlumi': "{'1': {'203110': 'None', '203215': 'None', '295227': 'None', '295255': 'None', '295318': 'None', '295378': 'None', '295385': 'None', '295500': 'None', '295779': 'None', '304221': 'None', '311699': 'None', '311928': 'None', '312166': 'None', '312756': 'None', '312798': 'None', '358001': 'None', '358089': 'None', '358148': 'None', '358274': 'None', '358355': 'None', '358373': 'None', '358387': 'None', '358679': 'None', '358730': 'None', '358766': 'None', '358774': 'None', '358790': 'None', '358864': 'None', '358867': 'None', '358876': 'None', '358881': 'None', '358890': 'None', '358898': 'None', '358922': 'None', '358988': 'None', '358997': 'None', '358999': 'None', '359560': 'None', '359790': 'None', '361966': 'None', '362031': 'None', '362105': 'None', '362132': 'None', '362272': 'None', '362285': 'None', '362296': 'None', '362342': 'None', '362349': 'None', '362412': 'None', '362445': 'None', '363233': 'None', '363423': 'None', '363606': 'None', '363965': 'None', '364016': 'None', '364020': 'None', '364027': 'None', '364095': 'None', '364111': 'None', '364115': 'None', '364144': 'None', '364155': 'None', '364176': 'None', '364184': 'None', '364191': 'None', '364193': 'None', '364204': 'None', '364217': 'None', '364225': 'None', '364226': 'None', '364232': 'None'}}", 'events': 50064, 'type': 'POOLIN', 'lfn': '/store/mc/RunIII2024Summer24MiniAOD/DYto2Mu-4Jets_Bin-MLL-50_TuneCP5_13p6TeV_madgraphMLM-pythia8/MINIAODSIM/140X_mcRun3_2024_realistic_v26-v2/110000/18b73eb3-ad65-4d7c-9ea0-65efacda9576.root_7'}, {'parents': '[]', 'runlumi': "{'1': {'120372': 'None', '120375': 'None', '120378': 'None', '120394': 'None', '120427': 'None', '120485': 'None', '120488': 'None', '120517': 'None', '120544': 'None', '120569': 'None', '120580': 'None', '120594': 'None', '120616': 'None', '120685': 'None', '120726': 'None', '120750': 'None', '120755': 'None', '120770': 'None', '120773': 'None', '120779': 'None', '120804': 'None', '120827': 'None', '120835': 'None', '120847': 'None', '120894': 'None', '120898': 'None', '120938': 'None', '120942': 'None', '120961': 'None', '120963': 'None', '120985': 'None', '120993': 'None', '143006': 'None', '143008': 'None', '143052': 'None', '143057': 'None', '143072': 'None', '143098': 'None', '143138': 'None', '143147': 'None', '143237': 'None', '143250': 'None', '143278': 'None', '143301': 'None', '143375': 'None', '143401': 'None', '143409': 'None', '143441': 'None', '143452': 'None', '143832': 'None', '144170': 'None', '144330': 'None'}}", 'events': 36462, 'type': 'POOLIN', 'lfn': '/store/mc/RunIII2024Summer24MiniAOD/DYto2Mu-4Jets_Bin-MLL-50_TuneCP5_13p6TeV_madgraphMLM-pythia8/MINIAODSIM/140X_mcRun3_2024_realistic_v26-v2/110000/18070fa8-cf83-4a01-88ef-adeedaa9a0d9.root_7'}], '20': [{'parents': "['/store/mc/RunIII2024Summer24MiniAOD/DYto2Mu-4Jets_Bin-MLL-50_TuneCP5_13p6TeV_madgraphMLM-pythia8/MINIAODSIM/140X_mcRun3_2024_realistic_v26-v2/110000/1622a71d-0599-4c9b-b59e-dc76d545782b.root', '/store/mc/RunIII2024Summer24MiniAOD/DYto2Mu-4Jets_Bin-MLL-50_TuneCP5_13p6TeV_madgraphMLM-pythia8/MINIAODSIM/140X_mcRun3_2024_realistic_v26-v2/110000/16fefc78-d150-498e-a4d8-18d22e1774df.root', '/store/mc/RunIII2024Summer24MiniAOD/DYto2Mu-4Jets_Bin-MLL-50_TuneCP5_13p6TeV_madgraphMLM-pythia8/MINIAODSIM/140X_mcRun3_2024_realistic_v26-v2/110000/177ea5e5-c5d7-4ca8-8e65-948683a3b585.root', '/store/mc/RunIII2024Summer24MiniAOD/DYto2Mu-4Jets_Bin-MLL-50_TuneCP5_13p6TeV_madgraphMLM-pythia8/MINIAODSIM/140X_mcRun3_2024_realistic_v26-v2/110000/18039cb1-1979-48ef-9d5a-f07ea19434f0.root', '/store/mc/RunIII2024Summer24MiniAOD/DYto2Mu-4Jets_Bin-MLL-50_TuneCP5_13p6TeV_madgraphMLM-pythia8/MINIAODSIM/140X_mcRun3_2024_realistic_v26-v2/110000/186e279e-5a7e-4b7c-8d20-90e99937d1ca.root']", 'runlumi': "{'1': {'17': '719', '33': '675', '34': '707', '41': '695', '65': '722', '75': '701', '91': '722', '227': '719', '238': '721', '279': '702', '291': '771', '298': '692', '313': '725', '324': '705', '332': '711', '349': '745', '356': '738', '365': '727', '373': '711', '377': '720', '388': '753', '393': '737', '396': '712', '402': '734', '435': '712', '470': '684', '479': '691', '486': '726', '495': '712', '503': '727', '512': '712', '522': '726', '539': '717', '579': '716', '587': '726', '603': '723', '611': '708', '612': '743', '620': '660', '628': '654', '644': '703', '653': '729', '655': '724', '661': '720', '669': '722', '676': '714', '699': '709', '700': '687', '708': '731', '716': '688', '728': '723', '734': '715', '740': '708', '749': '698', '757': '719', '774': '685', '781': '706', '788': '681', '796': '661', '803': '687', '813': '702', '828': '671', '850': '704', '870': '707', '887': '693', '922': '674', '952': '678', '959': '684', '962': '671', '12007': '705', '12960': '699', '13959': '706', '14541': '709', '38093': '647', '39099': '742', '39156': '744', '45131': '721', '45132': '740', '48328': '741', '48917': '687', '50868': '749', '89159': '725', '89170': '716', '90343': '747', '90347': '705', '90363': '708', '90370': '721', '90420': '693', '90425': '706', '90437': '726', '90487': '689', '90499': '731', '90514': '719', '90544': '714', '90569': '707', '90615': '718', '90695': '757', '90740': '743', '90773': '679', '90906': '728', '90934': '710', '90995': '729', '100002': '693', '100008': '733', '100009': '697', '100018': '702', '100027': '718', '100039': '684', '100043': '695', '100049': '689', '100059': '708', '100068': '692', '100077': '703', '100086': '731', '100109': '711', '100113': '710', '100117': '696', '100125': '731', '100130': '739', '100132': '678', '100134': '741', '100135': '731', '100137': '680', '100142': '708', '100147': '725', '100151': '726', '100154': '715', '100163': '684', '100166': '735', '100168': '700', '100181': '710', '100188': '708', '100190': '677', '100194': '731', '100195': '719', '100197': '677', '100200': '687', '100207': '690', '100211': '677', '100213': '716', '100217': '701', '100222': '723', '100224': '718', '100230': '714', '100231': '729', '100236': '704', '100238': '633', '100245': '686', '100248': '683', '100250': '724', '100252': '703', '100253': '685', '100254': '685', '100257': '709', '100262': '681', '100265': '715', '100410': '647', '100412': '697', '100444': '733', '100453': '704', '100543': '710', '100582': '701', '100670': '671', '100682': '715', '100724': '718', '100736': '696', '100777': '653', '100895': '702', '100928': '680', '100968': '699', '100987': '700', '101082': '730', '101177': '760', '101205': '751', '101391': '740', '101393': '716', '101410': '729', '101433': '751', '101474': '744', '101511': '731', '101578': '759', '101581': '757', '101651': '667', '101679': '716', '101720': '725', '101747': '697', '101799': '711', '101948': '727', '101950': '705', '101951': '701', '101956': '696', '101973': '714', '101976': '722', '101995': '737', '119009': '724', '119032': '679', '119036': '721', '119041': '705', '119118': '712', '119135': '728', '119171': '689', '119176': '680', '119192': '679', '119217': '724', '119233': '728', '119242': '773', '119251': '680', '119252': '726', '119256': '683', '119259': '690', '181415': '711', '181430': '723', '181438': '750', '181455': '727', '181636': '742', '181646': '754', '181674': '718', '181680': '673', '181685': '693', '181686': '740', '181688': '731', '181702': '677', '181743': '715', '181784': '734', '181800': '686', '181801': '712', '181808': '691', '181811': '748', '181816': '720', '181824': '735', '181825': '699', '181832': '738', '181835': '708', '181841': '729', '181842': '717', '181843': '733', '181849': '702', '181852': '707', '181865': '704', '181873': '687', '181882': '705', '181883': '694', '181890': '730', '182004': '689', '182013': '702', '182021': '697', '182037': '695', '182045': '718', '182054': '729', '182119': '702', '182137': '677', '182148': '700', '182163': '687', '182167': '731', '182174': '690', '182180': '703', '182184': '677', '182205': '707', '182206': '689', '182208': '723', '182212': '682', '182214': '716', '182215': '714', '182216': '665', '182221': '679', '182222': '692', '182223': '663', '182228': '714', '182234': '737', '182238': '664', '182249': '729', '182255': '689', '182263': '687', '182264': '651', '182269': '706', '182271': '688', '182273': '739', '182279': '708', '182286': '685', '182297': '680', '202729': '748', '202806': '718', '202887': '729', '202986': '724', '203000': '708', '203071': '714', '203074': '732', '203079': '695', '203145': '715', '203154': '739', '203155': '705', '203191': '716', '203199': '719', '203202': '693', '203212': '713', '203217': '722', '203219': '705', '203228': '746', '203229': '669', '203234': '731', '203236': '719', '203243': '751', '203245': '699', '203247': '676', '203251': '707', '203253': '744', '203254': '682', '203258': '730', '203260': '742', '203262': '728', '203267': '685', '203272': '694', '203279': '742', '203288': '728', '203289': '692', '203295': '693', '203303': '698', '203305': '717', '203313': '720', '203320': '725', '203321': '750', '203322': '733', '203329': '710', '203330': '705', '203336': '690', '203345': '707', '203346': '755', '203347': '727', '203353': '687', '203356': '713', '203361': '678', '203370': '714', '203377': '717', '203385': '696', '203387': '698', '203401': '736', '203409': '721', '203417': '704', '203427': '719', '203434': '686', '203442': '652', '203443': '671', '203451': '707', '203471': '723', '203486': '693', '203489': '710', '203511': '746', '203519': '692', '203527': '746', '203534': '736'}}", 'events': 248401, 'type': 'EDM', 'lfn': '/store/user/amalhotr/DYto2Mu-4Jets_Bin-MLL-50_TuneCP5_13p6TeV_madgraphMLM-pythia8/DYto2Mu4Jets_Unpacker_100/250325_213853/0000/HLTUnpackerOutputLarge_20.root'}, {'parents': '[]', 'runlumi': "{'1': {'181415': 'None', '181430': 'None', '181438': 'None', '181455': 'None', '181636': 'None', '181646': 'None', '181674': 'None', '181680': 'None', '181685': 'None', '181686': 'None', '181688': 'None', '181702': 'None', '181743': 'None', '181784': 'None', '181800': 'None', '181801': 'None', '181808': 'None', '181811': 'None', '181816': 'None', '181824': 'None', '181825': 'None', '181832': 'None', '181835': 'None', '181841': 'None', '181842': 'None', '181843': 'None', '181849': 'None', '181852': 'None', '181865': 'None', '181873': 'None', '181882': 'None', '181883': 'None', '181890': 'None', '182004': 'None', '182013': 'None', '182021': 'None', '182037': 'None', '182045': 'None', '182054': 'None', '182119': 'None', '182137': 'None', '182148': 'None', '182163': 'None', '182167': 'None', '182174': 'None', '182180': 'None', '182184': 'None', '182205': 'None', '182206': 'None', '182208': 'None', '182212': 'None', '182214': 'None', '182215': 'None', '182216': 'None', '182221': 'None', '182222': 'None', '182223': 'None', '182228': 'None', '182234': 'None', '182238': 'None', '182249': 'None', '182255': 'None', '182263': 'None', '182264': 'None', '182269': 'None', '182271': 'None', '182273': 'None', '182279': 'None', '182286': 'None', '182297': 'None'}}", 'events': 49437, 'type': 'POOLIN', 'lfn': '/store/mc/RunIII2024Summer24MiniAOD/DYto2Mu-4Jets_Bin-MLL-50_TuneCP5_13p6TeV_madgraphMLM-pythia8/MINIAODSIM/140X_mcRun3_2024_realistic_v26-v2/110000/186e279e-5a7e-4b7c-8d20-90e99937d1ca.root_20'}, {'parents': '[]', 'runlumi': "{'1': {'12960': 'None', '13959': 'None', '14541': 'None', '38093': 'None', '39099': 'None', '39156': 'None', '45131': 'None', '45132': 'None', '48328': 'None', '48917': 'None', '50868': 'None', '89159': 'None', '89170': 'None', '90487': 'None', '90615': 'None', '100049': 'None', '100410': 'None', '100412': 'None', '100444': 'None', '100453': 'None', '100543': 'None', '100582': 'None', '100670': 'None', '100682': 'None', '100724': 'None', '100736': 'None', '100777': 'None', '100895': 'None', '100928': 'None', '100968': 'None', '100987': 'None', '101082': 'None', '101177': 'None', '101205': 'None', '101391': 'None', '101393': 'None', '101410': 'None', '101433': 'None', '101474': 'None', '101511': 'None', '101578': 'None', '101581': 'None', '101651': 'None', '101679': 'None', '101720': 'None', '101747': 'None', '101799': 'None', '101948': 'None', '101950': 'None', '101951': 'None', '101956': 'None', '101973': 'None', '101976': 'None', '101995': 'None', '119009': 'None', '119032': 'None', '119036': 'None', '119041': 'None', '119118': 'None', '119135': 'None', '119171': 'None', '119176': 'None', '119192': 'None', '119217': 'None', '119233': 'None', '119242': 'None', '119251': 'None', '119252': 'None', '119256': 'None', '119259': 'None'}}", 'events': 49855, 'type': 'POOLIN', 'lfn': '/store/mc/RunIII2024Summer24MiniAOD/DYto2Mu-4Jets_Bin-MLL-50_TuneCP5_13p6TeV_madgraphMLM-pythia8/MINIAODSIM/140X_mcRun3_2024_realistic_v26-v2/110000/18039cb1-1979-48ef-9d5a-f07ea19434f0.root_20'}, {'parents': '[]', 'runlumi': "{'1': {'90343': 'None', '90347': 'None', '90363': 'None', '90370': 'None', '90420': 'None', '90425': 'None', '90437': 'None', '90499': 'None', '90514': 'None', '90544': 'None', '90569': 'None', '90695': 'None', '90740': 'None', '90773': 'None', '90906': 'None', '90934': 'None', '90995': 'None', '100002': 'None', '100008': 'None', '100009': 'None', '100018': 'None', '100027': 'None', '100039': 'None', '100043': 'None', '100059': 'None', '100068': 'None', '100077': 'None', '100086': 'None', '100109': 'None', '100113': 'None', '100117': 'None', '100125': 'None', '100130': 'None', '100132': 'None', '100134': 'None', '100135': 'None', '100137': 'None', '100142': 'None', '100147': 'None', '100151': 'None', '100154': 'None', '100163': 'None', '100166': 'None', '100168': 'None', '100181': 'None', '100188': 'None', '100190': 'None', '100194': 'None', '100195': 'None', '100197': 'None', '100200': 'None', '100207': 'None', '100211': 'None', '100213': 'None', '100217': 'None', '100222': 'None', '100224': 'None', '100230': 'None', '100231': 'None', '100236': 'None', '100238': 'None', '100245': 'None', '100248': 'None', '100250': 'None', '100252': 'None', '100253': 'None', '100254': 'None', '100257': 'None', '100262': 'None', '100265': 'None'}}", 'events': 49574, 'type': 'POOLIN', 'lfn': '/store/mc/RunIII2024Summer24MiniAOD/DYto2Mu-4Jets_Bin-MLL-50_TuneCP5_13p6TeV_madgraphMLM-pythia8/MINIAODSIM/140X_mcRun3_2024_realistic_v26-v2/110000/177ea5e5-c5d7-4ca8-8e65-948683a3b585.root_20'}, {'parents': '[]', 'runlumi': "{'1': {'202729': 'None', '202806': 'None', '202887': 'None', '202986': 'None', '203000': 'None', '203071': 'None', '203074': 'None', '203079': 'None', '203145': 'None', '203154': 'None', '203155': 'None', '203191': 'None', '203199': 'None', '203202': 'None', '203212': 'None', '203217': 'None', '203219': 'None', '203228': 'None', '203229': 'None', '203234': 'None', '203236': 'None', '203243': 'None', '203245': 'None', '203247': 'None', '203251': 'None', '203253': 'None', '203254': 'None', '203258': 'None', '203260': 'None', '203262': 'None', '203267': 'None', '203272': 'None', '203279': 'None', '203288': 'None', '203289': 'None', '203295': 'None', '203303': 'None', '203305': 'None', '203313': 'None', '203320': 'None', '203321': 'None', '203322': 'None', '203329': 'None', '203330': 'None', '203336': 'None', '203345': 'None', '203346': 'None', '203347': 'None', '203353': 'None', '203356': 'None', '203361': 'None', '203370': 'None', '203377': 'None', '203385': 'None', '203387': 'None', '203401': 'None', '203409': 'None', '203417': 'None', '203427': 'None', '203434': 'None', '203442': 'None', '203443': 'None', '203451': 'None', '203471': 'None', '203486': 'None', '203489': 'None', '203511': 'None', '203519': 'None', '203527': 'None', '203534': 'None'}}", 'events': 49935, 'type': 'POOLIN', 'lfn': '/store/mc/RunIII2024Summer24MiniAOD/DYto2Mu-4Jets_Bin-MLL-50_TuneCP5_13p6TeV_madgraphMLM-pythia8/MINIAODSIM/140X_mcRun3_2024_realistic_v26-v2/110000/16fefc78-d150-498e-a4d8-18d22e1774df.root_20'}, {'parents': '[]', 'runlumi': "{'1': {'17': 'None', '33': 'None', '34': 'None', '41': 'None', '65': 'None', '75': 'None', '91': 'None', '227': 'None', '238': 'None', '279': 'None', '291': 'None', '298': 'None', '313': 'None', '324': 'None', '332': 'None', '349': 'None', '356': 'None', '365': 'None', '373': 'None', '377': 'None', '388': 'None', '393': 'None', '396': 'None', '402': 'None', '435': 'None', '470': 'None', '479': 'None', '486': 'None', '495': 'None', '503': 'None', '512': 'None', '522': 'None', '539': 'None', '579': 'None', '587': 'None', '603': 'None', '611': 'None', '612': 'None', '620': 'None', '628': 'None', '644': 'None', '653': 'None', '655': 'None', '661': 'None', '669': 'None', '676': 'None', '699': 'None', '700': 'None', '708': 'None', '716': 'None', '728': 'None', '734': 'None', '740': 'None', '749': 'None', '757': 'None', '774': 'None', '781': 'None', '788': 'None', '796': 'None', '803': 'None', '813': 'None', '828': 'None', '850': 'None', '870': 'None', '887': 'None', '922': 'None', '952': 'None', '959': 'None', '962': 'None', '12007': 'None'}}", 'events': 49600, 'type': 'POOLIN', 'lfn': '/store/mc/RunIII2024Summer24MiniAOD/DYto2Mu-4Jets_Bin-MLL-50_TuneCP5_13p6TeV_madgraphMLM-pythia8/MINIAODSIM/140X_mcRun3_2024_realistic_v26-v2/110000/1622a71d-0599-4c9b-b59e-dc76d545782b.root_20'}], '1': [{'parents': "['/store/mc/RunIII2024Summer24MiniAOD/DYto2Mu-4Jets_Bin-MLL-50_TuneCP5_13p6TeV_madgraphMLM-pythia8/MINIAODSIM/140X_mcRun3_2024_realistic_v26-v2/110000/00ec2d24-6d81-4fde-a650-892805966ea9.root', '/store/mc/RunIII2024Summer24MiniAOD/DYto2Mu-4Jets_Bin-MLL-50_TuneCP5_13p6TeV_madgraphMLM-pythia8/MINIAODSIM/140X_mcRun3_2024_realistic_v26-v2/110000/050ea95d-2d49-4a18-bb9a-a0d272a79945.root', '/store/mc/RunIII2024Summer24MiniAOD/DYto2Mu-4Jets_Bin-MLL-50_TuneCP5_13p6TeV_madgraphMLM-pythia8/MINIAODSIM/140X_mcRun3_2024_realistic_v26-v2/110000/06ec8a57-3007-4c85-b9e7-383aaa1464a1.root', '/store/mc/RunIII2024Summer24MiniAOD/DYto2Mu-4Jets_Bin-MLL-50_TuneCP5_13p6TeV_madgraphMLM-pythia8/MINIAODSIM/140X_mcRun3_2024_realistic_v26-v2/110000/16198f96-cbf3-4809-95f8-c77574e534ec.root', '/store/mc/RunIII2024Summer24MiniAOD/DYto2Mu-4Jets_Bin-MLL-50_TuneCP5_13p6TeV_madgraphMLM-pythia8/MINIAODSIM/140X_mcRun3_2024_realistic_v26-v2/110000/1d4ec7c3-cf3e-42af-8a13-1dd4b99540d6.root']", 'runlumi': "{'1': {'455': '709', '13253': '726', '13539': '707', '13629': '696', '13659': '707', '13678': '725', '13701': '709', '13753': '706', '13946': '707', '14341': '715', '14390': '735', '39298': '716', '39615': '700', '39770': '709', '45138': '726', '45151': '704', '45153': '741', '45211': '690', '45738': '766', '45842': '707', '46017': '703', '46027': '695', '46057': '710', '46165': '715', '46180': '723', '46421': '693', '46423': '727', '46461': '699', '46510': '674', '46523': '732', '46564': '717', '46617': '693', '46898': '703', '47182': '717', '47214': '713', '47467': '760', '47487': '726', '47520': '712', '47544': '701', '47548': '699', '47574': '717', '47836': '730', '47862': '710', '47921': '702', '47947': '737', '48058': '687', '48077': '743', '48164': '737', '48321': '738', '48956': '709', '49081': '692', '49171': '682', '49173': '730', '49185': '721', '49207': '722', '49289': '733', '49388': '718', '49418': '734', '49539': '703', '49827': '715', '49988': '712', '50447': '732', '50486': '690', '50664': '713', '50732': '727', '50808': '747', '50845': '712', '50935': '696', '89030': '736', '89244': '710', '90493': '697', '90543': '718', '90775': '720', '90837': '707', '90849': '738', '90862': '718', '90911': '721', '90977': '649', '205716': '723', '295426': '738', '295705': '681', '295804': '738', '295828': '737', '311857': '723', '311962': '681', '312438': '696', '312856': '707', '312996': '701', '358146': '727', '358192': '700', '358213': '703', '358260': '709', '358441': '681', '358444': '733', '358559': '688', '358602': '736', '358603': '710', '358604': '713', '358872': '687', '359223': '712', '359274': '733', '359482': '714', '359524': '684', '359774': '710', '360025': '692', '360249': '740', '360440': '688', '360689': '752', '360715': '710', '360812': '728', '361042': '702', '361124': '699', '361186': '700', '361289': '685', '361785': '714', '361803': '682', '361877': '694', '362059': '703', '362737': '713', '362747': '691', '362753': '701', '362777': '701', '362780': '694', '362917': '776', '362946': '691', '362994': '737', '363262': '734', '363402': '729', '363511': '680', '363736': '696', '364073': '724', '364201': '702', '364247': '683', '364450': '696', '364464': '714', '364465': '677', '394188': '719', '394378': '677', '394408': '704', '394465': '705', '394507': '703', '394521': '716', '394743': '719', '394772': '721', '394815': '724', '394885': '696', '394953': '728', '394955': '676', '395029': '706', '395033': '711', '395079': '720', '395245': '709', '395295': '714', '395393': '713', '395478': '686', '395489': '700', '395496': '713', '395587': '722', '395604': '700', '395759': '719', '395857': '704', '396291': '744', '396437': '711', '396514': '682', '396529': '724', '396656': '728', '396786': '709', '396867': '667', '396870': '717', '396930': '736', '396947': '715', '396951': '712', '396990': '682', '399057': '672', '399066': '704', '399125': '712', '399128': '680', '399649': '728', '399772': '732', '399879': '723', '400018': '682', '400058': '720', '400093': '719', '400166': '718', '400263': '668', '400345': '683', '400409': '696', '400447': '719', '400535': '679', '400586': '694', '400655': '731', '400690': '737', '400752': '729', '400805': '692', '400914': '708', '400976': '688', '425181': '711', '425308': '718', '425325': '711', '425339': '721', '425388': '717', '425422': '720', '425463': '702', '425590': '667', '425610': '707', '425670': '717', '425678': '724', '425718': '712', '425743': '691', '425750': '689', '425776': '677', '425810': '735', '425844': '718', '425954': '719', '425957': '690', '426137': '700', '426378': '689', '426464': '686', '426649': '706', '426816': '687', '426858': '679', '426994': '736', '452118': '698', '452187': '698', '452503': '706', '452824': '760', '453027': '697', '453088': '675', '453414': '693', '454699': '745', '465511': '647', '465918': '737', '465981': '652', '472465': '724', '472550': '733', '472559': '741', '472606': '678', '472648': '712'}}", 'events': 168880, 'type': 'EDM', 'lfn': '/store/user/amalhotr/DYto2Mu-4Jets_Bin-MLL-50_TuneCP5_13p6TeV_madgraphMLM-pythia8/DYto2Mu4Jets_Unpacker_100/250325_213853/0000/HLTUnpackerOutputLarge_1.root'}, {'parents': '[]', 'runlumi': "{'1': {'13253': 'None', '13629': 'None', '13659': 'None', '13678': 'None', '13701': 'None', '13753': 'None', '13946': 'None', '14341': 'None', '39615': 'None', '46017': 'None', '46057': 'None', '46180': 'None', '46421': 'None', '46423': 'None', '46461': 'None', '46564': 'None', '46898': 'None', '47182': 'None', '47467': 'None', '47487': 'None', '47520': 'None', '47544': 'None', '47574': 'None', '47836': 'None', '47862': 'None', '47921': 'None', '47947': 'None', '48077': 'None', '49081': 'None', '49185': 'None', '49207': 'None', '49289': 'None', '49388': 'None', '50732': 'None', '50808': 'None', '50935': 'None'}}", 'events': 25777, 'type': 'POOLIN', 'lfn': '/store/mc/RunIII2024Summer24MiniAOD/DYto2Mu-4Jets_Bin-MLL-50_TuneCP5_13p6TeV_madgraphMLM-pythia8/MINIAODSIM/140X_mcRun3_2024_realistic_v26-v2/110000/1d4ec7c3-cf3e-42af-8a13-1dd4b99540d6.root_1'}, {'parents': '[]', 'runlumi': "{'1': {'295426': 'None', '358192': 'None', '358213': 'None', '358260': 'None', '358441': 'None', '358444': 'None', '358559': 'None', '358602': 'None', '358603': 'None', '359223': 'None', '359274': 'None', '359482': 'None', '359774': 'None', '360715': 'None', '360812': 'None', '362737': 'None', '362747': 'None', '362994': 'None', '363402': 'None', '364073': 'None', '364201': 'None', '364450': 'None', '364464': 'None', '364465': 'None', '394378': 'None', '394408': 'None', '394465': 'None', '394521': 'None', '394772': 'None', '394815': 'None', '394885': 'None', '394953': 'None', '394955': 'None', '395079': 'None', '395759': 'None', '396437': 'None', '396529': 'None', '396786': 'None', '396867': 'None', '396930': 'None', '396947': 'None', '396951': 'None', '396990': 'None', '399057': 'None', '399066': 'None', '399125': 'None', '399128': 'None', '400058': 'None', '400093': 'None', '400166': 'None', '400263': 'None', '400345': 'None', '400409': 'None', '400447': 'None', '400535': 'None', '400586': 'None', '400655': 'None', '400690': 'None', '400752': 'None', '400805': 'None', '400914': 'None'}}", 'events': 43191, 'type': 'POOLIN', 'lfn': '/store/mc/RunIII2024Summer24MiniAOD/DYto2Mu-4Jets_Bin-MLL-50_TuneCP5_13p6TeV_madgraphMLM-pythia8/MINIAODSIM/140X_mcRun3_2024_realistic_v26-v2/110000/16198f96-cbf3-4809-95f8-c77574e534ec.root_1'}, {'parents': '[]', 'runlumi': "{'1': {'205716': 'None', '295705': 'None', '295804': 'None', '295828': 'None', '311857': 'None', '311962': 'None', '312438': 'None', '312856': 'None', '312996': 'None', '358146': 'None', '358604': 'None', '358872': 'None', '359524': 'None', '360025': 'None', '360249': 'None', '360440': 'None', '360689': 'None', '361042': 'None', '361124': 'None', '361186': 'None', '361289': 'None', '361785': 'None', '361803': 'None', '361877': 'None', '362059': 'None', '362753': 'None', '362777': 'None', '362780': 'None', '362917': 'None', '362946': 'None', '363262': 'None', '363511': 'None', '363736': 'None', '364247': 'None', '395029': 'None', '395033': 'None', '395245': 'None', '395295': 'None', '395393': 'None', '395478': 'None', '395489': 'None', '395496': 'None', '395587': 'None', '395604': 'None', '395857': 'None', '396514': 'None'}}", 'events': 32465, 'type': 'POOLIN', 'lfn': '/store/mc/RunIII2024Summer24MiniAOD/DYto2Mu-4Jets_Bin-MLL-50_TuneCP5_13p6TeV_madgraphMLM-pythia8/MINIAODSIM/140X_mcRun3_2024_realistic_v26-v2/110000/06ec8a57-3007-4c85-b9e7-383aaa1464a1.root_1'}, {'parents': '[]', 'runlumi': "{'1': {'394188': 'None', '394507': 'None', '394743': 'None', '396291': 'None', '396656': 'None', '396870': 'None', '399649': 'None', '399772': 'None', '399879': 'None', '400018': 'None', '400976': 'None', '425181': 'None', '425308': 'None', '425325': 'None', '425339': 'None', '425388': 'None', '425422': 'None', '425463': 'None', '425590': 'None', '425610': 'None', '425670': 'None', '425678': 'None', '425718': 'None', '425743': 'None', '425750': 'None', '425776': 'None', '425810': 'None', '425844': 'None', '425954': 'None', '425957': 'None', '426137': 'None', '426378': 'None', '426464': 'None', '426649': 'None', '426816': 'None', '426858': 'None', '426994': 'None', '452118': 'None', '452187': 'None', '452503': 'None', '452824': 'None', '453027': 'None', '453088': 'None', '453414': 'None', '454699': 'None', '465511': 'None', '465918': 'None', '465981': 'None', '472465': 'None', '472550': 'None', '472559': 'None', '472606': 'None', '472648': 'None'}}", 'events': 37508, 'type': 'POOLIN', 'lfn': '/store/mc/RunIII2024Summer24MiniAOD/DYto2Mu-4Jets_Bin-MLL-50_TuneCP5_13p6TeV_madgraphMLM-pythia8/MINIAODSIM/140X_mcRun3_2024_realistic_v26-v2/110000/050ea95d-2d49-4a18-bb9a-a0d272a79945.root_1'}, {'parents': '[]', 'runlumi': "{'1': {'455': 'None', '13539': 'None', '14390': 'None', '39298': 'None', '39770': 'None', '45138': 'None', '45151': 'None', '45153': 'None', '45211': 'None', '45738': 'None', '45842': 'None', '46027': 'None', '46165': 'None', '46510': 'None', '46523': 'None', '46617': 'None', '47214': 'None', '47548': 'None', '48058': 'None', '48164': 'None', '48321': 'None', '48956': 'None', '49171': 'None', '49173': 'None', '49418': 'None', '49539': 'None', '49827': 'None', '49988': 'None', '50447': 'None', '50486': 'None', '50664': 'None', '50845': 'None', '89030': 'None', '89244': 'None', '90493': 'None', '90543': 'None', '90775': 'None', '90837': 'None', '90849': 'None', '90862': 'None', '90911': 'None', '90977': 'None'}}", 'events': 29939, 'type': 'POOLIN', 'lfn': '/store/mc/RunIII2024Summer24MiniAOD/DYto2Mu-4Jets_Bin-MLL-50_TuneCP5_13p6TeV_madgraphMLM-pythia8/MINIAODSIM/140X_mcRun3_2024_realistic_v26-v2/110000/00ec2d24-6d81-4fde-a650-892805966ea9.root_1'}], '13': [{'parents': "['/store/mc/RunIII2024Summer24MiniAOD/DYto2Mu-4Jets_Bin-MLL-50_TuneCP5_13p6TeV_madgraphMLM-pythia8/MINIAODSIM/140X_mcRun3_2024_realistic_v26-v2/110000/003d60b2-e312-4154-9795-f95564228da5.root', '/store/mc/RunIII2024Summer24MiniAOD/DYto2Mu-4Jets_Bin-MLL-50_TuneCP5_13p6TeV_madgraphMLM-pythia8/MINIAODSIM/140X_mcRun3_2024_realistic_v26-v2/110000/00a31e63-ef33-4b0a-a267-ef8004cda8ac.root', '/store/mc/RunIII2024Summer24MiniAOD/DYto2Mu-4Jets_Bin-MLL-50_TuneCP5_13p6TeV_madgraphMLM-pythia8/MINIAODSIM/140X_mcRun3_2024_realistic_v26-v2/110000/010ea098-2b59-46ec-aec3-b81ae27bcdc0.root', '/store/mc/RunIII2024Summer24MiniAOD/DYto2Mu-4Jets_Bin-MLL-50_TuneCP5_13p6TeV_madgraphMLM-pythia8/MINIAODSIM/140X_mcRun3_2024_realistic_v26-v2/110000/0253044d-64ff-4aee-bbb7-d491f62d5a36.root', '/store/mc/RunIII2024Summer24MiniAOD/DYto2Mu-4Jets_Bin-MLL-50_TuneCP5_13p6TeV_madgraphMLM-pythia8/MINIAODSIM/140X_mcRun3_2024_realistic_v26-v2/110000/02df5b47-6f7c-4376-ab0b-a477f3d0df52.root']", 'runlumi': "{'1': {'45954': '728', '48932': '766', '89154': '721', '89174': '710', '89205': '697', '89333': '715', '89432': '733', '89576': '681', '89698': '745', '89766': '705', '89886': '709', '89902': '712', '89939': '710', '90136': '729', '90759': '680', '90816': '732', '90841': '701', '90932': '723', '90976': '747', '100273': '706', '100620': '685', '100887': '703', '100937': '686', '100984': '703', '101017': '715', '101155': '715', '101156': '692', '101160': '730', '101163': '705', '101173': '721', '101176': '710', '101182': '746', '101184': '696', '101189': '713', '101192': '725', '101193': '693', '101200': '724', '101206': '679', '101238': '733', '101245': '709', '101281': '731', '101286': '722', '101292': '721', '101298': '762', '101303': '723', '101322': '701', '101331': '753', '101338': '705', '101379': '757', '101396': '704', '101426': '704', '101437': '722', '101467': '735', '101502': '741', '101516': '745', '101545': '751', '101546': '717', '101550': '721', '101553': '716', '101555': '683', '101558': '692', '101562': '753', '101572': '751', '101574': '734', '101577': '719', '101579': '734', '101582': '712', '101591': '709', '101632': '741', '101668': '703', '101689': '684', '101696': '757', '101697': '714', '101700': '754', '101709': '730', '101712': '741', '101714': '716', '101716': '685', '101721': '709', '101726': '712', '101729': '685', '101732': '671', '101736': '677', '101745': '721', '101750': '688', '101756': '697', '101758': '707', '101785': '699', '101791': '708', '101792': '681', '101794': '708', '101803': '698', '101804': '750', '101806': '675', '101943': '707', '119278': '706', '119410': '767', '119430': '706', '119503': '711', '119730': '672', '119741': '692', '119912': '757', '120030': '693', '120063': '699', '120097': '698', '120120': '740', '120138': '726', '120237': '693', '120284': '705', '120329': '696', '120358': '721', '120467': '691', '120489': '694', '120540': '669', '120628': '705', '120706': '749', '120743': '746', '120758': '696', '120874': '679', '120962': '703', '120995': '719', '143065': '665', '143080': '721', '143119': '712', '143331': '755', '143356': '686', '143372': '721', '143447': '737', '143471': '709', '143479': '704', '143488': '734', '143562': '725', '143610': '736', '144008': '713', '144017': '694', '144025': '681', '144041': '695', '144147': '735', '144161': '692', '182968': '708', '186020': '672', '186029': '677', '186034': '694', '186149': '672', '186351': '717', '186375': '714', '186428': '726', '186436': '726', '186444': '728', '186460': '695', '186469': '715', '186475': '702', '186477': '710', '186485': '666', '186494': '716', '186501': '720', '186518': '737', '186526': '698', '186535': '679', '186559': '724', '186567': '678', '186590': '699', '186602': '733', '186611': '747', '186734': '745', '186787': '720', '186812': '683', '186829': '697', '186834': '717', '186836': '700', '186843': '748', '186845': '682', '186853': '694', '186870': '744', '186877': '692', '186886': '704', '186903': '736', '186911': '686', '186918': '739', '186941': '719', '186957': '739', '186973': '712', '186981': '696', '202064': '704', '202082': '682', '202097': '698', '202099': '670', '202113': '678', '202134': '672', '202142': '655', '202289': '693', '202330': '703', '202346': '689', '202370': '716', '202372': '708', '202376': '704', '202382': '663', '202384': '704', '202386': '668', '202389': '691', '202390': '698', '202392': '723', '202393': '665', '202396': '700', '202400': '693', '202407': '694', '202411': '723', '202451': '742', '202487': '706', '202494': '690', '203544': '715', '203560': '706', '203568': '701', '203585': '727', '203601': '681', '203609': '734', '203617': '649', '203620': '712', '203626': '740', '203642': '723', '203650': '681', '203651': '689', '203659': '657', '203667': '700', '203683': '716', '203700': '692', '203708': '715', '203751': '756', '203760': '699', '203768': '707', '203776': '686', '203785': '722', '203792': '703', '203801': '753', '203809': '742', '203818': '718', '203826': '691', '203833': '740', '203842': '709', '203855': '730', '203879': '716', '203994': '715', '204025': '708', '204029': '714', '204030': '676', '204035': '730', '204038': '712', '204039': '710', '204055': '732', '204063': '677', '204079': '709', '204095': '686', '204112': '685', '204120': '693', '204121': '680', '204135': '711', '204136': '705', '204137': '727', '204145': '709', '204146': '708', '204161': '713', '204162': '663', '204172': '729', '204178': '677', '204179': '721', '204189': '701', '204202': '668', '204204': '737', '204226': '702', '204229': '730', '204235': '728', '204251': '684', '204253': '714', '204260': '711', '204263': '739', '204264': '721', '204267': '675', '204275': '711', '204284': '698', '204298': '698', '204308': '715', '204314': '761', '204317': '718', '204320': '724', '204322': '723', '204329': '695', '204333': '687', '204342': '708', '204346': '692', '204349': '707', '204350': '719', '204354': '692', '204363': '722', '204420': '712', '204436': '742', '204465': '677', '204496': '700', '204549': '716', '204551': '721', '204574': '679', '204672': '699', '204721': '713', '204756': '706', '204763': '714', '204764': '694', '204781': '734', '204812': '690', '204928': '675', '204946': '725', '204960': '671', '205039': '725', '205135': '726', '205137': '728', '205188': '734', '205219': '696', '205266': '704', '205268': '680', '205299': '710', '205308': '716', '205395': '724', '205462': '717', '205473': '700', '205606': '698', '205622': '688', '205678': '730', '205685': '717', '205687': '712', '205694': '713', '205703': '707', '205705': '677', '205712': '736', '205719': '716', '205741': '738', '205760': '701', '205774': '678', '205776': '691', '205784': '723', '205798': '721', '205801': '728', '205809': '705', '205814': '733', '205815': '693', '205817': '757', '205848': '713', '205865': '733', '205869': '777', '205882': '700', '205898': '759', '205907': '721', '205908': '722'}}", 'events': 248550, 'type': 'EDM', 'lfn': '/store/user/amalhotr/DYto2Mu-4Jets_Bin-MLL-50_TuneCP5_13p6TeV_madgraphMLM-pythia8/DYto2Mu4Jets_Unpacker_100/250325_213853/0000/HLTUnpackerOutputLarge_13.root'}, {'parents': '[]', 'runlumi': "{'1': {'101155': 'None', '101156': 'None', '101160': 'None', '101163': 'None', '101173': 'None', '101176': 'None', '101182': 'None', '101184': 'None', '101189': 'None', '101192': 'None', '101193': 'None', '101200': 'None', '101206': 'None', '101238': 'None', '101245': 'None', '101281': 'None', '101286': 'None', '101292': 'None', '101298': 'None', '101303': 'None', '101322': 'None', '101331': 'None', '101338': 'None', '101379': 'None', '101396': 'None', '101426': 'None', '101437': 'None', '101467': 'None', '101502': 'None', '101516': 'None', '101545': 'None', '101546': 'None', '101550': 'None', '101553': 'None', '101555': 'None', '101558': 'None', '101562': 'None', '101572': 'None', '101574': 'None', '101577': 'None', '101579': 'None', '101582': 'None', '101591': 'None', '101632': 'None', '101668': 'None', '101689': 'None', '101696': 'None', '101697': 'None', '101700': 'None', '101709': 'None', '101712': 'None', '101714': 'None', '101716': 'None', '101721': 'None', '101726': 'None', '101729': 'None', '101732': 'None', '101736': 'None', '101745': 'None', '101750': 'None', '101756': 'None', '101758': 'None', '101785': 'None', '101791': 'None', '101792': 'None', '101794': 'None', '101803': 'None', '101804': 'None', '101806': 'None'}}", 'events': 49420, 'type': 'POOLIN', 'lfn': '/store/mc/RunIII2024Summer24MiniAOD/DYto2Mu-4Jets_Bin-MLL-50_TuneCP5_13p6TeV_madgraphMLM-pythia8/MINIAODSIM/140X_mcRun3_2024_realistic_v26-v2/110000/02df5b47-6f7c-4376-ab0b-a477f3d0df52.root_13'}, {'parents': '[]', 'runlumi': "{'1': {'204135': 'None', '204172': 'None', '204189': 'None', '204204': 'None', '204263': 'None', '204264': 'None', '204275': 'None', '204298': 'None', '204322': 'None', '204329': 'None', '204346': 'None', '204354': 'None', '204363': 'None', '204420': 'None', '204436': 'None', '204465': 'None', '204496': 'None', '204549': 'None', '204551': 'None', '204574': 'None', '204672': 'None', '204721': 'None', '204756': 'None', '204763': 'None', '204764': 'None', '204781': 'None', '204812': 'None', '204928': 'None', '204946': 'None', '204960': 'None', '205039': 'None', '205135': 'None', '205137': 'None', '205188': 'None', '205219': 'None', '205266': 'None', '205268': 'None', '205299': 'None', '205308': 'None', '205395': 'None', '205462': 'None', '205473': 'None', '205606': 'None', '205622': 'None', '205678': 'None', '205685': 'None', '205687': 'None', '205694': 'None', '205703': 'None', '205705': 'None', '205712': 'None', '205719': 'None', '205741': 'None', '205760': 'None', '205774': 'None', '205776': 'None', '205784': 'None', '205798': 'None', '205801': 'None', '205809': 'None', '205814': 'None', '205815': 'None', '205817': 'None', '205848': 'None', '205865': 'None', '205869': 'None', '205882': 'None', '205898': 'None', '205907': 'None', '205908': 'None'}}", 'events': 49886, 'type': 'POOLIN', 'lfn': '/store/mc/RunIII2024Summer24MiniAOD/DYto2Mu-4Jets_Bin-MLL-50_TuneCP5_13p6TeV_madgraphMLM-pythia8/MINIAODSIM/140X_mcRun3_2024_realistic_v26-v2/110000/0253044d-64ff-4aee-bbb7-d491f62d5a36.root_13'}, {'parents': '[]', 'runlumi': "{'1': {'203544': 'None', '203560': 'None', '203568': 'None', '203585': 'None', '203601': 'None', '203609': 'None', '203617': 'None', '203620': 'None', '203626': 'None', '203642': 'None', '203650': 'None', '203651': 'None', '203659': 'None', '203667': 'None', '203683': 'None', '203700': 'None', '203708': 'None', '203751': 'None', '203760': 'None', '203768': 'None', '203776': 'None', '203785': 'None', '203792': 'None', '203801': 'None', '203809': 'None', '203818': 'None', '203826': 'None', '203833': 'None', '203842': 'None', '203855': 'None', '203879': 'None', '203994': 'None', '204025': 'None', '204029': 'None', '204030': 'None', '204035': 'None', '204038': 'None', '204039': 'None', '204055': 'None', '204063': 'None', '204079': 'None', '204095': 'None', '204112': 'None', '204120': 'None', '204121': 'None', '204136': 'None', '204137': 'None', '204145': 'None', '204146': 'None', '204161': 'None', '204162': 'None', '204178': 'None', '204179': 'None', '204202': 'None', '204226': 'None', '204229': 'None', '204235': 'None', '204251': 'None', '204253': 'None', '204260': 'None', '204267': 'None', '204284': 'None', '204308': 'None', '204314': 'None', '204317': 'None', '204320': 'None', '204333': 'None', '204342': 'None', '204349': 'None', '204350': 'None'}}", 'events': 49509, 'type': 'POOLIN', 'lfn': '/store/mc/RunIII2024Summer24MiniAOD/DYto2Mu-4Jets_Bin-MLL-50_TuneCP5_13p6TeV_madgraphMLM-pythia8/MINIAODSIM/140X_mcRun3_2024_realistic_v26-v2/110000/010ea098-2b59-46ec-aec3-b81ae27bcdc0.root_13'}, {'parents': '[]', 'runlumi': "{'1': {'182968': 'None', '186020': 'None', '186029': 'None', '186034': 'None', '186149': 'None', '186351': 'None', '186375': 'None', '186428': 'None', '186436': 'None', '186444': 'None', '186460': 'None', '186469': 'None', '186475': 'None', '186477': 'None', '186485': 'None', '186494': 'None', '186501': 'None', '186518': 'None', '186526': 'None', '186535': 'None', '186559': 'None', '186567': 'None', '186590': 'None', '186602': 'None', '186611': 'None', '186734': 'None', '186787': 'None', '186812': 'None', '186829': 'None', '186834': 'None', '186836': 'None', '186843': 'None', '186845': 'None', '186853': 'None', '186870': 'None', '186877': 'None', '186886': 'None', '186903': 'None', '186911': 'None', '186918': 'None', '186941': 'None', '186957': 'None', '186973': 'None', '186981': 'None', '202064': 'None', '202082': 'None', '202097': 'None', '202099': 'None', '202113': 'None', '202134': 'None', '202142': 'None', '202289': 'None', '202330': 'None', '202346': 'None', '202370': 'None', '202372': 'None', '202376': 'None', '202382': 'None', '202384': 'None', '202386': 'None', '202389': 'None', '202390': 'None', '202392': 'None', '202393': 'None', '202396': 'None', '202400': 'None', '202407': 'None', '202411': 'None', '202451': 'None', '202487': 'None', '202494': 'None'}}", 'events': 49938, 'type': 'POOLIN', 'lfn': '/store/mc/RunIII2024Summer24MiniAOD/DYto2Mu-4Jets_Bin-MLL-50_TuneCP5_13p6TeV_madgraphMLM-pythia8/MINIAODSIM/140X_mcRun3_2024_realistic_v26-v2/110000/00a31e63-ef33-4b0a-a267-ef8004cda8ac.root_13'}, {'parents': '[]', 'runlumi': "{'1': {'45954': 'None', '48932': 'None', '89154': 'None', '89174': 'None', '89205': 'None', '89333': 'None', '89432': 'None', '89576': 'None', '89698': 'None', '89766': 'None', '89886': 'None', '89902': 'None', '89939': 'None', '90136': 'None', '90759': 'None', '90816': 'None', '90841': 'None', '90932': 'None', '90976': 'None', '100273': 'None', '100620': 'None', '100887': 'None', '100937': 'None', '100984': 'None', '101017': 'None', '101943': 'None', '119278': 'None', '119410': 'None', '119430': 'None', '119503': 'None', '119730': 'None', '119741': 'None', '119912': 'None', '120030': 'None', '120063': 'None', '120097': 'None', '120120': 'None', '120138': 'None', '120237': 'None', '120284': 'None', '120329': 'None', '120358': 'None', '120467': 'None', '120489': 'None', '120540': 'None', '120628': 'None', '120706': 'None', '120743': 'None', '120758': 'None', '120874': 'None', '120962': 'None', '120995': 'None', '143065': 'None', '143080': 'None', '143119': 'None', '143331': 'None', '143356': 'None', '143372': 'None', '143447': 'None', '143471': 'None', '143479': 'None', '143488': 'None', '143562': 'None', '143610': 'None', '144008': 'None', '144017': 'None', '144025': 'None', '144041': 'None', '144147': 'None', '144161': 'None'}}", 'events': 49797, 'type': 'POOLIN', 'lfn': '/store/mc/RunIII2024Summer24MiniAOD/DYto2Mu-4Jets_Bin-MLL-50_TuneCP5_13p6TeV_madgraphMLM-pythia8/MINIAODSIM/140X_mcRun3_2024_realistic_v26-v2/110000/003d60b2-e312-4154-9795-f95564228da5.root_13'}], '19': [{'parents': "['/store/mc/RunIII2024Summer24MiniAOD/DYto2Mu-4Jets_Bin-MLL-50_TuneCP5_13p6TeV_madgraphMLM-pythia8/MINIAODSIM/140X_mcRun3_2024_realistic_v26-v2/110000/11f0a13c-7791-4271-82e9-7089f2bf085c.root', '/store/mc/RunIII2024Summer24MiniAOD/DYto2Mu-4Jets_Bin-MLL-50_TuneCP5_13p6TeV_madgraphMLM-pythia8/MINIAODSIM/140X_mcRun3_2024_realistic_v26-v2/110000/12549d5a-3d43-4624-99d5-510086659728.root', '/store/mc/RunIII2024Summer24MiniAOD/DYto2Mu-4Jets_Bin-MLL-50_TuneCP5_13p6TeV_madgraphMLM-pythia8/MINIAODSIM/140X_mcRun3_2024_realistic_v26-v2/110000/1395713b-4693-453c-8afd-0cc17056d594.root', '/store/mc/RunIII2024Summer24MiniAOD/DYto2Mu-4Jets_Bin-MLL-50_TuneCP5_13p6TeV_madgraphMLM-pythia8/MINIAODSIM/140X_mcRun3_2024_realistic_v26-v2/110000/14d137a6-c33e-4377-bab0-56de092370e2.root', '/store/mc/RunIII2024Summer24MiniAOD/DYto2Mu-4Jets_Bin-MLL-50_TuneCP5_13p6TeV_madgraphMLM-pythia8/MINIAODSIM/140X_mcRun3_2024_realistic_v26-v2/110000/153fcb47-cb59-4af3-85d3-6b17347bde8e.root']", 'runlumi': "{'1': {'14069': '712', '100270': '689', '100271': '733', '100277': '741', '100278': '692', '100281': '705', '100286': '719', '100288': '729', '100289': '715', '100293': '692', '100294': '736', '100295': '733', '100303': '716', '100306': '717', '100310': '705', '100311': '680', '100319': '695', '100322': '711', '100336': '740', '100337': '693', '100353': '694', '100360': '694', '100361': '723', '100363': '698', '100370': '682', '100378': '710', '100392': '751', '100393': '720', '100394': '723', '100401': '752', '100404': '754', '100457': '716', '100494': '715', '100499': '702', '100502': '710', '100512': '733', '100555': '699', '100559': '733', '100563': '708', '100572': '706', '100576': '684', '100580': '704', '100584': '702', '100596': '708', '100613': '716', '100621': '711', '100629': '694', '100633': '736', '100637': '725', '100641': '711', '100645': '684', '100646': '713', '100650': '721', '100654': '674', '100655': '699', '100657': '733', '100658': '723', '100662': '702', '100666': '714', '100673': '682', '100678': '724', '100690': '725', '100691': '713', '100695': '724', '100698': '712', '100699': '704', '100703': '703', '100711': '729', '100714': '656', '100723': '730', '100731': '668', '100732': '683', '100739': '732', '100743': '699', '100747': '705', '100755': '717', '100756': '721', '100765': '744', '100772': '700', '100773': '707', '100781': '720', '100788': '722', '100789': '697', '100796': '721', '100797': '724', '100802': '729', '100806': '714', '100813': '706', '100814': '663', '100818': '745', '100829': '700', '100830': '709', '100834': '687', '100837': '661', '100838': '743', '100843': '711', '100851': '705', '100854': '755', '100855': '692', '100859': '734', '100863': '746', '100875': '700', '100884': '713', '100892': '716', '100900': '671', '100910': '731', '100916': '701', '101130': '718', '101135': '731', '101136': '721', '101138': '686', '101139': '723', '101141': '724', '101143': '721', '101151': '724', '101172': '689', '101220': '737', '101228': '694', '101246': '717', '101272': '725', '101313': '680', '101327': '734', '101328': '738', '101359': '688', '101369': '727', '101530': '701', '101598': '685', '101603': '726', '101609': '718', '101612': '722', '101620': '725', '101644': '746', '101687': '691', '180194': '682', '186376': '742', '186747': '764', '202316': '677', '202581': '727', '203869': '691', '204026': '722', '204185': '723', '204281': '707', '204288': '710', '204313': '703', '204339': '695', '204370': '717', '204380': '710', '204396': '680', '204427': '700', '204437': '668', '204462': '666', '204469': '669', '204478': '700', '204494': '710', '204495': '713', '204503': '708', '204510': '727', '204519': '709', '204526': '730', '204607': '700', '204624': '723', '204630': '731', '204632': '715', '204641': '747', '204649': '709', '204658': '703', '204665': '705', '204674': '713', '204682': '727', '204690': '715', '204699': '712', '204706': '685', '204715': '747', '204731': '710', '204740': '682', '204762': '706', '204765': '743', '204773': '716', '204788': '698', '204797': '671', '204829': '720', '204838': '718', '204846': '728', '204855': '726', '204862': '712', '204985': '741', '205068': '702', '205853': '720', '240002': '696', '240004': '664', '240008': '679', '240023': '673', '240028': '686', '240038': '667', '240041': '681', '240045': '667', '240056': '673', '240058': '737', '240059': '656', '240070': '688', '240074': '704', '240082': '719', '240087': '692', '240089': '715', '240102': '685', '240110': '721', '240142': '699', '240155': '668', '240158': '674', '240159': '694', '240168': '676', '240189': '727', '240199': '660', '240223': '701', '240237': '645', '240239': '722', '240240': '698', '240278': '685', '240294': '684', '240319': '694', '240325': '666', '240352': '705', '240362': '667', '240398': '675', '240421': '690', '240435': '669', '240459': '692', '240471': '654', '240473': '676', '240477': '681', '240500': '685', '240512': '678', '240533': '649', '240574': '673', '240586': '692', '240608': '751', '240641': '676', '240648': '684', '240655': '687', '240658': '655', '240666': '759', '240678': '656', '240680': '671', '240706': '675', '240707': '727', '240713': '685', '240733': '735', '240754': '654', '240758': '687', '240764': '750', '240773': '689', '240775': '658', '240776': '683', '240788': '698', '240797': '696', '240857': '712', '240858': '674', '240865': '706', '240873': '712', '240896': '674', '240927': '677', '240961': '658', '240963': '704', '240993': '707', '241174': '717', '241401': '718', '241418': '709', '241589': '745', '241630': '719', '241652': '744', '241747': '687', '241761': '751', '241771': '673', '241779': '721', '266204': '671', '266209': '714', '266215': '711', '266219': '665', '266222': '719', '266223': '714', '266228': '684', '266229': '661', '266237': '718', '266238': '664', '266249': '704', '266256': '688', '266260': '693', '266261': '716', '266262': '690', '266272': '698', '266273': '705', '266279': '676', '266290': '692', '266295': '717', '266306': '694', '266308': '701', '266320': '687', '266328': '678', '266335': '708', '266336': '696', '266343': '702', '266361': '681', '266365': '696', '266366': '717', '266369': '687', '266371': '676', '266400': '717', '266493': '692', '266575': '679', '266592': '689', '266616': '693', '266636': '701', '266659': '747', '266675': '727', '266677': '653', '266683': '716', '266724': '738', '266750': '721', '266772': '691', '266794': '721', '266924': '680', '266941': '743', '266946': '695', '266953': '689', '266957': '713', '266965': '696', '266969': '712', '266970': '750', '266981': '725', '266982': '694', '266987': '703', '266994': '683', '266998': '679', '295055': '729', '295072': '689', '295088': '698', '295092': '747', '295105': '688', '295109': '702', '295110': '728', '295113': '674', '295123': '704', '295125': '695', '295126': '731', '295129': '721'}}", 'events': 243032, 'type': 'EDM', 'lfn': '/store/user/amalhotr/DYto2Mu-4Jets_Bin-MLL-50_TuneCP5_13p6TeV_madgraphMLM-pythia8/DYto2Mu4Jets_Unpacker_100/250325_213853/0000/HLTUnpackerOutputLarge_19.root'}, {'parents': '[]', 'runlumi': "{'1': {'100270': 'None', '100271': 'None', '100277': 'None', '100278': 'None', '100281': 'None', '100286': 'None', '100288': 'None', '100289': 'None', '100293': 'None', '100294': 'None', '100295': 'None', '100303': 'None', '100306': 'None', '100310': 'None', '100311': 'None', '100319': 'None', '100322': 'None', '100336': 'None', '100337': 'None', '100353': 'None', '100360': 'None', '100361': 'None', '100363': 'None', '100370': 'None', '100378': 'None', '100392': 'None', '100393': 'None', '100394': 'None', '100401': 'None', '100404': 'None', '100457': 'None', '100494': 'None', '100499': 'None', '100502': 'None', '100512': 'None', '100576': 'None', '100580': 'None', '100584': 'None', '100641': 'None', '100650': 'None', '100655': 'None', '100673': 'None', '100690': 'None', '100691': 'None', '100698': 'None', '100699': 'None', '100714': 'None', '100731': 'None', '100732': 'None', '100743': 'None', '100756': 'None', '100765': 'None', '100788': 'None', '100789': 'None', '100796': 'None', '100806': 'None', '100813': 'None', '100814': 'None', '100834': 'None', '100837': 'None', '100855': 'None', '100910': 'None', '101130': 'None', '101135': 'None', '101136': 'None', '101138': 'None', '101139': 'None', '101141': 'None', '101143': 'None', '101151': 'None'}}", 'events': 49688, 'type': 'POOLIN', 'lfn': '/store/mc/RunIII2024Summer24MiniAOD/DYto2Mu-4Jets_Bin-MLL-50_TuneCP5_13p6TeV_madgraphMLM-pythia8/MINIAODSIM/140X_mcRun3_2024_realistic_v26-v2/110000/153fcb47-cb59-4af3-85d3-6b17347bde8e.root_19'}, {'parents': '[]', 'runlumi': "{'1': {'100555': 'None', '100559': 'None', '100563': 'None', '100572': 'None', '100596': 'None', '100613': 'None', '100621': 'None', '100629': 'None', '100633': 'None', '100637': 'None', '100645': 'None', '100646': 'None', '100654': 'None', '100657': 'None', '100658': 'None', '100662': 'None', '100666': 'None', '100678': 'None', '100695': 'None', '100703': 'None', '100711': 'None', '100723': 'None', '100739': 'None', '100747': 'None', '100755': 'None', '100772': 'None', '100773': 'None', '100781': 'None', '100797': 'None', '100802': 'None', '100818': 'None', '100829': 'None', '100830': 'None', '100838': 'None', '100843': 'None', '100851': 'None', '100854': 'None', '100859': 'None', '100863': 'None', '100875': 'None', '100884': 'None', '100892': 'None', '100900': 'None', '100916': 'None', '101172': 'None', '101220': 'None', '101228': 'None', '101246': 'None', '101272': 'None', '101313': 'None', '101327': 'None', '101328': 'None', '101359': 'None', '101369': 'None', '101530': 'None', '101598': 'None', '101603': 'None', '101609': 'None', '101612': 'None', '101620': 'None', '101644': 'None', '101687': 'None'}}", 'events': 44315, 'type': 'POOLIN', 'lfn': '/store/mc/RunIII2024Summer24MiniAOD/DYto2Mu-4Jets_Bin-MLL-50_TuneCP5_13p6TeV_madgraphMLM-pythia8/MINIAODSIM/140X_mcRun3_2024_realistic_v26-v2/110000/14d137a6-c33e-4377-bab0-56de092370e2.root_19'}, {'parents': '[]', 'runlumi': "{'1': {'204370': 'None', '204380': 'None', '204396': 'None', '204437': 'None', '204462': 'None', '204469': 'None', '204478': 'None', '204494': 'None', '204495': 'None', '204503': 'None', '204510': 'None', '204519': 'None', '204526': 'None', '204607': 'None', '204624': 'None', '204632': 'None', '204641': 'None', '204649': 'None', '204658': 'None', '204665': 'None', '204674': 'None', '204682': 'None', '204690': 'None', '204699': 'None', '204706': 'None', '204715': 'None', '204731': 'None', '204740': 'None', '204762': 'None', '204788': 'None', '204797': 'None', '204829': 'None', '204838': 'None', '204846': 'None', '204855': 'None', '204862': 'None', '204985': 'None', '240004': 'None', '240008': 'None', '240023': 'None', '240028': 'None', '240038': 'None', '240041': 'None', '240045': 'None', '240056': 'None', '240059': 'None', '240070': 'None', '240074': 'None', '240087': 'None', '240102': 'None', '240155': 'None', '240158': 'None', '240237': 'None', '240278': 'None', '240294': 'None', '240325': 'None', '240435': 'None', '240459': 'None', '240471': 'None', '240500': 'None', '240533': 'None', '240574': 'None', '240586': 'None', '240641': 'None', '240678': 'None', '240680': 'None', '240706': 'None', '240713': 'None', '240754': 'None', '240758': 'None', '240773': 'None', '240775': 'None'}}", 'events': 49822, 'type': 'POOLIN', 'lfn': '/store/mc/RunIII2024Summer24MiniAOD/DYto2Mu-4Jets_Bin-MLL-50_TuneCP5_13p6TeV_madgraphMLM-pythia8/MINIAODSIM/140X_mcRun3_2024_realistic_v26-v2/110000/1395713b-4693-453c-8afd-0cc17056d594.root_19'}, {'parents': '[]', 'runlumi': "{'1': {'266204': 'None', '266209': 'None', '266215': 'None', '266219': 'None', '266222': 'None', '266223': 'None', '266228': 'None', '266229': 'None', '266237': 'None', '266238': 'None', '266249': 'None', '266256': 'None', '266260': 'None', '266261': 'None', '266262': 'None', '266272': 'None', '266273': 'None', '266279': 'None', '266290': 'None', '266295': 'None', '266306': 'None', '266308': 'None', '266320': 'None', '266328': 'None', '266335': 'None', '266336': 'None', '266343': 'None', '266361': 'None', '266365': 'None', '266366': 'None', '266369': 'None', '266371': 'None', '266400': 'None', '266493': 'None', '266575': 'None', '266592': 'None', '266616': 'None', '266636': 'None', '266659': 'None', '266675': 'None', '266677': 'None', '266683': 'None', '266724': 'None', '266750': 'None', '266772': 'None', '266794': 'None', '266924': 'None', '266941': 'None', '266946': 'None', '266953': 'None', '266957': 'None', '266965': 'None', '266969': 'None', '266970': 'None', '266981': 'None', '266982': 'None', '266987': 'None', '266994': 'None', '266998': 'None', '295055': 'None', '295072': 'None', '295088': 'None', '295092': 'None', '295105': 'None', '295109': 'None', '295110': 'None', '295113': 'None', '295123': 'None', '295125': 'None', '295126': 'None', '295129': 'None'}}", 'events': 49776, 'type': 'POOLIN', 'lfn': '/store/mc/RunIII2024Summer24MiniAOD/DYto2Mu-4Jets_Bin-MLL-50_TuneCP5_13p6TeV_madgraphMLM-pythia8/MINIAODSIM/140X_mcRun3_2024_realistic_v26-v2/110000/12549d5a-3d43-4624-99d5-510086659728.root_19'}, {'parents': '[]', 'runlumi': "{'1': {'14069': 'None', '180194': 'None', '186376': 'None', '186747': 'None', '202316': 'None', '202581': 'None', '203869': 'None', '204026': 'None', '204185': 'None', '204281': 'None', '204288': 'None', '204313': 'None', '204339': 'None', '204427': 'None', '204630': 'None', '204765': 'None', '204773': 'None', '205068': 'None', '205853': 'None', '240002': 'None', '240058': 'None', '240082': 'None', '240089': 'None', '240110': 'None', '240142': 'None', '240159': 'None', '240168': 'None', '240189': 'None', '240199': 'None', '240223': 'None', '240239': 'None', '240240': 'None', '240319': 'None', '240352': 'None', '240362': 'None', '240398': 'None', '240421': 'None', '240473': 'None', '240477': 'None', '240512': 'None', '240608': 'None', '240648': 'None', '240655': 'None', '240658': 'None', '240666': 'None', '240707': 'None', '240733': 'None', '240764': 'None', '240776': 'None', '240788': 'None', '240797': 'None', '240857': 'None', '240858': 'None', '240865': 'None', '240873': 'None', '240896': 'None', '240927': 'None', '240961': 'None', '240963': 'None', '240993': 'None', '241174': 'None', '241401': 'None', '241418': 'None', '241589': 'None', '241630': 'None', '241652': 'None', '241747': 'None', '241761': 'None', '241771': 'None', '241779': 'None'}}", 'events': 49431, 'type': 'POOLIN', 'lfn': '/store/mc/RunIII2024Summer24MiniAOD/DYto2Mu-4Jets_Bin-MLL-50_TuneCP5_13p6TeV_madgraphMLM-pythia8/MINIAODSIM/140X_mcRun3_2024_realistic_v26-v2/110000/11f0a13c-7791-4271-82e9-7089f2bf085c.root_19'}], '8': [{'parents': "['/store/mc/RunIII2024Summer24MiniAOD/DYto2Mu-4Jets_Bin-MLL-50_TuneCP5_13p6TeV_madgraphMLM-pythia8/MINIAODSIM/140X_mcRun3_2024_realistic_v26-v2/110000/1f2ffc00-ee50-4b66-98d9-afd07c9f5258.root']", 'runlumi': "{'1': {'45002': '677', '45019': '708', '45087': '739', '45115': '754', '45145': '718', '45226': '750', '45295': '727', '45329': '722', '45337': '712', '45343': '682', '45344': '709', '45358': '730', '45365': '731', '45369': '701', '45382': '751', '45392': '697', '45394': '698', '45399': '725', '45410': '726', '45411': '724', '45434': '750', '45463': '716', '45520': '696', '45533': '710', '45548': '689', '45578': '702', '45591': '723', '45611': '731', '45616': '687', '45624': '675', '45643': '677', '45670': '742', '45743': '774', '45746': '726', '45840': '695', '45863': '724', '45869': '740', '45871': '710', '45887': '684', '45911': '671', '45913': '722', '45918': '710', '45988': '719', '48899': '761', '48962': '725', '48979': '753', '48997': '712', '89112': '700', '90051': '694', '90285': '688', '90552': '724', '90594': '696', '90838': '708', '90960': '697'}}", 'events': 38612, 'type': 'EDM', 'lfn': '/store/user/amalhotr/DYto2Mu-4Jets_Bin-MLL-50_TuneCP5_13p6TeV_madgraphMLM-pythia8/DYto2Mu4Jets_Unpacker_100/250325_213853/0000/HLTUnpackerOutputLarge_8.root'}, {'parents': '[]', 'runlumi': "{'1': {'45002': 'None', '45019': 'None', '45087': 'None', '45115': 'None', '45145': 'None', '45226': 'None', '45295': 'None', '45329': 'None', '45337': 'None', '45343': 'None', '45344': 'None', '45358': 'None', '45365': 'None', '45369': 'None', '45382': 'None', '45392': 'None', '45394': 'None', '45399': 'None', '45410': 'None', '45411': 'None', '45434': 'None', '45463': 'None', '45520': 'None', '45533': 'None', '45548': 'None', '45578': 'None', '45591': 'None', '45611': 'None', '45616': 'None', '45624': 'None', '45643': 'None', '45670': 'None', '45743': 'None', '45746': 'None', '45840': 'None', '45863': 'None', '45869': 'None', '45871': 'None', '45887': 'None', '45911': 'None', '45913': 'None', '45918': 'None', '45988': 'None', '48899': 'None', '48962': 'None', '48979': 'None', '48997': 'None', '89112': 'None', '90051': 'None', '90285': 'None', '90552': 'None', '90594': 'None', '90838': 'None', '90960': 'None'}}", 'events': 38612, 'type': 'POOLIN', 'lfn': '/store/mc/RunIII2024Summer24MiniAOD/DYto2Mu-4Jets_Bin-MLL-50_TuneCP5_13p6TeV_madgraphMLM-pythia8/MINIAODSIM/140X_mcRun3_2024_realistic_v26-v2/110000/1f2ffc00-ee50-4b66-98d9-afd07c9f5258.root_8'}], '16': [{'parents': "['/store/mc/RunIII2024Summer24MiniAOD/DYto2Mu-4Jets_Bin-MLL-50_TuneCP5_13p6TeV_madgraphMLM-pythia8/MINIAODSIM/140X_mcRun3_2024_realistic_v26-v2/110000/09117461-951d-4839-80b7-23a2bde76164.root', '/store/mc/RunIII2024Summer24MiniAOD/DYto2Mu-4Jets_Bin-MLL-50_TuneCP5_13p6TeV_madgraphMLM-pythia8/MINIAODSIM/140X_mcRun3_2024_realistic_v26-v2/110000/09917817-fc65-4f75-8ba7-eaf27abe2a80.root', '/store/mc/RunIII2024Summer24MiniAOD/DYto2Mu-4Jets_Bin-MLL-50_TuneCP5_13p6TeV_madgraphMLM-pythia8/MINIAODSIM/140X_mcRun3_2024_realistic_v26-v2/110000/09ac5438-a590-40e4-908f-913237709985.root', '/store/mc/RunIII2024Summer24MiniAOD/DYto2Mu-4Jets_Bin-MLL-50_TuneCP5_13p6TeV_madgraphMLM-pythia8/MINIAODSIM/140X_mcRun3_2024_realistic_v26-v2/110000/0a23ca2b-fc23-4a35-99d5-02503121f8d2.root', '/store/mc/RunIII2024Summer24MiniAOD/DYto2Mu-4Jets_Bin-MLL-50_TuneCP5_13p6TeV_madgraphMLM-pythia8/MINIAODSIM/140X_mcRun3_2024_realistic_v26-v2/110000/0a4528c3-9844-46c2-b07e-133d1c1e63e2.root']", 'runlumi': "{'1': {'12467': '710', '12583': '665', '12900': '720', '12912': '705', '14427': '712', '14738': '721', '38078': '695', '38147': '712', '38176': '736', '38270': '703', '38308': '718', '38309': '712', '38392': '708', '38397': '688', '38479': '710', '38532': '704', '38593': '722', '38635': '708', '38638': '665', '38644': '689', '38664': '707', '38684': '688', '38691': '723', '38692': '725', '38717': '707', '38733': '739', '38742': '686', '38831': '700', '38927': '726', '38930': '743', '38945': '691', '38977': '671', '38984': '697', '45041': '728', '45310': '710', '45327': '654', '45354': '733', '45653': '693', '45657': '697', '46005': '690', '46011': '730', '46012': '717', '46031': '704', '46035': '697', '46038': '723', '46039': '733', '46076': '671', '46080': '719', '46087': '699', '46094': '729', '46100': '724', '46117': '685', '46136': '749', '46144': '707', '46145': '715', '46154': '725', '46158': '711', '46174': '740', '46182': '747', '46186': '690', '46191': '656', '46199': '675', '46202': '704', '46211': '700', '46229': '717', '46230': '722', '46240': '750', '46243': '676', '46245': '697', '46248': '682', '46254': '689', '46261': '686', '46262': '715', '46271': '720', '46274': '666', '46288': '704', '47234': '753', '49299': '715', '49323': '687', '50413': '726', '50415': '726', '50421': '711', '50425': '724', '50429': '693', '50431': '655', '50434': '708', '50437': '675', '50444': '735', '50446': '695', '50449': '707', '50451': '684', '50454': '670', '50456': '699', '50459': '676', '50472': '687', '50475': '708', '50487': '732', '50492': '689', '50495': '735', '50496': '690', '50500': '705', '50503': '669', '50510': '702', '50512': '723', '50513': '699', '50516': '693', '50519': '735', '50520': '735', '50528': '722', '50530': '707', '50533': '711', '50536': '686', '50544': '726', '50547': '735', '50551': '694', '50552': '679', '50554': '720', '50561': '686', '50562': '711', '50570': '735', '50571': '721', '50574': '740', '50577': '704', '50578': '704', '50585': '720', '50588': '667', '50590': '690', '50592': '714', '50593': '693', '50594': '723', '50595': '662', '50599': '731', '50600': '687', '50602': '684', '50605': '702', '50609': '656', '50611': '707', '50615': '710', '50618': '727', '50619': '658', '50625': '691', '50634': '722', '50635': '728', '50643': '677', '50650': '736', '50656': '733', '50667': '730', '50672': '704', '50674': '700', '50683': '706', '89051': '733', '89052': '710', '89057': '728', '89060': '711', '89062': '709', '89069': '745', '89074': '703', '89076': '723', '89082': '709', '89091': '728', '89092': '734', '89098': '670', '89099': '720', '89101': '705', '89108': '733', '89114': '731', '89115': '723', '89117': '739', '89122': '715', '89123': '727', '89124': '746', '89125': '731', '89132': '741', '89138': '734', '89140': '714', '89141': '723', '89143': '716', '89155': '693', '89161': '717', '89162': '702', '89164': '721', '89169': '682', '89171': '718', '89172': '704', '89185': '714', '89186': '758', '89187': '684', '89192': '711', '89193': '695', '89194': '705', '89196': '736', '89203': '732', '89210': '704', '89211': '767', '89213': '713', '89217': '714', '89218': '702', '89220': '722', '89221': '714', '89228': '697', '89233': '732', '89234': '746', '89235': '740', '89237': '708', '89238': '738', '89241': '750', '89243': '710', '89245': '684', '89251': '699', '89254': '720', '89265': '722', '89266': '721', '89267': '713', '89271': '692', '89272': '705', '89273': '678', '89274': '714', '89278': '717', '89282': '718', '89283': '689', '89288': '725', '89290': '710', '89291': '691', '89298': '718', '89299': '699', '89306': '696', '89307': '731', '89308': '727', '89313': '744', '89315': '691', '89318': '718', '89323': '690', '89324': '697', '89328': '687', '89329': '716', '89331': '714', '89335': '710', '89339': '729', '89347': '697', '89375': '745', '89427': '734', '89502': '700', '89519': '683', '89553': '690', '89573': '707', '89590': '684', '89610': '690', '89648': '705', '89651': '708', '89663': '722', '89673': '725', '89680': '712', '89696': '714', '89742': '705', '89759': '701', '89806': '691', '89824': '692', '90007': '679', '90011': '708', '90021': '695', '90037': '696', '90040': '720', '90047': '724', '90053': '702', '90057': '703', '90064': '698', '90129': '684', '90130': '701', '90143': '727', '90152': '699', '90165': '686', '90166': '708', '90186': '689', '90194': '705', '90199': '670', '90201': '692', '90217': '666', '90225': '684', '90234': '653', '90257': '719', '90262': '703', '205041': '697', '205049': '690', '205118': '684', '205128': '707', '205136': '696', '205143': '714', '205148': '727', '205170': '705', '205178': '709', '205185': '713', '205194': '702', '205209': '732', '205214': '685', '205220': '704', '205284': '709', '205291': '730', '205307': '702', '205341': '691', '205342': '699', '205350': '681', '205357': '690', '205397': '682', '205398': '698', '205406': '713', '205408': '713', '205439': '693', '205454': '724', '205455': '716', '205463': '690', '205470': '691', '205481': '698', '205489': '718', '205497': '719', '205504': '702', '205511': '732', '205513': '680', '205522': '745', '205529': '736', '205536': '747', '205538': '722', '205556': '694', '205593': '710', '205608': '716', '205611': '681', '205636': '696', '205661': '735', '205718': '710', '205736': '675', '205743': '646', '205747': '696', '205767': '704', '205775': '720', '205783': '684', '205792': '674', '205800': '696', '205806': '679', '205813': '707', '205823': '672', '205829': '670', '205837': '675', '205846': '671', '205861': '699', '205893': '690', '205919': '715', '205937': '670', '205984': '716', '205987': '702', '241031': '686', '241039': '684', '241057': '723', '241064': '716'}}", 'events': 248774, 'type': 'EDM', 'lfn': '/store/user/amalhotr/DYto2Mu-4Jets_Bin-MLL-50_TuneCP5_13p6TeV_madgraphMLM-pythia8/DYto2Mu4Jets_Unpacker_100/250325_213853/0000/HLTUnpackerOutputLarge_16.root'}, {'parents': '[]', 'runlumi': "{'1': {'50413': 'None', '50415': 'None', '50421': 'None', '50425': 'None', '50429': 'None', '50431': 'None', '50434': 'None', '50437': 'None', '50444': 'None', '50446': 'None', '50449': 'None', '50451': 'None', '50454': 'None', '50456': 'None', '50459': 'None', '50472': 'None', '50475': 'None', '50487': 'None', '50492': 'None', '50495': 'None', '50496': 'None', '50500': 'None', '50503': 'None', '50510': 'None', '50512': 'None', '50513': 'None', '50516': 'None', '50519': 'None', '50520': 'None', '50528': 'None', '50530': 'None', '50533': 'None', '50536': 'None', '50544': 'None', '50547': 'None', '50551': 'None', '50552': 'None', '50554': 'None', '50561': 'None', '50562': 'None', '50570': 'None', '50571': 'None', '50574': 'None', '50577': 'None', '50578': 'None', '50585': 'None', '50588': 'None', '50590': 'None', '50592': 'None', '50593': 'None', '50594': 'None', '50595': 'None', '50599': 'None', '50600': 'None', '50602': 'None', '50605': 'None', '50609': 'None', '50611': 'None', '50615': 'None', '50618': 'None', '50619': 'None', '50625': 'None', '50634': 'None', '50635': 'None', '50643': 'None', '50650': 'None', '50656': 'None', '50667': 'None', '50672': 'None', '50674': 'None', '50683': 'None'}}", 'events': 50025, 'type': 'POOLIN', 'lfn': '/store/mc/RunIII2024Summer24MiniAOD/DYto2Mu-4Jets_Bin-MLL-50_TuneCP5_13p6TeV_madgraphMLM-pythia8/MINIAODSIM/140X_mcRun3_2024_realistic_v26-v2/110000/0a4528c3-9844-46c2-b07e-133d1c1e63e2.root_16'}, {'parents': '[]', 'runlumi': "{'1': {'45041': 'None', '45310': 'None', '45327': 'None', '45354': 'None', '45653': 'None', '45657': 'None', '47234': 'None', '49299': 'None', '49323': 'None', '89051': 'None', '89052': 'None', '89057': 'None', '89060': 'None', '89062': 'None', '89069': 'None', '89074': 'None', '89076': 'None', '89082': 'None', '89091': 'None', '89092': 'None', '89098': 'None', '89099': 'None', '89101': 'None', '89108': 'None', '89114': 'None', '89115': 'None', '89117': 'None', '89122': 'None', '89123': 'None', '89124': 'None', '89125': 'None', '89132': 'None', '89138': 'None', '89140': 'None', '89141': 'None', '89143': 'None', '89155': 'None', '89161': 'None', '89164': 'None', '89169': 'None', '89172': 'None', '89186': 'None', '89196': 'None', '89203': 'None', '89211': 'None', '89213': 'None', '89218': 'None', '89221': 'None', '89228': 'None', '89234': 'None', '89235': 'None', '89237': 'None', '89238': 'None', '89243': 'None', '89245': 'None', '89267': 'None', '89271': 'None', '89274': 'None', '89278': 'None', '89288': 'None', '89299': 'None', '89307': 'None', '89308': 'None', '89315': 'None', '89318': 'None', '89324': 'None', '89328': 'None', '89331': 'None', '89335': 'None'}}", 'events': 49468, 'type': 'POOLIN', 'lfn': '/store/mc/RunIII2024Summer24MiniAOD/DYto2Mu-4Jets_Bin-MLL-50_TuneCP5_13p6TeV_madgraphMLM-pythia8/MINIAODSIM/140X_mcRun3_2024_realistic_v26-v2/110000/0a23ca2b-fc23-4a35-99d5-02503121f8d2.root_16'}, {'parents': '[]', 'runlumi': "{'1': {'12467': 'None', '12583': 'None', '12900': 'None', '12912': 'None', '14427': 'None', '14738': 'None', '38078': 'None', '38147': 'None', '38176': 'None', '38270': 'None', '38308': 'None', '38309': 'None', '38392': 'None', '38397': 'None', '38479': 'None', '38532': 'None', '38593': 'None', '38635': 'None', '38638': 'None', '38644': 'None', '38664': 'None', '38684': 'None', '38691': 'None', '38692': 'None', '38717': 'None', '38733': 'None', '38742': 'None', '38831': 'None', '38927': 'None', '38930': 'None', '38945': 'None', '38977': 'None', '38984': 'None', '46005': 'None', '46011': 'None', '46012': 'None', '46031': 'None', '46035': 'None', '46038': 'None', '46039': 'None', '46076': 'None', '46080': 'None', '46087': 'None', '46094': 'None', '46100': 'None', '46117': 'None', '46136': 'None', '46144': 'None', '46145': 'None', '46154': 'None', '46158': 'None', '46174': 'None', '46182': 'None', '46186': 'None', '46191': 'None', '46199': 'None', '46202': 'None', '46211': 'None', '46229': 'None', '46230': 'None', '46240': 'None', '46243': 'None', '46245': 'None', '46248': 'None', '46254': 'None', '46261': 'None', '46262': 'None', '46271': 'None', '46274': 'None', '46288': 'None'}}", 'events': 49470, 'type': 'POOLIN', 'lfn': '/store/mc/RunIII2024Summer24MiniAOD/DYto2Mu-4Jets_Bin-MLL-50_TuneCP5_13p6TeV_madgraphMLM-pythia8/MINIAODSIM/140X_mcRun3_2024_realistic_v26-v2/110000/09ac5438-a590-40e4-908f-913237709985.root_16'}, {'parents': '[]', 'runlumi': "{'1': {'89162': 'None', '89171': 'None', '89185': 'None', '89187': 'None', '89192': 'None', '89193': 'None', '89194': 'None', '89210': 'None', '89217': 'None', '89220': 'None', '89233': 'None', '89241': 'None', '89251': 'None', '89254': 'None', '89265': 'None', '89266': 'None', '89272': 'None', '89273': 'None', '89282': 'None', '89283': 'None', '89290': 'None', '89291': 'None', '89298': 'None', '89306': 'None', '89313': 'None', '89323': 'None', '89329': 'None', '89339': 'None', '89347': 'None', '89375': 'None', '89427': 'None', '89502': 'None', '89519': 'None', '89553': 'None', '89573': 'None', '89590': 'None', '89610': 'None', '89648': 'None', '89651': 'None', '89663': 'None', '89673': 'None', '89680': 'None', '89696': 'None', '89742': 'None', '89759': 'None', '89806': 'None', '89824': 'None', '90007': 'None', '90011': 'None', '90021': 'None', '90037': 'None', '90040': 'None', '90047': 'None', '90053': 'None', '90057': 'None', '90064': 'None', '90129': 'None', '90130': 'None', '90143': 'None', '90152': 'None', '90165': 'None', '90166': 'None', '90186': 'None', '90194': 'None', '90199': 'None', '90201': 'None', '90217': 'None', '90225': 'None', '90234': 'None', '90257': 'None', '90262': 'None'}}", 'events': 50013, 'type': 'POOLIN', 'lfn': '/store/mc/RunIII2024Summer24MiniAOD/DYto2Mu-4Jets_Bin-MLL-50_TuneCP5_13p6TeV_madgraphMLM-pythia8/MINIAODSIM/140X_mcRun3_2024_realistic_v26-v2/110000/09917817-fc65-4f75-8ba7-eaf27abe2a80.root_16'}, {'parents': '[]', 'runlumi': "{'1': {'205041': 'None', '205049': 'None', '205118': 'None', '205128': 'None', '205136': 'None', '205143': 'None', '205148': 'None', '205170': 'None', '205178': 'None', '205185': 'None', '205194': 'None', '205209': 'None', '205214': 'None', '205220': 'None', '205284': 'None', '205291': 'None', '205307': 'None', '205341': 'None', '205342': 'None', '205350': 'None', '205357': 'None', '205397': 'None', '205398': 'None', '205406': 'None', '205408': 'None', '205439': 'None', '205454': 'None', '205455': 'None', '205463': 'None', '205470': 'None', '205481': 'None', '205489': 'None', '205497': 'None', '205504': 'None', '205511': 'None', '205513': 'None', '205522': 'None', '205529': 'None', '205536': 'None', '205538': 'None', '205556': 'None', '205593': 'None', '205608': 'None', '205611': 'None', '205636': 'None', '205661': 'None', '205718': 'None', '205736': 'None', '205743': 'None', '205747': 'None', '205767': 'None', '205775': 'None', '205783': 'None', '205792': 'None', '205800': 'None', '205806': 'None', '205813': 'None', '205823': 'None', '205829': 'None', '205837': 'None', '205846': 'None', '205861': 'None', '205893': 'None', '205919': 'None', '205937': 'None', '205984': 'None', '205987': 'None', '241031': 'None', '241039': 'None', '241057': 'None', '241064': 'None'}}", 'events': 49798, 'type': 'POOLIN', 'lfn': '/store/mc/RunIII2024Summer24MiniAOD/DYto2Mu-4Jets_Bin-MLL-50_TuneCP5_13p6TeV_madgraphMLM-pythia8/MINIAODSIM/140X_mcRun3_2024_realistic_v26-v2/110000/09117461-951d-4839-80b7-23a2bde76164.root_16'}], '15': [{'parents': "['/store/mc/RunIII2024Summer24MiniAOD/DYto2Mu-4Jets_Bin-MLL-50_TuneCP5_13p6TeV_madgraphMLM-pythia8/MINIAODSIM/140X_mcRun3_2024_realistic_v26-v2/110000/040f2898-d2a0-4285-bf5d-272346581288.root', '/store/mc/RunIII2024Summer24MiniAOD/DYto2Mu-4Jets_Bin-MLL-50_TuneCP5_13p6TeV_madgraphMLM-pythia8/MINIAODSIM/140X_mcRun3_2024_realistic_v26-v2/110000/04b4be5b-945c-47b0-aaec-6dcb832034ad.root', '/store/mc/RunIII2024Summer24MiniAOD/DYto2Mu-4Jets_Bin-MLL-50_TuneCP5_13p6TeV_madgraphMLM-pythia8/MINIAODSIM/140X_mcRun3_2024_realistic_v26-v2/110000/055815e3-1419-4fdd-bea7-cf27799ff757.root', '/store/mc/RunIII2024Summer24MiniAOD/DYto2Mu-4Jets_Bin-MLL-50_TuneCP5_13p6TeV_madgraphMLM-pythia8/MINIAODSIM/140X_mcRun3_2024_realistic_v26-v2/110000/065fa198-83b1-4665-a922-cc4dffcd8d4b.root', '/store/mc/RunIII2024Summer24MiniAOD/DYto2Mu-4Jets_Bin-MLL-50_TuneCP5_13p6TeV_madgraphMLM-pythia8/MINIAODSIM/140X_mcRun3_2024_realistic_v26-v2/110000/088776bd-1b32-4123-a414-7932733bb46d.root']", 'runlumi': "{'1': {'38978': '743', '38986': '743', '45055': '679', '45124': '711', '45157': '711', '45286': '714', '45303': '699', '45416': '707', '45456': '729', '45499': '717', '45659': '705', '45805': '769', '46170': '706', '47758': '726', '48306': '695', '48339': '703', '48340': '703', '48372': '662', '48473': '692', '48486': '695', '48523': '676', '48534': '679', '48592': '702', '48609': '710', '48687': '684', '48702': '708', '48704': '717', '48788': '711', '48854': '694', '48885': '714', '48902': '696', '49453': '687', '49476': '687', '49575': '712', '49871': '692', '49888': '701', '50632': '677', '50722': '675', '90003': '736', '90005': '732', '90014': '725', '90023': '681', '90027': '721', '90031': '716', '90039': '705', '90044': '715', '90045': '748', '90048': '712', '90052': '728', '90069': '722', '90075': '711', '90081': '707', '90089': '699', '90091': '724', '90093': '738', '90098': '699', '90105': '708', '90107': '692', '90122': '727', '90127': '733', '90135': '678', '90141': '728', '90145': '721', '90162': '715', '90170': '735', '90172': '721', '90175': '670', '90182': '715', '90184': '703', '90193': '723', '240049': '733', '240051': '725', '240057': '731', '240061': '719', '240062': '726', '240064': '684', '240068': '723', '240069': '730', '240073': '695', '240075': '724', '240076': '724', '240079': '712', '240081': '722', '240084': '716', '240085': '716', '240086': '715', '240091': '735', '240092': '729', '240116': '710', '240122': '741', '240125': '710', '240138': '733', '240140': '709', '240141': '705', '240145': '701', '240149': '689', '240157': '710', '240162': '713', '240163': '707', '240165': '723', '240166': '711', '240174': '692', '240178': '743', '240179': '755', '240181': '690', '240182': '722', '240195': '714', '240198': '731', '240203': '702', '240206': '730', '240219': '735', '240222': '683', '240225': '701', '240236': '670', '240244': '716', '240253': '737', '240256': '675', '240259': '689', '240260': '665', '240261': '734', '240267': '712', '240276': '718', '240277': '715', '240284': '726', '240285': '704', '240292': '702', '240300': '712', '240301': '712', '240302': '756', '240309': '715', '240317': '682', '240318': '751', '240321': '687', '240326': '698', '240333': '727', '240334': '695', '240337': '672', '240341': '690', '240342': '732', '240350': '692', '241073': '692', '312874': '735', '361363': '652', '362689': '728', '363459': '730', '363479': '702', '363489': '704', '363496': '668', '363498': '735', '363499': '691', '363500': '769', '363504': '693', '363506': '719', '363513': '707', '363514': '714', '363515': '719', '363517': '760', '363518': '683', '363520': '705', '363522': '692', '363529': '748', '363530': '698', '363533': '689', '363535': '708', '363536': '715', '363537': '758', '363538': '752', '363541': '709', '363543': '691', '363545': '736', '363546': '715', '363547': '723', '363552': '700', '363553': '735', '363554': '729', '363555': '672', '363556': '697', '363559': '724', '363560': '722', '363561': '739', '363563': '687', '363569': '725', '363574': '709', '363577': '695', '363578': '666', '363579': '730', '363580': '703', '363583': '724', '363586': '732', '363587': '669', '363588': '696', '363591': '689', '363594': '696', '363595': '702', '363596': '738', '363597': '726', '363598': '724', '363602': '686', '363604': '692', '363610': '727', '363611': '710', '363612': '702', '363615': '727', '363616': '736', '363619': '678', '363620': '701', '363623': '713', '363627': '697', '363629': '744', '363632': '705', '363635': '711', '363636': '714', '363639': '736', '363643': '703', '363645': '740', '363648': '732', '364889': '712', '394646': '737', '396484': '714', '396672': '701', '396735': '689', '396741': '724', '396748': '720', '396749': '700', '396754': '719', '396757': '724', '396773': '702', '396776': '717', '396777': '735', '396790': '748', '396793': '691', '396814': '718', '396818': '735', '396823': '741', '396831': '699', '396839': '671', '396856': '721', '396980': '679', '396993': '736', '399001': '696', '399009': '709', '399070': '677', '399093': '701', '399118': '720', '399845': '691', '400031': '687', '400033': '725', '400079': '701', '400112': '710', '400113': '716', '400120': '662', '400129': '669', '400141': '709', '400152': '694', '400177': '706', '400221': '752', '400229': '718', '400248': '728', '400259': '720', '400275': '739', '400341': '735', '400359': '700', '400407': '725', '400408': '721', '400439': '703', '400440': '736', '400453': '726', '400470': '708', '400481': '722', '400489': '747', '400506': '784', '400512': '715', '400514': '723', '400515': '757', '400519': '701', '400520': '738', '400522': '705', '400524': '713', '400530': '741', '400532': '701', '400536': '710', '400546': '701', '400548': '732', '400553': '711', '400560': '720', '400567': '716', '400570': '724', '400572': '724', '400577': '705', '400587': '765', '400588': '748', '400593': '712', '400594': '742', '400601': '707', '400617': '735', '400774': '719', '426084': '746', '426150': '740', '426218': '753', '426654': '692', '426666': '719', '426668': '707', '426675': '753', '426700': '739', '426715': '707', '426718': '722', '426754': '684', '426778': '694', '426787': '690', '426803': '687', '426812': '750', '426819': '725', '426860': '740', '426871': '691', '426894': '683', '426934': '725', '426951': '670', '426957': '726', '452005': '731', '452023': '722', '452078': '716', '452192': '722', '452232': '707', '452305': '714', '452357': '689', '452417': '713', '452429': '708', '452454': '681', '452478': '681', '452587': '707', '452632': '700', '452716': '706', '452740': '712', '452862': '699', '452908': '743', '452942': '733', '454024': '704', '454041': '696', '454073': '695', '454085': '712', '454089': '693', '454164': '707', '454738': '753', '454861': '733', '454886': '739', '454924': '767', '454927': '725', '454952': '748', '455181': '723'}}", 'events': 248902, 'type': 'EDM', 'lfn': '/store/user/amalhotr/DYto2Mu-4Jets_Bin-MLL-50_TuneCP5_13p6TeV_madgraphMLM-pythia8/DYto2Mu4Jets_Unpacker_100/250325_213853/0000/HLTUnpackerOutputLarge_15.root'}, {'parents': '[]', 'runlumi': "{'1': {'240049': 'None', '240051': 'None', '240057': 'None', '240061': 'None', '240062': 'None', '240064': 'None', '240068': 'None', '240069': 'None', '240073': 'None', '240075': 'None', '240076': 'None', '240079': 'None', '240081': 'None', '240084': 'None', '240085': 'None', '240086': 'None', '240091': 'None', '240092': 'None', '240116': 'None', '240122': 'None', '240125': 'None', '240138': 'None', '240140': 'None', '240141': 'None', '240145': 'None', '240149': 'None', '240157': 'None', '240162': 'None', '240163': 'None', '240165': 'None', '240166': 'None', '240174': 'None', '240178': 'None', '240179': 'None', '240181': 'None', '240182': 'None', '240195': 'None', '240198': 'None', '240203': 'None', '240206': 'None', '240219': 'None', '240222': 'None', '240225': 'None', '240236': 'None', '240244': 'None', '240253': 'None', '240256': 'None', '240259': 'None', '240260': 'None', '240261': 'None', '240267': 'None', '240276': 'None', '240277': 'None', '240284': 'None', '240285': 'None', '240292': 'None', '240300': 'None', '240301': 'None', '240302': 'None', '240309': 'None', '240317': 'None', '240318': 'None', '240321': 'None', '240326': 'None', '240333': 'None', '240334': 'None', '240337': 'None', '240341': 'None', '240342': 'None', '240350': 'None'}}", 'events': 49903, 'type': 'POOLIN', 'lfn': '/store/mc/RunIII2024Summer24MiniAOD/DYto2Mu-4Jets_Bin-MLL-50_TuneCP5_13p6TeV_madgraphMLM-pythia8/MINIAODSIM/140X_mcRun3_2024_realistic_v26-v2/110000/088776bd-1b32-4123-a414-7932733bb46d.root_15'}, {'parents': '[]', 'runlumi': "{'1': {'396735': 'None', '396741': 'None', '396748': 'None', '396749': 'None', '396754': 'None', '396757': 'None', '396773': 'None', '396776': 'None', '396777': 'None', '396790': 'None', '396793': 'None', '396814': 'None', '396818': 'None', '396831': 'None', '396839': 'None', '396856': 'None', '396980': 'None', '396993': 'None', '399001': 'None', '399009': 'None', '399070': 'None', '399093': 'None', '399118': 'None', '400031': 'None', '400033': 'None', '400079': 'None', '400113': 'None', '400120': 'None', '400129': 'None', '400152': 'None', '400177': 'None', '400221': 'None', '400259': 'None', '400275': 'None', '400341': 'None', '400359': 'None', '400407': 'None', '400408': 'None', '400439': 'None', '400440': 'None', '400453': 'None', '400470': 'None', '400481': 'None', '400489': 'None', '400506': 'None', '400512': 'None', '400514': 'None', '400515': 'None', '400519': 'None', '400520': 'None', '400522': 'None', '400524': 'None', '400530': 'None', '400532': 'None', '400536': 'None', '400546': 'None', '400548': 'None', '400553': 'None', '400560': 'None', '400567': 'None', '400570': 'None', '400572': 'None', '400577': 'None', '400587': 'None', '400588': 'None', '400593': 'None', '400594': 'None', '400601': 'None', '400617': 'None'}}", 'events': 49455, 'type': 'POOLIN', 'lfn': '/store/mc/RunIII2024Summer24MiniAOD/DYto2Mu-4Jets_Bin-MLL-50_TuneCP5_13p6TeV_madgraphMLM-pythia8/MINIAODSIM/140X_mcRun3_2024_realistic_v26-v2/110000/065fa198-83b1-4665-a922-cc4dffcd8d4b.root_15'}, {'parents': '[]', 'runlumi': "{'1': {'241073': 'None', '312874': 'None', '361363': 'None', '362689': 'None', '363459': 'None', '363560': 'None', '364889': 'None', '394646': 'None', '396484': 'None', '396672': 'None', '396823': 'None', '399845': 'None', '400112': 'None', '400141': 'None', '400229': 'None', '400248': 'None', '400774': 'None', '426084': 'None', '426150': 'None', '426218': 'None', '426654': 'None', '426666': 'None', '426668': 'None', '426675': 'None', '426700': 'None', '426715': 'None', '426718': 'None', '426754': 'None', '426778': 'None', '426787': 'None', '426803': 'None', '426812': 'None', '426819': 'None', '426860': 'None', '426871': 'None', '426894': 'None', '426934': 'None', '426951': 'None', '426957': 'None', '452005': 'None', '452023': 'None', '452078': 'None', '452192': 'None', '452232': 'None', '452305': 'None', '452357': 'None', '452417': 'None', '452429': 'None', '452454': 'None', '452478': 'None', '452587': 'None', '452632': 'None', '452716': 'None', '452740': 'None', '452862': 'None', '452908': 'None', '452942': 'None', '454024': 'None', '454041': 'None', '454073': 'None', '454085': 'None', '454089': 'None', '454164': 'None', '454738': 'None', '454861': 'None', '454886': 'None', '454924': 'None', '454927': 'None', '454952': 'None', '455181': 'None'}}", 'events': 50061, 'type': 'POOLIN', 'lfn': '/store/mc/RunIII2024Summer24MiniAOD/DYto2Mu-4Jets_Bin-MLL-50_TuneCP5_13p6TeV_madgraphMLM-pythia8/MINIAODSIM/140X_mcRun3_2024_realistic_v26-v2/110000/055815e3-1419-4fdd-bea7-cf27799ff757.root_15'}, {'parents': '[]', 'runlumi': "{'1': {'363479': 'None', '363489': 'None', '363496': 'None', '363498': 'None', '363499': 'None', '363500': 'None', '363504': 'None', '363506': 'None', '363513': 'None', '363514': 'None', '363515': 'None', '363517': 'None', '363518': 'None', '363520': 'None', '363522': 'None', '363529': 'None', '363530': 'None', '363533': 'None', '363535': 'None', '363536': 'None', '363537': 'None', '363538': 'None', '363541': 'None', '363543': 'None', '363545': 'None', '363546': 'None', '363547': 'None', '363552': 'None', '363553': 'None', '363554': 'None', '363555': 'None', '363556': 'None', '363559': 'None', '363561': 'None', '363563': 'None', '363569': 'None', '363574': 'None', '363577': 'None', '363578': 'None', '363579': 'None', '363580': 'None', '363583': 'None', '363586': 'None', '363587': 'None', '363588': 'None', '363591': 'None', '363594': 'None', '363595': 'None', '363596': 'None', '363597': 'None', '363598': 'None', '363602': 'None', '363604': 'None', '363610': 'None', '363611': 'None', '363612': 'None', '363615': 'None', '363616': 'None', '363619': 'None', '363620': 'None', '363623': 'None', '363627': 'None', '363629': 'None', '363632': 'None', '363635': 'None', '363636': 'None', '363639': 'None', '363643': 'None', '363645': 'None', '363648': 'None'}}", 'events': 49864, 'type': 'POOLIN', 'lfn': '/store/mc/RunIII2024Summer24MiniAOD/DYto2Mu-4Jets_Bin-MLL-50_TuneCP5_13p6TeV_madgraphMLM-pythia8/MINIAODSIM/140X_mcRun3_2024_realistic_v26-v2/110000/04b4be5b-945c-47b0-aaec-6dcb832034ad.root_15'}, {'parents': '[]', 'runlumi': "{'1': {'38978': 'None', '38986': 'None', '45055': 'None', '45124': 'None', '45157': 'None', '45286': 'None', '45303': 'None', '45416': 'None', '45456': 'None', '45499': 'None', '45659': 'None', '45805': 'None', '46170': 'None', '47758': 'None', '48306': 'None', '48339': 'None', '48340': 'None', '48372': 'None', '48473': 'None', '48486': 'None', '48523': 'None', '48534': 'None', '48592': 'None', '48609': 'None', '48687': 'None', '48702': 'None', '48704': 'None', '48788': 'None', '48854': 'None', '48885': 'None', '48902': 'None', '49453': 'None', '49476': 'None', '49575': 'None', '49871': 'None', '49888': 'None', '50632': 'None', '50722': 'None', '90003': 'None', '90005': 'None', '90014': 'None', '90023': 'None', '90027': 'None', '90031': 'None', '90039': 'None', '90044': 'None', '90045': 'None', '90048': 'None', '90052': 'None', '90069': 'None', '90075': 'None', '90081': 'None', '90089': 'None', '90091': 'None', '90093': 'None', '90098': 'None', '90105': 'None', '90107': 'None', '90122': 'None', '90127': 'None', '90135': 'None', '90141': 'None', '90145': 'None', '90162': 'None', '90170': 'None', '90172': 'None', '90175': 'None', '90182': 'None', '90184': 'None', '90193': 'None'}}", 'events': 49619, 'type': 'POOLIN', 'lfn': '/store/mc/RunIII2024Summer24MiniAOD/DYto2Mu-4Jets_Bin-MLL-50_TuneCP5_13p6TeV_madgraphMLM-pythia8/MINIAODSIM/140X_mcRun3_2024_realistic_v26-v2/110000/040f2898-d2a0-4285-bf5d-272346581288.root_15'}], '21': [{'parents': "['/store/mc/RunIII2024Summer24MiniAOD/DYto2Mu-4Jets_Bin-MLL-50_TuneCP5_13p6TeV_madgraphMLM-pythia8/MINIAODSIM/140X_mcRun3_2024_realistic_v26-v2/110000/197f624d-641e-496d-a513-9a0f9a92da92.root', '/store/mc/RunIII2024Summer24MiniAOD/DYto2Mu-4Jets_Bin-MLL-50_TuneCP5_13p6TeV_madgraphMLM-pythia8/MINIAODSIM/140X_mcRun3_2024_realistic_v26-v2/110000/199bae4e-d887-42ec-b91b-d24d622d4397.root', '/store/mc/RunIII2024Summer24MiniAOD/DYto2Mu-4Jets_Bin-MLL-50_TuneCP5_13p6TeV_madgraphMLM-pythia8/MINIAODSIM/140X_mcRun3_2024_realistic_v26-v2/110000/1a11e1f9-fc7f-42bb-a052-a73ee17ce081.root', '/store/mc/RunIII2024Summer24MiniAOD/DYto2Mu-4Jets_Bin-MLL-50_TuneCP5_13p6TeV_madgraphMLM-pythia8/MINIAODSIM/140X_mcRun3_2024_realistic_v26-v2/110000/1a40de1c-1718-4838-acee-6c2673992f75.root', '/store/mc/RunIII2024Summer24MiniAOD/DYto2Mu-4Jets_Bin-MLL-50_TuneCP5_13p6TeV_madgraphMLM-pythia8/MINIAODSIM/140X_mcRun3_2024_realistic_v26-v2/110000/1b053a3e-5476-4ce3-9418-948efb85dd33.root']", 'runlumi': "{'1': {'100471': '665', '101039': '654', '119257': '673', '120134': '696', '120255': '668', '143829': '721', '144374': '710', '144837': '684', '145179': '718', '145522': '721', '145889': '632', '151124': '704', '180134': '712', '180704': '704', '180745': '702', '181030': '674', '181095': '688', '181158': '700', '181206': '709', '181243': '756', '181264': '688', '181272': '733', '181338': '738', '181362': '680', '181379': '659', '181431': '771', '181471': '746', '181572': '711', '181580': '678', '181673': '736', '181717': '759', '181834': '770', '181845': '769', '181860': '760', '181864': '714', '181877': '721', '181900': '735', '181917': '713', '181952': '742', '181954': '715', '181968': '737', '181982': '723', '181991': '712', '181993': '745', '182095': '681', '182104': '670', '182354': '746', '182368': '701', '182409': '712', '182507': '722', '182522': '708', '182579': '736', '182602': '719', '182603': '696', '182661': '738', '182690': '683', '182729': '748', '182739': '668', '182803': '690', '182822': '682', '182847': '718', '182859': '718', '182867': '704', '182887': '704', '182903': '722', '182953': '738', '182958': '696', '186014': '709', '186021': '778', '186042': '666', '202471': '678', '202477': '710', '202481': '701', '202489': '656', '202508': '675', '202516': '660', '202525': '686', '202551': '718', '202557': '697', '202576': '691', '202594': '715', '202603': '739', '202619': '746', '202627': '668', '202635': '690', '202643': '701', '202675': '704', '202776': '746', '202805': '711', '202909': '708', '202933': '683', '202983': '700', '203116': '689', '203124': '718', '203140': '681', '203181': '691', '203198': '673', '203210': '679', '203226': '671', '203270': '718', '203273': '750', '203275': '735', '203277': '714', '203284': '689', '203286': '702', '203290': '707', '203291': '718', '203296': '756', '203297': '712', '203298': '699', '203304': '695', '203306': '709', '203307': '687', '203308': '760', '203314': '720', '203315': '683', '203323': '731', '203324': '678', '203331': '728', '203338': '674', '203339': '735', '203354': '721', '203362': '715', '203363': '691', '203371': '752', '203372': '702', '203378': '725', '203379': '763', '203380': '711', '203388': '712', '203389': '720', '203394': '723', '203395': '776', '203396': '699', '203402': '700', '203403': '656', '203404': '683', '203411': '746', '203412': '702', '203416': '688', '203418': '710', '203419': '685', '203420': '705', '203421': '686', '203428': '670', '203429': '726', '203430': '730', '203433': '754', '203435': '732', '203436': '694', '203437': '726', '203444': '718', '203445': '674', '203446': '710', '203450': '739', '203452': '748', '203453': '702', '203457': '700', '203458': '661', '203459': '722', '203460': '700', '203461': '726', '203462': '741', '203473': '726', '203477': '697', '203479': '721', '203493': '676', '203494': '722', '203501': '695', '203502': '715', '203504': '715', '203518': '714', '203520': '704', '203528': '730', '203535': '729', '203545': '745', '203595': '727', '203819': '708', '203909': '726', '203933': '711', '203966': '715', '203983': '726', '203990': '726', '204023': '706', '204027': '707', '204032': '703', '204051': '665', '204073': '694', '204130': '692', '204150': '683', '204164': '684', '204191': '704', '204207': '734', '204256': '720', '204273': '681', '204289': '699', '204304': '694', '204306': '744', '204330': '728', '204388': '710', '204445': '729', '204470': '714', '204524': '671', '204610': '706', '204626': '697', '204708': '702', '204724': '732', '204766': '679', '205031': '723', '205056': '717', '205076': '706', '241944': '697', '295238': '679', '303540': '707', '312805': '689', '312884': '662', '358088': '723', '358291': '732', '358588': '684', '358795': '688', '358849': '715', '359678': '718', '361726': '724', '362023': '725', '362223': '704', '362671': '718', '363082': '686', '363592': '719', '364338': '706', '364474': '694', '364513': '702', '364871': '711', '364964': '708', '364976': '714', '394030': '708', '394611': '691', '395175': '725', '395451': '685', '395474': '668', '395477': '729', '395586': '710', '395960': '690', '396094': '741', '396531': '675', '399211': '727', '399218': '714', '399229': '705', '399243': '659', '399252': '718', '399254': '692', '399259': '665', '399287': '677', '399295': '695', '399328': '716', '399336': '704', '399363': '713', '399386': '714', '399387': '700', '399403': '685', '399526': '723', '399610': '678', '399641': '681', '399682': '718', '399700': '688', '399723': '713', '399733': '730', '399825': '706', '399840': '726', '399863': '740', '399981': '706', '400048': '718', '400049': '692', '400061': '688', '400089': '726', '400100': '714', '400106': '687', '400107': '698', '400122': '728', '400138': '712', '400147': '717', '400163': '718', '400188': '740', '400251': '688', '400258': '670', '400300': '668', '400316': '692', '400324': '712', '400325': '693', '400333': '701', '400385': '739', '400401': '679', '400418': '708', '400424': '715', '400448': '713', '400465': '699', '400503': '718', '400526': '685', '400565': '720', '400571': '754', '400574': '701', '400579': '696', '400612': '678', '400614': '699', '400615': '712', '400622': '704', '400654': '752', '400661': '744', '400669': '724', '400671': '713', '400677': '685', '400685': '711', '400687': '734', '400688': '710', '400694': '678', '400695': '679', '400702': '719', '400704': '705', '400712': '706', '400718': '700', '400721': '689', '400759': '716', '400779': '672', '400798': '684', '400802': '680', '400836': '675', '400839': '689', '400843': '704', '400849': '675', '400861': '699', '400877': '701', '400897': '669', '400902': '691', '400905': '709', '400909': '718', '400921': '671', '425022': '671', '425068': '694', '425109': '721', '425114': '701', '425135': '753', '425160': '719', '425206': '676', '425332': '722', '425356': '696', '425484': '696', '425500': '687', '425507': '687', '425514': '737', '425549': '682', '425550': '671', '425556': '695', '425593': '695', '425622': '739'}}", 'events': 249526, 'type': 'EDM', 'lfn': '/store/user/amalhotr/DYto2Mu-4Jets_Bin-MLL-50_TuneCP5_13p6TeV_madgraphMLM-pythia8/DYto2Mu4Jets_Unpacker_100/250325_213853/0000/HLTUnpackerOutputLarge_21.root'}, {'parents': '[]', 'runlumi': "{'1': {'241944': 'None', '295238': 'None', '303540': 'None', '312805': 'None', '312884': 'None', '358088': 'None', '358291': 'None', '358588': 'None', '358795': 'None', '358849': 'None', '359678': 'None', '361726': 'None', '362023': 'None', '362223': 'None', '362671': 'None', '363082': 'None', '363592': 'None', '364338': 'None', '364474': 'None', '364513': 'None', '364871': 'None', '364964': 'None', '364976': 'None', '394030': 'None', '394611': 'None', '395175': 'None', '395451': 'None', '395474': 'None', '395477': 'None', '395586': 'None', '395960': 'None', '396094': 'None', '396531': 'None', '399218': 'None', '399363': 'None', '399386': 'None', '399387': 'None', '399403': 'None', '399526': 'None', '399610': 'None', '399641': 'None', '399682': 'None', '399700': 'None', '399723': 'None', '399733': 'None', '399825': 'None', '399840': 'None', '399863': 'None', '399981': 'None', '400571': 'None', '400612': 'None', '400669': 'None', '400685': 'None', '425022': 'None', '425068': 'None', '425109': 'None', '425114': 'None', '425135': 'None', '425160': 'None', '425206': 'None', '425332': 'None', '425356': 'None', '425484': 'None', '425500': 'None', '425507': 'None', '425514': 'None', '425549': 'None', '425550': 'None', '425556': 'None', '425593': 'None', '425622': 'None'}}", 'events': 50071, 'type': 'POOLIN', 'lfn': '/store/mc/RunIII2024Summer24MiniAOD/DYto2Mu-4Jets_Bin-MLL-50_TuneCP5_13p6TeV_madgraphMLM-pythia8/MINIAODSIM/140X_mcRun3_2024_realistic_v26-v2/110000/1b053a3e-5476-4ce3-9418-948efb85dd33.root_21'}, {'parents': '[]', 'runlumi': "{'1': {'399211': 'None', '399229': 'None', '399243': 'None', '399252': 'None', '399254': 'None', '399259': 'None', '399287': 'None', '399295': 'None', '399328': 'None', '399336': 'None', '400048': 'None', '400049': 'None', '400061': 'None', '400089': 'None', '400100': 'None', '400106': 'None', '400107': 'None', '400122': 'None', '400138': 'None', '400147': 'None', '400163': 'None', '400188': 'None', '400251': 'None', '400258': 'None', '400300': 'None', '400316': 'None', '400324': 'None', '400325': 'None', '400333': 'None', '400385': 'None', '400401': 'None', '400418': 'None', '400424': 'None', '400448': 'None', '400465': 'None', '400503': 'None', '400526': 'None', '400565': 'None', '400574': 'None', '400579': 'None', '400614': 'None', '400615': 'None', '400622': 'None', '400654': 'None', '400661': 'None', '400671': 'None', '400677': 'None', '400687': 'None', '400688': 'None', '400694': 'None', '400695': 'None', '400702': 'None', '400704': 'None', '400712': 'None', '400718': 'None', '400721': 'None', '400759': 'None', '400779': 'None', '400798': 'None', '400802': 'None', '400836': 'None', '400839': 'None', '400843': 'None', '400849': 'None', '400861': 'None', '400877': 'None', '400897': 'None', '400902': 'None', '400905': 'None', '400909': 'None', '400921': 'None'}}", 'events': 49775, 'type': 'POOLIN', 'lfn': '/store/mc/RunIII2024Summer24MiniAOD/DYto2Mu-4Jets_Bin-MLL-50_TuneCP5_13p6TeV_madgraphMLM-pythia8/MINIAODSIM/140X_mcRun3_2024_realistic_v26-v2/110000/1a40de1c-1718-4838-acee-6c2673992f75.root_21'}, {'parents': '[]', 'runlumi': "{'1': {'203270': 'None', '203273': 'None', '203275': 'None', '203277': 'None', '203284': 'None', '203286': 'None', '203290': 'None', '203291': 'None', '203296': 'None', '203297': 'None', '203298': 'None', '203304': 'None', '203306': 'None', '203307': 'None', '203308': 'None', '203314': 'None', '203315': 'None', '203323': 'None', '203324': 'None', '203331': 'None', '203339': 'None', '203362': 'None', '203363': 'None', '203371': 'None', '203372': 'None', '203378': 'None', '203379': 'None', '203380': 'None', '203388': 'None', '203389': 'None', '203394': 'None', '203395': 'None', '203396': 'None', '203402': 'None', '203403': 'None', '203404': 'None', '203411': 'None', '203412': 'None', '203416': 'None', '203418': 'None', '203419': 'None', '203420': 'None', '203421': 'None', '203428': 'None', '203429': 'None', '203430': 'None', '203433': 'None', '203435': 'None', '203436': 'None', '203437': 'None', '203444': 'None', '203445': 'None', '203446': 'None', '203450': 'None', '203452': 'None', '203453': 'None', '203457': 'None', '203459': 'None', '203460': 'None', '203461': 'None', '203462': 'None', '203473': 'None', '203477': 'None', '203493': 'None', '203501': 'None', '203502': 'None', '203518': 'None', '203528': 'None', '203535': 'None', '203545': 'None'}}", 'events': 50015, 'type': 'POOLIN', 'lfn': '/store/mc/RunIII2024Summer24MiniAOD/DYto2Mu-4Jets_Bin-MLL-50_TuneCP5_13p6TeV_madgraphMLM-pythia8/MINIAODSIM/140X_mcRun3_2024_realistic_v26-v2/110000/1a11e1f9-fc7f-42bb-a052-a73ee17ce081.root_21'}, {'parents': '[]', 'runlumi': "{'1': {'202471': 'None', '202477': 'None', '202481': 'None', '202489': 'None', '202508': 'None', '202516': 'None', '202525': 'None', '202551': 'None', '202557': 'None', '202576': 'None', '202594': 'None', '202603': 'None', '202619': 'None', '202627': 'None', '202635': 'None', '202643': 'None', '202675': 'None', '202776': 'None', '202805': 'None', '202909': 'None', '202933': 'None', '202983': 'None', '203116': 'None', '203124': 'None', '203140': 'None', '203181': 'None', '203198': 'None', '203210': 'None', '203226': 'None', '203338': 'None', '203354': 'None', '203458': 'None', '203479': 'None', '203494': 'None', '203504': 'None', '203520': 'None', '203595': 'None', '203819': 'None', '203909': 'None', '203933': 'None', '203966': 'None', '203983': 'None', '203990': 'None', '204023': 'None', '204027': 'None', '204032': 'None', '204051': 'None', '204073': 'None', '204130': 'None', '204150': 'None', '204164': 'None', '204191': 'None', '204207': 'None', '204256': 'None', '204273': 'None', '204289': 'None', '204304': 'None', '204306': 'None', '204330': 'None', '204388': 'None', '204445': 'None', '204470': 'None', '204524': 'None', '204610': 'None', '204626': 'None', '204708': 'None', '204724': 'None', '204766': 'None', '205031': 'None', '205056': 'None', '205076': 'None'}}", 'events': 49866, 'type': 'POOLIN', 'lfn': '/store/mc/RunIII2024Summer24MiniAOD/DYto2Mu-4Jets_Bin-MLL-50_TuneCP5_13p6TeV_madgraphMLM-pythia8/MINIAODSIM/140X_mcRun3_2024_realistic_v26-v2/110000/199bae4e-d887-42ec-b91b-d24d622d4397.root_21'}, {'parents': '[]', 'runlumi': "{'1': {'100471': 'None', '101039': 'None', '119257': 'None', '120134': 'None', '120255': 'None', '143829': 'None', '144374': 'None', '144837': 'None', '145179': 'None', '145522': 'None', '145889': 'None', '151124': 'None', '180134': 'None', '180704': 'None', '180745': 'None', '181030': 'None', '181095': 'None', '181158': 'None', '181206': 'None', '181243': 'None', '181264': 'None', '181272': 'None', '181338': 'None', '181362': 'None', '181379': 'None', '181431': 'None', '181471': 'None', '181572': 'None', '181580': 'None', '181673': 'None', '181717': 'None', '181834': 'None', '181845': 'None', '181860': 'None', '181864': 'None', '181877': 'None', '181900': 'None', '181917': 'None', '181952': 'None', '181954': 'None', '181968': 'None', '181982': 'None', '181991': 'None', '181993': 'None', '182095': 'None', '182104': 'None', '182354': 'None', '182368': 'None', '182409': 'None', '182507': 'None', '182522': 'None', '182579': 'None', '182602': 'None', '182603': 'None', '182661': 'None', '182690': 'None', '182729': 'None', '182739': 'None', '182803': 'None', '182822': 'None', '182847': 'None', '182859': 'None', '182867': 'None', '182887': 'None', '182903': 'None', '182953': 'None', '182958': 'None', '186014': 'None', '186021': 'None', '186042': 'None'}}", 'events': 49799, 'type': 'POOLIN', 'lfn': '/store/mc/RunIII2024Summer24MiniAOD/DYto2Mu-4Jets_Bin-MLL-50_TuneCP5_13p6TeV_madgraphMLM-pythia8/MINIAODSIM/140X_mcRun3_2024_realistic_v26-v2/110000/197f624d-641e-496d-a513-9a0f9a92da92.root_21'}], '18': [{'parents': "['/store/mc/RunIII2024Summer24MiniAOD/DYto2Mu-4Jets_Bin-MLL-50_TuneCP5_13p6TeV_madgraphMLM-pythia8/MINIAODSIM/140X_mcRun3_2024_realistic_v26-v2/110000/1059f228-62f6-4c22-ac58-81a6d140ce91.root', '/store/mc/RunIII2024Summer24MiniAOD/DYto2Mu-4Jets_Bin-MLL-50_TuneCP5_13p6TeV_madgraphMLM-pythia8/MINIAODSIM/140X_mcRun3_2024_realistic_v26-v2/110000/10f46573-062d-478b-9b47-fd60a6b70a25.root', '/store/mc/RunIII2024Summer24MiniAOD/DYto2Mu-4Jets_Bin-MLL-50_TuneCP5_13p6TeV_madgraphMLM-pythia8/MINIAODSIM/140X_mcRun3_2024_realistic_v26-v2/110000/118a52e0-89d7-4b37-95c2-fb999aa9b1d5.root', '/store/mc/RunIII2024Summer24MiniAOD/DYto2Mu-4Jets_Bin-MLL-50_TuneCP5_13p6TeV_madgraphMLM-pythia8/MINIAODSIM/140X_mcRun3_2024_realistic_v26-v2/110000/11c25bec-721b-436e-858e-61ada8aa7f42.root', '/store/mc/RunIII2024Summer24MiniAOD/DYto2Mu-4Jets_Bin-MLL-50_TuneCP5_13p6TeV_madgraphMLM-pythia8/MINIAODSIM/140X_mcRun3_2024_realistic_v26-v2/110000/11e4ec2b-6141-4ca4-af84-7e51cb81b751.root']", 'runlumi': "{'1': {'12024': '688', '12033': '705', '12063': '667', '12087': '664', '12096': '696', '12137': '682', '12185': '695', '12284': '662', '12291': '676', '12315': '716', '12325': '664', '12342': '691', '12349': '693', '12365': '685', '12383': '722', '12457': '714', '12480': '676', '12512': '709', '12579': '668', '12611': '699', '12612': '703', '12616': '662', '12833': '691', '12850': '684', '12999': '696', '13036': '678', '13060': '752', '13143': '677', '13202': '690', '13206': '681', '13207': '713', '13210': '715', '13212': '725', '13213': '715', '13214': '702', '13215': '706', '13217': '718', '13220': '732', '13223': '710', '13226': '668', '13232': '725', '13241': '744', '13243': '731', '13245': '727', '13248': '658', '13252': '709', '13263': '686', '13265': '712', '13267': '668', '13273': '696', '13274': '721', '13276': '738', '13280': '710', '13281': '703', '13282': '665', '13284': '714', '13286': '714', '13289': '693', '13290': '716', '13291': '704', '13293': '682', '13298': '708', '13301': '775', '13307': '674', '13315': '709', '13323': '685', '13324': '742', '13326': '710', '13330': '717', '13337': '722', '13338': '696', '205109': '732', '205139': '710', '205232': '713', '205249': '714', '205314': '726', '205367': '710', '205376': '697', '205384': '690', '205417': '723', '205420': '652', '205449': '723', '205524': '717', '205531': '703', '205566': '741', '205689': '705', '205698': '693', '205728': '709', '205754': '675', '205769': '695', '205778': '692', '205785': '723', '205821': '719', '205827': '736', '205844': '727', '205858': '671', '205860': '681', '205866': '669', '205874': '679', '205883': '734', '205885': '733', '205890': '679', '205892': '717', '205916': '710', '205926': '693', '205940': '722', '205941': '762', '205957': '713', '205977': '681', '205989': '737', '295342': '710', '295459': '691', '304033': '759', '304035': '715', '304036': '749', '304040': '687', '304044': '696', '304049': '724', '304051': '701', '304052': '685', '304056': '702', '304057': '666', '304065': '738', '304069': '767', '304071': '710', '304073': '736', '304074': '740', '304075': '736', '304076': '705', '304077': '696', '304079': '695', '304080': '702', '304085': '713', '304089': '731', '304090': '710', '304091': '711', '304092': '699', '304093': '696', '304096': '711', '304101': '736', '304106': '687', '304108': '703', '304109': '723', '304111': '717', '304121': '700', '304123': '727', '304124': '704', '304125': '696', '304130': '733', '304136': '710', '304140': '695', '304145': '669', '304146': '693', '304151': '683', '304155': '647', '304158': '710', '304161': '680', '304162': '711', '304163': '708', '304164': '717', '304168': '711', '304172': '721', '304174': '685', '304177': '738', '304182': '747', '304185': '668', '304186': '733', '304189': '680', '304198': '689', '304202': '684', '304203': '685', '304204': '735', '304206': '719', '304209': '721', '304213': '722', '304215': '664', '304222': '714', '304223': '717', '304226': '715', '304230': '710', '304236': '746', '304241': '739', '311538': '743', '311625': '715', '358125': '702', '358202': '695', '358237': '693', '358342': '732', '358419': '730', '358618': '683', '360215': '689', '360410': '710', '361840': '716', '362121': '751', '362127': '699', '362130': '719', '362146': '728', '362162': '737', '362179': '749', '362187': '696', '362204': '733', '362220': '716', '362226': '729', '362230': '730', '362240': '735', '362245': '706', '362261': '721', '362283': '766', '362324': '714', '362329': '716', '362331': '722', '362340': '700', '362348': '727', '362365': '692', '362368': '685', '362370': '658', '362393': '724', '362402': '722', '362688': '710', '363299': '709', '363894': '717', '364002': '700', '364022': '694', '364047': '681', '364050': '700', '364077': '648', '364083': '717', '364084': '682', '364088': '684', '364091': '693', '364097': '730', '364100': '669', '364104': '678', '364114': '712', '364132': '698', '364140': '697', '364148': '726', '364158': '688', '364165': '744', '364206': '674', '364222': '674', '364231': '708', '364239': '694', '364263': '681', '364280': '708', '364288': '775', '364304': '731', '364310': '680', '364326': '646', '364346': '748', '364359': '723', '364367': '669', '364417': '766', '364421': '731', '364498': '673', '364501': '624', '364539': '720', '364563': '700', '364581': '721', '364601': '728', '364618': '721', '364643': '711', '364647': '704', '364651': '702', '364660': '708', '364664': '685', '394018': '721', '394045': '727', '394132': '723', '394171': '708', '394335': '722', '394437': '730', '394461': '740', '394478': '699', '394495': '715', '394530': '712', '394536': '701', '394560': '697', '394587': '701', '394647': '702', '394788': '714', '394826': '737', '394828': '732', '394947': '711', '395025': '711', '395089': '710', '395340': '708', '395372': '709', '395653': '706', '395862': '723', '396289': '705', '396354': '714', '396476': '711', '396499': '729', '396625': '734', '396638': '698', '396888': '711', '396899': '738', '396910': '729', '396940': '776', '396981': '709', '399004': '716', '399017': '703', '399052': '707', '399069': '691', '399106': '708', '399109': '741', '399215': '724', '399231': '704', '399245': '712', '399272': '720', '399273': '738', '399278': '705', '399284': '658', '399286': '657', '399302': '746', '399316': '719', '399325': '668', '399432': '676', '399437': '688'}}", 'events': 226382, 'type': 'EDM', 'lfn': '/store/user/amalhotr/DYto2Mu-4Jets_Bin-MLL-50_TuneCP5_13p6TeV_madgraphMLM-pythia8/DYto2Mu4Jets_Unpacker_100/250325_213853/0000/HLTUnpackerOutputLarge_18.root'}, {'parents': '[]', 'runlumi': "{'1': {'205109': 'None', '205139': 'None', '205232': 'None', '205249': 'None', '205314': 'None', '205367': 'None', '205376': 'None', '205384': 'None', '205417': 'None', '205420': 'None', '205449': 'None', '205524': 'None', '205531': 'None', '205566': 'None', '205689': 'None', '205698': 'None', '205728': 'None', '205754': 'None', '205769': 'None', '205778': 'None', '205785': 'None', '205821': 'None', '205827': 'None', '205844': 'None', '205858': 'None', '205860': 'None', '205866': 'None', '205874': 'None', '205883': 'None', '205885': 'None', '205890': 'None', '205892': 'None', '205916': 'None', '205926': 'None', '205940': 'None', '205941': 'None', '205957': 'None', '205977': 'None', '205989': 'None'}}", 'events': 27606, 'type': 'POOLIN', 'lfn': '/store/mc/RunIII2024Summer24MiniAOD/DYto2Mu-4Jets_Bin-MLL-50_TuneCP5_13p6TeV_madgraphMLM-pythia8/MINIAODSIM/140X_mcRun3_2024_realistic_v26-v2/110000/11e4ec2b-6141-4ca4-af84-7e51cb81b751.root_18'}, {'parents': '[]', 'runlumi': "{'1': {'362121': 'None', '362127': 'None', '362130': 'None', '362146': 'None', '362162': 'None', '362179': 'None', '362187': 'None', '362204': 'None', '362220': 'None', '362226': 'None', '362230': 'None', '362240': 'None', '362245': 'None', '362261': 'None', '362283': 'None', '362324': 'None', '362331': 'None', '362340': 'None', '362348': 'None', '362365': 'None', '362368': 'None', '362370': 'None', '362393': 'None', '362402': 'None', '363299': 'None', '364002': 'None', '364022': 'None', '364047': 'None', '364050': 'None', '364077': 'None', '364083': 'None', '364084': 'None', '364088': 'None', '364091': 'None', '364097': 'None', '364100': 'None', '364104': 'None', '364114': 'None', '364132': 'None', '364140': 'None', '364148': 'None', '364158': 'None', '364165': 'None', '364206': 'None', '364222': 'None', '364231': 'None', '364239': 'None', '364263': 'None', '364280': 'None', '364288': 'None', '364304': 'None', '364310': 'None', '364326': 'None', '364346': 'None', '364359': 'None', '364367': 'None', '364417': 'None', '364421': 'None', '364498': 'None', '364501': 'None', '364539': 'None', '364563': 'None', '364581': 'None', '364601': 'None', '364618': 'None', '364643': 'None', '364647': 'None', '364651': 'None', '364660': 'None', '364664': 'None'}}", 'events': 49514, 'type': 'POOLIN', 'lfn': '/store/mc/RunIII2024Summer24MiniAOD/DYto2Mu-4Jets_Bin-MLL-50_TuneCP5_13p6TeV_madgraphMLM-pythia8/MINIAODSIM/140X_mcRun3_2024_realistic_v26-v2/110000/11c25bec-721b-436e-858e-61ada8aa7f42.root_18'}, {'parents': '[]', 'runlumi': "{'1': {'12024': 'None', '12033': 'None', '12063': 'None', '12087': 'None', '12096': 'None', '12137': 'None', '12185': 'None', '12284': 'None', '12291': 'None', '12315': 'None', '12325': 'None', '12342': 'None', '12349': 'None', '12365': 'None', '12383': 'None', '12457': 'None', '12480': 'None', '12512': 'None', '12579': 'None', '12611': 'None', '12612': 'None', '12616': 'None', '12833': 'None', '12850': 'None', '12999': 'None', '13036': 'None', '13060': 'None', '13143': 'None', '13202': 'None', '13206': 'None', '13207': 'None', '13210': 'None', '13212': 'None', '13213': 'None', '13214': 'None', '13215': 'None', '13217': 'None', '13220': 'None', '13223': 'None', '13226': 'None', '13232': 'None', '13241': 'None', '13243': 'None', '13245': 'None', '13248': 'None', '13252': 'None', '13263': 'None', '13265': 'None', '13267': 'None', '13273': 'None', '13274': 'None', '13276': 'None', '13280': 'None', '13281': 'None', '13282': 'None', '13284': 'None', '13286': 'None', '13289': 'None', '13290': 'None', '13291': 'None', '13293': 'None', '13298': 'None', '13301': 'None', '13307': 'None', '13315': 'None', '13323': 'None', '13324': 'None', '13326': 'None', '13330': 'None', '13337': 'None', '13338': 'None'}}", 'events': 49744, 'type': 'POOLIN', 'lfn': '/store/mc/RunIII2024Summer24MiniAOD/DYto2Mu-4Jets_Bin-MLL-50_TuneCP5_13p6TeV_madgraphMLM-pythia8/MINIAODSIM/140X_mcRun3_2024_realistic_v26-v2/110000/118a52e0-89d7-4b37-95c2-fb999aa9b1d5.root_18'}, {'parents': '[]', 'runlumi': "{'1': {'295342': 'None', '295459': 'None', '311538': 'None', '311625': 'None', '358125': 'None', '358202': 'None', '358237': 'None', '358342': 'None', '358419': 'None', '358618': 'None', '360215': 'None', '360410': 'None', '361840': 'None', '362329': 'None', '362688': 'None', '363894': 'None', '394018': 'None', '394045': 'None', '394132': 'None', '394171': 'None', '394335': 'None', '394437': 'None', '394461': 'None', '394478': 'None', '394495': 'None', '394530': 'None', '394536': 'None', '394560': 'None', '394587': 'None', '394647': 'None', '394788': 'None', '394826': 'None', '394828': 'None', '394947': 'None', '395025': 'None', '395089': 'None', '395340': 'None', '395372': 'None', '395653': 'None', '395862': 'None', '396289': 'None', '396354': 'None', '396476': 'None', '396499': 'None', '396625': 'None', '396638': 'None', '396888': 'None', '396899': 'None', '396910': 'None', '396940': 'None', '396981': 'None', '399004': 'None', '399017': 'None', '399052': 'None', '399069': 'None', '399106': 'None', '399109': 'None', '399215': 'None', '399231': 'None', '399245': 'None', '399272': 'None', '399273': 'None', '399278': 'None', '399284': 'None', '399286': 'None', '399302': 'None', '399316': 'None', '399325': 'None', '399432': 'None', '399437': 'None'}}", 'events': 49846, 'type': 'POOLIN', 'lfn': '/store/mc/RunIII2024Summer24MiniAOD/DYto2Mu-4Jets_Bin-MLL-50_TuneCP5_13p6TeV_madgraphMLM-pythia8/MINIAODSIM/140X_mcRun3_2024_realistic_v26-v2/110000/10f46573-062d-478b-9b47-fd60a6b70a25.root_18'}, {'parents': '[]', 'runlumi': "{'1': {'304033': 'None', '304035': 'None', '304036': 'None', '304040': 'None', '304044': 'None', '304049': 'None', '304051': 'None', '304052': 'None', '304056': 'None', '304057': 'None', '304065': 'None', '304069': 'None', '304071': 'None', '304073': 'None', '304074': 'None', '304075': 'None', '304076': 'None', '304077': 'None', '304079': 'None', '304080': 'None', '304085': 'None', '304089': 'None', '304090': 'None', '304091': 'None', '304092': 'None', '304093': 'None', '304096': 'None', '304101': 'None', '304106': 'None', '304108': 'None', '304109': 'None', '304111': 'None', '304121': 'None', '304123': 'None', '304124': 'None', '304125': 'None', '304130': 'None', '304136': 'None', '304140': 'None', '304145': 'None', '304146': 'None', '304151': 'None', '304155': 'None', '304158': 'None', '304161': 'None', '304162': 'None', '304163': 'None', '304164': 'None', '304168': 'None', '304172': 'None', '304174': 'None', '304177': 'None', '304182': 'None', '304185': 'None', '304186': 'None', '304189': 'None', '304198': 'None', '304202': 'None', '304203': 'None', '304204': 'None', '304206': 'None', '304209': 'None', '304213': 'None', '304215': 'None', '304222': 'None', '304223': 'None', '304226': 'None', '304230': 'None', '304236': 'None', '304241': 'None'}}", 'events': 49672, 'type': 'POOLIN', 'lfn': '/store/mc/RunIII2024Summer24MiniAOD/DYto2Mu-4Jets_Bin-MLL-50_TuneCP5_13p6TeV_madgraphMLM-pythia8/MINIAODSIM/140X_mcRun3_2024_realistic_v26-v2/110000/1059f228-62f6-4c22-ac58-81a6d140ce91.root_18'}], '17': [{'parents': "['/store/mc/RunIII2024Summer24MiniAOD/DYto2Mu-4Jets_Bin-MLL-50_TuneCP5_13p6TeV_madgraphMLM-pythia8/MINIAODSIM/140X_mcRun3_2024_realistic_v26-v2/110000/0a7ef2a6-11c5-4368-96d7-cea7c7ce1fc9.root', '/store/mc/RunIII2024Summer24MiniAOD/DYto2Mu-4Jets_Bin-MLL-50_TuneCP5_13p6TeV_madgraphMLM-pythia8/MINIAODSIM/140X_mcRun3_2024_realistic_v26-v2/110000/0c7e3389-4643-47ee-80a7-2f07944ba1a2.root', '/store/mc/RunIII2024Summer24MiniAOD/DYto2Mu-4Jets_Bin-MLL-50_TuneCP5_13p6TeV_madgraphMLM-pythia8/MINIAODSIM/140X_mcRun3_2024_realistic_v26-v2/110000/0dbb27e6-ea03-4554-914e-f6c157a97a6f.root', '/store/mc/RunIII2024Summer24MiniAOD/DYto2Mu-4Jets_Bin-MLL-50_TuneCP5_13p6TeV_madgraphMLM-pythia8/MINIAODSIM/140X_mcRun3_2024_realistic_v26-v2/110000/0e4ebc6b-afbf-404d-bb57-7fd8bbdbfecc.root', '/store/mc/RunIII2024Summer24MiniAOD/DYto2Mu-4Jets_Bin-MLL-50_TuneCP5_13p6TeV_madgraphMLM-pythia8/MINIAODSIM/140X_mcRun3_2024_realistic_v26-v2/110000/0f330959-cd49-47a9-9d2f-9c29cdfd89ff.root']", 'runlumi': "{'1': {'182313': '712', '186053': '723', '186059': '750', '186862': '743', '202041': '654', '202375': '736', '202560': '695', '202807': '706', '202851': '755', '203958': '752', '204006': '700', '204034': '765', '204043': '712', '204059': '718', '204089': '701', '204118': '714', '204126': '771', '204134': '679', '204143': '739', '204151': '702', '204159': '733', '204175': '699', '204184': '709', '204192': '707', '204200': '690', '204272': '749', '204428': '720', '204518': '731', '204525': '739', '204535': '744', '204550': '736', '204687': '723', '204839': '753', '204853': '715', '204861': '716', '205038': '701', '205092': '706', '205436': '684', '205498': '676', '205590': '701', '205655': '745', '205931': '709', '240009': '707', '240015': '717', '240026': '721', '240032': '739', '240034': '686', '240050': '724', '240065': '700', '240067': '715', '240104': '682', '240137': '718', '240172': '694', '240180': '716', '240197': '691', '240212': '698', '240213': '697', '240220': '704', '240230': '696', '240238': '691', '240254': '698', '240271': '721', '240279': '715', '240295': '708', '240312': '739', '240336': '692', '240353': '717', '240381': '706', '240382': '709', '240389': '690', '259513': '699', '259529': '708', '259557': '685', '259570': '679', '259595': '706', '259611': '674', '259627': '693', '259639': '691', '259652': '701', '259679': '712', '259680': '659', '259688': '716', '259696': '708', '259697': '693', '259721': '684', '259729': '727', '259737': '729', '259754': '659', '259778': '689', '259792': '698', '259805': '659', '259825': '735', '259828': '699', '259831': '717', '259838': '704', '259855': '699', '259872': '713', '259879': '733', '259904': '682', '259910': '689', '259913': '733', '259917': '695', '259920': '726', '259945': '671', '259954': '690', '259961': '670', '260018': '706', '260031': '713', '260038': '684', '260052': '700', '260076': '686', '260078': '709', '260079': '726', '260092': '701', '260093': '691', '260110': '754', '260120': '682', '260135': '671', '260136': '707', '260141': '694', '260153': '690', '260157': '672', '260160': '706', '260168': '724', '260174': '713', '260177': '707', '260185': '703', '260193': '689', '260211': '721', '260215': '700', '260219': '721', '260229': '711', '260234': '697', '260236': '723', '260252': '717', '260256': '704', '260260': '727', '260267': '710', '260273': '694', '260275': '698', '260277': '713', '303182': '716', '303207': '722', '303208': '714', '303211': '723', '303216': '696', '303232': '715', '303249': '688', '303257': '710', '303265': '751', '303273': '666', '303277': '706', '303279': '752', '303280': '644', '303290': '706', '303298': '720', '303304': '721', '303314': '712', '303315': '706', '303317': '709', '303318': '713', '303320': '711', '303322': '736', '303323': '698', '303324': '708', '303327': '705', '303331': '709', '303333': '741', '303335': '673', '303337': '708', '303338': '685', '303340': '666', '303341': '673', '303345': '689', '303347': '674', '303348': '692', '303351': '683', '303352': '760', '303354': '707', '303358': '676', '303359': '701', '303361': '735', '303362': '720', '303364': '656', '303365': '719', '303369': '744', '303372': '713', '303373': '695', '303374': '665', '303375': '717', '303380': '679', '303385': '707', '303387': '683', '303388': '715', '303395': '679', '303396': '711', '303397': '695', '303399': '697', '303402': '711', '303403': '717', '303405': '719', '303407': '696', '303413': '698', '303414': '725', '303416': '709', '303429': '689', '303437': '700', '303440': '746', '303443': '702', '303444': '653', '303445': '697', '303446': '742', '395376': '744', '395461': '722', '395479': '664', '395552': '734', '395555': '728', '395556': '713', '395562': '714', '395579': '729', '395582': '717', '395589': '714', '395603': '718', '395620': '715', '395631': '704', '395664': '719', '395713': '750', '395719': '722', '395733': '716', '395743': '712', '395745': '701', '395760': '720', '395762': '736', '395769': '730', '395793': '714', '395800': '716', '395817': '679', '395820': '721', '395821': '718', '395826': '698', '395833': '710', '395837': '746', '395851': '718', '395858': '724', '395896': '690', '395916': '718', '395919': '705', '395922': '758', '395939': '734', '395942': '682', '395958': '740', '395971': '701', '395973': '717', '395976': '690', '395983': '695', '395989': '695', '396008': '704', '396012': '715', '396021': '730', '396025': '718', '396031': '774', '396034': '711', '396041': '720', '396047': '738', '396061': '703', '396067': '717', '396084': '699', '396098': '719', '396100': '737', '396102': '714', '396115': '731', '396116': '769', '396117': '754', '396121': '737', '396123': '715', '396128': '707', '396132': '676', '396133': '664', '396136': '749', '396137': '725', '396141': '668', '400740': '740', '400767': '705', '400807': '697', '400823': '681', '400929': '694', '425004': '732', '425014': '731', '425021': '648', '425033': '660', '425044': '702', '425053': '693', '425055': '690', '425061': '686', '425062': '745', '425069': '704', '425076': '683', '425085': '671', '425086': '705', '425087': '709', '425093': '670', '425110': '729', '425118': '669', '425125': '725', '425126': '689', '425134': '717', '425140': '714', '425150': '692', '425190': '707', '425191': '691', '425192': '730', '425207': '723', '425216': '695', '425217': '679', '425223': '677', '425231': '725', '425240': '719', '425243': '751', '425247': '702', '425248': '706', '425264': '710', '425272': '726', '425289': '715', '425305': '674', '425306': '718', '425315': '694', '425326': '724', '425329': '730', '425337': '699', '425381': '682', '425401': '699', '425409': '683', '425416': '728', '425418': '722', '425426': '668', '425428': '696', '425442': '701', '425443': '727', '425450': '688', '425459': '705', '425466': '656', '425469': '719', '425506': '693', '425540': '687', '425548': '682', '425573': '716', '425581': '731', '425597': '702', '425614': '716', '425621': '693', '425630': '693', '425643': '698'}}", 'events': 249158, 'type': 'EDM', 'lfn': '/store/user/amalhotr/DYto2Mu-4Jets_Bin-MLL-50_TuneCP5_13p6TeV_madgraphMLM-pythia8/DYto2Mu4Jets_Unpacker_100/250325_213853/0000/HLTUnpackerOutputLarge_17.root'}, {'parents': '[]', 'runlumi': "{'1': {'182313': 'None', '186053': 'None', '186059': 'None', '186862': 'None', '202041': 'None', '202375': 'None', '202560': 'None', '202807': 'None', '202851': 'None', '203958': 'None', '204006': 'None', '204034': 'None', '204043': 'None', '204059': 'None', '204089': 'None', '204118': 'None', '204126': 'None', '204134': 'None', '204143': 'None', '204151': 'None', '204159': 'None', '204175': 'None', '204184': 'None', '204192': 'None', '204200': 'None', '204272': 'None', '204428': 'None', '204518': 'None', '204525': 'None', '204535': 'None', '204550': 'None', '204687': 'None', '204839': 'None', '204853': 'None', '204861': 'None', '205038': 'None', '205092': 'None', '205436': 'None', '205498': 'None', '205590': 'None', '205655': 'None', '205931': 'None', '240009': 'None', '240015': 'None', '240026': 'None', '240032': 'None', '240034': 'None', '240050': 'None', '240065': 'None', '240067': 'None', '240104': 'None', '240137': 'None', '240172': 'None', '240180': 'None', '240197': 'None', '240212': 'None', '240213': 'None', '240220': 'None', '240230': 'None', '240238': 'None', '240254': 'None', '240271': 'None', '240279': 'None', '240295': 'None', '240312': 'None', '240336': 'None', '240353': 'None', '240381': 'None', '240382': 'None', '240389': 'None'}}", 'events': 50004, 'type': 'POOLIN', 'lfn': '/store/mc/RunIII2024Summer24MiniAOD/DYto2Mu-4Jets_Bin-MLL-50_TuneCP5_13p6TeV_madgraphMLM-pythia8/MINIAODSIM/140X_mcRun3_2024_realistic_v26-v2/110000/0f330959-cd49-47a9-9d2f-9c29cdfd89ff.root_17'}, {'parents': '[]', 'runlumi': "{'1': {'259513': 'None', '259529': 'None', '259557': 'None', '259570': 'None', '259595': 'None', '259611': 'None', '259627': 'None', '259639': 'None', '259652': 'None', '259679': 'None', '259680': 'None', '259688': 'None', '259696': 'None', '259697': 'None', '259721': 'None', '259729': 'None', '259737': 'None', '259754': 'None', '259778': 'None', '259792': 'None', '259805': 'None', '259825': 'None', '259828': 'None', '259831': 'None', '259838': 'None', '259855': 'None', '259872': 'None', '259879': 'None', '259904': 'None', '259910': 'None', '259913': 'None', '259917': 'None', '259920': 'None', '259945': 'None', '259954': 'None', '259961': 'None', '260018': 'None', '260031': 'None', '260038': 'None', '260052': 'None', '260076': 'None', '260078': 'None', '260079': 'None', '260092': 'None', '260093': 'None', '260110': 'None', '260120': 'None', '260135': 'None', '260136': 'None', '260141': 'None', '260153': 'None', '260157': 'None', '260160': 'None', '260168': 'None', '260174': 'None', '260177': 'None', '260185': 'None', '260193': 'None', '260211': 'None', '260215': 'None', '260219': 'None', '260229': 'None', '260234': 'None', '260236': 'None', '260252': 'None', '260256': 'None', '260260': 'None', '260267': 'None', '260273': 'None', '260275': 'None', '260277': 'None'}}", 'events': 49789, 'type': 'POOLIN', 'lfn': '/store/mc/RunIII2024Summer24MiniAOD/DYto2Mu-4Jets_Bin-MLL-50_TuneCP5_13p6TeV_madgraphMLM-pythia8/MINIAODSIM/140X_mcRun3_2024_realistic_v26-v2/110000/0e4ebc6b-afbf-404d-bb57-7fd8bbdbfecc.root_17'}, {'parents': '[]', 'runlumi': "{'1': {'303182': 'None', '303207': 'None', '303208': 'None', '303211': 'None', '303216': 'None', '303232': 'None', '303249': 'None', '303257': 'None', '303265': 'None', '303273': 'None', '303277': 'None', '303279': 'None', '303280': 'None', '303290': 'None', '303298': 'None', '303304': 'None', '303314': 'None', '303315': 'None', '303317': 'None', '303318': 'None', '303320': 'None', '303322': 'None', '303323': 'None', '303324': 'None', '303327': 'None', '303331': 'None', '303333': 'None', '303335': 'None', '303337': 'None', '303338': 'None', '303340': 'None', '303341': 'None', '303345': 'None', '303347': 'None', '303348': 'None', '303351': 'None', '303352': 'None', '303354': 'None', '303358': 'None', '303359': 'None', '303361': 'None', '303362': 'None', '303364': 'None', '303365': 'None', '303369': 'None', '303372': 'None', '303373': 'None', '303374': 'None', '303375': 'None', '303380': 'None', '303385': 'None', '303387': 'None', '303388': 'None', '303395': 'None', '303396': 'None', '303397': 'None', '303399': 'None', '303402': 'None', '303403': 'None', '303405': 'None', '303407': 'None', '303413': 'None', '303414': 'None', '303416': 'None', '303429': 'None', '303437': 'None', '303440': 'None', '303443': 'None', '303444': 'None', '303445': 'None', '303446': 'None'}}", 'events': 50019, 'type': 'POOLIN', 'lfn': '/store/mc/RunIII2024Summer24MiniAOD/DYto2Mu-4Jets_Bin-MLL-50_TuneCP5_13p6TeV_madgraphMLM-pythia8/MINIAODSIM/140X_mcRun3_2024_realistic_v26-v2/110000/0dbb27e6-ea03-4554-914e-f6c157a97a6f.root_17'}, {'parents': '[]', 'runlumi': "{'1': {'400740': 'None', '400767': 'None', '400807': 'None', '400823': 'None', '400929': 'None', '425004': 'None', '425014': 'None', '425021': 'None', '425033': 'None', '425044': 'None', '425053': 'None', '425055': 'None', '425061': 'None', '425062': 'None', '425069': 'None', '425076': 'None', '425085': 'None', '425086': 'None', '425087': 'None', '425093': 'None', '425110': 'None', '425118': 'None', '425125': 'None', '425126': 'None', '425134': 'None', '425140': 'None', '425150': 'None', '425190': 'None', '425191': 'None', '425192': 'None', '425207': 'None', '425216': 'None', '425217': 'None', '425223': 'None', '425231': 'None', '425240': 'None', '425243': 'None', '425247': 'None', '425248': 'None', '425264': 'None', '425272': 'None', '425289': 'None', '425305': 'None', '425306': 'None', '425315': 'None', '425326': 'None', '425329': 'None', '425337': 'None', '425381': 'None', '425401': 'None', '425409': 'None', '425416': 'None', '425418': 'None', '425426': 'None', '425428': 'None', '425442': 'None', '425443': 'None', '425450': 'None', '425459': 'None', '425466': 'None', '425469': 'None', '425506': 'None', '425540': 'None', '425548': 'None', '425573': 'None', '425581': 'None', '425597': 'None', '425614': 'None', '425621': 'None', '425630': 'None', '425643': 'None'}}", 'events': 49861, 'type': 'POOLIN', 'lfn': '/store/mc/RunIII2024Summer24MiniAOD/DYto2Mu-4Jets_Bin-MLL-50_TuneCP5_13p6TeV_madgraphMLM-pythia8/MINIAODSIM/140X_mcRun3_2024_realistic_v26-v2/110000/0c7e3389-4643-47ee-80a7-2f07944ba1a2.root_17'}, {'parents': '[]', 'runlumi': "{'1': {'395376': 'None', '395461': 'None', '395479': 'None', '395552': 'None', '395555': 'None', '395556': 'None', '395562': 'None', '395579': 'None', '395582': 'None', '395589': 'None', '395603': 'None', '395620': 'None', '395631': 'None', '395664': 'None', '395713': 'None', '395719': 'None', '395733': 'None', '395743': 'None', '395745': 'None', '395760': 'None', '395762': 'None', '395769': 'None', '395793': 'None', '395800': 'None', '395817': 'None', '395820': 'None', '395821': 'None', '395826': 'None', '395833': 'None', '395837': 'None', '395851': 'None', '395858': 'None', '395896': 'None', '395916': 'None', '395919': 'None', '395922': 'None', '395939': 'None', '395942': 'None', '395958': 'None', '395971': 'None', '395973': 'None', '395976': 'None', '395983': 'None', '395989': 'None', '396008': 'None', '396012': 'None', '396021': 'None', '396025': 'None', '396031': 'None', '396034': 'None', '396041': 'None', '396047': 'None', '396061': 'None', '396067': 'None', '396084': 'None', '396098': 'None', '396100': 'None', '396102': 'None', '396115': 'None', '396116': 'None', '396117': 'None', '396121': 'None', '396123': 'None', '396128': 'None', '396132': 'None', '396133': 'None', '396136': 'None', '396137': 'None', '396141': 'None'}}", 'events': 49485, 'type': 'POOLIN', 'lfn': '/store/mc/RunIII2024Summer24MiniAOD/DYto2Mu-4Jets_Bin-MLL-50_TuneCP5_13p6TeV_madgraphMLM-pythia8/MINIAODSIM/140X_mcRun3_2024_realistic_v26-v2/110000/0a7ef2a6-11c5-4368-96d7-cea7c7ce1fc9.root_17'}], '14': [{'parents': "['/store/mc/RunIII2024Summer24MiniAOD/DYto2Mu-4Jets_Bin-MLL-50_TuneCP5_13p6TeV_madgraphMLM-pythia8/MINIAODSIM/140X_mcRun3_2024_realistic_v26-v2/110000/030e82c1-6866-4b23-b7e0-8618968bdb76.root', '/store/mc/RunIII2024Summer24MiniAOD/DYto2Mu-4Jets_Bin-MLL-50_TuneCP5_13p6TeV_madgraphMLM-pythia8/MINIAODSIM/140X_mcRun3_2024_realistic_v26-v2/110000/03cd698d-d48d-45bd-a48e-9e2798c2dc9b.root', '/store/mc/RunIII2024Summer24MiniAOD/DYto2Mu-4Jets_Bin-MLL-50_TuneCP5_13p6TeV_madgraphMLM-pythia8/MINIAODSIM/140X_mcRun3_2024_realistic_v26-v2/110000/03d4cf81-5097-42ac-ab1e-08308a74af6b.root', '/store/mc/RunIII2024Summer24MiniAOD/DYto2Mu-4Jets_Bin-MLL-50_TuneCP5_13p6TeV_madgraphMLM-pythia8/MINIAODSIM/140X_mcRun3_2024_realistic_v26-v2/110000/03e2d5b8-4a37-4ade-a91a-ae59b47dfcab.root', '/store/mc/RunIII2024Summer24MiniAOD/DYto2Mu-4Jets_Bin-MLL-50_TuneCP5_13p6TeV_madgraphMLM-pythia8/MINIAODSIM/140X_mcRun3_2024_realistic_v26-v2/110000/0404de91-564e-4576-ae9a-6b7536261a11.root']", 'runlumi': "{'1': {'906': '745', '12243': '708', '12256': '671', '12264': '671', '12272': '725', '12298': '742', '12300': '709', '12316': '678', '12324': '709', '12333': '712', '12341': '714', '12343': '667', '12357': '754', '12374': '675', '12382': '717', '12390': '741', '12398': '699', '12415': '705', '12420': '670', '12423': '688', '12431': '660', '12439': '696', '12458': '681', '12510': '681', '12548': '694', '12561': '725', '12591': '677', '12642': '726', '12744': '714', '12834': '702', '12890': '727', '12920': '719', '12922': '722', '12924': '708', '12929': '731', '12931': '711', '12947': '693', '12955': '749', '12956': '702', '12965': '711', '14011': '745', '14022': '723', '14085': '715', '14142': '671', '14248': '691', '14331': '733', '14339': '728', '14413': '743', '14422': '712', '14454': '707', '14471': '695', '14487': '700', '14495': '704', '14512': '703', '14562': '692', '14570': '692', '14579': '728', '14595': '668', '14611': '703', '14620': '702', '14627': '702', '14643': '675', '14661': '725', '14677': '727', '14684': '731', '14693': '691', '14703': '733', '14711': '718', '14720': '705', '14727': '713', '14737': '707', '46273': '727', '47136': '728', '47243': '738', '48491': '683', '48753': '683', '49360': '750', '49898': '735', '89053': '729', '89086': '700', '89094': '725', '89133': '770', '89277': '703', '89287': '699', '89320': '729', '89332': '709', '89369': '701', '89410': '727', '89451': '694', '89470': '714', '89509': '755', '89557': '726', '89566': '739', '89582': '758', '89589': '725', '89612': '703', '89664': '695', '89670': '754', '89689': '722', '89697': '754', '89719': '711', '89730': '743', '89737': '776', '89738': '714', '89743': '703', '89746': '750', '89749': '663', '89796': '726', '89860': '749', '89867': '702', '89885': '713', '89929': '697', '89971': '738', '89993': '740', '90133': '696', '90642': '739', '100010': '702', '100070': '678', '100093': '737', '100110': '716', '100119': '724', '100127': '729', '100150': '720', '100159': '730', '100175': '724', '100186': '702', '100204': '737', '100240': '765', '100279': '692', '100352': '730', '100377': '713', '100387': '760', '100409': '705', '100423': '756', '100425': '701', '100432': '725', '100440': '703', '100477': '710', '100485': '696', '145826': '659', '145830': '716', '145833': '698', '145834': '724', '145836': '724', '145840': '702', '145847': '687', '145855': '717', '145856': '748', '145863': '677', '145865': '707', '145871': '660', '145880': '711', '145887': '683', '145892': '737', '145896': '717', '145901': '681', '145903': '692', '145908': '702', '145911': '749', '145921': '734', '145925': '707', '145928': '709', '145933': '722', '145934': '713', '145937': '688', '145939': '721', '145942': '699', '145944': '703', '145950': '778', '145952': '720', '145956': '681', '145961': '748', '145964': '714', '145967': '695', '145969': '732', '145975': '682', '145978': '705', '145985': '726', '145991': '738', '145998': '707', '151001': '716', '151005': '748', '151010': '754', '151014': '707', '151018': '667', '151019': '722', '151020': '695', '151021': '686', '151025': '687', '151029': '720', '151034': '739', '151038': '709', '151046': '743', '151054': '699', '151055': '724', '151058': '680', '151066': '698', '151070': '704', '151071': '730', '151076': '695', '151079': '663', '151095': '730', '151096': '699', '151111': '700', '151112': '715', '151118': '732', '151119': '732', '151121': '732', '151129': '731', '303808': '703', '303814': '718', '303815': '719', '303817': '703', '303819': '731', '303821': '694', '303823': '701', '303824': '715', '303831': '745', '303844': '684', '303848': '725', '303849': '719', '303850': '721', '303851': '747', '303853': '676', '303864': '664', '303865': '707', '303870': '704', '303871': '719', '303873': '719', '303881': '716', '303889': '723', '303890': '685', '303894': '760', '303895': '725', '303896': '681', '303898': '754', '303899': '699', '303901': '736', '303913': '693', '303916': '684', '303918': '727', '303928': '728', '303933': '724', '303935': '714', '303936': '703', '303944': '739', '303953': '715', '303955': '722', '303958': '728', '303959': '703', '303960': '736', '303963': '735', '303969': '715', '303975': '715', '303976': '693', '303977': '703', '303983': '660', '303984': '685', '303985': '674', '303989': '744', '303991': '804', '303992': '703', '303993': '716', '303996': '615', '303998': '735', '304000': '693', '304001': '716', '304002': '702', '304003': '710', '304008': '697', '304010': '764', '304015': '711', '304017': '728', '304018': '685', '304019': '698', '304023': '711', '304024': '711', '304026': '694', '304027': '695', '311210': '679', '311216': '672', '311218': '704', '311220': '695', '311228': '695', '311234': '695', '311236': '719', '311244': '737', '311245': '681', '311259': '653', '311260': '673', '311269': '721', '311275': '694', '311276': '713', '311277': '694', '311281': '694', '311285': '722', '311288': '710', '311296': '703', '311297': '738', '311298': '731', '311300': '730', '311301': '643', '311302': '713', '311305': '739', '311309': '709', '311312': '704', '311314': '723', '311317': '682', '311326': '728', '311329': '683', '311330': '735', '311331': '682', '311337': '682', '311338': '715', '311339': '689', '311343': '700', '311346': '714', '311350': '679', '311353': '717', '311354': '703', '311355': '715', '311367': '737', '311370': '701', '311373': '661', '311376': '694', '311378': '699', '311384': '745', '311388': '676', '311389': '738', '311391': '703', '311393': '716', '311395': '686', '311397': '693', '311401': '699', '311408': '732', '311411': '717', '311414': '699', '311419': '676', '311422': '717', '311423': '728', '311425': '704', '311427': '746', '311430': '714', '311431': '693', '311436': '728', '311442': '709', '311447': '707', '311449': '680', '311464': '711', '311472': '700'}}", 'events': 248909, 'type': 'EDM', 'lfn': '/store/user/amalhotr/DYto2Mu-4Jets_Bin-MLL-50_TuneCP5_13p6TeV_madgraphMLM-pythia8/DYto2Mu4Jets_Unpacker_100/250325_213853/0000/HLTUnpackerOutputLarge_14.root'}, {'parents': '[]', 'runlumi': "{'1': {'311210': 'None', '311216': 'None', '311218': 'None', '311220': 'None', '311228': 'None', '311234': 'None', '311236': 'None', '311244': 'None', '311245': 'None', '311259': 'None', '311260': 'None', '311269': 'None', '311275': 'None', '311276': 'None', '311277': 'None', '311281': 'None', '311285': 'None', '311288': 'None', '311296': 'None', '311297': 'None', '311298': 'None', '311300': 'None', '311301': 'None', '311302': 'None', '311305': 'None', '311309': 'None', '311312': 'None', '311314': 'None', '311317': 'None', '311326': 'None', '311329': 'None', '311330': 'None', '311331': 'None', '311337': 'None', '311338': 'None', '311339': 'None', '311343': 'None', '311346': 'None', '311350': 'None', '311353': 'None', '311354': 'None', '311355': 'None', '311367': 'None', '311370': 'None', '311373': 'None', '311376': 'None', '311378': 'None', '311384': 'None', '311388': 'None', '311389': 'None', '311391': 'None', '311393': 'None', '311395': 'None', '311397': 'None', '311401': 'None', '311408': 'None', '311411': 'None', '311414': 'None', '311419': 'None', '311422': 'None', '311423': 'None', '311425': 'None', '311427': 'None', '311430': 'None', '311431': 'None', '311436': 'None', '311442': 'None', '311447': 'None', '311449': 'None', '311464': 'None', '311472': 'None'}}", 'events': 50017, 'type': 'POOLIN', 'lfn': '/store/mc/RunIII2024Summer24MiniAOD/DYto2Mu-4Jets_Bin-MLL-50_TuneCP5_13p6TeV_madgraphMLM-pythia8/MINIAODSIM/140X_mcRun3_2024_realistic_v26-v2/110000/0404de91-564e-4576-ae9a-6b7536261a11.root_14'}, {'parents': '[]', 'runlumi': "{'1': {'906': 'None', '46273': 'None', '47136': 'None', '47243': 'None', '48491': 'None', '48753': 'None', '49360': 'None', '49898': 'None', '89053': 'None', '89086': 'None', '89094': 'None', '89133': 'None', '89277': 'None', '89287': 'None', '89320': 'None', '89332': 'None', '89369': 'None', '89410': 'None', '89451': 'None', '89470': 'None', '89509': 'None', '89557': 'None', '89566': 'None', '89582': 'None', '89589': 'None', '89612': 'None', '89664': 'None', '89670': 'None', '89689': 'None', '89697': 'None', '89719': 'None', '89730': 'None', '89737': 'None', '89738': 'None', '89743': 'None', '89746': 'None', '89749': 'None', '89796': 'None', '89860': 'None', '89867': 'None', '89885': 'None', '89929': 'None', '89971': 'None', '89993': 'None', '90133': 'None', '90642': 'None', '100010': 'None', '100070': 'None', '100093': 'None', '100110': 'None', '100119': 'None', '100127': 'None', '100150': 'None', '100159': 'None', '100175': 'None', '100186': 'None', '100204': 'None', '100240': 'None', '100279': 'None', '100352': 'None', '100377': 'None', '100387': 'None', '100409': 'None', '100423': 'None', '100425': 'None', '100432': 'None', '100440': 'None', '100477': 'None', '100485': 'None'}}", 'events': 49835, 'type': 'POOLIN', 'lfn': '/store/mc/RunIII2024Summer24MiniAOD/DYto2Mu-4Jets_Bin-MLL-50_TuneCP5_13p6TeV_madgraphMLM-pythia8/MINIAODSIM/140X_mcRun3_2024_realistic_v26-v2/110000/03e2d5b8-4a37-4ade-a91a-ae59b47dfcab.root_14'}, {'parents': '[]', 'runlumi': "{'1': {'145826': 'None', '145830': 'None', '145833': 'None', '145834': 'None', '145836': 'None', '145840': 'None', '145847': 'None', '145855': 'None', '145856': 'None', '145863': 'None', '145865': 'None', '145871': 'None', '145880': 'None', '145887': 'None', '145892': 'None', '145896': 'None', '145901': 'None', '145903': 'None', '145908': 'None', '145911': 'None', '145921': 'None', '145925': 'None', '145928': 'None', '145933': 'None', '145934': 'None', '145937': 'None', '145939': 'None', '145942': 'None', '145944': 'None', '145950': 'None', '145952': 'None', '145956': 'None', '145961': 'None', '145964': 'None', '145967': 'None', '145969': 'None', '145975': 'None', '145978': 'None', '145985': 'None', '145991': 'None', '145998': 'None', '151001': 'None', '151005': 'None', '151010': 'None', '151014': 'None', '151018': 'None', '151019': 'None', '151020': 'None', '151021': 'None', '151025': 'None', '151029': 'None', '151034': 'None', '151038': 'None', '151046': 'None', '151054': 'None', '151055': 'None', '151058': 'None', '151066': 'None', '151070': 'None', '151071': 'None', '151076': 'None', '151079': 'None', '151095': 'None', '151096': 'None', '151111': 'None', '151112': 'None', '151118': 'None', '151119': 'None', '151121': 'None', '151129': 'None'}}", 'events': 49770, 'type': 'POOLIN', 'lfn': '/store/mc/RunIII2024Summer24MiniAOD/DYto2Mu-4Jets_Bin-MLL-50_TuneCP5_13p6TeV_madgraphMLM-pythia8/MINIAODSIM/140X_mcRun3_2024_realistic_v26-v2/110000/03d4cf81-5097-42ac-ab1e-08308a74af6b.root_14'}, {'parents': '[]', 'runlumi': "{'1': {'303808': 'None', '303814': 'None', '303815': 'None', '303817': 'None', '303819': 'None', '303821': 'None', '303823': 'None', '303824': 'None', '303831': 'None', '303844': 'None', '303848': 'None', '303849': 'None', '303850': 'None', '303851': 'None', '303853': 'None', '303864': 'None', '303865': 'None', '303870': 'None', '303871': 'None', '303873': 'None', '303881': 'None', '303889': 'None', '303890': 'None', '303894': 'None', '303895': 'None', '303896': 'None', '303898': 'None', '303899': 'None', '303901': 'None', '303913': 'None', '303916': 'None', '303918': 'None', '303928': 'None', '303933': 'None', '303935': 'None', '303936': 'None', '303944': 'None', '303953': 'None', '303955': 'None', '303958': 'None', '303959': 'None', '303960': 'None', '303963': 'None', '303969': 'None', '303975': 'None', '303976': 'None', '303977': 'None', '303983': 'None', '303984': 'None', '303985': 'None', '303989': 'None', '303991': 'None', '303992': 'None', '303993': 'None', '303996': 'None', '303998': 'None', '304000': 'None', '304001': 'None', '304002': 'None', '304003': 'None', '304008': 'None', '304010': 'None', '304015': 'None', '304017': 'None', '304018': 'None', '304019': 'None', '304023': 'None', '304024': 'None', '304026': 'None', '304027': 'None'}}", 'events': 49821, 'type': 'POOLIN', 'lfn': '/store/mc/RunIII2024Summer24MiniAOD/DYto2Mu-4Jets_Bin-MLL-50_TuneCP5_13p6TeV_madgraphMLM-pythia8/MINIAODSIM/140X_mcRun3_2024_realistic_v26-v2/110000/03cd698d-d48d-45bd-a48e-9e2798c2dc9b.root_14'}, {'parents': '[]', 'runlumi': "{'1': {'12243': 'None', '12256': 'None', '12264': 'None', '12272': 'None', '12298': 'None', '12300': 'None', '12316': 'None', '12324': 'None', '12333': 'None', '12341': 'None', '12343': 'None', '12357': 'None', '12374': 'None', '12382': 'None', '12390': 'None', '12398': 'None', '12415': 'None', '12420': 'None', '12423': 'None', '12431': 'None', '12439': 'None', '12458': 'None', '12510': 'None', '12548': 'None', '12561': 'None', '12591': 'None', '12642': 'None', '12744': 'None', '12834': 'None', '12890': 'None', '12920': 'None', '12922': 'None', '12924': 'None', '12929': 'None', '12931': 'None', '12947': 'None', '12955': 'None', '12956': 'None', '12965': 'None', '14011': 'None', '14022': 'None', '14085': 'None', '14142': 'None', '14248': 'None', '14331': 'None', '14339': 'None', '14413': 'None', '14422': 'None', '14454': 'None', '14471': 'None', '14487': 'None', '14495': 'None', '14512': 'None', '14562': 'None', '14570': 'None', '14579': 'None', '14595': 'None', '14611': 'None', '14620': 'None', '14627': 'None', '14643': 'None', '14661': 'None', '14677': 'None', '14684': 'None', '14693': 'None', '14703': 'None', '14711': 'None', '14720': 'None', '14727': 'None', '14737': 'None'}}", 'events': 49466, 'type': 'POOLIN', 'lfn': '/store/mc/RunIII2024Summer24MiniAOD/DYto2Mu-4Jets_Bin-MLL-50_TuneCP5_13p6TeV_madgraphMLM-pythia8/MINIAODSIM/140X_mcRun3_2024_realistic_v26-v2/110000/030e82c1-6866-4b23-b7e0-8618968bdb76.root_14'}], '25': [{'parents': "['/store/mc/RunIII2024Summer24MiniAOD/DYto2Mu-4Jets_Bin-MLL-50_TuneCP5_13p6TeV_madgraphMLM-pythia8/MINIAODSIM/140X_mcRun3_2024_realistic_v26-v2/110000/01819a8d-0481-4d13-a8c1-5f8187d639f3.root', '/store/mc/RunIII2024Summer24MiniAOD/DYto2Mu-4Jets_Bin-MLL-50_TuneCP5_13p6TeV_madgraphMLM-pythia8/MINIAODSIM/140X_mcRun3_2024_realistic_v26-v2/110000/05335145-acdf-4ed5-a8e7-3fd529cb48a5.root', '/store/mc/RunIII2024Summer24MiniAOD/DYto2Mu-4Jets_Bin-MLL-50_TuneCP5_13p6TeV_madgraphMLM-pythia8/MINIAODSIM/140X_mcRun3_2024_realistic_v26-v2/110000/05ddacb1-60a0-4b6c-ae5b-3d64d749e428.root', '/store/mc/RunIII2024Summer24MiniAOD/DYto2Mu-4Jets_Bin-MLL-50_TuneCP5_13p6TeV_madgraphMLM-pythia8/MINIAODSIM/140X_mcRun3_2024_realistic_v26-v2/110000/0ce3c48a-f978-4f3a-b750-134c11ba3eaa.root', '/store/mc/RunIII2024Summer24MiniAOD/DYto2Mu-4Jets_Bin-MLL-50_TuneCP5_13p6TeV_madgraphMLM-pythia8/MINIAODSIM/140X_mcRun3_2024_realistic_v26-v2/110000/1003c009-038c-4ae0-bc08-d3f4350495e7.root']", 'runlumi': "{'1': {'566': '700', '941': '703', '14242': '697', '14292': '656', '45047': '711', '45108': '743', '45147': '687', '45154': '737', '45294': '697', '45305': '718', '45313': '731', '45387': '699', '45403': '750', '45445': '738', '45506': '694', '45543': '710', '45585': '722', '45606': '685', '45634': '705', '45739': '691', '45750': '707', '45835': '729', '45870': '707', '45888': '693', '45902': '694', '48325': '692', '48329': '731', '48485': '711', '48528': '744', '48537': '739', '48549': '715', '48553': '729', '48666': '763', '48915': '678', '48928': '687', '48967': '738', '48984': '672', '48986': '688', '48995': '691', '49163': '697', '49477': '724', '49588': '729', '50084': '692', '89256': '675', '89471': '710', '89591': '692', '89615': '708', '89617': '753', '90035': '732', '90119': '675', '90177': '698', '90232': '716', '90403': '727', '90422': '713', '90464': '714', '90607': '720', '90943': '701', '100017': '697', '100165': '718', '100216': '683', '100255': '690', '100302': '752', '100318': '738', '100347': '691', '100389': '730', '100421': '695', '100463': '761', '100465': '715', '100476': '699', '100489': '685', '100503': '734', '100510': '729', '100524': '686', '100546': '755', '100548': '724', '100634': '675', '100653': '674', '100680': '672', '100692': '748', '100704': '727', '100713': '697', '100717': '692', '100766': '710', '100824': '722', '100826': '707', '100883': '653', '100901': '696', '100915': '727', '101011': '711', '101015': '711', '101051': '738', '101062': '697', '101074': '720', '101397': '694', '101402': '704', '101552': '732', '101661': '688', '101692': '712', '101717': '699', '101733': '701', '101734': '714', '101777': '667', '101845': '692', '101854': '680', '101931': '695', '101933': '685', '119031': '650', '119182': '686', '203802': '719', '203883': '706', '203982': '692', '203996': '714', '204141': '668', '204213': '715', '204438': '699', '204717': '707', '204836': '734', '204914': '682', '204925': '719', '204979': '707', '205162': '731', '205168': '681', '205276': '680', '205325': '689', '205456': '722', '205563': '764', '205602': '696', '205621': '686', '205666': '675', '205700': '682', '205707': '759', '205727': '647', '205759': '704', '205841': '747', '205938': '721', '240478': '697', '240595': '740', '240836': '728', '241025': '724', '241310': '715', '241314': '683', '241340': '721', '241359': '728', '241364': '718', '241404': '661', '241421': '725', '241519': '676', '241553': '695', '241634': '692', '259030': '682', '259040': '700', '259179': '726', '259192': '684', '260608': '708', '260797': '716', '260871': '720', '260950': '684', '260970': '732', '260985': '722', '265096': '709', '265152': '683', '265158': '710', '265194': '723', '265231': '676', '265383': '702', '265472': '684', '265689': '691', '265755': '677', '265951': '713', '265959': '698', '266042': '691', '266066': '692', '266107': '711', '266177': '722', '266185': '713', '266230': '697', '266321': '733', '266346': '722', '266377': '690', '266381': '704', '266392': '736', '266426': '674', '266447': '710', '266510': '764', '266621': '743', '266795': '690', '266820': '708', '266971': '666', '295007': '704', '295115': '719', '295121': '721', '295307': '711', '305133': '687', '305906': '689', '312512': '686', '358008': '713', '358240': '707', '358534': '683', '358583': '728', '358782': '696', '359013': '673', '359499': '712', '359870': '710', '360161': '698', '360264': '701', '360645': '757', '360669': '727', '360968': '701', '361990': '696', '362556': '684', '363746': '725', '363924': '659', '364089': '711', '364102': '713', '364306': '726', '364447': '737', '364547': '703', '364707': '720', '364759': '678', '364777': '692', '364847': '674', '394649': '742', '394970': '709', '395047': '723', '395838': '721', '396271': '761', '396795': '678'}}", 'events': 160446, 'type': 'EDM', 'lfn': '/store/user/amalhotr/DYto2Mu-4Jets_Bin-MLL-50_TuneCP5_13p6TeV_madgraphMLM-pythia8/DYto2Mu4Jets_Unpacker_100/250325_213853/0000/HLTUnpackerOutputLarge_25.root'}, {'parents': '[]', 'runlumi': "{'1': {'204836': 'None', '240595': 'None', '295307': 'None', '305133': 'None', '305906': 'None', '312512': 'None', '358008': 'None', '358240': 'None', '358534': 'None', '358583': 'None', '358782': 'None', '359013': 'None', '359499': 'None', '359870': 'None', '360161': 'None', '360264': 'None', '360645': 'None', '360669': 'None', '360968': 'None', '361990': 'None', '362556': 'None', '363746': 'None', '363924': 'None', '364089': 'None', '364102': 'None', '364306': 'None', '364447': 'None', '364547': 'None', '364707': 'None', '364759': 'None', '364777': 'None', '364847': 'None', '394649': 'None', '394970': 'None', '395047': 'None', '395838': 'None', '396271': 'None', '396795': 'None'}}", 'events': 26905, 'type': 'POOLIN', 'lfn': '/store/mc/RunIII2024Summer24MiniAOD/DYto2Mu-4Jets_Bin-MLL-50_TuneCP5_13p6TeV_madgraphMLM-pythia8/MINIAODSIM/140X_mcRun3_2024_realistic_v26-v2/110000/1003c009-038c-4ae0-bc08-d3f4350495e7.root_25'}, {'parents': '[]', 'runlumi': "{'1': {'89471': 'None', '89591': 'None', '89615': 'None', '89617': 'None', '100017': 'None', '100165': 'None', '100216': 'None', '100255': 'None', '100302': 'None', '100318': 'None', '100347': 'None', '100389': 'None', '100421': 'None', '100463': 'None', '100465': 'None', '100476': 'None', '100489': 'None', '100503': 'None', '100510': 'None', '100524': 'None', '100546': 'None', '100548': 'None', '100634': 'None', '100653': 'None', '100680': 'None', '100692': 'None', '100704': 'None', '100713': 'None', '100717': 'None', '100766': 'None', '100824': 'None', '100826': 'None', '100883': 'None', '100901': 'None', '100915': 'None', '101011': 'None', '101015': 'None', '101051': 'None', '101062': 'None', '101074': 'None', '101397': 'None', '101402': 'None', '101552': 'None', '101661': 'None', '101692': 'None', '101717': 'None', '101733': 'None', '101734': 'None', '101777': 'None', '101845': 'None', '101854': 'None', '101931': 'None', '101933': 'None', '119031': 'None', '119182': 'None'}}", 'events': 38821, 'type': 'POOLIN', 'lfn': '/store/mc/RunIII2024Summer24MiniAOD/DYto2Mu-4Jets_Bin-MLL-50_TuneCP5_13p6TeV_madgraphMLM-pythia8/MINIAODSIM/140X_mcRun3_2024_realistic_v26-v2/110000/0ce3c48a-f978-4f3a-b750-134c11ba3eaa.root_25'}, {'parents': '[]', 'runlumi': "{'1': {'203802': 'None', '203883': 'None', '203982': 'None', '203996': 'None', '204141': 'None', '204213': 'None', '204438': 'None', '204717': 'None', '204914': 'None', '204925': 'None', '204979': 'None', '205162': 'None', '205168': 'None', '205276': 'None', '205325': 'None', '205456': 'None', '205563': 'None', '205602': 'None', '205621': 'None', '205666': 'None', '205700': 'None', '205707': 'None', '205727': 'None', '205759': 'None', '205841': 'None', '205938': 'None', '240478': 'None', '241025': 'None', '241310': 'None', '241314': 'None', '241340': 'None', '241359': 'None', '241364': 'None', '241404': 'None', '241421': 'None', '241519': 'None', '241553': 'None', '241634': 'None', '259040': 'None'}}", 'events': 27447, 'type': 'POOLIN', 'lfn': '/store/mc/RunIII2024Summer24MiniAOD/DYto2Mu-4Jets_Bin-MLL-50_TuneCP5_13p6TeV_madgraphMLM-pythia8/MINIAODSIM/140X_mcRun3_2024_realistic_v26-v2/110000/05ddacb1-60a0-4b6c-ae5b-3d64d749e428.root_25'}, {'parents': '[]', 'runlumi': "{'1': {'240836': 'None', '259030': 'None', '259179': 'None', '259192': 'None', '260608': 'None', '260797': 'None', '260871': 'None', '260950': 'None', '260970': 'None', '260985': 'None', '265096': 'None', '265152': 'None', '265158': 'None', '265194': 'None', '265231': 'None', '265383': 'None', '265472': 'None', '265689': 'None', '265755': 'None', '265951': 'None', '265959': 'None', '266042': 'None', '266066': 'None', '266107': 'None', '266177': 'None', '266185': 'None', '266230': 'None', '266321': 'None', '266346': 'None', '266377': 'None', '266381': 'None', '266392': 'None', '266426': 'None', '266447': 'None', '266510': 'None', '266621': 'None', '266795': 'None', '266820': 'None', '266971': 'None', '295007': 'None', '295115': 'None', '295121': 'None'}}", 'events': 29678, 'type': 'POOLIN', 'lfn': '/store/mc/RunIII2024Summer24MiniAOD/DYto2Mu-4Jets_Bin-MLL-50_TuneCP5_13p6TeV_madgraphMLM-pythia8/MINIAODSIM/140X_mcRun3_2024_realistic_v26-v2/110000/05335145-acdf-4ed5-a8e7-3fd529cb48a5.root_25'}, {'parents': '[]', 'runlumi': "{'1': {'566': 'None', '941': 'None', '14242': 'None', '14292': 'None', '45047': 'None', '45108': 'None', '45147': 'None', '45154': 'None', '45294': 'None', '45305': 'None', '45313': 'None', '45387': 'None', '45403': 'None', '45445': 'None', '45506': 'None', '45543': 'None', '45585': 'None', '45606': 'None', '45634': 'None', '45739': 'None', '45750': 'None', '45835': 'None', '45870': 'None', '45888': 'None', '45902': 'None', '48325': 'None', '48329': 'None', '48485': 'None', '48528': 'None', '48537': 'None', '48549': 'None', '48553': 'None', '48666': 'None', '48915': 'None', '48928': 'None', '48967': 'None', '48984': 'None', '48986': 'None', '48995': 'None', '49163': 'None', '49477': 'None', '49588': 'None', '50084': 'None', '89256': 'None', '90035': 'None', '90119': 'None', '90177': 'None', '90232': 'None', '90403': 'None', '90422': 'None', '90464': 'None', '90607': 'None', '90943': 'None'}}", 'events': 37595, 'type': 'POOLIN', 'lfn': '/store/mc/RunIII2024Summer24MiniAOD/DYto2Mu-4Jets_Bin-MLL-50_TuneCP5_13p6TeV_madgraphMLM-pythia8/MINIAODSIM/140X_mcRun3_2024_realistic_v26-v2/110000/01819a8d-0481-4d13-a8c1-5f8187d639f3.root_25'}], '3': [{'parents': "['/store/mc/RunIII2024Summer24MiniAOD/DYto2Mu-4Jets_Bin-MLL-50_TuneCP5_13p6TeV_madgraphMLM-pythia8/MINIAODSIM/140X_mcRun3_2024_realistic_v26-v2/110000/044e2c27-6eeb-49d2-bc61-96922a59fe15.root', '/store/mc/RunIII2024Summer24MiniAOD/DYto2Mu-4Jets_Bin-MLL-50_TuneCP5_13p6TeV_madgraphMLM-pythia8/MINIAODSIM/140X_mcRun3_2024_realistic_v26-v2/110000/11ce5553-5614-464d-b4c5-97c62c31212b.root', '/store/mc/RunIII2024Summer24MiniAOD/DYto2Mu-4Jets_Bin-MLL-50_TuneCP5_13p6TeV_madgraphMLM-pythia8/MINIAODSIM/140X_mcRun3_2024_realistic_v26-v2/110000/13b514ae-b329-4439-8041-ad98f992f3e6.root', '/store/mc/RunIII2024Summer24MiniAOD/DYto2Mu-4Jets_Bin-MLL-50_TuneCP5_13p6TeV_madgraphMLM-pythia8/MINIAODSIM/140X_mcRun3_2024_realistic_v26-v2/110000/16891f4c-24ba-433b-a2a5-8604183eb08f.root', '/store/mc/RunIII2024Summer24MiniAOD/DYto2Mu-4Jets_Bin-MLL-50_TuneCP5_13p6TeV_madgraphMLM-pythia8/MINIAODSIM/140X_mcRun3_2024_realistic_v26-v2/110000/18c1932a-c349-4699-9325-6469b2e57d1a.root']", 'runlumi': "{'1': {'513': '704', '12460': '689', '13010': '718', '13132': '709', '38002': '721', '39040': '728', '39874': '717', '45049': '690', '45097': '656', '45105': '736', '45159': '737', '45186': '732', '45287': '733', '45362': '701', '45374': '735', '45427': '736', '45433': '663', '45531': '676', '45567': '717', '45574': '678', '45601': '700', '45640': '749', '45641': '671', '45650': '704', '45716': '734', '45747': '737', '45758': '687', '45793': '705', '45796': '693', '45816': '699', '45838': '675', '45853': '704', '47677': '666', '47764': '742', '47796': '726', '48141': '683', '48336': '694', '48409': '670', '48426': '705', '48480': '736', '48589': '676', '48651': '703', '48671': '696', '48715': '742', '48817': '698', '49029': '722', '49054': '717', '49218': '724', '49224': '729', '49301': '688', '49407': '685', '49608': '683', '49744': '715', '49841': '692', '49848': '690', '50433': '736', '50695': '702', '89039': '679', '89212': '693', '89219': '691', '89437': '739', '89972': '643', '90099': '715', '90348': '703', '90349': '764', '90354': '730', '90357': '690', '90444': '676', '90452': '702', '90496': '724', '90529': '692', '90660': '702', '90820': '675', '100044': '699', '145281': '676', '151090': '714', '151713': '739', '151926': '674', '180868': '751', '181516': '710', '181543': '748', '181665': '683', '181810': '750', '181846': '709', '181888': '718', '182457': '738', '182878': '692', '186037': '710', '186077': '722', '186216': '693', '186247': '722', '186260': '702', '186384': '683', '186861': '703', '202136': '701', '202145': '755', '202388': '683', '202493': '731', '202650': '706', '202681': '707', '202757': '699', '202860': '650', '203025': '743', '203536': '767', '203628': '706', '203646': '737', '203758': '686', '203777': '717', '203791': '761', '203866': '681', '203936': '748', '204017': '689', '204024': '764', '204115': '684', '204203': '645', '204531': '670', '204544': '710', '204573': '709', '204589': '709', '204592': '753', '204759': '733', '204767': '725', '204791': '670', '204857': '698', '204897': '670', '204945': '736', '204958': '728', '204967': '735', '205079': '736', '205145': '759', '205152': '680', '205203': '679', '205221': '647', '205236': '749', '205244': '702', '205324': '698', '205330': '714', '205355': '682', '205369': '698', '205477': '721', '205555': '677', '205610': '687', '205620': '719', '205658': '737', '205699': '742', '205725': '722', '205738': '690', '205795': '652', '205799': '747', '205836': '745', '205929': '704', '205943': '680', '205961': '710', '205968': '671', '205980': '707', '241001': '689', '241107': '735', '241112': '691', '241113': '694', '241124': '697', '241136': '680', '241158': '703', '241183': '714', '241212': '699', '241307': '712', '241325': '701', '241390': '671', '241391': '738', '241400': '664', '241514': '704', '241517': '734', '241590': '716', '241689': '732', '241732': '727', '259785': '722', '260479': '689', '260602': '719', '265531': '697', '266440': '724', '295111': '692', '295716': '700', '295890': '670', '295953': '727', '295969': '711', '303053': '661', '303743': '683', '304269': '715', '304310': '745', '304702': '745', '304710': '728', '305873': '749', '311126': '693', '311227': '748', '311282': '744', '311365': '671', '311462': '650', '311494': '720', '311495': '691', '311539': '717', '311548': '734', '311606': '714', '311703': '696', '311731': '734', '312163': '736', '312430': '690', '312505': '727', '312717': '747', '312772': '682', '312875': '748', '360067': '698', '360155': '730', '360425': '707', '360515': '745', '360527': '728', '360622': '714', '360731': '705', '360905': '705', '361009': '746', '361018': '740', '361109': '706', '361252': '717', '361535': '662', '361629': '694', '361722': '690', '363062': '705', '363331': '684', '363795': '712', '363887': '728', '363898': '694', '363951': '705'}}", 'events': 162904, 'type': 'EDM', 'lfn': '/store/user/amalhotr/DYto2Mu-4Jets_Bin-MLL-50_TuneCP5_13p6TeV_madgraphMLM-pythia8/DYto2Mu4Jets_Unpacker_100/250325_213853/0000/HLTUnpackerOutputLarge_3.root'}, {'parents': '[]', 'runlumi': "{'1': {'205477': 'None', '259785': 'None', '260479': 'None', '260602': 'None', '265531': 'None', '266440': 'None', '295111': 'None', '295716': 'None', '295890': 'None', '295953': 'None', '295969': 'None', '303053': 'None', '303743': 'None', '304269': 'None', '304310': 'None', '304702': 'None', '304710': 'None', '305873': 'None', '311126': 'None', '311227': 'None', '311282': 'None', '311365': 'None', '311462': 'None', '311494': 'None', '311495': 'None', '311539': 'None', '311548': 'None', '311606': 'None', '311703': 'None', '311731': 'None', '312163': 'None', '312430': 'None', '312505': 'None', '312717': 'None', '312772': 'None', '312875': 'None', '360067': 'None', '360155': 'None', '360425': 'None', '360515': 'None', '360527': 'None', '360622': 'None', '360731': 'None', '360905': 'None', '361009': 'None', '361018': 'None', '361109': 'None', '361252': 'None', '361535': 'None', '361629': 'None', '361722': 'None', '363062': 'None', '363331': 'None', '363795': 'None', '363887': 'None', '363898': 'None', '363951': 'None'}}", 'events': 40555, 'type': 'POOLIN', 'lfn': '/store/mc/RunIII2024Summer24MiniAOD/DYto2Mu-4Jets_Bin-MLL-50_TuneCP5_13p6TeV_madgraphMLM-pythia8/MINIAODSIM/140X_mcRun3_2024_realistic_v26-v2/110000/18c1932a-c349-4699-9325-6469b2e57d1a.root_3'}, {'parents': '[]', 'runlumi': "{'1': {'145281': 'None', '151090': 'None', '151713': 'None', '151926': 'None', '181516': 'None', '181543': 'None', '181665': 'None', '181810': 'None', '181846': 'None', '181888': 'None', '182457': 'None', '182878': 'None', '186037': 'None', '186077': 'None', '186216': 'None', '186247': 'None', '186384': 'None', '202136': 'None', '202145': 'None', '202388': 'None', '202650': 'None', '202681': 'None', '202757': 'None', '203025': 'None', '203536': 'None', '203646': 'None', '203758': 'None', '203777': 'None', '203791': 'None', '203936': 'None', '204203': 'None', '204531': 'None', '204544': 'None', '204573': 'None', '204759': 'None', '204767': 'None', '204791': 'None', '204857': 'None', '204897': 'None', '204945': 'None', '205221': 'None', '205324': 'None', '205355': 'None', '205369': 'None', '205610': 'None', '205658': 'None', '205725': 'None', '205738': 'None', '205795': 'None', '241001': 'None', '241124': 'None', '241307': 'None'}}", 'events': 36768, 'type': 'POOLIN', 'lfn': '/store/mc/RunIII2024Summer24MiniAOD/DYto2Mu-4Jets_Bin-MLL-50_TuneCP5_13p6TeV_madgraphMLM-pythia8/MINIAODSIM/140X_mcRun3_2024_realistic_v26-v2/110000/16891f4c-24ba-433b-a2a5-8604183eb08f.root_3'}, {'parents': '[]', 'runlumi': "{'1': {'12460': 'None', '38002': 'None', '45097': 'None', '45186': 'None', '45374': 'None', '45427': 'None', '45567': 'None', '45640': 'None', '45641': 'None', '45650': 'None', '45716': 'None', '45747': 'None', '45793': 'None', '45796': 'None', '45816': 'None', '45853': 'None', '48715': 'None', '48817': 'None', '49301': 'None', '50695': 'None', '89039': 'None', '89212': 'None', '89219': 'None', '89437': 'None', '89972': 'None', '90099': 'None', '90348': 'None', '90349': 'None', '90354': 'None', '90357': 'None', '90444': 'None', '90452': 'None', '90496': 'None', '90529': 'None', '90660': 'None', '90820': 'None', '100044': 'None'}}", 'events': 26129, 'type': 'POOLIN', 'lfn': '/store/mc/RunIII2024Summer24MiniAOD/DYto2Mu-4Jets_Bin-MLL-50_TuneCP5_13p6TeV_madgraphMLM-pythia8/MINIAODSIM/140X_mcRun3_2024_realistic_v26-v2/110000/13b514ae-b329-4439-8041-ad98f992f3e6.root_3'}, {'parents': '[]', 'runlumi': "{'1': {'180868': 'None', '186260': 'None', '186861': 'None', '202493': 'None', '202860': 'None', '203628': 'None', '203866': 'None', '204017': 'None', '204024': 'None', '204115': 'None', '204589': 'None', '204592': 'None', '204958': 'None', '204967': 'None', '205079': 'None', '205145': 'None', '205152': 'None', '205203': 'None', '205236': 'None', '205244': 'None', '205330': 'None', '205555': 'None', '205620': 'None', '205699': 'None', '205799': 'None', '205836': 'None', '205929': 'None', '205943': 'None', '205961': 'None', '205968': 'None', '205980': 'None', '241107': 'None', '241112': 'None', '241113': 'None', '241136': 'None', '241158': 'None', '241183': 'None', '241212': 'None', '241325': 'None', '241390': 'None', '241391': 'None', '241400': 'None', '241514': 'None', '241517': 'None', '241590': 'None', '241689': 'None', '241732': 'None'}}", 'events': 33410, 'type': 'POOLIN', 'lfn': '/store/mc/RunIII2024Summer24MiniAOD/DYto2Mu-4Jets_Bin-MLL-50_TuneCP5_13p6TeV_madgraphMLM-pythia8/MINIAODSIM/140X_mcRun3_2024_realistic_v26-v2/110000/11ce5553-5614-464d-b4c5-97c62c31212b.root_3'}, {'parents': '[]', 'runlumi': "{'1': {'513': 'None', '13010': 'None', '13132': 'None', '39040': 'None', '39874': 'None', '45049': 'None', '45105': 'None', '45159': 'None', '45287': 'None', '45362': 'None', '45433': 'None', '45531': 'None', '45574': 'None', '45601': 'None', '45758': 'None', '45838': 'None', '47677': 'None', '47764': 'None', '47796': 'None', '48141': 'None', '48336': 'None', '48409': 'None', '48426': 'None', '48480': 'None', '48589': 'None', '48651': 'None', '48671': 'None', '49029': 'None', '49054': 'None', '49218': 'None', '49224': 'None', '49407': 'None', '49608': 'None', '49744': 'None', '49841': 'None', '49848': 'None', '50433': 'None'}}", 'events': 26042, 'type': 'POOLIN', 'lfn': '/store/mc/RunIII2024Summer24MiniAOD/DYto2Mu-4Jets_Bin-MLL-50_TuneCP5_13p6TeV_madgraphMLM-pythia8/MINIAODSIM/140X_mcRun3_2024_realistic_v26-v2/110000/044e2c27-6eeb-49d2-bc61-96922a59fe15.root_3'}], '27': [{'parents': "['/store/mc/RunIII2024Summer24MiniAOD/DYto2Mu-4Jets_Bin-MLL-50_TuneCP5_13p6TeV_madgraphMLM-pythia8/MINIAODSIM/140X_mcRun3_2024_realistic_v26-v2/110000/0109af56-89a5-4ee1-a85e-afeba2f47ed7.root', '/store/mc/RunIII2024Summer24MiniAOD/DYto2Mu-4Jets_Bin-MLL-50_TuneCP5_13p6TeV_madgraphMLM-pythia8/MINIAODSIM/140X_mcRun3_2024_realistic_v26-v2/110000/04226dcd-2ba6-4508-b8f0-5fe786bee3a5.root', '/store/mc/RunIII2024Summer24MiniAOD/DYto2Mu-4Jets_Bin-MLL-50_TuneCP5_13p6TeV_madgraphMLM-pythia8/MINIAODSIM/140X_mcRun3_2024_realistic_v26-v2/110000/1d62e8de-e8c7-46e3-a77f-8ece48df4e90.root']", 'runlumi': "{'1': {'265714': '736', '295411': '731', '295777': '716', '295881': '756', '295895': '726', '295918': '737', '303007': '690', '303037': '664', '303250': '672', '303260': '713', '303269': '748', '303353': '674', '303524': '729', '303652': '726', '304248': '683', '304284': '727', '304553': '705', '304579': '784', '304698': '713', '304709': '707', '304854': '719', '304901': '711', '304936': '714', '304981': '784', '305124': '737', '305132': '720', '305185': '743', '305230': '725', '305253': '721', '305278': '704', '305297': '695', '305301': '707', '305305': '710', '305311': '709', '305322': '706', '305332': '696', '305468': '725', '305566': '726', '305579': '722', '305657': '737', '305685': '731', '305686': '703', '305688': '689', '305782': '687', '305852': '712', '305853': '690', '305908': '708', '305934': '732', '305945': '685', '305949': '685', '311069': '732', '311205': '703', '311313': '675', '311610': '690', '311638': '720', '311669': '683', '311709': '718', '311798': '696', '311853': '708', '311862': '686', '311870': '726', '311986': '683', '311993': '706', '312219': '728', '312310': '709', '312350': '710', '312458': '742', '312603': '703', '312619': '746', '312635': '712', '312652': '697', '312660': '724', '312676': '751', '312684': '706', '312693': '692', '312753': '674', '358020': '718', '358059': '703', '358208': '724', '358364': '670', '358382': '736', '358593': '684', '358610': '695', '358611': '674', '358627': '726', '358714': '695', '358838': '757', '359463': '730', '359466': '687', '359622': '664', '359993': '663', '360031': '747', '360128': '727', '360169': '676', '360226': '716', '360243': '684', '360267': '715', '360290': '712', '360473': '706', '360540': '685', '360587': '701', '360604': '698', '360654': '753', '360792': '698', '360801': '696', '360842': '673', '360997': '692', '361005': '687', '361063': '764', '361092': '699', '361161': '741', '361251': '742', '361277': '705', '361337': '733', '361411': '713', '361419': '744', '361473': '718', '361500': '698', '361503': '774', '361510': '719', '361519': '714', '361552': '702', '361591': '709', '361632': '654', '361714': '690', '361784': '684', '361818': '691', '361820': '737', '361867': '728', '361871': '732', '361892': '694', '361938': '686', '361977': '698', '363037': '716', '363205': '722', '363384': '728', '363534': '726', '363589': '687', '363778': '721', '363984': '673', '364119': '711', '364324': '749', '364352': '717', '364424': '736'}}", 'events': 102437, 'type': 'EDM', 'lfn': '/store/user/amalhotr/DYto2Mu-4Jets_Bin-MLL-50_TuneCP5_13p6TeV_madgraphMLM-pythia8/DYto2Mu4Jets_Unpacker_100/250325_213853/0000/HLTUnpackerOutputLarge_27.root'}, {'parents': '[]', 'runlumi': "{'1': {'312619': 'None', '312652': 'None', '312660': 'None', '358020': 'None', '358059': 'None', '358208': 'None', '358364': 'None', '358382': 'None', '358593': 'None', '358610': 'None', '358611': 'None', '358627': 'None', '358714': 'None', '358838': 'None', '359993': 'None', '360169': 'None', '360290': 'None', '360473': 'None', '360654': 'None', '360792': 'None', '360801': 'None', '361063': 'None', '361092': 'None', '361277': 'None', '361419': 'None', '361500': 'None', '361510': 'None', '361519': 'None', '361552': 'None', '361591': 'None', '361714': 'None', '361784': 'None', '361818': 'None', '361820': 'None', '361871': 'None', '361892': 'None', '361938': 'None', '361977': 'None', '363205': 'None', '363384': 'None', '364119': 'None', '364324': 'None', '364352': 'None', '364424': 'None'}}", 'events': 31282, 'type': 'POOLIN', 'lfn': '/store/mc/RunIII2024Summer24MiniAOD/DYto2Mu-4Jets_Bin-MLL-50_TuneCP5_13p6TeV_madgraphMLM-pythia8/MINIAODSIM/140X_mcRun3_2024_realistic_v26-v2/110000/1d62e8de-e8c7-46e3-a77f-8ece48df4e90.root_27'}, {'parents': '[]', 'runlumi': "{'1': {'303269': 'None', '303353': 'None', '303524': 'None', '303652': 'None', '304248': 'None', '304579': 'None', '304698': 'None', '304901': 'None', '304981': 'None', '305852': 'None', '311069': 'None', '311205': 'None', '311313': 'None', '311610': 'None', '311638': 'None', '311669': 'None', '311798': 'None', '311862': 'None', '311870': 'None', '311986': 'None', '311993': 'None', '312219': 'None', '312310': 'None', '312603': 'None', '312635': 'None', '312676': 'None', '312684': 'None', '312693': 'None', '312753': 'None', '359463': 'None', '359466': 'None', '359622': 'None', '360031': 'None', '360128': 'None', '360226': 'None', '360243': 'None', '360267': 'None', '360540': 'None', '360587': 'None', '360604': 'None', '360842': 'None', '360997': 'None', '361005': 'None', '361161': 'None', '361251': 'None', '361337': 'None', '361411': 'None', '361473': 'None', '361503': 'None', '361632': 'None', '361867': 'None', '363037': 'None', '363534': 'None', '363589': 'None', '363778': 'None', '363984': 'None'}}", 'events': 39771, 'type': 'POOLIN', 'lfn': '/store/mc/RunIII2024Summer24MiniAOD/DYto2Mu-4Jets_Bin-MLL-50_TuneCP5_13p6TeV_madgraphMLM-pythia8/MINIAODSIM/140X_mcRun3_2024_realistic_v26-v2/110000/04226dcd-2ba6-4508-b8f0-5fe786bee3a5.root_27'}, {'parents': '[]', 'runlumi': "{'1': {'265714': 'None', '295411': 'None', '295777': 'None', '295881': 'None', '295895': 'None', '295918': 'None', '303007': 'None', '303037': 'None', '303250': 'None', '303260': 'None', '304284': 'None', '304553': 'None', '304709': 'None', '304854': 'None', '304936': 'None', '305124': 'None', '305132': 'None', '305185': 'None', '305230': 'None', '305253': 'None', '305278': 'None', '305297': 'None', '305301': 'None', '305305': 'None', '305311': 'None', '305322': 'None', '305332': 'None', '305468': 'None', '305566': 'None', '305579': 'None', '305657': 'None', '305685': 'None', '305686': 'None', '305688': 'None', '305782': 'None', '305853': 'None', '305908': 'None', '305934': 'None', '305945': 'None', '305949': 'None', '311709': 'None', '311853': 'None', '312350': 'None', '312458': 'None'}}", 'events': 31384, 'type': 'POOLIN', 'lfn': '/store/mc/RunIII2024Summer24MiniAOD/DYto2Mu-4Jets_Bin-MLL-50_TuneCP5_13p6TeV_madgraphMLM-pythia8/MINIAODSIM/140X_mcRun3_2024_realistic_v26-v2/110000/0109af56-89a5-4ee1-a85e-afeba2f47ed7.root_27'}], '23': [{'parents': "['/store/mc/RunIII2024Summer24MiniAOD/DYto2Mu-4Jets_Bin-MLL-50_TuneCP5_13p6TeV_madgraphMLM-pythia8/MINIAODSIM/140X_mcRun3_2024_realistic_v26-v2/110000/1e4efcbd-660e-4519-a781-73eb263bf96f.root', '/store/mc/RunIII2024Summer24MiniAOD/DYto2Mu-4Jets_Bin-MLL-50_TuneCP5_13p6TeV_madgraphMLM-pythia8/MINIAODSIM/140X_mcRun3_2024_realistic_v26-v2/110000/2075516c-91a2-43ca-b95f-32141a6695b3.root']", 'runlumi': "{'1': {'241493': '684', '364479': '749', '394958': '694', '399102': '699', '399126': '697', '399621': '661', '399743': '690', '400706': '698', '425639': '742', '425731': '699', '425757': '712', '425765': '715', '425766': '739', '425782': '727', '425790': '696', '425842': '727', '425849': '744', '425865': '706', '425881': '720', '425888': '659', '425890': '710', '425906': '775', '425922': '715', '425940': '720', '425941': '730', '425946': '672', '425947': '695', '425955': '715', '425971': '744', '425972': '693', '425980': '703', '425985': '712', '425986': '706', '425987': '710', '425988': '697', '425989': '709', '425994': '720', '425997': '666', '426004': '740', '426005': '718', '426010': '700', '426013': '765', '426021': '685', '426026': '691', '426030': '732', '426035': '676', '426037': '687', '426038': '673', '426043': '716', '426045': '701', '426046': '690', '426051': '683', '426054': '705', '426062': '716', '426068': '714', '426069': '747', '426071': '704', '426078': '729', '426079': '699', '426095': '721', '426102': '714', '426112': '710', '426119': '732', '426120': '699', '426135': '776', '426136': '684', '426143': '743', '426153': '749', '426160': '718', '426176': '740', '426177': '708', '426185': '701', '426193': '698', '426194': '707', '426209': '696', '426215': '697', '426222': '743', '426224': '689', '452324': '724', '452341': '705', '452397': '699', '452403': '727', '452408': '671', '452415': '693', '452422': '722', '452444': '681', '452455': '753', '452537': '696', '452562': '711', '452570': '717', '452705': '677', '452722': '722', '452729': '700', '452754': '703', '452812': '740', '452819': '701', '452852': '722', '452860': '719', '452878': '731', '452885': '709', '452887': '750', '452909': '703', '452920': '739', '452926': '697', '452944': '712', '452993': '705', '454115': '716', '454144': '715', '454177': '747', '454319': '710', '454321': '679', '454358': '702', '454371': '696', '454415': '704', '454522': '731', '454575': '685', '454580': '679', '454585': '696', '454649': '686', '454656': '726', '454674': '683', '454810': '711', '454887': '723', '455007': '679', '455165': '686', '478800': '686', '478801': '734', '478810': '663', '478816': '699', '478817': '710', '478826': '719', '478833': '675', '478834': '717', '478840': '726', '478843': '715'}}", 'events': 95773, 'type': 'EDM', 'lfn': '/store/user/amalhotr/DYto2Mu-4Jets_Bin-MLL-50_TuneCP5_13p6TeV_madgraphMLM-pythia8/DYto2Mu4Jets_Unpacker_100/250325_213853/0000/HLTUnpackerOutputLarge_23.root'}, {'parents': '[]', 'runlumi': "{'1': {'425639': 'None', '425731': 'None', '425757': 'None', '425765': 'None', '425766': 'None', '425782': 'None', '425790': 'None', '425842': 'None', '425849': 'None', '425865': 'None', '425881': 'None', '425888': 'None', '425890': 'None', '425906': 'None', '425922': 'None', '425940': 'None', '425941': 'None', '425946': 'None', '425947': 'None', '425955': 'None', '425971': 'None', '425972': 'None', '425980': 'None', '425985': 'None', '425986': 'None', '425987': 'None', '425988': 'None', '425989': 'None', '425994': 'None', '425997': 'None', '426004': 'None', '426005': 'None', '426010': 'None', '426013': 'None', '426021': 'None', '426026': 'None', '426030': 'None', '426035': 'None', '426037': 'None', '426038': 'None', '426043': 'None', '426045': 'None', '426046': 'None', '426051': 'None', '426054': 'None', '426062': 'None', '426068': 'None', '426069': 'None', '426071': 'None', '426078': 'None', '426079': 'None', '426095': 'None', '426102': 'None', '426112': 'None', '426119': 'None', '426120': 'None', '426135': 'None', '426136': 'None', '426143': 'None', '426153': 'None', '426160': 'None', '426176': 'None', '426177': 'None', '426185': 'None', '426193': 'None', '426194': 'None', '426209': 'None', '426215': 'None', '426222': 'None', '426224': 'None'}}", 'events': 49874, 'type': 'POOLIN', 'lfn': '/store/mc/RunIII2024Summer24MiniAOD/DYto2Mu-4Jets_Bin-MLL-50_TuneCP5_13p6TeV_madgraphMLM-pythia8/MINIAODSIM/140X_mcRun3_2024_realistic_v26-v2/110000/2075516c-91a2-43ca-b95f-32141a6695b3.root_23'}, {'parents': '[]', 'runlumi': "{'1': {'241493': 'None', '364479': 'None', '394958': 'None', '399102': 'None', '399126': 'None', '399621': 'None', '399743': 'None', '400706': 'None', '452324': 'None', '452341': 'None', '452397': 'None', '452403': 'None', '452408': 'None', '452415': 'None', '452422': 'None', '452444': 'None', '452455': 'None', '452537': 'None', '452562': 'None', '452570': 'None', '452705': 'None', '452722': 'None', '452729': 'None', '452754': 'None', '452812': 'None', '452819': 'None', '452852': 'None', '452860': 'None', '452878': 'None', '452885': 'None', '452887': 'None', '452909': 'None', '452920': 'None', '452926': 'None', '452944': 'None', '452993': 'None', '454115': 'None', '454144': 'None', '454177': 'None', '454319': 'None', '454321': 'None', '454358': 'None', '454371': 'None', '454415': 'None', '454522': 'None', '454575': 'None', '454580': 'None', '454585': 'None', '454649': 'None', '454656': 'None', '454674': 'None', '454810': 'None', '454887': 'None', '455007': 'None', '455165': 'None', '478800': 'None', '478801': 'None', '478810': 'None', '478816': 'None', '478817': 'None', '478826': 'None', '478833': 'None', '478834': 'None', '478840': 'None', '478843': 'None'}}", 'events': 45899, 'type': 'POOLIN', 'lfn': '/store/mc/RunIII2024Summer24MiniAOD/DYto2Mu-4Jets_Bin-MLL-50_TuneCP5_13p6TeV_madgraphMLM-pythia8/MINIAODSIM/140X_mcRun3_2024_realistic_v26-v2/110000/1e4efcbd-660e-4519-a781-73eb263bf96f.root_23'}], '26': [{'parents': "['/store/mc/RunIII2024Summer24MiniAOD/DYto2Mu-4Jets_Bin-MLL-50_TuneCP5_13p6TeV_madgraphMLM-pythia8/MINIAODSIM/140X_mcRun3_2024_realistic_v26-v2/110000/1418f5f8-02a7-447b-ba31-4965739190ab.root', '/store/mc/RunIII2024Summer24MiniAOD/DYto2Mu-4Jets_Bin-MLL-50_TuneCP5_13p6TeV_madgraphMLM-pythia8/MINIAODSIM/140X_mcRun3_2024_realistic_v26-v2/110000/15d2ea22-c305-4e5b-9905-14e62c61cd60.root', '/store/mc/RunIII2024Summer24MiniAOD/DYto2Mu-4Jets_Bin-MLL-50_TuneCP5_13p6TeV_madgraphMLM-pythia8/MINIAODSIM/140X_mcRun3_2024_realistic_v26-v2/110000/1c0dd697-5403-49f7-a160-ef3c4d6f6a8a.root']", 'runlumi': "{'1': {'22': '663', '31': '721', '60': '715', '63': '703', '84': '735', '105': '708', '106': '706', '143': '713', '145': '714', '160': '726', '167': '691', '178': '740', '187': '703', '202': '712', '244': '683', '254': '695', '269': '684', '271': '713', '278': '723', '299': '694', '302': '686', '323': '716', '348': '714', '374': '689', '390': '721', '434': '713', '453': '738', '457': '732', '463': '715', '464': '700', '532': '678', '533': '704', '552': '663', '590': '707', '625': '689', '639': '692', '649': '659', '665': '642', '707': '679', '723': '726', '891': '708', '933': '687', '12073': '698', '12283': '701', '12317': '718', '12772': '716', '295357': '697', '295370': '687', '295585': '721', '305017': '700', '311192': '679', '358054': '729', '358129': '692', '358166': '732', '358180': '689', '358196': '666', '358307': '657', '358379': '692', '358380': '692', '358410': '699', '358482': '700', '358515': '673', '358629': '728', '358754': '751', '358758': '694', '358802': '677', '358915': '712', '359001': '683', '359132': '690', '359192': '717', '359295': '791', '359345': '694', '359367': '732', '359491': '708', '359537': '703', '359663': '715', '359796': '698', '359808': '703', '359861': '747', '359881': '657', '360124': '689', '360647': '726', '361014': '645', '361029': '713', '361078': '656', '361240': '721', '361256': '710', '361270': '717', '361347': '667', '361385': '729', '361486': '740', '361490': '709', '361576': '687', '361750': '690', '361815': '725', '361828': '670', '361829': '713', '361847': '684', '361898': '711', '361906': '675', '361963': '693', '361991': '700', '362006': '729', '362010': '674', '362312': '697', '362354': '686', '362465': '716', '362472': '737', '362505': '729', '362550': '669', '362639': '661', '362661': '742', '362694': '760', '362740': '727', '362752': '729', '362788': '743', '362868': '712', '364051': '674', '364133': '718', '364179': '651', '364286': '695', '364385': '766', '364390': '698', '364397': '714', '364434': '691', '364588': '695', '364978': '696', '395003': '692', '395057': '699', '395061': '701', '395195': '745', '395293': '715', '395757': '707'}}", 'events': 93576, 'type': 'EDM', 'lfn': '/store/user/amalhotr/DYto2Mu-4Jets_Bin-MLL-50_TuneCP5_13p6TeV_madgraphMLM-pythia8/DYto2Mu4Jets_Unpacker_100/250325_213853/0000/HLTUnpackerOutputLarge_26.root'}, {'parents': '[]', 'runlumi': "{'1': {'295585': 'None', '305017': 'None', '311192': 'None', '358379': 'None', '358758': 'None', '358802': 'None', '358915': 'None', '362006': 'None', '362010': 'None', '362312': 'None', '362354': 'None', '362465': 'None', '362472': 'None', '362505': 'None', '362550': 'None', '362639': 'None', '362661': 'None', '362694': 'None', '362740': 'None', '362752': 'None', '362788': 'None', '362868': 'None', '364133': 'None', '364179': 'None', '364286': 'None', '364385': 'None', '364390': 'None', '364397': 'None', '364434': 'None', '364978': 'None', '395003': 'None', '395057': 'None', '395061': 'None', '395195': 'None', '395293': 'None', '395757': 'None'}}", 'events': 25474, 'type': 'POOLIN', 'lfn': '/store/mc/RunIII2024Summer24MiniAOD/DYto2Mu-4Jets_Bin-MLL-50_TuneCP5_13p6TeV_madgraphMLM-pythia8/MINIAODSIM/140X_mcRun3_2024_realistic_v26-v2/110000/1c0dd697-5403-49f7-a160-ef3c4d6f6a8a.root_26'}, {'parents': '[]', 'runlumi': "{'1': {'22': 'None', '31': 'None', '60': 'None', '63': 'None', '84': 'None', '105': 'None', '106': 'None', '143': 'None', '145': 'None', '160': 'None', '167': 'None', '178': 'None', '187': 'None', '202': 'None', '244': 'None', '254': 'None', '269': 'None', '271': 'None', '278': 'None', '299': 'None', '302': 'None', '323': 'None', '348': 'None', '374': 'None', '390': 'None', '434': 'None', '453': 'None', '457': 'None', '463': 'None', '464': 'None', '532': 'None', '533': 'None', '552': 'None', '590': 'None', '625': 'None', '639': 'None', '649': 'None', '665': 'None', '707': 'None', '723': 'None', '891': 'None', '933': 'None', '12073': 'None', '12283': 'None', '12317': 'None', '12772': 'None'}}", 'events': 32333, 'type': 'POOLIN', 'lfn': '/store/mc/RunIII2024Summer24MiniAOD/DYto2Mu-4Jets_Bin-MLL-50_TuneCP5_13p6TeV_madgraphMLM-pythia8/MINIAODSIM/140X_mcRun3_2024_realistic_v26-v2/110000/15d2ea22-c305-4e5b-9905-14e62c61cd60.root_26'}, {'parents': '[]', 'runlumi': "{'1': {'295357': 'None', '295370': 'None', '358054': 'None', '358129': 'None', '358166': 'None', '358180': 'None', '358196': 'None', '358307': 'None', '358380': 'None', '358410': 'None', '358482': 'None', '358515': 'None', '358629': 'None', '358754': 'None', '359001': 'None', '359132': 'None', '359192': 'None', '359295': 'None', '359345': 'None', '359367': 'None', '359491': 'None', '359537': 'None', '359663': 'None', '359796': 'None', '359808': 'None', '359861': 'None', '359881': 'None', '360124': 'None', '360647': 'None', '361014': 'None', '361029': 'None', '361078': 'None', '361240': 'None', '361256': 'None', '361270': 'None', '361347': 'None', '361385': 'None', '361486': 'None', '361490': 'None', '361576': 'None', '361750': 'None', '361815': 'None', '361828': 'None', '361829': 'None', '361847': 'None', '361898': 'None', '361906': 'None', '361963': 'None', '361991': 'None', '364051': 'None', '364588': 'None'}}", 'events': 35769, 'type': 'POOLIN', 'lfn': '/store/mc/RunIII2024Summer24MiniAOD/DYto2Mu-4Jets_Bin-MLL-50_TuneCP5_13p6TeV_madgraphMLM-pythia8/MINIAODSIM/140X_mcRun3_2024_realistic_v26-v2/110000/1418f5f8-02a7-447b-ba31-4965739190ab.root_26'}], '11': [{'parents': "['/store/mc/RunIII2024Summer24MiniAOD/DYto2Mu-4Jets_Bin-MLL-50_TuneCP5_13p6TeV_madgraphMLM-pythia8/MINIAODSIM/140X_mcRun3_2024_realistic_v26-v2/110000/03cb840d-d6e1-413a-8681-6f61e19a7ac3.root', '/store/mc/RunIII2024Summer24MiniAOD/DYto2Mu-4Jets_Bin-MLL-50_TuneCP5_13p6TeV_madgraphMLM-pythia8/MINIAODSIM/140X_mcRun3_2024_realistic_v26-v2/110000/1b7e08b5-e111-4c60-aa1d-d60f436ee005.root']", 'runlumi': "{'1': {'45780': '713', '45861': '704', '46268': '721', '46792': '766', '49004': '677', '49699': '710', '50881': '715', '89934': '698', '100469': '675', '100624': '708', '100770': '725', '100840': '744', '100846': '707', '101006': '713', '101103': '655', '101111': '725', '101120': '746', '101158': '726', '101456': '696', '101483': '701', '101675': '641', '101737': '742', '119134': '663', '119232': '720', '119336': '702', '119359': '704', '119756': '711', '120297': '770', '120411': '729', '120424': '700', '120475': '703', '120558': '721', '120787': '700', '143037': '707', '143059': '700', '143064': '702', '143746': '695', '143963': '672', '144003': '739', '144015': '714', '144592': '710', '144682': '684', '144817': '739', '144891': '616', '144895': '741', '144931': '704', '144961': '726', '145014': '709', '145022': '703', '145030': '710', '145070': '694', '145130': '694', '145140': '729', '145145': '712', '145521': '686', '145594': '736', '145691': '709', '151173': '708', '151179': '673', '151226': '675', '151235': '722', '151259': '702', '151265': '759', '151293': '717', '151329': '689', '151406': '712', '151429': '703', '151496': '687', '151522': '697', '151599': '730', '151711': '661', '180145': '682', '180312': '719', '180646': '700', '180706': '692', '180912': '675', '182033': '734'}}", 'events': 54399, 'type': 'EDM', 'lfn': '/store/user/amalhotr/DYto2Mu-4Jets_Bin-MLL-50_TuneCP5_13p6TeV_madgraphMLM-pythia8/DYto2Mu4Jets_Unpacker_100/250325_213853/0000/HLTUnpackerOutputLarge_11.root'}, {'parents': '[]', 'runlumi': "{'1': {'119359': 'None', '120475': 'None', '144592': 'None', '144682': 'None', '144817': 'None', '144895': 'None', '144931': 'None', '144961': 'None', '145014': 'None', '145022': 'None', '145030': 'None', '145070': 'None', '145130': 'None', '145140': 'None', '145521': 'None', '145594': 'None', '145691': 'None', '151173': 'None', '151179': 'None', '151226': 'None', '151235': 'None', '151259': 'None', '151265': 'None', '151293': 'None', '151329': 'None', '151406': 'None', '151429': 'None', '151496': 'None', '151522': 'None', '151599': 'None', '151711': 'None', '180145': 'None', '180312': 'None', '180646': 'None', '180706': 'None', '180912': 'None', '182033': 'None'}}", 'events': 26118, 'type': 'POOLIN', 'lfn': '/store/mc/RunIII2024Summer24MiniAOD/DYto2Mu-4Jets_Bin-MLL-50_TuneCP5_13p6TeV_madgraphMLM-pythia8/MINIAODSIM/140X_mcRun3_2024_realistic_v26-v2/110000/1b7e08b5-e111-4c60-aa1d-d60f436ee005.root_11'}, {'parents': '[]', 'runlumi': "{'1': {'45780': 'None', '45861': 'None', '46268': 'None', '46792': 'None', '49004': 'None', '49699': 'None', '50881': 'None', '89934': 'None', '100469': 'None', '100624': 'None', '100770': 'None', '100840': 'None', '100846': 'None', '101006': 'None', '101103': 'None', '101111': 'None', '101120': 'None', '101158': 'None', '101456': 'None', '101483': 'None', '101675': 'None', '101737': 'None', '119134': 'None', '119232': 'None', '119336': 'None', '119756': 'None', '120297': 'None', '120411': 'None', '120424': 'None', '120558': 'None', '120787': 'None', '143037': 'None', '143059': 'None', '143064': 'None', '143746': 'None', '143963': 'None', '144003': 'None', '144015': 'None', '144891': 'None', '145145': 'None'}}", 'events': 28281, 'type': 'POOLIN', 'lfn': '/store/mc/RunIII2024Summer24MiniAOD/DYto2Mu-4Jets_Bin-MLL-50_TuneCP5_13p6TeV_madgraphMLM-pythia8/MINIAODSIM/140X_mcRun3_2024_realistic_v26-v2/110000/03cb840d-d6e1-413a-8681-6f61e19a7ac3.root_11'}], '2': [{'parents': "['/store/mc/RunIII2024Summer24MiniAOD/DYto2Mu-4Jets_Bin-MLL-50_TuneCP5_13p6TeV_madgraphMLM-pythia8/MINIAODSIM/140X_mcRun3_2024_realistic_v26-v2/110000/1e755c97-80a0-4dd5-8030-5442802e638e.root']", 'runlumi': "{'1': {'89010': '702', '89129': '663', '89209': '704', '90222': '691', '90554': '701', '90808': '697', '90940': '744', '100104': '698', '101063': '736', '101121': '699', '101764': '670', '101924': '718', '119219': '737', '119458': '694', '119682': '693', '120098': '694', '120196': '709', '120287': '731', '120296': '723', '120333': '699', '120340': '689', '120368': '743', '120461': '671', '120518': '739', '120821': '695', '120833': '674', '120945': '708', '120950': '715', '120965': '742', '143071': '740', '143154': '706', '143169': '690', '143178': '707', '143232': '694', '143238': '694', '143258': '713', '143283': '724', '143286': '715', '143290': '678', '143305': '702', '143376': '726', '143392': '733', '143449': '697', '143523': '710', '143590': '711', '143598': '758', '143623': '722', '143695': '731', '143725': '705', '143810': '710', '143862': '644', '143898': '702', '144240': '667', '144379': '677'}}", 'events': 38135, 'type': 'EDM', 'lfn': '/store/user/amalhotr/DYto2Mu-4Jets_Bin-MLL-50_TuneCP5_13p6TeV_madgraphMLM-pythia8/DYto2Mu4Jets_Unpacker_100/250325_213853/0000/HLTUnpackerOutputLarge_2.root'}, {'parents': '[]', 'runlumi': "{'1': {'89010': 'None', '89129': 'None', '89209': 'None', '90222': 'None', '90554': 'None', '90808': 'None', '90940': 'None', '100104': 'None', '101063': 'None', '101121': 'None', '101764': 'None', '101924': 'None', '119219': 'None', '119458': 'None', '119682': 'None', '120098': 'None', '120196': 'None', '120287': 'None', '120296': 'None', '120333': 'None', '120340': 'None', '120368': 'None', '120461': 'None', '120518': 'None', '120821': 'None', '120833': 'None', '120945': 'None', '120950': 'None', '120965': 'None', '143071': 'None', '143154': 'None', '143169': 'None', '143178': 'None', '143232': 'None', '143238': 'None', '143258': 'None', '143283': 'None', '143286': 'None', '143290': 'None', '143305': 'None', '143376': 'None', '143392': 'None', '143449': 'None', '143523': 'None', '143590': 'None', '143598': 'None', '143623': 'None', '143695': 'None', '143725': 'None', '143810': 'None', '143862': 'None', '143898': 'None', '144240': 'None', '144379': 'None'}}", 'events': 38135, 'type': 'POOLIN', 'lfn': '/store/mc/RunIII2024Summer24MiniAOD/DYto2Mu-4Jets_Bin-MLL-50_TuneCP5_13p6TeV_madgraphMLM-pythia8/MINIAODSIM/140X_mcRun3_2024_realistic_v26-v2/110000/1e755c97-80a0-4dd5-8030-5442802e638e.root_2'}], '28': [{'parents': "['/store/mc/RunIII2024Summer24MiniAOD/DYto2Mu-4Jets_Bin-MLL-50_TuneCP5_13p6TeV_madgraphMLM-pythia8/MINIAODSIM/140X_mcRun3_2024_realistic_v26-v2/110000/1a6e4099-bbfa-407e-8268-e1e70ac546ca.root']", 'runlumi': "{'1': {'186009': '709', '186560': '725', '186934': '727', '202319': '679', '202994': '707', '203146': '689', '203587': '723', '203783': '721', '204022': '722', '204599': '730', '204794': '692', '205862': '712', '241861': '737', '259042': '692', '259564': '686', '259630': '706', '259884': '651', '260105': '722', '260204': '761', '265567': '707', '265803': '733', '265883': '671', '265900': '724', '265925': '738', '266580': '718', '266649': '704', '266656': '708', '266714': '701', '266801': '716', '266812': '707', '266859': '709', '266881': '737', '295481': '739', '295658': '711', '295812': '677', '295869': '674', '295931': '731', '303071': '701', '303594': '655', '303763': '718', '303872': '712', '303949': '677', '304042': '703', '304180': '705', '305158': '746', '305310': '727', '305335': '697', '305561': '733', '305641': '736', '305956': '740', '311070': '707', '311499': '693', '311698': '715', '312307': '701', '312445': '753'}}", 'events': 39115, 'type': 'EDM', 'lfn': '/store/user/amalhotr/DYto2Mu-4Jets_Bin-MLL-50_TuneCP5_13p6TeV_madgraphMLM-pythia8/DYto2Mu4Jets_Unpacker_100/250325_213853/0000/HLTUnpackerOutputLarge_28.root'}, {'parents': '[]', 'runlumi': "{'1': {'186009': 'None', '186560': 'None', '186934': 'None', '202319': 'None', '202994': 'None', '203146': 'None', '203587': 'None', '203783': 'None', '204022': 'None', '204599': 'None', '204794': 'None', '205862': 'None', '241861': 'None', '259042': 'None', '259564': 'None', '259630': 'None', '259884': 'None', '260105': 'None', '260204': 'None', '265567': 'None', '265803': 'None', '265883': 'None', '265900': 'None', '265925': 'None', '266580': 'None', '266649': 'None', '266656': 'None', '266714': 'None', '266801': 'None', '266812': 'None', '266859': 'None', '266881': 'None', '295481': 'None', '295658': 'None', '295812': 'None', '295869': 'None', '295931': 'None', '303071': 'None', '303594': 'None', '303763': 'None', '303872': 'None', '303949': 'None', '304042': 'None', '304180': 'None', '305158': 'None', '305310': 'None', '305335': 'None', '305561': 'None', '305641': 'None', '305956': 'None', '311070': 'None', '311499': 'None', '311698': 'None', '312307': 'None', '312445': 'None'}}", 'events': 39115, 'type': 'POOLIN', 'lfn': '/store/mc/RunIII2024Summer24MiniAOD/DYto2Mu-4Jets_Bin-MLL-50_TuneCP5_13p6TeV_madgraphMLM-pythia8/MINIAODSIM/140X_mcRun3_2024_realistic_v26-v2/110000/1a6e4099-bbfa-407e-8268-e1e70ac546ca.root_28'}], '29': [{'parents': "['/store/mc/RunIII2024Summer24MiniAOD/DYto2Mu-4Jets_Bin-MLL-50_TuneCP5_13p6TeV_madgraphMLM-pythia8/MINIAODSIM/140X_mcRun3_2024_realistic_v26-v2/110000/047ba50c-9477-429b-adc7-d7c19a1f82a2.root', '/store/mc/RunIII2024Summer24MiniAOD/DYto2Mu-4Jets_Bin-MLL-50_TuneCP5_13p6TeV_madgraphMLM-pythia8/MINIAODSIM/140X_mcRun3_2024_realistic_v26-v2/110000/08bbe0f5-9ee6-4368-8ba1-a6e4d84d11dd.root']", 'runlumi': "{'1': {'204844': '687', '205676': '669', '240303': '730', '240726': '684', '240795': '706', '240959': '667', '241000': '684', '241895': '730', '241927': '721', '241958': '726', '259032': '692', '259377': '673', '259579': '643', '259683': '710', '259711': '710', '259924': '743', '260244': '731', '260418': '730', '260435': '703', '260507': '702', '260531': '744', '260579': '694', '260727': '719', '260870': '748', '265028': '682', '265145': '703', '265674': '740', '265780': '732', '265863': '772', '266310': '678', '266433': '701', '266500': '743', '266742': '702', '266976': '716', '295292': '687', '295304': '698', '295313': '725', '295407': '714', '295448': '706', '295805': '654', '303275': '681', '303393': '705', '303434': '705', '303658': '753', '303661': '701', '303702': '735', '303730': '712', '303758': '660', '303810': '694', '303820': '648', '304380': '711', '304441': '714', '304453': '681', '304464': '708', '304469': '702', '304589': '718', '304634': '743', '304720': '713', '304792': '716', '305067': '680', '305250': '688', '305292': '679', '305443': '710', '305516': '711', '305652': '709', '311420': '687', '311533': '751', '311662': '700', '312054': '686', '312395': '674', '312403': '711', '312417': '759', '358356': '702', '359017': '709', '359697': '694', '359780': '711', '360068': '749', '361030': '694', '361072': '725', '361145': '717', '361371': '722', '361445': '696', '361967': '683', '363510': '703', '363526': '722'}}", 'events': 60071, 'type': 'EDM', 'lfn': '/store/user/amalhotr/DYto2Mu-4Jets_Bin-MLL-50_TuneCP5_13p6TeV_madgraphMLM-pythia8/DYto2Mu4Jets_Unpacker_100/250325_213853/0000/HLTUnpackerOutputLarge_29.root'}, {'parents': '[]', 'runlumi': "{'1': {'259924': 'None', '260244': 'None', '265028': 'None', '265145': 'None', '265674': 'None', '265863': 'None', '266500': 'None', '295313': 'None', '295407': 'None', '295805': 'None', '303393': 'None', '303434': 'None', '303730': 'None', '303758': 'None', '303810': 'None', '303820': 'None', '304441': 'None', '304469': 'None', '304589': 'None', '304792': 'None', '305250': 'None', '305292': 'None', '305443': 'None', '311662': 'None', '312054': 'None', '312395': 'None', '312403': 'None', '312417': 'None', '358356': 'None', '359017': 'None', '359697': 'None', '359780': 'None', '360068': 'None', '361030': 'None', '361072': 'None', '361145': 'None', '361371': 'None', '361445': 'None', '361967': 'None', '363510': 'None', '363526': 'None'}}", 'events': 29015, 'type': 'POOLIN', 'lfn': '/store/mc/RunIII2024Summer24MiniAOD/DYto2Mu-4Jets_Bin-MLL-50_TuneCP5_13p6TeV_madgraphMLM-pythia8/MINIAODSIM/140X_mcRun3_2024_realistic_v26-v2/110000/08bbe0f5-9ee6-4368-8ba1-a6e4d84d11dd.root_29'}, {'parents': '[]', 'runlumi': "{'1': {'204844': 'None', '205676': 'None', '240303': 'None', '240726': 'None', '240795': 'None', '240959': 'None', '241000': 'None', '241895': 'None', '241927': 'None', '241958': 'None', '259032': 'None', '259377': 'None', '259579': 'None', '259683': 'None', '259711': 'None', '260418': 'None', '260435': 'None', '260507': 'None', '260531': 'None', '260579': 'None', '260727': 'None', '260870': 'None', '265780': 'None', '266310': 'None', '266433': 'None', '266742': 'None', '266976': 'None', '295292': 'None', '295304': 'None', '295448': 'None', '303275': 'None', '303658': 'None', '303661': 'None', '303702': 'None', '304380': 'None', '304453': 'None', '304464': 'None', '304634': 'None', '304720': 'None', '305067': 'None', '305516': 'None', '305652': 'None', '311420': 'None', '311533': 'None'}}", 'events': 31056, 'type': 'POOLIN', 'lfn': '/store/mc/RunIII2024Summer24MiniAOD/DYto2Mu-4Jets_Bin-MLL-50_TuneCP5_13p6TeV_madgraphMLM-pythia8/MINIAODSIM/140X_mcRun3_2024_realistic_v26-v2/110000/047ba50c-9477-429b-adc7-d7c19a1f82a2.root_29'}], '4': [{'parents': "['/store/mc/RunIII2024Summer24MiniAOD/DYto2Mu-4Jets_Bin-MLL-50_TuneCP5_13p6TeV_madgraphMLM-pythia8/MINIAODSIM/140X_mcRun3_2024_realistic_v26-v2/110000/1e248bee-4e6e-4007-ba2d-f42217f85a82.root']", 'runlumi': "{'1': {'89865': '721', '204114': '709', '204903': '713', '205088': '683', '205309': '715', '205472': '701', '205629': '730', '240106': '676', '240183': '682', '240232': '686', '240255': '713', '240270': '702', '240370': '668', '240862': '733', '240964': '692', '240977': '685', '241847': '712', '259063': '686', '259132': '727', '259165': '730', '259396': '703', '259480': '738', '259500': '725', '259603': '672', '259990': '680', '260006': '731', '260023': '699', '260047': '716', '260121': '699', '260129': '673', '260159': '737', '260187': '706', '260203': '732', '260220': '697', '260340': '685', '265090': '692', '265745': '725', '266196': '715', '266265': '721', '266329': '703', '266351': '698', '266573': '705', '266728': '697', '266840': '698'}}", 'events': 31011, 'type': 'EDM', 'lfn': '/store/user/amalhotr/DYto2Mu-4Jets_Bin-MLL-50_TuneCP5_13p6TeV_madgraphMLM-pythia8/DYto2Mu4Jets_Unpacker_100/250325_213853/0000/HLTUnpackerOutputLarge_4.root'}, {'parents': '[]', 'runlumi': "{'1': {'89865': 'None', '204114': 'None', '204903': 'None', '205088': 'None', '205309': 'None', '205472': 'None', '205629': 'None', '240106': 'None', '240183': 'None', '240232': 'None', '240255': 'None', '240270': 'None', '240370': 'None', '240862': 'None', '240964': 'None', '240977': 'None', '241847': 'None', '259063': 'None', '259132': 'None', '259165': 'None', '259396': 'None', '259480': 'None', '259500': 'None', '259603': 'None', '259990': 'None', '260006': 'None', '260023': 'None', '260047': 'None', '260121': 'None', '260129': 'None', '260159': 'None', '260187': 'None', '260203': 'None', '260220': 'None', '260340': 'None', '265090': 'None', '265745': 'None', '266196': 'None', '266265': 'None', '266329': 'None', '266351': 'None', '266573': 'None', '266728': 'None', '266840': 'None'}}", 'events': 31011, 'type': 'POOLIN', 'lfn': '/store/mc/RunIII2024Summer24MiniAOD/DYto2Mu-4Jets_Bin-MLL-50_TuneCP5_13p6TeV_madgraphMLM-pythia8/MINIAODSIM/140X_mcRun3_2024_realistic_v26-v2/110000/1e248bee-4e6e-4007-ba2d-f42217f85a82.root_4'}], '12': [{'parents': "['/store/mc/RunIII2024Summer24MiniAOD/DYto2Mu-4Jets_Bin-MLL-50_TuneCP5_13p6TeV_madgraphMLM-pythia8/MINIAODSIM/140X_mcRun3_2024_realistic_v26-v2/110000/02dd79ed-cb54-4d4f-86c0-f296e854113c.root']", 'runlumi': "{'1': {'181103': '720', '182125': '688', '182967': '680', '182996': '716', '186277': '712', '186318': '686', '186371': '661', '203582': '701', '203670': '719', '203722': '683', '203788': '667', '203797': '690', '204106': '758', '204220': '668', '204290': '750', '204356': '746', '204673': '711', '204818': '720', '204890': '721', '204894': '728', '204910': '721', '205028': '699', '205036': '780', '205190': '719', '205255': '714', '205380': '755', '205469': '686', '205527': '739', '205787': '720', '241051': '706', '241134': '715', '241205': '723', '241241': '713', '241288': '675', '241393': '679', '241574': '711', '259039': '686', '259134': '740', '259194': '698', '259209': '720', '259274': '695', '259337': '701', '259678': '681'}}", 'events': 30501, 'type': 'EDM', 'lfn': '/store/user/amalhotr/DYto2Mu-4Jets_Bin-MLL-50_TuneCP5_13p6TeV_madgraphMLM-pythia8/DYto2Mu4Jets_Unpacker_100/250325_213853/0000/HLTUnpackerOutputLarge_12.root'}, {'parents': '[]', 'runlumi': "{'1': {'181103': 'None', '182125': 'None', '182967': 'None', '182996': 'None', '186277': 'None', '186318': 'None', '186371': 'None', '203582': 'None', '203670': 'None', '203722': 'None', '203788': 'None', '203797': 'None', '204106': 'None', '204220': 'None', '204290': 'None', '204356': 'None', '204673': 'None', '204818': 'None', '204890': 'None', '204894': 'None', '204910': 'None', '205028': 'None', '205036': 'None', '205190': 'None', '205255': 'None', '205380': 'None', '205469': 'None', '205527': 'None', '205787': 'None', '241051': 'None', '241134': 'None', '241205': 'None', '241241': 'None', '241288': 'None', '241393': 'None', '241574': 'None', '259039': 'None', '259134': 'None', '259194': 'None', '259209': 'None', '259274': 'None', '259337': 'None', '259678': 'None'}}", 'events': 30501, 'type': 'POOLIN', 'lfn': '/store/mc/RunIII2024Summer24MiniAOD/DYto2Mu-4Jets_Bin-MLL-50_TuneCP5_13p6TeV_madgraphMLM-pythia8/MINIAODSIM/140X_mcRun3_2024_realistic_v26-v2/110000/02dd79ed-cb54-4d4f-86c0-f296e854113c.root_12'}], '9': [{'parents': "['/store/mc/RunIII2024Summer24MiniAOD/DYto2Mu-4Jets_Bin-MLL-50_TuneCP5_13p6TeV_madgraphMLM-pythia8/MINIAODSIM/140X_mcRun3_2024_realistic_v26-v2/110000/0152da67-bef6-476f-abfb-3c6f5897327f.root']", 'runlumi': "{'1': {'49': '744', '12484': '692', '45429': '707', '45449': '739', '45470': '714', '45480': '711', '45487': '712', '45571': '729', '45608': '723', '45626': '704', '45741': '692', '45775': '703', '45823': '721', '45834': '741', '45836': '689', '45898': '701', '45906': '710', '45947': '690', '45998': '679', '47268': '678', '48474': '725', '48513': '703', '48987': '697', '49176': '661', '49338': '749', '49952': '725', '89072': '691', '89119': '671', '89151': '715', '89725': '694', '89851': '669', '90054': '723', '90702': '672', '90763': '660', '100129': '695', '100243': '731'}}", 'events': 25360, 'type': 'EDM', 'lfn': '/store/user/amalhotr/DYto2Mu-4Jets_Bin-MLL-50_TuneCP5_13p6TeV_madgraphMLM-pythia8/DYto2Mu4Jets_Unpacker_100/250325_213853/0000/HLTUnpackerOutputLarge_9.root'}, {'parents': '[]', 'runlumi': "{'1': {'49': 'None', '12484': 'None', '45429': 'None', '45449': 'None', '45470': 'None', '45480': 'None', '45487': 'None', '45571': 'None', '45608': 'None', '45626': 'None', '45741': 'None', '45775': 'None', '45823': 'None', '45834': 'None', '45836': 'None', '45898': 'None', '45906': 'None', '45947': 'None', '45998': 'None', '47268': 'None', '48474': 'None', '48513': 'None', '48987': 'None', '49176': 'None', '49338': 'None', '49952': 'None', '89072': 'None', '89119': 'None', '89151': 'None', '89725': 'None', '89851': 'None', '90054': 'None', '90702': 'None', '90763': 'None', '100129': 'None', '100243': 'None'}}", 'events': 25360, 'type': 'POOLIN', 'lfn': '/store/mc/RunIII2024Summer24MiniAOD/DYto2Mu-4Jets_Bin-MLL-50_TuneCP5_13p6TeV_madgraphMLM-pythia8/MINIAODSIM/140X_mcRun3_2024_realistic_v26-v2/110000/0152da67-bef6-476f-abfb-3c6f5897327f.root_9'}], '10': [{'parents': "['/store/mc/RunIII2024Summer24MiniAOD/DYto2Mu-4Jets_Bin-MLL-50_TuneCP5_13p6TeV_madgraphMLM-pythia8/MINIAODSIM/140X_mcRun3_2024_realistic_v26-v2/110000/000e726a-ca68-420b-b531-23f6733ba1e4.root']", 'runlumi': "{'1': {'202043': '672', '202103': '722', '202542': '753', '203484': '691', '203754': '717', '204393': '724', '205069': '682', '205358': '732', '205653': '738', '205669': '733', '240621': '718', '241070': '701', '241236': '704', '241357': '703', '241976': '720', '259404': '661', '259440': '740', '259628': '701', '259667': '652', '260271': '713', '265447': '729', '265743': '702', '265890': '736', '266315': '717', '266528': '736', '266555': '688', '266762': '723', '295747': '718', '303741': '699', '304170': '691', '304680': '728', '304725': '709', '305893': '678', '311584': '708', '311661': '714', '311707': '704', '311809': '717', '311817': '743', '360085': '704'}}", 'events': 27721, 'type': 'EDM', 'lfn': '/store/user/amalhotr/DYto2Mu-4Jets_Bin-MLL-50_TuneCP5_13p6TeV_madgraphMLM-pythia8/DYto2Mu4Jets_Unpacker_100/250325_213853/0000/HLTUnpackerOutputLarge_10.root'}, {'parents': '[]', 'runlumi': "{'1': {'202043': 'None', '202103': 'None', '202542': 'None', '203484': 'None', '203754': 'None', '204393': 'None', '205069': 'None', '205358': 'None', '205653': 'None', '205669': 'None', '240621': 'None', '241070': 'None', '241236': 'None', '241357': 'None', '241976': 'None', '259404': 'None', '259440': 'None', '259628': 'None', '259667': 'None', '260271': 'None', '265447': 'None', '265743': 'None', '265890': 'None', '266315': 'None', '266528': 'None', '266555': 'None', '266762': 'None', '295747': 'None', '303741': 'None', '304170': 'None', '304680': 'None', '304725': 'None', '305893': 'None', '311584': 'None', '311661': 'None', '311707': 'None', '311809': 'None', '311817': 'None', '360085': 'None'}}", 'events': 27721, 'type': 'POOLIN', 'lfn': '/store/mc/RunIII2024Summer24MiniAOD/DYto2Mu-4Jets_Bin-MLL-50_TuneCP5_13p6TeV_madgraphMLM-pythia8/MINIAODSIM/140X_mcRun3_2024_realistic_v26-v2/110000/000e726a-ca68-420b-b531-23f6733ba1e4.root_10'}], '24': [{'parents': "['/store/mc/RunIII2024Summer24MiniAOD/DYto2Mu-4Jets_Bin-MLL-50_TuneCP5_13p6TeV_madgraphMLM-pythia8/MINIAODSIM/140X_mcRun3_2024_realistic_v26-v2/110000/18cb09a5-d7d4-4edb-9840-68b108faa6d4.root']", 'runlumi': "{'1': {'266813': '696', '362255': '718', '362772': '716', '362863': '722', '362877': '694', '394424': '697', '394442': '725', '394531': '675', '394559': '667', '394698': '657', '394735': '730', '394784': '724', '394830': '693', '394904': '710', '395086': '741', '395613': '740', '396095': '658', '396256': '730', '396639': '738', '396898': '722', '396952': '693', '399415': '670', '399498': '693', '399614': '747', '400155': '703', '400395': '720', '400404': '755', '400770': '753', '400884': '704', '425046': '685', '425130': '687', '425373': '721', '425601': '690', '425711': '721', '426098': '724', '452732': '700'}}", 'events': 25519, 'type': 'EDM', 'lfn': '/store/user/amalhotr/DYto2Mu-4Jets_Bin-MLL-50_TuneCP5_13p6TeV_madgraphMLM-pythia8/DYto2Mu4Jets_Unpacker_100/250325_213853/0000/HLTUnpackerOutputLarge_24.root'}, {'parents': '[]', 'runlumi': "{'1': {'266813': 'None', '362255': 'None', '362772': 'None', '362863': 'None', '362877': 'None', '394424': 'None', '394442': 'None', '394531': 'None', '394559': 'None', '394698': 'None', '394735': 'None', '394784': 'None', '394830': 'None', '394904': 'None', '395086': 'None', '395613': 'None', '396095': 'None', '396256': 'None', '396639': 'None', '396898': 'None', '396952': 'None', '399415': 'None', '399498': 'None', '399614': 'None', '400155': 'None', '400395': 'None', '400404': 'None', '400770': 'None', '400884': 'None', '425046': 'None', '425130': 'None', '425373': 'None', '425601': 'None', '425711': 'None', '426098': 'None', '452732': 'None'}}", 'events': 25519, 'type': 'POOLIN', 'lfn': '/store/mc/RunIII2024Summer24MiniAOD/DYto2Mu-4Jets_Bin-MLL-50_TuneCP5_13p6TeV_madgraphMLM-pythia8/MINIAODSIM/140X_mcRun3_2024_realistic_v26-v2/110000/18cb09a5-d7d4-4edb-9840-68b108faa6d4.root_24'}]}}]}
INFO 2025-03-26 01:42:24.400 UTC: 	 Running crab status to fetch necessary information.
DEBUG 2025-03-26 01:42:24.417 UTC: 	 CRAB Client version: v3.250318
DEBUG 2025-03-26 01:42:24.417 UTC: 	 Running on: Linux lxplus940.cern.ch 5.14.0-503.22.1.el9_5.x86_64 #1 SMP PREEMPT_DYNAMIC Wed Jan 15 08:02:15 EST 2025 x86_64 x86_64 x86_64 GNU/Linux
DEBUG 2025-03-26 01:42:24.417 UTC: 	 Not using Singularity
DEBUG 2025-03-26 01:42:24.417 UTC: 	 Operating System: Red Hat Enterprise Linux 9.5 (Plow)
DEBUG 2025-03-26 01:42:24.417 UTC: 	 Executing command: 'status'
DEBUG 2025-03-26 01:42:24.417 UTC: 	 Found CRAB cache file /afs/cern.ch/user/a/amalhotr/.crab3
DEBUG 2025-03-26 01:42:24.441 UTC: 	 Skipping proxy creation
DEBUG 2025-03-26 01:42:24.441 UTC: 	 Retrieving username ...
DEBUG 2025-03-26 01:42:24.442 UTC: 	 Retrieving username from CRIC...
DEBUG 2025-03-26 01:42:25.071 UTC: 	 username is amalhotr
INFO 2025-03-26 01:42:25.534 UTC: 	 Rucio client intialized for account amalhotr
DEBUG 2025-03-26 01:42:25.535 UTC: 	 Command use: status
DEBUG 2025-03-26 01:42:25.535 UTC: 	 Options use: ['--proxy', '/tmp/x509up_u180451', '-d', './crab_DYto2Mu4Jets_Unpacker_100']
DEBUG 2025-03-26 01:42:25.535 UTC: 	 Encoded data for curl request: subresource=version
DEBUG 2025-03-26 01:42:25.572 UTC: 	 CRABClient version: v3.250318
DEBUG 2025-03-26 01:42:25.572 UTC: 	 Instance is prod
DEBUG 2025-03-26 01:42:25.572 UTC: 	 Server base url is cmsweb.cern.ch
DEBUG 2025-03-26 01:42:25.572 UTC: 	 Command api workflow
DEBUG 2025-03-26 01:42:25.572 UTC: 	 Encoded data for curl request: subresource=search&workflow=250325_213853%3Aamalhotr_crab_DYto2Mu4Jets_Unpacker_100
DEBUG 2025-03-26 01:42:25.772 UTC: 	 Got information from server oracle database: {'desc': {'columns': ['tm_taskname', 'tm_activity', 'tm_task_status', 'tm_task_command', 'tm_start_time', 'tm_start_injection', 'tm_end_injection', 'tm_task_failure', 'tm_job_sw', 'tm_job_arch', 'tm_input_dataset', 'tm_nonvalid_input_dataset', 'tm_use_parent', 'tm_site_whitelist', 'tm_site_blacklist', 'tm_split_algo', 'tm_split_args', 'tm_user_sandbox', 'tm_cache_url', 'tm_username', 'tm_user_dn', 'tm_user_vo', 'tm_user_role', 'tm_user_group', 'tm_publish_name', 'tm_publish_groupname', 'tm_asyncdest', 'tm_dbs_url', 'tm_publish_dbs_url', 'tm_publication', 'tm_outfiles', 'tm_tfile_outfiles', 'tm_edm_outfiles', 'tm_job_type', 'tm_generator', 'tm_events_per_lumi', 'tm_arguments', 'tm_save_logs', 'tw_name', 'tm_user_infiles', 'tm_maxjobruntime', 'tm_numcores', 'tm_maxmemory', 'tm_priority', 'tm_output_dataset', 'tm_task_warnings', 'tm_user_webdir', 'tm_scriptexe', 'tm_scriptargs', 'tm_extrajdl', 'tm_collector', 'tm_schedd', 'tm_dry_run', 'tm_user_files', 'tm_transfer_outputs', 'tm_output_lfn', 'tm_ignore_locality', 'tm_fail_limit', 'tm_one_event_mode', 'tm_secondary_input_dataset', 'tm_primary_dataset', 'tm_last_publication', 'tm_debug_files', 'clusterid', 'tm_ignore_global_blacklist', 'tm_submitter_ip_addr', 'tm_totalunits', 'tm_ddm_reqid', 'tm_user_config', 'tm_transfer_container', 'tm_transfer_rule', 'tm_publish_rule', 'tm_multipub_rule', 'tm_job_min_microarch', 'tm_dagman_status', 'tm_num_jobs', 'tm_uploaded']}, 'result': ['250325_213853:amalhotr_crab_DYto2Mu4Jets_Unpacker_100', 'None', 'SUBMITTED', 'SUBMIT', '2025-03-25 21:38:53.687169', 'None', '2025-03-25 21:41:08.064743', 'None', 'CMSSW_14_0_18_patch1', 'el9_amd64_gcc12', '/DYto2Mu-4Jets_Bin-MLL-50_TuneCP5_13p6TeV_madgraphMLM-pythia8/RunIII2024Summer24MiniAOD-140X_mcRun3_2024_realistic_v26-v2/MINIAODSIM', 'F', '0', '[]', '[]', 'FileBased', "{'halt_job_on_file_boundaries': False, 'splitOnRun': False, 'files_per_job': 5, 'runs': [], 'lumis': []}", '3347ab5ebddcbcf20e5a549cff91c4ac4d53283ca301d10bc07120adeaa8b0f2.tar.gz', 'https://cmsweb.cern.ch/S3/crabcache_prod', 'amalhotr', '/DC=ch/DC=cern/OU=Organic Units/OU=Users/CN=amalhotr/CN=884837/CN=Aryan Malhotra', 'cms', 'None', 'None', 'DYto2Mu4Jets_Unpacker_100-00000000000000000000000000000000', 'F', 'T2_BR_SPRACE', 'https://cmsweb.cern.ch/dbs/prod/global/DBSReader', 'https://cmsweb.cern.ch/dbs/prod/phys03/DBSWriter', 'T', '[]', '[]', "['HLTUnpackerOutputLarge.root']", 'Analysis', 'pythia', 'None', '{}', 'T', 'crab-prod-tw01', '[]', '1250', '1', '2000', '10', "['/DYto2Mu-4Jets_Bin-MLL-50_TuneCP5_13p6TeV_madgraphMLM-pythia8/amalhotr-DYto2Mu4Jets_Unpacker_100-49feb6938084587a06052f9676570a55/USER']", '[]', 'http://vocms0122.cern.ch/mon/amalhotr/250325_213853:amalhotr_crab_DYto2Mu4Jets_Unpacker_100', 'None', '[]', '[]', 'cmsgwms-collector-global.cern.ch:9620,cmsgwms-collector-global.fnal.gov:9620', 'crab3@vocms0122.cern.ch', 'F', '[]', 'T', '/store/user/amalhotr/', 'F', 'None', 'F', 'None', 'DYto2Mu-4Jets_Bin-MLL-50_TuneCP5_13p6TeV_madgraphMLM-pythia8', 'None', '46abd81798f8172cc8a3a999c59ea9104a03ce5642e15b1dd94ed402b62ca33b.tar.gz', '124350952', 'F', '188.184.75.82', '100.0', 'None', '{"partialdataset": false, "requireaccelerator": false, "acceleratorparams": null, "inputblocks": null}', 'None', 'None', 'None', 'None', 'any', 'NOT_READY', '0', 'F']}
INFO 2025-03-26 01:42:25.772 UTC: 	 CRAB project directory:		/afs/cern.ch/user/a/amalhotr/CMSSW_14_0_18_patch1/src/Run3ScoutingAnalysisTools/crab_DYto2Mu4Jets_Unpacker_100
INFO 2025-03-26 01:42:25.772 UTC: 	 Task name:			250325_213853:amalhotr_crab_DYto2Mu4Jets_Unpacker_100
INFO 2025-03-26 01:42:25.772 UTC: 	 Grid scheduler - Task Worker:	crab3@vocms0122.cern.ch - crab-prod-tw01
INFO 2025-03-26 01:42:25.772 UTC: 	 Status on the CRAB server:	SUBMITTED
INFO 2025-03-26 01:42:25.772 UTC: 	 Task URL to use for HELP:	https://cmsweb.cern.ch/crabserver/ui/task/250325_213853%3Aamalhotr_crab_DYto2Mu4Jets_Unpacker_100
INFO 2025-03-26 01:42:25.778 UTC: 	 Dashboard monitoring URL:	https://monit-grafana.cern.ch/d/cmsTMDetail/cms-task-monitoring-task-view?orgId=11&var-user=amalhotr&var-task=250325_213853%3Aamalhotr_crab_DYto2Mu4Jets_Unpacker_100&from=1742935133000&to=now
DEBUG 2025-03-26 01:42:25.778 UTC: 	 The CRAB server submitted your task to the Grid scheduler (cluster ID: 124350952)
DEBUG 2025-03-26 01:42:25.778 UTC: 	 Webdir is located at http://vocms0122.cern.ch/mon/amalhotr/250325_213853:amalhotr_crab_DYto2Mu4Jets_Unpacker_100
DEBUG 2025-03-26 01:42:25.778 UTC: 	 Encoded data for curl request: subresource=webdirprx&workflow=250325_213853%3Aamalhotr_crab_DYto2Mu4Jets_Unpacker_100
DEBUG 2025-03-26 01:42:25.849 UTC: 	 Proxied webdir is located at https://cmsweb.cern.ch:8443/scheddmon/0122/amalhotr/250325_213853:amalhotr_crab_DYto2Mu4Jets_Unpacker_100
DEBUG 2025-03-26 01:42:25.849 UTC: 	 Retrieving 'status_cache' file from https://cmsweb.cern.ch:8443/scheddmon/0122/amalhotr/250325_213853:amalhotr_crab_DYto2Mu4Jets_Unpacker_100/status_cache.pkl
DEBUG 2025-03-26 01:42:25.849 UTC: 	 Will execute:
curl -sS --capath /etc/grid-security/certificates --cert /tmp/x509up_u180451 --key /tmp/x509up_u180451 -o /tmp/crab_status-cache-6yya_ieo.pkl -w %"{http_code}" "https://cmsweb.cern.ch:8443/scheddmon/0122/amalhotr/250325_213853:amalhotr_crab_DYto2Mu4Jets_Unpacker_100/status_cache.pkl"
DEBUG 2025-03-26 01:42:25.849 UTC: 	 Executing command :
 curl -sS --capath /etc/grid-security/certificates --cert /tmp/x509up_u180451 --key /tmp/x509up_u180451 -o /tmp/crab_status-cache-6yya_ieo.pkl -w %"{http_code}" "https://cmsweb.cern.ch:8443/scheddmon/0122/amalhotr/250325_213853:amalhotr_crab_DYto2Mu4Jets_Unpacker_100/status_cache.pkl"
DEBUG 2025-03-26 01:42:25.879 UTC: 	 output : 200
 error: 
 retcode : 0
DEBUG 2025-03-26 01:42:25.879 UTC: 	 exitcode: 0
stdout: 200
stderr: 
error details: 
DEBUG 2025-03-26 01:42:25.879 UTC: 	 Got information from status cache file: {'7': {'Retries': 0, 'Restarts': 0, 'SiteHistory': ['Unknown', 'T2_IT_Legnaro', 'T2_IT_Legnaro'], 'ResidentSetSize': [1327032], 'SubmitTimes': [1742938941.0], 'StartTimes': [1742939160.0], 'EndTimes': [1742941680.0], 'TotalUserCpuTimeHistory': [1728], 'TotalSysCpuTimeHistory': [121], 'WallDurations': [9.0, 138.507226228714, 2520.0], 'JobIds': ['124350955.0'], 'State': 'finished', 'RecordedSite': True}, '14': {'Retries': 0, 'Restarts': 0, 'SiteHistory': ['Unknown', 'T1_UK_RAL', 'T1_UK_RAL'], 'ResidentSetSize': [1265248], 'SubmitTimes': [1742938941.0], 'StartTimes': [1742939021.0], 'EndTimes': [1742942752.0], 'TotalUserCpuTimeHistory': [1608], 'TotalSysCpuTimeHistory': [425], 'WallDurations': [8.0, 277.507226228714, 3731.0], 'JobIds': ['124350956.0'], 'State': 'finished', 'RecordedSite': True}, '13': {'Retries': 0, 'Restarts': 0, 'SiteHistory': ['Unknown', 'T1_UK_RAL', 'T1_UK_RAL'], 'ResidentSetSize': [1340176], 'SubmitTimes': [1742938941.0], 'StartTimes': [1742939022.0], 'EndTimes': [1742943121.0], 'TotalUserCpuTimeHistory': [1838], 'TotalSysCpuTimeHistory': [525], 'WallDurations': [8.0, 276.507226228714, 4099.0], 'JobIds': ['124350957.0'], 'State': 'finished', 'RecordedSite': True}, '18': {'Retries': 0, 'Restarts': 0, 'SiteHistory': ['Unknown', 'T1_UK_RAL', 'T1_UK_RAL'], 'ResidentSetSize': [1303732], 'SubmitTimes': [1742938942.0], 'StartTimes': [1742939023.0], 'EndTimes': [1742942865.0], 'TotalUserCpuTimeHistory': [1740], 'TotalSysCpuTimeHistory': [513], 'WallDurations': [8.0, 275.507226228714, 3842.0], 'JobIds': ['124350958.0'], 'State': 'finished', 'RecordedSite': True}, '15': {'Retries': 0, 'Restarts': 0, 'SiteHistory': ['Unknown', 'T1_UK_RAL', 'T1_UK_RAL'], 'ResidentSetSize': [1393036], 'SubmitTimes': [1742938942.0], 'StartTimes': [1742939022.0], 'EndTimes': [1742942970.0], 'TotalUserCpuTimeHistory': [1676], 'TotalSysCpuTimeHistory': [527], 'WallDurations': [8.0, 276.507226228714, 3948.0], 'JobIds': ['124350959.0'], 'State': 'finished', 'RecordedSite': True}, '1': {'Retries': 0, 'Restarts': 0, 'SiteHistory': ['Unknown', 'T2_UK_London_IC', 'T2_UK_London_IC'], 'ResidentSetSize': [1275176], 'SubmitTimes': [1742938942.0], 'StartTimes': [1742939160.0], 'EndTimes': [1742943179.0], 'TotalUserCpuTimeHistory': [1717], 'TotalSysCpuTimeHistory': [620], 'WallDurations': [9.0, 138.507226228714, 4019.0], 'JobIds': ['124350960.0'], 'State': 'finished', 'RecordedSite': True}, '2': {'Retries': 0, 'Restarts': 0, 'SiteHistory': ['Unknown', 'T2_UK_London_IC', 'T2_UK_London_IC'], 'ResidentSetSize': [689780], 'SubmitTimes': [1742938942.0], 'StartTimes': [1742939160.0], 'EndTimes': [1742940103.0], 'TotalUserCpuTimeHistory': [490], 'TotalSysCpuTimeHistory': [79], 'WallDurations': [9.0, 138.507226228714, 943.0], 'JobIds': ['124350961.0'], 'State': 'finished', 'RecordedSite': True}, '8': {'Retries': 0, 'Restarts': 0, 'SiteHistory': ['Unknown', 'T2_IT_Legnaro', 'T2_IT_Legnaro'], 'ResidentSetSize': [92916], 'SubmitTimes': [1742938942.0], 'StartTimes': [1742939160.0], 'EndTimes': [1742939417.0], 'TotalUserCpuTimeHistory': [150], 'TotalSysCpuTimeHistory': [13], 'WallDurations': [8.0, 138.507226228714, 257.0], 'JobIds': ['124350962.0'], 'State': 'finished', 'RecordedSite': True}, '9': {'Retries': 0, 'Restarts': 0, 'SiteHistory': ['Unknown', 'T2_DE_RWTH', 'T2_DE_RWTH'], 'ResidentSetSize': [638632], 'SubmitTimes': [1742938942.0], 'StartTimes': [1742939160.0], 'EndTimes': [1742939729.0], 'TotalUserCpuTimeHistory': [207], 'TotalSysCpuTimeHistory': [27], 'WallDurations': [9.0, 138.507226228714, 569.0], 'JobIds': ['124350963.0'], 'State': 'finished', 'RecordedSite': True}, '12': {'Retries': 0, 'Restarts': 0, 'SiteHistory': ['Unknown', 'T2_US_Vanderbilt', 'T2_US_Vanderbilt'], 'ResidentSetSize': [1162692], 'SubmitTimes': [1742938942.0], 'StartTimes': [1742939237.0], 'EndTimes': [1742939947.0], 'TotalUserCpuTimeHistory': [381], 'TotalSysCpuTimeHistory': [15], 'WallDurations': [8.0, 61.50722622871399, 710.0], 'JobIds': ['124350964.0'], 'State': 'finished', 'RecordedSite': True}, '6': {'Retries': 0, 'Restarts': 0, 'SiteHistory': ['Unknown', 'T2_IT_Legnaro', 'T2_IT_Legnaro'], 'ResidentSetSize': [1267868], 'SubmitTimes': [1742938942.0], 'StartTimes': [1742939160.0], 'EndTimes': [1742940886.0], 'TotalUserCpuTimeHistory': [1281], 'TotalSysCpuTimeHistory': [118], 'WallDurations': [9.0, 138.507226228714, 1726.0], 'JobIds': ['124350965.0'], 'State': 'finished', 'RecordedSite': True}, '10': {'Retries': 0, 'Restarts': 0, 'SiteHistory': ['Unknown', 'T2_DE_DESY', 'T2_DE_DESY'], 'ResidentSetSize': [512544], 'SubmitTimes': [1742938942.0], 'StartTimes': [1742939160.0], 'EndTimes': [1742939579.0], 'TotalUserCpuTimeHistory': [217], 'TotalSysCpuTimeHistory': [39], 'WallDurations': [9.0, 138.507226228714, 419.0], 'JobIds': ['124350966.0'], 'State': 'finished', 'RecordedSite': True}, '5': {'Retries': 0, 'Restarts': 0, 'SiteHistory': ['Unknown', 'T2_IT_Legnaro', 'T2_IT_Legnaro'], 'ResidentSetSize': [766480], 'SubmitTimes': [1742938942.0], 'StartTimes': [1742939160.0], 'EndTimes': [1742940338.0], 'TotalUserCpuTimeHistory': [911], 'TotalSysCpuTimeHistory': [86], 'WallDurations': [9.0, 138.507226228714, 1178.0], 'JobIds': ['124350967.0'], 'State': 'finished', 'RecordedSite': True}, '17': {'Retries': 0, 'Restarts': 0, 'SiteHistory': ['Unknown', 'T1_UK_RAL', 'T1_UK_RAL'], 'ResidentSetSize': [1333396], 'SubmitTimes': [1742938942.0], 'StartTimes': [1742939021.0], 'EndTimes': [1742942769.0], 'TotalUserCpuTimeHistory': [1593], 'TotalSysCpuTimeHistory': [486], 'WallDurations': [8.0, 277.507226228714, 3748.0], 'JobIds': ['124350968.0'], 'State': 'finished', 'RecordedSite': True}, '3': {'Retries': 0, 'Restarts': 0, 'SiteHistory': ['Unknown', 'T1_ES_PIC', 'T1_ES_PIC'], 'ResidentSetSize': [805408], 'SubmitTimes': [1742938942.0], 'StartTimes': [1742939023.0], 'EndTimes': [1742941610.0], 'TotalUserCpuTimeHistory': [1326], 'TotalSysCpuTimeHistory': [234], 'WallDurations': [9.0, 275.507226228714, 2587.0], 'JobIds': ['124350969.0'], 'State': 'finished', 'RecordedSite': True}, '11': {'Retries': 0, 'Restarts': 0, 'SiteHistory': ['Unknown', 'T2_IT_Pisa', 'T2_IT_Pisa'], 'ResidentSetSize': [505128], 'SubmitTimes': [1742938942.0], 'StartTimes': [1742939160.0], 'EndTimes': [1742940119.0], 'TotalUserCpuTimeHistory': [462], 'TotalSysCpuTimeHistory': [36], 'WallDurations': [9.0, 138.507226228714, 959.0], 'JobIds': ['124350970.0'], 'State': 'finished', 'RecordedSite': True}, '19': {'Retries': 0, 'Restarts': 0, 'SiteHistory': ['Unknown', 'T1_UK_RAL', 'T1_UK_RAL'], 'ResidentSetSize': [1179200], 'SubmitTimes': [1742938942.0], 'StartTimes': [1742939021.0], 'EndTimes': [1742943065.0], 'TotalUserCpuTimeHistory': [1606], 'TotalSysCpuTimeHistory': [436], 'WallDurations': [8.0, 277.507226228714, 4044.0], 'JobIds': ['124350971.0'], 'State': 'finished', 'RecordedSite': True}, '20': {'Retries': 0, 'Restarts': 0, 'SiteHistory': ['Unknown', 'T1_UK_RAL', 'T1_UK_RAL'], 'ResidentSetSize': [1351680], 'SubmitTimes': [1742938942.0], 'StartTimes': [1742939022.0], 'EndTimes': [1742943433.0], 'TotalUserCpuTimeHistory': [2001], 'TotalSysCpuTimeHistory': [582], 'WallDurations': [8.0, 276.507226228714, 4411.0], 'JobIds': ['124350972.0'], 'State': 'finished', 'RecordedSite': True}, '22': {'Retries': 0, 'Restarts': 0, 'SiteHistory': ['Unknown', 'T1_UK_RAL', 'T1_UK_RAL'], 'ResidentSetSize': [1343484], 'SubmitTimes': [1742938942.0], 'StartTimes': [1742939022.0], 'EndTimes': [1742943581.0], 'TotalUserCpuTimeHistory': [1890], 'TotalSysCpuTimeHistory': [553], 'WallDurations': [8.0, 276.507226228714, 4559.0], 'JobIds': ['124350973.0'], 'State': 'finished', 'RecordedSite': True}, '23': {'Retries': 0, 'Restarts': 0, 'SiteHistory': ['Unknown', 'T1_UK_RAL', 'T1_UK_RAL'], 'ResidentSetSize': [693748], 'SubmitTimes': [1742938943.0], 'StartTimes': [1742939022.0], 'EndTimes': [1742940565.0], 'TotalUserCpuTimeHistory': [632], 'TotalSysCpuTimeHistory': [220], 'WallDurations': [8.0, 276.507226228714, 1543.0], 'JobIds': ['124350974.0'], 'State': 'finished', 'RecordedSite': True}, '4': {'Retries': 0, 'Restarts': 0, 'SiteHistory': ['Unknown', 'T2_UK_London_IC', 'T2_UK_London_IC'], 'ResidentSetSize': [812848], 'SubmitTimes': [1742938943.0], 'StartTimes': [1742939160.0], 'EndTimes': [1742939955.0], 'TotalUserCpuTimeHistory': [326], 'TotalSysCpuTimeHistory': [105], 'WallDurations': [9.0, 138.507226228714, 795.0], 'JobIds': ['124350975.0'], 'State': 'finished', 'RecordedSite': True}, '24': {'Retries': 0, 'Restarts': 0, 'SiteHistory': ['Unknown', 'T1_FR_CCIN2P3', 'T1_FR_CCIN2P3'], 'ResidentSetSize': [616100], 'SubmitTimes': [1742938943.0], 'StartTimes': [1742939020.0], 'EndTimes': [1742939489.0], 'TotalUserCpuTimeHistory': [206], 'TotalSysCpuTimeHistory': [73], 'WallDurations': [9.0, 278.507226228714, 469.0], 'JobIds': ['124350976.0'], 'State': 'finished', 'RecordedSite': True}, '28': {'Retries': 0, 'Restarts': 0, 'SiteHistory': ['Unknown', 'T2_US_Vanderbilt', 'T2_US_Vanderbilt'], 'ResidentSetSize': [1160420], 'SubmitTimes': [1742938943.0], 'StartTimes': [1742939236.0], 'EndTimes': [1742939980.0], 'TotalUserCpuTimeHistory': [289], 'TotalSysCpuTimeHistory': [16], 'WallDurations': [9.0, 62.50722622871399, 744.0], 'JobIds': ['124350977.0'], 'State': 'finished', 'RecordedSite': True}, '27': {'Retries': 0, 'Restarts': 0, 'SiteHistory': ['Unknown', 'T2_US_UCSD', 'T2_US_UCSD'], 'ResidentSetSize': [1094944], 'SubmitTimes': [1742938943.0], 'StartTimes': [1742939243.0], 'EndTimes': [1742940579.0], 'TotalUserCpuTimeHistory': [488], 'TotalSysCpuTimeHistory': [33], 'WallDurations': [9.0, 55.50722622871399, 1336.0], 'JobIds': ['124350978.0'], 'State': 'finished', 'RecordedSite': True}, '26': {'Retries': 0, 'Restarts': 0, 'SiteHistory': ['Unknown', 'T1_FR_CCIN2P3', 'T1_FR_CCIN2P3'], 'ResidentSetSize': [678520], 'SubmitTimes': [1742938943.0], 'StartTimes': [1742939022.0], 'EndTimes': [1742940552.0], 'TotalUserCpuTimeHistory': [765], 'TotalSysCpuTimeHistory': [295], 'WallDurations': [8.0, 276.507226228714, 1530.0], 'JobIds': ['124350979.0'], 'State': 'finished', 'RecordedSite': True}, '29': {'Retries': 0, 'Restarts': 0, 'SiteHistory': ['Unknown', 'T1_UK_RAL', 'T1_UK_RAL'], 'ResidentSetSize': [791796], 'SubmitTimes': [1742938943.0], 'StartTimes': [1742939023.0], 'EndTimes': [1742939976.0], 'TotalUserCpuTimeHistory': [360], 'TotalSysCpuTimeHistory': [98], 'WallDurations': [8.0, 275.507226228714, 953.0], 'JobIds': ['124350980.0'], 'State': 'finished', 'RecordedSite': True}, '25': {'Retries': 0, 'Restarts': 0, 'SiteHistory': ['Unknown', 'T1_FR_CCIN2P3', 'T1_FR_CCIN2P3'], 'ResidentSetSize': [885772], 'SubmitTimes': [1742938943.0], 'StartTimes': [1742939023.0], 'EndTimes': [1742941862.0], 'TotalUserCpuTimeHistory': [1336], 'TotalSysCpuTimeHistory': [513], 'WallDurations': [9.0, 275.507226228714, 2839.0], 'JobIds': ['124350981.0'], 'State': 'finished', 'RecordedSite': True}, '21': {'Retries': 0, 'Restarts': 0, 'SiteHistory': ['Unknown', 'T1_UK_RAL', 'T1_UK_RAL'], 'ResidentSetSize': [1091408], 'SubmitTimes': [1742938943.0], 'StartTimes': [1742939021.0], 'EndTimes': [1742942941.0], 'TotalUserCpuTimeHistory': [1714], 'TotalSysCpuTimeHistory': [504], 'WallDurations': [8.0, 277.507226228714, 3920.0], 'JobIds': ['124350982.0'], 'State': 'finished', 'RecordedSite': True}, '16': {'Retries': 0, 'Restarts': 0, 'SiteHistory': ['Unknown', 'T1_UK_RAL', 'T1_UK_RAL'], 'ResidentSetSize': [854104], 'SubmitTimes': [1742938943.0], 'StartTimes': [1742939022.0], 'EndTimes': [1742942989.0], 'TotalUserCpuTimeHistory': [1703], 'TotalSysCpuTimeHistory': [500], 'WallDurations': [8.0, 276.507226228714, 3967.0], 'JobIds': ['124350983.0'], 'State': 'finished', 'RecordedSite': True}}
INFO 2025-03-26 01:42:25.879 UTC: 	 Status on the scheduler:	COMPLETED
INFO 2025-03-26 01:42:25.879 UTC: 	 
Jobs status:                    finished     		100.0% (29/29)
DEBUG 2025-03-26 01:42:25.879 UTC: 	 Encoded data for curl request: subresource=publicationstatus&workflow=250325_213853%3Aamalhotr_crab_DYto2Mu4Jets_Unpacker_100&username=amalhotr
INFO 2025-03-26 01:42:25.916 UTC: 	 
Publication status of 1 dataset(s):	new          		100.0% (29/29)
(from CRAB internal bookkeeping in transferdb)
INFO 2025-03-26 01:42:25.916 UTC: 	 
Output dataset:			/DYto2Mu-4Jets_Bin-MLL-50_TuneCP5_13p6TeV_madgraphMLM-pythia8/amalhotr-DYto2Mu4Jets_Unpacker_100-49feb6938084587a06052f9676570a55/USER
Output dataset DAS URL:		https://cmsweb.cern.ch/das/request?input=%2FDYto2Mu-4Jets_Bin-MLL-50_TuneCP5_13p6TeV_madgraphMLM-pythia8%2Famalhotr-DYto2Mu4Jets_Unpacker_100-49feb6938084587a06052f9676570a55%2FUSER&instance=prod%2Fphys03
INFO 2025-03-26 01:42:25.916 UTC: 	 
Warning: the max jobs runtime is less than 30% of the task requested value (1250 min), please consider to request a lower value for failed jobs (allowed through crab resubmit) and/or improve the jobs splitting (e.g. config.Data.splitting = 'Automatic') in a new task.
INFO 2025-03-26 01:42:25.916 UTC: 	 
Summary of run jobs:
 * Memory: 90MB min, 1360MB max, 951MB ave
 * Runtime: 0:04:17 min, 1:15:59 max, 0:38:08 ave
 * CPU eff: 39% min, 85% max, 58% ave
 * Waste: 1:43:56 (9% of total)

DEBUG 2025-03-26 01:42:25.917 UTC: 	 Will execute:
curl -sS --capath /etc/grid-security/certificates --cert /tmp/x509up_u180451 --key /tmp/x509up_u180451 -o /afs/cern.ch/user/a/amalhotr/CMSSW_14_0_18_patch1/src/Run3ScoutingAnalysisTools/crab_DYto2Mu4Jets_Unpacker_100/results/run_and_lumis.tar.gz -w %"{http_code}" "https://cmsweb.cern.ch:8443/scheddmon/0122/amalhotr/250325_213853:amalhotr_crab_DYto2Mu4Jets_Unpacker_100/run_and_lumis.tar.gz"
DEBUG 2025-03-26 01:42:25.917 UTC: 	 Executing command :
 curl -sS --capath /etc/grid-security/certificates --cert /tmp/x509up_u180451 --key /tmp/x509up_u180451 -o /afs/cern.ch/user/a/amalhotr/CMSSW_14_0_18_patch1/src/Run3ScoutingAnalysisTools/crab_DYto2Mu4Jets_Unpacker_100/results/run_and_lumis.tar.gz -w %"{http_code}" "https://cmsweb.cern.ch:8443/scheddmon/0122/amalhotr/250325_213853:amalhotr_crab_DYto2Mu4Jets_Unpacker_100/run_and_lumis.tar.gz"
DEBUG 2025-03-26 01:42:25.957 UTC: 	 output : 200
 error: 
 retcode : 0
DEBUG 2025-03-26 01:42:25.957 UTC: 	 exitcode: 0
stdout: 200
stderr: 
error details: 
DEBUG 2025-03-26 01:42:25.967 UTC: 	 Will execute:
curl -sS --capath /etc/grid-security/certificates --cert /tmp/x509up_u180451 --key /tmp/x509up_u180451 -o /afs/cern.ch/user/a/amalhotr/CMSSW_14_0_18_patch1/src/Run3ScoutingAnalysisTools/crab_DYto2Mu4Jets_Unpacker_100/results/input_files.tar.gz -w %"{http_code}" "https://cmsweb.cern.ch:8443/scheddmon/0122/amalhotr/250325_213853:amalhotr_crab_DYto2Mu4Jets_Unpacker_100/input_files.tar.gz"
DEBUG 2025-03-26 01:42:25.967 UTC: 	 Executing command :
 curl -sS --capath /etc/grid-security/certificates --cert /tmp/x509up_u180451 --key /tmp/x509up_u180451 -o /afs/cern.ch/user/a/amalhotr/CMSSW_14_0_18_patch1/src/Run3ScoutingAnalysisTools/crab_DYto2Mu4Jets_Unpacker_100/results/input_files.tar.gz -w %"{http_code}" "https://cmsweb.cern.ch:8443/scheddmon/0122/amalhotr/250325_213853:amalhotr_crab_DYto2Mu4Jets_Unpacker_100/input_files.tar.gz"
DEBUG 2025-03-26 01:42:26.001 UTC: 	 output : 200
 error: 
 retcode : 0
DEBUG 2025-03-26 01:42:26.001 UTC: 	 exitcode: 0
stdout: 200
stderr: 
error details: 
DEBUG 2025-03-26 01:42:26.005 UTC: 	 Will execute:
curl -sS --capath /etc/grid-security/certificates --cert /tmp/x509up_u180451 --key /tmp/x509up_u180451 -o /afs/cern.ch/user/a/amalhotr/CMSSW_14_0_18_patch1/src/Run3ScoutingAnalysisTools/crab_DYto2Mu4Jets_Unpacker_100/results/input_dataset_lumis.json -w %"{http_code}" "https://cmsweb.cern.ch:8443/scheddmon/0122/amalhotr/250325_213853:amalhotr_crab_DYto2Mu4Jets_Unpacker_100/input_dataset_lumis.json"
DEBUG 2025-03-26 01:42:26.005 UTC: 	 Executing command :
 curl -sS --capath /etc/grid-security/certificates --cert /tmp/x509up_u180451 --key /tmp/x509up_u180451 -o /afs/cern.ch/user/a/amalhotr/CMSSW_14_0_18_patch1/src/Run3ScoutingAnalysisTools/crab_DYto2Mu4Jets_Unpacker_100/results/input_dataset_lumis.json -w %"{http_code}" "https://cmsweb.cern.ch:8443/scheddmon/0122/amalhotr/250325_213853:amalhotr_crab_DYto2Mu4Jets_Unpacker_100/input_dataset_lumis.json"
DEBUG 2025-03-26 01:42:26.054 UTC: 	 output : 200
 error: 
 retcode : 0
DEBUG 2025-03-26 01:42:26.054 UTC: 	 exitcode: 0
stdout: 200
stderr: 
error details: 
DEBUG 2025-03-26 01:42:26.054 UTC: 	 Will execute:
curl -sS --capath /etc/grid-security/certificates --cert /tmp/x509up_u180451 --key /tmp/x509up_u180451 -o /afs/cern.ch/user/a/amalhotr/CMSSW_14_0_18_patch1/src/Run3ScoutingAnalysisTools/crab_DYto2Mu4Jets_Unpacker_100/results/input_dataset_duplicate_lumis.json -w %"{http_code}" "https://cmsweb.cern.ch:8443/scheddmon/0122/amalhotr/250325_213853:amalhotr_crab_DYto2Mu4Jets_Unpacker_100/input_dataset_duplicate_lumis.json"
DEBUG 2025-03-26 01:42:26.055 UTC: 	 Executing command :
 curl -sS --capath /etc/grid-security/certificates --cert /tmp/x509up_u180451 --key /tmp/x509up_u180451 -o /afs/cern.ch/user/a/amalhotr/CMSSW_14_0_18_patch1/src/Run3ScoutingAnalysisTools/crab_DYto2Mu4Jets_Unpacker_100/results/input_dataset_duplicate_lumis.json -w %"{http_code}" "https://cmsweb.cern.ch:8443/scheddmon/0122/amalhotr/250325_213853:amalhotr_crab_DYto2Mu4Jets_Unpacker_100/input_dataset_duplicate_lumis.json"
DEBUG 2025-03-26 01:42:26.086 UTC: 	 output : 200
 error: 
 retcode : 0
DEBUG 2025-03-26 01:42:26.087 UTC: 	 exitcode: 0
stdout: 200
stderr: 
error details: 
DEBUG 2025-03-26 01:42:26.087 UTC: 	 Executing command :
 dasgoclient --query 'run,lumi dataset=/DYto2Mu-4Jets_Bin-MLL-50_TuneCP5_13p6TeV_madgraphMLM-pythia8/amalhotr-DYto2Mu4Jets_Unpacker_100-49feb6938084587a06052f9676570a55/USER instance=prod/phys03' --json
DEBUG 2025-03-26 01:42:26.758 UTC: 	 output : [
]

 error: 
 retcode : 0
DEBUG 2025-03-26 01:42:26.758 UTC: 	 Executing command :
 dasgoclient --query 'summary dataset=/DYto2Mu-4Jets_Bin-MLL-50_TuneCP5_13p6TeV_madgraphMLM-pythia8/amalhotr-DYto2Mu4Jets_Unpacker_100-49feb6938084587a06052f9676570a55/USER instance=prod/phys03' --json
DEBUG 2025-03-26 01:42:27.255 UTC: 	 output : [
{"das":{"expire":1742953347,"instance":"prod/phys03","primary_key":"summary","record":1,"services":["dbs3:summary4dataset_run"]},"qhash":"d9c6cfcee52938edd1eaf0655c5462d1","summary":[{"file_size":0,"max_ldate":null,"median_cdate":null,"median_ldate":null,"nblocks":0,"nevents":0,"nfiles":0,"nlumis":0,"num_block":0,"num_event":0,"num_file":0,"num_lumi":0}]}
]

 error: 
 retcode : 0
INFO 2025-03-26 01:42:27.311 UTC: 	 Will save lumi files into output directory /afs/cern.ch/user/a/amalhotr/CMSSW_14_0_18_patch1/src/Run3ScoutingAnalysisTools/crab_DYto2Mu4Jets_Unpacker_100/results
INFO 2025-03-26 01:42:27.311 UTC: 	 Summary from successful jobs (i.e. in status 'finished'):
INFO 2025-03-26 01:42:27.311 UTC: 	   Number of files processed: 100
  Number of events read: 4258503
  Number of events written in EDM files: 4258503
  Number of events written in TFileService files: 0
  Number of events written in other type of files: 0
INFO 2025-03-26 01:42:27.320 UTC: 	   Processed lumis written to processedLumis.json
INFO 2025-03-26 01:42:27.326 UTC: 	 Summary from output datasets in DBS:
INFO 2025-03-26 01:42:27.326 UTC: 	   Number of events:
    /DYto2Mu-4Jets_Bin-MLL-50_TuneCP5_13p6TeV_madgraphMLM-pythia8/amalhotr-DYto2Mu4Jets_Unpacker_100-49feb6938084587a06052f9676570a55/USER: 0
INFO 2025-03-26 01:42:27.327 UTC: 	   Files to process written to filesToProcess.json
INFO 2025-03-26 01:42:27.331 UTC: 	   Files processed by successful jobs written to processedFiles.json
INFO 2025-03-26 01:42:27.337 UTC: 	 Log file is /afs/cern.ch/user/a/amalhotr/CMSSW_14_0_18_patch1/src/Run3ScoutingAnalysisTools/crab_DYto2Mu4Jets_Unpacker_100/crab.log
DEBUG 2025-03-26 01:47:22.043 UTC: 	 CRAB Client version: v3.250318
DEBUG 2025-03-26 01:47:22.043 UTC: 	 Running on: Linux lxplus940.cern.ch 5.14.0-503.22.1.el9_5.x86_64 #1 SMP PREEMPT_DYNAMIC Wed Jan 15 08:02:15 EST 2025 x86_64 x86_64 x86_64 GNU/Linux
DEBUG 2025-03-26 01:47:22.043 UTC: 	 Not using Singularity
DEBUG 2025-03-26 01:47:22.043 UTC: 	 Operating System: Red Hat Enterprise Linux 9.5 (Plow)
DEBUG 2025-03-26 01:47:22.043 UTC: 	 Executing command: 'getlog'
DEBUG 2025-03-26 01:47:22.043 UTC: 	 Found CRAB cache file /afs/cern.ch/user/a/amalhotr/.crab3
DEBUG 2025-03-26 01:47:22.044 UTC: 	 Using VO group '' and VO role 'NULL' as written in the request cache file for this task.
DEBUG 2025-03-26 01:47:22.052 UTC: 	 Checking credentials
DEBUG 2025-03-26 01:47:22.052 UTC: 	 Found proxy file /tmp/x509up_u180451
DEBUG 2025-03-26 01:47:22.052 UTC: 	 Making sure it has proper VOMS extension
DEBUG 2025-03-26 01:47:22.052 UTC: 	 Executing command :
 voms-proxy-info --vo --file /tmp/x509up_u180451
DEBUG 2025-03-26 01:47:22.384 UTC: 	 output : cms

 error: 
 retcode : 0
DEBUG 2025-03-26 01:47:22.384 UTC: 	 Getting proxy life time left
DEBUG 2025-03-26 01:47:22.384 UTC: 	 Executing command :
 voms-proxy-info --actimeleft --timeleft --file /tmp/x509up_u180451
DEBUG 2025-03-26 01:47:22.703 UTC: 	 output : 676226
676226

 error: 
 retcode : 0
DEBUG 2025-03-26 01:47:22.703 UTC: 	 Proxy valid for 187:50:26 hours
DEBUG 2025-03-26 01:47:22.703 UTC: 	 Encoded data for curl request: subresource=delegatedn
DEBUG 2025-03-26 01:47:22.745 UTC: 	 Registering user credentials on myproxy for /DC=ch/DC=cern/OU=computers/CN=crab-(preprod|prod)-tw(01|02).cern.ch|/DC=ch/DC=cern/OU=computers/CN=crab-dev-tw(01|02|03|04).cern.ch|/DC=ch/DC=cern/OU=Organic Units/OU=Users/CN=cmscrab/CN=(817881|373708)/CN=Robot: cms crab|/DC=ch/DC=cern/OU=Organic Units/OU=Users/CN=crabint1/CN=373708/CN=Robot: CMS CRAB Integration 1
DEBUG 2025-03-26 01:47:22.745 UTC: 	 Executing command :
 voms-proxy-info --identity --file /tmp/x509up_u180451
DEBUG 2025-03-26 01:47:23.074 UTC: 	 output : /DC=ch/DC=cern/OU=Organic Units/OU=Users/CN=amalhotr/CN=884837/CN=Aryan Malhotra

 error: 
 retcode : 0
DEBUG 2025-03-26 01:47:23.075 UTC: 	 Getting myproxy life time left for 2382a3cf28fdeacb1de9b039908761ea517a5ed6
DEBUG 2025-03-26 01:47:23.075 UTC: 	 Executing command :
 myproxy-info -s myproxy.cern.ch -l 2382a3cf28fdeacb1de9b039908761ea517a5ed6
DEBUG 2025-03-26 01:47:23.333 UTC: 	 output : username: 2382a3cf28fdeacb1de9b039908761ea517a5ed6
owner: /DC=ch/DC=cern/OU=Organic Units/OU=Users/CN=amalhotr/CN=884837/CN=Aryan Malhotra
  renewal policy: /DC=ch/DC=cern/OU=computers/CN=crab-(preprod|prod)-tw(01|02).cern.ch|/DC=ch/DC=cern/OU=computers/CN=crab-dev-tw(01|02|03|04).cern.ch|/DC=ch/DC=cern/OU=Organic Units/OU=Users/CN=cmscrab/CN=(817881|373708)/CN=Robot: cms crab|/DC=ch/DC=cern/OU=Organic Units/OU=Users/CN=crabint1/CN=373708/CN=Robot: CMS CRAB Integration 1
  trusted retrieval policy: /DC=ch/DC=cern/OU=computers/CN=crab-(preprod|prod)-tw(01|02).cern.ch|/DC=ch/DC=cern/OU=computers/CN=crab-dev-tw(01|02|03|04).cern.ch|/DC=ch/DC=cern/OU=Organic Units/OU=Users/CN=cmscrab/CN=(817881|373708)/CN=Robot: cms crab|/DC=ch/DC=cern/OU=Organic Units/OU=Users/CN=crabint1/CN=373708/CN=Robot: CMS CRAB Integration 1
  timeleft: 554:32:55  (23.1 days)

 error: 
 retcode : 0
DEBUG 2025-03-26 01:47:23.334 UTC: 	 Myproxy is valid: 1996320
DEBUG 2025-03-26 01:47:23.334 UTC: 	 Result of myproxy credential check:
  Credential exists on myproxy: username: 2382a3cf28fdeacb1de9b039908761ea517a5ed6  - validity: 23 days, 2:32:00
DEBUG 2025-03-26 01:47:23.334 UTC: 	 Command use: getlog
DEBUG 2025-03-26 01:47:23.334 UTC: 	 Options use: ['-d', './crab_DYto2Mu4Jets_Unpacker_100']
DEBUG 2025-03-26 01:47:23.334 UTC: 	 Encoded data for curl request: subresource=version
DEBUG 2025-03-26 01:47:23.442 UTC: 	 CRABClient version: v3.250318
DEBUG 2025-03-26 01:47:23.442 UTC: 	 Instance is prod
DEBUG 2025-03-26 01:47:23.442 UTC: 	 Server base url is cmsweb.cern.ch
DEBUG 2025-03-26 01:47:23.442 UTC: 	 Command api workflow
DEBUG 2025-03-26 01:47:23.443 UTC: 	 Encoded data for curl request: subresource=search&workflow=250325_213853%3Aamalhotr_crab_DYto2Mu4Jets_Unpacker_100
DEBUG 2025-03-26 01:47:23.486 UTC: 	 Server result: {'desc': {'columns': ['tm_taskname', 'tm_activity', 'tm_task_status', 'tm_task_command', 'tm_start_time', 'tm_start_injection', 'tm_end_injection', 'tm_task_failure', 'tm_job_sw', 'tm_job_arch', 'tm_input_dataset', 'tm_nonvalid_input_dataset', 'tm_use_parent', 'tm_site_whitelist', 'tm_site_blacklist', 'tm_split_algo', 'tm_split_args', 'tm_user_sandbox', 'tm_cache_url', 'tm_username', 'tm_user_dn', 'tm_user_vo', 'tm_user_role', 'tm_user_group', 'tm_publish_name', 'tm_publish_groupname', 'tm_asyncdest', 'tm_dbs_url', 'tm_publish_dbs_url', 'tm_publication', 'tm_outfiles', 'tm_tfile_outfiles', 'tm_edm_outfiles', 'tm_job_type', 'tm_generator', 'tm_events_per_lumi', 'tm_arguments', 'tm_save_logs', 'tw_name', 'tm_user_infiles', 'tm_maxjobruntime', 'tm_numcores', 'tm_maxmemory', 'tm_priority', 'tm_output_dataset', 'tm_task_warnings', 'tm_user_webdir', 'tm_scriptexe', 'tm_scriptargs', 'tm_extrajdl', 'tm_collector', 'tm_schedd', 'tm_dry_run', 'tm_user_files', 'tm_transfer_outputs', 'tm_output_lfn', 'tm_ignore_locality', 'tm_fail_limit', 'tm_one_event_mode', 'tm_secondary_input_dataset', 'tm_primary_dataset', 'tm_last_publication', 'tm_debug_files', 'clusterid', 'tm_ignore_global_blacklist', 'tm_submitter_ip_addr', 'tm_totalunits', 'tm_ddm_reqid', 'tm_user_config', 'tm_transfer_container', 'tm_transfer_rule', 'tm_publish_rule', 'tm_multipub_rule', 'tm_job_min_microarch', 'tm_dagman_status', 'tm_num_jobs', 'tm_uploaded']}, 'result': ['250325_213853:amalhotr_crab_DYto2Mu4Jets_Unpacker_100', 'None', 'SUBMITTED', 'SUBMIT', '2025-03-25 21:38:53.687169', 'None', '2025-03-25 21:41:08.064743', 'None', 'CMSSW_14_0_18_patch1', 'el9_amd64_gcc12', '/DYto2Mu-4Jets_Bin-MLL-50_TuneCP5_13p6TeV_madgraphMLM-pythia8/RunIII2024Summer24MiniAOD-140X_mcRun3_2024_realistic_v26-v2/MINIAODSIM', 'F', '0', '[]', '[]', 'FileBased', "{'halt_job_on_file_boundaries': False, 'splitOnRun': False, 'files_per_job': 5, 'runs': [], 'lumis': []}", '3347ab5ebddcbcf20e5a549cff91c4ac4d53283ca301d10bc07120adeaa8b0f2.tar.gz', 'https://cmsweb.cern.ch/S3/crabcache_prod', 'amalhotr', '/DC=ch/DC=cern/OU=Organic Units/OU=Users/CN=amalhotr/CN=884837/CN=Aryan Malhotra', 'cms', 'None', 'None', 'DYto2Mu4Jets_Unpacker_100-00000000000000000000000000000000', 'F', 'T2_BR_SPRACE', 'https://cmsweb.cern.ch/dbs/prod/global/DBSReader', 'https://cmsweb.cern.ch/dbs/prod/phys03/DBSWriter', 'T', '[]', '[]', "['HLTUnpackerOutputLarge.root']", 'Analysis', 'pythia', 'None', '{}', 'T', 'crab-prod-tw01', '[]', '1250', '1', '2000', '10', "['/DYto2Mu-4Jets_Bin-MLL-50_TuneCP5_13p6TeV_madgraphMLM-pythia8/amalhotr-DYto2Mu4Jets_Unpacker_100-49feb6938084587a06052f9676570a55/USER']", '[]', 'http://vocms0122.cern.ch/mon/amalhotr/250325_213853:amalhotr_crab_DYto2Mu4Jets_Unpacker_100', 'None', '[]', '[]', 'cmsgwms-collector-global.cern.ch:9620,cmsgwms-collector-global.fnal.gov:9620', 'crab3@vocms0122.cern.ch', 'F', '[]', 'T', '/store/user/amalhotr/', 'F', 'None', 'F', 'None', 'DYto2Mu-4Jets_Bin-MLL-50_TuneCP5_13p6TeV_madgraphMLM-pythia8', 'None', '46abd81798f8172cc8a3a999c59ea9104a03ce5642e15b1dd94ed402b62ca33b.tar.gz', '124350952', 'F', '188.184.75.82', '100.0', 'None', '{"partialdataset": false, "requireaccelerator": false, "acceleratorparams": null, "inputblocks": null}', 'None', 'None', 'None', 'None', 'any', 'NOT_READY', '0', 'F']}
DEBUG 2025-03-26 01:47:23.499 UTC: 	 CRAB Client version: v3.250318
DEBUG 2025-03-26 01:47:23.499 UTC: 	 Running on: Linux lxplus940.cern.ch 5.14.0-503.22.1.el9_5.x86_64 #1 SMP PREEMPT_DYNAMIC Wed Jan 15 08:02:15 EST 2025 x86_64 x86_64 x86_64 GNU/Linux
DEBUG 2025-03-26 01:47:23.499 UTC: 	 Not using Singularity
DEBUG 2025-03-26 01:47:23.499 UTC: 	 Operating System: Red Hat Enterprise Linux 9.5 (Plow)
DEBUG 2025-03-26 01:47:23.499 UTC: 	 Executing command: 'status'
DEBUG 2025-03-26 01:47:23.499 UTC: 	 Found CRAB cache file /afs/cern.ch/user/a/amalhotr/.crab3
DEBUG 2025-03-26 01:47:23.590 UTC: 	 Checking credentials
DEBUG 2025-03-26 01:47:23.590 UTC: 	 Found proxy file /tmp/x509up_u180451
DEBUG 2025-03-26 01:47:23.590 UTC: 	 Making sure it has proper VOMS extension
DEBUG 2025-03-26 01:47:23.590 UTC: 	 Executing command :
 voms-proxy-info --vo --file /tmp/x509up_u180451
DEBUG 2025-03-26 01:47:23.909 UTC: 	 output : cms

 error: 
 retcode : 0
DEBUG 2025-03-26 01:47:23.909 UTC: 	 Getting proxy life time left
DEBUG 2025-03-26 01:47:23.909 UTC: 	 Executing command :
 voms-proxy-info --actimeleft --timeleft --file /tmp/x509up_u180451
DEBUG 2025-03-26 01:47:24.235 UTC: 	 output : 676224
676224

 error: 
 retcode : 0
DEBUG 2025-03-26 01:47:24.235 UTC: 	 Proxy valid for 187:50:24 hours
DEBUG 2025-03-26 01:47:24.235 UTC: 	 Encoded data for curl request: subresource=delegatedn
DEBUG 2025-03-26 01:47:24.273 UTC: 	 Registering user credentials on myproxy for /DC=ch/DC=cern/OU=computers/CN=crab-(preprod|prod)-tw(01|02).cern.ch|/DC=ch/DC=cern/OU=computers/CN=crab-dev-tw(01|02|03|04).cern.ch|/DC=ch/DC=cern/OU=Organic Units/OU=Users/CN=cmscrab/CN=(817881|373708)/CN=Robot: cms crab|/DC=ch/DC=cern/OU=Organic Units/OU=Users/CN=crabint1/CN=373708/CN=Robot: CMS CRAB Integration 1
DEBUG 2025-03-26 01:47:24.273 UTC: 	 Executing command :
 voms-proxy-info --identity --file /tmp/x509up_u180451
DEBUG 2025-03-26 01:47:24.599 UTC: 	 output : /DC=ch/DC=cern/OU=Organic Units/OU=Users/CN=amalhotr/CN=884837/CN=Aryan Malhotra

 error: 
 retcode : 0
DEBUG 2025-03-26 01:47:24.599 UTC: 	 Getting myproxy life time left for 2382a3cf28fdeacb1de9b039908761ea517a5ed6
DEBUG 2025-03-26 01:47:24.599 UTC: 	 Executing command :
 myproxy-info -s myproxy.cern.ch -l 2382a3cf28fdeacb1de9b039908761ea517a5ed6
DEBUG 2025-03-26 01:47:24.850 UTC: 	 output : username: 2382a3cf28fdeacb1de9b039908761ea517a5ed6
owner: /DC=ch/DC=cern/OU=Organic Units/OU=Users/CN=amalhotr/CN=884837/CN=Aryan Malhotra
  renewal policy: /DC=ch/DC=cern/OU=computers/CN=crab-(preprod|prod)-tw(01|02).cern.ch|/DC=ch/DC=cern/OU=computers/CN=crab-dev-tw(01|02|03|04).cern.ch|/DC=ch/DC=cern/OU=Organic Units/OU=Users/CN=cmscrab/CN=(817881|373708)/CN=Robot: cms crab|/DC=ch/DC=cern/OU=Organic Units/OU=Users/CN=crabint1/CN=373708/CN=Robot: CMS CRAB Integration 1
  trusted retrieval policy: /DC=ch/DC=cern/OU=computers/CN=crab-(preprod|prod)-tw(01|02).cern.ch|/DC=ch/DC=cern/OU=computers/CN=crab-dev-tw(01|02|03|04).cern.ch|/DC=ch/DC=cern/OU=Organic Units/OU=Users/CN=cmscrab/CN=(817881|373708)/CN=Robot: cms crab|/DC=ch/DC=cern/OU=Organic Units/OU=Users/CN=crabint1/CN=373708/CN=Robot: CMS CRAB Integration 1
  timeleft: 554:32:54  (23.1 days)

 error: 
 retcode : 0
DEBUG 2025-03-26 01:47:24.850 UTC: 	 Myproxy is valid: 1996320
DEBUG 2025-03-26 01:47:24.850 UTC: 	 Result of myproxy credential check:
  Credential exists on myproxy: username: 2382a3cf28fdeacb1de9b039908761ea517a5ed6  - validity: 23 days, 2:32:00
DEBUG 2025-03-26 01:47:24.850 UTC: 	 Retrieving username ...
DEBUG 2025-03-26 01:47:24.850 UTC: 	 Retrieving username from CRIC...
DEBUG 2025-03-26 01:47:25.553 UTC: 	 username is amalhotr
INFO 2025-03-26 01:47:26.006 UTC: 	 Rucio client intialized for account amalhotr
DEBUG 2025-03-26 01:47:26.007 UTC: 	 Command use: status
DEBUG 2025-03-26 01:47:26.007 UTC: 	 Options use: ['-d', './crab_DYto2Mu4Jets_Unpacker_100']
DEBUG 2025-03-26 01:47:26.007 UTC: 	 Encoded data for curl request: subresource=version
DEBUG 2025-03-26 01:47:26.044 UTC: 	 CRABClient version: v3.250318
DEBUG 2025-03-26 01:47:26.044 UTC: 	 Instance is prod
DEBUG 2025-03-26 01:47:26.044 UTC: 	 Server base url is cmsweb.cern.ch
DEBUG 2025-03-26 01:47:26.044 UTC: 	 Command api workflow
DEBUG 2025-03-26 01:47:26.045 UTC: 	 Encoded data for curl request: subresource=search&workflow=250325_213853%3Aamalhotr_crab_DYto2Mu4Jets_Unpacker_100
DEBUG 2025-03-26 01:47:26.094 UTC: 	 Got information from server oracle database: {'desc': {'columns': ['tm_taskname', 'tm_activity', 'tm_task_status', 'tm_task_command', 'tm_start_time', 'tm_start_injection', 'tm_end_injection', 'tm_task_failure', 'tm_job_sw', 'tm_job_arch', 'tm_input_dataset', 'tm_nonvalid_input_dataset', 'tm_use_parent', 'tm_site_whitelist', 'tm_site_blacklist', 'tm_split_algo', 'tm_split_args', 'tm_user_sandbox', 'tm_cache_url', 'tm_username', 'tm_user_dn', 'tm_user_vo', 'tm_user_role', 'tm_user_group', 'tm_publish_name', 'tm_publish_groupname', 'tm_asyncdest', 'tm_dbs_url', 'tm_publish_dbs_url', 'tm_publication', 'tm_outfiles', 'tm_tfile_outfiles', 'tm_edm_outfiles', 'tm_job_type', 'tm_generator', 'tm_events_per_lumi', 'tm_arguments', 'tm_save_logs', 'tw_name', 'tm_user_infiles', 'tm_maxjobruntime', 'tm_numcores', 'tm_maxmemory', 'tm_priority', 'tm_output_dataset', 'tm_task_warnings', 'tm_user_webdir', 'tm_scriptexe', 'tm_scriptargs', 'tm_extrajdl', 'tm_collector', 'tm_schedd', 'tm_dry_run', 'tm_user_files', 'tm_transfer_outputs', 'tm_output_lfn', 'tm_ignore_locality', 'tm_fail_limit', 'tm_one_event_mode', 'tm_secondary_input_dataset', 'tm_primary_dataset', 'tm_last_publication', 'tm_debug_files', 'clusterid', 'tm_ignore_global_blacklist', 'tm_submitter_ip_addr', 'tm_totalunits', 'tm_ddm_reqid', 'tm_user_config', 'tm_transfer_container', 'tm_transfer_rule', 'tm_publish_rule', 'tm_multipub_rule', 'tm_job_min_microarch', 'tm_dagman_status', 'tm_num_jobs', 'tm_uploaded']}, 'result': ['250325_213853:amalhotr_crab_DYto2Mu4Jets_Unpacker_100', 'None', 'SUBMITTED', 'SUBMIT', '2025-03-25 21:38:53.687169', 'None', '2025-03-25 21:41:08.064743', 'None', 'CMSSW_14_0_18_patch1', 'el9_amd64_gcc12', '/DYto2Mu-4Jets_Bin-MLL-50_TuneCP5_13p6TeV_madgraphMLM-pythia8/RunIII2024Summer24MiniAOD-140X_mcRun3_2024_realistic_v26-v2/MINIAODSIM', 'F', '0', '[]', '[]', 'FileBased', "{'halt_job_on_file_boundaries': False, 'splitOnRun': False, 'files_per_job': 5, 'runs': [], 'lumis': []}", '3347ab5ebddcbcf20e5a549cff91c4ac4d53283ca301d10bc07120adeaa8b0f2.tar.gz', 'https://cmsweb.cern.ch/S3/crabcache_prod', 'amalhotr', '/DC=ch/DC=cern/OU=Organic Units/OU=Users/CN=amalhotr/CN=884837/CN=Aryan Malhotra', 'cms', 'None', 'None', 'DYto2Mu4Jets_Unpacker_100-00000000000000000000000000000000', 'F', 'T2_BR_SPRACE', 'https://cmsweb.cern.ch/dbs/prod/global/DBSReader', 'https://cmsweb.cern.ch/dbs/prod/phys03/DBSWriter', 'T', '[]', '[]', "['HLTUnpackerOutputLarge.root']", 'Analysis', 'pythia', 'None', '{}', 'T', 'crab-prod-tw01', '[]', '1250', '1', '2000', '10', "['/DYto2Mu-4Jets_Bin-MLL-50_TuneCP5_13p6TeV_madgraphMLM-pythia8/amalhotr-DYto2Mu4Jets_Unpacker_100-49feb6938084587a06052f9676570a55/USER']", '[]', 'http://vocms0122.cern.ch/mon/amalhotr/250325_213853:amalhotr_crab_DYto2Mu4Jets_Unpacker_100', 'None', '[]', '[]', 'cmsgwms-collector-global.cern.ch:9620,cmsgwms-collector-global.fnal.gov:9620', 'crab3@vocms0122.cern.ch', 'F', '[]', 'T', '/store/user/amalhotr/', 'F', 'None', 'F', 'None', 'DYto2Mu-4Jets_Bin-MLL-50_TuneCP5_13p6TeV_madgraphMLM-pythia8', 'None', '46abd81798f8172cc8a3a999c59ea9104a03ce5642e15b1dd94ed402b62ca33b.tar.gz', '124350952', 'F', '188.184.75.82', '100.0', 'None', '{"partialdataset": false, "requireaccelerator": false, "acceleratorparams": null, "inputblocks": null}', 'None', 'None', 'None', 'None', 'any', 'NOT_READY', '0', 'F']}
INFO 2025-03-26 01:47:26.094 UTC: 	 CRAB project directory:		/afs/cern.ch/user/a/amalhotr/CMSSW_14_0_18_patch1/src/Run3ScoutingAnalysisTools/crab_DYto2Mu4Jets_Unpacker_100
INFO 2025-03-26 01:47:26.094 UTC: 	 Task name:			250325_213853:amalhotr_crab_DYto2Mu4Jets_Unpacker_100
INFO 2025-03-26 01:47:26.094 UTC: 	 Grid scheduler - Task Worker:	crab3@vocms0122.cern.ch - crab-prod-tw01
INFO 2025-03-26 01:47:26.094 UTC: 	 Status on the CRAB server:	SUBMITTED
INFO 2025-03-26 01:47:26.094 UTC: 	 Task URL to use for HELP:	https://cmsweb.cern.ch/crabserver/ui/task/250325_213853%3Aamalhotr_crab_DYto2Mu4Jets_Unpacker_100
INFO 2025-03-26 01:47:26.099 UTC: 	 Dashboard monitoring URL:	https://monit-grafana.cern.ch/d/cmsTMDetail/cms-task-monitoring-task-view?orgId=11&var-user=amalhotr&var-task=250325_213853%3Aamalhotr_crab_DYto2Mu4Jets_Unpacker_100&from=1742935133000&to=now
DEBUG 2025-03-26 01:47:26.100 UTC: 	 The CRAB server submitted your task to the Grid scheduler (cluster ID: 124350952)
DEBUG 2025-03-26 01:47:26.100 UTC: 	 Webdir is located at http://vocms0122.cern.ch/mon/amalhotr/250325_213853:amalhotr_crab_DYto2Mu4Jets_Unpacker_100
DEBUG 2025-03-26 01:47:26.100 UTC: 	 Encoded data for curl request: subresource=webdirprx&workflow=250325_213853%3Aamalhotr_crab_DYto2Mu4Jets_Unpacker_100
DEBUG 2025-03-26 01:47:26.149 UTC: 	 Proxied webdir is located at https://cmsweb.cern.ch:8443/scheddmon/0122/amalhotr/250325_213853:amalhotr_crab_DYto2Mu4Jets_Unpacker_100
DEBUG 2025-03-26 01:47:26.150 UTC: 	 Retrieving 'status_cache' file from https://cmsweb.cern.ch:8443/scheddmon/0122/amalhotr/250325_213853:amalhotr_crab_DYto2Mu4Jets_Unpacker_100/status_cache.pkl
DEBUG 2025-03-26 01:47:26.150 UTC: 	 Will execute:
curl -sS --capath /etc/grid-security/certificates --cert /tmp/x509up_u180451 --key /tmp/x509up_u180451 -o /tmp/crab_status-cache-m27evg1x.pkl -w %"{http_code}" "https://cmsweb.cern.ch:8443/scheddmon/0122/amalhotr/250325_213853:amalhotr_crab_DYto2Mu4Jets_Unpacker_100/status_cache.pkl"
DEBUG 2025-03-26 01:47:26.150 UTC: 	 Executing command :
 curl -sS --capath /etc/grid-security/certificates --cert /tmp/x509up_u180451 --key /tmp/x509up_u180451 -o /tmp/crab_status-cache-m27evg1x.pkl -w %"{http_code}" "https://cmsweb.cern.ch:8443/scheddmon/0122/amalhotr/250325_213853:amalhotr_crab_DYto2Mu4Jets_Unpacker_100/status_cache.pkl"
DEBUG 2025-03-26 01:47:26.182 UTC: 	 output : 200
 error: 
 retcode : 0
DEBUG 2025-03-26 01:47:26.182 UTC: 	 exitcode: 0
stdout: 200
stderr: 
error details: 
DEBUG 2025-03-26 01:47:26.182 UTC: 	 Got information from status cache file: {'7': {'Retries': 0, 'Restarts': 0, 'SiteHistory': ['Unknown', 'T2_IT_Legnaro', 'T2_IT_Legnaro'], 'ResidentSetSize': [1327032], 'SubmitTimes': [1742938941.0], 'StartTimes': [1742939160.0], 'EndTimes': [1742941680.0], 'TotalUserCpuTimeHistory': [1728], 'TotalSysCpuTimeHistory': [121], 'WallDurations': [9.0, 138.507226228714, 2520.0], 'JobIds': ['124350955.0'], 'State': 'finished', 'RecordedSite': True}, '14': {'Retries': 0, 'Restarts': 0, 'SiteHistory': ['Unknown', 'T1_UK_RAL', 'T1_UK_RAL'], 'ResidentSetSize': [1265248], 'SubmitTimes': [1742938941.0], 'StartTimes': [1742939021.0], 'EndTimes': [1742942752.0], 'TotalUserCpuTimeHistory': [1608], 'TotalSysCpuTimeHistory': [425], 'WallDurations': [8.0, 277.507226228714, 3731.0], 'JobIds': ['124350956.0'], 'State': 'finished', 'RecordedSite': True}, '13': {'Retries': 0, 'Restarts': 0, 'SiteHistory': ['Unknown', 'T1_UK_RAL', 'T1_UK_RAL'], 'ResidentSetSize': [1340176], 'SubmitTimes': [1742938941.0], 'StartTimes': [1742939022.0], 'EndTimes': [1742943121.0], 'TotalUserCpuTimeHistory': [1838], 'TotalSysCpuTimeHistory': [525], 'WallDurations': [8.0, 276.507226228714, 4099.0], 'JobIds': ['124350957.0'], 'State': 'finished', 'RecordedSite': True}, '18': {'Retries': 0, 'Restarts': 0, 'SiteHistory': ['Unknown', 'T1_UK_RAL', 'T1_UK_RAL'], 'ResidentSetSize': [1303732], 'SubmitTimes': [1742938942.0], 'StartTimes': [1742939023.0], 'EndTimes': [1742942865.0], 'TotalUserCpuTimeHistory': [1740], 'TotalSysCpuTimeHistory': [513], 'WallDurations': [8.0, 275.507226228714, 3842.0], 'JobIds': ['124350958.0'], 'State': 'finished', 'RecordedSite': True}, '15': {'Retries': 0, 'Restarts': 0, 'SiteHistory': ['Unknown', 'T1_UK_RAL', 'T1_UK_RAL'], 'ResidentSetSize': [1393036], 'SubmitTimes': [1742938942.0], 'StartTimes': [1742939022.0], 'EndTimes': [1742942970.0], 'TotalUserCpuTimeHistory': [1676], 'TotalSysCpuTimeHistory': [527], 'WallDurations': [8.0, 276.507226228714, 3948.0], 'JobIds': ['124350959.0'], 'State': 'finished', 'RecordedSite': True}, '1': {'Retries': 0, 'Restarts': 0, 'SiteHistory': ['Unknown', 'T2_UK_London_IC', 'T2_UK_London_IC'], 'ResidentSetSize': [1275176], 'SubmitTimes': [1742938942.0], 'StartTimes': [1742939160.0], 'EndTimes': [1742943179.0], 'TotalUserCpuTimeHistory': [1717], 'TotalSysCpuTimeHistory': [620], 'WallDurations': [9.0, 138.507226228714, 4019.0], 'JobIds': ['124350960.0'], 'State': 'finished', 'RecordedSite': True}, '2': {'Retries': 0, 'Restarts': 0, 'SiteHistory': ['Unknown', 'T2_UK_London_IC', 'T2_UK_London_IC'], 'ResidentSetSize': [689780], 'SubmitTimes': [1742938942.0], 'StartTimes': [1742939160.0], 'EndTimes': [1742940103.0], 'TotalUserCpuTimeHistory': [490], 'TotalSysCpuTimeHistory': [79], 'WallDurations': [9.0, 138.507226228714, 943.0], 'JobIds': ['124350961.0'], 'State': 'finished', 'RecordedSite': True}, '8': {'Retries': 0, 'Restarts': 0, 'SiteHistory': ['Unknown', 'T2_IT_Legnaro', 'T2_IT_Legnaro'], 'ResidentSetSize': [92916], 'SubmitTimes': [1742938942.0], 'StartTimes': [1742939160.0], 'EndTimes': [1742939417.0], 'TotalUserCpuTimeHistory': [150], 'TotalSysCpuTimeHistory': [13], 'WallDurations': [8.0, 138.507226228714, 257.0], 'JobIds': ['124350962.0'], 'State': 'finished', 'RecordedSite': True}, '9': {'Retries': 0, 'Restarts': 0, 'SiteHistory': ['Unknown', 'T2_DE_RWTH', 'T2_DE_RWTH'], 'ResidentSetSize': [638632], 'SubmitTimes': [1742938942.0], 'StartTimes': [1742939160.0], 'EndTimes': [1742939729.0], 'TotalUserCpuTimeHistory': [207], 'TotalSysCpuTimeHistory': [27], 'WallDurations': [9.0, 138.507226228714, 569.0], 'JobIds': ['124350963.0'], 'State': 'finished', 'RecordedSite': True}, '12': {'Retries': 0, 'Restarts': 0, 'SiteHistory': ['Unknown', 'T2_US_Vanderbilt', 'T2_US_Vanderbilt'], 'ResidentSetSize': [1162692], 'SubmitTimes': [1742938942.0], 'StartTimes': [1742939237.0], 'EndTimes': [1742939947.0], 'TotalUserCpuTimeHistory': [381], 'TotalSysCpuTimeHistory': [15], 'WallDurations': [8.0, 61.50722622871399, 710.0], 'JobIds': ['124350964.0'], 'State': 'finished', 'RecordedSite': True}, '6': {'Retries': 0, 'Restarts': 0, 'SiteHistory': ['Unknown', 'T2_IT_Legnaro', 'T2_IT_Legnaro'], 'ResidentSetSize': [1267868], 'SubmitTimes': [1742938942.0], 'StartTimes': [1742939160.0], 'EndTimes': [1742940886.0], 'TotalUserCpuTimeHistory': [1281], 'TotalSysCpuTimeHistory': [118], 'WallDurations': [9.0, 138.507226228714, 1726.0], 'JobIds': ['124350965.0'], 'State': 'finished', 'RecordedSite': True}, '10': {'Retries': 0, 'Restarts': 0, 'SiteHistory': ['Unknown', 'T2_DE_DESY', 'T2_DE_DESY'], 'ResidentSetSize': [512544], 'SubmitTimes': [1742938942.0], 'StartTimes': [1742939160.0], 'EndTimes': [1742939579.0], 'TotalUserCpuTimeHistory': [217], 'TotalSysCpuTimeHistory': [39], 'WallDurations': [9.0, 138.507226228714, 419.0], 'JobIds': ['124350966.0'], 'State': 'finished', 'RecordedSite': True}, '5': {'Retries': 0, 'Restarts': 0, 'SiteHistory': ['Unknown', 'T2_IT_Legnaro', 'T2_IT_Legnaro'], 'ResidentSetSize': [766480], 'SubmitTimes': [1742938942.0], 'StartTimes': [1742939160.0], 'EndTimes': [1742940338.0], 'TotalUserCpuTimeHistory': [911], 'TotalSysCpuTimeHistory': [86], 'WallDurations': [9.0, 138.507226228714, 1178.0], 'JobIds': ['124350967.0'], 'State': 'finished', 'RecordedSite': True}, '17': {'Retries': 0, 'Restarts': 0, 'SiteHistory': ['Unknown', 'T1_UK_RAL', 'T1_UK_RAL'], 'ResidentSetSize': [1333396], 'SubmitTimes': [1742938942.0], 'StartTimes': [1742939021.0], 'EndTimes': [1742942769.0], 'TotalUserCpuTimeHistory': [1593], 'TotalSysCpuTimeHistory': [486], 'WallDurations': [8.0, 277.507226228714, 3748.0], 'JobIds': ['124350968.0'], 'State': 'finished', 'RecordedSite': True}, '3': {'Retries': 0, 'Restarts': 0, 'SiteHistory': ['Unknown', 'T1_ES_PIC', 'T1_ES_PIC'], 'ResidentSetSize': [805408], 'SubmitTimes': [1742938942.0], 'StartTimes': [1742939023.0], 'EndTimes': [1742941610.0], 'TotalUserCpuTimeHistory': [1326], 'TotalSysCpuTimeHistory': [234], 'WallDurations': [9.0, 275.507226228714, 2587.0], 'JobIds': ['124350969.0'], 'State': 'finished', 'RecordedSite': True}, '11': {'Retries': 0, 'Restarts': 0, 'SiteHistory': ['Unknown', 'T2_IT_Pisa', 'T2_IT_Pisa'], 'ResidentSetSize': [505128], 'SubmitTimes': [1742938942.0], 'StartTimes': [1742939160.0], 'EndTimes': [1742940119.0], 'TotalUserCpuTimeHistory': [462], 'TotalSysCpuTimeHistory': [36], 'WallDurations': [9.0, 138.507226228714, 959.0], 'JobIds': ['124350970.0'], 'State': 'finished', 'RecordedSite': True}, '19': {'Retries': 0, 'Restarts': 0, 'SiteHistory': ['Unknown', 'T1_UK_RAL', 'T1_UK_RAL'], 'ResidentSetSize': [1179200], 'SubmitTimes': [1742938942.0], 'StartTimes': [1742939021.0], 'EndTimes': [1742943065.0], 'TotalUserCpuTimeHistory': [1606], 'TotalSysCpuTimeHistory': [436], 'WallDurations': [8.0, 277.507226228714, 4044.0], 'JobIds': ['124350971.0'], 'State': 'finished', 'RecordedSite': True}, '20': {'Retries': 0, 'Restarts': 0, 'SiteHistory': ['Unknown', 'T1_UK_RAL', 'T1_UK_RAL'], 'ResidentSetSize': [1351680], 'SubmitTimes': [1742938942.0], 'StartTimes': [1742939022.0], 'EndTimes': [1742943433.0], 'TotalUserCpuTimeHistory': [2001], 'TotalSysCpuTimeHistory': [582], 'WallDurations': [8.0, 276.507226228714, 4411.0], 'JobIds': ['124350972.0'], 'State': 'finished', 'RecordedSite': True}, '22': {'Retries': 0, 'Restarts': 0, 'SiteHistory': ['Unknown', 'T1_UK_RAL', 'T1_UK_RAL'], 'ResidentSetSize': [1343484], 'SubmitTimes': [1742938942.0], 'StartTimes': [1742939022.0], 'EndTimes': [1742943581.0], 'TotalUserCpuTimeHistory': [1890], 'TotalSysCpuTimeHistory': [553], 'WallDurations': [8.0, 276.507226228714, 4559.0], 'JobIds': ['124350973.0'], 'State': 'finished', 'RecordedSite': True}, '23': {'Retries': 0, 'Restarts': 0, 'SiteHistory': ['Unknown', 'T1_UK_RAL', 'T1_UK_RAL'], 'ResidentSetSize': [693748], 'SubmitTimes': [1742938943.0], 'StartTimes': [1742939022.0], 'EndTimes': [1742940565.0], 'TotalUserCpuTimeHistory': [632], 'TotalSysCpuTimeHistory': [220], 'WallDurations': [8.0, 276.507226228714, 1543.0], 'JobIds': ['124350974.0'], 'State': 'finished', 'RecordedSite': True}, '4': {'Retries': 0, 'Restarts': 0, 'SiteHistory': ['Unknown', 'T2_UK_London_IC', 'T2_UK_London_IC'], 'ResidentSetSize': [812848], 'SubmitTimes': [1742938943.0], 'StartTimes': [1742939160.0], 'EndTimes': [1742939955.0], 'TotalUserCpuTimeHistory': [326], 'TotalSysCpuTimeHistory': [105], 'WallDurations': [9.0, 138.507226228714, 795.0], 'JobIds': ['124350975.0'], 'State': 'finished', 'RecordedSite': True}, '24': {'Retries': 0, 'Restarts': 0, 'SiteHistory': ['Unknown', 'T1_FR_CCIN2P3', 'T1_FR_CCIN2P3'], 'ResidentSetSize': [616100], 'SubmitTimes': [1742938943.0], 'StartTimes': [1742939020.0], 'EndTimes': [1742939489.0], 'TotalUserCpuTimeHistory': [206], 'TotalSysCpuTimeHistory': [73], 'WallDurations': [9.0, 278.507226228714, 469.0], 'JobIds': ['124350976.0'], 'State': 'finished', 'RecordedSite': True}, '28': {'Retries': 0, 'Restarts': 0, 'SiteHistory': ['Unknown', 'T2_US_Vanderbilt', 'T2_US_Vanderbilt'], 'ResidentSetSize': [1160420], 'SubmitTimes': [1742938943.0], 'StartTimes': [1742939236.0], 'EndTimes': [1742939980.0], 'TotalUserCpuTimeHistory': [289], 'TotalSysCpuTimeHistory': [16], 'WallDurations': [9.0, 62.50722622871399, 744.0], 'JobIds': ['124350977.0'], 'State': 'finished', 'RecordedSite': True}, '27': {'Retries': 0, 'Restarts': 0, 'SiteHistory': ['Unknown', 'T2_US_UCSD', 'T2_US_UCSD'], 'ResidentSetSize': [1094944], 'SubmitTimes': [1742938943.0], 'StartTimes': [1742939243.0], 'EndTimes': [1742940579.0], 'TotalUserCpuTimeHistory': [488], 'TotalSysCpuTimeHistory': [33], 'WallDurations': [9.0, 55.50722622871399, 1336.0], 'JobIds': ['124350978.0'], 'State': 'finished', 'RecordedSite': True}, '26': {'Retries': 0, 'Restarts': 0, 'SiteHistory': ['Unknown', 'T1_FR_CCIN2P3', 'T1_FR_CCIN2P3'], 'ResidentSetSize': [678520], 'SubmitTimes': [1742938943.0], 'StartTimes': [1742939022.0], 'EndTimes': [1742940552.0], 'TotalUserCpuTimeHistory': [765], 'TotalSysCpuTimeHistory': [295], 'WallDurations': [8.0, 276.507226228714, 1530.0], 'JobIds': ['124350979.0'], 'State': 'finished', 'RecordedSite': True}, '29': {'Retries': 0, 'Restarts': 0, 'SiteHistory': ['Unknown', 'T1_UK_RAL', 'T1_UK_RAL'], 'ResidentSetSize': [791796], 'SubmitTimes': [1742938943.0], 'StartTimes': [1742939023.0], 'EndTimes': [1742939976.0], 'TotalUserCpuTimeHistory': [360], 'TotalSysCpuTimeHistory': [98], 'WallDurations': [8.0, 275.507226228714, 953.0], 'JobIds': ['124350980.0'], 'State': 'finished', 'RecordedSite': True}, '25': {'Retries': 0, 'Restarts': 0, 'SiteHistory': ['Unknown', 'T1_FR_CCIN2P3', 'T1_FR_CCIN2P3'], 'ResidentSetSize': [885772], 'SubmitTimes': [1742938943.0], 'StartTimes': [1742939023.0], 'EndTimes': [1742941862.0], 'TotalUserCpuTimeHistory': [1336], 'TotalSysCpuTimeHistory': [513], 'WallDurations': [9.0, 275.507226228714, 2839.0], 'JobIds': ['124350981.0'], 'State': 'finished', 'RecordedSite': True}, '21': {'Retries': 0, 'Restarts': 0, 'SiteHistory': ['Unknown', 'T1_UK_RAL', 'T1_UK_RAL'], 'ResidentSetSize': [1091408], 'SubmitTimes': [1742938943.0], 'StartTimes': [1742939021.0], 'EndTimes': [1742942941.0], 'TotalUserCpuTimeHistory': [1714], 'TotalSysCpuTimeHistory': [504], 'WallDurations': [8.0, 277.507226228714, 3920.0], 'JobIds': ['124350982.0'], 'State': 'finished', 'RecordedSite': True}, '16': {'Retries': 0, 'Restarts': 0, 'SiteHistory': ['Unknown', 'T1_UK_RAL', 'T1_UK_RAL'], 'ResidentSetSize': [854104], 'SubmitTimes': [1742938943.0], 'StartTimes': [1742939022.0], 'EndTimes': [1742942989.0], 'TotalUserCpuTimeHistory': [1703], 'TotalSysCpuTimeHistory': [500], 'WallDurations': [8.0, 276.507226228714, 3967.0], 'JobIds': ['124350983.0'], 'State': 'finished', 'RecordedSite': True}}
INFO 2025-03-26 01:47:26.182 UTC: 	 Status on the scheduler:	COMPLETED
INFO 2025-03-26 01:47:26.182 UTC: 	 
Jobs status:                    finished     		100.0% (29/29)
DEBUG 2025-03-26 01:47:26.183 UTC: 	 Encoded data for curl request: subresource=publicationstatus&workflow=250325_213853%3Aamalhotr_crab_DYto2Mu4Jets_Unpacker_100&username=amalhotr
INFO 2025-03-26 01:47:26.216 UTC: 	 
Publication status of 1 dataset(s):	new          		100.0% (29/29)
(from CRAB internal bookkeeping in transferdb)
INFO 2025-03-26 01:47:26.217 UTC: 	 
Output dataset:			/DYto2Mu-4Jets_Bin-MLL-50_TuneCP5_13p6TeV_madgraphMLM-pythia8/amalhotr-DYto2Mu4Jets_Unpacker_100-49feb6938084587a06052f9676570a55/USER
Output dataset DAS URL:		https://cmsweb.cern.ch/das/request?input=%2FDYto2Mu-4Jets_Bin-MLL-50_TuneCP5_13p6TeV_madgraphMLM-pythia8%2Famalhotr-DYto2Mu4Jets_Unpacker_100-49feb6938084587a06052f9676570a55%2FUSER&instance=prod%2Fphys03
INFO 2025-03-26 01:47:26.217 UTC: 	 
Warning: the max jobs runtime is less than 30% of the task requested value (1250 min), please consider to request a lower value for failed jobs (allowed through crab resubmit) and/or improve the jobs splitting (e.g. config.Data.splitting = 'Automatic') in a new task.
INFO 2025-03-26 01:47:26.217 UTC: 	 
Summary of run jobs:
 * Memory: 90MB min, 1360MB max, 951MB ave
 * Runtime: 0:04:17 min, 1:15:59 max, 0:38:08 ave
 * CPU eff: 39% min, 85% max, 58% ave
 * Waste: 1:43:56 (9% of total)

DEBUG 2025-03-26 01:47:26.218 UTC: 	 Retrieving locations for task 250325_213853:amalhotr_crab_DYto2Mu4Jets_Unpacker_100
DEBUG 2025-03-26 01:47:26.218 UTC: 	 Retrieving all file locations
DEBUG 2025-03-26 01:47:26.218 UTC: 	 Retrieving jobs [('jobids', '7'), ('jobids', '14'), ('jobids', '13'), ('jobids', '18'), ('jobids', '15'), ('jobids', '1'), ('jobids', '2'), ('jobids', '8'), ('jobids', '9'), ('jobids', '12'), ('jobids', '6'), ('jobids', '10'), ('jobids', '5'), ('jobids', '17'), ('jobids', '3'), ('jobids', '11'), ('jobids', '19'), ('jobids', '20'), ('jobids', '22'), ('jobids', '23'), ('jobids', '4'), ('jobids', '24'), ('jobids', '28'), ('jobids', '27'), ('jobids', '26'), ('jobids', '29'), ('jobids', '25'), ('jobids', '21'), ('jobids', '16')]
DEBUG 2025-03-26 01:47:26.218 UTC: 	 Encoded data for curl request: workflow=250325_213853%3Aamalhotr_crab_DYto2Mu4Jets_Unpacker_100&subresource=logs2&limit=-1&jobids=7&jobids=14&jobids=13&jobids=18&jobids=15&jobids=1&jobids=2&jobids=8&jobids=9&jobids=12&jobids=6&jobids=10&jobids=5&jobids=17&jobids=3&jobids=11&jobids=19&jobids=20&jobids=22&jobids=23&jobids=4&jobids=24&jobids=28&jobids=27&jobids=26&jobids=29&jobids=25&jobids=21&jobids=16
DEBUG 2025-03-26 01:47:26.286 UTC: 	 Server result: {'result': [{'jobid': '22', 'lfn': '/store/user/amalhotr/DYto2Mu-4Jets_Bin-MLL-50_TuneCP5_13p6TeV_madgraphMLM-pythia8/DYto2Mu4Jets_Unpacker_100/250325_213853/0000/log/cmsRun_22.log.tar.gz', 'site': 'T2_BR_SPRACE', 'tmplfn': '/store/user/amalhotr/DYto2Mu-4Jets_Bin-MLL-50_TuneCP5_13p6TeV_madgraphMLM-pythia8/DYto2Mu4Jets_Unpacker_100/250325_213853/0000/log/cmsRun_22.log.tar.gz', 'tmpsite': 'T1_UK_RAL_Disk', 'directstageout': 'F', 'size': 12761, 'checksum': {'cksum': 3701783610, 'md5': '6d1096fe', 'adler32': '6d1096fe'}}, {'jobid': '20', 'lfn': '/store/user/amalhotr/DYto2Mu-4Jets_Bin-MLL-50_TuneCP5_13p6TeV_madgraphMLM-pythia8/DYto2Mu4Jets_Unpacker_100/250325_213853/0000/log/cmsRun_20.log.tar.gz', 'site': 'T2_BR_SPRACE', 'tmplfn': '/store/user/amalhotr/DYto2Mu-4Jets_Bin-MLL-50_TuneCP5_13p6TeV_madgraphMLM-pythia8/DYto2Mu4Jets_Unpacker_100/250325_213853/0000/log/cmsRun_20.log.tar.gz', 'tmpsite': 'T1_UK_RAL_Disk', 'directstageout': 'F', 'size': 12877, 'checksum': {'cksum': 3701783610, 'md5': '6d1096fe', 'adler32': '6d1096fe'}}, {'jobid': '1', 'lfn': '/store/user/amalhotr/DYto2Mu-4Jets_Bin-MLL-50_TuneCP5_13p6TeV_madgraphMLM-pythia8/DYto2Mu4Jets_Unpacker_100/250325_213853/0000/log/cmsRun_1.log.tar.gz', 'site': 'T2_BR_SPRACE', 'tmplfn': '/store/user/amalhotr/DYto2Mu-4Jets_Bin-MLL-50_TuneCP5_13p6TeV_madgraphMLM-pythia8/DYto2Mu4Jets_Unpacker_100/250325_213853/0000/log/cmsRun_1.log.tar.gz', 'tmpsite': 'T2_UK_London_IC', 'directstageout': 'F', 'size': 11133, 'checksum': {'cksum': 3701783610, 'md5': '6d1096fe', 'adler32': '6d1096fe'}}, {'jobid': '13', 'lfn': '/store/user/amalhotr/DYto2Mu-4Jets_Bin-MLL-50_TuneCP5_13p6TeV_madgraphMLM-pythia8/DYto2Mu4Jets_Unpacker_100/250325_213853/0000/log/cmsRun_13.log.tar.gz', 'site': 'T2_BR_SPRACE', 'tmplfn': '/store/user/amalhotr/DYto2Mu-4Jets_Bin-MLL-50_TuneCP5_13p6TeV_madgraphMLM-pythia8/DYto2Mu4Jets_Unpacker_100/250325_213853/0000/log/cmsRun_13.log.tar.gz', 'tmpsite': 'T1_UK_RAL_Disk', 'directstageout': 'F', 'size': 12760, 'checksum': {'cksum': 3701783610, 'md5': '6d1096fe', 'adler32': '6d1096fe'}}, {'jobid': '19', 'lfn': '/store/user/amalhotr/DYto2Mu-4Jets_Bin-MLL-50_TuneCP5_13p6TeV_madgraphMLM-pythia8/DYto2Mu4Jets_Unpacker_100/250325_213853/0000/log/cmsRun_19.log.tar.gz', 'site': 'T2_BR_SPRACE', 'tmplfn': '/store/user/amalhotr/DYto2Mu-4Jets_Bin-MLL-50_TuneCP5_13p6TeV_madgraphMLM-pythia8/DYto2Mu4Jets_Unpacker_100/250325_213853/0000/log/cmsRun_19.log.tar.gz', 'tmpsite': 'T1_UK_RAL_Disk', 'directstageout': 'F', 'size': 12627, 'checksum': {'cksum': 3701783610, 'md5': '6d1096fe', 'adler32': '6d1096fe'}}, {'jobid': '16', 'lfn': '/store/user/amalhotr/DYto2Mu-4Jets_Bin-MLL-50_TuneCP5_13p6TeV_madgraphMLM-pythia8/DYto2Mu4Jets_Unpacker_100/250325_213853/0000/log/cmsRun_16.log.tar.gz', 'site': 'T2_BR_SPRACE', 'tmplfn': '/store/user/amalhotr/DYto2Mu-4Jets_Bin-MLL-50_TuneCP5_13p6TeV_madgraphMLM-pythia8/DYto2Mu4Jets_Unpacker_100/250325_213853/0000/log/cmsRun_16.log.tar.gz', 'tmpsite': 'T1_UK_RAL_Disk', 'directstageout': 'F', 'size': 12856, 'checksum': {'cksum': 3701783610, 'md5': '6d1096fe', 'adler32': '6d1096fe'}}, {'jobid': '15', 'lfn': '/store/user/amalhotr/DYto2Mu-4Jets_Bin-MLL-50_TuneCP5_13p6TeV_madgraphMLM-pythia8/DYto2Mu4Jets_Unpacker_100/250325_213853/0000/log/cmsRun_15.log.tar.gz', 'site': 'T2_BR_SPRACE', 'tmplfn': '/store/user/amalhotr/DYto2Mu-4Jets_Bin-MLL-50_TuneCP5_13p6TeV_madgraphMLM-pythia8/DYto2Mu4Jets_Unpacker_100/250325_213853/0000/log/cmsRun_15.log.tar.gz', 'tmpsite': 'T1_UK_RAL_Disk', 'directstageout': 'F', 'size': 12857, 'checksum': {'cksum': 3701783610, 'md5': '6d1096fe', 'adler32': '6d1096fe'}}, {'jobid': '21', 'lfn': '/store/user/amalhotr/DYto2Mu-4Jets_Bin-MLL-50_TuneCP5_13p6TeV_madgraphMLM-pythia8/DYto2Mu4Jets_Unpacker_100/250325_213853/0000/log/cmsRun_21.log.tar.gz', 'site': 'T2_BR_SPRACE', 'tmplfn': '/store/user/amalhotr/DYto2Mu-4Jets_Bin-MLL-50_TuneCP5_13p6TeV_madgraphMLM-pythia8/DYto2Mu4Jets_Unpacker_100/250325_213853/0000/log/cmsRun_21.log.tar.gz', 'tmpsite': 'T1_UK_RAL_Disk', 'directstageout': 'F', 'size': 12940, 'checksum': {'cksum': 3701783610, 'md5': '6d1096fe', 'adler32': '6d1096fe'}}, {'jobid': '18', 'lfn': '/store/user/amalhotr/DYto2Mu-4Jets_Bin-MLL-50_TuneCP5_13p6TeV_madgraphMLM-pythia8/DYto2Mu4Jets_Unpacker_100/250325_213853/0000/log/cmsRun_18.log.tar.gz', 'site': 'T2_BR_SPRACE', 'tmplfn': '/store/user/amalhotr/DYto2Mu-4Jets_Bin-MLL-50_TuneCP5_13p6TeV_madgraphMLM-pythia8/DYto2Mu4Jets_Unpacker_100/250325_213853/0000/log/cmsRun_18.log.tar.gz', 'tmpsite': 'T1_UK_RAL_Disk', 'directstageout': 'F', 'size': 12434, 'checksum': {'cksum': 3701783610, 'md5': '6d1096fe', 'adler32': '6d1096fe'}}, {'jobid': '17', 'lfn': '/store/user/amalhotr/DYto2Mu-4Jets_Bin-MLL-50_TuneCP5_13p6TeV_madgraphMLM-pythia8/DYto2Mu4Jets_Unpacker_100/250325_213853/0000/log/cmsRun_17.log.tar.gz', 'site': 'T2_BR_SPRACE', 'tmplfn': '/store/user/amalhotr/DYto2Mu-4Jets_Bin-MLL-50_TuneCP5_13p6TeV_madgraphMLM-pythia8/DYto2Mu4Jets_Unpacker_100/250325_213853/0000/log/cmsRun_17.log.tar.gz', 'tmpsite': 'T1_UK_RAL_Disk', 'directstageout': 'F', 'size': 12556, 'checksum': {'cksum': 3701783610, 'md5': '6d1096fe', 'adler32': '6d1096fe'}}, {'jobid': '14', 'lfn': '/store/user/amalhotr/DYto2Mu-4Jets_Bin-MLL-50_TuneCP5_13p6TeV_madgraphMLM-pythia8/DYto2Mu4Jets_Unpacker_100/250325_213853/0000/log/cmsRun_14.log.tar.gz', 'site': 'T2_BR_SPRACE', 'tmplfn': '/store/user/amalhotr/DYto2Mu-4Jets_Bin-MLL-50_TuneCP5_13p6TeV_madgraphMLM-pythia8/DYto2Mu4Jets_Unpacker_100/250325_213853/0000/log/cmsRun_14.log.tar.gz', 'tmpsite': 'T1_UK_RAL_Disk', 'directstageout': 'F', 'size': 12588, 'checksum': {'cksum': 3701783610, 'md5': '6d1096fe', 'adler32': '6d1096fe'}}, {'jobid': '25', 'lfn': '/store/user/amalhotr/DYto2Mu-4Jets_Bin-MLL-50_TuneCP5_13p6TeV_madgraphMLM-pythia8/DYto2Mu4Jets_Unpacker_100/250325_213853/0000/log/cmsRun_25.log.tar.gz', 'site': 'T2_BR_SPRACE', 'tmplfn': '/store/user/amalhotr/DYto2Mu-4Jets_Bin-MLL-50_TuneCP5_13p6TeV_madgraphMLM-pythia8/DYto2Mu4Jets_Unpacker_100/250325_213853/0000/log/cmsRun_25.log.tar.gz', 'tmpsite': 'T1_FR_CCIN2P3_Disk', 'directstageout': 'F', 'size': 10969, 'checksum': {'cksum': 3701783610, 'md5': '6d1096fe', 'adler32': '6d1096fe'}}, {'jobid': '7', 'lfn': '/store/user/amalhotr/DYto2Mu-4Jets_Bin-MLL-50_TuneCP5_13p6TeV_madgraphMLM-pythia8/DYto2Mu4Jets_Unpacker_100/250325_213853/0000/log/cmsRun_7.log.tar.gz', 'site': 'T2_BR_SPRACE', 'tmplfn': '/store/user/amalhotr/DYto2Mu-4Jets_Bin-MLL-50_TuneCP5_13p6TeV_madgraphMLM-pythia8/DYto2Mu4Jets_Unpacker_100/250325_213853/0000/log/cmsRun_7.log.tar.gz', 'tmpsite': 'T2_IT_Legnaro', 'directstageout': 'F', 'size': 12003, 'checksum': {'cksum': 3701783610, 'md5': '6d1096fe', 'adler32': '6d1096fe'}}, {'jobid': '3', 'lfn': '/store/user/amalhotr/DYto2Mu-4Jets_Bin-MLL-50_TuneCP5_13p6TeV_madgraphMLM-pythia8/DYto2Mu4Jets_Unpacker_100/250325_213853/0000/log/cmsRun_3.log.tar.gz', 'site': 'T2_BR_SPRACE', 'tmplfn': '/store/user/amalhotr/DYto2Mu-4Jets_Bin-MLL-50_TuneCP5_13p6TeV_madgraphMLM-pythia8/DYto2Mu4Jets_Unpacker_100/250325_213853/0000/log/cmsRun_3.log.tar.gz', 'tmpsite': 'T1_ES_PIC_Disk', 'directstageout': 'F', 'size': 11011, 'checksum': {'cksum': 3701783610, 'md5': '6d1096fe', 'adler32': '6d1096fe'}}, {'jobid': '6', 'lfn': '/store/user/amalhotr/DYto2Mu-4Jets_Bin-MLL-50_TuneCP5_13p6TeV_madgraphMLM-pythia8/DYto2Mu4Jets_Unpacker_100/250325_213853/0000/log/cmsRun_6.log.tar.gz', 'site': 'T2_BR_SPRACE', 'tmplfn': '/store/user/amalhotr/DYto2Mu-4Jets_Bin-MLL-50_TuneCP5_13p6TeV_madgraphMLM-pythia8/DYto2Mu4Jets_Unpacker_100/250325_213853/0000/log/cmsRun_6.log.tar.gz', 'tmpsite': 'T2_IT_Legnaro', 'directstageout': 'F', 'size': 11325, 'checksum': {'cksum': 3701783610, 'md5': '6d1096fe', 'adler32': '6d1096fe'}}, {'jobid': '27', 'lfn': '/store/user/amalhotr/DYto2Mu-4Jets_Bin-MLL-50_TuneCP5_13p6TeV_madgraphMLM-pythia8/DYto2Mu4Jets_Unpacker_100/250325_213853/0000/log/cmsRun_27.log.tar.gz', 'site': 'T2_BR_SPRACE', 'tmplfn': '/store/user/amalhotr/DYto2Mu-4Jets_Bin-MLL-50_TuneCP5_13p6TeV_madgraphMLM-pythia8/DYto2Mu4Jets_Unpacker_100/250325_213853/0000/log/cmsRun_27.log.tar.gz', 'tmpsite': 'T2_US_UCSD', 'directstageout': 'F', 'size': 8430, 'checksum': {'cksum': 3701783610, 'md5': '6d1096fe', 'adler32': '6d1096fe'}}, {'jobid': '23', 'lfn': '/store/user/amalhotr/DYto2Mu-4Jets_Bin-MLL-50_TuneCP5_13p6TeV_madgraphMLM-pythia8/DYto2Mu4Jets_Unpacker_100/250325_213853/0000/log/cmsRun_23.log.tar.gz', 'site': 'T2_BR_SPRACE', 'tmplfn': '/store/user/amalhotr/DYto2Mu-4Jets_Bin-MLL-50_TuneCP5_13p6TeV_madgraphMLM-pythia8/DYto2Mu4Jets_Unpacker_100/250325_213853/0000/log/cmsRun_23.log.tar.gz', 'tmpsite': 'T1_UK_RAL_Disk', 'directstageout': 'F', 'size': 8820, 'checksum': {'cksum': 3701783610, 'md5': '6d1096fe', 'adler32': '6d1096fe'}}, {'jobid': '26', 'lfn': '/store/user/amalhotr/DYto2Mu-4Jets_Bin-MLL-50_TuneCP5_13p6TeV_madgraphMLM-pythia8/DYto2Mu4Jets_Unpacker_100/250325_213853/0000/log/cmsRun_26.log.tar.gz', 'site': 'T2_BR_SPRACE', 'tmplfn': '/store/user/amalhotr/DYto2Mu-4Jets_Bin-MLL-50_TuneCP5_13p6TeV_madgraphMLM-pythia8/DYto2Mu4Jets_Unpacker_100/250325_213853/0000/log/cmsRun_26.log.tar.gz', 'tmpsite': 'T1_FR_CCIN2P3_Disk', 'directstageout': 'F', 'size': 8862, 'checksum': {'cksum': 3701783610, 'md5': '6d1096fe', 'adler32': '6d1096fe'}}, {'jobid': '5', 'lfn': '/store/user/amalhotr/DYto2Mu-4Jets_Bin-MLL-50_TuneCP5_13p6TeV_madgraphMLM-pythia8/DYto2Mu4Jets_Unpacker_100/250325_213853/0000/log/cmsRun_5.log.tar.gz', 'site': 'T2_BR_SPRACE', 'tmplfn': '/store/user/amalhotr/DYto2Mu-4Jets_Bin-MLL-50_TuneCP5_13p6TeV_madgraphMLM-pythia8/DYto2Mu4Jets_Unpacker_100/250325_213853/0000/log/cmsRun_5.log.tar.gz', 'tmpsite': 'T2_IT_Legnaro', 'directstageout': 'F', 'size': 11385, 'checksum': {'cksum': 3701783610, 'md5': '6d1096fe', 'adler32': '6d1096fe'}}, {'jobid': '11', 'lfn': '/store/user/amalhotr/DYto2Mu-4Jets_Bin-MLL-50_TuneCP5_13p6TeV_madgraphMLM-pythia8/DYto2Mu4Jets_Unpacker_100/250325_213853/0000/log/cmsRun_11.log.tar.gz', 'site': 'T2_BR_SPRACE', 'tmplfn': '/store/user/amalhotr/DYto2Mu-4Jets_Bin-MLL-50_TuneCP5_13p6TeV_madgraphMLM-pythia8/DYto2Mu4Jets_Unpacker_100/250325_213853/0000/log/cmsRun_11.log.tar.gz', 'tmpsite': 'T2_IT_Pisa', 'directstageout': 'F', 'size': 7151, 'checksum': {'cksum': 3701783610, 'md5': '6d1096fe', 'adler32': '6d1096fe'}}, {'jobid': '2', 'lfn': '/store/user/amalhotr/DYto2Mu-4Jets_Bin-MLL-50_TuneCP5_13p6TeV_madgraphMLM-pythia8/DYto2Mu4Jets_Unpacker_100/250325_213853/0000/log/cmsRun_2.log.tar.gz', 'site': 'T2_BR_SPRACE', 'tmplfn': '/store/user/amalhotr/DYto2Mu-4Jets_Bin-MLL-50_TuneCP5_13p6TeV_madgraphMLM-pythia8/DYto2Mu4Jets_Unpacker_100/250325_213853/0000/log/cmsRun_2.log.tar.gz', 'tmpsite': 'T2_UK_London_IC', 'directstageout': 'F', 'size': 7011, 'checksum': {'cksum': 3701783610, 'md5': '6d1096fe', 'adler32': '6d1096fe'}}, {'jobid': '28', 'lfn': '/store/user/amalhotr/DYto2Mu-4Jets_Bin-MLL-50_TuneCP5_13p6TeV_madgraphMLM-pythia8/DYto2Mu4Jets_Unpacker_100/250325_213853/0000/log/cmsRun_28.log.tar.gz', 'site': 'T2_BR_SPRACE', 'tmplfn': '/store/user/amalhotr/DYto2Mu-4Jets_Bin-MLL-50_TuneCP5_13p6TeV_madgraphMLM-pythia8/DYto2Mu4Jets_Unpacker_100/250325_213853/0000/log/cmsRun_28.log.tar.gz', 'tmpsite': 'T2_US_Vanderbilt', 'directstageout': 'F', 'size': 6623, 'checksum': {'cksum': 3701783610, 'md5': '6d1096fe', 'adler32': '6d1096fe'}}, {'jobid': '29', 'lfn': '/store/user/amalhotr/DYto2Mu-4Jets_Bin-MLL-50_TuneCP5_13p6TeV_madgraphMLM-pythia8/DYto2Mu4Jets_Unpacker_100/250325_213853/0000/log/cmsRun_29.log.tar.gz', 'site': 'T2_BR_SPRACE', 'tmplfn': '/store/user/amalhotr/DYto2Mu-4Jets_Bin-MLL-50_TuneCP5_13p6TeV_madgraphMLM-pythia8/DYto2Mu4Jets_Unpacker_100/250325_213853/0000/log/cmsRun_29.log.tar.gz', 'tmpsite': 'T1_UK_RAL_Disk', 'directstageout': 'F', 'size': 8114, 'checksum': {'cksum': 3701783610, 'md5': '6d1096fe', 'adler32': '6d1096fe'}}, {'jobid': '4', 'lfn': '/store/user/amalhotr/DYto2Mu-4Jets_Bin-MLL-50_TuneCP5_13p6TeV_madgraphMLM-pythia8/DYto2Mu4Jets_Unpacker_100/250325_213853/0000/log/cmsRun_4.log.tar.gz', 'site': 'T2_BR_SPRACE', 'tmplfn': '/store/user/amalhotr/DYto2Mu-4Jets_Bin-MLL-50_TuneCP5_13p6TeV_madgraphMLM-pythia8/DYto2Mu4Jets_Unpacker_100/250325_213853/0000/log/cmsRun_4.log.tar.gz', 'tmpsite': 'T2_UK_London_IC', 'directstageout': 'F', 'size': 6734, 'checksum': {'cksum': 3701783610, 'md5': '6d1096fe', 'adler32': '6d1096fe'}}, {'jobid': '12', 'lfn': '/store/user/amalhotr/DYto2Mu-4Jets_Bin-MLL-50_TuneCP5_13p6TeV_madgraphMLM-pythia8/DYto2Mu4Jets_Unpacker_100/250325_213853/0000/log/cmsRun_12.log.tar.gz', 'site': 'T2_BR_SPRACE', 'tmplfn': '/store/user/amalhotr/DYto2Mu-4Jets_Bin-MLL-50_TuneCP5_13p6TeV_madgraphMLM-pythia8/DYto2Mu4Jets_Unpacker_100/250325_213853/0000/log/cmsRun_12.log.tar.gz', 'tmpsite': 'T2_US_Vanderbilt', 'directstageout': 'F', 'size': 6412, 'checksum': {'cksum': 3701783610, 'md5': '6d1096fe', 'adler32': '6d1096fe'}}, {'jobid': '9', 'lfn': '/store/user/amalhotr/DYto2Mu-4Jets_Bin-MLL-50_TuneCP5_13p6TeV_madgraphMLM-pythia8/DYto2Mu4Jets_Unpacker_100/250325_213853/0000/log/cmsRun_9.log.tar.gz', 'site': 'T2_BR_SPRACE', 'tmplfn': '/store/user/amalhotr/DYto2Mu-4Jets_Bin-MLL-50_TuneCP5_13p6TeV_madgraphMLM-pythia8/DYto2Mu4Jets_Unpacker_100/250325_213853/0000/log/cmsRun_9.log.tar.gz', 'tmpsite': 'T2_DE_RWTH', 'directstageout': 'F', 'size': 6498, 'checksum': {'cksum': 3701783610, 'md5': '6d1096fe', 'adler32': '6d1096fe'}}, {'jobid': '10', 'lfn': '/store/user/amalhotr/DYto2Mu-4Jets_Bin-MLL-50_TuneCP5_13p6TeV_madgraphMLM-pythia8/DYto2Mu4Jets_Unpacker_100/250325_213853/0000/log/cmsRun_10.log.tar.gz', 'site': 'T2_BR_SPRACE', 'tmplfn': '/store/user/amalhotr/DYto2Mu-4Jets_Bin-MLL-50_TuneCP5_13p6TeV_madgraphMLM-pythia8/DYto2Mu4Jets_Unpacker_100/250325_213853/0000/log/cmsRun_10.log.tar.gz', 'tmpsite': 'T2_DE_DESY', 'directstageout': 'F', 'size': 7071, 'checksum': {'cksum': 3701783610, 'md5': '6d1096fe', 'adler32': '6d1096fe'}}, {'jobid': '24', 'lfn': '/store/user/amalhotr/DYto2Mu-4Jets_Bin-MLL-50_TuneCP5_13p6TeV_madgraphMLM-pythia8/DYto2Mu4Jets_Unpacker_100/250325_213853/0000/log/cmsRun_24.log.tar.gz', 'site': 'T2_BR_SPRACE', 'tmplfn': '/store/user/amalhotr/DYto2Mu-4Jets_Bin-MLL-50_TuneCP5_13p6TeV_madgraphMLM-pythia8/DYto2Mu4Jets_Unpacker_100/250325_213853/0000/log/cmsRun_24.log.tar.gz', 'tmpsite': 'T1_FR_CCIN2P3_Disk', 'directstageout': 'F', 'size': 6649, 'checksum': {'cksum': 3701783610, 'md5': '6d1096fe', 'adler32': '6d1096fe'}}, {'jobid': '8', 'lfn': '/store/user/amalhotr/DYto2Mu-4Jets_Bin-MLL-50_TuneCP5_13p6TeV_madgraphMLM-pythia8/DYto2Mu4Jets_Unpacker_100/250325_213853/0000/log/cmsRun_8.log.tar.gz', 'site': 'T2_BR_SPRACE', 'tmplfn': '/store/user/amalhotr/DYto2Mu-4Jets_Bin-MLL-50_TuneCP5_13p6TeV_madgraphMLM-pythia8/DYto2Mu4Jets_Unpacker_100/250325_213853/0000/log/cmsRun_8.log.tar.gz', 'tmpsite': 'T2_IT_Legnaro', 'directstageout': 'F', 'size': 6710, 'checksum': {'cksum': 3701783610, 'md5': '6d1096fe', 'adler32': '6d1096fe'}}]}
INFO 2025-03-26 01:47:26.287 UTC: 	 Setting the destination to /afs/cern.ch/user/a/amalhotr/CMSSW_14_0_18_patch1/src/Run3ScoutingAnalysisTools/crab_DYto2Mu4Jets_Unpacker_100/results 
INFO 2025-03-26 01:47:26.287 UTC: 	 Retrieving 29 files
DEBUG 2025-03-26 01:47:26.302 UTC: 	 CRAB Client version: v3.250318
DEBUG 2025-03-26 01:47:26.302 UTC: 	 Running on: Linux lxplus940.cern.ch 5.14.0-503.22.1.el9_5.x86_64 #1 SMP PREEMPT_DYNAMIC Wed Jan 15 08:02:15 EST 2025 x86_64 x86_64 x86_64 GNU/Linux
DEBUG 2025-03-26 01:47:26.302 UTC: 	 Not using Singularity
DEBUG 2025-03-26 01:47:26.302 UTC: 	 Operating System: Red Hat Enterprise Linux 9.5 (Plow)
DEBUG 2025-03-26 01:47:26.302 UTC: 	 Executing command: 'remote_copy'
DEBUG 2025-03-26 01:47:26.303 UTC: 	 Found CRAB cache file /afs/cern.ch/user/a/amalhotr/.crab3
DEBUG 2025-03-26 01:47:26.309 UTC: 	 Skipping proxy creation
DEBUG 2025-03-26 01:47:26.309 UTC: 	 Retrieving username ...
DEBUG 2025-03-26 01:47:26.309 UTC: 	 Retrieving username from CRIC...
DEBUG 2025-03-26 01:47:26.943 UTC: 	 username is amalhotr
INFO 2025-03-26 01:47:26.964 UTC: 	 Rucio client intialized for account amalhotr
DEBUG 2025-03-26 01:47:26.964 UTC: 	 Command use: remote_copy
DEBUG 2025-03-26 01:47:26.964 UTC: 	 Options use: ['--destination', '/afs/cern.ch/user/a/amalhotr/CMSSW_14_0_18_patch1/src/Run3ScoutingAnalysisTools/crab_DYto2Mu4Jets_Unpacker_100/results', '--input', [{'jobid': '22', 'lfn': '/store/user/amalhotr/DYto2Mu-4Jets_Bin-MLL-50_TuneCP5_13p6TeV_madgraphMLM-pythia8/DYto2Mu4Jets_Unpacker_100/250325_213853/0000/log/cmsRun_22.log.tar.gz', 'site': 'T2_BR_SPRACE', 'tmplfn': '/store/user/amalhotr/DYto2Mu-4Jets_Bin-MLL-50_TuneCP5_13p6TeV_madgraphMLM-pythia8/DYto2Mu4Jets_Unpacker_100/250325_213853/0000/log/cmsRun_22.log.tar.gz', 'tmpsite': 'T1_UK_RAL_Disk', 'directstageout': 'F', 'size': 12761, 'checksum': {'cksum': 3701783610, 'md5': '6d1096fe', 'adler32': '6d1096fe'}, 'pfn': 'root://cms-xrd-global.cern.ch//store/user/amalhotr/DYto2Mu-4Jets_Bin-MLL-50_TuneCP5_13p6TeV_madgraphMLM-pythia8/DYto2Mu4Jets_Unpacker_100/250325_213853/0000/log/cmsRun_22.log.tar.gz'}, {'jobid': '20', 'lfn': '/store/user/amalhotr/DYto2Mu-4Jets_Bin-MLL-50_TuneCP5_13p6TeV_madgraphMLM-pythia8/DYto2Mu4Jets_Unpacker_100/250325_213853/0000/log/cmsRun_20.log.tar.gz', 'site': 'T2_BR_SPRACE', 'tmplfn': '/store/user/amalhotr/DYto2Mu-4Jets_Bin-MLL-50_TuneCP5_13p6TeV_madgraphMLM-pythia8/DYto2Mu4Jets_Unpacker_100/250325_213853/0000/log/cmsRun_20.log.tar.gz', 'tmpsite': 'T1_UK_RAL_Disk', 'directstageout': 'F', 'size': 12877, 'checksum': {'cksum': 3701783610, 'md5': '6d1096fe', 'adler32': '6d1096fe'}, 'pfn': 'root://cms-xrd-global.cern.ch//store/user/amalhotr/DYto2Mu-4Jets_Bin-MLL-50_TuneCP5_13p6TeV_madgraphMLM-pythia8/DYto2Mu4Jets_Unpacker_100/250325_213853/0000/log/cmsRun_20.log.tar.gz'}, {'jobid': '1', 'lfn': '/store/user/amalhotr/DYto2Mu-4Jets_Bin-MLL-50_TuneCP5_13p6TeV_madgraphMLM-pythia8/DYto2Mu4Jets_Unpacker_100/250325_213853/0000/log/cmsRun_1.log.tar.gz', 'site': 'T2_BR_SPRACE', 'tmplfn': '/store/user/amalhotr/DYto2Mu-4Jets_Bin-MLL-50_TuneCP5_13p6TeV_madgraphMLM-pythia8/DYto2Mu4Jets_Unpacker_100/250325_213853/0000/log/cmsRun_1.log.tar.gz', 'tmpsite': 'T2_UK_London_IC', 'directstageout': 'F', 'size': 11133, 'checksum': {'cksum': 3701783610, 'md5': '6d1096fe', 'adler32': '6d1096fe'}, 'pfn': 'root://cms-xrd-global.cern.ch//store/user/amalhotr/DYto2Mu-4Jets_Bin-MLL-50_TuneCP5_13p6TeV_madgraphMLM-pythia8/DYto2Mu4Jets_Unpacker_100/250325_213853/0000/log/cmsRun_1.log.tar.gz'}, {'jobid': '13', 'lfn': '/store/user/amalhotr/DYto2Mu-4Jets_Bin-MLL-50_TuneCP5_13p6TeV_madgraphMLM-pythia8/DYto2Mu4Jets_Unpacker_100/250325_213853/0000/log/cmsRun_13.log.tar.gz', 'site': 'T2_BR_SPRACE', 'tmplfn': '/store/user/amalhotr/DYto2Mu-4Jets_Bin-MLL-50_TuneCP5_13p6TeV_madgraphMLM-pythia8/DYto2Mu4Jets_Unpacker_100/250325_213853/0000/log/cmsRun_13.log.tar.gz', 'tmpsite': 'T1_UK_RAL_Disk', 'directstageout': 'F', 'size': 12760, 'checksum': {'cksum': 3701783610, 'md5': '6d1096fe', 'adler32': '6d1096fe'}, 'pfn': 'root://cms-xrd-global.cern.ch//store/user/amalhotr/DYto2Mu-4Jets_Bin-MLL-50_TuneCP5_13p6TeV_madgraphMLM-pythia8/DYto2Mu4Jets_Unpacker_100/250325_213853/0000/log/cmsRun_13.log.tar.gz'}, {'jobid': '19', 'lfn': '/store/user/amalhotr/DYto2Mu-4Jets_Bin-MLL-50_TuneCP5_13p6TeV_madgraphMLM-pythia8/DYto2Mu4Jets_Unpacker_100/250325_213853/0000/log/cmsRun_19.log.tar.gz', 'site': 'T2_BR_SPRACE', 'tmplfn': '/store/user/amalhotr/DYto2Mu-4Jets_Bin-MLL-50_TuneCP5_13p6TeV_madgraphMLM-pythia8/DYto2Mu4Jets_Unpacker_100/250325_213853/0000/log/cmsRun_19.log.tar.gz', 'tmpsite': 'T1_UK_RAL_Disk', 'directstageout': 'F', 'size': 12627, 'checksum': {'cksum': 3701783610, 'md5': '6d1096fe', 'adler32': '6d1096fe'}, 'pfn': 'root://cms-xrd-global.cern.ch//store/user/amalhotr/DYto2Mu-4Jets_Bin-MLL-50_TuneCP5_13p6TeV_madgraphMLM-pythia8/DYto2Mu4Jets_Unpacker_100/250325_213853/0000/log/cmsRun_19.log.tar.gz'}, {'jobid': '16', 'lfn': '/store/user/amalhotr/DYto2Mu-4Jets_Bin-MLL-50_TuneCP5_13p6TeV_madgraphMLM-pythia8/DYto2Mu4Jets_Unpacker_100/250325_213853/0000/log/cmsRun_16.log.tar.gz', 'site': 'T2_BR_SPRACE', 'tmplfn': '/store/user/amalhotr/DYto2Mu-4Jets_Bin-MLL-50_TuneCP5_13p6TeV_madgraphMLM-pythia8/DYto2Mu4Jets_Unpacker_100/250325_213853/0000/log/cmsRun_16.log.tar.gz', 'tmpsite': 'T1_UK_RAL_Disk', 'directstageout': 'F', 'size': 12856, 'checksum': {'cksum': 3701783610, 'md5': '6d1096fe', 'adler32': '6d1096fe'}, 'pfn': 'root://cms-xrd-global.cern.ch//store/user/amalhotr/DYto2Mu-4Jets_Bin-MLL-50_TuneCP5_13p6TeV_madgraphMLM-pythia8/DYto2Mu4Jets_Unpacker_100/250325_213853/0000/log/cmsRun_16.log.tar.gz'}, {'jobid': '15', 'lfn': '/store/user/amalhotr/DYto2Mu-4Jets_Bin-MLL-50_TuneCP5_13p6TeV_madgraphMLM-pythia8/DYto2Mu4Jets_Unpacker_100/250325_213853/0000/log/cmsRun_15.log.tar.gz', 'site': 'T2_BR_SPRACE', 'tmplfn': '/store/user/amalhotr/DYto2Mu-4Jets_Bin-MLL-50_TuneCP5_13p6TeV_madgraphMLM-pythia8/DYto2Mu4Jets_Unpacker_100/250325_213853/0000/log/cmsRun_15.log.tar.gz', 'tmpsite': 'T1_UK_RAL_Disk', 'directstageout': 'F', 'size': 12857, 'checksum': {'cksum': 3701783610, 'md5': '6d1096fe', 'adler32': '6d1096fe'}, 'pfn': 'root://cms-xrd-global.cern.ch//store/user/amalhotr/DYto2Mu-4Jets_Bin-MLL-50_TuneCP5_13p6TeV_madgraphMLM-pythia8/DYto2Mu4Jets_Unpacker_100/250325_213853/0000/log/cmsRun_15.log.tar.gz'}, {'jobid': '21', 'lfn': '/store/user/amalhotr/DYto2Mu-4Jets_Bin-MLL-50_TuneCP5_13p6TeV_madgraphMLM-pythia8/DYto2Mu4Jets_Unpacker_100/250325_213853/0000/log/cmsRun_21.log.tar.gz', 'site': 'T2_BR_SPRACE', 'tmplfn': '/store/user/amalhotr/DYto2Mu-4Jets_Bin-MLL-50_TuneCP5_13p6TeV_madgraphMLM-pythia8/DYto2Mu4Jets_Unpacker_100/250325_213853/0000/log/cmsRun_21.log.tar.gz', 'tmpsite': 'T1_UK_RAL_Disk', 'directstageout': 'F', 'size': 12940, 'checksum': {'cksum': 3701783610, 'md5': '6d1096fe', 'adler32': '6d1096fe'}, 'pfn': 'root://cms-xrd-global.cern.ch//store/user/amalhotr/DYto2Mu-4Jets_Bin-MLL-50_TuneCP5_13p6TeV_madgraphMLM-pythia8/DYto2Mu4Jets_Unpacker_100/250325_213853/0000/log/cmsRun_21.log.tar.gz'}, {'jobid': '18', 'lfn': '/store/user/amalhotr/DYto2Mu-4Jets_Bin-MLL-50_TuneCP5_13p6TeV_madgraphMLM-pythia8/DYto2Mu4Jets_Unpacker_100/250325_213853/0000/log/cmsRun_18.log.tar.gz', 'site': 'T2_BR_SPRACE', 'tmplfn': '/store/user/amalhotr/DYto2Mu-4Jets_Bin-MLL-50_TuneCP5_13p6TeV_madgraphMLM-pythia8/DYto2Mu4Jets_Unpacker_100/250325_213853/0000/log/cmsRun_18.log.tar.gz', 'tmpsite': 'T1_UK_RAL_Disk', 'directstageout': 'F', 'size': 12434, 'checksum': {'cksum': 3701783610, 'md5': '6d1096fe', 'adler32': '6d1096fe'}, 'pfn': 'root://cms-xrd-global.cern.ch//store/user/amalhotr/DYto2Mu-4Jets_Bin-MLL-50_TuneCP5_13p6TeV_madgraphMLM-pythia8/DYto2Mu4Jets_Unpacker_100/250325_213853/0000/log/cmsRun_18.log.tar.gz'}, {'jobid': '17', 'lfn': '/store/user/amalhotr/DYto2Mu-4Jets_Bin-MLL-50_TuneCP5_13p6TeV_madgraphMLM-pythia8/DYto2Mu4Jets_Unpacker_100/250325_213853/0000/log/cmsRun_17.log.tar.gz', 'site': 'T2_BR_SPRACE', 'tmplfn': '/store/user/amalhotr/DYto2Mu-4Jets_Bin-MLL-50_TuneCP5_13p6TeV_madgraphMLM-pythia8/DYto2Mu4Jets_Unpacker_100/250325_213853/0000/log/cmsRun_17.log.tar.gz', 'tmpsite': 'T1_UK_RAL_Disk', 'directstageout': 'F', 'size': 12556, 'checksum': {'cksum': 3701783610, 'md5': '6d1096fe', 'adler32': '6d1096fe'}, 'pfn': 'root://cms-xrd-global.cern.ch//store/user/amalhotr/DYto2Mu-4Jets_Bin-MLL-50_TuneCP5_13p6TeV_madgraphMLM-pythia8/DYto2Mu4Jets_Unpacker_100/250325_213853/0000/log/cmsRun_17.log.tar.gz'}, {'jobid': '14', 'lfn': '/store/user/amalhotr/DYto2Mu-4Jets_Bin-MLL-50_TuneCP5_13p6TeV_madgraphMLM-pythia8/DYto2Mu4Jets_Unpacker_100/250325_213853/0000/log/cmsRun_14.log.tar.gz', 'site': 'T2_BR_SPRACE', 'tmplfn': '/store/user/amalhotr/DYto2Mu-4Jets_Bin-MLL-50_TuneCP5_13p6TeV_madgraphMLM-pythia8/DYto2Mu4Jets_Unpacker_100/250325_213853/0000/log/cmsRun_14.log.tar.gz', 'tmpsite': 'T1_UK_RAL_Disk', 'directstageout': 'F', 'size': 12588, 'checksum': {'cksum': 3701783610, 'md5': '6d1096fe', 'adler32': '6d1096fe'}, 'pfn': 'root://cms-xrd-global.cern.ch//store/user/amalhotr/DYto2Mu-4Jets_Bin-MLL-50_TuneCP5_13p6TeV_madgraphMLM-pythia8/DYto2Mu4Jets_Unpacker_100/250325_213853/0000/log/cmsRun_14.log.tar.gz'}, {'jobid': '25', 'lfn': '/store/user/amalhotr/DYto2Mu-4Jets_Bin-MLL-50_TuneCP5_13p6TeV_madgraphMLM-pythia8/DYto2Mu4Jets_Unpacker_100/250325_213853/0000/log/cmsRun_25.log.tar.gz', 'site': 'T2_BR_SPRACE', 'tmplfn': '/store/user/amalhotr/DYto2Mu-4Jets_Bin-MLL-50_TuneCP5_13p6TeV_madgraphMLM-pythia8/DYto2Mu4Jets_Unpacker_100/250325_213853/0000/log/cmsRun_25.log.tar.gz', 'tmpsite': 'T1_FR_CCIN2P3_Disk', 'directstageout': 'F', 'size': 10969, 'checksum': {'cksum': 3701783610, 'md5': '6d1096fe', 'adler32': '6d1096fe'}, 'pfn': 'root://cms-xrd-global.cern.ch//store/user/amalhotr/DYto2Mu-4Jets_Bin-MLL-50_TuneCP5_13p6TeV_madgraphMLM-pythia8/DYto2Mu4Jets_Unpacker_100/250325_213853/0000/log/cmsRun_25.log.tar.gz'}, {'jobid': '7', 'lfn': '/store/user/amalhotr/DYto2Mu-4Jets_Bin-MLL-50_TuneCP5_13p6TeV_madgraphMLM-pythia8/DYto2Mu4Jets_Unpacker_100/250325_213853/0000/log/cmsRun_7.log.tar.gz', 'site': 'T2_BR_SPRACE', 'tmplfn': '/store/user/amalhotr/DYto2Mu-4Jets_Bin-MLL-50_TuneCP5_13p6TeV_madgraphMLM-pythia8/DYto2Mu4Jets_Unpacker_100/250325_213853/0000/log/cmsRun_7.log.tar.gz', 'tmpsite': 'T2_IT_Legnaro', 'directstageout': 'F', 'size': 12003, 'checksum': {'cksum': 3701783610, 'md5': '6d1096fe', 'adler32': '6d1096fe'}, 'pfn': 'root://cms-xrd-global.cern.ch//store/user/amalhotr/DYto2Mu-4Jets_Bin-MLL-50_TuneCP5_13p6TeV_madgraphMLM-pythia8/DYto2Mu4Jets_Unpacker_100/250325_213853/0000/log/cmsRun_7.log.tar.gz'}, {'jobid': '3', 'lfn': '/store/user/amalhotr/DYto2Mu-4Jets_Bin-MLL-50_TuneCP5_13p6TeV_madgraphMLM-pythia8/DYto2Mu4Jets_Unpacker_100/250325_213853/0000/log/cmsRun_3.log.tar.gz', 'site': 'T2_BR_SPRACE', 'tmplfn': '/store/user/amalhotr/DYto2Mu-4Jets_Bin-MLL-50_TuneCP5_13p6TeV_madgraphMLM-pythia8/DYto2Mu4Jets_Unpacker_100/250325_213853/0000/log/cmsRun_3.log.tar.gz', 'tmpsite': 'T1_ES_PIC_Disk', 'directstageout': 'F', 'size': 11011, 'checksum': {'cksum': 3701783610, 'md5': '6d1096fe', 'adler32': '6d1096fe'}, 'pfn': 'root://cms-xrd-global.cern.ch//store/user/amalhotr/DYto2Mu-4Jets_Bin-MLL-50_TuneCP5_13p6TeV_madgraphMLM-pythia8/DYto2Mu4Jets_Unpacker_100/250325_213853/0000/log/cmsRun_3.log.tar.gz'}, {'jobid': '6', 'lfn': '/store/user/amalhotr/DYto2Mu-4Jets_Bin-MLL-50_TuneCP5_13p6TeV_madgraphMLM-pythia8/DYto2Mu4Jets_Unpacker_100/250325_213853/0000/log/cmsRun_6.log.tar.gz', 'site': 'T2_BR_SPRACE', 'tmplfn': '/store/user/amalhotr/DYto2Mu-4Jets_Bin-MLL-50_TuneCP5_13p6TeV_madgraphMLM-pythia8/DYto2Mu4Jets_Unpacker_100/250325_213853/0000/log/cmsRun_6.log.tar.gz', 'tmpsite': 'T2_IT_Legnaro', 'directstageout': 'F', 'size': 11325, 'checksum': {'cksum': 3701783610, 'md5': '6d1096fe', 'adler32': '6d1096fe'}, 'pfn': 'root://cms-xrd-global.cern.ch//store/user/amalhotr/DYto2Mu-4Jets_Bin-MLL-50_TuneCP5_13p6TeV_madgraphMLM-pythia8/DYto2Mu4Jets_Unpacker_100/250325_213853/0000/log/cmsRun_6.log.tar.gz'}, {'jobid': '27', 'lfn': '/store/user/amalhotr/DYto2Mu-4Jets_Bin-MLL-50_TuneCP5_13p6TeV_madgraphMLM-pythia8/DYto2Mu4Jets_Unpacker_100/250325_213853/0000/log/cmsRun_27.log.tar.gz', 'site': 'T2_BR_SPRACE', 'tmplfn': '/store/user/amalhotr/DYto2Mu-4Jets_Bin-MLL-50_TuneCP5_13p6TeV_madgraphMLM-pythia8/DYto2Mu4Jets_Unpacker_100/250325_213853/0000/log/cmsRun_27.log.tar.gz', 'tmpsite': 'T2_US_UCSD', 'directstageout': 'F', 'size': 8430, 'checksum': {'cksum': 3701783610, 'md5': '6d1096fe', 'adler32': '6d1096fe'}, 'pfn': 'root://cms-xrd-global.cern.ch//store/user/amalhotr/DYto2Mu-4Jets_Bin-MLL-50_TuneCP5_13p6TeV_madgraphMLM-pythia8/DYto2Mu4Jets_Unpacker_100/250325_213853/0000/log/cmsRun_27.log.tar.gz'}, {'jobid': '23', 'lfn': '/store/user/amalhotr/DYto2Mu-4Jets_Bin-MLL-50_TuneCP5_13p6TeV_madgraphMLM-pythia8/DYto2Mu4Jets_Unpacker_100/250325_213853/0000/log/cmsRun_23.log.tar.gz', 'site': 'T2_BR_SPRACE', 'tmplfn': '/store/user/amalhotr/DYto2Mu-4Jets_Bin-MLL-50_TuneCP5_13p6TeV_madgraphMLM-pythia8/DYto2Mu4Jets_Unpacker_100/250325_213853/0000/log/cmsRun_23.log.tar.gz', 'tmpsite': 'T1_UK_RAL_Disk', 'directstageout': 'F', 'size': 8820, 'checksum': {'cksum': 3701783610, 'md5': '6d1096fe', 'adler32': '6d1096fe'}, 'pfn': 'root://cms-xrd-global.cern.ch//store/user/amalhotr/DYto2Mu-4Jets_Bin-MLL-50_TuneCP5_13p6TeV_madgraphMLM-pythia8/DYto2Mu4Jets_Unpacker_100/250325_213853/0000/log/cmsRun_23.log.tar.gz'}, {'jobid': '26', 'lfn': '/store/user/amalhotr/DYto2Mu-4Jets_Bin-MLL-50_TuneCP5_13p6TeV_madgraphMLM-pythia8/DYto2Mu4Jets_Unpacker_100/250325_213853/0000/log/cmsRun_26.log.tar.gz', 'site': 'T2_BR_SPRACE', 'tmplfn': '/store/user/amalhotr/DYto2Mu-4Jets_Bin-MLL-50_TuneCP5_13p6TeV_madgraphMLM-pythia8/DYto2Mu4Jets_Unpacker_100/250325_213853/0000/log/cmsRun_26.log.tar.gz', 'tmpsite': 'T1_FR_CCIN2P3_Disk', 'directstageout': 'F', 'size': 8862, 'checksum': {'cksum': 3701783610, 'md5': '6d1096fe', 'adler32': '6d1096fe'}, 'pfn': 'root://cms-xrd-global.cern.ch//store/user/amalhotr/DYto2Mu-4Jets_Bin-MLL-50_TuneCP5_13p6TeV_madgraphMLM-pythia8/DYto2Mu4Jets_Unpacker_100/250325_213853/0000/log/cmsRun_26.log.tar.gz'}, {'jobid': '5', 'lfn': '/store/user/amalhotr/DYto2Mu-4Jets_Bin-MLL-50_TuneCP5_13p6TeV_madgraphMLM-pythia8/DYto2Mu4Jets_Unpacker_100/250325_213853/0000/log/cmsRun_5.log.tar.gz', 'site': 'T2_BR_SPRACE', 'tmplfn': '/store/user/amalhotr/DYto2Mu-4Jets_Bin-MLL-50_TuneCP5_13p6TeV_madgraphMLM-pythia8/DYto2Mu4Jets_Unpacker_100/250325_213853/0000/log/cmsRun_5.log.tar.gz', 'tmpsite': 'T2_IT_Legnaro', 'directstageout': 'F', 'size': 11385, 'checksum': {'cksum': 3701783610, 'md5': '6d1096fe', 'adler32': '6d1096fe'}, 'pfn': 'root://cms-xrd-global.cern.ch//store/user/amalhotr/DYto2Mu-4Jets_Bin-MLL-50_TuneCP5_13p6TeV_madgraphMLM-pythia8/DYto2Mu4Jets_Unpacker_100/250325_213853/0000/log/cmsRun_5.log.tar.gz'}, {'jobid': '11', 'lfn': '/store/user/amalhotr/DYto2Mu-4Jets_Bin-MLL-50_TuneCP5_13p6TeV_madgraphMLM-pythia8/DYto2Mu4Jets_Unpacker_100/250325_213853/0000/log/cmsRun_11.log.tar.gz', 'site': 'T2_BR_SPRACE', 'tmplfn': '/store/user/amalhotr/DYto2Mu-4Jets_Bin-MLL-50_TuneCP5_13p6TeV_madgraphMLM-pythia8/DYto2Mu4Jets_Unpacker_100/250325_213853/0000/log/cmsRun_11.log.tar.gz', 'tmpsite': 'T2_IT_Pisa', 'directstageout': 'F', 'size': 7151, 'checksum': {'cksum': 3701783610, 'md5': '6d1096fe', 'adler32': '6d1096fe'}, 'pfn': 'root://cms-xrd-global.cern.ch//store/user/amalhotr/DYto2Mu-4Jets_Bin-MLL-50_TuneCP5_13p6TeV_madgraphMLM-pythia8/DYto2Mu4Jets_Unpacker_100/250325_213853/0000/log/cmsRun_11.log.tar.gz'}, {'jobid': '2', 'lfn': '/store/user/amalhotr/DYto2Mu-4Jets_Bin-MLL-50_TuneCP5_13p6TeV_madgraphMLM-pythia8/DYto2Mu4Jets_Unpacker_100/250325_213853/0000/log/cmsRun_2.log.tar.gz', 'site': 'T2_BR_SPRACE', 'tmplfn': '/store/user/amalhotr/DYto2Mu-4Jets_Bin-MLL-50_TuneCP5_13p6TeV_madgraphMLM-pythia8/DYto2Mu4Jets_Unpacker_100/250325_213853/0000/log/cmsRun_2.log.tar.gz', 'tmpsite': 'T2_UK_London_IC', 'directstageout': 'F', 'size': 7011, 'checksum': {'cksum': 3701783610, 'md5': '6d1096fe', 'adler32': '6d1096fe'}, 'pfn': 'root://cms-xrd-global.cern.ch//store/user/amalhotr/DYto2Mu-4Jets_Bin-MLL-50_TuneCP5_13p6TeV_madgraphMLM-pythia8/DYto2Mu4Jets_Unpacker_100/250325_213853/0000/log/cmsRun_2.log.tar.gz'}, {'jobid': '28', 'lfn': '/store/user/amalhotr/DYto2Mu-4Jets_Bin-MLL-50_TuneCP5_13p6TeV_madgraphMLM-pythia8/DYto2Mu4Jets_Unpacker_100/250325_213853/0000/log/cmsRun_28.log.tar.gz', 'site': 'T2_BR_SPRACE', 'tmplfn': '/store/user/amalhotr/DYto2Mu-4Jets_Bin-MLL-50_TuneCP5_13p6TeV_madgraphMLM-pythia8/DYto2Mu4Jets_Unpacker_100/250325_213853/0000/log/cmsRun_28.log.tar.gz', 'tmpsite': 'T2_US_Vanderbilt', 'directstageout': 'F', 'size': 6623, 'checksum': {'cksum': 3701783610, 'md5': '6d1096fe', 'adler32': '6d1096fe'}, 'pfn': 'root://cms-xrd-global.cern.ch//store/user/amalhotr/DYto2Mu-4Jets_Bin-MLL-50_TuneCP5_13p6TeV_madgraphMLM-pythia8/DYto2Mu4Jets_Unpacker_100/250325_213853/0000/log/cmsRun_28.log.tar.gz'}, {'jobid': '29', 'lfn': '/store/user/amalhotr/DYto2Mu-4Jets_Bin-MLL-50_TuneCP5_13p6TeV_madgraphMLM-pythia8/DYto2Mu4Jets_Unpacker_100/250325_213853/0000/log/cmsRun_29.log.tar.gz', 'site': 'T2_BR_SPRACE', 'tmplfn': '/store/user/amalhotr/DYto2Mu-4Jets_Bin-MLL-50_TuneCP5_13p6TeV_madgraphMLM-pythia8/DYto2Mu4Jets_Unpacker_100/250325_213853/0000/log/cmsRun_29.log.tar.gz', 'tmpsite': 'T1_UK_RAL_Disk', 'directstageout': 'F', 'size': 8114, 'checksum': {'cksum': 3701783610, 'md5': '6d1096fe', 'adler32': '6d1096fe'}, 'pfn': 'root://cms-xrd-global.cern.ch//store/user/amalhotr/DYto2Mu-4Jets_Bin-MLL-50_TuneCP5_13p6TeV_madgraphMLM-pythia8/DYto2Mu4Jets_Unpacker_100/250325_213853/0000/log/cmsRun_29.log.tar.gz'}, {'jobid': '4', 'lfn': '/store/user/amalhotr/DYto2Mu-4Jets_Bin-MLL-50_TuneCP5_13p6TeV_madgraphMLM-pythia8/DYto2Mu4Jets_Unpacker_100/250325_213853/0000/log/cmsRun_4.log.tar.gz', 'site': 'T2_BR_SPRACE', 'tmplfn': '/store/user/amalhotr/DYto2Mu-4Jets_Bin-MLL-50_TuneCP5_13p6TeV_madgraphMLM-pythia8/DYto2Mu4Jets_Unpacker_100/250325_213853/0000/log/cmsRun_4.log.tar.gz', 'tmpsite': 'T2_UK_London_IC', 'directstageout': 'F', 'size': 6734, 'checksum': {'cksum': 3701783610, 'md5': '6d1096fe', 'adler32': '6d1096fe'}, 'pfn': 'root://cms-xrd-global.cern.ch//store/user/amalhotr/DYto2Mu-4Jets_Bin-MLL-50_TuneCP5_13p6TeV_madgraphMLM-pythia8/DYto2Mu4Jets_Unpacker_100/250325_213853/0000/log/cmsRun_4.log.tar.gz'}, {'jobid': '12', 'lfn': '/store/user/amalhotr/DYto2Mu-4Jets_Bin-MLL-50_TuneCP5_13p6TeV_madgraphMLM-pythia8/DYto2Mu4Jets_Unpacker_100/250325_213853/0000/log/cmsRun_12.log.tar.gz', 'site': 'T2_BR_SPRACE', 'tmplfn': '/store/user/amalhotr/DYto2Mu-4Jets_Bin-MLL-50_TuneCP5_13p6TeV_madgraphMLM-pythia8/DYto2Mu4Jets_Unpacker_100/250325_213853/0000/log/cmsRun_12.log.tar.gz', 'tmpsite': 'T2_US_Vanderbilt', 'directstageout': 'F', 'size': 6412, 'checksum': {'cksum': 3701783610, 'md5': '6d1096fe', 'adler32': '6d1096fe'}, 'pfn': 'root://cms-xrd-global.cern.ch//store/user/amalhotr/DYto2Mu-4Jets_Bin-MLL-50_TuneCP5_13p6TeV_madgraphMLM-pythia8/DYto2Mu4Jets_Unpacker_100/250325_213853/0000/log/cmsRun_12.log.tar.gz'}, {'jobid': '9', 'lfn': '/store/user/amalhotr/DYto2Mu-4Jets_Bin-MLL-50_TuneCP5_13p6TeV_madgraphMLM-pythia8/DYto2Mu4Jets_Unpacker_100/250325_213853/0000/log/cmsRun_9.log.tar.gz', 'site': 'T2_BR_SPRACE', 'tmplfn': '/store/user/amalhotr/DYto2Mu-4Jets_Bin-MLL-50_TuneCP5_13p6TeV_madgraphMLM-pythia8/DYto2Mu4Jets_Unpacker_100/250325_213853/0000/log/cmsRun_9.log.tar.gz', 'tmpsite': 'T2_DE_RWTH', 'directstageout': 'F', 'size': 6498, 'checksum': {'cksum': 3701783610, 'md5': '6d1096fe', 'adler32': '6d1096fe'}, 'pfn': 'root://cms-xrd-global.cern.ch//store/user/amalhotr/DYto2Mu-4Jets_Bin-MLL-50_TuneCP5_13p6TeV_madgraphMLM-pythia8/DYto2Mu4Jets_Unpacker_100/250325_213853/0000/log/cmsRun_9.log.tar.gz'}, {'jobid': '10', 'lfn': '/store/user/amalhotr/DYto2Mu-4Jets_Bin-MLL-50_TuneCP5_13p6TeV_madgraphMLM-pythia8/DYto2Mu4Jets_Unpacker_100/250325_213853/0000/log/cmsRun_10.log.tar.gz', 'site': 'T2_BR_SPRACE', 'tmplfn': '/store/user/amalhotr/DYto2Mu-4Jets_Bin-MLL-50_TuneCP5_13p6TeV_madgraphMLM-pythia8/DYto2Mu4Jets_Unpacker_100/250325_213853/0000/log/cmsRun_10.log.tar.gz', 'tmpsite': 'T2_DE_DESY', 'directstageout': 'F', 'size': 7071, 'checksum': {'cksum': 3701783610, 'md5': '6d1096fe', 'adler32': '6d1096fe'}, 'pfn': 'root://cms-xrd-global.cern.ch//store/user/amalhotr/DYto2Mu-4Jets_Bin-MLL-50_TuneCP5_13p6TeV_madgraphMLM-pythia8/DYto2Mu4Jets_Unpacker_100/250325_213853/0000/log/cmsRun_10.log.tar.gz'}, {'jobid': '24', 'lfn': '/store/user/amalhotr/DYto2Mu-4Jets_Bin-MLL-50_TuneCP5_13p6TeV_madgraphMLM-pythia8/DYto2Mu4Jets_Unpacker_100/250325_213853/0000/log/cmsRun_24.log.tar.gz', 'site': 'T2_BR_SPRACE', 'tmplfn': '/store/user/amalhotr/DYto2Mu-4Jets_Bin-MLL-50_TuneCP5_13p6TeV_madgraphMLM-pythia8/DYto2Mu4Jets_Unpacker_100/250325_213853/0000/log/cmsRun_24.log.tar.gz', 'tmpsite': 'T1_FR_CCIN2P3_Disk', 'directstageout': 'F', 'size': 6649, 'checksum': {'cksum': 3701783610, 'md5': '6d1096fe', 'adler32': '6d1096fe'}, 'pfn': 'root://cms-xrd-global.cern.ch//store/user/amalhotr/DYto2Mu-4Jets_Bin-MLL-50_TuneCP5_13p6TeV_madgraphMLM-pythia8/DYto2Mu4Jets_Unpacker_100/250325_213853/0000/log/cmsRun_24.log.tar.gz'}, {'jobid': '8', 'lfn': '/store/user/amalhotr/DYto2Mu-4Jets_Bin-MLL-50_TuneCP5_13p6TeV_madgraphMLM-pythia8/DYto2Mu4Jets_Unpacker_100/250325_213853/0000/log/cmsRun_8.log.tar.gz', 'site': 'T2_BR_SPRACE', 'tmplfn': '/store/user/amalhotr/DYto2Mu-4Jets_Bin-MLL-50_TuneCP5_13p6TeV_madgraphMLM-pythia8/DYto2Mu4Jets_Unpacker_100/250325_213853/0000/log/cmsRun_8.log.tar.gz', 'tmpsite': 'T2_IT_Legnaro', 'directstageout': 'F', 'size': 6710, 'checksum': {'cksum': 3701783610, 'md5': '6d1096fe', 'adler32': '6d1096fe'}, 'pfn': 'root://cms-xrd-global.cern.ch//store/user/amalhotr/DYto2Mu-4Jets_Bin-MLL-50_TuneCP5_13p6TeV_madgraphMLM-pythia8/DYto2Mu4Jets_Unpacker_100/250325_213853/0000/log/cmsRun_8.log.tar.gz'}], '--dir', './crab_DYto2Mu4Jets_Unpacker_100', '--proxy', '/tmp/x509up_u180451', '--parallel', None, '--wait', None, '--checksum', 'ADLER32', '--command', None]
DEBUG 2025-03-26 01:47:26.964 UTC: 	 Encoded data for curl request: subresource=version
DEBUG 2025-03-26 01:47:26.999 UTC: 	 CRABClient version: v3.250318
DEBUG 2025-03-26 01:47:27.000 UTC: 	 Instance is prod
DEBUG 2025-03-26 01:47:27.000 UTC: 	 Server base url is cmsweb.cern.ch
DEBUG 2025-03-26 01:47:27.000 UTC: 	 Command api workflow
INFO 2025-03-26 01:47:27.005 UTC: 	 Will use `gfal-copy` command for file transfers
DEBUG 2025-03-26 01:47:27.045 UTC: 	 Starting ChildProcess with 10 ChildProcess
INFO 2025-03-26 01:47:27.068 UTC: 	 Placing file 'cmsRun_22.log.tar.gz' in retrieval queue 
INFO 2025-03-26 01:47:27.074 UTC: 	 Placing file 'cmsRun_20.log.tar.gz' in retrieval queue 
INFO 2025-03-26 01:47:27.081 UTC: 	 Placing file 'cmsRun_1.log.tar.gz' in retrieval queue 
INFO 2025-03-26 01:47:27.088 UTC: 	 Placing file 'cmsRun_13.log.tar.gz' in retrieval queue 
INFO 2025-03-26 01:47:27.097 UTC: 	 Placing file 'cmsRun_19.log.tar.gz' in retrieval queue 
INFO 2025-03-26 01:47:27.109 UTC: 	 Placing file 'cmsRun_16.log.tar.gz' in retrieval queue 
INFO 2025-03-26 01:47:27.117 UTC: 	 Placing file 'cmsRun_15.log.tar.gz' in retrieval queue 
INFO 2025-03-26 01:47:27.131 UTC: 	 Placing file 'cmsRun_21.log.tar.gz' in retrieval queue 
INFO 2025-03-26 01:47:27.143 UTC: 	 Placing file 'cmsRun_18.log.tar.gz' in retrieval queue 
INFO 2025-03-26 01:47:27.154 UTC: 	 Placing file 'cmsRun_17.log.tar.gz' in retrieval queue 
INFO 2025-03-26 01:47:27.161 UTC: 	 Placing file 'cmsRun_14.log.tar.gz' in retrieval queue 
INFO 2025-03-26 01:47:27.189 UTC: 	 Placing file 'cmsRun_25.log.tar.gz' in retrieval queue 
INFO 2025-03-26 01:47:27.204 UTC: 	 Placing file 'cmsRun_7.log.tar.gz' in retrieval queue 
INFO 2025-03-26 01:47:27.221 UTC: 	 Placing file 'cmsRun_3.log.tar.gz' in retrieval queue 
INFO 2025-03-26 01:47:27.251 UTC: 	 Placing file 'cmsRun_6.log.tar.gz' in retrieval queue 
INFO 2025-03-26 01:47:27.265 UTC: 	 Placing file 'cmsRun_27.log.tar.gz' in retrieval queue 
INFO 2025-03-26 01:47:27.272 UTC: 	 Placing file 'cmsRun_23.log.tar.gz' in retrieval queue 
INFO 2025-03-26 01:47:27.297 UTC: 	 Placing file 'cmsRun_26.log.tar.gz' in retrieval queue 
INFO 2025-03-26 01:47:27.316 UTC: 	 Placing file 'cmsRun_5.log.tar.gz' in retrieval queue 
INFO 2025-03-26 01:47:27.325 UTC: 	 Placing file 'cmsRun_11.log.tar.gz' in retrieval queue 
INFO 2025-03-26 01:47:27.338 UTC: 	 Placing file 'cmsRun_2.log.tar.gz' in retrieval queue 
INFO 2025-03-26 01:47:27.347 UTC: 	 Placing file 'cmsRun_28.log.tar.gz' in retrieval queue 
INFO 2025-03-26 01:47:27.358 UTC: 	 Placing file 'cmsRun_29.log.tar.gz' in retrieval queue 
INFO 2025-03-26 01:47:27.366 UTC: 	 Placing file 'cmsRun_4.log.tar.gz' in retrieval queue 
INFO 2025-03-26 01:47:27.384 UTC: 	 Placing file 'cmsRun_12.log.tar.gz' in retrieval queue 
INFO 2025-03-26 01:47:27.395 UTC: 	 Placing file 'cmsRun_9.log.tar.gz' in retrieval queue 
INFO 2025-03-26 01:47:27.408 UTC: 	 Placing file 'cmsRun_10.log.tar.gz' in retrieval queue 
INFO 2025-03-26 01:47:27.426 UTC: 	 Placing file 'cmsRun_24.log.tar.gz' in retrieval queue 
INFO 2025-03-26 01:47:27.433 UTC: 	 Placing file 'cmsRun_8.log.tar.gz' in retrieval queue 
INFO 2025-03-26 01:47:27.434 UTC: 	 Please wait
DEBUG 2025-03-26 01:47:27.435 UTC: 	 stopchildproc() method has been called
DEBUG 2025-03-26 01:48:00.004 UTC: 	 The output of the transfer subprocesses follows:
DEBUG 2025-03-26 01:48:00.004 UTC: 	 	INFO 2025-03-26 02:47:27,070: 	 Retrieving cmsRun_22.log.tar.gz 
DEBUG 2025-03-26 01:48:00.005 UTC: 	 	DEBUG 2025-03-26 02:47:27,070: 	 Executing which scram >/dev/null 2>&1 && eval `scram unsetenv -sh`; gfal-copy -v -K ADLER32  -T 1800  -t 60  root://cms-xrd-global.cern.ch//store/user/amalhotr/DYto2Mu-4Jets_Bin-MLL-50_TuneCP5_13p6TeV_madgraphMLM-pythia8/DYto2Mu4Jets_Unpacker_100/250325_213853/0000/log/cmsRun_22.log.tar.gz file:///afs/cern.ch/user/a/amalhotr/CMSSW_14_0_18_patch1/src/Run3ScoutingAnalysisTools/crab_DYto2Mu4Jets_Unpacker_100/results/cmsRun_22.log.tar.gz
DEBUG 2025-03-26 01:48:00.005 UTC: 	 	INFO 2025-03-26 02:47:27,075: 	 Retrieving cmsRun_20.log.tar.gz 
DEBUG 2025-03-26 01:48:00.005 UTC: 	 	DEBUG 2025-03-26 02:47:27,075: 	 Executing which scram >/dev/null 2>&1 && eval `scram unsetenv -sh`; gfal-copy -v -K ADLER32  -T 1800  -t 60  root://cms-xrd-global.cern.ch//store/user/amalhotr/DYto2Mu-4Jets_Bin-MLL-50_TuneCP5_13p6TeV_madgraphMLM-pythia8/DYto2Mu4Jets_Unpacker_100/250325_213853/0000/log/cmsRun_20.log.tar.gz file:///afs/cern.ch/user/a/amalhotr/CMSSW_14_0_18_patch1/src/Run3ScoutingAnalysisTools/crab_DYto2Mu4Jets_Unpacker_100/results/cmsRun_20.log.tar.gz
DEBUG 2025-03-26 01:48:00.005 UTC: 	 	INFO 2025-03-26 02:47:27,082: 	 Retrieving cmsRun_1.log.tar.gz 
DEBUG 2025-03-26 01:48:00.005 UTC: 	 	DEBUG 2025-03-26 02:47:27,083: 	 Executing which scram >/dev/null 2>&1 && eval `scram unsetenv -sh`; gfal-copy -v -K ADLER32  -T 1800  -t 60  root://cms-xrd-global.cern.ch//store/user/amalhotr/DYto2Mu-4Jets_Bin-MLL-50_TuneCP5_13p6TeV_madgraphMLM-pythia8/DYto2Mu4Jets_Unpacker_100/250325_213853/0000/log/cmsRun_1.log.tar.gz file:///afs/cern.ch/user/a/amalhotr/CMSSW_14_0_18_patch1/src/Run3ScoutingAnalysisTools/crab_DYto2Mu4Jets_Unpacker_100/results/cmsRun_1.log.tar.gz
DEBUG 2025-03-26 01:48:00.005 UTC: 	 	INFO 2025-03-26 02:47:27,089: 	 Retrieving cmsRun_13.log.tar.gz 
DEBUG 2025-03-26 01:48:00.005 UTC: 	 	DEBUG 2025-03-26 02:47:27,090: 	 Executing which scram >/dev/null 2>&1 && eval `scram unsetenv -sh`; gfal-copy -v -K ADLER32  -T 1800  -t 60  root://cms-xrd-global.cern.ch//store/user/amalhotr/DYto2Mu-4Jets_Bin-MLL-50_TuneCP5_13p6TeV_madgraphMLM-pythia8/DYto2Mu4Jets_Unpacker_100/250325_213853/0000/log/cmsRun_13.log.tar.gz file:///afs/cern.ch/user/a/amalhotr/CMSSW_14_0_18_patch1/src/Run3ScoutingAnalysisTools/crab_DYto2Mu4Jets_Unpacker_100/results/cmsRun_13.log.tar.gz
DEBUG 2025-03-26 01:48:00.005 UTC: 	 	INFO 2025-03-26 02:47:27,100: 	 Retrieving cmsRun_19.log.tar.gz 
DEBUG 2025-03-26 01:48:00.005 UTC: 	 	DEBUG 2025-03-26 02:47:27,101: 	 Executing which scram >/dev/null 2>&1 && eval `scram unsetenv -sh`; gfal-copy -v -K ADLER32  -T 1800  -t 60  root://cms-xrd-global.cern.ch//store/user/amalhotr/DYto2Mu-4Jets_Bin-MLL-50_TuneCP5_13p6TeV_madgraphMLM-pythia8/DYto2Mu4Jets_Unpacker_100/250325_213853/0000/log/cmsRun_19.log.tar.gz file:///afs/cern.ch/user/a/amalhotr/CMSSW_14_0_18_patch1/src/Run3ScoutingAnalysisTools/crab_DYto2Mu4Jets_Unpacker_100/results/cmsRun_19.log.tar.gz
DEBUG 2025-03-26 01:48:00.005 UTC: 	 	INFO 2025-03-26 02:47:27,112: 	 Retrieving cmsRun_16.log.tar.gz 
DEBUG 2025-03-26 01:48:00.005 UTC: 	 	DEBUG 2025-03-26 02:47:27,113: 	 Executing which scram >/dev/null 2>&1 && eval `scram unsetenv -sh`; gfal-copy -v -K ADLER32  -T 1800  -t 60  root://cms-xrd-global.cern.ch//store/user/amalhotr/DYto2Mu-4Jets_Bin-MLL-50_TuneCP5_13p6TeV_madgraphMLM-pythia8/DYto2Mu4Jets_Unpacker_100/250325_213853/0000/log/cmsRun_16.log.tar.gz file:///afs/cern.ch/user/a/amalhotr/CMSSW_14_0_18_patch1/src/Run3ScoutingAnalysisTools/crab_DYto2Mu4Jets_Unpacker_100/results/cmsRun_16.log.tar.gz
DEBUG 2025-03-26 01:48:00.005 UTC: 	 	INFO 2025-03-26 02:47:27,118: 	 Retrieving cmsRun_15.log.tar.gz 
DEBUG 2025-03-26 01:48:00.005 UTC: 	 	DEBUG 2025-03-26 02:47:27,118: 	 Executing which scram >/dev/null 2>&1 && eval `scram unsetenv -sh`; gfal-copy -v -K ADLER32  -T 1800  -t 60  root://cms-xrd-global.cern.ch//store/user/amalhotr/DYto2Mu-4Jets_Bin-MLL-50_TuneCP5_13p6TeV_madgraphMLM-pythia8/DYto2Mu4Jets_Unpacker_100/250325_213853/0000/log/cmsRun_15.log.tar.gz file:///afs/cern.ch/user/a/amalhotr/CMSSW_14_0_18_patch1/src/Run3ScoutingAnalysisTools/crab_DYto2Mu4Jets_Unpacker_100/results/cmsRun_15.log.tar.gz
DEBUG 2025-03-26 01:48:00.005 UTC: 	 	INFO 2025-03-26 02:47:27,133: 	 Retrieving cmsRun_21.log.tar.gz 
DEBUG 2025-03-26 01:48:00.005 UTC: 	 	DEBUG 2025-03-26 02:47:27,133: 	 Executing which scram >/dev/null 2>&1 && eval `scram unsetenv -sh`; gfal-copy -v -K ADLER32  -T 1800  -t 60  root://cms-xrd-global.cern.ch//store/user/amalhotr/DYto2Mu-4Jets_Bin-MLL-50_TuneCP5_13p6TeV_madgraphMLM-pythia8/DYto2Mu4Jets_Unpacker_100/250325_213853/0000/log/cmsRun_21.log.tar.gz file:///afs/cern.ch/user/a/amalhotr/CMSSW_14_0_18_patch1/src/Run3ScoutingAnalysisTools/crab_DYto2Mu4Jets_Unpacker_100/results/cmsRun_21.log.tar.gz
DEBUG 2025-03-26 01:48:00.005 UTC: 	 	INFO 2025-03-26 02:47:27,144: 	 Retrieving cmsRun_18.log.tar.gz 
DEBUG 2025-03-26 01:48:00.005 UTC: 	 	DEBUG 2025-03-26 02:47:27,145: 	 Executing which scram >/dev/null 2>&1 && eval `scram unsetenv -sh`; gfal-copy -v -K ADLER32  -T 1800  -t 60  root://cms-xrd-global.cern.ch//store/user/amalhotr/DYto2Mu-4Jets_Bin-MLL-50_TuneCP5_13p6TeV_madgraphMLM-pythia8/DYto2Mu4Jets_Unpacker_100/250325_213853/0000/log/cmsRun_18.log.tar.gz file:///afs/cern.ch/user/a/amalhotr/CMSSW_14_0_18_patch1/src/Run3ScoutingAnalysisTools/crab_DYto2Mu4Jets_Unpacker_100/results/cmsRun_18.log.tar.gz
DEBUG 2025-03-26 01:48:00.005 UTC: 	 	INFO 2025-03-26 02:47:27,155: 	 Retrieving cmsRun_17.log.tar.gz 
DEBUG 2025-03-26 01:48:00.005 UTC: 	 	DEBUG 2025-03-26 02:47:27,155: 	 Executing which scram >/dev/null 2>&1 && eval `scram unsetenv -sh`; gfal-copy -v -K ADLER32  -T 1800  -t 60  root://cms-xrd-global.cern.ch//store/user/amalhotr/DYto2Mu-4Jets_Bin-MLL-50_TuneCP5_13p6TeV_madgraphMLM-pythia8/DYto2Mu4Jets_Unpacker_100/250325_213853/0000/log/cmsRun_17.log.tar.gz file:///afs/cern.ch/user/a/amalhotr/CMSSW_14_0_18_patch1/src/Run3ScoutingAnalysisTools/crab_DYto2Mu4Jets_Unpacker_100/results/cmsRun_17.log.tar.gz
DEBUG 2025-03-26 01:48:00.005 UTC: 	 	DEBUG 2025-03-26 02:47:39,128: 	 Finish executing for file cmsRun_1.log.tar.gz
DEBUG 2025-03-26 01:48:00.005 UTC: 	 	INFO 2025-03-26 02:47:39,129: 	 Success: Success in retrieving cmsRun_1.log.tar.gz 
DEBUG 2025-03-26 01:48:00.005 UTC: 	 	INFO 2025-03-26 02:47:39,130: 	 Retrieving cmsRun_14.log.tar.gz 
DEBUG 2025-03-26 01:48:00.005 UTC: 	 	DEBUG 2025-03-26 02:47:39,130: 	 Executing which scram >/dev/null 2>&1 && eval `scram unsetenv -sh`; gfal-copy -v -K ADLER32  -T 1800  -t 60  root://cms-xrd-global.cern.ch//store/user/amalhotr/DYto2Mu-4Jets_Bin-MLL-50_TuneCP5_13p6TeV_madgraphMLM-pythia8/DYto2Mu4Jets_Unpacker_100/250325_213853/0000/log/cmsRun_14.log.tar.gz file:///afs/cern.ch/user/a/amalhotr/CMSSW_14_0_18_patch1/src/Run3ScoutingAnalysisTools/crab_DYto2Mu4Jets_Unpacker_100/results/cmsRun_14.log.tar.gz
DEBUG 2025-03-26 01:48:00.005 UTC: 	 	DEBUG 2025-03-26 02:47:39,161: 	 Finish executing for file cmsRun_18.log.tar.gz
DEBUG 2025-03-26 01:48:00.005 UTC: 	 	INFO 2025-03-26 02:47:39,161: 	 Success: Success in retrieving cmsRun_18.log.tar.gz 
DEBUG 2025-03-26 01:48:00.005 UTC: 	 	INFO 2025-03-26 02:47:39,162: 	 Retrieving cmsRun_25.log.tar.gz 
DEBUG 2025-03-26 01:48:00.005 UTC: 	 	DEBUG 2025-03-26 02:47:39,162: 	 Executing which scram >/dev/null 2>&1 && eval `scram unsetenv -sh`; gfal-copy -v -K ADLER32  -T 1800  -t 60  root://cms-xrd-global.cern.ch//store/user/amalhotr/DYto2Mu-4Jets_Bin-MLL-50_TuneCP5_13p6TeV_madgraphMLM-pythia8/DYto2Mu4Jets_Unpacker_100/250325_213853/0000/log/cmsRun_25.log.tar.gz file:///afs/cern.ch/user/a/amalhotr/CMSSW_14_0_18_patch1/src/Run3ScoutingAnalysisTools/crab_DYto2Mu4Jets_Unpacker_100/results/cmsRun_25.log.tar.gz
DEBUG 2025-03-26 01:48:00.005 UTC: 	 	DEBUG 2025-03-26 02:47:39,260: 	 Finish executing for file cmsRun_20.log.tar.gz
DEBUG 2025-03-26 01:48:00.005 UTC: 	 	INFO 2025-03-26 02:47:39,260: 	 Success: Success in retrieving cmsRun_20.log.tar.gz 
DEBUG 2025-03-26 01:48:00.005 UTC: 	 	INFO 2025-03-26 02:47:39,261: 	 Retrieving cmsRun_7.log.tar.gz 
DEBUG 2025-03-26 01:48:00.005 UTC: 	 	DEBUG 2025-03-26 02:47:39,261: 	 Executing which scram >/dev/null 2>&1 && eval `scram unsetenv -sh`; gfal-copy -v -K ADLER32  -T 1800  -t 60  root://cms-xrd-global.cern.ch//store/user/amalhotr/DYto2Mu-4Jets_Bin-MLL-50_TuneCP5_13p6TeV_madgraphMLM-pythia8/DYto2Mu4Jets_Unpacker_100/250325_213853/0000/log/cmsRun_7.log.tar.gz file:///afs/cern.ch/user/a/amalhotr/CMSSW_14_0_18_patch1/src/Run3ScoutingAnalysisTools/crab_DYto2Mu4Jets_Unpacker_100/results/cmsRun_7.log.tar.gz
DEBUG 2025-03-26 01:48:00.005 UTC: 	 	DEBUG 2025-03-26 02:47:39,267: 	 Finish executing for file cmsRun_13.log.tar.gz
DEBUG 2025-03-26 01:48:00.005 UTC: 	 	INFO 2025-03-26 02:47:39,268: 	 Success: Success in retrieving cmsRun_13.log.tar.gz 
DEBUG 2025-03-26 01:48:00.005 UTC: 	 	DEBUG 2025-03-26 02:47:39,268: 	 Finish executing for file cmsRun_17.log.tar.gz
DEBUG 2025-03-26 01:48:00.005 UTC: 	 	INFO 2025-03-26 02:47:39,268: 	 Success: Success in retrieving cmsRun_17.log.tar.gz 
DEBUG 2025-03-26 01:48:00.005 UTC: 	 	INFO 2025-03-26 02:47:39,269: 	 Retrieving cmsRun_3.log.tar.gz 
DEBUG 2025-03-26 01:48:00.005 UTC: 	 	DEBUG 2025-03-26 02:47:39,269: 	 Executing which scram >/dev/null 2>&1 && eval `scram unsetenv -sh`; gfal-copy -v -K ADLER32  -T 1800  -t 60  root://cms-xrd-global.cern.ch//store/user/amalhotr/DYto2Mu-4Jets_Bin-MLL-50_TuneCP5_13p6TeV_madgraphMLM-pythia8/DYto2Mu4Jets_Unpacker_100/250325_213853/0000/log/cmsRun_3.log.tar.gz file:///afs/cern.ch/user/a/amalhotr/CMSSW_14_0_18_patch1/src/Run3ScoutingAnalysisTools/crab_DYto2Mu4Jets_Unpacker_100/results/cmsRun_3.log.tar.gz
DEBUG 2025-03-26 01:48:00.005 UTC: 	 	INFO 2025-03-26 02:47:39,269: 	 Retrieving cmsRun_6.log.tar.gz 
DEBUG 2025-03-26 01:48:00.005 UTC: 	 	DEBUG 2025-03-26 02:47:39,270: 	 Executing which scram >/dev/null 2>&1 && eval `scram unsetenv -sh`; gfal-copy -v -K ADLER32  -T 1800  -t 60  root://cms-xrd-global.cern.ch//store/user/amalhotr/DYto2Mu-4Jets_Bin-MLL-50_TuneCP5_13p6TeV_madgraphMLM-pythia8/DYto2Mu4Jets_Unpacker_100/250325_213853/0000/log/cmsRun_6.log.tar.gz file:///afs/cern.ch/user/a/amalhotr/CMSSW_14_0_18_patch1/src/Run3ScoutingAnalysisTools/crab_DYto2Mu4Jets_Unpacker_100/results/cmsRun_6.log.tar.gz
DEBUG 2025-03-26 01:48:00.005 UTC: 	 	DEBUG 2025-03-26 02:47:39,290: 	 Finish executing for file cmsRun_21.log.tar.gz
DEBUG 2025-03-26 01:48:00.005 UTC: 	 	INFO 2025-03-26 02:47:39,290: 	 Success: Success in retrieving cmsRun_21.log.tar.gz 
DEBUG 2025-03-26 01:48:00.005 UTC: 	 	INFO 2025-03-26 02:47:39,291: 	 Retrieving cmsRun_27.log.tar.gz 
DEBUG 2025-03-26 01:48:00.005 UTC: 	 	DEBUG 2025-03-26 02:47:39,291: 	 Executing which scram >/dev/null 2>&1 && eval `scram unsetenv -sh`; gfal-copy -v -K ADLER32  -T 1800  -t 60  root://cms-xrd-global.cern.ch//store/user/amalhotr/DYto2Mu-4Jets_Bin-MLL-50_TuneCP5_13p6TeV_madgraphMLM-pythia8/DYto2Mu4Jets_Unpacker_100/250325_213853/0000/log/cmsRun_27.log.tar.gz file:///afs/cern.ch/user/a/amalhotr/CMSSW_14_0_18_patch1/src/Run3ScoutingAnalysisTools/crab_DYto2Mu4Jets_Unpacker_100/results/cmsRun_27.log.tar.gz
DEBUG 2025-03-26 01:48:00.005 UTC: 	 	DEBUG 2025-03-26 02:47:39,302: 	 Finish executing for file cmsRun_22.log.tar.gz
DEBUG 2025-03-26 01:48:00.005 UTC: 	 	INFO 2025-03-26 02:47:39,302: 	 Success: Success in retrieving cmsRun_22.log.tar.gz 
DEBUG 2025-03-26 01:48:00.005 UTC: 	 	INFO 2025-03-26 02:47:39,304: 	 Retrieving cmsRun_23.log.tar.gz 
DEBUG 2025-03-26 01:48:00.005 UTC: 	 	DEBUG 2025-03-26 02:47:39,304: 	 Executing which scram >/dev/null 2>&1 && eval `scram unsetenv -sh`; gfal-copy -v -K ADLER32  -T 1800  -t 60  root://cms-xrd-global.cern.ch//store/user/amalhotr/DYto2Mu-4Jets_Bin-MLL-50_TuneCP5_13p6TeV_madgraphMLM-pythia8/DYto2Mu4Jets_Unpacker_100/250325_213853/0000/log/cmsRun_23.log.tar.gz file:///afs/cern.ch/user/a/amalhotr/CMSSW_14_0_18_patch1/src/Run3ScoutingAnalysisTools/crab_DYto2Mu4Jets_Unpacker_100/results/cmsRun_23.log.tar.gz
DEBUG 2025-03-26 01:48:00.005 UTC: 	 	DEBUG 2025-03-26 02:47:39,315: 	 Finish executing for file cmsRun_16.log.tar.gz
DEBUG 2025-03-26 01:48:00.005 UTC: 	 	INFO 2025-03-26 02:47:39,315: 	 Success: Success in retrieving cmsRun_16.log.tar.gz 
DEBUG 2025-03-26 01:48:00.005 UTC: 	 	INFO 2025-03-26 02:47:39,317: 	 Retrieving cmsRun_26.log.tar.gz 
DEBUG 2025-03-26 01:48:00.005 UTC: 	 	DEBUG 2025-03-26 02:47:39,317: 	 Executing which scram >/dev/null 2>&1 && eval `scram unsetenv -sh`; gfal-copy -v -K ADLER32  -T 1800  -t 60  root://cms-xrd-global.cern.ch//store/user/amalhotr/DYto2Mu-4Jets_Bin-MLL-50_TuneCP5_13p6TeV_madgraphMLM-pythia8/DYto2Mu4Jets_Unpacker_100/250325_213853/0000/log/cmsRun_26.log.tar.gz file:///afs/cern.ch/user/a/amalhotr/CMSSW_14_0_18_patch1/src/Run3ScoutingAnalysisTools/crab_DYto2Mu4Jets_Unpacker_100/results/cmsRun_26.log.tar.gz
DEBUG 2025-03-26 01:48:00.005 UTC: 	 	DEBUG 2025-03-26 02:47:39,393: 	 Finish executing for file cmsRun_15.log.tar.gz
DEBUG 2025-03-26 01:48:00.005 UTC: 	 	INFO 2025-03-26 02:47:39,393: 	 Success: Success in retrieving cmsRun_15.log.tar.gz 
DEBUG 2025-03-26 01:48:00.005 UTC: 	 	INFO 2025-03-26 02:47:39,395: 	 Retrieving cmsRun_5.log.tar.gz 
DEBUG 2025-03-26 01:48:00.005 UTC: 	 	DEBUG 2025-03-26 02:47:39,395: 	 Executing which scram >/dev/null 2>&1 && eval `scram unsetenv -sh`; gfal-copy -v -K ADLER32  -T 1800  -t 60  root://cms-xrd-global.cern.ch//store/user/amalhotr/DYto2Mu-4Jets_Bin-MLL-50_TuneCP5_13p6TeV_madgraphMLM-pythia8/DYto2Mu4Jets_Unpacker_100/250325_213853/0000/log/cmsRun_5.log.tar.gz file:///afs/cern.ch/user/a/amalhotr/CMSSW_14_0_18_patch1/src/Run3ScoutingAnalysisTools/crab_DYto2Mu4Jets_Unpacker_100/results/cmsRun_5.log.tar.gz
DEBUG 2025-03-26 01:48:00.005 UTC: 	 	DEBUG 2025-03-26 02:47:39,430: 	 Finish executing for file cmsRun_19.log.tar.gz
DEBUG 2025-03-26 01:48:00.005 UTC: 	 	INFO 2025-03-26 02:47:39,430: 	 Success: Success in retrieving cmsRun_19.log.tar.gz 
DEBUG 2025-03-26 01:48:00.005 UTC: 	 	INFO 2025-03-26 02:47:39,432: 	 Retrieving cmsRun_11.log.tar.gz 
DEBUG 2025-03-26 01:48:00.005 UTC: 	 	DEBUG 2025-03-26 02:47:39,432: 	 Executing which scram >/dev/null 2>&1 && eval `scram unsetenv -sh`; gfal-copy -v -K ADLER32  -T 1800  -t 60  root://cms-xrd-global.cern.ch//store/user/amalhotr/DYto2Mu-4Jets_Bin-MLL-50_TuneCP5_13p6TeV_madgraphMLM-pythia8/DYto2Mu4Jets_Unpacker_100/250325_213853/0000/log/cmsRun_11.log.tar.gz file:///afs/cern.ch/user/a/amalhotr/CMSSW_14_0_18_patch1/src/Run3ScoutingAnalysisTools/crab_DYto2Mu4Jets_Unpacker_100/results/cmsRun_11.log.tar.gz
DEBUG 2025-03-26 01:48:00.005 UTC: 	 	DEBUG 2025-03-26 02:47:49,420: 	 Finish executing for file cmsRun_14.log.tar.gz
DEBUG 2025-03-26 01:48:00.005 UTC: 	 	INFO 2025-03-26 02:47:49,421: 	 Success: Success in retrieving cmsRun_14.log.tar.gz 
DEBUG 2025-03-26 01:48:00.005 UTC: 	 	INFO 2025-03-26 02:47:49,421: 	 Retrieving cmsRun_2.log.tar.gz 
DEBUG 2025-03-26 01:48:00.005 UTC: 	 	DEBUG 2025-03-26 02:47:49,421: 	 Executing which scram >/dev/null 2>&1 && eval `scram unsetenv -sh`; gfal-copy -v -K ADLER32  -T 1800  -t 60  root://cms-xrd-global.cern.ch//store/user/amalhotr/DYto2Mu-4Jets_Bin-MLL-50_TuneCP5_13p6TeV_madgraphMLM-pythia8/DYto2Mu4Jets_Unpacker_100/250325_213853/0000/log/cmsRun_2.log.tar.gz file:///afs/cern.ch/user/a/amalhotr/CMSSW_14_0_18_patch1/src/Run3ScoutingAnalysisTools/crab_DYto2Mu4Jets_Unpacker_100/results/cmsRun_2.log.tar.gz
DEBUG 2025-03-26 01:48:00.005 UTC: 	 	DEBUG 2025-03-26 02:47:49,454: 	 Finish executing for file cmsRun_3.log.tar.gz
DEBUG 2025-03-26 01:48:00.005 UTC: 	 	INFO 2025-03-26 02:47:49,454: 	 Success: Success in retrieving cmsRun_3.log.tar.gz 
DEBUG 2025-03-26 01:48:00.005 UTC: 	 	INFO 2025-03-26 02:47:49,455: 	 Retrieving cmsRun_28.log.tar.gz 
DEBUG 2025-03-26 01:48:00.005 UTC: 	 	DEBUG 2025-03-26 02:47:49,455: 	 Executing which scram >/dev/null 2>&1 && eval `scram unsetenv -sh`; gfal-copy -v -K ADLER32  -T 1800  -t 60  root://cms-xrd-global.cern.ch//store/user/amalhotr/DYto2Mu-4Jets_Bin-MLL-50_TuneCP5_13p6TeV_madgraphMLM-pythia8/DYto2Mu4Jets_Unpacker_100/250325_213853/0000/log/cmsRun_28.log.tar.gz file:///afs/cern.ch/user/a/amalhotr/CMSSW_14_0_18_patch1/src/Run3ScoutingAnalysisTools/crab_DYto2Mu4Jets_Unpacker_100/results/cmsRun_28.log.tar.gz
DEBUG 2025-03-26 01:48:00.005 UTC: 	 	DEBUG 2025-03-26 02:47:49,512: 	 Finish executing for file cmsRun_25.log.tar.gz
DEBUG 2025-03-26 01:48:00.005 UTC: 	 	INFO 2025-03-26 02:47:49,512: 	 Success: Success in retrieving cmsRun_25.log.tar.gz 
DEBUG 2025-03-26 01:48:00.005 UTC: 	 	INFO 2025-03-26 02:47:49,513: 	 Retrieving cmsRun_29.log.tar.gz 
DEBUG 2025-03-26 01:48:00.005 UTC: 	 	DEBUG 2025-03-26 02:47:49,513: 	 Executing which scram >/dev/null 2>&1 && eval `scram unsetenv -sh`; gfal-copy -v -K ADLER32  -T 1800  -t 60  root://cms-xrd-global.cern.ch//store/user/amalhotr/DYto2Mu-4Jets_Bin-MLL-50_TuneCP5_13p6TeV_madgraphMLM-pythia8/DYto2Mu4Jets_Unpacker_100/250325_213853/0000/log/cmsRun_29.log.tar.gz file:///afs/cern.ch/user/a/amalhotr/CMSSW_14_0_18_patch1/src/Run3ScoutingAnalysisTools/crab_DYto2Mu4Jets_Unpacker_100/results/cmsRun_29.log.tar.gz
DEBUG 2025-03-26 01:48:00.005 UTC: 	 	DEBUG 2025-03-26 02:47:49,525: 	 Finish executing for file cmsRun_26.log.tar.gz
DEBUG 2025-03-26 01:48:00.005 UTC: 	 	INFO 2025-03-26 02:47:49,526: 	 Success: Success in retrieving cmsRun_26.log.tar.gz 
DEBUG 2025-03-26 01:48:00.005 UTC: 	 	INFO 2025-03-26 02:47:49,526: 	 Retrieving cmsRun_4.log.tar.gz 
DEBUG 2025-03-26 01:48:00.005 UTC: 	 	DEBUG 2025-03-26 02:47:49,526: 	 Executing which scram >/dev/null 2>&1 && eval `scram unsetenv -sh`; gfal-copy -v -K ADLER32  -T 1800  -t 60  root://cms-xrd-global.cern.ch//store/user/amalhotr/DYto2Mu-4Jets_Bin-MLL-50_TuneCP5_13p6TeV_madgraphMLM-pythia8/DYto2Mu4Jets_Unpacker_100/250325_213853/0000/log/cmsRun_4.log.tar.gz file:///afs/cern.ch/user/a/amalhotr/CMSSW_14_0_18_patch1/src/Run3ScoutingAnalysisTools/crab_DYto2Mu4Jets_Unpacker_100/results/cmsRun_4.log.tar.gz
DEBUG 2025-03-26 01:48:00.005 UTC: 	 	DEBUG 2025-03-26 02:47:49,576: 	 Finish executing for file cmsRun_27.log.tar.gz
DEBUG 2025-03-26 01:48:00.005 UTC: 	 	INFO 2025-03-26 02:47:49,577: 	 Success: Success in retrieving cmsRun_27.log.tar.gz 
DEBUG 2025-03-26 01:48:00.005 UTC: 	 	INFO 2025-03-26 02:47:49,577: 	 Retrieving cmsRun_12.log.tar.gz 
DEBUG 2025-03-26 01:48:00.005 UTC: 	 	DEBUG 2025-03-26 02:47:49,577: 	 Executing which scram >/dev/null 2>&1 && eval `scram unsetenv -sh`; gfal-copy -v -K ADLER32  -T 1800  -t 60  root://cms-xrd-global.cern.ch//store/user/amalhotr/DYto2Mu-4Jets_Bin-MLL-50_TuneCP5_13p6TeV_madgraphMLM-pythia8/DYto2Mu4Jets_Unpacker_100/250325_213853/0000/log/cmsRun_12.log.tar.gz file:///afs/cern.ch/user/a/amalhotr/CMSSW_14_0_18_patch1/src/Run3ScoutingAnalysisTools/crab_DYto2Mu4Jets_Unpacker_100/results/cmsRun_12.log.tar.gz
DEBUG 2025-03-26 01:48:00.006 UTC: 	 	DEBUG 2025-03-26 02:47:49,618: 	 Finish executing for file cmsRun_23.log.tar.gz
DEBUG 2025-03-26 01:48:00.006 UTC: 	 	INFO 2025-03-26 02:47:49,618: 	 Success: Success in retrieving cmsRun_23.log.tar.gz 
DEBUG 2025-03-26 01:48:00.006 UTC: 	 	INFO 2025-03-26 02:47:49,619: 	 Retrieving cmsRun_9.log.tar.gz 
DEBUG 2025-03-26 01:48:00.006 UTC: 	 	DEBUG 2025-03-26 02:47:49,619: 	 Executing which scram >/dev/null 2>&1 && eval `scram unsetenv -sh`; gfal-copy -v -K ADLER32  -T 1800  -t 60  root://cms-xrd-global.cern.ch//store/user/amalhotr/DYto2Mu-4Jets_Bin-MLL-50_TuneCP5_13p6TeV_madgraphMLM-pythia8/DYto2Mu4Jets_Unpacker_100/250325_213853/0000/log/cmsRun_9.log.tar.gz file:///afs/cern.ch/user/a/amalhotr/CMSSW_14_0_18_patch1/src/Run3ScoutingAnalysisTools/crab_DYto2Mu4Jets_Unpacker_100/results/cmsRun_9.log.tar.gz
DEBUG 2025-03-26 01:48:00.006 UTC: 	 	DEBUG 2025-03-26 02:47:49,623: 	 Finish executing for file cmsRun_11.log.tar.gz
DEBUG 2025-03-26 01:48:00.006 UTC: 	 	INFO 2025-03-26 02:47:49,624: 	 Success: Success in retrieving cmsRun_11.log.tar.gz 
DEBUG 2025-03-26 01:48:00.006 UTC: 	 	DEBUG 2025-03-26 02:47:49,628: 	 Finish executing for file cmsRun_6.log.tar.gz
DEBUG 2025-03-26 01:48:00.006 UTC: 	 	INFO 2025-03-26 02:47:49,628: 	 Success: Success in retrieving cmsRun_6.log.tar.gz 
DEBUG 2025-03-26 01:48:00.006 UTC: 	 	INFO 2025-03-26 02:47:49,628: 	 Retrieving cmsRun_10.log.tar.gz 
DEBUG 2025-03-26 01:48:00.006 UTC: 	 	DEBUG 2025-03-26 02:47:49,628: 	 Executing which scram >/dev/null 2>&1 && eval `scram unsetenv -sh`; gfal-copy -v -K ADLER32  -T 1800  -t 60  root://cms-xrd-global.cern.ch//store/user/amalhotr/DYto2Mu-4Jets_Bin-MLL-50_TuneCP5_13p6TeV_madgraphMLM-pythia8/DYto2Mu4Jets_Unpacker_100/250325_213853/0000/log/cmsRun_10.log.tar.gz file:///afs/cern.ch/user/a/amalhotr/CMSSW_14_0_18_patch1/src/Run3ScoutingAnalysisTools/crab_DYto2Mu4Jets_Unpacker_100/results/cmsRun_10.log.tar.gz
DEBUG 2025-03-26 01:48:00.006 UTC: 	 	INFO 2025-03-26 02:47:49,630: 	 Retrieving cmsRun_24.log.tar.gz 
DEBUG 2025-03-26 01:48:00.006 UTC: 	 	DEBUG 2025-03-26 02:47:49,630: 	 Executing which scram >/dev/null 2>&1 && eval `scram unsetenv -sh`; gfal-copy -v -K ADLER32  -T 1800  -t 60  root://cms-xrd-global.cern.ch//store/user/amalhotr/DYto2Mu-4Jets_Bin-MLL-50_TuneCP5_13p6TeV_madgraphMLM-pythia8/DYto2Mu4Jets_Unpacker_100/250325_213853/0000/log/cmsRun_24.log.tar.gz file:///afs/cern.ch/user/a/amalhotr/CMSSW_14_0_18_patch1/src/Run3ScoutingAnalysisTools/crab_DYto2Mu4Jets_Unpacker_100/results/cmsRun_24.log.tar.gz
DEBUG 2025-03-26 01:48:00.006 UTC: 	 	DEBUG 2025-03-26 02:47:49,648: 	 Finish executing for file cmsRun_5.log.tar.gz
DEBUG 2025-03-26 01:48:00.006 UTC: 	 	INFO 2025-03-26 02:47:49,648: 	 Success: Success in retrieving cmsRun_5.log.tar.gz 
DEBUG 2025-03-26 01:48:00.006 UTC: 	 	INFO 2025-03-26 02:47:49,649: 	 Retrieving cmsRun_8.log.tar.gz 
DEBUG 2025-03-26 01:48:00.006 UTC: 	 	DEBUG 2025-03-26 02:47:49,649: 	 Executing which scram >/dev/null 2>&1 && eval `scram unsetenv -sh`; gfal-copy -v -K ADLER32  -T 1800  -t 60  root://cms-xrd-global.cern.ch//store/user/amalhotr/DYto2Mu-4Jets_Bin-MLL-50_TuneCP5_13p6TeV_madgraphMLM-pythia8/DYto2Mu4Jets_Unpacker_100/250325_213853/0000/log/cmsRun_8.log.tar.gz file:///afs/cern.ch/user/a/amalhotr/CMSSW_14_0_18_patch1/src/Run3ScoutingAnalysisTools/crab_DYto2Mu4Jets_Unpacker_100/results/cmsRun_8.log.tar.gz
DEBUG 2025-03-26 01:48:00.006 UTC: 	 	DEBUG 2025-03-26 02:47:49,742: 	 Finish executing for file cmsRun_7.log.tar.gz
DEBUG 2025-03-26 01:48:00.006 UTC: 	 	INFO 2025-03-26 02:47:49,742: 	 Success: Success in retrieving cmsRun_7.log.tar.gz 
DEBUG 2025-03-26 01:48:00.006 UTC: 	 	DEBUG 2025-03-26 02:47:59,693: 	 Finish executing for file cmsRun_29.log.tar.gz
DEBUG 2025-03-26 01:48:00.006 UTC: 	 	INFO 2025-03-26 02:47:59,693: 	 Success: Success in retrieving cmsRun_29.log.tar.gz 
DEBUG 2025-03-26 01:48:00.006 UTC: 	 	DEBUG 2025-03-26 02:47:59,740: 	 Finish executing for file cmsRun_12.log.tar.gz
DEBUG 2025-03-26 01:48:00.006 UTC: 	 	INFO 2025-03-26 02:47:59,740: 	 Success: Success in retrieving cmsRun_12.log.tar.gz 
DEBUG 2025-03-26 01:48:00.006 UTC: 	 	DEBUG 2025-03-26 02:47:59,757: 	 Finish executing for file cmsRun_2.log.tar.gz
DEBUG 2025-03-26 01:48:00.006 UTC: 	 	INFO 2025-03-26 02:47:59,757: 	 Success: Success in retrieving cmsRun_2.log.tar.gz 
DEBUG 2025-03-26 01:48:00.006 UTC: 	 	DEBUG 2025-03-26 02:47:59,839: 	 Finish executing for file cmsRun_4.log.tar.gz
DEBUG 2025-03-26 01:48:00.006 UTC: 	 	INFO 2025-03-26 02:47:59,839: 	 Success: Success in retrieving cmsRun_4.log.tar.gz 
DEBUG 2025-03-26 01:48:00.006 UTC: 	 	DEBUG 2025-03-26 02:47:59,848: 	 Finish executing for file cmsRun_9.log.tar.gz
DEBUG 2025-03-26 01:48:00.006 UTC: 	 	INFO 2025-03-26 02:47:59,849: 	 Success: Success in retrieving cmsRun_9.log.tar.gz 
DEBUG 2025-03-26 01:48:00.006 UTC: 	 	DEBUG 2025-03-26 02:47:59,935: 	 Finish executing for file cmsRun_8.log.tar.gz
DEBUG 2025-03-26 01:48:00.006 UTC: 	 	INFO 2025-03-26 02:47:59,935: 	 Success: Success in retrieving cmsRun_8.log.tar.gz 
DEBUG 2025-03-26 01:48:00.006 UTC: 	 	DEBUG 2025-03-26 02:47:59,953: 	 Finish executing for file cmsRun_10.log.tar.gz
DEBUG 2025-03-26 01:48:00.006 UTC: 	 	INFO 2025-03-26 02:47:59,953: 	 Success: Success in retrieving cmsRun_10.log.tar.gz 
DEBUG 2025-03-26 01:48:00.006 UTC: 	 	DEBUG 2025-03-26 02:47:59,977: 	 Finish executing for file cmsRun_24.log.tar.gz
DEBUG 2025-03-26 01:48:00.006 UTC: 	 	INFO 2025-03-26 02:47:59,977: 	 Success: Success in retrieving cmsRun_24.log.tar.gz 
DEBUG 2025-03-26 01:48:00.006 UTC: 	 	DEBUG 2025-03-26 02:47:59,998: 	 Finish executing for file cmsRun_28.log.tar.gz
DEBUG 2025-03-26 01:48:00.006 UTC: 	 	INFO 2025-03-26 02:47:59,998: 	 Success: Success in retrieving cmsRun_28.log.tar.gz 
INFO 2025-03-26 01:48:00.064 UTC: 	 Success: All files successfully retrieved
INFO 2025-03-26 01:48:00.074 UTC: 	 Log file is /afs/cern.ch/user/a/amalhotr/CMSSW_14_0_18_patch1/src/Run3ScoutingAnalysisTools/crab_DYto2Mu4Jets_Unpacker_100/crab.log
DEBUG 2025-03-26 01:59:04.636 UTC: 	 CRAB Client version: v3.250318
DEBUG 2025-03-26 01:59:04.636 UTC: 	 Running on: Linux lxplus940.cern.ch 5.14.0-503.22.1.el9_5.x86_64 #1 SMP PREEMPT_DYNAMIC Wed Jan 15 08:02:15 EST 2025 x86_64 x86_64 x86_64 GNU/Linux
DEBUG 2025-03-26 01:59:04.636 UTC: 	 Not using Singularity
DEBUG 2025-03-26 01:59:04.636 UTC: 	 Operating System: Red Hat Enterprise Linux 9.5 (Plow)
DEBUG 2025-03-26 01:59:04.636 UTC: 	 Executing command: 'status'
DEBUG 2025-03-26 01:59:04.636 UTC: 	 Found CRAB cache file /afs/cern.ch/user/a/amalhotr/.crab3
DEBUG 2025-03-26 01:59:04.640 UTC: 	 Checking credentials
DEBUG 2025-03-26 01:59:04.640 UTC: 	 Found proxy file /tmp/x509up_u180451
DEBUG 2025-03-26 01:59:04.640 UTC: 	 Making sure it has proper VOMS extension
DEBUG 2025-03-26 01:59:04.640 UTC: 	 Executing command :
 voms-proxy-info --vo --file /tmp/x509up_u180451
DEBUG 2025-03-26 01:59:04.985 UTC: 	 output : cms

 error: 
 retcode : 0
DEBUG 2025-03-26 01:59:04.985 UTC: 	 Getting proxy life time left
DEBUG 2025-03-26 01:59:04.985 UTC: 	 Executing command :
 voms-proxy-info --actimeleft --timeleft --file /tmp/x509up_u180451
DEBUG 2025-03-26 01:59:05.297 UTC: 	 output : 675523
675523

 error: 
 retcode : 0
DEBUG 2025-03-26 01:59:05.297 UTC: 	 Proxy valid for 187:38:43 hours
DEBUG 2025-03-26 01:59:05.297 UTC: 	 Encoded data for curl request: subresource=delegatedn
DEBUG 2025-03-26 01:59:05.341 UTC: 	 Registering user credentials on myproxy for /DC=ch/DC=cern/OU=computers/CN=crab-(preprod|prod)-tw(01|02).cern.ch|/DC=ch/DC=cern/OU=computers/CN=crab-dev-tw(01|02|03|04).cern.ch|/DC=ch/DC=cern/OU=Organic Units/OU=Users/CN=cmscrab/CN=(817881|373708)/CN=Robot: cms crab|/DC=ch/DC=cern/OU=Organic Units/OU=Users/CN=crabint1/CN=373708/CN=Robot: CMS CRAB Integration 1
DEBUG 2025-03-26 01:59:05.341 UTC: 	 Executing command :
 voms-proxy-info --identity --file /tmp/x509up_u180451
DEBUG 2025-03-26 01:59:05.675 UTC: 	 output : /DC=ch/DC=cern/OU=Organic Units/OU=Users/CN=amalhotr/CN=884837/CN=Aryan Malhotra

 error: 
 retcode : 0
DEBUG 2025-03-26 01:59:05.675 UTC: 	 Getting myproxy life time left for 2382a3cf28fdeacb1de9b039908761ea517a5ed6
DEBUG 2025-03-26 01:59:05.675 UTC: 	 Executing command :
 myproxy-info -s myproxy.cern.ch -l 2382a3cf28fdeacb1de9b039908761ea517a5ed6
DEBUG 2025-03-26 01:59:05.939 UTC: 	 output : username: 2382a3cf28fdeacb1de9b039908761ea517a5ed6
owner: /DC=ch/DC=cern/OU=Organic Units/OU=Users/CN=amalhotr/CN=884837/CN=Aryan Malhotra
  renewal policy: /DC=ch/DC=cern/OU=computers/CN=crab-(preprod|prod)-tw(01|02).cern.ch|/DC=ch/DC=cern/OU=computers/CN=crab-dev-tw(01|02|03|04).cern.ch|/DC=ch/DC=cern/OU=Organic Units/OU=Users/CN=cmscrab/CN=(817881|373708)/CN=Robot: cms crab|/DC=ch/DC=cern/OU=Organic Units/OU=Users/CN=crabint1/CN=373708/CN=Robot: CMS CRAB Integration 1
  trusted retrieval policy: /DC=ch/DC=cern/OU=computers/CN=crab-(preprod|prod)-tw(01|02).cern.ch|/DC=ch/DC=cern/OU=computers/CN=crab-dev-tw(01|02|03|04).cern.ch|/DC=ch/DC=cern/OU=Organic Units/OU=Users/CN=cmscrab/CN=(817881|373708)/CN=Robot: cms crab|/DC=ch/DC=cern/OU=Organic Units/OU=Users/CN=crabint1/CN=373708/CN=Robot: CMS CRAB Integration 1
  timeleft: 554:21:13  (23.1 days)

 error: 
 retcode : 0
DEBUG 2025-03-26 01:59:05.939 UTC: 	 Myproxy is valid: 1995660
DEBUG 2025-03-26 01:59:05.939 UTC: 	 Result of myproxy credential check:
  Credential exists on myproxy: username: 2382a3cf28fdeacb1de9b039908761ea517a5ed6  - validity: 23 days, 2:21:00
DEBUG 2025-03-26 01:59:05.939 UTC: 	 Retrieving username ...
DEBUG 2025-03-26 01:59:05.939 UTC: 	 Retrieving username from CRIC...
DEBUG 2025-03-26 01:59:06.673 UTC: 	 username is amalhotr
INFO 2025-03-26 01:59:07.129 UTC: 	 Rucio client intialized for account amalhotr
DEBUG 2025-03-26 01:59:07.129 UTC: 	 Command use: status
DEBUG 2025-03-26 01:59:07.129 UTC: 	 Options use: ['-d', './crab_DYto2Mu4Jets_Unpacker_100']
DEBUG 2025-03-26 01:59:07.129 UTC: 	 Encoded data for curl request: subresource=version
DEBUG 2025-03-26 01:59:07.166 UTC: 	 CRABClient version: v3.250318
DEBUG 2025-03-26 01:59:07.167 UTC: 	 Instance is prod
DEBUG 2025-03-26 01:59:07.167 UTC: 	 Server base url is cmsweb.cern.ch
DEBUG 2025-03-26 01:59:07.167 UTC: 	 Command api workflow
DEBUG 2025-03-26 01:59:07.167 UTC: 	 Encoded data for curl request: subresource=search&workflow=250325_213853%3Aamalhotr_crab_DYto2Mu4Jets_Unpacker_100
DEBUG 2025-03-26 01:59:07.219 UTC: 	 Got information from server oracle database: {'desc': {'columns': ['tm_taskname', 'tm_activity', 'tm_task_status', 'tm_task_command', 'tm_start_time', 'tm_start_injection', 'tm_end_injection', 'tm_task_failure', 'tm_job_sw', 'tm_job_arch', 'tm_input_dataset', 'tm_nonvalid_input_dataset', 'tm_use_parent', 'tm_site_whitelist', 'tm_site_blacklist', 'tm_split_algo', 'tm_split_args', 'tm_user_sandbox', 'tm_cache_url', 'tm_username', 'tm_user_dn', 'tm_user_vo', 'tm_user_role', 'tm_user_group', 'tm_publish_name', 'tm_publish_groupname', 'tm_asyncdest', 'tm_dbs_url', 'tm_publish_dbs_url', 'tm_publication', 'tm_outfiles', 'tm_tfile_outfiles', 'tm_edm_outfiles', 'tm_job_type', 'tm_generator', 'tm_events_per_lumi', 'tm_arguments', 'tm_save_logs', 'tw_name', 'tm_user_infiles', 'tm_maxjobruntime', 'tm_numcores', 'tm_maxmemory', 'tm_priority', 'tm_output_dataset', 'tm_task_warnings', 'tm_user_webdir', 'tm_scriptexe', 'tm_scriptargs', 'tm_extrajdl', 'tm_collector', 'tm_schedd', 'tm_dry_run', 'tm_user_files', 'tm_transfer_outputs', 'tm_output_lfn', 'tm_ignore_locality', 'tm_fail_limit', 'tm_one_event_mode', 'tm_secondary_input_dataset', 'tm_primary_dataset', 'tm_last_publication', 'tm_debug_files', 'clusterid', 'tm_ignore_global_blacklist', 'tm_submitter_ip_addr', 'tm_totalunits', 'tm_ddm_reqid', 'tm_user_config', 'tm_transfer_container', 'tm_transfer_rule', 'tm_publish_rule', 'tm_multipub_rule', 'tm_job_min_microarch', 'tm_dagman_status', 'tm_num_jobs', 'tm_uploaded']}, 'result': ['250325_213853:amalhotr_crab_DYto2Mu4Jets_Unpacker_100', 'None', 'SUBMITTED', 'SUBMIT', '2025-03-25 21:38:53.687169', 'None', '2025-03-25 21:41:08.064743', 'None', 'CMSSW_14_0_18_patch1', 'el9_amd64_gcc12', '/DYto2Mu-4Jets_Bin-MLL-50_TuneCP5_13p6TeV_madgraphMLM-pythia8/RunIII2024Summer24MiniAOD-140X_mcRun3_2024_realistic_v26-v2/MINIAODSIM', 'F', '0', '[]', '[]', 'FileBased', "{'halt_job_on_file_boundaries': False, 'splitOnRun': False, 'files_per_job': 5, 'runs': [], 'lumis': []}", '3347ab5ebddcbcf20e5a549cff91c4ac4d53283ca301d10bc07120adeaa8b0f2.tar.gz', 'https://cmsweb.cern.ch/S3/crabcache_prod', 'amalhotr', '/DC=ch/DC=cern/OU=Organic Units/OU=Users/CN=amalhotr/CN=884837/CN=Aryan Malhotra', 'cms', 'None', 'None', 'DYto2Mu4Jets_Unpacker_100-00000000000000000000000000000000', 'F', 'T2_BR_SPRACE', 'https://cmsweb.cern.ch/dbs/prod/global/DBSReader', 'https://cmsweb.cern.ch/dbs/prod/phys03/DBSWriter', 'T', '[]', '[]', "['HLTUnpackerOutputLarge.root']", 'Analysis', 'pythia', 'None', '{}', 'T', 'crab-prod-tw01', '[]', '1250', '1', '2000', '10', "['/DYto2Mu-4Jets_Bin-MLL-50_TuneCP5_13p6TeV_madgraphMLM-pythia8/amalhotr-DYto2Mu4Jets_Unpacker_100-49feb6938084587a06052f9676570a55/USER']", '[]', 'http://vocms0122.cern.ch/mon/amalhotr/250325_213853:amalhotr_crab_DYto2Mu4Jets_Unpacker_100', 'None', '[]', '[]', 'cmsgwms-collector-global.cern.ch:9620,cmsgwms-collector-global.fnal.gov:9620', 'crab3@vocms0122.cern.ch', 'F', '[]', 'T', '/store/user/amalhotr/', 'F', 'None', 'F', 'None', 'DYto2Mu-4Jets_Bin-MLL-50_TuneCP5_13p6TeV_madgraphMLM-pythia8', 'None', '46abd81798f8172cc8a3a999c59ea9104a03ce5642e15b1dd94ed402b62ca33b.tar.gz', '124350952', 'F', '188.184.75.82', '100.0', 'None', '{"partialdataset": false, "requireaccelerator": false, "acceleratorparams": null, "inputblocks": null}', 'None', 'None', 'None', 'None', 'any', 'NOT_READY', '0', 'F']}
INFO 2025-03-26 01:59:07.219 UTC: 	 CRAB project directory:		/afs/cern.ch/user/a/amalhotr/CMSSW_14_0_18_patch1/src/Run3ScoutingAnalysisTools/crab_DYto2Mu4Jets_Unpacker_100
INFO 2025-03-26 01:59:07.219 UTC: 	 Task name:			250325_213853:amalhotr_crab_DYto2Mu4Jets_Unpacker_100
INFO 2025-03-26 01:59:07.219 UTC: 	 Grid scheduler - Task Worker:	crab3@vocms0122.cern.ch - crab-prod-tw01
INFO 2025-03-26 01:59:07.219 UTC: 	 Status on the CRAB server:	SUBMITTED
INFO 2025-03-26 01:59:07.219 UTC: 	 Task URL to use for HELP:	https://cmsweb.cern.ch/crabserver/ui/task/250325_213853%3Aamalhotr_crab_DYto2Mu4Jets_Unpacker_100
INFO 2025-03-26 01:59:07.225 UTC: 	 Dashboard monitoring URL:	https://monit-grafana.cern.ch/d/cmsTMDetail/cms-task-monitoring-task-view?orgId=11&var-user=amalhotr&var-task=250325_213853%3Aamalhotr_crab_DYto2Mu4Jets_Unpacker_100&from=1742935133000&to=now
DEBUG 2025-03-26 01:59:07.225 UTC: 	 The CRAB server submitted your task to the Grid scheduler (cluster ID: 124350952)
DEBUG 2025-03-26 01:59:07.225 UTC: 	 Webdir is located at http://vocms0122.cern.ch/mon/amalhotr/250325_213853:amalhotr_crab_DYto2Mu4Jets_Unpacker_100
DEBUG 2025-03-26 01:59:07.225 UTC: 	 Encoded data for curl request: subresource=webdirprx&workflow=250325_213853%3Aamalhotr_crab_DYto2Mu4Jets_Unpacker_100
DEBUG 2025-03-26 01:59:07.266 UTC: 	 Proxied webdir is located at https://cmsweb.cern.ch:8443/scheddmon/0122/amalhotr/250325_213853:amalhotr_crab_DYto2Mu4Jets_Unpacker_100
DEBUG 2025-03-26 01:59:07.266 UTC: 	 Retrieving 'status_cache' file from https://cmsweb.cern.ch:8443/scheddmon/0122/amalhotr/250325_213853:amalhotr_crab_DYto2Mu4Jets_Unpacker_100/status_cache.pkl
DEBUG 2025-03-26 01:59:07.266 UTC: 	 Will execute:
curl -sS --capath /etc/grid-security/certificates --cert /tmp/x509up_u180451 --key /tmp/x509up_u180451 -o /tmp/crab_status-cache-h27o1q7v.pkl -w %"{http_code}" "https://cmsweb.cern.ch:8443/scheddmon/0122/amalhotr/250325_213853:amalhotr_crab_DYto2Mu4Jets_Unpacker_100/status_cache.pkl"
DEBUG 2025-03-26 01:59:07.266 UTC: 	 Executing command :
 curl -sS --capath /etc/grid-security/certificates --cert /tmp/x509up_u180451 --key /tmp/x509up_u180451 -o /tmp/crab_status-cache-h27o1q7v.pkl -w %"{http_code}" "https://cmsweb.cern.ch:8443/scheddmon/0122/amalhotr/250325_213853:amalhotr_crab_DYto2Mu4Jets_Unpacker_100/status_cache.pkl"
DEBUG 2025-03-26 01:59:07.296 UTC: 	 output : 200
 error: 
 retcode : 0
DEBUG 2025-03-26 01:59:07.296 UTC: 	 exitcode: 0
stdout: 200
stderr: 
error details: 
DEBUG 2025-03-26 01:59:07.297 UTC: 	 Got information from status cache file: {'7': {'Retries': 0, 'Restarts': 0, 'SiteHistory': ['Unknown', 'T2_IT_Legnaro', 'T2_IT_Legnaro'], 'ResidentSetSize': [1327032], 'SubmitTimes': [1742938941.0], 'StartTimes': [1742939160.0], 'EndTimes': [1742941680.0], 'TotalUserCpuTimeHistory': [1728], 'TotalSysCpuTimeHistory': [121], 'WallDurations': [9.0, 138.507226228714, 2520.0], 'JobIds': ['124350955.0'], 'State': 'finished', 'RecordedSite': True}, '14': {'Retries': 0, 'Restarts': 0, 'SiteHistory': ['Unknown', 'T1_UK_RAL', 'T1_UK_RAL'], 'ResidentSetSize': [1265248], 'SubmitTimes': [1742938941.0], 'StartTimes': [1742939021.0], 'EndTimes': [1742942752.0], 'TotalUserCpuTimeHistory': [1608], 'TotalSysCpuTimeHistory': [425], 'WallDurations': [8.0, 277.507226228714, 3731.0], 'JobIds': ['124350956.0'], 'State': 'finished', 'RecordedSite': True}, '13': {'Retries': 0, 'Restarts': 0, 'SiteHistory': ['Unknown', 'T1_UK_RAL', 'T1_UK_RAL'], 'ResidentSetSize': [1340176], 'SubmitTimes': [1742938941.0], 'StartTimes': [1742939022.0], 'EndTimes': [1742943121.0], 'TotalUserCpuTimeHistory': [1838], 'TotalSysCpuTimeHistory': [525], 'WallDurations': [8.0, 276.507226228714, 4099.0], 'JobIds': ['124350957.0'], 'State': 'finished', 'RecordedSite': True}, '18': {'Retries': 0, 'Restarts': 0, 'SiteHistory': ['Unknown', 'T1_UK_RAL', 'T1_UK_RAL'], 'ResidentSetSize': [1303732], 'SubmitTimes': [1742938942.0], 'StartTimes': [1742939023.0], 'EndTimes': [1742942865.0], 'TotalUserCpuTimeHistory': [1740], 'TotalSysCpuTimeHistory': [513], 'WallDurations': [8.0, 275.507226228714, 3842.0], 'JobIds': ['124350958.0'], 'State': 'finished', 'RecordedSite': True}, '15': {'Retries': 0, 'Restarts': 0, 'SiteHistory': ['Unknown', 'T1_UK_RAL', 'T1_UK_RAL'], 'ResidentSetSize': [1393036], 'SubmitTimes': [1742938942.0], 'StartTimes': [1742939022.0], 'EndTimes': [1742942970.0], 'TotalUserCpuTimeHistory': [1676], 'TotalSysCpuTimeHistory': [527], 'WallDurations': [8.0, 276.507226228714, 3948.0], 'JobIds': ['124350959.0'], 'State': 'finished', 'RecordedSite': True}, '1': {'Retries': 0, 'Restarts': 0, 'SiteHistory': ['Unknown', 'T2_UK_London_IC', 'T2_UK_London_IC'], 'ResidentSetSize': [1275176], 'SubmitTimes': [1742938942.0], 'StartTimes': [1742939160.0], 'EndTimes': [1742943179.0], 'TotalUserCpuTimeHistory': [1717], 'TotalSysCpuTimeHistory': [620], 'WallDurations': [9.0, 138.507226228714, 4019.0], 'JobIds': ['124350960.0'], 'State': 'finished', 'RecordedSite': True}, '2': {'Retries': 0, 'Restarts': 0, 'SiteHistory': ['Unknown', 'T2_UK_London_IC', 'T2_UK_London_IC'], 'ResidentSetSize': [689780], 'SubmitTimes': [1742938942.0], 'StartTimes': [1742939160.0], 'EndTimes': [1742940103.0], 'TotalUserCpuTimeHistory': [490], 'TotalSysCpuTimeHistory': [79], 'WallDurations': [9.0, 138.507226228714, 943.0], 'JobIds': ['124350961.0'], 'State': 'finished', 'RecordedSite': True}, '8': {'Retries': 0, 'Restarts': 0, 'SiteHistory': ['Unknown', 'T2_IT_Legnaro', 'T2_IT_Legnaro'], 'ResidentSetSize': [92916], 'SubmitTimes': [1742938942.0], 'StartTimes': [1742939160.0], 'EndTimes': [1742939417.0], 'TotalUserCpuTimeHistory': [150], 'TotalSysCpuTimeHistory': [13], 'WallDurations': [8.0, 138.507226228714, 257.0], 'JobIds': ['124350962.0'], 'State': 'finished', 'RecordedSite': True}, '9': {'Retries': 0, 'Restarts': 0, 'SiteHistory': ['Unknown', 'T2_DE_RWTH', 'T2_DE_RWTH'], 'ResidentSetSize': [638632], 'SubmitTimes': [1742938942.0], 'StartTimes': [1742939160.0], 'EndTimes': [1742939729.0], 'TotalUserCpuTimeHistory': [207], 'TotalSysCpuTimeHistory': [27], 'WallDurations': [9.0, 138.507226228714, 569.0], 'JobIds': ['124350963.0'], 'State': 'finished', 'RecordedSite': True}, '12': {'Retries': 0, 'Restarts': 0, 'SiteHistory': ['Unknown', 'T2_US_Vanderbilt', 'T2_US_Vanderbilt'], 'ResidentSetSize': [1162692], 'SubmitTimes': [1742938942.0], 'StartTimes': [1742939237.0], 'EndTimes': [1742939947.0], 'TotalUserCpuTimeHistory': [381], 'TotalSysCpuTimeHistory': [15], 'WallDurations': [8.0, 61.50722622871399, 710.0], 'JobIds': ['124350964.0'], 'State': 'finished', 'RecordedSite': True}, '6': {'Retries': 0, 'Restarts': 0, 'SiteHistory': ['Unknown', 'T2_IT_Legnaro', 'T2_IT_Legnaro'], 'ResidentSetSize': [1267868], 'SubmitTimes': [1742938942.0], 'StartTimes': [1742939160.0], 'EndTimes': [1742940886.0], 'TotalUserCpuTimeHistory': [1281], 'TotalSysCpuTimeHistory': [118], 'WallDurations': [9.0, 138.507226228714, 1726.0], 'JobIds': ['124350965.0'], 'State': 'finished', 'RecordedSite': True}, '10': {'Retries': 0, 'Restarts': 0, 'SiteHistory': ['Unknown', 'T2_DE_DESY', 'T2_DE_DESY'], 'ResidentSetSize': [512544], 'SubmitTimes': [1742938942.0], 'StartTimes': [1742939160.0], 'EndTimes': [1742939579.0], 'TotalUserCpuTimeHistory': [217], 'TotalSysCpuTimeHistory': [39], 'WallDurations': [9.0, 138.507226228714, 419.0], 'JobIds': ['124350966.0'], 'State': 'finished', 'RecordedSite': True}, '5': {'Retries': 0, 'Restarts': 0, 'SiteHistory': ['Unknown', 'T2_IT_Legnaro', 'T2_IT_Legnaro'], 'ResidentSetSize': [766480], 'SubmitTimes': [1742938942.0], 'StartTimes': [1742939160.0], 'EndTimes': [1742940338.0], 'TotalUserCpuTimeHistory': [911], 'TotalSysCpuTimeHistory': [86], 'WallDurations': [9.0, 138.507226228714, 1178.0], 'JobIds': ['124350967.0'], 'State': 'finished', 'RecordedSite': True}, '17': {'Retries': 0, 'Restarts': 0, 'SiteHistory': ['Unknown', 'T1_UK_RAL', 'T1_UK_RAL'], 'ResidentSetSize': [1333396], 'SubmitTimes': [1742938942.0], 'StartTimes': [1742939021.0], 'EndTimes': [1742942769.0], 'TotalUserCpuTimeHistory': [1593], 'TotalSysCpuTimeHistory': [486], 'WallDurations': [8.0, 277.507226228714, 3748.0], 'JobIds': ['124350968.0'], 'State': 'finished', 'RecordedSite': True}, '3': {'Retries': 0, 'Restarts': 0, 'SiteHistory': ['Unknown', 'T1_ES_PIC', 'T1_ES_PIC'], 'ResidentSetSize': [805408], 'SubmitTimes': [1742938942.0], 'StartTimes': [1742939023.0], 'EndTimes': [1742941610.0], 'TotalUserCpuTimeHistory': [1326], 'TotalSysCpuTimeHistory': [234], 'WallDurations': [9.0, 275.507226228714, 2587.0], 'JobIds': ['124350969.0'], 'State': 'finished', 'RecordedSite': True}, '11': {'Retries': 0, 'Restarts': 0, 'SiteHistory': ['Unknown', 'T2_IT_Pisa', 'T2_IT_Pisa'], 'ResidentSetSize': [505128], 'SubmitTimes': [1742938942.0], 'StartTimes': [1742939160.0], 'EndTimes': [1742940119.0], 'TotalUserCpuTimeHistory': [462], 'TotalSysCpuTimeHistory': [36], 'WallDurations': [9.0, 138.507226228714, 959.0], 'JobIds': ['124350970.0'], 'State': 'finished', 'RecordedSite': True}, '19': {'Retries': 0, 'Restarts': 0, 'SiteHistory': ['Unknown', 'T1_UK_RAL', 'T1_UK_RAL'], 'ResidentSetSize': [1179200], 'SubmitTimes': [1742938942.0], 'StartTimes': [1742939021.0], 'EndTimes': [1742943065.0], 'TotalUserCpuTimeHistory': [1606], 'TotalSysCpuTimeHistory': [436], 'WallDurations': [8.0, 277.507226228714, 4044.0], 'JobIds': ['124350971.0'], 'State': 'finished', 'RecordedSite': True}, '20': {'Retries': 0, 'Restarts': 0, 'SiteHistory': ['Unknown', 'T1_UK_RAL', 'T1_UK_RAL'], 'ResidentSetSize': [1351680], 'SubmitTimes': [1742938942.0], 'StartTimes': [1742939022.0], 'EndTimes': [1742943433.0], 'TotalUserCpuTimeHistory': [2001], 'TotalSysCpuTimeHistory': [582], 'WallDurations': [8.0, 276.507226228714, 4411.0], 'JobIds': ['124350972.0'], 'State': 'finished', 'RecordedSite': True}, '22': {'Retries': 0, 'Restarts': 0, 'SiteHistory': ['Unknown', 'T1_UK_RAL', 'T1_UK_RAL'], 'ResidentSetSize': [1343484], 'SubmitTimes': [1742938942.0], 'StartTimes': [1742939022.0], 'EndTimes': [1742943581.0], 'TotalUserCpuTimeHistory': [1890], 'TotalSysCpuTimeHistory': [553], 'WallDurations': [8.0, 276.507226228714, 4559.0], 'JobIds': ['124350973.0'], 'State': 'finished', 'RecordedSite': True}, '23': {'Retries': 0, 'Restarts': 0, 'SiteHistory': ['Unknown', 'T1_UK_RAL', 'T1_UK_RAL'], 'ResidentSetSize': [693748], 'SubmitTimes': [1742938943.0], 'StartTimes': [1742939022.0], 'EndTimes': [1742940565.0], 'TotalUserCpuTimeHistory': [632], 'TotalSysCpuTimeHistory': [220], 'WallDurations': [8.0, 276.507226228714, 1543.0], 'JobIds': ['124350974.0'], 'State': 'finished', 'RecordedSite': True}, '4': {'Retries': 0, 'Restarts': 0, 'SiteHistory': ['Unknown', 'T2_UK_London_IC', 'T2_UK_London_IC'], 'ResidentSetSize': [812848], 'SubmitTimes': [1742938943.0], 'StartTimes': [1742939160.0], 'EndTimes': [1742939955.0], 'TotalUserCpuTimeHistory': [326], 'TotalSysCpuTimeHistory': [105], 'WallDurations': [9.0, 138.507226228714, 795.0], 'JobIds': ['124350975.0'], 'State': 'finished', 'RecordedSite': True}, '24': {'Retries': 0, 'Restarts': 0, 'SiteHistory': ['Unknown', 'T1_FR_CCIN2P3', 'T1_FR_CCIN2P3'], 'ResidentSetSize': [616100], 'SubmitTimes': [1742938943.0], 'StartTimes': [1742939020.0], 'EndTimes': [1742939489.0], 'TotalUserCpuTimeHistory': [206], 'TotalSysCpuTimeHistory': [73], 'WallDurations': [9.0, 278.507226228714, 469.0], 'JobIds': ['124350976.0'], 'State': 'finished', 'RecordedSite': True}, '28': {'Retries': 0, 'Restarts': 0, 'SiteHistory': ['Unknown', 'T2_US_Vanderbilt', 'T2_US_Vanderbilt'], 'ResidentSetSize': [1160420], 'SubmitTimes': [1742938943.0], 'StartTimes': [1742939236.0], 'EndTimes': [1742939980.0], 'TotalUserCpuTimeHistory': [289], 'TotalSysCpuTimeHistory': [16], 'WallDurations': [9.0, 62.50722622871399, 744.0], 'JobIds': ['124350977.0'], 'State': 'finished', 'RecordedSite': True}, '27': {'Retries': 0, 'Restarts': 0, 'SiteHistory': ['Unknown', 'T2_US_UCSD', 'T2_US_UCSD'], 'ResidentSetSize': [1094944], 'SubmitTimes': [1742938943.0], 'StartTimes': [1742939243.0], 'EndTimes': [1742940579.0], 'TotalUserCpuTimeHistory': [488], 'TotalSysCpuTimeHistory': [33], 'WallDurations': [9.0, 55.50722622871399, 1336.0], 'JobIds': ['124350978.0'], 'State': 'finished', 'RecordedSite': True}, '26': {'Retries': 0, 'Restarts': 0, 'SiteHistory': ['Unknown', 'T1_FR_CCIN2P3', 'T1_FR_CCIN2P3'], 'ResidentSetSize': [678520], 'SubmitTimes': [1742938943.0], 'StartTimes': [1742939022.0], 'EndTimes': [1742940552.0], 'TotalUserCpuTimeHistory': [765], 'TotalSysCpuTimeHistory': [295], 'WallDurations': [8.0, 276.507226228714, 1530.0], 'JobIds': ['124350979.0'], 'State': 'finished', 'RecordedSite': True}, '29': {'Retries': 0, 'Restarts': 0, 'SiteHistory': ['Unknown', 'T1_UK_RAL', 'T1_UK_RAL'], 'ResidentSetSize': [791796], 'SubmitTimes': [1742938943.0], 'StartTimes': [1742939023.0], 'EndTimes': [1742939976.0], 'TotalUserCpuTimeHistory': [360], 'TotalSysCpuTimeHistory': [98], 'WallDurations': [8.0, 275.507226228714, 953.0], 'JobIds': ['124350980.0'], 'State': 'finished', 'RecordedSite': True}, '25': {'Retries': 0, 'Restarts': 0, 'SiteHistory': ['Unknown', 'T1_FR_CCIN2P3', 'T1_FR_CCIN2P3'], 'ResidentSetSize': [885772], 'SubmitTimes': [1742938943.0], 'StartTimes': [1742939023.0], 'EndTimes': [1742941862.0], 'TotalUserCpuTimeHistory': [1336], 'TotalSysCpuTimeHistory': [513], 'WallDurations': [9.0, 275.507226228714, 2839.0], 'JobIds': ['124350981.0'], 'State': 'finished', 'RecordedSite': True}, '21': {'Retries': 0, 'Restarts': 0, 'SiteHistory': ['Unknown', 'T1_UK_RAL', 'T1_UK_RAL'], 'ResidentSetSize': [1091408], 'SubmitTimes': [1742938943.0], 'StartTimes': [1742939021.0], 'EndTimes': [1742942941.0], 'TotalUserCpuTimeHistory': [1714], 'TotalSysCpuTimeHistory': [504], 'WallDurations': [8.0, 277.507226228714, 3920.0], 'JobIds': ['124350982.0'], 'State': 'finished', 'RecordedSite': True}, '16': {'Retries': 0, 'Restarts': 0, 'SiteHistory': ['Unknown', 'T1_UK_RAL', 'T1_UK_RAL'], 'ResidentSetSize': [854104], 'SubmitTimes': [1742938943.0], 'StartTimes': [1742939022.0], 'EndTimes': [1742942989.0], 'TotalUserCpuTimeHistory': [1703], 'TotalSysCpuTimeHistory': [500], 'WallDurations': [8.0, 276.507226228714, 3967.0], 'JobIds': ['124350983.0'], 'State': 'finished', 'RecordedSite': True}}
INFO 2025-03-26 01:59:07.297 UTC: 	 Status on the scheduler:	COMPLETED
INFO 2025-03-26 01:59:07.297 UTC: 	 
Jobs status:                    finished     		100.0% (29/29)
DEBUG 2025-03-26 01:59:07.297 UTC: 	 Encoded data for curl request: subresource=publicationstatus&workflow=250325_213853%3Aamalhotr_crab_DYto2Mu4Jets_Unpacker_100&username=amalhotr
INFO 2025-03-26 01:59:07.383 UTC: 	 
Publication status of 1 dataset(s):	new          		100.0% (29/29)
(from CRAB internal bookkeeping in transferdb)
INFO 2025-03-26 01:59:07.383 UTC: 	 
Output dataset:			/DYto2Mu-4Jets_Bin-MLL-50_TuneCP5_13p6TeV_madgraphMLM-pythia8/amalhotr-DYto2Mu4Jets_Unpacker_100-49feb6938084587a06052f9676570a55/USER
Output dataset DAS URL:		https://cmsweb.cern.ch/das/request?input=%2FDYto2Mu-4Jets_Bin-MLL-50_TuneCP5_13p6TeV_madgraphMLM-pythia8%2Famalhotr-DYto2Mu4Jets_Unpacker_100-49feb6938084587a06052f9676570a55%2FUSER&instance=prod%2Fphys03
INFO 2025-03-26 01:59:07.383 UTC: 	 
Warning: the max jobs runtime is less than 30% of the task requested value (1250 min), please consider to request a lower value for failed jobs (allowed through crab resubmit) and/or improve the jobs splitting (e.g. config.Data.splitting = 'Automatic') in a new task.
INFO 2025-03-26 01:59:07.383 UTC: 	 
Summary of run jobs:
 * Memory: 90MB min, 1360MB max, 951MB ave
 * Runtime: 0:04:17 min, 1:15:59 max, 0:38:08 ave
 * CPU eff: 39% min, 85% max, 58% ave
 * Waste: 1:43:56 (9% of total)

INFO 2025-03-26 01:59:07.385 UTC: 	 Log file is /afs/cern.ch/user/a/amalhotr/CMSSW_14_0_18_patch1/src/Run3ScoutingAnalysisTools/crab_DYto2Mu4Jets_Unpacker_100/crab.log
DEBUG 2025-03-26 02:01:31.819 UTC: 	 CRAB Client version: v3.250318
DEBUG 2025-03-26 02:01:31.820 UTC: 	 Running on: Linux lxplus940.cern.ch 5.14.0-503.22.1.el9_5.x86_64 #1 SMP PREEMPT_DYNAMIC Wed Jan 15 08:02:15 EST 2025 x86_64 x86_64 x86_64 GNU/Linux
DEBUG 2025-03-26 02:01:31.820 UTC: 	 Not using Singularity
DEBUG 2025-03-26 02:01:31.820 UTC: 	 Operating System: Red Hat Enterprise Linux 9.5 (Plow)
DEBUG 2025-03-26 02:01:31.820 UTC: 	 Executing command: 'status'
DEBUG 2025-03-26 02:01:31.820 UTC: 	 Found CRAB cache file /afs/cern.ch/user/a/amalhotr/.crab3
DEBUG 2025-03-26 02:01:31.827 UTC: 	 Checking credentials
DEBUG 2025-03-26 02:01:31.827 UTC: 	 Found proxy file /tmp/x509up_u180451
DEBUG 2025-03-26 02:01:31.827 UTC: 	 Making sure it has proper VOMS extension
DEBUG 2025-03-26 02:01:31.827 UTC: 	 Executing command :
 voms-proxy-info --vo --file /tmp/x509up_u180451
DEBUG 2025-03-26 02:01:32.177 UTC: 	 output : cms

 error: 
 retcode : 0
DEBUG 2025-03-26 02:01:32.177 UTC: 	 Getting proxy life time left
DEBUG 2025-03-26 02:01:32.177 UTC: 	 Executing command :
 voms-proxy-info --actimeleft --timeleft --file /tmp/x509up_u180451
DEBUG 2025-03-26 02:01:32.490 UTC: 	 output : 675376
675376

 error: 
 retcode : 0
DEBUG 2025-03-26 02:01:32.490 UTC: 	 Proxy valid for 187:36:16 hours
DEBUG 2025-03-26 02:01:32.490 UTC: 	 Encoded data for curl request: subresource=delegatedn
DEBUG 2025-03-26 02:01:32.533 UTC: 	 Registering user credentials on myproxy for /DC=ch/DC=cern/OU=computers/CN=crab-(preprod|prod)-tw(01|02).cern.ch|/DC=ch/DC=cern/OU=computers/CN=crab-dev-tw(01|02|03|04).cern.ch|/DC=ch/DC=cern/OU=Organic Units/OU=Users/CN=cmscrab/CN=(817881|373708)/CN=Robot: cms crab|/DC=ch/DC=cern/OU=Organic Units/OU=Users/CN=crabint1/CN=373708/CN=Robot: CMS CRAB Integration 1
DEBUG 2025-03-26 02:01:32.533 UTC: 	 Executing command :
 voms-proxy-info --identity --file /tmp/x509up_u180451
DEBUG 2025-03-26 02:01:32.859 UTC: 	 output : /DC=ch/DC=cern/OU=Organic Units/OU=Users/CN=amalhotr/CN=884837/CN=Aryan Malhotra

 error: 
 retcode : 0
DEBUG 2025-03-26 02:01:32.859 UTC: 	 Getting myproxy life time left for 2382a3cf28fdeacb1de9b039908761ea517a5ed6
DEBUG 2025-03-26 02:01:32.859 UTC: 	 Executing command :
 myproxy-info -s myproxy.cern.ch -l 2382a3cf28fdeacb1de9b039908761ea517a5ed6
DEBUG 2025-03-26 02:01:33.132 UTC: 	 output : username: 2382a3cf28fdeacb1de9b039908761ea517a5ed6
owner: /DC=ch/DC=cern/OU=Organic Units/OU=Users/CN=amalhotr/CN=884837/CN=Aryan Malhotra
  renewal policy: /DC=ch/DC=cern/OU=computers/CN=crab-(preprod|prod)-tw(01|02).cern.ch|/DC=ch/DC=cern/OU=computers/CN=crab-dev-tw(01|02|03|04).cern.ch|/DC=ch/DC=cern/OU=Organic Units/OU=Users/CN=cmscrab/CN=(817881|373708)/CN=Robot: cms crab|/DC=ch/DC=cern/OU=Organic Units/OU=Users/CN=crabint1/CN=373708/CN=Robot: CMS CRAB Integration 1
  trusted retrieval policy: /DC=ch/DC=cern/OU=computers/CN=crab-(preprod|prod)-tw(01|02).cern.ch|/DC=ch/DC=cern/OU=computers/CN=crab-dev-tw(01|02|03|04).cern.ch|/DC=ch/DC=cern/OU=Organic Units/OU=Users/CN=cmscrab/CN=(817881|373708)/CN=Robot: cms crab|/DC=ch/DC=cern/OU=Organic Units/OU=Users/CN=crabint1/CN=373708/CN=Robot: CMS CRAB Integration 1
  timeleft: 554:18:45  (23.1 days)

 error: 
 retcode : 0
DEBUG 2025-03-26 02:01:33.132 UTC: 	 Myproxy is valid: 1995480
DEBUG 2025-03-26 02:01:33.132 UTC: 	 Result of myproxy credential check:
  Credential exists on myproxy: username: 2382a3cf28fdeacb1de9b039908761ea517a5ed6  - validity: 23 days, 2:18:00
DEBUG 2025-03-26 02:01:33.132 UTC: 	 Retrieving username ...
DEBUG 2025-03-26 02:01:33.132 UTC: 	 Retrieving username from CRIC...
DEBUG 2025-03-26 02:01:33.755 UTC: 	 username is amalhotr
INFO 2025-03-26 02:01:34.190 UTC: 	 Rucio client intialized for account amalhotr
ERROR 2025-03-26 02:01:34.190 UTC: 	 Parameter --jobids can only be used in combination with --long or --sort options.
ERROR 2025-03-26 02:01:34.191 UTC: 	 Caught ClientException exception
Traceback (most recent call last):
  File "/cvmfs/cms.cern.ch/share/cms/crab-prod/v3.250318.00/bin/crab.py", line 157, in <module>
    client()
  File "/cvmfs/cms.cern.ch/share/cms/crab-prod/v3.250318.00/bin/crab.py", line 135, in __call__
    self.cmd = sub_cmd(self.logger, args[1:])  # the crab command to be executed
  File "/cvmfs/cms.cern.ch/share/cms/crab-prod/v3.250318.00/lib/CRABClient/Commands/status.py", line 48, in __init__
    SubCommand.__init__(self, logger, cmdargs)
  File "/cvmfs/cms.cern.ch/share/cms/crab-prod/v3.250318.00/lib/CRABClient/Commands/SubCommand.py", line 403, in __init__
    self.validateOptions()
  File "/cvmfs/cms.cern.ch/share/cms/crab-prod/v3.250318.00/lib/CRABClient/Commands/status.py", line 1212, in validateOptions
    raise ConfigurationException("Parameter --jobids can only be used in combination "
CRABClient.ClientExceptions.ConfigurationException: Parameter --jobids can only be used in combination with --long or --sort options.
INFO 2025-03-26 02:01:34.192 UTC: 	 Log file is /afs/cern.ch/user/a/amalhotr/CMSSW_14_0_18_patch1/src/Run3ScoutingAnalysisTools/crab_DYto2Mu4Jets_Unpacker_100/crab.log
DEBUG 2025-03-26 02:02:51.133 UTC: 	 CRAB Client version: v3.250318
DEBUG 2025-03-26 02:02:51.133 UTC: 	 Running on: Linux lxplus940.cern.ch 5.14.0-503.22.1.el9_5.x86_64 #1 SMP PREEMPT_DYNAMIC Wed Jan 15 08:02:15 EST 2025 x86_64 x86_64 x86_64 GNU/Linux
DEBUG 2025-03-26 02:02:51.133 UTC: 	 Not using Singularity
DEBUG 2025-03-26 02:02:51.133 UTC: 	 Operating System: Red Hat Enterprise Linux 9.5 (Plow)
DEBUG 2025-03-26 02:02:51.133 UTC: 	 Executing command: 'getlog'
DEBUG 2025-03-26 02:02:51.133 UTC: 	 Found CRAB cache file /afs/cern.ch/user/a/amalhotr/.crab3
DEBUG 2025-03-26 02:02:51.134 UTC: 	 Using VO group '' and VO role 'NULL' as written in the request cache file for this task.
DEBUG 2025-03-26 02:02:51.137 UTC: 	 Checking credentials
DEBUG 2025-03-26 02:02:51.137 UTC: 	 Found proxy file /tmp/x509up_u180451
DEBUG 2025-03-26 02:02:51.137 UTC: 	 Making sure it has proper VOMS extension
DEBUG 2025-03-26 02:02:51.137 UTC: 	 Executing command :
 voms-proxy-info --vo --file /tmp/x509up_u180451
DEBUG 2025-03-26 02:02:51.467 UTC: 	 output : cms

 error: 
 retcode : 0
DEBUG 2025-03-26 02:02:51.467 UTC: 	 Getting proxy life time left
DEBUG 2025-03-26 02:02:51.467 UTC: 	 Executing command :
 voms-proxy-info --actimeleft --timeleft --file /tmp/x509up_u180451
DEBUG 2025-03-26 02:02:51.793 UTC: 	 output : 675297
675297

 error: 
 retcode : 0
DEBUG 2025-03-26 02:02:51.793 UTC: 	 Proxy valid for 187:34:57 hours
DEBUG 2025-03-26 02:02:51.793 UTC: 	 Encoded data for curl request: subresource=delegatedn
DEBUG 2025-03-26 02:02:51.840 UTC: 	 Registering user credentials on myproxy for /DC=ch/DC=cern/OU=computers/CN=crab-(preprod|prod)-tw(01|02).cern.ch|/DC=ch/DC=cern/OU=computers/CN=crab-dev-tw(01|02|03|04).cern.ch|/DC=ch/DC=cern/OU=Organic Units/OU=Users/CN=cmscrab/CN=(817881|373708)/CN=Robot: cms crab|/DC=ch/DC=cern/OU=Organic Units/OU=Users/CN=crabint1/CN=373708/CN=Robot: CMS CRAB Integration 1
DEBUG 2025-03-26 02:02:51.840 UTC: 	 Executing command :
 voms-proxy-info --identity --file /tmp/x509up_u180451
DEBUG 2025-03-26 02:02:52.211 UTC: 	 output : /DC=ch/DC=cern/OU=Organic Units/OU=Users/CN=amalhotr/CN=884837/CN=Aryan Malhotra

 error: 
 retcode : 0
DEBUG 2025-03-26 02:02:52.211 UTC: 	 Getting myproxy life time left for 2382a3cf28fdeacb1de9b039908761ea517a5ed6
DEBUG 2025-03-26 02:02:52.211 UTC: 	 Executing command :
 myproxy-info -s myproxy.cern.ch -l 2382a3cf28fdeacb1de9b039908761ea517a5ed6
DEBUG 2025-03-26 02:02:52.569 UTC: 	 output : username: 2382a3cf28fdeacb1de9b039908761ea517a5ed6
owner: /DC=ch/DC=cern/OU=Organic Units/OU=Users/CN=amalhotr/CN=884837/CN=Aryan Malhotra
  renewal policy: /DC=ch/DC=cern/OU=computers/CN=crab-(preprod|prod)-tw(01|02).cern.ch|/DC=ch/DC=cern/OU=computers/CN=crab-dev-tw(01|02|03|04).cern.ch|/DC=ch/DC=cern/OU=Organic Units/OU=Users/CN=cmscrab/CN=(817881|373708)/CN=Robot: cms crab|/DC=ch/DC=cern/OU=Organic Units/OU=Users/CN=crabint1/CN=373708/CN=Robot: CMS CRAB Integration 1
  trusted retrieval policy: /DC=ch/DC=cern/OU=computers/CN=crab-(preprod|prod)-tw(01|02).cern.ch|/DC=ch/DC=cern/OU=computers/CN=crab-dev-tw(01|02|03|04).cern.ch|/DC=ch/DC=cern/OU=Organic Units/OU=Users/CN=cmscrab/CN=(817881|373708)/CN=Robot: cms crab|/DC=ch/DC=cern/OU=Organic Units/OU=Users/CN=crabint1/CN=373708/CN=Robot: CMS CRAB Integration 1
  timeleft: 554:17:26  (23.1 days)

 error: 
 retcode : 0
DEBUG 2025-03-26 02:02:52.570 UTC: 	 Myproxy is valid: 1995420
DEBUG 2025-03-26 02:02:52.570 UTC: 	 Result of myproxy credential check:
  Credential exists on myproxy: username: 2382a3cf28fdeacb1de9b039908761ea517a5ed6  - validity: 23 days, 2:17:00
DEBUG 2025-03-26 02:02:52.570 UTC: 	 Command use: getlog
DEBUG 2025-03-26 02:02:52.570 UTC: 	 Options use: ['-d', './crab_DYto2Mu4Jets_Unpacker_100', '--jobids=2']
DEBUG 2025-03-26 02:02:52.570 UTC: 	 Encoded data for curl request: subresource=version
DEBUG 2025-03-26 02:02:52.610 UTC: 	 CRABClient version: v3.250318
DEBUG 2025-03-26 02:02:52.610 UTC: 	 Instance is prod
DEBUG 2025-03-26 02:02:52.610 UTC: 	 Server base url is cmsweb.cern.ch
DEBUG 2025-03-26 02:02:52.610 UTC: 	 Command api workflow
DEBUG 2025-03-26 02:02:52.611 UTC: 	 Encoded data for curl request: subresource=search&workflow=250325_213853%3Aamalhotr_crab_DYto2Mu4Jets_Unpacker_100
DEBUG 2025-03-26 02:02:52.654 UTC: 	 Server result: {'desc': {'columns': ['tm_taskname', 'tm_activity', 'tm_task_status', 'tm_task_command', 'tm_start_time', 'tm_start_injection', 'tm_end_injection', 'tm_task_failure', 'tm_job_sw', 'tm_job_arch', 'tm_input_dataset', 'tm_nonvalid_input_dataset', 'tm_use_parent', 'tm_site_whitelist', 'tm_site_blacklist', 'tm_split_algo', 'tm_split_args', 'tm_user_sandbox', 'tm_cache_url', 'tm_username', 'tm_user_dn', 'tm_user_vo', 'tm_user_role', 'tm_user_group', 'tm_publish_name', 'tm_publish_groupname', 'tm_asyncdest', 'tm_dbs_url', 'tm_publish_dbs_url', 'tm_publication', 'tm_outfiles', 'tm_tfile_outfiles', 'tm_edm_outfiles', 'tm_job_type', 'tm_generator', 'tm_events_per_lumi', 'tm_arguments', 'tm_save_logs', 'tw_name', 'tm_user_infiles', 'tm_maxjobruntime', 'tm_numcores', 'tm_maxmemory', 'tm_priority', 'tm_output_dataset', 'tm_task_warnings', 'tm_user_webdir', 'tm_scriptexe', 'tm_scriptargs', 'tm_extrajdl', 'tm_collector', 'tm_schedd', 'tm_dry_run', 'tm_user_files', 'tm_transfer_outputs', 'tm_output_lfn', 'tm_ignore_locality', 'tm_fail_limit', 'tm_one_event_mode', 'tm_secondary_input_dataset', 'tm_primary_dataset', 'tm_last_publication', 'tm_debug_files', 'clusterid', 'tm_ignore_global_blacklist', 'tm_submitter_ip_addr', 'tm_totalunits', 'tm_ddm_reqid', 'tm_user_config', 'tm_transfer_container', 'tm_transfer_rule', 'tm_publish_rule', 'tm_multipub_rule', 'tm_job_min_microarch', 'tm_dagman_status', 'tm_num_jobs', 'tm_uploaded']}, 'result': ['250325_213853:amalhotr_crab_DYto2Mu4Jets_Unpacker_100', 'None', 'SUBMITTED', 'SUBMIT', '2025-03-25 21:38:53.687169', 'None', '2025-03-25 21:41:08.064743', 'None', 'CMSSW_14_0_18_patch1', 'el9_amd64_gcc12', '/DYto2Mu-4Jets_Bin-MLL-50_TuneCP5_13p6TeV_madgraphMLM-pythia8/RunIII2024Summer24MiniAOD-140X_mcRun3_2024_realistic_v26-v2/MINIAODSIM', 'F', '0', '[]', '[]', 'FileBased', "{'halt_job_on_file_boundaries': False, 'splitOnRun': False, 'files_per_job': 5, 'runs': [], 'lumis': []}", '3347ab5ebddcbcf20e5a549cff91c4ac4d53283ca301d10bc07120adeaa8b0f2.tar.gz', 'https://cmsweb.cern.ch/S3/crabcache_prod', 'amalhotr', '/DC=ch/DC=cern/OU=Organic Units/OU=Users/CN=amalhotr/CN=884837/CN=Aryan Malhotra', 'cms', 'None', 'None', 'DYto2Mu4Jets_Unpacker_100-00000000000000000000000000000000', 'F', 'T2_BR_SPRACE', 'https://cmsweb.cern.ch/dbs/prod/global/DBSReader', 'https://cmsweb.cern.ch/dbs/prod/phys03/DBSWriter', 'T', '[]', '[]', "['HLTUnpackerOutputLarge.root']", 'Analysis', 'pythia', 'None', '{}', 'T', 'crab-prod-tw01', '[]', '1250', '1', '2000', '10', "['/DYto2Mu-4Jets_Bin-MLL-50_TuneCP5_13p6TeV_madgraphMLM-pythia8/amalhotr-DYto2Mu4Jets_Unpacker_100-49feb6938084587a06052f9676570a55/USER']", '[]', 'http://vocms0122.cern.ch/mon/amalhotr/250325_213853:amalhotr_crab_DYto2Mu4Jets_Unpacker_100', 'None', '[]', '[]', 'cmsgwms-collector-global.cern.ch:9620,cmsgwms-collector-global.fnal.gov:9620', 'crab3@vocms0122.cern.ch', 'F', '[]', 'T', '/store/user/amalhotr/', 'F', 'None', 'F', 'None', 'DYto2Mu-4Jets_Bin-MLL-50_TuneCP5_13p6TeV_madgraphMLM-pythia8', 'None', '46abd81798f8172cc8a3a999c59ea9104a03ce5642e15b1dd94ed402b62ca33b.tar.gz', '124350952', 'F', '188.184.75.82', '100.0', 'None', '{"partialdataset": false, "requireaccelerator": false, "acceleratorparams": null, "inputblocks": null}', 'None', 'None', 'None', 'None', 'any', 'NOT_READY', '0', 'F']}
DEBUG 2025-03-26 02:02:52.668 UTC: 	 CRAB Client version: v3.250318
DEBUG 2025-03-26 02:02:52.669 UTC: 	 Running on: Linux lxplus940.cern.ch 5.14.0-503.22.1.el9_5.x86_64 #1 SMP PREEMPT_DYNAMIC Wed Jan 15 08:02:15 EST 2025 x86_64 x86_64 x86_64 GNU/Linux
DEBUG 2025-03-26 02:02:52.669 UTC: 	 Not using Singularity
DEBUG 2025-03-26 02:02:52.669 UTC: 	 Operating System: Red Hat Enterprise Linux 9.5 (Plow)
DEBUG 2025-03-26 02:02:52.669 UTC: 	 Executing command: 'status'
DEBUG 2025-03-26 02:02:52.669 UTC: 	 Found CRAB cache file /afs/cern.ch/user/a/amalhotr/.crab3
DEBUG 2025-03-26 02:02:52.676 UTC: 	 Checking credentials
DEBUG 2025-03-26 02:02:52.676 UTC: 	 Found proxy file /tmp/x509up_u180451
DEBUG 2025-03-26 02:02:52.676 UTC: 	 Making sure it has proper VOMS extension
DEBUG 2025-03-26 02:02:52.676 UTC: 	 Executing command :
 voms-proxy-info --vo --file /tmp/x509up_u180451
DEBUG 2025-03-26 02:02:53.027 UTC: 	 output : cms

 error: 
 retcode : 0
DEBUG 2025-03-26 02:02:53.027 UTC: 	 Getting proxy life time left
DEBUG 2025-03-26 02:02:53.027 UTC: 	 Executing command :
 voms-proxy-info --actimeleft --timeleft --file /tmp/x509up_u180451
DEBUG 2025-03-26 02:02:53.357 UTC: 	 output : 675295
675295

 error: 
 retcode : 0
DEBUG 2025-03-26 02:02:53.357 UTC: 	 Proxy valid for 187:34:55 hours
DEBUG 2025-03-26 02:02:53.357 UTC: 	 Encoded data for curl request: subresource=delegatedn
DEBUG 2025-03-26 02:02:53.404 UTC: 	 Registering user credentials on myproxy for /DC=ch/DC=cern/OU=computers/CN=crab-(preprod|prod)-tw(01|02).cern.ch|/DC=ch/DC=cern/OU=computers/CN=crab-dev-tw(01|02|03|04).cern.ch|/DC=ch/DC=cern/OU=Organic Units/OU=Users/CN=cmscrab/CN=(817881|373708)/CN=Robot: cms crab|/DC=ch/DC=cern/OU=Organic Units/OU=Users/CN=crabint1/CN=373708/CN=Robot: CMS CRAB Integration 1
DEBUG 2025-03-26 02:02:53.404 UTC: 	 Executing command :
 voms-proxy-info --identity --file /tmp/x509up_u180451
DEBUG 2025-03-26 02:02:53.725 UTC: 	 output : /DC=ch/DC=cern/OU=Organic Units/OU=Users/CN=amalhotr/CN=884837/CN=Aryan Malhotra

 error: 
 retcode : 0
DEBUG 2025-03-26 02:02:53.726 UTC: 	 Getting myproxy life time left for 2382a3cf28fdeacb1de9b039908761ea517a5ed6
DEBUG 2025-03-26 02:02:53.726 UTC: 	 Executing command :
 myproxy-info -s myproxy.cern.ch -l 2382a3cf28fdeacb1de9b039908761ea517a5ed6
DEBUG 2025-03-26 02:02:53.984 UTC: 	 output : username: 2382a3cf28fdeacb1de9b039908761ea517a5ed6
owner: /DC=ch/DC=cern/OU=Organic Units/OU=Users/CN=amalhotr/CN=884837/CN=Aryan Malhotra
  renewal policy: /DC=ch/DC=cern/OU=computers/CN=crab-(preprod|prod)-tw(01|02).cern.ch|/DC=ch/DC=cern/OU=computers/CN=crab-dev-tw(01|02|03|04).cern.ch|/DC=ch/DC=cern/OU=Organic Units/OU=Users/CN=cmscrab/CN=(817881|373708)/CN=Robot: cms crab|/DC=ch/DC=cern/OU=Organic Units/OU=Users/CN=crabint1/CN=373708/CN=Robot: CMS CRAB Integration 1
  trusted retrieval policy: /DC=ch/DC=cern/OU=computers/CN=crab-(preprod|prod)-tw(01|02).cern.ch|/DC=ch/DC=cern/OU=computers/CN=crab-dev-tw(01|02|03|04).cern.ch|/DC=ch/DC=cern/OU=Organic Units/OU=Users/CN=cmscrab/CN=(817881|373708)/CN=Robot: cms crab|/DC=ch/DC=cern/OU=Organic Units/OU=Users/CN=crabint1/CN=373708/CN=Robot: CMS CRAB Integration 1
  timeleft: 554:17:25  (23.1 days)

 error: 
 retcode : 0
DEBUG 2025-03-26 02:02:53.984 UTC: 	 Myproxy is valid: 1995420
DEBUG 2025-03-26 02:02:53.984 UTC: 	 Result of myproxy credential check:
  Credential exists on myproxy: username: 2382a3cf28fdeacb1de9b039908761ea517a5ed6  - validity: 23 days, 2:17:00
DEBUG 2025-03-26 02:02:53.984 UTC: 	 Retrieving username ...
DEBUG 2025-03-26 02:02:53.984 UTC: 	 Retrieving username from CRIC...
DEBUG 2025-03-26 02:02:54.677 UTC: 	 username is amalhotr
INFO 2025-03-26 02:02:55.138 UTC: 	 Rucio client intialized for account amalhotr
DEBUG 2025-03-26 02:02:55.138 UTC: 	 Command use: status
DEBUG 2025-03-26 02:02:55.138 UTC: 	 Options use: ['-d', './crab_DYto2Mu4Jets_Unpacker_100']
DEBUG 2025-03-26 02:02:55.138 UTC: 	 Encoded data for curl request: subresource=version
DEBUG 2025-03-26 02:02:55.179 UTC: 	 CRABClient version: v3.250318
DEBUG 2025-03-26 02:02:55.179 UTC: 	 Instance is prod
DEBUG 2025-03-26 02:02:55.179 UTC: 	 Server base url is cmsweb.cern.ch
DEBUG 2025-03-26 02:02:55.179 UTC: 	 Command api workflow
DEBUG 2025-03-26 02:02:55.180 UTC: 	 Encoded data for curl request: subresource=search&workflow=250325_213853%3Aamalhotr_crab_DYto2Mu4Jets_Unpacker_100
DEBUG 2025-03-26 02:02:55.235 UTC: 	 Got information from server oracle database: {'desc': {'columns': ['tm_taskname', 'tm_activity', 'tm_task_status', 'tm_task_command', 'tm_start_time', 'tm_start_injection', 'tm_end_injection', 'tm_task_failure', 'tm_job_sw', 'tm_job_arch', 'tm_input_dataset', 'tm_nonvalid_input_dataset', 'tm_use_parent', 'tm_site_whitelist', 'tm_site_blacklist', 'tm_split_algo', 'tm_split_args', 'tm_user_sandbox', 'tm_cache_url', 'tm_username', 'tm_user_dn', 'tm_user_vo', 'tm_user_role', 'tm_user_group', 'tm_publish_name', 'tm_publish_groupname', 'tm_asyncdest', 'tm_dbs_url', 'tm_publish_dbs_url', 'tm_publication', 'tm_outfiles', 'tm_tfile_outfiles', 'tm_edm_outfiles', 'tm_job_type', 'tm_generator', 'tm_events_per_lumi', 'tm_arguments', 'tm_save_logs', 'tw_name', 'tm_user_infiles', 'tm_maxjobruntime', 'tm_numcores', 'tm_maxmemory', 'tm_priority', 'tm_output_dataset', 'tm_task_warnings', 'tm_user_webdir', 'tm_scriptexe', 'tm_scriptargs', 'tm_extrajdl', 'tm_collector', 'tm_schedd', 'tm_dry_run', 'tm_user_files', 'tm_transfer_outputs', 'tm_output_lfn', 'tm_ignore_locality', 'tm_fail_limit', 'tm_one_event_mode', 'tm_secondary_input_dataset', 'tm_primary_dataset', 'tm_last_publication', 'tm_debug_files', 'clusterid', 'tm_ignore_global_blacklist', 'tm_submitter_ip_addr', 'tm_totalunits', 'tm_ddm_reqid', 'tm_user_config', 'tm_transfer_container', 'tm_transfer_rule', 'tm_publish_rule', 'tm_multipub_rule', 'tm_job_min_microarch', 'tm_dagman_status', 'tm_num_jobs', 'tm_uploaded']}, 'result': ['250325_213853:amalhotr_crab_DYto2Mu4Jets_Unpacker_100', 'None', 'SUBMITTED', 'SUBMIT', '2025-03-25 21:38:53.687169', 'None', '2025-03-25 21:41:08.064743', 'None', 'CMSSW_14_0_18_patch1', 'el9_amd64_gcc12', '/DYto2Mu-4Jets_Bin-MLL-50_TuneCP5_13p6TeV_madgraphMLM-pythia8/RunIII2024Summer24MiniAOD-140X_mcRun3_2024_realistic_v26-v2/MINIAODSIM', 'F', '0', '[]', '[]', 'FileBased', "{'halt_job_on_file_boundaries': False, 'splitOnRun': False, 'files_per_job': 5, 'runs': [], 'lumis': []}", '3347ab5ebddcbcf20e5a549cff91c4ac4d53283ca301d10bc07120adeaa8b0f2.tar.gz', 'https://cmsweb.cern.ch/S3/crabcache_prod', 'amalhotr', '/DC=ch/DC=cern/OU=Organic Units/OU=Users/CN=amalhotr/CN=884837/CN=Aryan Malhotra', 'cms', 'None', 'None', 'DYto2Mu4Jets_Unpacker_100-00000000000000000000000000000000', 'F', 'T2_BR_SPRACE', 'https://cmsweb.cern.ch/dbs/prod/global/DBSReader', 'https://cmsweb.cern.ch/dbs/prod/phys03/DBSWriter', 'T', '[]', '[]', "['HLTUnpackerOutputLarge.root']", 'Analysis', 'pythia', 'None', '{}', 'T', 'crab-prod-tw01', '[]', '1250', '1', '2000', '10', "['/DYto2Mu-4Jets_Bin-MLL-50_TuneCP5_13p6TeV_madgraphMLM-pythia8/amalhotr-DYto2Mu4Jets_Unpacker_100-49feb6938084587a06052f9676570a55/USER']", '[]', 'http://vocms0122.cern.ch/mon/amalhotr/250325_213853:amalhotr_crab_DYto2Mu4Jets_Unpacker_100', 'None', '[]', '[]', 'cmsgwms-collector-global.cern.ch:9620,cmsgwms-collector-global.fnal.gov:9620', 'crab3@vocms0122.cern.ch', 'F', '[]', 'T', '/store/user/amalhotr/', 'F', 'None', 'F', 'None', 'DYto2Mu-4Jets_Bin-MLL-50_TuneCP5_13p6TeV_madgraphMLM-pythia8', 'None', '46abd81798f8172cc8a3a999c59ea9104a03ce5642e15b1dd94ed402b62ca33b.tar.gz', '124350952', 'F', '188.184.75.82', '100.0', 'None', '{"partialdataset": false, "requireaccelerator": false, "acceleratorparams": null, "inputblocks": null}', 'None', 'None', 'None', 'None', 'any', 'NOT_READY', '0', 'F']}
INFO 2025-03-26 02:02:55.235 UTC: 	 CRAB project directory:		/afs/cern.ch/user/a/amalhotr/CMSSW_14_0_18_patch1/src/Run3ScoutingAnalysisTools/crab_DYto2Mu4Jets_Unpacker_100
INFO 2025-03-26 02:02:55.235 UTC: 	 Task name:			250325_213853:amalhotr_crab_DYto2Mu4Jets_Unpacker_100
INFO 2025-03-26 02:02:55.236 UTC: 	 Grid scheduler - Task Worker:	crab3@vocms0122.cern.ch - crab-prod-tw01
INFO 2025-03-26 02:02:55.236 UTC: 	 Status on the CRAB server:	SUBMITTED
INFO 2025-03-26 02:02:55.236 UTC: 	 Task URL to use for HELP:	https://cmsweb.cern.ch/crabserver/ui/task/250325_213853%3Aamalhotr_crab_DYto2Mu4Jets_Unpacker_100
INFO 2025-03-26 02:02:55.241 UTC: 	 Dashboard monitoring URL:	https://monit-grafana.cern.ch/d/cmsTMDetail/cms-task-monitoring-task-view?orgId=11&var-user=amalhotr&var-task=250325_213853%3Aamalhotr_crab_DYto2Mu4Jets_Unpacker_100&from=1742935133000&to=now
DEBUG 2025-03-26 02:02:55.241 UTC: 	 The CRAB server submitted your task to the Grid scheduler (cluster ID: 124350952)
DEBUG 2025-03-26 02:02:55.241 UTC: 	 Webdir is located at http://vocms0122.cern.ch/mon/amalhotr/250325_213853:amalhotr_crab_DYto2Mu4Jets_Unpacker_100
DEBUG 2025-03-26 02:02:55.241 UTC: 	 Encoded data for curl request: subresource=webdirprx&workflow=250325_213853%3Aamalhotr_crab_DYto2Mu4Jets_Unpacker_100
DEBUG 2025-03-26 02:02:55.283 UTC: 	 Proxied webdir is located at https://cmsweb.cern.ch:8443/scheddmon/0122/amalhotr/250325_213853:amalhotr_crab_DYto2Mu4Jets_Unpacker_100
DEBUG 2025-03-26 02:02:55.283 UTC: 	 Retrieving 'status_cache' file from https://cmsweb.cern.ch:8443/scheddmon/0122/amalhotr/250325_213853:amalhotr_crab_DYto2Mu4Jets_Unpacker_100/status_cache.pkl
DEBUG 2025-03-26 02:02:55.283 UTC: 	 Will execute:
curl -sS --capath /etc/grid-security/certificates --cert /tmp/x509up_u180451 --key /tmp/x509up_u180451 -o /tmp/crab_status-cache-dbeamu06.pkl -w %"{http_code}" "https://cmsweb.cern.ch:8443/scheddmon/0122/amalhotr/250325_213853:amalhotr_crab_DYto2Mu4Jets_Unpacker_100/status_cache.pkl"
DEBUG 2025-03-26 02:02:55.283 UTC: 	 Executing command :
 curl -sS --capath /etc/grid-security/certificates --cert /tmp/x509up_u180451 --key /tmp/x509up_u180451 -o /tmp/crab_status-cache-dbeamu06.pkl -w %"{http_code}" "https://cmsweb.cern.ch:8443/scheddmon/0122/amalhotr/250325_213853:amalhotr_crab_DYto2Mu4Jets_Unpacker_100/status_cache.pkl"
DEBUG 2025-03-26 02:02:55.317 UTC: 	 output : 200
 error: 
 retcode : 0
DEBUG 2025-03-26 02:02:55.317 UTC: 	 exitcode: 0
stdout: 200
stderr: 
error details: 
DEBUG 2025-03-26 02:02:55.318 UTC: 	 Got information from status cache file: {'7': {'Retries': 0, 'Restarts': 0, 'SiteHistory': ['Unknown', 'T2_IT_Legnaro', 'T2_IT_Legnaro'], 'ResidentSetSize': [1327032], 'SubmitTimes': [1742938941.0], 'StartTimes': [1742939160.0], 'EndTimes': [1742941680.0], 'TotalUserCpuTimeHistory': [1728], 'TotalSysCpuTimeHistory': [121], 'WallDurations': [9.0, 138.507226228714, 2520.0], 'JobIds': ['124350955.0'], 'State': 'finished', 'RecordedSite': True}, '14': {'Retries': 0, 'Restarts': 0, 'SiteHistory': ['Unknown', 'T1_UK_RAL', 'T1_UK_RAL'], 'ResidentSetSize': [1265248], 'SubmitTimes': [1742938941.0], 'StartTimes': [1742939021.0], 'EndTimes': [1742942752.0], 'TotalUserCpuTimeHistory': [1608], 'TotalSysCpuTimeHistory': [425], 'WallDurations': [8.0, 277.507226228714, 3731.0], 'JobIds': ['124350956.0'], 'State': 'finished', 'RecordedSite': True}, '13': {'Retries': 0, 'Restarts': 0, 'SiteHistory': ['Unknown', 'T1_UK_RAL', 'T1_UK_RAL'], 'ResidentSetSize': [1340176], 'SubmitTimes': [1742938941.0], 'StartTimes': [1742939022.0], 'EndTimes': [1742943121.0], 'TotalUserCpuTimeHistory': [1838], 'TotalSysCpuTimeHistory': [525], 'WallDurations': [8.0, 276.507226228714, 4099.0], 'JobIds': ['124350957.0'], 'State': 'finished', 'RecordedSite': True}, '18': {'Retries': 0, 'Restarts': 0, 'SiteHistory': ['Unknown', 'T1_UK_RAL', 'T1_UK_RAL'], 'ResidentSetSize': [1303732], 'SubmitTimes': [1742938942.0], 'StartTimes': [1742939023.0], 'EndTimes': [1742942865.0], 'TotalUserCpuTimeHistory': [1740], 'TotalSysCpuTimeHistory': [513], 'WallDurations': [8.0, 275.507226228714, 3842.0], 'JobIds': ['124350958.0'], 'State': 'finished', 'RecordedSite': True}, '15': {'Retries': 0, 'Restarts': 0, 'SiteHistory': ['Unknown', 'T1_UK_RAL', 'T1_UK_RAL'], 'ResidentSetSize': [1393036], 'SubmitTimes': [1742938942.0], 'StartTimes': [1742939022.0], 'EndTimes': [1742942970.0], 'TotalUserCpuTimeHistory': [1676], 'TotalSysCpuTimeHistory': [527], 'WallDurations': [8.0, 276.507226228714, 3948.0], 'JobIds': ['124350959.0'], 'State': 'finished', 'RecordedSite': True}, '1': {'Retries': 0, 'Restarts': 0, 'SiteHistory': ['Unknown', 'T2_UK_London_IC', 'T2_UK_London_IC'], 'ResidentSetSize': [1275176], 'SubmitTimes': [1742938942.0], 'StartTimes': [1742939160.0], 'EndTimes': [1742943179.0], 'TotalUserCpuTimeHistory': [1717], 'TotalSysCpuTimeHistory': [620], 'WallDurations': [9.0, 138.507226228714, 4019.0], 'JobIds': ['124350960.0'], 'State': 'finished', 'RecordedSite': True}, '2': {'Retries': 0, 'Restarts': 0, 'SiteHistory': ['Unknown', 'T2_UK_London_IC', 'T2_UK_London_IC'], 'ResidentSetSize': [689780], 'SubmitTimes': [1742938942.0], 'StartTimes': [1742939160.0], 'EndTimes': [1742940103.0], 'TotalUserCpuTimeHistory': [490], 'TotalSysCpuTimeHistory': [79], 'WallDurations': [9.0, 138.507226228714, 943.0], 'JobIds': ['124350961.0'], 'State': 'finished', 'RecordedSite': True}, '8': {'Retries': 0, 'Restarts': 0, 'SiteHistory': ['Unknown', 'T2_IT_Legnaro', 'T2_IT_Legnaro'], 'ResidentSetSize': [92916], 'SubmitTimes': [1742938942.0], 'StartTimes': [1742939160.0], 'EndTimes': [1742939417.0], 'TotalUserCpuTimeHistory': [150], 'TotalSysCpuTimeHistory': [13], 'WallDurations': [8.0, 138.507226228714, 257.0], 'JobIds': ['124350962.0'], 'State': 'finished', 'RecordedSite': True}, '9': {'Retries': 0, 'Restarts': 0, 'SiteHistory': ['Unknown', 'T2_DE_RWTH', 'T2_DE_RWTH'], 'ResidentSetSize': [638632], 'SubmitTimes': [1742938942.0], 'StartTimes': [1742939160.0], 'EndTimes': [1742939729.0], 'TotalUserCpuTimeHistory': [207], 'TotalSysCpuTimeHistory': [27], 'WallDurations': [9.0, 138.507226228714, 569.0], 'JobIds': ['124350963.0'], 'State': 'finished', 'RecordedSite': True}, '12': {'Retries': 0, 'Restarts': 0, 'SiteHistory': ['Unknown', 'T2_US_Vanderbilt', 'T2_US_Vanderbilt'], 'ResidentSetSize': [1162692], 'SubmitTimes': [1742938942.0], 'StartTimes': [1742939237.0], 'EndTimes': [1742939947.0], 'TotalUserCpuTimeHistory': [381], 'TotalSysCpuTimeHistory': [15], 'WallDurations': [8.0, 61.50722622871399, 710.0], 'JobIds': ['124350964.0'], 'State': 'finished', 'RecordedSite': True}, '6': {'Retries': 0, 'Restarts': 0, 'SiteHistory': ['Unknown', 'T2_IT_Legnaro', 'T2_IT_Legnaro'], 'ResidentSetSize': [1267868], 'SubmitTimes': [1742938942.0], 'StartTimes': [1742939160.0], 'EndTimes': [1742940886.0], 'TotalUserCpuTimeHistory': [1281], 'TotalSysCpuTimeHistory': [118], 'WallDurations': [9.0, 138.507226228714, 1726.0], 'JobIds': ['124350965.0'], 'State': 'finished', 'RecordedSite': True}, '10': {'Retries': 0, 'Restarts': 0, 'SiteHistory': ['Unknown', 'T2_DE_DESY', 'T2_DE_DESY'], 'ResidentSetSize': [512544], 'SubmitTimes': [1742938942.0], 'StartTimes': [1742939160.0], 'EndTimes': [1742939579.0], 'TotalUserCpuTimeHistory': [217], 'TotalSysCpuTimeHistory': [39], 'WallDurations': [9.0, 138.507226228714, 419.0], 'JobIds': ['124350966.0'], 'State': 'finished', 'RecordedSite': True}, '5': {'Retries': 0, 'Restarts': 0, 'SiteHistory': ['Unknown', 'T2_IT_Legnaro', 'T2_IT_Legnaro'], 'ResidentSetSize': [766480], 'SubmitTimes': [1742938942.0], 'StartTimes': [1742939160.0], 'EndTimes': [1742940338.0], 'TotalUserCpuTimeHistory': [911], 'TotalSysCpuTimeHistory': [86], 'WallDurations': [9.0, 138.507226228714, 1178.0], 'JobIds': ['124350967.0'], 'State': 'finished', 'RecordedSite': True}, '17': {'Retries': 0, 'Restarts': 0, 'SiteHistory': ['Unknown', 'T1_UK_RAL', 'T1_UK_RAL'], 'ResidentSetSize': [1333396], 'SubmitTimes': [1742938942.0], 'StartTimes': [1742939021.0], 'EndTimes': [1742942769.0], 'TotalUserCpuTimeHistory': [1593], 'TotalSysCpuTimeHistory': [486], 'WallDurations': [8.0, 277.507226228714, 3748.0], 'JobIds': ['124350968.0'], 'State': 'finished', 'RecordedSite': True}, '3': {'Retries': 0, 'Restarts': 0, 'SiteHistory': ['Unknown', 'T1_ES_PIC', 'T1_ES_PIC'], 'ResidentSetSize': [805408], 'SubmitTimes': [1742938942.0], 'StartTimes': [1742939023.0], 'EndTimes': [1742941610.0], 'TotalUserCpuTimeHistory': [1326], 'TotalSysCpuTimeHistory': [234], 'WallDurations': [9.0, 275.507226228714, 2587.0], 'JobIds': ['124350969.0'], 'State': 'finished', 'RecordedSite': True}, '11': {'Retries': 0, 'Restarts': 0, 'SiteHistory': ['Unknown', 'T2_IT_Pisa', 'T2_IT_Pisa'], 'ResidentSetSize': [505128], 'SubmitTimes': [1742938942.0], 'StartTimes': [1742939160.0], 'EndTimes': [1742940119.0], 'TotalUserCpuTimeHistory': [462], 'TotalSysCpuTimeHistory': [36], 'WallDurations': [9.0, 138.507226228714, 959.0], 'JobIds': ['124350970.0'], 'State': 'finished', 'RecordedSite': True}, '19': {'Retries': 0, 'Restarts': 0, 'SiteHistory': ['Unknown', 'T1_UK_RAL', 'T1_UK_RAL'], 'ResidentSetSize': [1179200], 'SubmitTimes': [1742938942.0], 'StartTimes': [1742939021.0], 'EndTimes': [1742943065.0], 'TotalUserCpuTimeHistory': [1606], 'TotalSysCpuTimeHistory': [436], 'WallDurations': [8.0, 277.507226228714, 4044.0], 'JobIds': ['124350971.0'], 'State': 'finished', 'RecordedSite': True}, '20': {'Retries': 0, 'Restarts': 0, 'SiteHistory': ['Unknown', 'T1_UK_RAL', 'T1_UK_RAL'], 'ResidentSetSize': [1351680], 'SubmitTimes': [1742938942.0], 'StartTimes': [1742939022.0], 'EndTimes': [1742943433.0], 'TotalUserCpuTimeHistory': [2001], 'TotalSysCpuTimeHistory': [582], 'WallDurations': [8.0, 276.507226228714, 4411.0], 'JobIds': ['124350972.0'], 'State': 'finished', 'RecordedSite': True}, '22': {'Retries': 0, 'Restarts': 0, 'SiteHistory': ['Unknown', 'T1_UK_RAL', 'T1_UK_RAL'], 'ResidentSetSize': [1343484], 'SubmitTimes': [1742938942.0], 'StartTimes': [1742939022.0], 'EndTimes': [1742943581.0], 'TotalUserCpuTimeHistory': [1890], 'TotalSysCpuTimeHistory': [553], 'WallDurations': [8.0, 276.507226228714, 4559.0], 'JobIds': ['124350973.0'], 'State': 'finished', 'RecordedSite': True}, '23': {'Retries': 0, 'Restarts': 0, 'SiteHistory': ['Unknown', 'T1_UK_RAL', 'T1_UK_RAL'], 'ResidentSetSize': [693748], 'SubmitTimes': [1742938943.0], 'StartTimes': [1742939022.0], 'EndTimes': [1742940565.0], 'TotalUserCpuTimeHistory': [632], 'TotalSysCpuTimeHistory': [220], 'WallDurations': [8.0, 276.507226228714, 1543.0], 'JobIds': ['124350974.0'], 'State': 'finished', 'RecordedSite': True}, '4': {'Retries': 0, 'Restarts': 0, 'SiteHistory': ['Unknown', 'T2_UK_London_IC', 'T2_UK_London_IC'], 'ResidentSetSize': [812848], 'SubmitTimes': [1742938943.0], 'StartTimes': [1742939160.0], 'EndTimes': [1742939955.0], 'TotalUserCpuTimeHistory': [326], 'TotalSysCpuTimeHistory': [105], 'WallDurations': [9.0, 138.507226228714, 795.0], 'JobIds': ['124350975.0'], 'State': 'finished', 'RecordedSite': True}, '24': {'Retries': 0, 'Restarts': 0, 'SiteHistory': ['Unknown', 'T1_FR_CCIN2P3', 'T1_FR_CCIN2P3'], 'ResidentSetSize': [616100], 'SubmitTimes': [1742938943.0], 'StartTimes': [1742939020.0], 'EndTimes': [1742939489.0], 'TotalUserCpuTimeHistory': [206], 'TotalSysCpuTimeHistory': [73], 'WallDurations': [9.0, 278.507226228714, 469.0], 'JobIds': ['124350976.0'], 'State': 'finished', 'RecordedSite': True}, '28': {'Retries': 0, 'Restarts': 0, 'SiteHistory': ['Unknown', 'T2_US_Vanderbilt', 'T2_US_Vanderbilt'], 'ResidentSetSize': [1160420], 'SubmitTimes': [1742938943.0], 'StartTimes': [1742939236.0], 'EndTimes': [1742939980.0], 'TotalUserCpuTimeHistory': [289], 'TotalSysCpuTimeHistory': [16], 'WallDurations': [9.0, 62.50722622871399, 744.0], 'JobIds': ['124350977.0'], 'State': 'finished', 'RecordedSite': True}, '27': {'Retries': 0, 'Restarts': 0, 'SiteHistory': ['Unknown', 'T2_US_UCSD', 'T2_US_UCSD'], 'ResidentSetSize': [1094944], 'SubmitTimes': [1742938943.0], 'StartTimes': [1742939243.0], 'EndTimes': [1742940579.0], 'TotalUserCpuTimeHistory': [488], 'TotalSysCpuTimeHistory': [33], 'WallDurations': [9.0, 55.50722622871399, 1336.0], 'JobIds': ['124350978.0'], 'State': 'finished', 'RecordedSite': True}, '26': {'Retries': 0, 'Restarts': 0, 'SiteHistory': ['Unknown', 'T1_FR_CCIN2P3', 'T1_FR_CCIN2P3'], 'ResidentSetSize': [678520], 'SubmitTimes': [1742938943.0], 'StartTimes': [1742939022.0], 'EndTimes': [1742940552.0], 'TotalUserCpuTimeHistory': [765], 'TotalSysCpuTimeHistory': [295], 'WallDurations': [8.0, 276.507226228714, 1530.0], 'JobIds': ['124350979.0'], 'State': 'finished', 'RecordedSite': True}, '29': {'Retries': 0, 'Restarts': 0, 'SiteHistory': ['Unknown', 'T1_UK_RAL', 'T1_UK_RAL'], 'ResidentSetSize': [791796], 'SubmitTimes': [1742938943.0], 'StartTimes': [1742939023.0], 'EndTimes': [1742939976.0], 'TotalUserCpuTimeHistory': [360], 'TotalSysCpuTimeHistory': [98], 'WallDurations': [8.0, 275.507226228714, 953.0], 'JobIds': ['124350980.0'], 'State': 'finished', 'RecordedSite': True}, '25': {'Retries': 0, 'Restarts': 0, 'SiteHistory': ['Unknown', 'T1_FR_CCIN2P3', 'T1_FR_CCIN2P3'], 'ResidentSetSize': [885772], 'SubmitTimes': [1742938943.0], 'StartTimes': [1742939023.0], 'EndTimes': [1742941862.0], 'TotalUserCpuTimeHistory': [1336], 'TotalSysCpuTimeHistory': [513], 'WallDurations': [9.0, 275.507226228714, 2839.0], 'JobIds': ['124350981.0'], 'State': 'finished', 'RecordedSite': True}, '21': {'Retries': 0, 'Restarts': 0, 'SiteHistory': ['Unknown', 'T1_UK_RAL', 'T1_UK_RAL'], 'ResidentSetSize': [1091408], 'SubmitTimes': [1742938943.0], 'StartTimes': [1742939021.0], 'EndTimes': [1742942941.0], 'TotalUserCpuTimeHistory': [1714], 'TotalSysCpuTimeHistory': [504], 'WallDurations': [8.0, 277.507226228714, 3920.0], 'JobIds': ['124350982.0'], 'State': 'finished', 'RecordedSite': True}, '16': {'Retries': 0, 'Restarts': 0, 'SiteHistory': ['Unknown', 'T1_UK_RAL', 'T1_UK_RAL'], 'ResidentSetSize': [854104], 'SubmitTimes': [1742938943.0], 'StartTimes': [1742939022.0], 'EndTimes': [1742942989.0], 'TotalUserCpuTimeHistory': [1703], 'TotalSysCpuTimeHistory': [500], 'WallDurations': [8.0, 276.507226228714, 3967.0], 'JobIds': ['124350983.0'], 'State': 'finished', 'RecordedSite': True}}
INFO 2025-03-26 02:02:55.318 UTC: 	 Status on the scheduler:	COMPLETED
INFO 2025-03-26 02:02:55.318 UTC: 	 
Jobs status:                    finished     		100.0% (29/29)
DEBUG 2025-03-26 02:02:55.318 UTC: 	 Encoded data for curl request: subresource=publicationstatus&workflow=250325_213853%3Aamalhotr_crab_DYto2Mu4Jets_Unpacker_100&username=amalhotr
INFO 2025-03-26 02:02:55.356 UTC: 	 
Publication status of 1 dataset(s):	new          		100.0% (29/29)
(from CRAB internal bookkeeping in transferdb)
INFO 2025-03-26 02:02:55.356 UTC: 	 
Output dataset:			/DYto2Mu-4Jets_Bin-MLL-50_TuneCP5_13p6TeV_madgraphMLM-pythia8/amalhotr-DYto2Mu4Jets_Unpacker_100-49feb6938084587a06052f9676570a55/USER
Output dataset DAS URL:		https://cmsweb.cern.ch/das/request?input=%2FDYto2Mu-4Jets_Bin-MLL-50_TuneCP5_13p6TeV_madgraphMLM-pythia8%2Famalhotr-DYto2Mu4Jets_Unpacker_100-49feb6938084587a06052f9676570a55%2FUSER&instance=prod%2Fphys03
INFO 2025-03-26 02:02:55.357 UTC: 	 
Warning: the max jobs runtime is less than 30% of the task requested value (1250 min), please consider to request a lower value for failed jobs (allowed through crab resubmit) and/or improve the jobs splitting (e.g. config.Data.splitting = 'Automatic') in a new task.
INFO 2025-03-26 02:02:55.357 UTC: 	 
Summary of run jobs:
 * Memory: 90MB min, 1360MB max, 951MB ave
 * Runtime: 0:04:17 min, 1:15:59 max, 0:38:08 ave
 * CPU eff: 39% min, 85% max, 58% ave
 * Waste: 1:43:56 (9% of total)

DEBUG 2025-03-26 02:02:55.357 UTC: 	 Retrieving locations for task 250325_213853:amalhotr_crab_DYto2Mu4Jets_Unpacker_100
DEBUG 2025-03-26 02:02:55.357 UTC: 	 Retrieving all file locations
DEBUG 2025-03-26 02:02:55.357 UTC: 	 Retrieving jobs [('jobids', 2)]
DEBUG 2025-03-26 02:02:55.357 UTC: 	 Encoded data for curl request: workflow=250325_213853%3Aamalhotr_crab_DYto2Mu4Jets_Unpacker_100&subresource=logs2&limit=-1&jobids=2
DEBUG 2025-03-26 02:02:55.837 UTC: 	 Server result: {'result': [{'jobid': '22', 'lfn': '/store/user/amalhotr/DYto2Mu-4Jets_Bin-MLL-50_TuneCP5_13p6TeV_madgraphMLM-pythia8/DYto2Mu4Jets_Unpacker_100/250325_213853/0000/log/cmsRun_22.log.tar.gz', 'site': 'T2_BR_SPRACE', 'tmplfn': '/store/user/amalhotr/DYto2Mu-4Jets_Bin-MLL-50_TuneCP5_13p6TeV_madgraphMLM-pythia8/DYto2Mu4Jets_Unpacker_100/250325_213853/0000/log/cmsRun_22.log.tar.gz', 'tmpsite': 'T1_UK_RAL_Disk', 'directstageout': 'F', 'size': 12761, 'checksum': {'cksum': 3701783610, 'md5': '6d1096fe', 'adler32': '6d1096fe'}}, {'jobid': '20', 'lfn': '/store/user/amalhotr/DYto2Mu-4Jets_Bin-MLL-50_TuneCP5_13p6TeV_madgraphMLM-pythia8/DYto2Mu4Jets_Unpacker_100/250325_213853/0000/log/cmsRun_20.log.tar.gz', 'site': 'T2_BR_SPRACE', 'tmplfn': '/store/user/amalhotr/DYto2Mu-4Jets_Bin-MLL-50_TuneCP5_13p6TeV_madgraphMLM-pythia8/DYto2Mu4Jets_Unpacker_100/250325_213853/0000/log/cmsRun_20.log.tar.gz', 'tmpsite': 'T1_UK_RAL_Disk', 'directstageout': 'F', 'size': 12877, 'checksum': {'cksum': 3701783610, 'md5': '6d1096fe', 'adler32': '6d1096fe'}}, {'jobid': '1', 'lfn': '/store/user/amalhotr/DYto2Mu-4Jets_Bin-MLL-50_TuneCP5_13p6TeV_madgraphMLM-pythia8/DYto2Mu4Jets_Unpacker_100/250325_213853/0000/log/cmsRun_1.log.tar.gz', 'site': 'T2_BR_SPRACE', 'tmplfn': '/store/user/amalhotr/DYto2Mu-4Jets_Bin-MLL-50_TuneCP5_13p6TeV_madgraphMLM-pythia8/DYto2Mu4Jets_Unpacker_100/250325_213853/0000/log/cmsRun_1.log.tar.gz', 'tmpsite': 'T2_UK_London_IC', 'directstageout': 'F', 'size': 11133, 'checksum': {'cksum': 3701783610, 'md5': '6d1096fe', 'adler32': '6d1096fe'}}, {'jobid': '13', 'lfn': '/store/user/amalhotr/DYto2Mu-4Jets_Bin-MLL-50_TuneCP5_13p6TeV_madgraphMLM-pythia8/DYto2Mu4Jets_Unpacker_100/250325_213853/0000/log/cmsRun_13.log.tar.gz', 'site': 'T2_BR_SPRACE', 'tmplfn': '/store/user/amalhotr/DYto2Mu-4Jets_Bin-MLL-50_TuneCP5_13p6TeV_madgraphMLM-pythia8/DYto2Mu4Jets_Unpacker_100/250325_213853/0000/log/cmsRun_13.log.tar.gz', 'tmpsite': 'T1_UK_RAL_Disk', 'directstageout': 'F', 'size': 12760, 'checksum': {'cksum': 3701783610, 'md5': '6d1096fe', 'adler32': '6d1096fe'}}, {'jobid': '19', 'lfn': '/store/user/amalhotr/DYto2Mu-4Jets_Bin-MLL-50_TuneCP5_13p6TeV_madgraphMLM-pythia8/DYto2Mu4Jets_Unpacker_100/250325_213853/0000/log/cmsRun_19.log.tar.gz', 'site': 'T2_BR_SPRACE', 'tmplfn': '/store/user/amalhotr/DYto2Mu-4Jets_Bin-MLL-50_TuneCP5_13p6TeV_madgraphMLM-pythia8/DYto2Mu4Jets_Unpacker_100/250325_213853/0000/log/cmsRun_19.log.tar.gz', 'tmpsite': 'T1_UK_RAL_Disk', 'directstageout': 'F', 'size': 12627, 'checksum': {'cksum': 3701783610, 'md5': '6d1096fe', 'adler32': '6d1096fe'}}, {'jobid': '16', 'lfn': '/store/user/amalhotr/DYto2Mu-4Jets_Bin-MLL-50_TuneCP5_13p6TeV_madgraphMLM-pythia8/DYto2Mu4Jets_Unpacker_100/250325_213853/0000/log/cmsRun_16.log.tar.gz', 'site': 'T2_BR_SPRACE', 'tmplfn': '/store/user/amalhotr/DYto2Mu-4Jets_Bin-MLL-50_TuneCP5_13p6TeV_madgraphMLM-pythia8/DYto2Mu4Jets_Unpacker_100/250325_213853/0000/log/cmsRun_16.log.tar.gz', 'tmpsite': 'T1_UK_RAL_Disk', 'directstageout': 'F', 'size': 12856, 'checksum': {'cksum': 3701783610, 'md5': '6d1096fe', 'adler32': '6d1096fe'}}, {'jobid': '15', 'lfn': '/store/user/amalhotr/DYto2Mu-4Jets_Bin-MLL-50_TuneCP5_13p6TeV_madgraphMLM-pythia8/DYto2Mu4Jets_Unpacker_100/250325_213853/0000/log/cmsRun_15.log.tar.gz', 'site': 'T2_BR_SPRACE', 'tmplfn': '/store/user/amalhotr/DYto2Mu-4Jets_Bin-MLL-50_TuneCP5_13p6TeV_madgraphMLM-pythia8/DYto2Mu4Jets_Unpacker_100/250325_213853/0000/log/cmsRun_15.log.tar.gz', 'tmpsite': 'T1_UK_RAL_Disk', 'directstageout': 'F', 'size': 12857, 'checksum': {'cksum': 3701783610, 'md5': '6d1096fe', 'adler32': '6d1096fe'}}, {'jobid': '21', 'lfn': '/store/user/amalhotr/DYto2Mu-4Jets_Bin-MLL-50_TuneCP5_13p6TeV_madgraphMLM-pythia8/DYto2Mu4Jets_Unpacker_100/250325_213853/0000/log/cmsRun_21.log.tar.gz', 'site': 'T2_BR_SPRACE', 'tmplfn': '/store/user/amalhotr/DYto2Mu-4Jets_Bin-MLL-50_TuneCP5_13p6TeV_madgraphMLM-pythia8/DYto2Mu4Jets_Unpacker_100/250325_213853/0000/log/cmsRun_21.log.tar.gz', 'tmpsite': 'T1_UK_RAL_Disk', 'directstageout': 'F', 'size': 12940, 'checksum': {'cksum': 3701783610, 'md5': '6d1096fe', 'adler32': '6d1096fe'}}, {'jobid': '18', 'lfn': '/store/user/amalhotr/DYto2Mu-4Jets_Bin-MLL-50_TuneCP5_13p6TeV_madgraphMLM-pythia8/DYto2Mu4Jets_Unpacker_100/250325_213853/0000/log/cmsRun_18.log.tar.gz', 'site': 'T2_BR_SPRACE', 'tmplfn': '/store/user/amalhotr/DYto2Mu-4Jets_Bin-MLL-50_TuneCP5_13p6TeV_madgraphMLM-pythia8/DYto2Mu4Jets_Unpacker_100/250325_213853/0000/log/cmsRun_18.log.tar.gz', 'tmpsite': 'T1_UK_RAL_Disk', 'directstageout': 'F', 'size': 12434, 'checksum': {'cksum': 3701783610, 'md5': '6d1096fe', 'adler32': '6d1096fe'}}, {'jobid': '17', 'lfn': '/store/user/amalhotr/DYto2Mu-4Jets_Bin-MLL-50_TuneCP5_13p6TeV_madgraphMLM-pythia8/DYto2Mu4Jets_Unpacker_100/250325_213853/0000/log/cmsRun_17.log.tar.gz', 'site': 'T2_BR_SPRACE', 'tmplfn': '/store/user/amalhotr/DYto2Mu-4Jets_Bin-MLL-50_TuneCP5_13p6TeV_madgraphMLM-pythia8/DYto2Mu4Jets_Unpacker_100/250325_213853/0000/log/cmsRun_17.log.tar.gz', 'tmpsite': 'T1_UK_RAL_Disk', 'directstageout': 'F', 'size': 12556, 'checksum': {'cksum': 3701783610, 'md5': '6d1096fe', 'adler32': '6d1096fe'}}, {'jobid': '14', 'lfn': '/store/user/amalhotr/DYto2Mu-4Jets_Bin-MLL-50_TuneCP5_13p6TeV_madgraphMLM-pythia8/DYto2Mu4Jets_Unpacker_100/250325_213853/0000/log/cmsRun_14.log.tar.gz', 'site': 'T2_BR_SPRACE', 'tmplfn': '/store/user/amalhotr/DYto2Mu-4Jets_Bin-MLL-50_TuneCP5_13p6TeV_madgraphMLM-pythia8/DYto2Mu4Jets_Unpacker_100/250325_213853/0000/log/cmsRun_14.log.tar.gz', 'tmpsite': 'T1_UK_RAL_Disk', 'directstageout': 'F', 'size': 12588, 'checksum': {'cksum': 3701783610, 'md5': '6d1096fe', 'adler32': '6d1096fe'}}, {'jobid': '25', 'lfn': '/store/user/amalhotr/DYto2Mu-4Jets_Bin-MLL-50_TuneCP5_13p6TeV_madgraphMLM-pythia8/DYto2Mu4Jets_Unpacker_100/250325_213853/0000/log/cmsRun_25.log.tar.gz', 'site': 'T2_BR_SPRACE', 'tmplfn': '/store/user/amalhotr/DYto2Mu-4Jets_Bin-MLL-50_TuneCP5_13p6TeV_madgraphMLM-pythia8/DYto2Mu4Jets_Unpacker_100/250325_213853/0000/log/cmsRun_25.log.tar.gz', 'tmpsite': 'T1_FR_CCIN2P3_Disk', 'directstageout': 'F', 'size': 10969, 'checksum': {'cksum': 3701783610, 'md5': '6d1096fe', 'adler32': '6d1096fe'}}, {'jobid': '7', 'lfn': '/store/user/amalhotr/DYto2Mu-4Jets_Bin-MLL-50_TuneCP5_13p6TeV_madgraphMLM-pythia8/DYto2Mu4Jets_Unpacker_100/250325_213853/0000/log/cmsRun_7.log.tar.gz', 'site': 'T2_BR_SPRACE', 'tmplfn': '/store/user/amalhotr/DYto2Mu-4Jets_Bin-MLL-50_TuneCP5_13p6TeV_madgraphMLM-pythia8/DYto2Mu4Jets_Unpacker_100/250325_213853/0000/log/cmsRun_7.log.tar.gz', 'tmpsite': 'T2_IT_Legnaro', 'directstageout': 'F', 'size': 12003, 'checksum': {'cksum': 3701783610, 'md5': '6d1096fe', 'adler32': '6d1096fe'}}, {'jobid': '3', 'lfn': '/store/user/amalhotr/DYto2Mu-4Jets_Bin-MLL-50_TuneCP5_13p6TeV_madgraphMLM-pythia8/DYto2Mu4Jets_Unpacker_100/250325_213853/0000/log/cmsRun_3.log.tar.gz', 'site': 'T2_BR_SPRACE', 'tmplfn': '/store/user/amalhotr/DYto2Mu-4Jets_Bin-MLL-50_TuneCP5_13p6TeV_madgraphMLM-pythia8/DYto2Mu4Jets_Unpacker_100/250325_213853/0000/log/cmsRun_3.log.tar.gz', 'tmpsite': 'T1_ES_PIC_Disk', 'directstageout': 'F', 'size': 11011, 'checksum': {'cksum': 3701783610, 'md5': '6d1096fe', 'adler32': '6d1096fe'}}, {'jobid': '6', 'lfn': '/store/user/amalhotr/DYto2Mu-4Jets_Bin-MLL-50_TuneCP5_13p6TeV_madgraphMLM-pythia8/DYto2Mu4Jets_Unpacker_100/250325_213853/0000/log/cmsRun_6.log.tar.gz', 'site': 'T2_BR_SPRACE', 'tmplfn': '/store/user/amalhotr/DYto2Mu-4Jets_Bin-MLL-50_TuneCP5_13p6TeV_madgraphMLM-pythia8/DYto2Mu4Jets_Unpacker_100/250325_213853/0000/log/cmsRun_6.log.tar.gz', 'tmpsite': 'T2_IT_Legnaro', 'directstageout': 'F', 'size': 11325, 'checksum': {'cksum': 3701783610, 'md5': '6d1096fe', 'adler32': '6d1096fe'}}, {'jobid': '27', 'lfn': '/store/user/amalhotr/DYto2Mu-4Jets_Bin-MLL-50_TuneCP5_13p6TeV_madgraphMLM-pythia8/DYto2Mu4Jets_Unpacker_100/250325_213853/0000/log/cmsRun_27.log.tar.gz', 'site': 'T2_BR_SPRACE', 'tmplfn': '/store/user/amalhotr/DYto2Mu-4Jets_Bin-MLL-50_TuneCP5_13p6TeV_madgraphMLM-pythia8/DYto2Mu4Jets_Unpacker_100/250325_213853/0000/log/cmsRun_27.log.tar.gz', 'tmpsite': 'T2_US_UCSD', 'directstageout': 'F', 'size': 8430, 'checksum': {'cksum': 3701783610, 'md5': '6d1096fe', 'adler32': '6d1096fe'}}, {'jobid': '23', 'lfn': '/store/user/amalhotr/DYto2Mu-4Jets_Bin-MLL-50_TuneCP5_13p6TeV_madgraphMLM-pythia8/DYto2Mu4Jets_Unpacker_100/250325_213853/0000/log/cmsRun_23.log.tar.gz', 'site': 'T2_BR_SPRACE', 'tmplfn': '/store/user/amalhotr/DYto2Mu-4Jets_Bin-MLL-50_TuneCP5_13p6TeV_madgraphMLM-pythia8/DYto2Mu4Jets_Unpacker_100/250325_213853/0000/log/cmsRun_23.log.tar.gz', 'tmpsite': 'T1_UK_RAL_Disk', 'directstageout': 'F', 'size': 8820, 'checksum': {'cksum': 3701783610, 'md5': '6d1096fe', 'adler32': '6d1096fe'}}, {'jobid': '26', 'lfn': '/store/user/amalhotr/DYto2Mu-4Jets_Bin-MLL-50_TuneCP5_13p6TeV_madgraphMLM-pythia8/DYto2Mu4Jets_Unpacker_100/250325_213853/0000/log/cmsRun_26.log.tar.gz', 'site': 'T2_BR_SPRACE', 'tmplfn': '/store/user/amalhotr/DYto2Mu-4Jets_Bin-MLL-50_TuneCP5_13p6TeV_madgraphMLM-pythia8/DYto2Mu4Jets_Unpacker_100/250325_213853/0000/log/cmsRun_26.log.tar.gz', 'tmpsite': 'T1_FR_CCIN2P3_Disk', 'directstageout': 'F', 'size': 8862, 'checksum': {'cksum': 3701783610, 'md5': '6d1096fe', 'adler32': '6d1096fe'}}, {'jobid': '5', 'lfn': '/store/user/amalhotr/DYto2Mu-4Jets_Bin-MLL-50_TuneCP5_13p6TeV_madgraphMLM-pythia8/DYto2Mu4Jets_Unpacker_100/250325_213853/0000/log/cmsRun_5.log.tar.gz', 'site': 'T2_BR_SPRACE', 'tmplfn': '/store/user/amalhotr/DYto2Mu-4Jets_Bin-MLL-50_TuneCP5_13p6TeV_madgraphMLM-pythia8/DYto2Mu4Jets_Unpacker_100/250325_213853/0000/log/cmsRun_5.log.tar.gz', 'tmpsite': 'T2_IT_Legnaro', 'directstageout': 'F', 'size': 11385, 'checksum': {'cksum': 3701783610, 'md5': '6d1096fe', 'adler32': '6d1096fe'}}, {'jobid': '11', 'lfn': '/store/user/amalhotr/DYto2Mu-4Jets_Bin-MLL-50_TuneCP5_13p6TeV_madgraphMLM-pythia8/DYto2Mu4Jets_Unpacker_100/250325_213853/0000/log/cmsRun_11.log.tar.gz', 'site': 'T2_BR_SPRACE', 'tmplfn': '/store/user/amalhotr/DYto2Mu-4Jets_Bin-MLL-50_TuneCP5_13p6TeV_madgraphMLM-pythia8/DYto2Mu4Jets_Unpacker_100/250325_213853/0000/log/cmsRun_11.log.tar.gz', 'tmpsite': 'T2_IT_Pisa', 'directstageout': 'F', 'size': 7151, 'checksum': {'cksum': 3701783610, 'md5': '6d1096fe', 'adler32': '6d1096fe'}}, {'jobid': '2', 'lfn': '/store/user/amalhotr/DYto2Mu-4Jets_Bin-MLL-50_TuneCP5_13p6TeV_madgraphMLM-pythia8/DYto2Mu4Jets_Unpacker_100/250325_213853/0000/log/cmsRun_2.log.tar.gz', 'site': 'T2_BR_SPRACE', 'tmplfn': '/store/user/amalhotr/DYto2Mu-4Jets_Bin-MLL-50_TuneCP5_13p6TeV_madgraphMLM-pythia8/DYto2Mu4Jets_Unpacker_100/250325_213853/0000/log/cmsRun_2.log.tar.gz', 'tmpsite': 'T2_UK_London_IC', 'directstageout': 'F', 'size': 7011, 'checksum': {'cksum': 3701783610, 'md5': '6d1096fe', 'adler32': '6d1096fe'}}, {'jobid': '28', 'lfn': '/store/user/amalhotr/DYto2Mu-4Jets_Bin-MLL-50_TuneCP5_13p6TeV_madgraphMLM-pythia8/DYto2Mu4Jets_Unpacker_100/250325_213853/0000/log/cmsRun_28.log.tar.gz', 'site': 'T2_BR_SPRACE', 'tmplfn': '/store/user/amalhotr/DYto2Mu-4Jets_Bin-MLL-50_TuneCP5_13p6TeV_madgraphMLM-pythia8/DYto2Mu4Jets_Unpacker_100/250325_213853/0000/log/cmsRun_28.log.tar.gz', 'tmpsite': 'T2_US_Vanderbilt', 'directstageout': 'F', 'size': 6623, 'checksum': {'cksum': 3701783610, 'md5': '6d1096fe', 'adler32': '6d1096fe'}}, {'jobid': '29', 'lfn': '/store/user/amalhotr/DYto2Mu-4Jets_Bin-MLL-50_TuneCP5_13p6TeV_madgraphMLM-pythia8/DYto2Mu4Jets_Unpacker_100/250325_213853/0000/log/cmsRun_29.log.tar.gz', 'site': 'T2_BR_SPRACE', 'tmplfn': '/store/user/amalhotr/DYto2Mu-4Jets_Bin-MLL-50_TuneCP5_13p6TeV_madgraphMLM-pythia8/DYto2Mu4Jets_Unpacker_100/250325_213853/0000/log/cmsRun_29.log.tar.gz', 'tmpsite': 'T1_UK_RAL_Disk', 'directstageout': 'F', 'size': 8114, 'checksum': {'cksum': 3701783610, 'md5': '6d1096fe', 'adler32': '6d1096fe'}}, {'jobid': '4', 'lfn': '/store/user/amalhotr/DYto2Mu-4Jets_Bin-MLL-50_TuneCP5_13p6TeV_madgraphMLM-pythia8/DYto2Mu4Jets_Unpacker_100/250325_213853/0000/log/cmsRun_4.log.tar.gz', 'site': 'T2_BR_SPRACE', 'tmplfn': '/store/user/amalhotr/DYto2Mu-4Jets_Bin-MLL-50_TuneCP5_13p6TeV_madgraphMLM-pythia8/DYto2Mu4Jets_Unpacker_100/250325_213853/0000/log/cmsRun_4.log.tar.gz', 'tmpsite': 'T2_UK_London_IC', 'directstageout': 'F', 'size': 6734, 'checksum': {'cksum': 3701783610, 'md5': '6d1096fe', 'adler32': '6d1096fe'}}, {'jobid': '12', 'lfn': '/store/user/amalhotr/DYto2Mu-4Jets_Bin-MLL-50_TuneCP5_13p6TeV_madgraphMLM-pythia8/DYto2Mu4Jets_Unpacker_100/250325_213853/0000/log/cmsRun_12.log.tar.gz', 'site': 'T2_BR_SPRACE', 'tmplfn': '/store/user/amalhotr/DYto2Mu-4Jets_Bin-MLL-50_TuneCP5_13p6TeV_madgraphMLM-pythia8/DYto2Mu4Jets_Unpacker_100/250325_213853/0000/log/cmsRun_12.log.tar.gz', 'tmpsite': 'T2_US_Vanderbilt', 'directstageout': 'F', 'size': 6412, 'checksum': {'cksum': 3701783610, 'md5': '6d1096fe', 'adler32': '6d1096fe'}}, {'jobid': '9', 'lfn': '/store/user/amalhotr/DYto2Mu-4Jets_Bin-MLL-50_TuneCP5_13p6TeV_madgraphMLM-pythia8/DYto2Mu4Jets_Unpacker_100/250325_213853/0000/log/cmsRun_9.log.tar.gz', 'site': 'T2_BR_SPRACE', 'tmplfn': '/store/user/amalhotr/DYto2Mu-4Jets_Bin-MLL-50_TuneCP5_13p6TeV_madgraphMLM-pythia8/DYto2Mu4Jets_Unpacker_100/250325_213853/0000/log/cmsRun_9.log.tar.gz', 'tmpsite': 'T2_DE_RWTH', 'directstageout': 'F', 'size': 6498, 'checksum': {'cksum': 3701783610, 'md5': '6d1096fe', 'adler32': '6d1096fe'}}, {'jobid': '10', 'lfn': '/store/user/amalhotr/DYto2Mu-4Jets_Bin-MLL-50_TuneCP5_13p6TeV_madgraphMLM-pythia8/DYto2Mu4Jets_Unpacker_100/250325_213853/0000/log/cmsRun_10.log.tar.gz', 'site': 'T2_BR_SPRACE', 'tmplfn': '/store/user/amalhotr/DYto2Mu-4Jets_Bin-MLL-50_TuneCP5_13p6TeV_madgraphMLM-pythia8/DYto2Mu4Jets_Unpacker_100/250325_213853/0000/log/cmsRun_10.log.tar.gz', 'tmpsite': 'T2_DE_DESY', 'directstageout': 'F', 'size': 7071, 'checksum': {'cksum': 3701783610, 'md5': '6d1096fe', 'adler32': '6d1096fe'}}, {'jobid': '24', 'lfn': '/store/user/amalhotr/DYto2Mu-4Jets_Bin-MLL-50_TuneCP5_13p6TeV_madgraphMLM-pythia8/DYto2Mu4Jets_Unpacker_100/250325_213853/0000/log/cmsRun_24.log.tar.gz', 'site': 'T2_BR_SPRACE', 'tmplfn': '/store/user/amalhotr/DYto2Mu-4Jets_Bin-MLL-50_TuneCP5_13p6TeV_madgraphMLM-pythia8/DYto2Mu4Jets_Unpacker_100/250325_213853/0000/log/cmsRun_24.log.tar.gz', 'tmpsite': 'T1_FR_CCIN2P3_Disk', 'directstageout': 'F', 'size': 6649, 'checksum': {'cksum': 3701783610, 'md5': '6d1096fe', 'adler32': '6d1096fe'}}, {'jobid': '8', 'lfn': '/store/user/amalhotr/DYto2Mu-4Jets_Bin-MLL-50_TuneCP5_13p6TeV_madgraphMLM-pythia8/DYto2Mu4Jets_Unpacker_100/250325_213853/0000/log/cmsRun_8.log.tar.gz', 'site': 'T2_BR_SPRACE', 'tmplfn': '/store/user/amalhotr/DYto2Mu-4Jets_Bin-MLL-50_TuneCP5_13p6TeV_madgraphMLM-pythia8/DYto2Mu4Jets_Unpacker_100/250325_213853/0000/log/cmsRun_8.log.tar.gz', 'tmpsite': 'T2_IT_Legnaro', 'directstageout': 'F', 'size': 6710, 'checksum': {'cksum': 3701783610, 'md5': '6d1096fe', 'adler32': '6d1096fe'}}]}
INFO 2025-03-26 02:02:55.837 UTC: 	 Setting the destination to /afs/cern.ch/user/a/amalhotr/CMSSW_14_0_18_patch1/src/Run3ScoutingAnalysisTools/crab_DYto2Mu4Jets_Unpacker_100/results 
INFO 2025-03-26 02:02:55.837 UTC: 	 Retrieving 29 files
DEBUG 2025-03-26 02:02:55.853 UTC: 	 CRAB Client version: v3.250318
DEBUG 2025-03-26 02:02:55.853 UTC: 	 Running on: Linux lxplus940.cern.ch 5.14.0-503.22.1.el9_5.x86_64 #1 SMP PREEMPT_DYNAMIC Wed Jan 15 08:02:15 EST 2025 x86_64 x86_64 x86_64 GNU/Linux
DEBUG 2025-03-26 02:02:55.853 UTC: 	 Not using Singularity
DEBUG 2025-03-26 02:02:55.853 UTC: 	 Operating System: Red Hat Enterprise Linux 9.5 (Plow)
DEBUG 2025-03-26 02:02:55.853 UTC: 	 Executing command: 'remote_copy'
DEBUG 2025-03-26 02:02:55.854 UTC: 	 Found CRAB cache file /afs/cern.ch/user/a/amalhotr/.crab3
DEBUG 2025-03-26 02:02:55.919 UTC: 	 Skipping proxy creation
DEBUG 2025-03-26 02:02:55.919 UTC: 	 Retrieving username ...
DEBUG 2025-03-26 02:02:55.919 UTC: 	 Retrieving username from CRIC...
DEBUG 2025-03-26 02:02:56.544 UTC: 	 username is amalhotr
INFO 2025-03-26 02:02:56.561 UTC: 	 Rucio client intialized for account amalhotr
DEBUG 2025-03-26 02:02:56.561 UTC: 	 Command use: remote_copy
DEBUG 2025-03-26 02:02:56.562 UTC: 	 Options use: ['--destination', '/afs/cern.ch/user/a/amalhotr/CMSSW_14_0_18_patch1/src/Run3ScoutingAnalysisTools/crab_DYto2Mu4Jets_Unpacker_100/results', '--input', [{'jobid': '22', 'lfn': '/store/user/amalhotr/DYto2Mu-4Jets_Bin-MLL-50_TuneCP5_13p6TeV_madgraphMLM-pythia8/DYto2Mu4Jets_Unpacker_100/250325_213853/0000/log/cmsRun_22.log.tar.gz', 'site': 'T2_BR_SPRACE', 'tmplfn': '/store/user/amalhotr/DYto2Mu-4Jets_Bin-MLL-50_TuneCP5_13p6TeV_madgraphMLM-pythia8/DYto2Mu4Jets_Unpacker_100/250325_213853/0000/log/cmsRun_22.log.tar.gz', 'tmpsite': 'T1_UK_RAL_Disk', 'directstageout': 'F', 'size': 12761, 'checksum': {'cksum': 3701783610, 'md5': '6d1096fe', 'adler32': '6d1096fe'}, 'pfn': 'root://cms-xrd-global.cern.ch//store/user/amalhotr/DYto2Mu-4Jets_Bin-MLL-50_TuneCP5_13p6TeV_madgraphMLM-pythia8/DYto2Mu4Jets_Unpacker_100/250325_213853/0000/log/cmsRun_22.log.tar.gz'}, {'jobid': '20', 'lfn': '/store/user/amalhotr/DYto2Mu-4Jets_Bin-MLL-50_TuneCP5_13p6TeV_madgraphMLM-pythia8/DYto2Mu4Jets_Unpacker_100/250325_213853/0000/log/cmsRun_20.log.tar.gz', 'site': 'T2_BR_SPRACE', 'tmplfn': '/store/user/amalhotr/DYto2Mu-4Jets_Bin-MLL-50_TuneCP5_13p6TeV_madgraphMLM-pythia8/DYto2Mu4Jets_Unpacker_100/250325_213853/0000/log/cmsRun_20.log.tar.gz', 'tmpsite': 'T1_UK_RAL_Disk', 'directstageout': 'F', 'size': 12877, 'checksum': {'cksum': 3701783610, 'md5': '6d1096fe', 'adler32': '6d1096fe'}, 'pfn': 'root://cms-xrd-global.cern.ch//store/user/amalhotr/DYto2Mu-4Jets_Bin-MLL-50_TuneCP5_13p6TeV_madgraphMLM-pythia8/DYto2Mu4Jets_Unpacker_100/250325_213853/0000/log/cmsRun_20.log.tar.gz'}, {'jobid': '1', 'lfn': '/store/user/amalhotr/DYto2Mu-4Jets_Bin-MLL-50_TuneCP5_13p6TeV_madgraphMLM-pythia8/DYto2Mu4Jets_Unpacker_100/250325_213853/0000/log/cmsRun_1.log.tar.gz', 'site': 'T2_BR_SPRACE', 'tmplfn': '/store/user/amalhotr/DYto2Mu-4Jets_Bin-MLL-50_TuneCP5_13p6TeV_madgraphMLM-pythia8/DYto2Mu4Jets_Unpacker_100/250325_213853/0000/log/cmsRun_1.log.tar.gz', 'tmpsite': 'T2_UK_London_IC', 'directstageout': 'F', 'size': 11133, 'checksum': {'cksum': 3701783610, 'md5': '6d1096fe', 'adler32': '6d1096fe'}, 'pfn': 'root://cms-xrd-global.cern.ch//store/user/amalhotr/DYto2Mu-4Jets_Bin-MLL-50_TuneCP5_13p6TeV_madgraphMLM-pythia8/DYto2Mu4Jets_Unpacker_100/250325_213853/0000/log/cmsRun_1.log.tar.gz'}, {'jobid': '13', 'lfn': '/store/user/amalhotr/DYto2Mu-4Jets_Bin-MLL-50_TuneCP5_13p6TeV_madgraphMLM-pythia8/DYto2Mu4Jets_Unpacker_100/250325_213853/0000/log/cmsRun_13.log.tar.gz', 'site': 'T2_BR_SPRACE', 'tmplfn': '/store/user/amalhotr/DYto2Mu-4Jets_Bin-MLL-50_TuneCP5_13p6TeV_madgraphMLM-pythia8/DYto2Mu4Jets_Unpacker_100/250325_213853/0000/log/cmsRun_13.log.tar.gz', 'tmpsite': 'T1_UK_RAL_Disk', 'directstageout': 'F', 'size': 12760, 'checksum': {'cksum': 3701783610, 'md5': '6d1096fe', 'adler32': '6d1096fe'}, 'pfn': 'root://cms-xrd-global.cern.ch//store/user/amalhotr/DYto2Mu-4Jets_Bin-MLL-50_TuneCP5_13p6TeV_madgraphMLM-pythia8/DYto2Mu4Jets_Unpacker_100/250325_213853/0000/log/cmsRun_13.log.tar.gz'}, {'jobid': '19', 'lfn': '/store/user/amalhotr/DYto2Mu-4Jets_Bin-MLL-50_TuneCP5_13p6TeV_madgraphMLM-pythia8/DYto2Mu4Jets_Unpacker_100/250325_213853/0000/log/cmsRun_19.log.tar.gz', 'site': 'T2_BR_SPRACE', 'tmplfn': '/store/user/amalhotr/DYto2Mu-4Jets_Bin-MLL-50_TuneCP5_13p6TeV_madgraphMLM-pythia8/DYto2Mu4Jets_Unpacker_100/250325_213853/0000/log/cmsRun_19.log.tar.gz', 'tmpsite': 'T1_UK_RAL_Disk', 'directstageout': 'F', 'size': 12627, 'checksum': {'cksum': 3701783610, 'md5': '6d1096fe', 'adler32': '6d1096fe'}, 'pfn': 'root://cms-xrd-global.cern.ch//store/user/amalhotr/DYto2Mu-4Jets_Bin-MLL-50_TuneCP5_13p6TeV_madgraphMLM-pythia8/DYto2Mu4Jets_Unpacker_100/250325_213853/0000/log/cmsRun_19.log.tar.gz'}, {'jobid': '16', 'lfn': '/store/user/amalhotr/DYto2Mu-4Jets_Bin-MLL-50_TuneCP5_13p6TeV_madgraphMLM-pythia8/DYto2Mu4Jets_Unpacker_100/250325_213853/0000/log/cmsRun_16.log.tar.gz', 'site': 'T2_BR_SPRACE', 'tmplfn': '/store/user/amalhotr/DYto2Mu-4Jets_Bin-MLL-50_TuneCP5_13p6TeV_madgraphMLM-pythia8/DYto2Mu4Jets_Unpacker_100/250325_213853/0000/log/cmsRun_16.log.tar.gz', 'tmpsite': 'T1_UK_RAL_Disk', 'directstageout': 'F', 'size': 12856, 'checksum': {'cksum': 3701783610, 'md5': '6d1096fe', 'adler32': '6d1096fe'}, 'pfn': 'root://cms-xrd-global.cern.ch//store/user/amalhotr/DYto2Mu-4Jets_Bin-MLL-50_TuneCP5_13p6TeV_madgraphMLM-pythia8/DYto2Mu4Jets_Unpacker_100/250325_213853/0000/log/cmsRun_16.log.tar.gz'}, {'jobid': '15', 'lfn': '/store/user/amalhotr/DYto2Mu-4Jets_Bin-MLL-50_TuneCP5_13p6TeV_madgraphMLM-pythia8/DYto2Mu4Jets_Unpacker_100/250325_213853/0000/log/cmsRun_15.log.tar.gz', 'site': 'T2_BR_SPRACE', 'tmplfn': '/store/user/amalhotr/DYto2Mu-4Jets_Bin-MLL-50_TuneCP5_13p6TeV_madgraphMLM-pythia8/DYto2Mu4Jets_Unpacker_100/250325_213853/0000/log/cmsRun_15.log.tar.gz', 'tmpsite': 'T1_UK_RAL_Disk', 'directstageout': 'F', 'size': 12857, 'checksum': {'cksum': 3701783610, 'md5': '6d1096fe', 'adler32': '6d1096fe'}, 'pfn': 'root://cms-xrd-global.cern.ch//store/user/amalhotr/DYto2Mu-4Jets_Bin-MLL-50_TuneCP5_13p6TeV_madgraphMLM-pythia8/DYto2Mu4Jets_Unpacker_100/250325_213853/0000/log/cmsRun_15.log.tar.gz'}, {'jobid': '21', 'lfn': '/store/user/amalhotr/DYto2Mu-4Jets_Bin-MLL-50_TuneCP5_13p6TeV_madgraphMLM-pythia8/DYto2Mu4Jets_Unpacker_100/250325_213853/0000/log/cmsRun_21.log.tar.gz', 'site': 'T2_BR_SPRACE', 'tmplfn': '/store/user/amalhotr/DYto2Mu-4Jets_Bin-MLL-50_TuneCP5_13p6TeV_madgraphMLM-pythia8/DYto2Mu4Jets_Unpacker_100/250325_213853/0000/log/cmsRun_21.log.tar.gz', 'tmpsite': 'T1_UK_RAL_Disk', 'directstageout': 'F', 'size': 12940, 'checksum': {'cksum': 3701783610, 'md5': '6d1096fe', 'adler32': '6d1096fe'}, 'pfn': 'root://cms-xrd-global.cern.ch//store/user/amalhotr/DYto2Mu-4Jets_Bin-MLL-50_TuneCP5_13p6TeV_madgraphMLM-pythia8/DYto2Mu4Jets_Unpacker_100/250325_213853/0000/log/cmsRun_21.log.tar.gz'}, {'jobid': '18', 'lfn': '/store/user/amalhotr/DYto2Mu-4Jets_Bin-MLL-50_TuneCP5_13p6TeV_madgraphMLM-pythia8/DYto2Mu4Jets_Unpacker_100/250325_213853/0000/log/cmsRun_18.log.tar.gz', 'site': 'T2_BR_SPRACE', 'tmplfn': '/store/user/amalhotr/DYto2Mu-4Jets_Bin-MLL-50_TuneCP5_13p6TeV_madgraphMLM-pythia8/DYto2Mu4Jets_Unpacker_100/250325_213853/0000/log/cmsRun_18.log.tar.gz', 'tmpsite': 'T1_UK_RAL_Disk', 'directstageout': 'F', 'size': 12434, 'checksum': {'cksum': 3701783610, 'md5': '6d1096fe', 'adler32': '6d1096fe'}, 'pfn': 'root://cms-xrd-global.cern.ch//store/user/amalhotr/DYto2Mu-4Jets_Bin-MLL-50_TuneCP5_13p6TeV_madgraphMLM-pythia8/DYto2Mu4Jets_Unpacker_100/250325_213853/0000/log/cmsRun_18.log.tar.gz'}, {'jobid': '17', 'lfn': '/store/user/amalhotr/DYto2Mu-4Jets_Bin-MLL-50_TuneCP5_13p6TeV_madgraphMLM-pythia8/DYto2Mu4Jets_Unpacker_100/250325_213853/0000/log/cmsRun_17.log.tar.gz', 'site': 'T2_BR_SPRACE', 'tmplfn': '/store/user/amalhotr/DYto2Mu-4Jets_Bin-MLL-50_TuneCP5_13p6TeV_madgraphMLM-pythia8/DYto2Mu4Jets_Unpacker_100/250325_213853/0000/log/cmsRun_17.log.tar.gz', 'tmpsite': 'T1_UK_RAL_Disk', 'directstageout': 'F', 'size': 12556, 'checksum': {'cksum': 3701783610, 'md5': '6d1096fe', 'adler32': '6d1096fe'}, 'pfn': 'root://cms-xrd-global.cern.ch//store/user/amalhotr/DYto2Mu-4Jets_Bin-MLL-50_TuneCP5_13p6TeV_madgraphMLM-pythia8/DYto2Mu4Jets_Unpacker_100/250325_213853/0000/log/cmsRun_17.log.tar.gz'}, {'jobid': '14', 'lfn': '/store/user/amalhotr/DYto2Mu-4Jets_Bin-MLL-50_TuneCP5_13p6TeV_madgraphMLM-pythia8/DYto2Mu4Jets_Unpacker_100/250325_213853/0000/log/cmsRun_14.log.tar.gz', 'site': 'T2_BR_SPRACE', 'tmplfn': '/store/user/amalhotr/DYto2Mu-4Jets_Bin-MLL-50_TuneCP5_13p6TeV_madgraphMLM-pythia8/DYto2Mu4Jets_Unpacker_100/250325_213853/0000/log/cmsRun_14.log.tar.gz', 'tmpsite': 'T1_UK_RAL_Disk', 'directstageout': 'F', 'size': 12588, 'checksum': {'cksum': 3701783610, 'md5': '6d1096fe', 'adler32': '6d1096fe'}, 'pfn': 'root://cms-xrd-global.cern.ch//store/user/amalhotr/DYto2Mu-4Jets_Bin-MLL-50_TuneCP5_13p6TeV_madgraphMLM-pythia8/DYto2Mu4Jets_Unpacker_100/250325_213853/0000/log/cmsRun_14.log.tar.gz'}, {'jobid': '25', 'lfn': '/store/user/amalhotr/DYto2Mu-4Jets_Bin-MLL-50_TuneCP5_13p6TeV_madgraphMLM-pythia8/DYto2Mu4Jets_Unpacker_100/250325_213853/0000/log/cmsRun_25.log.tar.gz', 'site': 'T2_BR_SPRACE', 'tmplfn': '/store/user/amalhotr/DYto2Mu-4Jets_Bin-MLL-50_TuneCP5_13p6TeV_madgraphMLM-pythia8/DYto2Mu4Jets_Unpacker_100/250325_213853/0000/log/cmsRun_25.log.tar.gz', 'tmpsite': 'T1_FR_CCIN2P3_Disk', 'directstageout': 'F', 'size': 10969, 'checksum': {'cksum': 3701783610, 'md5': '6d1096fe', 'adler32': '6d1096fe'}, 'pfn': 'root://cms-xrd-global.cern.ch//store/user/amalhotr/DYto2Mu-4Jets_Bin-MLL-50_TuneCP5_13p6TeV_madgraphMLM-pythia8/DYto2Mu4Jets_Unpacker_100/250325_213853/0000/log/cmsRun_25.log.tar.gz'}, {'jobid': '7', 'lfn': '/store/user/amalhotr/DYto2Mu-4Jets_Bin-MLL-50_TuneCP5_13p6TeV_madgraphMLM-pythia8/DYto2Mu4Jets_Unpacker_100/250325_213853/0000/log/cmsRun_7.log.tar.gz', 'site': 'T2_BR_SPRACE', 'tmplfn': '/store/user/amalhotr/DYto2Mu-4Jets_Bin-MLL-50_TuneCP5_13p6TeV_madgraphMLM-pythia8/DYto2Mu4Jets_Unpacker_100/250325_213853/0000/log/cmsRun_7.log.tar.gz', 'tmpsite': 'T2_IT_Legnaro', 'directstageout': 'F', 'size': 12003, 'checksum': {'cksum': 3701783610, 'md5': '6d1096fe', 'adler32': '6d1096fe'}, 'pfn': 'root://cms-xrd-global.cern.ch//store/user/amalhotr/DYto2Mu-4Jets_Bin-MLL-50_TuneCP5_13p6TeV_madgraphMLM-pythia8/DYto2Mu4Jets_Unpacker_100/250325_213853/0000/log/cmsRun_7.log.tar.gz'}, {'jobid': '3', 'lfn': '/store/user/amalhotr/DYto2Mu-4Jets_Bin-MLL-50_TuneCP5_13p6TeV_madgraphMLM-pythia8/DYto2Mu4Jets_Unpacker_100/250325_213853/0000/log/cmsRun_3.log.tar.gz', 'site': 'T2_BR_SPRACE', 'tmplfn': '/store/user/amalhotr/DYto2Mu-4Jets_Bin-MLL-50_TuneCP5_13p6TeV_madgraphMLM-pythia8/DYto2Mu4Jets_Unpacker_100/250325_213853/0000/log/cmsRun_3.log.tar.gz', 'tmpsite': 'T1_ES_PIC_Disk', 'directstageout': 'F', 'size': 11011, 'checksum': {'cksum': 3701783610, 'md5': '6d1096fe', 'adler32': '6d1096fe'}, 'pfn': 'root://cms-xrd-global.cern.ch//store/user/amalhotr/DYto2Mu-4Jets_Bin-MLL-50_TuneCP5_13p6TeV_madgraphMLM-pythia8/DYto2Mu4Jets_Unpacker_100/250325_213853/0000/log/cmsRun_3.log.tar.gz'}, {'jobid': '6', 'lfn': '/store/user/amalhotr/DYto2Mu-4Jets_Bin-MLL-50_TuneCP5_13p6TeV_madgraphMLM-pythia8/DYto2Mu4Jets_Unpacker_100/250325_213853/0000/log/cmsRun_6.log.tar.gz', 'site': 'T2_BR_SPRACE', 'tmplfn': '/store/user/amalhotr/DYto2Mu-4Jets_Bin-MLL-50_TuneCP5_13p6TeV_madgraphMLM-pythia8/DYto2Mu4Jets_Unpacker_100/250325_213853/0000/log/cmsRun_6.log.tar.gz', 'tmpsite': 'T2_IT_Legnaro', 'directstageout': 'F', 'size': 11325, 'checksum': {'cksum': 3701783610, 'md5': '6d1096fe', 'adler32': '6d1096fe'}, 'pfn': 'root://cms-xrd-global.cern.ch//store/user/amalhotr/DYto2Mu-4Jets_Bin-MLL-50_TuneCP5_13p6TeV_madgraphMLM-pythia8/DYto2Mu4Jets_Unpacker_100/250325_213853/0000/log/cmsRun_6.log.tar.gz'}, {'jobid': '27', 'lfn': '/store/user/amalhotr/DYto2Mu-4Jets_Bin-MLL-50_TuneCP5_13p6TeV_madgraphMLM-pythia8/DYto2Mu4Jets_Unpacker_100/250325_213853/0000/log/cmsRun_27.log.tar.gz', 'site': 'T2_BR_SPRACE', 'tmplfn': '/store/user/amalhotr/DYto2Mu-4Jets_Bin-MLL-50_TuneCP5_13p6TeV_madgraphMLM-pythia8/DYto2Mu4Jets_Unpacker_100/250325_213853/0000/log/cmsRun_27.log.tar.gz', 'tmpsite': 'T2_US_UCSD', 'directstageout': 'F', 'size': 8430, 'checksum': {'cksum': 3701783610, 'md5': '6d1096fe', 'adler32': '6d1096fe'}, 'pfn': 'root://cms-xrd-global.cern.ch//store/user/amalhotr/DYto2Mu-4Jets_Bin-MLL-50_TuneCP5_13p6TeV_madgraphMLM-pythia8/DYto2Mu4Jets_Unpacker_100/250325_213853/0000/log/cmsRun_27.log.tar.gz'}, {'jobid': '23', 'lfn': '/store/user/amalhotr/DYto2Mu-4Jets_Bin-MLL-50_TuneCP5_13p6TeV_madgraphMLM-pythia8/DYto2Mu4Jets_Unpacker_100/250325_213853/0000/log/cmsRun_23.log.tar.gz', 'site': 'T2_BR_SPRACE', 'tmplfn': '/store/user/amalhotr/DYto2Mu-4Jets_Bin-MLL-50_TuneCP5_13p6TeV_madgraphMLM-pythia8/DYto2Mu4Jets_Unpacker_100/250325_213853/0000/log/cmsRun_23.log.tar.gz', 'tmpsite': 'T1_UK_RAL_Disk', 'directstageout': 'F', 'size': 8820, 'checksum': {'cksum': 3701783610, 'md5': '6d1096fe', 'adler32': '6d1096fe'}, 'pfn': 'root://cms-xrd-global.cern.ch//store/user/amalhotr/DYto2Mu-4Jets_Bin-MLL-50_TuneCP5_13p6TeV_madgraphMLM-pythia8/DYto2Mu4Jets_Unpacker_100/250325_213853/0000/log/cmsRun_23.log.tar.gz'}, {'jobid': '26', 'lfn': '/store/user/amalhotr/DYto2Mu-4Jets_Bin-MLL-50_TuneCP5_13p6TeV_madgraphMLM-pythia8/DYto2Mu4Jets_Unpacker_100/250325_213853/0000/log/cmsRun_26.log.tar.gz', 'site': 'T2_BR_SPRACE', 'tmplfn': '/store/user/amalhotr/DYto2Mu-4Jets_Bin-MLL-50_TuneCP5_13p6TeV_madgraphMLM-pythia8/DYto2Mu4Jets_Unpacker_100/250325_213853/0000/log/cmsRun_26.log.tar.gz', 'tmpsite': 'T1_FR_CCIN2P3_Disk', 'directstageout': 'F', 'size': 8862, 'checksum': {'cksum': 3701783610, 'md5': '6d1096fe', 'adler32': '6d1096fe'}, 'pfn': 'root://cms-xrd-global.cern.ch//store/user/amalhotr/DYto2Mu-4Jets_Bin-MLL-50_TuneCP5_13p6TeV_madgraphMLM-pythia8/DYto2Mu4Jets_Unpacker_100/250325_213853/0000/log/cmsRun_26.log.tar.gz'}, {'jobid': '5', 'lfn': '/store/user/amalhotr/DYto2Mu-4Jets_Bin-MLL-50_TuneCP5_13p6TeV_madgraphMLM-pythia8/DYto2Mu4Jets_Unpacker_100/250325_213853/0000/log/cmsRun_5.log.tar.gz', 'site': 'T2_BR_SPRACE', 'tmplfn': '/store/user/amalhotr/DYto2Mu-4Jets_Bin-MLL-50_TuneCP5_13p6TeV_madgraphMLM-pythia8/DYto2Mu4Jets_Unpacker_100/250325_213853/0000/log/cmsRun_5.log.tar.gz', 'tmpsite': 'T2_IT_Legnaro', 'directstageout': 'F', 'size': 11385, 'checksum': {'cksum': 3701783610, 'md5': '6d1096fe', 'adler32': '6d1096fe'}, 'pfn': 'root://cms-xrd-global.cern.ch//store/user/amalhotr/DYto2Mu-4Jets_Bin-MLL-50_TuneCP5_13p6TeV_madgraphMLM-pythia8/DYto2Mu4Jets_Unpacker_100/250325_213853/0000/log/cmsRun_5.log.tar.gz'}, {'jobid': '11', 'lfn': '/store/user/amalhotr/DYto2Mu-4Jets_Bin-MLL-50_TuneCP5_13p6TeV_madgraphMLM-pythia8/DYto2Mu4Jets_Unpacker_100/250325_213853/0000/log/cmsRun_11.log.tar.gz', 'site': 'T2_BR_SPRACE', 'tmplfn': '/store/user/amalhotr/DYto2Mu-4Jets_Bin-MLL-50_TuneCP5_13p6TeV_madgraphMLM-pythia8/DYto2Mu4Jets_Unpacker_100/250325_213853/0000/log/cmsRun_11.log.tar.gz', 'tmpsite': 'T2_IT_Pisa', 'directstageout': 'F', 'size': 7151, 'checksum': {'cksum': 3701783610, 'md5': '6d1096fe', 'adler32': '6d1096fe'}, 'pfn': 'root://cms-xrd-global.cern.ch//store/user/amalhotr/DYto2Mu-4Jets_Bin-MLL-50_TuneCP5_13p6TeV_madgraphMLM-pythia8/DYto2Mu4Jets_Unpacker_100/250325_213853/0000/log/cmsRun_11.log.tar.gz'}, {'jobid': '2', 'lfn': '/store/user/amalhotr/DYto2Mu-4Jets_Bin-MLL-50_TuneCP5_13p6TeV_madgraphMLM-pythia8/DYto2Mu4Jets_Unpacker_100/250325_213853/0000/log/cmsRun_2.log.tar.gz', 'site': 'T2_BR_SPRACE', 'tmplfn': '/store/user/amalhotr/DYto2Mu-4Jets_Bin-MLL-50_TuneCP5_13p6TeV_madgraphMLM-pythia8/DYto2Mu4Jets_Unpacker_100/250325_213853/0000/log/cmsRun_2.log.tar.gz', 'tmpsite': 'T2_UK_London_IC', 'directstageout': 'F', 'size': 7011, 'checksum': {'cksum': 3701783610, 'md5': '6d1096fe', 'adler32': '6d1096fe'}, 'pfn': 'root://cms-xrd-global.cern.ch//store/user/amalhotr/DYto2Mu-4Jets_Bin-MLL-50_TuneCP5_13p6TeV_madgraphMLM-pythia8/DYto2Mu4Jets_Unpacker_100/250325_213853/0000/log/cmsRun_2.log.tar.gz'}, {'jobid': '28', 'lfn': '/store/user/amalhotr/DYto2Mu-4Jets_Bin-MLL-50_TuneCP5_13p6TeV_madgraphMLM-pythia8/DYto2Mu4Jets_Unpacker_100/250325_213853/0000/log/cmsRun_28.log.tar.gz', 'site': 'T2_BR_SPRACE', 'tmplfn': '/store/user/amalhotr/DYto2Mu-4Jets_Bin-MLL-50_TuneCP5_13p6TeV_madgraphMLM-pythia8/DYto2Mu4Jets_Unpacker_100/250325_213853/0000/log/cmsRun_28.log.tar.gz', 'tmpsite': 'T2_US_Vanderbilt', 'directstageout': 'F', 'size': 6623, 'checksum': {'cksum': 3701783610, 'md5': '6d1096fe', 'adler32': '6d1096fe'}, 'pfn': 'root://cms-xrd-global.cern.ch//store/user/amalhotr/DYto2Mu-4Jets_Bin-MLL-50_TuneCP5_13p6TeV_madgraphMLM-pythia8/DYto2Mu4Jets_Unpacker_100/250325_213853/0000/log/cmsRun_28.log.tar.gz'}, {'jobid': '29', 'lfn': '/store/user/amalhotr/DYto2Mu-4Jets_Bin-MLL-50_TuneCP5_13p6TeV_madgraphMLM-pythia8/DYto2Mu4Jets_Unpacker_100/250325_213853/0000/log/cmsRun_29.log.tar.gz', 'site': 'T2_BR_SPRACE', 'tmplfn': '/store/user/amalhotr/DYto2Mu-4Jets_Bin-MLL-50_TuneCP5_13p6TeV_madgraphMLM-pythia8/DYto2Mu4Jets_Unpacker_100/250325_213853/0000/log/cmsRun_29.log.tar.gz', 'tmpsite': 'T1_UK_RAL_Disk', 'directstageout': 'F', 'size': 8114, 'checksum': {'cksum': 3701783610, 'md5': '6d1096fe', 'adler32': '6d1096fe'}, 'pfn': 'root://cms-xrd-global.cern.ch//store/user/amalhotr/DYto2Mu-4Jets_Bin-MLL-50_TuneCP5_13p6TeV_madgraphMLM-pythia8/DYto2Mu4Jets_Unpacker_100/250325_213853/0000/log/cmsRun_29.log.tar.gz'}, {'jobid': '4', 'lfn': '/store/user/amalhotr/DYto2Mu-4Jets_Bin-MLL-50_TuneCP5_13p6TeV_madgraphMLM-pythia8/DYto2Mu4Jets_Unpacker_100/250325_213853/0000/log/cmsRun_4.log.tar.gz', 'site': 'T2_BR_SPRACE', 'tmplfn': '/store/user/amalhotr/DYto2Mu-4Jets_Bin-MLL-50_TuneCP5_13p6TeV_madgraphMLM-pythia8/DYto2Mu4Jets_Unpacker_100/250325_213853/0000/log/cmsRun_4.log.tar.gz', 'tmpsite': 'T2_UK_London_IC', 'directstageout': 'F', 'size': 6734, 'checksum': {'cksum': 3701783610, 'md5': '6d1096fe', 'adler32': '6d1096fe'}, 'pfn': 'root://cms-xrd-global.cern.ch//store/user/amalhotr/DYto2Mu-4Jets_Bin-MLL-50_TuneCP5_13p6TeV_madgraphMLM-pythia8/DYto2Mu4Jets_Unpacker_100/250325_213853/0000/log/cmsRun_4.log.tar.gz'}, {'jobid': '12', 'lfn': '/store/user/amalhotr/DYto2Mu-4Jets_Bin-MLL-50_TuneCP5_13p6TeV_madgraphMLM-pythia8/DYto2Mu4Jets_Unpacker_100/250325_213853/0000/log/cmsRun_12.log.tar.gz', 'site': 'T2_BR_SPRACE', 'tmplfn': '/store/user/amalhotr/DYto2Mu-4Jets_Bin-MLL-50_TuneCP5_13p6TeV_madgraphMLM-pythia8/DYto2Mu4Jets_Unpacker_100/250325_213853/0000/log/cmsRun_12.log.tar.gz', 'tmpsite': 'T2_US_Vanderbilt', 'directstageout': 'F', 'size': 6412, 'checksum': {'cksum': 3701783610, 'md5': '6d1096fe', 'adler32': '6d1096fe'}, 'pfn': 'root://cms-xrd-global.cern.ch//store/user/amalhotr/DYto2Mu-4Jets_Bin-MLL-50_TuneCP5_13p6TeV_madgraphMLM-pythia8/DYto2Mu4Jets_Unpacker_100/250325_213853/0000/log/cmsRun_12.log.tar.gz'}, {'jobid': '9', 'lfn': '/store/user/amalhotr/DYto2Mu-4Jets_Bin-MLL-50_TuneCP5_13p6TeV_madgraphMLM-pythia8/DYto2Mu4Jets_Unpacker_100/250325_213853/0000/log/cmsRun_9.log.tar.gz', 'site': 'T2_BR_SPRACE', 'tmplfn': '/store/user/amalhotr/DYto2Mu-4Jets_Bin-MLL-50_TuneCP5_13p6TeV_madgraphMLM-pythia8/DYto2Mu4Jets_Unpacker_100/250325_213853/0000/log/cmsRun_9.log.tar.gz', 'tmpsite': 'T2_DE_RWTH', 'directstageout': 'F', 'size': 6498, 'checksum': {'cksum': 3701783610, 'md5': '6d1096fe', 'adler32': '6d1096fe'}, 'pfn': 'root://cms-xrd-global.cern.ch//store/user/amalhotr/DYto2Mu-4Jets_Bin-MLL-50_TuneCP5_13p6TeV_madgraphMLM-pythia8/DYto2Mu4Jets_Unpacker_100/250325_213853/0000/log/cmsRun_9.log.tar.gz'}, {'jobid': '10', 'lfn': '/store/user/amalhotr/DYto2Mu-4Jets_Bin-MLL-50_TuneCP5_13p6TeV_madgraphMLM-pythia8/DYto2Mu4Jets_Unpacker_100/250325_213853/0000/log/cmsRun_10.log.tar.gz', 'site': 'T2_BR_SPRACE', 'tmplfn': '/store/user/amalhotr/DYto2Mu-4Jets_Bin-MLL-50_TuneCP5_13p6TeV_madgraphMLM-pythia8/DYto2Mu4Jets_Unpacker_100/250325_213853/0000/log/cmsRun_10.log.tar.gz', 'tmpsite': 'T2_DE_DESY', 'directstageout': 'F', 'size': 7071, 'checksum': {'cksum': 3701783610, 'md5': '6d1096fe', 'adler32': '6d1096fe'}, 'pfn': 'root://cms-xrd-global.cern.ch//store/user/amalhotr/DYto2Mu-4Jets_Bin-MLL-50_TuneCP5_13p6TeV_madgraphMLM-pythia8/DYto2Mu4Jets_Unpacker_100/250325_213853/0000/log/cmsRun_10.log.tar.gz'}, {'jobid': '24', 'lfn': '/store/user/amalhotr/DYto2Mu-4Jets_Bin-MLL-50_TuneCP5_13p6TeV_madgraphMLM-pythia8/DYto2Mu4Jets_Unpacker_100/250325_213853/0000/log/cmsRun_24.log.tar.gz', 'site': 'T2_BR_SPRACE', 'tmplfn': '/store/user/amalhotr/DYto2Mu-4Jets_Bin-MLL-50_TuneCP5_13p6TeV_madgraphMLM-pythia8/DYto2Mu4Jets_Unpacker_100/250325_213853/0000/log/cmsRun_24.log.tar.gz', 'tmpsite': 'T1_FR_CCIN2P3_Disk', 'directstageout': 'F', 'size': 6649, 'checksum': {'cksum': 3701783610, 'md5': '6d1096fe', 'adler32': '6d1096fe'}, 'pfn': 'root://cms-xrd-global.cern.ch//store/user/amalhotr/DYto2Mu-4Jets_Bin-MLL-50_TuneCP5_13p6TeV_madgraphMLM-pythia8/DYto2Mu4Jets_Unpacker_100/250325_213853/0000/log/cmsRun_24.log.tar.gz'}, {'jobid': '8', 'lfn': '/store/user/amalhotr/DYto2Mu-4Jets_Bin-MLL-50_TuneCP5_13p6TeV_madgraphMLM-pythia8/DYto2Mu4Jets_Unpacker_100/250325_213853/0000/log/cmsRun_8.log.tar.gz', 'site': 'T2_BR_SPRACE', 'tmplfn': '/store/user/amalhotr/DYto2Mu-4Jets_Bin-MLL-50_TuneCP5_13p6TeV_madgraphMLM-pythia8/DYto2Mu4Jets_Unpacker_100/250325_213853/0000/log/cmsRun_8.log.tar.gz', 'tmpsite': 'T2_IT_Legnaro', 'directstageout': 'F', 'size': 6710, 'checksum': {'cksum': 3701783610, 'md5': '6d1096fe', 'adler32': '6d1096fe'}, 'pfn': 'root://cms-xrd-global.cern.ch//store/user/amalhotr/DYto2Mu-4Jets_Bin-MLL-50_TuneCP5_13p6TeV_madgraphMLM-pythia8/DYto2Mu4Jets_Unpacker_100/250325_213853/0000/log/cmsRun_8.log.tar.gz'}], '--dir', './crab_DYto2Mu4Jets_Unpacker_100', '--proxy', '/tmp/x509up_u180451', '--parallel', None, '--wait', None, '--checksum', 'ADLER32', '--command', None]
DEBUG 2025-03-26 02:02:56.562 UTC: 	 Encoded data for curl request: subresource=version
DEBUG 2025-03-26 02:02:56.599 UTC: 	 CRABClient version: v3.250318
DEBUG 2025-03-26 02:02:56.599 UTC: 	 Instance is prod
DEBUG 2025-03-26 02:02:56.599 UTC: 	 Server base url is cmsweb.cern.ch
DEBUG 2025-03-26 02:02:56.599 UTC: 	 Command api workflow
INFO 2025-03-26 02:02:56.605 UTC: 	 Will use `gfal-copy` command for file transfers
DEBUG 2025-03-26 02:02:56.633 UTC: 	 Starting ChildProcess with 10 ChildProcess
INFO 2025-03-26 02:02:56.645 UTC: 	 Skipping cmsRun_22.log.tar.gz as file already exists in /afs/cern.ch/user/a/amalhotr/CMSSW_14_0_18_patch1/src/Run3ScoutingAnalysisTools/crab_DYto2Mu4Jets_Unpacker_100/results/cmsRun_22.log.tar.gz
INFO 2025-03-26 02:02:56.646 UTC: 	 Skipping cmsRun_20.log.tar.gz as file already exists in /afs/cern.ch/user/a/amalhotr/CMSSW_14_0_18_patch1/src/Run3ScoutingAnalysisTools/crab_DYto2Mu4Jets_Unpacker_100/results/cmsRun_20.log.tar.gz
INFO 2025-03-26 02:02:56.646 UTC: 	 Skipping cmsRun_1.log.tar.gz as file already exists in /afs/cern.ch/user/a/amalhotr/CMSSW_14_0_18_patch1/src/Run3ScoutingAnalysisTools/crab_DYto2Mu4Jets_Unpacker_100/results/cmsRun_1.log.tar.gz
INFO 2025-03-26 02:02:56.646 UTC: 	 Skipping cmsRun_13.log.tar.gz as file already exists in /afs/cern.ch/user/a/amalhotr/CMSSW_14_0_18_patch1/src/Run3ScoutingAnalysisTools/crab_DYto2Mu4Jets_Unpacker_100/results/cmsRun_13.log.tar.gz
INFO 2025-03-26 02:02:56.646 UTC: 	 Skipping cmsRun_19.log.tar.gz as file already exists in /afs/cern.ch/user/a/amalhotr/CMSSW_14_0_18_patch1/src/Run3ScoutingAnalysisTools/crab_DYto2Mu4Jets_Unpacker_100/results/cmsRun_19.log.tar.gz
INFO 2025-03-26 02:02:56.646 UTC: 	 Skipping cmsRun_16.log.tar.gz as file already exists in /afs/cern.ch/user/a/amalhotr/CMSSW_14_0_18_patch1/src/Run3ScoutingAnalysisTools/crab_DYto2Mu4Jets_Unpacker_100/results/cmsRun_16.log.tar.gz
INFO 2025-03-26 02:02:56.646 UTC: 	 Skipping cmsRun_15.log.tar.gz as file already exists in /afs/cern.ch/user/a/amalhotr/CMSSW_14_0_18_patch1/src/Run3ScoutingAnalysisTools/crab_DYto2Mu4Jets_Unpacker_100/results/cmsRun_15.log.tar.gz
INFO 2025-03-26 02:02:56.646 UTC: 	 Skipping cmsRun_21.log.tar.gz as file already exists in /afs/cern.ch/user/a/amalhotr/CMSSW_14_0_18_patch1/src/Run3ScoutingAnalysisTools/crab_DYto2Mu4Jets_Unpacker_100/results/cmsRun_21.log.tar.gz
INFO 2025-03-26 02:02:56.647 UTC: 	 Skipping cmsRun_18.log.tar.gz as file already exists in /afs/cern.ch/user/a/amalhotr/CMSSW_14_0_18_patch1/src/Run3ScoutingAnalysisTools/crab_DYto2Mu4Jets_Unpacker_100/results/cmsRun_18.log.tar.gz
INFO 2025-03-26 02:02:56.647 UTC: 	 Skipping cmsRun_17.log.tar.gz as file already exists in /afs/cern.ch/user/a/amalhotr/CMSSW_14_0_18_patch1/src/Run3ScoutingAnalysisTools/crab_DYto2Mu4Jets_Unpacker_100/results/cmsRun_17.log.tar.gz
INFO 2025-03-26 02:02:56.647 UTC: 	 Skipping cmsRun_14.log.tar.gz as file already exists in /afs/cern.ch/user/a/amalhotr/CMSSW_14_0_18_patch1/src/Run3ScoutingAnalysisTools/crab_DYto2Mu4Jets_Unpacker_100/results/cmsRun_14.log.tar.gz
INFO 2025-03-26 02:02:56.647 UTC: 	 Skipping cmsRun_25.log.tar.gz as file already exists in /afs/cern.ch/user/a/amalhotr/CMSSW_14_0_18_patch1/src/Run3ScoutingAnalysisTools/crab_DYto2Mu4Jets_Unpacker_100/results/cmsRun_25.log.tar.gz
INFO 2025-03-26 02:02:56.647 UTC: 	 Skipping cmsRun_7.log.tar.gz as file already exists in /afs/cern.ch/user/a/amalhotr/CMSSW_14_0_18_patch1/src/Run3ScoutingAnalysisTools/crab_DYto2Mu4Jets_Unpacker_100/results/cmsRun_7.log.tar.gz
INFO 2025-03-26 02:02:56.647 UTC: 	 Skipping cmsRun_3.log.tar.gz as file already exists in /afs/cern.ch/user/a/amalhotr/CMSSW_14_0_18_patch1/src/Run3ScoutingAnalysisTools/crab_DYto2Mu4Jets_Unpacker_100/results/cmsRun_3.log.tar.gz
INFO 2025-03-26 02:02:56.648 UTC: 	 Skipping cmsRun_6.log.tar.gz as file already exists in /afs/cern.ch/user/a/amalhotr/CMSSW_14_0_18_patch1/src/Run3ScoutingAnalysisTools/crab_DYto2Mu4Jets_Unpacker_100/results/cmsRun_6.log.tar.gz
INFO 2025-03-26 02:02:56.648 UTC: 	 Skipping cmsRun_27.log.tar.gz as file already exists in /afs/cern.ch/user/a/amalhotr/CMSSW_14_0_18_patch1/src/Run3ScoutingAnalysisTools/crab_DYto2Mu4Jets_Unpacker_100/results/cmsRun_27.log.tar.gz
INFO 2025-03-26 02:02:56.648 UTC: 	 Skipping cmsRun_23.log.tar.gz as file already exists in /afs/cern.ch/user/a/amalhotr/CMSSW_14_0_18_patch1/src/Run3ScoutingAnalysisTools/crab_DYto2Mu4Jets_Unpacker_100/results/cmsRun_23.log.tar.gz
INFO 2025-03-26 02:02:56.648 UTC: 	 Skipping cmsRun_26.log.tar.gz as file already exists in /afs/cern.ch/user/a/amalhotr/CMSSW_14_0_18_patch1/src/Run3ScoutingAnalysisTools/crab_DYto2Mu4Jets_Unpacker_100/results/cmsRun_26.log.tar.gz
INFO 2025-03-26 02:02:56.648 UTC: 	 Skipping cmsRun_5.log.tar.gz as file already exists in /afs/cern.ch/user/a/amalhotr/CMSSW_14_0_18_patch1/src/Run3ScoutingAnalysisTools/crab_DYto2Mu4Jets_Unpacker_100/results/cmsRun_5.log.tar.gz
INFO 2025-03-26 02:02:56.648 UTC: 	 Skipping cmsRun_11.log.tar.gz as file already exists in /afs/cern.ch/user/a/amalhotr/CMSSW_14_0_18_patch1/src/Run3ScoutingAnalysisTools/crab_DYto2Mu4Jets_Unpacker_100/results/cmsRun_11.log.tar.gz
INFO 2025-03-26 02:02:56.649 UTC: 	 Skipping cmsRun_2.log.tar.gz as file already exists in /afs/cern.ch/user/a/amalhotr/CMSSW_14_0_18_patch1/src/Run3ScoutingAnalysisTools/crab_DYto2Mu4Jets_Unpacker_100/results/cmsRun_2.log.tar.gz
INFO 2025-03-26 02:02:56.649 UTC: 	 Skipping cmsRun_28.log.tar.gz as file already exists in /afs/cern.ch/user/a/amalhotr/CMSSW_14_0_18_patch1/src/Run3ScoutingAnalysisTools/crab_DYto2Mu4Jets_Unpacker_100/results/cmsRun_28.log.tar.gz
INFO 2025-03-26 02:02:56.649 UTC: 	 Skipping cmsRun_29.log.tar.gz as file already exists in /afs/cern.ch/user/a/amalhotr/CMSSW_14_0_18_patch1/src/Run3ScoutingAnalysisTools/crab_DYto2Mu4Jets_Unpacker_100/results/cmsRun_29.log.tar.gz
INFO 2025-03-26 02:02:56.649 UTC: 	 Skipping cmsRun_4.log.tar.gz as file already exists in /afs/cern.ch/user/a/amalhotr/CMSSW_14_0_18_patch1/src/Run3ScoutingAnalysisTools/crab_DYto2Mu4Jets_Unpacker_100/results/cmsRun_4.log.tar.gz
INFO 2025-03-26 02:02:56.649 UTC: 	 Skipping cmsRun_12.log.tar.gz as file already exists in /afs/cern.ch/user/a/amalhotr/CMSSW_14_0_18_patch1/src/Run3ScoutingAnalysisTools/crab_DYto2Mu4Jets_Unpacker_100/results/cmsRun_12.log.tar.gz
INFO 2025-03-26 02:02:56.649 UTC: 	 Skipping cmsRun_9.log.tar.gz as file already exists in /afs/cern.ch/user/a/amalhotr/CMSSW_14_0_18_patch1/src/Run3ScoutingAnalysisTools/crab_DYto2Mu4Jets_Unpacker_100/results/cmsRun_9.log.tar.gz
INFO 2025-03-26 02:02:56.650 UTC: 	 Skipping cmsRun_10.log.tar.gz as file already exists in /afs/cern.ch/user/a/amalhotr/CMSSW_14_0_18_patch1/src/Run3ScoutingAnalysisTools/crab_DYto2Mu4Jets_Unpacker_100/results/cmsRun_10.log.tar.gz
INFO 2025-03-26 02:02:56.650 UTC: 	 Skipping cmsRun_24.log.tar.gz as file already exists in /afs/cern.ch/user/a/amalhotr/CMSSW_14_0_18_patch1/src/Run3ScoutingAnalysisTools/crab_DYto2Mu4Jets_Unpacker_100/results/cmsRun_24.log.tar.gz
INFO 2025-03-26 02:02:56.650 UTC: 	 Skipping cmsRun_8.log.tar.gz as file already exists in /afs/cern.ch/user/a/amalhotr/CMSSW_14_0_18_patch1/src/Run3ScoutingAnalysisTools/crab_DYto2Mu4Jets_Unpacker_100/results/cmsRun_8.log.tar.gz
INFO 2025-03-26 02:02:56.650 UTC: 	 Please wait
DEBUG 2025-03-26 02:02:56.650 UTC: 	 stopchildproc() method has been called
DEBUG 2025-03-26 02:02:56.670 UTC: 	 The output of the transfer subprocesses follows:
INFO 2025-03-26 02:02:56.672 UTC: 	 No file retrieved
INFO 2025-03-26 02:02:56.677 UTC: 	 You can use the --short option to retrieve a short version of the log files from the Grid scheduler.
INFO 2025-03-26 02:02:56.681 UTC: 	 Log file is /afs/cern.ch/user/a/amalhotr/CMSSW_14_0_18_patch1/src/Run3ScoutingAnalysisTools/crab_DYto2Mu4Jets_Unpacker_100/crab.log
DEBUG 2025-03-26 02:03:12.878 UTC: 	 CRAB Client version: v3.250318
DEBUG 2025-03-26 02:03:12.878 UTC: 	 Running on: Linux lxplus940.cern.ch 5.14.0-503.22.1.el9_5.x86_64 #1 SMP PREEMPT_DYNAMIC Wed Jan 15 08:02:15 EST 2025 x86_64 x86_64 x86_64 GNU/Linux
DEBUG 2025-03-26 02:03:12.878 UTC: 	 Not using Singularity
DEBUG 2025-03-26 02:03:12.878 UTC: 	 Operating System: Red Hat Enterprise Linux 9.5 (Plow)
DEBUG 2025-03-26 02:03:12.878 UTC: 	 Executing command: 'getlog'
DEBUG 2025-03-26 02:03:12.879 UTC: 	 Found CRAB cache file /afs/cern.ch/user/a/amalhotr/.crab3
DEBUG 2025-03-26 02:03:12.879 UTC: 	 Using VO group '' and VO role 'NULL' as written in the request cache file for this task.
DEBUG 2025-03-26 02:03:12.882 UTC: 	 Checking credentials
DEBUG 2025-03-26 02:03:12.882 UTC: 	 Found proxy file /tmp/x509up_u180451
DEBUG 2025-03-26 02:03:12.882 UTC: 	 Making sure it has proper VOMS extension
DEBUG 2025-03-26 02:03:12.882 UTC: 	 Executing command :
 voms-proxy-info --vo --file /tmp/x509up_u180451
DEBUG 2025-03-26 02:03:13.219 UTC: 	 output : cms

 error: 
 retcode : 0
DEBUG 2025-03-26 02:03:13.219 UTC: 	 Getting proxy life time left
DEBUG 2025-03-26 02:03:13.219 UTC: 	 Executing command :
 voms-proxy-info --actimeleft --timeleft --file /tmp/x509up_u180451
DEBUG 2025-03-26 02:03:13.543 UTC: 	 output : 675275
675275

 error: 
 retcode : 0
DEBUG 2025-03-26 02:03:13.543 UTC: 	 Proxy valid for 187:34:35 hours
DEBUG 2025-03-26 02:03:13.543 UTC: 	 Encoded data for curl request: subresource=delegatedn
DEBUG 2025-03-26 02:03:13.584 UTC: 	 Registering user credentials on myproxy for /DC=ch/DC=cern/OU=computers/CN=crab-(preprod|prod)-tw(01|02).cern.ch|/DC=ch/DC=cern/OU=computers/CN=crab-dev-tw(01|02|03|04).cern.ch|/DC=ch/DC=cern/OU=Organic Units/OU=Users/CN=cmscrab/CN=(817881|373708)/CN=Robot: cms crab|/DC=ch/DC=cern/OU=Organic Units/OU=Users/CN=crabint1/CN=373708/CN=Robot: CMS CRAB Integration 1
DEBUG 2025-03-26 02:03:13.585 UTC: 	 Executing command :
 voms-proxy-info --identity --file /tmp/x509up_u180451
DEBUG 2025-03-26 02:03:13.935 UTC: 	 output : /DC=ch/DC=cern/OU=Organic Units/OU=Users/CN=amalhotr/CN=884837/CN=Aryan Malhotra

 error: 
 retcode : 0
DEBUG 2025-03-26 02:03:13.935 UTC: 	 Getting myproxy life time left for 2382a3cf28fdeacb1de9b039908761ea517a5ed6
DEBUG 2025-03-26 02:03:13.935 UTC: 	 Executing command :
 myproxy-info -s myproxy.cern.ch -l 2382a3cf28fdeacb1de9b039908761ea517a5ed6
DEBUG 2025-03-26 02:03:14.201 UTC: 	 output : username: 2382a3cf28fdeacb1de9b039908761ea517a5ed6
owner: /DC=ch/DC=cern/OU=Organic Units/OU=Users/CN=amalhotr/CN=884837/CN=Aryan Malhotra
  renewal policy: /DC=ch/DC=cern/OU=computers/CN=crab-(preprod|prod)-tw(01|02).cern.ch|/DC=ch/DC=cern/OU=computers/CN=crab-dev-tw(01|02|03|04).cern.ch|/DC=ch/DC=cern/OU=Organic Units/OU=Users/CN=cmscrab/CN=(817881|373708)/CN=Robot: cms crab|/DC=ch/DC=cern/OU=Organic Units/OU=Users/CN=crabint1/CN=373708/CN=Robot: CMS CRAB Integration 1
  trusted retrieval policy: /DC=ch/DC=cern/OU=computers/CN=crab-(preprod|prod)-tw(01|02).cern.ch|/DC=ch/DC=cern/OU=computers/CN=crab-dev-tw(01|02|03|04).cern.ch|/DC=ch/DC=cern/OU=Organic Units/OU=Users/CN=cmscrab/CN=(817881|373708)/CN=Robot: cms crab|/DC=ch/DC=cern/OU=Organic Units/OU=Users/CN=crabint1/CN=373708/CN=Robot: CMS CRAB Integration 1
  timeleft: 554:17:04  (23.1 days)

 error: 
 retcode : 0
DEBUG 2025-03-26 02:03:14.201 UTC: 	 Myproxy is valid: 1995420
DEBUG 2025-03-26 02:03:14.201 UTC: 	 Result of myproxy credential check:
  Credential exists on myproxy: username: 2382a3cf28fdeacb1de9b039908761ea517a5ed6  - validity: 23 days, 2:17:00
DEBUG 2025-03-26 02:03:14.202 UTC: 	 Command use: getlog
DEBUG 2025-03-26 02:03:14.202 UTC: 	 Options use: ['-d', './crab_DYto2Mu4Jets_Unpacker_100', '--jobids=2', '--short']
DEBUG 2025-03-26 02:03:14.202 UTC: 	 Encoded data for curl request: subresource=version
DEBUG 2025-03-26 02:03:14.236 UTC: 	 CRABClient version: v3.250318
DEBUG 2025-03-26 02:03:14.236 UTC: 	 Instance is prod
DEBUG 2025-03-26 02:03:14.236 UTC: 	 Server base url is cmsweb.cern.ch
DEBUG 2025-03-26 02:03:14.236 UTC: 	 Command api workflow
DEBUG 2025-03-26 02:03:14.236 UTC: 	 Encoded data for curl request: subresource=webdirprx&workflow=250325_213853%3Aamalhotr_crab_DYto2Mu4Jets_Unpacker_100
DEBUG 2025-03-26 02:03:14.274 UTC: 	 Encoded data for curl request: subresource=search&workflow=250325_213853%3Aamalhotr_crab_DYto2Mu4Jets_Unpacker_100
INFO 2025-03-26 02:03:14.317 UTC: 	 Setting the destination to /afs/cern.ch/user/a/amalhotr/CMSSW_14_0_18_patch1/src/Run3ScoutingAnalysisTools/crab_DYto2Mu4Jets_Unpacker_100/results 
INFO 2025-03-26 02:03:14.317 UTC: 	 Retrieving...
DEBUG 2025-03-26 02:03:14.317 UTC: 	 Will execute:
curl -sS --capath /etc/grid-security/certificates --cert /tmp/x509up_u180451 --key /tmp/x509up_u180451 -o /afs/cern.ch/user/a/amalhotr/CMSSW_14_0_18_patch1/src/Run3ScoutingAnalysisTools/crab_DYto2Mu4Jets_Unpacker_100/results/job_out.2.0.txt -w %"{http_code}" "https://cmsweb.cern.ch:8443/scheddmon/0122/amalhotr/250325_213853:amalhotr_crab_DYto2Mu4Jets_Unpacker_100/job_out.2.0.txt"
DEBUG 2025-03-26 02:03:14.317 UTC: 	 Executing command :
 curl -sS --capath /etc/grid-security/certificates --cert /tmp/x509up_u180451 --key /tmp/x509up_u180451 -o /afs/cern.ch/user/a/amalhotr/CMSSW_14_0_18_patch1/src/Run3ScoutingAnalysisTools/crab_DYto2Mu4Jets_Unpacker_100/results/job_out.2.0.txt -w %"{http_code}" "https://cmsweb.cern.ch:8443/scheddmon/0122/amalhotr/250325_213853:amalhotr_crab_DYto2Mu4Jets_Unpacker_100/job_out.2.0.txt"
DEBUG 2025-03-26 02:03:14.372 UTC: 	 output : 200
 error: 
 retcode : 0
DEBUG 2025-03-26 02:03:14.372 UTC: 	 exitcode: 0
stdout: 200
stderr: 
error details: 
INFO 2025-03-26 02:03:14.372 UTC: 	 Retrieved job_out.2.0.txt
DEBUG 2025-03-26 02:03:14.373 UTC: 	 Will execute:
curl -sS --capath /etc/grid-security/certificates --cert /tmp/x509up_u180451 --key /tmp/x509up_u180451 -o /afs/cern.ch/user/a/amalhotr/CMSSW_14_0_18_patch1/src/Run3ScoutingAnalysisTools/crab_DYto2Mu4Jets_Unpacker_100/results/job_out.2.1.txt -w %"{http_code}" "https://cmsweb.cern.ch:8443/scheddmon/0122/amalhotr/250325_213853:amalhotr_crab_DYto2Mu4Jets_Unpacker_100/job_out.2.1.txt"
DEBUG 2025-03-26 02:03:14.373 UTC: 	 Executing command :
 curl -sS --capath /etc/grid-security/certificates --cert /tmp/x509up_u180451 --key /tmp/x509up_u180451 -o /afs/cern.ch/user/a/amalhotr/CMSSW_14_0_18_patch1/src/Run3ScoutingAnalysisTools/crab_DYto2Mu4Jets_Unpacker_100/results/job_out.2.1.txt -w %"{http_code}" "https://cmsweb.cern.ch:8443/scheddmon/0122/amalhotr/250325_213853:amalhotr_crab_DYto2Mu4Jets_Unpacker_100/job_out.2.1.txt"
DEBUG 2025-03-26 02:03:14.409 UTC: 	 output : 404
 error: 
 retcode : 0
DEBUG 2025-03-26 02:03:14.445 UTC: 	 exitcode: 0
stdout: 404
stderr: 
error details: <!DOCTYPE HTML PUBLIC "-//IETF//DTD HTML 2.0//EN">
<html><head>
<title>404 Not Found</title>
</head><body>
<h1>Not Found</h1>
<p>The requested URL was not found on this server.</p>
<hr>
<address>Apache/2.4.62 (AlmaLinux) Server at vocms0122.cern.ch Port 80</address>
</body></html>

INFO 2025-03-26 02:03:14.445 UTC: 	 Success: All files successfully retrieved.
INFO 2025-03-26 02:03:14.446 UTC: 	 Log file is /afs/cern.ch/user/a/amalhotr/CMSSW_14_0_18_patch1/src/Run3ScoutingAnalysisTools/crab_DYto2Mu4Jets_Unpacker_100/crab.log
DEBUG 2025-03-26 02:07:45.546 UTC: 	 CRAB Client version: v3.250318
DEBUG 2025-03-26 02:07:45.546 UTC: 	 Running on: Linux lxplus940.cern.ch 5.14.0-503.22.1.el9_5.x86_64 #1 SMP PREEMPT_DYNAMIC Wed Jan 15 08:02:15 EST 2025 x86_64 x86_64 x86_64 GNU/Linux
DEBUG 2025-03-26 02:07:45.546 UTC: 	 Not using Singularity
DEBUG 2025-03-26 02:07:45.546 UTC: 	 Operating System: Red Hat Enterprise Linux 9.5 (Plow)
DEBUG 2025-03-26 02:07:45.546 UTC: 	 Executing command: 'status'
DEBUG 2025-03-26 02:07:45.547 UTC: 	 Found CRAB cache file /afs/cern.ch/user/a/amalhotr/.crab3
DEBUG 2025-03-26 02:07:45.551 UTC: 	 Checking credentials
DEBUG 2025-03-26 02:07:45.551 UTC: 	 Found proxy file /tmp/x509up_u180451
DEBUG 2025-03-26 02:07:45.551 UTC: 	 Making sure it has proper VOMS extension
DEBUG 2025-03-26 02:07:45.551 UTC: 	 Executing command :
 voms-proxy-info --vo --file /tmp/x509up_u180451
DEBUG 2025-03-26 02:07:45.892 UTC: 	 output : cms

 error: 
 retcode : 0
DEBUG 2025-03-26 02:07:45.892 UTC: 	 Getting proxy life time left
DEBUG 2025-03-26 02:07:45.892 UTC: 	 Executing command :
 voms-proxy-info --actimeleft --timeleft --file /tmp/x509up_u180451
DEBUG 2025-03-26 02:07:46.214 UTC: 	 output : 675002
675002

 error: 
 retcode : 0
DEBUG 2025-03-26 02:07:46.214 UTC: 	 Proxy valid for 187:30:02 hours
DEBUG 2025-03-26 02:07:46.214 UTC: 	 Encoded data for curl request: subresource=delegatedn
DEBUG 2025-03-26 02:07:46.269 UTC: 	 Registering user credentials on myproxy for /DC=ch/DC=cern/OU=computers/CN=crab-(preprod|prod)-tw(01|02).cern.ch|/DC=ch/DC=cern/OU=computers/CN=crab-dev-tw(01|02|03|04).cern.ch|/DC=ch/DC=cern/OU=Organic Units/OU=Users/CN=cmscrab/CN=(817881|373708)/CN=Robot: cms crab|/DC=ch/DC=cern/OU=Organic Units/OU=Users/CN=crabint1/CN=373708/CN=Robot: CMS CRAB Integration 1
DEBUG 2025-03-26 02:07:46.269 UTC: 	 Executing command :
 voms-proxy-info --identity --file /tmp/x509up_u180451
DEBUG 2025-03-26 02:07:46.595 UTC: 	 output : /DC=ch/DC=cern/OU=Organic Units/OU=Users/CN=amalhotr/CN=884837/CN=Aryan Malhotra

 error: 
 retcode : 0
DEBUG 2025-03-26 02:07:46.596 UTC: 	 Getting myproxy life time left for 2382a3cf28fdeacb1de9b039908761ea517a5ed6
DEBUG 2025-03-26 02:07:46.596 UTC: 	 Executing command :
 myproxy-info -s myproxy.cern.ch -l 2382a3cf28fdeacb1de9b039908761ea517a5ed6
DEBUG 2025-03-26 02:07:46.886 UTC: 	 output : username: 2382a3cf28fdeacb1de9b039908761ea517a5ed6
owner: /DC=ch/DC=cern/OU=Organic Units/OU=Users/CN=amalhotr/CN=884837/CN=Aryan Malhotra
  renewal policy: /DC=ch/DC=cern/OU=computers/CN=crab-(preprod|prod)-tw(01|02).cern.ch|/DC=ch/DC=cern/OU=computers/CN=crab-dev-tw(01|02|03|04).cern.ch|/DC=ch/DC=cern/OU=Organic Units/OU=Users/CN=cmscrab/CN=(817881|373708)/CN=Robot: cms crab|/DC=ch/DC=cern/OU=Organic Units/OU=Users/CN=crabint1/CN=373708/CN=Robot: CMS CRAB Integration 1
  trusted retrieval policy: /DC=ch/DC=cern/OU=computers/CN=crab-(preprod|prod)-tw(01|02).cern.ch|/DC=ch/DC=cern/OU=computers/CN=crab-dev-tw(01|02|03|04).cern.ch|/DC=ch/DC=cern/OU=Organic Units/OU=Users/CN=cmscrab/CN=(817881|373708)/CN=Robot: cms crab|/DC=ch/DC=cern/OU=Organic Units/OU=Users/CN=crabint1/CN=373708/CN=Robot: CMS CRAB Integration 1
  timeleft: 554:12:32  (23.1 days)

 error: 
 retcode : 0
DEBUG 2025-03-26 02:07:46.887 UTC: 	 Myproxy is valid: 1995120
DEBUG 2025-03-26 02:07:46.887 UTC: 	 Result of myproxy credential check:
  Credential exists on myproxy: username: 2382a3cf28fdeacb1de9b039908761ea517a5ed6  - validity: 23 days, 2:12:00
DEBUG 2025-03-26 02:07:46.887 UTC: 	 Retrieving username ...
DEBUG 2025-03-26 02:07:46.887 UTC: 	 Retrieving username from CRIC...
DEBUG 2025-03-26 02:07:47.572 UTC: 	 username is amalhotr
INFO 2025-03-26 02:07:47.995 UTC: 	 Rucio client intialized for account amalhotr
DEBUG 2025-03-26 02:07:47.995 UTC: 	 Command use: status
DEBUG 2025-03-26 02:07:47.995 UTC: 	 Options use: ['-d', '/afs/cern.ch/user/a/amalhotr/CMSSW_14_0_18_patch1/src/Run3ScoutingAnalysisTools/crab_DYto2Mu4Jets_Unpacker_100']
DEBUG 2025-03-26 02:07:47.995 UTC: 	 Encoded data for curl request: subresource=version
DEBUG 2025-03-26 02:07:48.033 UTC: 	 CRABClient version: v3.250318
DEBUG 2025-03-26 02:07:48.034 UTC: 	 Instance is prod
DEBUG 2025-03-26 02:07:48.034 UTC: 	 Server base url is cmsweb.cern.ch
DEBUG 2025-03-26 02:07:48.034 UTC: 	 Command api workflow
DEBUG 2025-03-26 02:07:48.034 UTC: 	 Encoded data for curl request: subresource=search&workflow=250325_213853%3Aamalhotr_crab_DYto2Mu4Jets_Unpacker_100
DEBUG 2025-03-26 02:07:48.075 UTC: 	 Got information from server oracle database: {'desc': {'columns': ['tm_taskname', 'tm_activity', 'tm_task_status', 'tm_task_command', 'tm_start_time', 'tm_start_injection', 'tm_end_injection', 'tm_task_failure', 'tm_job_sw', 'tm_job_arch', 'tm_input_dataset', 'tm_nonvalid_input_dataset', 'tm_use_parent', 'tm_site_whitelist', 'tm_site_blacklist', 'tm_split_algo', 'tm_split_args', 'tm_user_sandbox', 'tm_cache_url', 'tm_username', 'tm_user_dn', 'tm_user_vo', 'tm_user_role', 'tm_user_group', 'tm_publish_name', 'tm_publish_groupname', 'tm_asyncdest', 'tm_dbs_url', 'tm_publish_dbs_url', 'tm_publication', 'tm_outfiles', 'tm_tfile_outfiles', 'tm_edm_outfiles', 'tm_job_type', 'tm_generator', 'tm_events_per_lumi', 'tm_arguments', 'tm_save_logs', 'tw_name', 'tm_user_infiles', 'tm_maxjobruntime', 'tm_numcores', 'tm_maxmemory', 'tm_priority', 'tm_output_dataset', 'tm_task_warnings', 'tm_user_webdir', 'tm_scriptexe', 'tm_scriptargs', 'tm_extrajdl', 'tm_collector', 'tm_schedd', 'tm_dry_run', 'tm_user_files', 'tm_transfer_outputs', 'tm_output_lfn', 'tm_ignore_locality', 'tm_fail_limit', 'tm_one_event_mode', 'tm_secondary_input_dataset', 'tm_primary_dataset', 'tm_last_publication', 'tm_debug_files', 'clusterid', 'tm_ignore_global_blacklist', 'tm_submitter_ip_addr', 'tm_totalunits', 'tm_ddm_reqid', 'tm_user_config', 'tm_transfer_container', 'tm_transfer_rule', 'tm_publish_rule', 'tm_multipub_rule', 'tm_job_min_microarch', 'tm_dagman_status', 'tm_num_jobs', 'tm_uploaded']}, 'result': ['250325_213853:amalhotr_crab_DYto2Mu4Jets_Unpacker_100', 'None', 'SUBMITTED', 'SUBMIT', '2025-03-25 21:38:53.687169', 'None', '2025-03-25 21:41:08.064743', 'None', 'CMSSW_14_0_18_patch1', 'el9_amd64_gcc12', '/DYto2Mu-4Jets_Bin-MLL-50_TuneCP5_13p6TeV_madgraphMLM-pythia8/RunIII2024Summer24MiniAOD-140X_mcRun3_2024_realistic_v26-v2/MINIAODSIM', 'F', '0', '[]', '[]', 'FileBased', "{'halt_job_on_file_boundaries': False, 'splitOnRun': False, 'files_per_job': 5, 'runs': [], 'lumis': []}", '3347ab5ebddcbcf20e5a549cff91c4ac4d53283ca301d10bc07120adeaa8b0f2.tar.gz', 'https://cmsweb.cern.ch/S3/crabcache_prod', 'amalhotr', '/DC=ch/DC=cern/OU=Organic Units/OU=Users/CN=amalhotr/CN=884837/CN=Aryan Malhotra', 'cms', 'None', 'None', 'DYto2Mu4Jets_Unpacker_100-00000000000000000000000000000000', 'F', 'T2_BR_SPRACE', 'https://cmsweb.cern.ch/dbs/prod/global/DBSReader', 'https://cmsweb.cern.ch/dbs/prod/phys03/DBSWriter', 'T', '[]', '[]', "['HLTUnpackerOutputLarge.root']", 'Analysis', 'pythia', 'None', '{}', 'T', 'crab-prod-tw01', '[]', '1250', '1', '2000', '10', "['/DYto2Mu-4Jets_Bin-MLL-50_TuneCP5_13p6TeV_madgraphMLM-pythia8/amalhotr-DYto2Mu4Jets_Unpacker_100-49feb6938084587a06052f9676570a55/USER']", '[]', 'http://vocms0122.cern.ch/mon/amalhotr/250325_213853:amalhotr_crab_DYto2Mu4Jets_Unpacker_100', 'None', '[]', '[]', 'cmsgwms-collector-global.cern.ch:9620,cmsgwms-collector-global.fnal.gov:9620', 'crab3@vocms0122.cern.ch', 'F', '[]', 'T', '/store/user/amalhotr/', 'F', 'None', 'F', 'None', 'DYto2Mu-4Jets_Bin-MLL-50_TuneCP5_13p6TeV_madgraphMLM-pythia8', 'None', '46abd81798f8172cc8a3a999c59ea9104a03ce5642e15b1dd94ed402b62ca33b.tar.gz', '124350952', 'F', '188.184.75.82', '100.0', 'None', '{"partialdataset": false, "requireaccelerator": false, "acceleratorparams": null, "inputblocks": null}', 'None', 'None', 'None', 'None', 'any', 'NOT_READY', '0', 'F']}
INFO 2025-03-26 02:07:48.076 UTC: 	 CRAB project directory:		/afs/cern.ch/user/a/amalhotr/CMSSW_14_0_18_patch1/src/Run3ScoutingAnalysisTools/crab_DYto2Mu4Jets_Unpacker_100
INFO 2025-03-26 02:07:48.076 UTC: 	 Task name:			250325_213853:amalhotr_crab_DYto2Mu4Jets_Unpacker_100
INFO 2025-03-26 02:07:48.076 UTC: 	 Grid scheduler - Task Worker:	crab3@vocms0122.cern.ch - crab-prod-tw01
INFO 2025-03-26 02:07:48.076 UTC: 	 Status on the CRAB server:	SUBMITTED
INFO 2025-03-26 02:07:48.076 UTC: 	 Task URL to use for HELP:	https://cmsweb.cern.ch/crabserver/ui/task/250325_213853%3Aamalhotr_crab_DYto2Mu4Jets_Unpacker_100
INFO 2025-03-26 02:07:48.081 UTC: 	 Dashboard monitoring URL:	https://monit-grafana.cern.ch/d/cmsTMDetail/cms-task-monitoring-task-view?orgId=11&var-user=amalhotr&var-task=250325_213853%3Aamalhotr_crab_DYto2Mu4Jets_Unpacker_100&from=1742935133000&to=now
DEBUG 2025-03-26 02:07:48.082 UTC: 	 The CRAB server submitted your task to the Grid scheduler (cluster ID: 124350952)
DEBUG 2025-03-26 02:07:48.082 UTC: 	 Webdir is located at http://vocms0122.cern.ch/mon/amalhotr/250325_213853:amalhotr_crab_DYto2Mu4Jets_Unpacker_100
DEBUG 2025-03-26 02:07:48.082 UTC: 	 Encoded data for curl request: subresource=webdirprx&workflow=250325_213853%3Aamalhotr_crab_DYto2Mu4Jets_Unpacker_100
DEBUG 2025-03-26 02:07:48.123 UTC: 	 Proxied webdir is located at https://cmsweb.cern.ch:8443/scheddmon/0122/amalhotr/250325_213853:amalhotr_crab_DYto2Mu4Jets_Unpacker_100
DEBUG 2025-03-26 02:07:48.123 UTC: 	 Retrieving 'status_cache' file from https://cmsweb.cern.ch:8443/scheddmon/0122/amalhotr/250325_213853:amalhotr_crab_DYto2Mu4Jets_Unpacker_100/status_cache.pkl
DEBUG 2025-03-26 02:07:48.123 UTC: 	 Will execute:
curl -sS --capath /etc/grid-security/certificates --cert /tmp/x509up_u180451 --key /tmp/x509up_u180451 -o /tmp/crab_status-cache-nz6vvht1.pkl -w %"{http_code}" "https://cmsweb.cern.ch:8443/scheddmon/0122/amalhotr/250325_213853:amalhotr_crab_DYto2Mu4Jets_Unpacker_100/status_cache.pkl"
DEBUG 2025-03-26 02:07:48.123 UTC: 	 Executing command :
 curl -sS --capath /etc/grid-security/certificates --cert /tmp/x509up_u180451 --key /tmp/x509up_u180451 -o /tmp/crab_status-cache-nz6vvht1.pkl -w %"{http_code}" "https://cmsweb.cern.ch:8443/scheddmon/0122/amalhotr/250325_213853:amalhotr_crab_DYto2Mu4Jets_Unpacker_100/status_cache.pkl"
DEBUG 2025-03-26 02:07:48.154 UTC: 	 output : 200
 error: 
 retcode : 0
DEBUG 2025-03-26 02:07:48.154 UTC: 	 exitcode: 0
stdout: 200
stderr: 
error details: 
DEBUG 2025-03-26 02:07:48.155 UTC: 	 Got information from status cache file: {'7': {'Retries': 0, 'Restarts': 0, 'SiteHistory': ['Unknown', 'T2_IT_Legnaro', 'T2_IT_Legnaro'], 'ResidentSetSize': [1327032], 'SubmitTimes': [1742938941.0], 'StartTimes': [1742939160.0], 'EndTimes': [1742941680.0], 'TotalUserCpuTimeHistory': [1728], 'TotalSysCpuTimeHistory': [121], 'WallDurations': [9.0, 138.507226228714, 2520.0], 'JobIds': ['124350955.0'], 'State': 'finished', 'RecordedSite': True}, '14': {'Retries': 0, 'Restarts': 0, 'SiteHistory': ['Unknown', 'T1_UK_RAL', 'T1_UK_RAL'], 'ResidentSetSize': [1265248], 'SubmitTimes': [1742938941.0], 'StartTimes': [1742939021.0], 'EndTimes': [1742942752.0], 'TotalUserCpuTimeHistory': [1608], 'TotalSysCpuTimeHistory': [425], 'WallDurations': [8.0, 277.507226228714, 3731.0], 'JobIds': ['124350956.0'], 'State': 'finished', 'RecordedSite': True}, '13': {'Retries': 0, 'Restarts': 0, 'SiteHistory': ['Unknown', 'T1_UK_RAL', 'T1_UK_RAL'], 'ResidentSetSize': [1340176], 'SubmitTimes': [1742938941.0], 'StartTimes': [1742939022.0], 'EndTimes': [1742943121.0], 'TotalUserCpuTimeHistory': [1838], 'TotalSysCpuTimeHistory': [525], 'WallDurations': [8.0, 276.507226228714, 4099.0], 'JobIds': ['124350957.0'], 'State': 'finished', 'RecordedSite': True}, '18': {'Retries': 0, 'Restarts': 0, 'SiteHistory': ['Unknown', 'T1_UK_RAL', 'T1_UK_RAL'], 'ResidentSetSize': [1303732], 'SubmitTimes': [1742938942.0], 'StartTimes': [1742939023.0], 'EndTimes': [1742942865.0], 'TotalUserCpuTimeHistory': [1740], 'TotalSysCpuTimeHistory': [513], 'WallDurations': [8.0, 275.507226228714, 3842.0], 'JobIds': ['124350958.0'], 'State': 'finished', 'RecordedSite': True}, '15': {'Retries': 0, 'Restarts': 0, 'SiteHistory': ['Unknown', 'T1_UK_RAL', 'T1_UK_RAL'], 'ResidentSetSize': [1393036], 'SubmitTimes': [1742938942.0], 'StartTimes': [1742939022.0], 'EndTimes': [1742942970.0], 'TotalUserCpuTimeHistory': [1676], 'TotalSysCpuTimeHistory': [527], 'WallDurations': [8.0, 276.507226228714, 3948.0], 'JobIds': ['124350959.0'], 'State': 'finished', 'RecordedSite': True}, '1': {'Retries': 0, 'Restarts': 0, 'SiteHistory': ['Unknown', 'T2_UK_London_IC', 'T2_UK_London_IC'], 'ResidentSetSize': [1275176], 'SubmitTimes': [1742938942.0], 'StartTimes': [1742939160.0], 'EndTimes': [1742943179.0], 'TotalUserCpuTimeHistory': [1717], 'TotalSysCpuTimeHistory': [620], 'WallDurations': [9.0, 138.507226228714, 4019.0], 'JobIds': ['124350960.0'], 'State': 'finished', 'RecordedSite': True}, '2': {'Retries': 0, 'Restarts': 0, 'SiteHistory': ['Unknown', 'T2_UK_London_IC', 'T2_UK_London_IC'], 'ResidentSetSize': [689780], 'SubmitTimes': [1742938942.0], 'StartTimes': [1742939160.0], 'EndTimes': [1742940103.0], 'TotalUserCpuTimeHistory': [490], 'TotalSysCpuTimeHistory': [79], 'WallDurations': [9.0, 138.507226228714, 943.0], 'JobIds': ['124350961.0'], 'State': 'finished', 'RecordedSite': True}, '8': {'Retries': 0, 'Restarts': 0, 'SiteHistory': ['Unknown', 'T2_IT_Legnaro', 'T2_IT_Legnaro'], 'ResidentSetSize': [92916], 'SubmitTimes': [1742938942.0], 'StartTimes': [1742939160.0], 'EndTimes': [1742939417.0], 'TotalUserCpuTimeHistory': [150], 'TotalSysCpuTimeHistory': [13], 'WallDurations': [8.0, 138.507226228714, 257.0], 'JobIds': ['124350962.0'], 'State': 'finished', 'RecordedSite': True}, '9': {'Retries': 0, 'Restarts': 0, 'SiteHistory': ['Unknown', 'T2_DE_RWTH', 'T2_DE_RWTH'], 'ResidentSetSize': [638632], 'SubmitTimes': [1742938942.0], 'StartTimes': [1742939160.0], 'EndTimes': [1742939729.0], 'TotalUserCpuTimeHistory': [207], 'TotalSysCpuTimeHistory': [27], 'WallDurations': [9.0, 138.507226228714, 569.0], 'JobIds': ['124350963.0'], 'State': 'finished', 'RecordedSite': True}, '12': {'Retries': 0, 'Restarts': 0, 'SiteHistory': ['Unknown', 'T2_US_Vanderbilt', 'T2_US_Vanderbilt'], 'ResidentSetSize': [1162692], 'SubmitTimes': [1742938942.0], 'StartTimes': [1742939237.0], 'EndTimes': [1742939947.0], 'TotalUserCpuTimeHistory': [381], 'TotalSysCpuTimeHistory': [15], 'WallDurations': [8.0, 61.50722622871399, 710.0], 'JobIds': ['124350964.0'], 'State': 'finished', 'RecordedSite': True}, '6': {'Retries': 0, 'Restarts': 0, 'SiteHistory': ['Unknown', 'T2_IT_Legnaro', 'T2_IT_Legnaro'], 'ResidentSetSize': [1267868], 'SubmitTimes': [1742938942.0], 'StartTimes': [1742939160.0], 'EndTimes': [1742940886.0], 'TotalUserCpuTimeHistory': [1281], 'TotalSysCpuTimeHistory': [118], 'WallDurations': [9.0, 138.507226228714, 1726.0], 'JobIds': ['124350965.0'], 'State': 'finished', 'RecordedSite': True}, '10': {'Retries': 0, 'Restarts': 0, 'SiteHistory': ['Unknown', 'T2_DE_DESY', 'T2_DE_DESY'], 'ResidentSetSize': [512544], 'SubmitTimes': [1742938942.0], 'StartTimes': [1742939160.0], 'EndTimes': [1742939579.0], 'TotalUserCpuTimeHistory': [217], 'TotalSysCpuTimeHistory': [39], 'WallDurations': [9.0, 138.507226228714, 419.0], 'JobIds': ['124350966.0'], 'State': 'finished', 'RecordedSite': True}, '5': {'Retries': 0, 'Restarts': 0, 'SiteHistory': ['Unknown', 'T2_IT_Legnaro', 'T2_IT_Legnaro'], 'ResidentSetSize': [766480], 'SubmitTimes': [1742938942.0], 'StartTimes': [1742939160.0], 'EndTimes': [1742940338.0], 'TotalUserCpuTimeHistory': [911], 'TotalSysCpuTimeHistory': [86], 'WallDurations': [9.0, 138.507226228714, 1178.0], 'JobIds': ['124350967.0'], 'State': 'finished', 'RecordedSite': True}, '17': {'Retries': 0, 'Restarts': 0, 'SiteHistory': ['Unknown', 'T1_UK_RAL', 'T1_UK_RAL'], 'ResidentSetSize': [1333396], 'SubmitTimes': [1742938942.0], 'StartTimes': [1742939021.0], 'EndTimes': [1742942769.0], 'TotalUserCpuTimeHistory': [1593], 'TotalSysCpuTimeHistory': [486], 'WallDurations': [8.0, 277.507226228714, 3748.0], 'JobIds': ['124350968.0'], 'State': 'finished', 'RecordedSite': True}, '3': {'Retries': 0, 'Restarts': 0, 'SiteHistory': ['Unknown', 'T1_ES_PIC', 'T1_ES_PIC'], 'ResidentSetSize': [805408], 'SubmitTimes': [1742938942.0], 'StartTimes': [1742939023.0], 'EndTimes': [1742941610.0], 'TotalUserCpuTimeHistory': [1326], 'TotalSysCpuTimeHistory': [234], 'WallDurations': [9.0, 275.507226228714, 2587.0], 'JobIds': ['124350969.0'], 'State': 'finished', 'RecordedSite': True}, '11': {'Retries': 0, 'Restarts': 0, 'SiteHistory': ['Unknown', 'T2_IT_Pisa', 'T2_IT_Pisa'], 'ResidentSetSize': [505128], 'SubmitTimes': [1742938942.0], 'StartTimes': [1742939160.0], 'EndTimes': [1742940119.0], 'TotalUserCpuTimeHistory': [462], 'TotalSysCpuTimeHistory': [36], 'WallDurations': [9.0, 138.507226228714, 959.0], 'JobIds': ['124350970.0'], 'State': 'finished', 'RecordedSite': True}, '19': {'Retries': 0, 'Restarts': 0, 'SiteHistory': ['Unknown', 'T1_UK_RAL', 'T1_UK_RAL'], 'ResidentSetSize': [1179200], 'SubmitTimes': [1742938942.0], 'StartTimes': [1742939021.0], 'EndTimes': [1742943065.0], 'TotalUserCpuTimeHistory': [1606], 'TotalSysCpuTimeHistory': [436], 'WallDurations': [8.0, 277.507226228714, 4044.0], 'JobIds': ['124350971.0'], 'State': 'finished', 'RecordedSite': True}, '20': {'Retries': 0, 'Restarts': 0, 'SiteHistory': ['Unknown', 'T1_UK_RAL', 'T1_UK_RAL'], 'ResidentSetSize': [1351680], 'SubmitTimes': [1742938942.0], 'StartTimes': [1742939022.0], 'EndTimes': [1742943433.0], 'TotalUserCpuTimeHistory': [2001], 'TotalSysCpuTimeHistory': [582], 'WallDurations': [8.0, 276.507226228714, 4411.0], 'JobIds': ['124350972.0'], 'State': 'finished', 'RecordedSite': True}, '22': {'Retries': 0, 'Restarts': 0, 'SiteHistory': ['Unknown', 'T1_UK_RAL', 'T1_UK_RAL'], 'ResidentSetSize': [1343484], 'SubmitTimes': [1742938942.0], 'StartTimes': [1742939022.0], 'EndTimes': [1742943581.0], 'TotalUserCpuTimeHistory': [1890], 'TotalSysCpuTimeHistory': [553], 'WallDurations': [8.0, 276.507226228714, 4559.0], 'JobIds': ['124350973.0'], 'State': 'finished', 'RecordedSite': True}, '23': {'Retries': 0, 'Restarts': 0, 'SiteHistory': ['Unknown', 'T1_UK_RAL', 'T1_UK_RAL'], 'ResidentSetSize': [693748], 'SubmitTimes': [1742938943.0], 'StartTimes': [1742939022.0], 'EndTimes': [1742940565.0], 'TotalUserCpuTimeHistory': [632], 'TotalSysCpuTimeHistory': [220], 'WallDurations': [8.0, 276.507226228714, 1543.0], 'JobIds': ['124350974.0'], 'State': 'finished', 'RecordedSite': True}, '4': {'Retries': 0, 'Restarts': 0, 'SiteHistory': ['Unknown', 'T2_UK_London_IC', 'T2_UK_London_IC'], 'ResidentSetSize': [812848], 'SubmitTimes': [1742938943.0], 'StartTimes': [1742939160.0], 'EndTimes': [1742939955.0], 'TotalUserCpuTimeHistory': [326], 'TotalSysCpuTimeHistory': [105], 'WallDurations': [9.0, 138.507226228714, 795.0], 'JobIds': ['124350975.0'], 'State': 'finished', 'RecordedSite': True}, '24': {'Retries': 0, 'Restarts': 0, 'SiteHistory': ['Unknown', 'T1_FR_CCIN2P3', 'T1_FR_CCIN2P3'], 'ResidentSetSize': [616100], 'SubmitTimes': [1742938943.0], 'StartTimes': [1742939020.0], 'EndTimes': [1742939489.0], 'TotalUserCpuTimeHistory': [206], 'TotalSysCpuTimeHistory': [73], 'WallDurations': [9.0, 278.507226228714, 469.0], 'JobIds': ['124350976.0'], 'State': 'finished', 'RecordedSite': True}, '28': {'Retries': 0, 'Restarts': 0, 'SiteHistory': ['Unknown', 'T2_US_Vanderbilt', 'T2_US_Vanderbilt'], 'ResidentSetSize': [1160420], 'SubmitTimes': [1742938943.0], 'StartTimes': [1742939236.0], 'EndTimes': [1742939980.0], 'TotalUserCpuTimeHistory': [289], 'TotalSysCpuTimeHistory': [16], 'WallDurations': [9.0, 62.50722622871399, 744.0], 'JobIds': ['124350977.0'], 'State': 'finished', 'RecordedSite': True}, '27': {'Retries': 0, 'Restarts': 0, 'SiteHistory': ['Unknown', 'T2_US_UCSD', 'T2_US_UCSD'], 'ResidentSetSize': [1094944], 'SubmitTimes': [1742938943.0], 'StartTimes': [1742939243.0], 'EndTimes': [1742940579.0], 'TotalUserCpuTimeHistory': [488], 'TotalSysCpuTimeHistory': [33], 'WallDurations': [9.0, 55.50722622871399, 1336.0], 'JobIds': ['124350978.0'], 'State': 'finished', 'RecordedSite': True}, '26': {'Retries': 0, 'Restarts': 0, 'SiteHistory': ['Unknown', 'T1_FR_CCIN2P3', 'T1_FR_CCIN2P3'], 'ResidentSetSize': [678520], 'SubmitTimes': [1742938943.0], 'StartTimes': [1742939022.0], 'EndTimes': [1742940552.0], 'TotalUserCpuTimeHistory': [765], 'TotalSysCpuTimeHistory': [295], 'WallDurations': [8.0, 276.507226228714, 1530.0], 'JobIds': ['124350979.0'], 'State': 'finished', 'RecordedSite': True}, '29': {'Retries': 0, 'Restarts': 0, 'SiteHistory': ['Unknown', 'T1_UK_RAL', 'T1_UK_RAL'], 'ResidentSetSize': [791796], 'SubmitTimes': [1742938943.0], 'StartTimes': [1742939023.0], 'EndTimes': [1742939976.0], 'TotalUserCpuTimeHistory': [360], 'TotalSysCpuTimeHistory': [98], 'WallDurations': [8.0, 275.507226228714, 953.0], 'JobIds': ['124350980.0'], 'State': 'finished', 'RecordedSite': True}, '25': {'Retries': 0, 'Restarts': 0, 'SiteHistory': ['Unknown', 'T1_FR_CCIN2P3', 'T1_FR_CCIN2P3'], 'ResidentSetSize': [885772], 'SubmitTimes': [1742938943.0], 'StartTimes': [1742939023.0], 'EndTimes': [1742941862.0], 'TotalUserCpuTimeHistory': [1336], 'TotalSysCpuTimeHistory': [513], 'WallDurations': [9.0, 275.507226228714, 2839.0], 'JobIds': ['124350981.0'], 'State': 'finished', 'RecordedSite': True}, '21': {'Retries': 0, 'Restarts': 0, 'SiteHistory': ['Unknown', 'T1_UK_RAL', 'T1_UK_RAL'], 'ResidentSetSize': [1091408], 'SubmitTimes': [1742938943.0], 'StartTimes': [1742939021.0], 'EndTimes': [1742942941.0], 'TotalUserCpuTimeHistory': [1714], 'TotalSysCpuTimeHistory': [504], 'WallDurations': [8.0, 277.507226228714, 3920.0], 'JobIds': ['124350982.0'], 'State': 'finished', 'RecordedSite': True}, '16': {'Retries': 0, 'Restarts': 0, 'SiteHistory': ['Unknown', 'T1_UK_RAL', 'T1_UK_RAL'], 'ResidentSetSize': [854104], 'SubmitTimes': [1742938943.0], 'StartTimes': [1742939022.0], 'EndTimes': [1742942989.0], 'TotalUserCpuTimeHistory': [1703], 'TotalSysCpuTimeHistory': [500], 'WallDurations': [8.0, 276.507226228714, 3967.0], 'JobIds': ['124350983.0'], 'State': 'finished', 'RecordedSite': True}}
INFO 2025-03-26 02:07:48.155 UTC: 	 Status on the scheduler:	COMPLETED
INFO 2025-03-26 02:07:48.155 UTC: 	 
Jobs status:                    finished     		100.0% (29/29)
DEBUG 2025-03-26 02:07:48.155 UTC: 	 Encoded data for curl request: subresource=publicationstatus&workflow=250325_213853%3Aamalhotr_crab_DYto2Mu4Jets_Unpacker_100&username=amalhotr
INFO 2025-03-26 02:07:48.192 UTC: 	 
Publication status of 1 dataset(s):	new          		100.0% (29/29)
(from CRAB internal bookkeeping in transferdb)
INFO 2025-03-26 02:07:48.193 UTC: 	 
Output dataset:			/DYto2Mu-4Jets_Bin-MLL-50_TuneCP5_13p6TeV_madgraphMLM-pythia8/amalhotr-DYto2Mu4Jets_Unpacker_100-49feb6938084587a06052f9676570a55/USER
Output dataset DAS URL:		https://cmsweb.cern.ch/das/request?input=%2FDYto2Mu-4Jets_Bin-MLL-50_TuneCP5_13p6TeV_madgraphMLM-pythia8%2Famalhotr-DYto2Mu4Jets_Unpacker_100-49feb6938084587a06052f9676570a55%2FUSER&instance=prod%2Fphys03
INFO 2025-03-26 02:07:48.193 UTC: 	 
Warning: the max jobs runtime is less than 30% of the task requested value (1250 min), please consider to request a lower value for failed jobs (allowed through crab resubmit) and/or improve the jobs splitting (e.g. config.Data.splitting = 'Automatic') in a new task.
INFO 2025-03-26 02:07:48.194 UTC: 	 
Summary of run jobs:
 * Memory: 90MB min, 1360MB max, 951MB ave
 * Runtime: 0:04:17 min, 1:15:59 max, 0:38:08 ave
 * CPU eff: 39% min, 85% max, 58% ave
 * Waste: 1:43:56 (9% of total)

INFO 2025-03-26 02:07:48.195 UTC: 	 Log file is /afs/cern.ch/user/a/amalhotr/CMSSW_14_0_18_patch1/src/Run3ScoutingAnalysisTools/crab_DYto2Mu4Jets_Unpacker_100/crab.log
DEBUG 2025-03-26 02:10:03.171 UTC: 	 CRAB Client version: v3.250318
DEBUG 2025-03-26 02:10:03.172 UTC: 	 Running on: Linux lxplus940.cern.ch 5.14.0-503.22.1.el9_5.x86_64 #1 SMP PREEMPT_DYNAMIC Wed Jan 15 08:02:15 EST 2025 x86_64 x86_64 x86_64 GNU/Linux
DEBUG 2025-03-26 02:10:03.172 UTC: 	 Not using Singularity
DEBUG 2025-03-26 02:10:03.172 UTC: 	 Operating System: Red Hat Enterprise Linux 9.5 (Plow)
DEBUG 2025-03-26 02:10:03.172 UTC: 	 Executing command: 'status'
DEBUG 2025-03-26 02:10:03.172 UTC: 	 Found CRAB cache file /afs/cern.ch/user/a/amalhotr/.crab3
DEBUG 2025-03-26 02:10:03.176 UTC: 	 Checking credentials
DEBUG 2025-03-26 02:10:03.176 UTC: 	 Found proxy file /tmp/x509up_u180451
DEBUG 2025-03-26 02:10:03.176 UTC: 	 Making sure it has proper VOMS extension
DEBUG 2025-03-26 02:10:03.176 UTC: 	 Executing command :
 voms-proxy-info --vo --file /tmp/x509up_u180451
DEBUG 2025-03-26 02:10:03.504 UTC: 	 output : cms

 error: 
 retcode : 0
DEBUG 2025-03-26 02:10:03.504 UTC: 	 Getting proxy life time left
DEBUG 2025-03-26 02:10:03.504 UTC: 	 Executing command :
 voms-proxy-info --actimeleft --timeleft --file /tmp/x509up_u180451
DEBUG 2025-03-26 02:10:03.814 UTC: 	 output : 674865
674865

 error: 
 retcode : 0
DEBUG 2025-03-26 02:10:03.814 UTC: 	 Proxy valid for 187:27:45 hours
DEBUG 2025-03-26 02:10:03.814 UTC: 	 Encoded data for curl request: subresource=delegatedn
DEBUG 2025-03-26 02:10:03.858 UTC: 	 Registering user credentials on myproxy for /DC=ch/DC=cern/OU=computers/CN=crab-(preprod|prod)-tw(01|02).cern.ch|/DC=ch/DC=cern/OU=computers/CN=crab-dev-tw(01|02|03|04).cern.ch|/DC=ch/DC=cern/OU=Organic Units/OU=Users/CN=cmscrab/CN=(817881|373708)/CN=Robot: cms crab|/DC=ch/DC=cern/OU=Organic Units/OU=Users/CN=crabint1/CN=373708/CN=Robot: CMS CRAB Integration 1
DEBUG 2025-03-26 02:10:03.859 UTC: 	 Executing command :
 voms-proxy-info --identity --file /tmp/x509up_u180451
DEBUG 2025-03-26 02:10:04.182 UTC: 	 output : /DC=ch/DC=cern/OU=Organic Units/OU=Users/CN=amalhotr/CN=884837/CN=Aryan Malhotra

 error: 
 retcode : 0
DEBUG 2025-03-26 02:10:04.182 UTC: 	 Getting myproxy life time left for 2382a3cf28fdeacb1de9b039908761ea517a5ed6
DEBUG 2025-03-26 02:10:04.182 UTC: 	 Executing command :
 myproxy-info -s myproxy.cern.ch -l 2382a3cf28fdeacb1de9b039908761ea517a5ed6
DEBUG 2025-03-26 02:10:04.468 UTC: 	 output : username: 2382a3cf28fdeacb1de9b039908761ea517a5ed6
owner: /DC=ch/DC=cern/OU=Organic Units/OU=Users/CN=amalhotr/CN=884837/CN=Aryan Malhotra
  renewal policy: /DC=ch/DC=cern/OU=computers/CN=crab-(preprod|prod)-tw(01|02).cern.ch|/DC=ch/DC=cern/OU=computers/CN=crab-dev-tw(01|02|03|04).cern.ch|/DC=ch/DC=cern/OU=Organic Units/OU=Users/CN=cmscrab/CN=(817881|373708)/CN=Robot: cms crab|/DC=ch/DC=cern/OU=Organic Units/OU=Users/CN=crabint1/CN=373708/CN=Robot: CMS CRAB Integration 1
  trusted retrieval policy: /DC=ch/DC=cern/OU=computers/CN=crab-(preprod|prod)-tw(01|02).cern.ch|/DC=ch/DC=cern/OU=computers/CN=crab-dev-tw(01|02|03|04).cern.ch|/DC=ch/DC=cern/OU=Organic Units/OU=Users/CN=cmscrab/CN=(817881|373708)/CN=Robot: cms crab|/DC=ch/DC=cern/OU=Organic Units/OU=Users/CN=crabint1/CN=373708/CN=Robot: CMS CRAB Integration 1
  timeleft: 554:10:14  (23.1 days)

 error: 
 retcode : 0
DEBUG 2025-03-26 02:10:04.469 UTC: 	 Myproxy is valid: 1995000
DEBUG 2025-03-26 02:10:04.469 UTC: 	 Result of myproxy credential check:
  Credential exists on myproxy: username: 2382a3cf28fdeacb1de9b039908761ea517a5ed6  - validity: 23 days, 2:10:00
DEBUG 2025-03-26 02:10:04.469 UTC: 	 Retrieving username ...
DEBUG 2025-03-26 02:10:04.469 UTC: 	 Retrieving username from CRIC...
DEBUG 2025-03-26 02:10:05.118 UTC: 	 username is amalhotr
INFO 2025-03-26 02:10:05.553 UTC: 	 Rucio client intialized for account amalhotr
DEBUG 2025-03-26 02:10:05.553 UTC: 	 Command use: status
DEBUG 2025-03-26 02:10:05.553 UTC: 	 Options use: ['-d', '/afs/cern.ch/user/a/amalhotr/CMSSW_14_0_18_patch1/src/Run3ScoutingAnalysisTools/crab_DYto2Mu4Jets_Unpacker_100']
DEBUG 2025-03-26 02:10:05.553 UTC: 	 Encoded data for curl request: subresource=version
DEBUG 2025-03-26 02:10:05.596 UTC: 	 CRABClient version: v3.250318
DEBUG 2025-03-26 02:10:05.596 UTC: 	 Instance is prod
DEBUG 2025-03-26 02:10:05.596 UTC: 	 Server base url is cmsweb.cern.ch
DEBUG 2025-03-26 02:10:05.596 UTC: 	 Command api workflow
DEBUG 2025-03-26 02:10:05.596 UTC: 	 Encoded data for curl request: subresource=search&workflow=250325_213853%3Aamalhotr_crab_DYto2Mu4Jets_Unpacker_100
DEBUG 2025-03-26 02:10:05.637 UTC: 	 Got information from server oracle database: {'desc': {'columns': ['tm_taskname', 'tm_activity', 'tm_task_status', 'tm_task_command', 'tm_start_time', 'tm_start_injection', 'tm_end_injection', 'tm_task_failure', 'tm_job_sw', 'tm_job_arch', 'tm_input_dataset', 'tm_nonvalid_input_dataset', 'tm_use_parent', 'tm_site_whitelist', 'tm_site_blacklist', 'tm_split_algo', 'tm_split_args', 'tm_user_sandbox', 'tm_cache_url', 'tm_username', 'tm_user_dn', 'tm_user_vo', 'tm_user_role', 'tm_user_group', 'tm_publish_name', 'tm_publish_groupname', 'tm_asyncdest', 'tm_dbs_url', 'tm_publish_dbs_url', 'tm_publication', 'tm_outfiles', 'tm_tfile_outfiles', 'tm_edm_outfiles', 'tm_job_type', 'tm_generator', 'tm_events_per_lumi', 'tm_arguments', 'tm_save_logs', 'tw_name', 'tm_user_infiles', 'tm_maxjobruntime', 'tm_numcores', 'tm_maxmemory', 'tm_priority', 'tm_output_dataset', 'tm_task_warnings', 'tm_user_webdir', 'tm_scriptexe', 'tm_scriptargs', 'tm_extrajdl', 'tm_collector', 'tm_schedd', 'tm_dry_run', 'tm_user_files', 'tm_transfer_outputs', 'tm_output_lfn', 'tm_ignore_locality', 'tm_fail_limit', 'tm_one_event_mode', 'tm_secondary_input_dataset', 'tm_primary_dataset', 'tm_last_publication', 'tm_debug_files', 'clusterid', 'tm_ignore_global_blacklist', 'tm_submitter_ip_addr', 'tm_totalunits', 'tm_ddm_reqid', 'tm_user_config', 'tm_transfer_container', 'tm_transfer_rule', 'tm_publish_rule', 'tm_multipub_rule', 'tm_job_min_microarch', 'tm_dagman_status', 'tm_num_jobs', 'tm_uploaded']}, 'result': ['250325_213853:amalhotr_crab_DYto2Mu4Jets_Unpacker_100', 'None', 'SUBMITTED', 'SUBMIT', '2025-03-25 21:38:53.687169', 'None', '2025-03-25 21:41:08.064743', 'None', 'CMSSW_14_0_18_patch1', 'el9_amd64_gcc12', '/DYto2Mu-4Jets_Bin-MLL-50_TuneCP5_13p6TeV_madgraphMLM-pythia8/RunIII2024Summer24MiniAOD-140X_mcRun3_2024_realistic_v26-v2/MINIAODSIM', 'F', '0', '[]', '[]', 'FileBased', "{'halt_job_on_file_boundaries': False, 'splitOnRun': False, 'files_per_job': 5, 'runs': [], 'lumis': []}", '3347ab5ebddcbcf20e5a549cff91c4ac4d53283ca301d10bc07120adeaa8b0f2.tar.gz', 'https://cmsweb.cern.ch/S3/crabcache_prod', 'amalhotr', '/DC=ch/DC=cern/OU=Organic Units/OU=Users/CN=amalhotr/CN=884837/CN=Aryan Malhotra', 'cms', 'None', 'None', 'DYto2Mu4Jets_Unpacker_100-00000000000000000000000000000000', 'F', 'T2_BR_SPRACE', 'https://cmsweb.cern.ch/dbs/prod/global/DBSReader', 'https://cmsweb.cern.ch/dbs/prod/phys03/DBSWriter', 'T', '[]', '[]', "['HLTUnpackerOutputLarge.root']", 'Analysis', 'pythia', 'None', '{}', 'T', 'crab-prod-tw01', '[]', '1250', '1', '2000', '10', "['/DYto2Mu-4Jets_Bin-MLL-50_TuneCP5_13p6TeV_madgraphMLM-pythia8/amalhotr-DYto2Mu4Jets_Unpacker_100-49feb6938084587a06052f9676570a55/USER']", '[]', 'http://vocms0122.cern.ch/mon/amalhotr/250325_213853:amalhotr_crab_DYto2Mu4Jets_Unpacker_100', 'None', '[]', '[]', 'cmsgwms-collector-global.cern.ch:9620,cmsgwms-collector-global.fnal.gov:9620', 'crab3@vocms0122.cern.ch', 'F', '[]', 'T', '/store/user/amalhotr/', 'F', 'None', 'F', 'None', 'DYto2Mu-4Jets_Bin-MLL-50_TuneCP5_13p6TeV_madgraphMLM-pythia8', 'None', '46abd81798f8172cc8a3a999c59ea9104a03ce5642e15b1dd94ed402b62ca33b.tar.gz', '124350952', 'F', '188.184.75.82', '100.0', 'None', '{"partialdataset": false, "requireaccelerator": false, "acceleratorparams": null, "inputblocks": null}', 'None', 'None', 'None', 'None', 'any', 'NOT_READY', '0', 'F']}
INFO 2025-03-26 02:10:05.637 UTC: 	 CRAB project directory:		/afs/cern.ch/user/a/amalhotr/CMSSW_14_0_18_patch1/src/Run3ScoutingAnalysisTools/crab_DYto2Mu4Jets_Unpacker_100
INFO 2025-03-26 02:10:05.637 UTC: 	 Task name:			250325_213853:amalhotr_crab_DYto2Mu4Jets_Unpacker_100
INFO 2025-03-26 02:10:05.638 UTC: 	 Grid scheduler - Task Worker:	crab3@vocms0122.cern.ch - crab-prod-tw01
INFO 2025-03-26 02:10:05.638 UTC: 	 Status on the CRAB server:	SUBMITTED
INFO 2025-03-26 02:10:05.638 UTC: 	 Task URL to use for HELP:	https://cmsweb.cern.ch/crabserver/ui/task/250325_213853%3Aamalhotr_crab_DYto2Mu4Jets_Unpacker_100
INFO 2025-03-26 02:10:05.643 UTC: 	 Dashboard monitoring URL:	https://monit-grafana.cern.ch/d/cmsTMDetail/cms-task-monitoring-task-view?orgId=11&var-user=amalhotr&var-task=250325_213853%3Aamalhotr_crab_DYto2Mu4Jets_Unpacker_100&from=1742935133000&to=now
DEBUG 2025-03-26 02:10:05.643 UTC: 	 The CRAB server submitted your task to the Grid scheduler (cluster ID: 124350952)
DEBUG 2025-03-26 02:10:05.643 UTC: 	 Webdir is located at http://vocms0122.cern.ch/mon/amalhotr/250325_213853:amalhotr_crab_DYto2Mu4Jets_Unpacker_100
DEBUG 2025-03-26 02:10:05.643 UTC: 	 Encoded data for curl request: subresource=webdirprx&workflow=250325_213853%3Aamalhotr_crab_DYto2Mu4Jets_Unpacker_100
DEBUG 2025-03-26 02:10:05.682 UTC: 	 Proxied webdir is located at https://cmsweb.cern.ch:8443/scheddmon/0122/amalhotr/250325_213853:amalhotr_crab_DYto2Mu4Jets_Unpacker_100
DEBUG 2025-03-26 02:10:05.682 UTC: 	 Retrieving 'status_cache' file from https://cmsweb.cern.ch:8443/scheddmon/0122/amalhotr/250325_213853:amalhotr_crab_DYto2Mu4Jets_Unpacker_100/status_cache.pkl
DEBUG 2025-03-26 02:10:05.682 UTC: 	 Will execute:
curl -sS --capath /etc/grid-security/certificates --cert /tmp/x509up_u180451 --key /tmp/x509up_u180451 -o /tmp/crab_status-cache-daj5sp12.pkl -w %"{http_code}" "https://cmsweb.cern.ch:8443/scheddmon/0122/amalhotr/250325_213853:amalhotr_crab_DYto2Mu4Jets_Unpacker_100/status_cache.pkl"
DEBUG 2025-03-26 02:10:05.682 UTC: 	 Executing command :
 curl -sS --capath /etc/grid-security/certificates --cert /tmp/x509up_u180451 --key /tmp/x509up_u180451 -o /tmp/crab_status-cache-daj5sp12.pkl -w %"{http_code}" "https://cmsweb.cern.ch:8443/scheddmon/0122/amalhotr/250325_213853:amalhotr_crab_DYto2Mu4Jets_Unpacker_100/status_cache.pkl"
DEBUG 2025-03-26 02:10:05.716 UTC: 	 output : 200
 error: 
 retcode : 0
DEBUG 2025-03-26 02:10:05.716 UTC: 	 exitcode: 0
stdout: 200
stderr: 
error details: 
DEBUG 2025-03-26 02:10:05.716 UTC: 	 Got information from status cache file: {'7': {'Retries': 0, 'Restarts': 0, 'SiteHistory': ['Unknown', 'T2_IT_Legnaro', 'T2_IT_Legnaro'], 'ResidentSetSize': [1327032], 'SubmitTimes': [1742938941.0], 'StartTimes': [1742939160.0], 'EndTimes': [1742941680.0], 'TotalUserCpuTimeHistory': [1728], 'TotalSysCpuTimeHistory': [121], 'WallDurations': [9.0, 138.507226228714, 2520.0], 'JobIds': ['124350955.0'], 'State': 'finished', 'RecordedSite': True}, '14': {'Retries': 0, 'Restarts': 0, 'SiteHistory': ['Unknown', 'T1_UK_RAL', 'T1_UK_RAL'], 'ResidentSetSize': [1265248], 'SubmitTimes': [1742938941.0], 'StartTimes': [1742939021.0], 'EndTimes': [1742942752.0], 'TotalUserCpuTimeHistory': [1608], 'TotalSysCpuTimeHistory': [425], 'WallDurations': [8.0, 277.507226228714, 3731.0], 'JobIds': ['124350956.0'], 'State': 'finished', 'RecordedSite': True}, '13': {'Retries': 0, 'Restarts': 0, 'SiteHistory': ['Unknown', 'T1_UK_RAL', 'T1_UK_RAL'], 'ResidentSetSize': [1340176], 'SubmitTimes': [1742938941.0], 'StartTimes': [1742939022.0], 'EndTimes': [1742943121.0], 'TotalUserCpuTimeHistory': [1838], 'TotalSysCpuTimeHistory': [525], 'WallDurations': [8.0, 276.507226228714, 4099.0], 'JobIds': ['124350957.0'], 'State': 'finished', 'RecordedSite': True}, '18': {'Retries': 0, 'Restarts': 0, 'SiteHistory': ['Unknown', 'T1_UK_RAL', 'T1_UK_RAL'], 'ResidentSetSize': [1303732], 'SubmitTimes': [1742938942.0], 'StartTimes': [1742939023.0], 'EndTimes': [1742942865.0], 'TotalUserCpuTimeHistory': [1740], 'TotalSysCpuTimeHistory': [513], 'WallDurations': [8.0, 275.507226228714, 3842.0], 'JobIds': ['124350958.0'], 'State': 'finished', 'RecordedSite': True}, '15': {'Retries': 0, 'Restarts': 0, 'SiteHistory': ['Unknown', 'T1_UK_RAL', 'T1_UK_RAL'], 'ResidentSetSize': [1393036], 'SubmitTimes': [1742938942.0], 'StartTimes': [1742939022.0], 'EndTimes': [1742942970.0], 'TotalUserCpuTimeHistory': [1676], 'TotalSysCpuTimeHistory': [527], 'WallDurations': [8.0, 276.507226228714, 3948.0], 'JobIds': ['124350959.0'], 'State': 'finished', 'RecordedSite': True}, '1': {'Retries': 0, 'Restarts': 0, 'SiteHistory': ['Unknown', 'T2_UK_London_IC', 'T2_UK_London_IC'], 'ResidentSetSize': [1275176], 'SubmitTimes': [1742938942.0], 'StartTimes': [1742939160.0], 'EndTimes': [1742943179.0], 'TotalUserCpuTimeHistory': [1717], 'TotalSysCpuTimeHistory': [620], 'WallDurations': [9.0, 138.507226228714, 4019.0], 'JobIds': ['124350960.0'], 'State': 'finished', 'RecordedSite': True}, '2': {'Retries': 0, 'Restarts': 0, 'SiteHistory': ['Unknown', 'T2_UK_London_IC', 'T2_UK_London_IC'], 'ResidentSetSize': [689780], 'SubmitTimes': [1742938942.0], 'StartTimes': [1742939160.0], 'EndTimes': [1742940103.0], 'TotalUserCpuTimeHistory': [490], 'TotalSysCpuTimeHistory': [79], 'WallDurations': [9.0, 138.507226228714, 943.0], 'JobIds': ['124350961.0'], 'State': 'finished', 'RecordedSite': True}, '8': {'Retries': 0, 'Restarts': 0, 'SiteHistory': ['Unknown', 'T2_IT_Legnaro', 'T2_IT_Legnaro'], 'ResidentSetSize': [92916], 'SubmitTimes': [1742938942.0], 'StartTimes': [1742939160.0], 'EndTimes': [1742939417.0], 'TotalUserCpuTimeHistory': [150], 'TotalSysCpuTimeHistory': [13], 'WallDurations': [8.0, 138.507226228714, 257.0], 'JobIds': ['124350962.0'], 'State': 'finished', 'RecordedSite': True}, '9': {'Retries': 0, 'Restarts': 0, 'SiteHistory': ['Unknown', 'T2_DE_RWTH', 'T2_DE_RWTH'], 'ResidentSetSize': [638632], 'SubmitTimes': [1742938942.0], 'StartTimes': [1742939160.0], 'EndTimes': [1742939729.0], 'TotalUserCpuTimeHistory': [207], 'TotalSysCpuTimeHistory': [27], 'WallDurations': [9.0, 138.507226228714, 569.0], 'JobIds': ['124350963.0'], 'State': 'finished', 'RecordedSite': True}, '12': {'Retries': 0, 'Restarts': 0, 'SiteHistory': ['Unknown', 'T2_US_Vanderbilt', 'T2_US_Vanderbilt'], 'ResidentSetSize': [1162692], 'SubmitTimes': [1742938942.0], 'StartTimes': [1742939237.0], 'EndTimes': [1742939947.0], 'TotalUserCpuTimeHistory': [381], 'TotalSysCpuTimeHistory': [15], 'WallDurations': [8.0, 61.50722622871399, 710.0], 'JobIds': ['124350964.0'], 'State': 'finished', 'RecordedSite': True}, '6': {'Retries': 0, 'Restarts': 0, 'SiteHistory': ['Unknown', 'T2_IT_Legnaro', 'T2_IT_Legnaro'], 'ResidentSetSize': [1267868], 'SubmitTimes': [1742938942.0], 'StartTimes': [1742939160.0], 'EndTimes': [1742940886.0], 'TotalUserCpuTimeHistory': [1281], 'TotalSysCpuTimeHistory': [118], 'WallDurations': [9.0, 138.507226228714, 1726.0], 'JobIds': ['124350965.0'], 'State': 'finished', 'RecordedSite': True}, '10': {'Retries': 0, 'Restarts': 0, 'SiteHistory': ['Unknown', 'T2_DE_DESY', 'T2_DE_DESY'], 'ResidentSetSize': [512544], 'SubmitTimes': [1742938942.0], 'StartTimes': [1742939160.0], 'EndTimes': [1742939579.0], 'TotalUserCpuTimeHistory': [217], 'TotalSysCpuTimeHistory': [39], 'WallDurations': [9.0, 138.507226228714, 419.0], 'JobIds': ['124350966.0'], 'State': 'finished', 'RecordedSite': True}, '5': {'Retries': 0, 'Restarts': 0, 'SiteHistory': ['Unknown', 'T2_IT_Legnaro', 'T2_IT_Legnaro'], 'ResidentSetSize': [766480], 'SubmitTimes': [1742938942.0], 'StartTimes': [1742939160.0], 'EndTimes': [1742940338.0], 'TotalUserCpuTimeHistory': [911], 'TotalSysCpuTimeHistory': [86], 'WallDurations': [9.0, 138.507226228714, 1178.0], 'JobIds': ['124350967.0'], 'State': 'finished', 'RecordedSite': True}, '17': {'Retries': 0, 'Restarts': 0, 'SiteHistory': ['Unknown', 'T1_UK_RAL', 'T1_UK_RAL'], 'ResidentSetSize': [1333396], 'SubmitTimes': [1742938942.0], 'StartTimes': [1742939021.0], 'EndTimes': [1742942769.0], 'TotalUserCpuTimeHistory': [1593], 'TotalSysCpuTimeHistory': [486], 'WallDurations': [8.0, 277.507226228714, 3748.0], 'JobIds': ['124350968.0'], 'State': 'finished', 'RecordedSite': True}, '3': {'Retries': 0, 'Restarts': 0, 'SiteHistory': ['Unknown', 'T1_ES_PIC', 'T1_ES_PIC'], 'ResidentSetSize': [805408], 'SubmitTimes': [1742938942.0], 'StartTimes': [1742939023.0], 'EndTimes': [1742941610.0], 'TotalUserCpuTimeHistory': [1326], 'TotalSysCpuTimeHistory': [234], 'WallDurations': [9.0, 275.507226228714, 2587.0], 'JobIds': ['124350969.0'], 'State': 'finished', 'RecordedSite': True}, '11': {'Retries': 0, 'Restarts': 0, 'SiteHistory': ['Unknown', 'T2_IT_Pisa', 'T2_IT_Pisa'], 'ResidentSetSize': [505128], 'SubmitTimes': [1742938942.0], 'StartTimes': [1742939160.0], 'EndTimes': [1742940119.0], 'TotalUserCpuTimeHistory': [462], 'TotalSysCpuTimeHistory': [36], 'WallDurations': [9.0, 138.507226228714, 959.0], 'JobIds': ['124350970.0'], 'State': 'finished', 'RecordedSite': True}, '19': {'Retries': 0, 'Restarts': 0, 'SiteHistory': ['Unknown', 'T1_UK_RAL', 'T1_UK_RAL'], 'ResidentSetSize': [1179200], 'SubmitTimes': [1742938942.0], 'StartTimes': [1742939021.0], 'EndTimes': [1742943065.0], 'TotalUserCpuTimeHistory': [1606], 'TotalSysCpuTimeHistory': [436], 'WallDurations': [8.0, 277.507226228714, 4044.0], 'JobIds': ['124350971.0'], 'State': 'finished', 'RecordedSite': True}, '20': {'Retries': 0, 'Restarts': 0, 'SiteHistory': ['Unknown', 'T1_UK_RAL', 'T1_UK_RAL'], 'ResidentSetSize': [1351680], 'SubmitTimes': [1742938942.0], 'StartTimes': [1742939022.0], 'EndTimes': [1742943433.0], 'TotalUserCpuTimeHistory': [2001], 'TotalSysCpuTimeHistory': [582], 'WallDurations': [8.0, 276.507226228714, 4411.0], 'JobIds': ['124350972.0'], 'State': 'finished', 'RecordedSite': True}, '22': {'Retries': 0, 'Restarts': 0, 'SiteHistory': ['Unknown', 'T1_UK_RAL', 'T1_UK_RAL'], 'ResidentSetSize': [1343484], 'SubmitTimes': [1742938942.0], 'StartTimes': [1742939022.0], 'EndTimes': [1742943581.0], 'TotalUserCpuTimeHistory': [1890], 'TotalSysCpuTimeHistory': [553], 'WallDurations': [8.0, 276.507226228714, 4559.0], 'JobIds': ['124350973.0'], 'State': 'finished', 'RecordedSite': True}, '23': {'Retries': 0, 'Restarts': 0, 'SiteHistory': ['Unknown', 'T1_UK_RAL', 'T1_UK_RAL'], 'ResidentSetSize': [693748], 'SubmitTimes': [1742938943.0], 'StartTimes': [1742939022.0], 'EndTimes': [1742940565.0], 'TotalUserCpuTimeHistory': [632], 'TotalSysCpuTimeHistory': [220], 'WallDurations': [8.0, 276.507226228714, 1543.0], 'JobIds': ['124350974.0'], 'State': 'finished', 'RecordedSite': True}, '4': {'Retries': 0, 'Restarts': 0, 'SiteHistory': ['Unknown', 'T2_UK_London_IC', 'T2_UK_London_IC'], 'ResidentSetSize': [812848], 'SubmitTimes': [1742938943.0], 'StartTimes': [1742939160.0], 'EndTimes': [1742939955.0], 'TotalUserCpuTimeHistory': [326], 'TotalSysCpuTimeHistory': [105], 'WallDurations': [9.0, 138.507226228714, 795.0], 'JobIds': ['124350975.0'], 'State': 'finished', 'RecordedSite': True}, '24': {'Retries': 0, 'Restarts': 0, 'SiteHistory': ['Unknown', 'T1_FR_CCIN2P3', 'T1_FR_CCIN2P3'], 'ResidentSetSize': [616100], 'SubmitTimes': [1742938943.0], 'StartTimes': [1742939020.0], 'EndTimes': [1742939489.0], 'TotalUserCpuTimeHistory': [206], 'TotalSysCpuTimeHistory': [73], 'WallDurations': [9.0, 278.507226228714, 469.0], 'JobIds': ['124350976.0'], 'State': 'finished', 'RecordedSite': True}, '28': {'Retries': 0, 'Restarts': 0, 'SiteHistory': ['Unknown', 'T2_US_Vanderbilt', 'T2_US_Vanderbilt'], 'ResidentSetSize': [1160420], 'SubmitTimes': [1742938943.0], 'StartTimes': [1742939236.0], 'EndTimes': [1742939980.0], 'TotalUserCpuTimeHistory': [289], 'TotalSysCpuTimeHistory': [16], 'WallDurations': [9.0, 62.50722622871399, 744.0], 'JobIds': ['124350977.0'], 'State': 'finished', 'RecordedSite': True}, '27': {'Retries': 0, 'Restarts': 0, 'SiteHistory': ['Unknown', 'T2_US_UCSD', 'T2_US_UCSD'], 'ResidentSetSize': [1094944], 'SubmitTimes': [1742938943.0], 'StartTimes': [1742939243.0], 'EndTimes': [1742940579.0], 'TotalUserCpuTimeHistory': [488], 'TotalSysCpuTimeHistory': [33], 'WallDurations': [9.0, 55.50722622871399, 1336.0], 'JobIds': ['124350978.0'], 'State': 'finished', 'RecordedSite': True}, '26': {'Retries': 0, 'Restarts': 0, 'SiteHistory': ['Unknown', 'T1_FR_CCIN2P3', 'T1_FR_CCIN2P3'], 'ResidentSetSize': [678520], 'SubmitTimes': [1742938943.0], 'StartTimes': [1742939022.0], 'EndTimes': [1742940552.0], 'TotalUserCpuTimeHistory': [765], 'TotalSysCpuTimeHistory': [295], 'WallDurations': [8.0, 276.507226228714, 1530.0], 'JobIds': ['124350979.0'], 'State': 'finished', 'RecordedSite': True}, '29': {'Retries': 0, 'Restarts': 0, 'SiteHistory': ['Unknown', 'T1_UK_RAL', 'T1_UK_RAL'], 'ResidentSetSize': [791796], 'SubmitTimes': [1742938943.0], 'StartTimes': [1742939023.0], 'EndTimes': [1742939976.0], 'TotalUserCpuTimeHistory': [360], 'TotalSysCpuTimeHistory': [98], 'WallDurations': [8.0, 275.507226228714, 953.0], 'JobIds': ['124350980.0'], 'State': 'finished', 'RecordedSite': True}, '25': {'Retries': 0, 'Restarts': 0, 'SiteHistory': ['Unknown', 'T1_FR_CCIN2P3', 'T1_FR_CCIN2P3'], 'ResidentSetSize': [885772], 'SubmitTimes': [1742938943.0], 'StartTimes': [1742939023.0], 'EndTimes': [1742941862.0], 'TotalUserCpuTimeHistory': [1336], 'TotalSysCpuTimeHistory': [513], 'WallDurations': [9.0, 275.507226228714, 2839.0], 'JobIds': ['124350981.0'], 'State': 'finished', 'RecordedSite': True}, '21': {'Retries': 0, 'Restarts': 0, 'SiteHistory': ['Unknown', 'T1_UK_RAL', 'T1_UK_RAL'], 'ResidentSetSize': [1091408], 'SubmitTimes': [1742938943.0], 'StartTimes': [1742939021.0], 'EndTimes': [1742942941.0], 'TotalUserCpuTimeHistory': [1714], 'TotalSysCpuTimeHistory': [504], 'WallDurations': [8.0, 277.507226228714, 3920.0], 'JobIds': ['124350982.0'], 'State': 'finished', 'RecordedSite': True}, '16': {'Retries': 0, 'Restarts': 0, 'SiteHistory': ['Unknown', 'T1_UK_RAL', 'T1_UK_RAL'], 'ResidentSetSize': [854104], 'SubmitTimes': [1742938943.0], 'StartTimes': [1742939022.0], 'EndTimes': [1742942989.0], 'TotalUserCpuTimeHistory': [1703], 'TotalSysCpuTimeHistory': [500], 'WallDurations': [8.0, 276.507226228714, 3967.0], 'JobIds': ['124350983.0'], 'State': 'finished', 'RecordedSite': True}}
INFO 2025-03-26 02:10:05.717 UTC: 	 Status on the scheduler:	COMPLETED
INFO 2025-03-26 02:10:05.717 UTC: 	 
Jobs status:                    finished     		100.0% (29/29)
DEBUG 2025-03-26 02:10:05.717 UTC: 	 Encoded data for curl request: subresource=publicationstatus&workflow=250325_213853%3Aamalhotr_crab_DYto2Mu4Jets_Unpacker_100&username=amalhotr
INFO 2025-03-26 02:10:05.755 UTC: 	 
Publication status of 1 dataset(s):	new          		100.0% (29/29)
(from CRAB internal bookkeeping in transferdb)
INFO 2025-03-26 02:10:05.755 UTC: 	 
Output dataset:			/DYto2Mu-4Jets_Bin-MLL-50_TuneCP5_13p6TeV_madgraphMLM-pythia8/amalhotr-DYto2Mu4Jets_Unpacker_100-49feb6938084587a06052f9676570a55/USER
Output dataset DAS URL:		https://cmsweb.cern.ch/das/request?input=%2FDYto2Mu-4Jets_Bin-MLL-50_TuneCP5_13p6TeV_madgraphMLM-pythia8%2Famalhotr-DYto2Mu4Jets_Unpacker_100-49feb6938084587a06052f9676570a55%2FUSER&instance=prod%2Fphys03
INFO 2025-03-26 02:10:05.756 UTC: 	 
Warning: the max jobs runtime is less than 30% of the task requested value (1250 min), please consider to request a lower value for failed jobs (allowed through crab resubmit) and/or improve the jobs splitting (e.g. config.Data.splitting = 'Automatic') in a new task.
INFO 2025-03-26 02:10:05.756 UTC: 	 
Summary of run jobs:
 * Memory: 90MB min, 1360MB max, 951MB ave
 * Runtime: 0:04:17 min, 1:15:59 max, 0:38:08 ave
 * CPU eff: 39% min, 85% max, 58% ave
 * Waste: 1:43:56 (9% of total)

INFO 2025-03-26 02:10:05.757 UTC: 	 Log file is /afs/cern.ch/user/a/amalhotr/CMSSW_14_0_18_patch1/src/Run3ScoutingAnalysisTools/crab_DYto2Mu4Jets_Unpacker_100/crab.log
DEBUG 2025-03-26 02:16:00.426 UTC: 	 CRAB Client version: v3.250318
DEBUG 2025-03-26 02:16:00.426 UTC: 	 Running on: Linux lxplus940.cern.ch 5.14.0-503.22.1.el9_5.x86_64 #1 SMP PREEMPT_DYNAMIC Wed Jan 15 08:02:15 EST 2025 x86_64 x86_64 x86_64 GNU/Linux
DEBUG 2025-03-26 02:16:00.426 UTC: 	 Not using Singularity
DEBUG 2025-03-26 02:16:00.426 UTC: 	 Operating System: Red Hat Enterprise Linux 9.5 (Plow)
DEBUG 2025-03-26 02:16:00.426 UTC: 	 Executing command: 'status'
DEBUG 2025-03-26 02:16:00.426 UTC: 	 Found CRAB cache file /afs/cern.ch/user/a/amalhotr/.crab3
DEBUG 2025-03-26 02:16:00.430 UTC: 	 Checking credentials
DEBUG 2025-03-26 02:16:00.430 UTC: 	 Found proxy file /tmp/x509up_u180451
DEBUG 2025-03-26 02:16:00.430 UTC: 	 Making sure it has proper VOMS extension
DEBUG 2025-03-26 02:16:00.430 UTC: 	 Executing command :
 voms-proxy-info --vo --file /tmp/x509up_u180451
DEBUG 2025-03-26 02:16:00.752 UTC: 	 output : cms

 error: 
 retcode : 0
DEBUG 2025-03-26 02:16:00.752 UTC: 	 Getting proxy life time left
DEBUG 2025-03-26 02:16:00.752 UTC: 	 Executing command :
 voms-proxy-info --actimeleft --timeleft --file /tmp/x509up_u180451
DEBUG 2025-03-26 02:16:01.107 UTC: 	 output : 674507
674507

 error: 
 retcode : 0
DEBUG 2025-03-26 02:16:01.107 UTC: 	 Proxy valid for 187:21:47 hours
DEBUG 2025-03-26 02:16:01.108 UTC: 	 Encoded data for curl request: subresource=delegatedn
DEBUG 2025-03-26 02:16:01.153 UTC: 	 Registering user credentials on myproxy for /DC=ch/DC=cern/OU=computers/CN=crab-(preprod|prod)-tw(01|02).cern.ch|/DC=ch/DC=cern/OU=computers/CN=crab-dev-tw(01|02|03|04).cern.ch|/DC=ch/DC=cern/OU=Organic Units/OU=Users/CN=cmscrab/CN=(817881|373708)/CN=Robot: cms crab|/DC=ch/DC=cern/OU=Organic Units/OU=Users/CN=crabint1/CN=373708/CN=Robot: CMS CRAB Integration 1
DEBUG 2025-03-26 02:16:01.153 UTC: 	 Executing command :
 voms-proxy-info --identity --file /tmp/x509up_u180451
DEBUG 2025-03-26 02:16:01.498 UTC: 	 output : /DC=ch/DC=cern/OU=Organic Units/OU=Users/CN=amalhotr/CN=884837/CN=Aryan Malhotra

 error: 
 retcode : 0
DEBUG 2025-03-26 02:16:01.498 UTC: 	 Getting myproxy life time left for 2382a3cf28fdeacb1de9b039908761ea517a5ed6
DEBUG 2025-03-26 02:16:01.498 UTC: 	 Executing command :
 myproxy-info -s myproxy.cern.ch -l 2382a3cf28fdeacb1de9b039908761ea517a5ed6
DEBUG 2025-03-26 02:16:01.803 UTC: 	 output : username: 2382a3cf28fdeacb1de9b039908761ea517a5ed6
owner: /DC=ch/DC=cern/OU=Organic Units/OU=Users/CN=amalhotr/CN=884837/CN=Aryan Malhotra
  renewal policy: /DC=ch/DC=cern/OU=computers/CN=crab-(preprod|prod)-tw(01|02).cern.ch|/DC=ch/DC=cern/OU=computers/CN=crab-dev-tw(01|02|03|04).cern.ch|/DC=ch/DC=cern/OU=Organic Units/OU=Users/CN=cmscrab/CN=(817881|373708)/CN=Robot: cms crab|/DC=ch/DC=cern/OU=Organic Units/OU=Users/CN=crabint1/CN=373708/CN=Robot: CMS CRAB Integration 1
  trusted retrieval policy: /DC=ch/DC=cern/OU=computers/CN=crab-(preprod|prod)-tw(01|02).cern.ch|/DC=ch/DC=cern/OU=computers/CN=crab-dev-tw(01|02|03|04).cern.ch|/DC=ch/DC=cern/OU=Organic Units/OU=Users/CN=cmscrab/CN=(817881|373708)/CN=Robot: cms crab|/DC=ch/DC=cern/OU=Organic Units/OU=Users/CN=crabint1/CN=373708/CN=Robot: CMS CRAB Integration 1
  timeleft: 554:04:17  (23.1 days)

 error: 
 retcode : 0
DEBUG 2025-03-26 02:16:01.803 UTC: 	 Myproxy is valid: 1994640
DEBUG 2025-03-26 02:16:01.803 UTC: 	 Result of myproxy credential check:
  Credential exists on myproxy: username: 2382a3cf28fdeacb1de9b039908761ea517a5ed6  - validity: 23 days, 2:04:00
DEBUG 2025-03-26 02:16:01.803 UTC: 	 Retrieving username ...
DEBUG 2025-03-26 02:16:01.803 UTC: 	 Retrieving username from CRIC...
DEBUG 2025-03-26 02:16:02.428 UTC: 	 username is amalhotr
INFO 2025-03-26 02:16:02.842 UTC: 	 Rucio client intialized for account amalhotr
DEBUG 2025-03-26 02:16:02.842 UTC: 	 Command use: status
DEBUG 2025-03-26 02:16:02.842 UTC: 	 Options use: ['-d', '/afs/cern.ch/user/a/amalhotr/CMSSW_14_0_18_patch1/src/Run3ScoutingAnalysisTools/crab_DYto2Mu4Jets_Unpacker_100']
DEBUG 2025-03-26 02:16:02.842 UTC: 	 Encoded data for curl request: subresource=version
DEBUG 2025-03-26 02:16:02.877 UTC: 	 CRABClient version: v3.250318
DEBUG 2025-03-26 02:16:02.877 UTC: 	 Instance is prod
DEBUG 2025-03-26 02:16:02.877 UTC: 	 Server base url is cmsweb.cern.ch
DEBUG 2025-03-26 02:16:02.877 UTC: 	 Command api workflow
DEBUG 2025-03-26 02:16:02.877 UTC: 	 Encoded data for curl request: subresource=search&workflow=250325_213853%3Aamalhotr_crab_DYto2Mu4Jets_Unpacker_100
DEBUG 2025-03-26 02:16:02.916 UTC: 	 Got information from server oracle database: {'desc': {'columns': ['tm_taskname', 'tm_activity', 'tm_task_status', 'tm_task_command', 'tm_start_time', 'tm_start_injection', 'tm_end_injection', 'tm_task_failure', 'tm_job_sw', 'tm_job_arch', 'tm_input_dataset', 'tm_nonvalid_input_dataset', 'tm_use_parent', 'tm_site_whitelist', 'tm_site_blacklist', 'tm_split_algo', 'tm_split_args', 'tm_user_sandbox', 'tm_cache_url', 'tm_username', 'tm_user_dn', 'tm_user_vo', 'tm_user_role', 'tm_user_group', 'tm_publish_name', 'tm_publish_groupname', 'tm_asyncdest', 'tm_dbs_url', 'tm_publish_dbs_url', 'tm_publication', 'tm_outfiles', 'tm_tfile_outfiles', 'tm_edm_outfiles', 'tm_job_type', 'tm_generator', 'tm_events_per_lumi', 'tm_arguments', 'tm_save_logs', 'tw_name', 'tm_user_infiles', 'tm_maxjobruntime', 'tm_numcores', 'tm_maxmemory', 'tm_priority', 'tm_output_dataset', 'tm_task_warnings', 'tm_user_webdir', 'tm_scriptexe', 'tm_scriptargs', 'tm_extrajdl', 'tm_collector', 'tm_schedd', 'tm_dry_run', 'tm_user_files', 'tm_transfer_outputs', 'tm_output_lfn', 'tm_ignore_locality', 'tm_fail_limit', 'tm_one_event_mode', 'tm_secondary_input_dataset', 'tm_primary_dataset', 'tm_last_publication', 'tm_debug_files', 'clusterid', 'tm_ignore_global_blacklist', 'tm_submitter_ip_addr', 'tm_totalunits', 'tm_ddm_reqid', 'tm_user_config', 'tm_transfer_container', 'tm_transfer_rule', 'tm_publish_rule', 'tm_multipub_rule', 'tm_job_min_microarch', 'tm_dagman_status', 'tm_num_jobs', 'tm_uploaded']}, 'result': ['250325_213853:amalhotr_crab_DYto2Mu4Jets_Unpacker_100', 'None', 'SUBMITTED', 'SUBMIT', '2025-03-25 21:38:53.687169', 'None', '2025-03-25 21:41:08.064743', 'None', 'CMSSW_14_0_18_patch1', 'el9_amd64_gcc12', '/DYto2Mu-4Jets_Bin-MLL-50_TuneCP5_13p6TeV_madgraphMLM-pythia8/RunIII2024Summer24MiniAOD-140X_mcRun3_2024_realistic_v26-v2/MINIAODSIM', 'F', '0', '[]', '[]', 'FileBased', "{'halt_job_on_file_boundaries': False, 'splitOnRun': False, 'files_per_job': 5, 'runs': [], 'lumis': []}", '3347ab5ebddcbcf20e5a549cff91c4ac4d53283ca301d10bc07120adeaa8b0f2.tar.gz', 'https://cmsweb.cern.ch/S3/crabcache_prod', 'amalhotr', '/DC=ch/DC=cern/OU=Organic Units/OU=Users/CN=amalhotr/CN=884837/CN=Aryan Malhotra', 'cms', 'None', 'None', 'DYto2Mu4Jets_Unpacker_100-00000000000000000000000000000000', 'F', 'T2_BR_SPRACE', 'https://cmsweb.cern.ch/dbs/prod/global/DBSReader', 'https://cmsweb.cern.ch/dbs/prod/phys03/DBSWriter', 'T', '[]', '[]', "['HLTUnpackerOutputLarge.root']", 'Analysis', 'pythia', 'None', '{}', 'T', 'crab-prod-tw01', '[]', '1250', '1', '2000', '10', "['/DYto2Mu-4Jets_Bin-MLL-50_TuneCP5_13p6TeV_madgraphMLM-pythia8/amalhotr-DYto2Mu4Jets_Unpacker_100-49feb6938084587a06052f9676570a55/USER']", '[]', 'http://vocms0122.cern.ch/mon/amalhotr/250325_213853:amalhotr_crab_DYto2Mu4Jets_Unpacker_100', 'None', '[]', '[]', 'cmsgwms-collector-global.cern.ch:9620,cmsgwms-collector-global.fnal.gov:9620', 'crab3@vocms0122.cern.ch', 'F', '[]', 'T', '/store/user/amalhotr/', 'F', 'None', 'F', 'None', 'DYto2Mu-4Jets_Bin-MLL-50_TuneCP5_13p6TeV_madgraphMLM-pythia8', 'None', '46abd81798f8172cc8a3a999c59ea9104a03ce5642e15b1dd94ed402b62ca33b.tar.gz', '124350952', 'F', '188.184.75.82', '100.0', 'None', '{"partialdataset": false, "requireaccelerator": false, "acceleratorparams": null, "inputblocks": null}', 'None', 'None', 'None', 'None', 'any', 'NOT_READY', '0', 'F']}
INFO 2025-03-26 02:16:02.917 UTC: 	 CRAB project directory:		/afs/cern.ch/user/a/amalhotr/CMSSW_14_0_18_patch1/src/Run3ScoutingAnalysisTools/crab_DYto2Mu4Jets_Unpacker_100
INFO 2025-03-26 02:16:02.917 UTC: 	 Task name:			250325_213853:amalhotr_crab_DYto2Mu4Jets_Unpacker_100
INFO 2025-03-26 02:16:02.917 UTC: 	 Grid scheduler - Task Worker:	crab3@vocms0122.cern.ch - crab-prod-tw01
INFO 2025-03-26 02:16:02.917 UTC: 	 Status on the CRAB server:	SUBMITTED
INFO 2025-03-26 02:16:02.917 UTC: 	 Task URL to use for HELP:	https://cmsweb.cern.ch/crabserver/ui/task/250325_213853%3Aamalhotr_crab_DYto2Mu4Jets_Unpacker_100
INFO 2025-03-26 02:16:02.923 UTC: 	 Dashboard monitoring URL:	https://monit-grafana.cern.ch/d/cmsTMDetail/cms-task-monitoring-task-view?orgId=11&var-user=amalhotr&var-task=250325_213853%3Aamalhotr_crab_DYto2Mu4Jets_Unpacker_100&from=1742935133000&to=now
DEBUG 2025-03-26 02:16:02.923 UTC: 	 The CRAB server submitted your task to the Grid scheduler (cluster ID: 124350952)
DEBUG 2025-03-26 02:16:02.923 UTC: 	 Webdir is located at http://vocms0122.cern.ch/mon/amalhotr/250325_213853:amalhotr_crab_DYto2Mu4Jets_Unpacker_100
DEBUG 2025-03-26 02:16:02.923 UTC: 	 Encoded data for curl request: subresource=webdirprx&workflow=250325_213853%3Aamalhotr_crab_DYto2Mu4Jets_Unpacker_100
DEBUG 2025-03-26 02:16:02.964 UTC: 	 Proxied webdir is located at https://cmsweb.cern.ch:8443/scheddmon/0122/amalhotr/250325_213853:amalhotr_crab_DYto2Mu4Jets_Unpacker_100
DEBUG 2025-03-26 02:16:02.964 UTC: 	 Retrieving 'status_cache' file from https://cmsweb.cern.ch:8443/scheddmon/0122/amalhotr/250325_213853:amalhotr_crab_DYto2Mu4Jets_Unpacker_100/status_cache.pkl
DEBUG 2025-03-26 02:16:02.965 UTC: 	 Will execute:
curl -sS --capath /etc/grid-security/certificates --cert /tmp/x509up_u180451 --key /tmp/x509up_u180451 -o /tmp/crab_status-cache-s4u9_1ru.pkl -w %"{http_code}" "https://cmsweb.cern.ch:8443/scheddmon/0122/amalhotr/250325_213853:amalhotr_crab_DYto2Mu4Jets_Unpacker_100/status_cache.pkl"
DEBUG 2025-03-26 02:16:02.965 UTC: 	 Executing command :
 curl -sS --capath /etc/grid-security/certificates --cert /tmp/x509up_u180451 --key /tmp/x509up_u180451 -o /tmp/crab_status-cache-s4u9_1ru.pkl -w %"{http_code}" "https://cmsweb.cern.ch:8443/scheddmon/0122/amalhotr/250325_213853:amalhotr_crab_DYto2Mu4Jets_Unpacker_100/status_cache.pkl"
DEBUG 2025-03-26 02:16:03.001 UTC: 	 output : 200
 error: 
 retcode : 0
DEBUG 2025-03-26 02:16:03.001 UTC: 	 exitcode: 0
stdout: 200
stderr: 
error details: 
DEBUG 2025-03-26 02:16:03.002 UTC: 	 Got information from status cache file: {'7': {'Retries': 0, 'Restarts': 0, 'SiteHistory': ['Unknown', 'T2_IT_Legnaro', 'T2_IT_Legnaro'], 'ResidentSetSize': [1327032], 'SubmitTimes': [1742938941.0], 'StartTimes': [1742939160.0], 'EndTimes': [1742941680.0], 'TotalUserCpuTimeHistory': [1728], 'TotalSysCpuTimeHistory': [121], 'WallDurations': [9.0, 138.507226228714, 2520.0], 'JobIds': ['124350955.0'], 'State': 'finished', 'RecordedSite': True}, '14': {'Retries': 0, 'Restarts': 0, 'SiteHistory': ['Unknown', 'T1_UK_RAL', 'T1_UK_RAL'], 'ResidentSetSize': [1265248], 'SubmitTimes': [1742938941.0], 'StartTimes': [1742939021.0], 'EndTimes': [1742942752.0], 'TotalUserCpuTimeHistory': [1608], 'TotalSysCpuTimeHistory': [425], 'WallDurations': [8.0, 277.507226228714, 3731.0], 'JobIds': ['124350956.0'], 'State': 'finished', 'RecordedSite': True}, '13': {'Retries': 0, 'Restarts': 0, 'SiteHistory': ['Unknown', 'T1_UK_RAL', 'T1_UK_RAL'], 'ResidentSetSize': [1340176], 'SubmitTimes': [1742938941.0], 'StartTimes': [1742939022.0], 'EndTimes': [1742943121.0], 'TotalUserCpuTimeHistory': [1838], 'TotalSysCpuTimeHistory': [525], 'WallDurations': [8.0, 276.507226228714, 4099.0], 'JobIds': ['124350957.0'], 'State': 'finished', 'RecordedSite': True}, '18': {'Retries': 0, 'Restarts': 0, 'SiteHistory': ['Unknown', 'T1_UK_RAL', 'T1_UK_RAL'], 'ResidentSetSize': [1303732], 'SubmitTimes': [1742938942.0], 'StartTimes': [1742939023.0], 'EndTimes': [1742942865.0], 'TotalUserCpuTimeHistory': [1740], 'TotalSysCpuTimeHistory': [513], 'WallDurations': [8.0, 275.507226228714, 3842.0], 'JobIds': ['124350958.0'], 'State': 'finished', 'RecordedSite': True}, '15': {'Retries': 0, 'Restarts': 0, 'SiteHistory': ['Unknown', 'T1_UK_RAL', 'T1_UK_RAL'], 'ResidentSetSize': [1393036], 'SubmitTimes': [1742938942.0], 'StartTimes': [1742939022.0], 'EndTimes': [1742942970.0], 'TotalUserCpuTimeHistory': [1676], 'TotalSysCpuTimeHistory': [527], 'WallDurations': [8.0, 276.507226228714, 3948.0], 'JobIds': ['124350959.0'], 'State': 'finished', 'RecordedSite': True}, '1': {'Retries': 0, 'Restarts': 0, 'SiteHistory': ['Unknown', 'T2_UK_London_IC', 'T2_UK_London_IC'], 'ResidentSetSize': [1275176], 'SubmitTimes': [1742938942.0], 'StartTimes': [1742939160.0], 'EndTimes': [1742943179.0], 'TotalUserCpuTimeHistory': [1717], 'TotalSysCpuTimeHistory': [620], 'WallDurations': [9.0, 138.507226228714, 4019.0], 'JobIds': ['124350960.0'], 'State': 'finished', 'RecordedSite': True}, '2': {'Retries': 0, 'Restarts': 0, 'SiteHistory': ['Unknown', 'T2_UK_London_IC', 'T2_UK_London_IC'], 'ResidentSetSize': [689780], 'SubmitTimes': [1742938942.0], 'StartTimes': [1742939160.0], 'EndTimes': [1742940103.0], 'TotalUserCpuTimeHistory': [490], 'TotalSysCpuTimeHistory': [79], 'WallDurations': [9.0, 138.507226228714, 943.0], 'JobIds': ['124350961.0'], 'State': 'finished', 'RecordedSite': True}, '8': {'Retries': 0, 'Restarts': 0, 'SiteHistory': ['Unknown', 'T2_IT_Legnaro', 'T2_IT_Legnaro'], 'ResidentSetSize': [92916], 'SubmitTimes': [1742938942.0], 'StartTimes': [1742939160.0], 'EndTimes': [1742939417.0], 'TotalUserCpuTimeHistory': [150], 'TotalSysCpuTimeHistory': [13], 'WallDurations': [8.0, 138.507226228714, 257.0], 'JobIds': ['124350962.0'], 'State': 'finished', 'RecordedSite': True}, '9': {'Retries': 0, 'Restarts': 0, 'SiteHistory': ['Unknown', 'T2_DE_RWTH', 'T2_DE_RWTH'], 'ResidentSetSize': [638632], 'SubmitTimes': [1742938942.0], 'StartTimes': [1742939160.0], 'EndTimes': [1742939729.0], 'TotalUserCpuTimeHistory': [207], 'TotalSysCpuTimeHistory': [27], 'WallDurations': [9.0, 138.507226228714, 569.0], 'JobIds': ['124350963.0'], 'State': 'finished', 'RecordedSite': True}, '12': {'Retries': 0, 'Restarts': 0, 'SiteHistory': ['Unknown', 'T2_US_Vanderbilt', 'T2_US_Vanderbilt'], 'ResidentSetSize': [1162692], 'SubmitTimes': [1742938942.0], 'StartTimes': [1742939237.0], 'EndTimes': [1742939947.0], 'TotalUserCpuTimeHistory': [381], 'TotalSysCpuTimeHistory': [15], 'WallDurations': [8.0, 61.50722622871399, 710.0], 'JobIds': ['124350964.0'], 'State': 'finished', 'RecordedSite': True}, '6': {'Retries': 0, 'Restarts': 0, 'SiteHistory': ['Unknown', 'T2_IT_Legnaro', 'T2_IT_Legnaro'], 'ResidentSetSize': [1267868], 'SubmitTimes': [1742938942.0], 'StartTimes': [1742939160.0], 'EndTimes': [1742940886.0], 'TotalUserCpuTimeHistory': [1281], 'TotalSysCpuTimeHistory': [118], 'WallDurations': [9.0, 138.507226228714, 1726.0], 'JobIds': ['124350965.0'], 'State': 'finished', 'RecordedSite': True}, '10': {'Retries': 0, 'Restarts': 0, 'SiteHistory': ['Unknown', 'T2_DE_DESY', 'T2_DE_DESY'], 'ResidentSetSize': [512544], 'SubmitTimes': [1742938942.0], 'StartTimes': [1742939160.0], 'EndTimes': [1742939579.0], 'TotalUserCpuTimeHistory': [217], 'TotalSysCpuTimeHistory': [39], 'WallDurations': [9.0, 138.507226228714, 419.0], 'JobIds': ['124350966.0'], 'State': 'finished', 'RecordedSite': True}, '5': {'Retries': 0, 'Restarts': 0, 'SiteHistory': ['Unknown', 'T2_IT_Legnaro', 'T2_IT_Legnaro'], 'ResidentSetSize': [766480], 'SubmitTimes': [1742938942.0], 'StartTimes': [1742939160.0], 'EndTimes': [1742940338.0], 'TotalUserCpuTimeHistory': [911], 'TotalSysCpuTimeHistory': [86], 'WallDurations': [9.0, 138.507226228714, 1178.0], 'JobIds': ['124350967.0'], 'State': 'finished', 'RecordedSite': True}, '17': {'Retries': 0, 'Restarts': 0, 'SiteHistory': ['Unknown', 'T1_UK_RAL', 'T1_UK_RAL'], 'ResidentSetSize': [1333396], 'SubmitTimes': [1742938942.0], 'StartTimes': [1742939021.0], 'EndTimes': [1742942769.0], 'TotalUserCpuTimeHistory': [1593], 'TotalSysCpuTimeHistory': [486], 'WallDurations': [8.0, 277.507226228714, 3748.0], 'JobIds': ['124350968.0'], 'State': 'finished', 'RecordedSite': True}, '3': {'Retries': 0, 'Restarts': 0, 'SiteHistory': ['Unknown', 'T1_ES_PIC', 'T1_ES_PIC'], 'ResidentSetSize': [805408], 'SubmitTimes': [1742938942.0], 'StartTimes': [1742939023.0], 'EndTimes': [1742941610.0], 'TotalUserCpuTimeHistory': [1326], 'TotalSysCpuTimeHistory': [234], 'WallDurations': [9.0, 275.507226228714, 2587.0], 'JobIds': ['124350969.0'], 'State': 'finished', 'RecordedSite': True}, '11': {'Retries': 0, 'Restarts': 0, 'SiteHistory': ['Unknown', 'T2_IT_Pisa', 'T2_IT_Pisa'], 'ResidentSetSize': [505128], 'SubmitTimes': [1742938942.0], 'StartTimes': [1742939160.0], 'EndTimes': [1742940119.0], 'TotalUserCpuTimeHistory': [462], 'TotalSysCpuTimeHistory': [36], 'WallDurations': [9.0, 138.507226228714, 959.0], 'JobIds': ['124350970.0'], 'State': 'finished', 'RecordedSite': True}, '19': {'Retries': 0, 'Restarts': 0, 'SiteHistory': ['Unknown', 'T1_UK_RAL', 'T1_UK_RAL'], 'ResidentSetSize': [1179200], 'SubmitTimes': [1742938942.0], 'StartTimes': [1742939021.0], 'EndTimes': [1742943065.0], 'TotalUserCpuTimeHistory': [1606], 'TotalSysCpuTimeHistory': [436], 'WallDurations': [8.0, 277.507226228714, 4044.0], 'JobIds': ['124350971.0'], 'State': 'finished', 'RecordedSite': True}, '20': {'Retries': 0, 'Restarts': 0, 'SiteHistory': ['Unknown', 'T1_UK_RAL', 'T1_UK_RAL'], 'ResidentSetSize': [1351680], 'SubmitTimes': [1742938942.0], 'StartTimes': [1742939022.0], 'EndTimes': [1742943433.0], 'TotalUserCpuTimeHistory': [2001], 'TotalSysCpuTimeHistory': [582], 'WallDurations': [8.0, 276.507226228714, 4411.0], 'JobIds': ['124350972.0'], 'State': 'finished', 'RecordedSite': True}, '22': {'Retries': 0, 'Restarts': 0, 'SiteHistory': ['Unknown', 'T1_UK_RAL', 'T1_UK_RAL'], 'ResidentSetSize': [1343484], 'SubmitTimes': [1742938942.0], 'StartTimes': [1742939022.0], 'EndTimes': [1742943581.0], 'TotalUserCpuTimeHistory': [1890], 'TotalSysCpuTimeHistory': [553], 'WallDurations': [8.0, 276.507226228714, 4559.0], 'JobIds': ['124350973.0'], 'State': 'finished', 'RecordedSite': True}, '23': {'Retries': 0, 'Restarts': 0, 'SiteHistory': ['Unknown', 'T1_UK_RAL', 'T1_UK_RAL'], 'ResidentSetSize': [693748], 'SubmitTimes': [1742938943.0], 'StartTimes': [1742939022.0], 'EndTimes': [1742940565.0], 'TotalUserCpuTimeHistory': [632], 'TotalSysCpuTimeHistory': [220], 'WallDurations': [8.0, 276.507226228714, 1543.0], 'JobIds': ['124350974.0'], 'State': 'finished', 'RecordedSite': True}, '4': {'Retries': 0, 'Restarts': 0, 'SiteHistory': ['Unknown', 'T2_UK_London_IC', 'T2_UK_London_IC'], 'ResidentSetSize': [812848], 'SubmitTimes': [1742938943.0], 'StartTimes': [1742939160.0], 'EndTimes': [1742939955.0], 'TotalUserCpuTimeHistory': [326], 'TotalSysCpuTimeHistory': [105], 'WallDurations': [9.0, 138.507226228714, 795.0], 'JobIds': ['124350975.0'], 'State': 'finished', 'RecordedSite': True}, '24': {'Retries': 0, 'Restarts': 0, 'SiteHistory': ['Unknown', 'T1_FR_CCIN2P3', 'T1_FR_CCIN2P3'], 'ResidentSetSize': [616100], 'SubmitTimes': [1742938943.0], 'StartTimes': [1742939020.0], 'EndTimes': [1742939489.0], 'TotalUserCpuTimeHistory': [206], 'TotalSysCpuTimeHistory': [73], 'WallDurations': [9.0, 278.507226228714, 469.0], 'JobIds': ['124350976.0'], 'State': 'finished', 'RecordedSite': True}, '28': {'Retries': 0, 'Restarts': 0, 'SiteHistory': ['Unknown', 'T2_US_Vanderbilt', 'T2_US_Vanderbilt'], 'ResidentSetSize': [1160420], 'SubmitTimes': [1742938943.0], 'StartTimes': [1742939236.0], 'EndTimes': [1742939980.0], 'TotalUserCpuTimeHistory': [289], 'TotalSysCpuTimeHistory': [16], 'WallDurations': [9.0, 62.50722622871399, 744.0], 'JobIds': ['124350977.0'], 'State': 'finished', 'RecordedSite': True}, '27': {'Retries': 0, 'Restarts': 0, 'SiteHistory': ['Unknown', 'T2_US_UCSD', 'T2_US_UCSD'], 'ResidentSetSize': [1094944], 'SubmitTimes': [1742938943.0], 'StartTimes': [1742939243.0], 'EndTimes': [1742940579.0], 'TotalUserCpuTimeHistory': [488], 'TotalSysCpuTimeHistory': [33], 'WallDurations': [9.0, 55.50722622871399, 1336.0], 'JobIds': ['124350978.0'], 'State': 'finished', 'RecordedSite': True}, '26': {'Retries': 0, 'Restarts': 0, 'SiteHistory': ['Unknown', 'T1_FR_CCIN2P3', 'T1_FR_CCIN2P3'], 'ResidentSetSize': [678520], 'SubmitTimes': [1742938943.0], 'StartTimes': [1742939022.0], 'EndTimes': [1742940552.0], 'TotalUserCpuTimeHistory': [765], 'TotalSysCpuTimeHistory': [295], 'WallDurations': [8.0, 276.507226228714, 1530.0], 'JobIds': ['124350979.0'], 'State': 'finished', 'RecordedSite': True}, '29': {'Retries': 0, 'Restarts': 0, 'SiteHistory': ['Unknown', 'T1_UK_RAL', 'T1_UK_RAL'], 'ResidentSetSize': [791796], 'SubmitTimes': [1742938943.0], 'StartTimes': [1742939023.0], 'EndTimes': [1742939976.0], 'TotalUserCpuTimeHistory': [360], 'TotalSysCpuTimeHistory': [98], 'WallDurations': [8.0, 275.507226228714, 953.0], 'JobIds': ['124350980.0'], 'State': 'finished', 'RecordedSite': True}, '25': {'Retries': 0, 'Restarts': 0, 'SiteHistory': ['Unknown', 'T1_FR_CCIN2P3', 'T1_FR_CCIN2P3'], 'ResidentSetSize': [885772], 'SubmitTimes': [1742938943.0], 'StartTimes': [1742939023.0], 'EndTimes': [1742941862.0], 'TotalUserCpuTimeHistory': [1336], 'TotalSysCpuTimeHistory': [513], 'WallDurations': [9.0, 275.507226228714, 2839.0], 'JobIds': ['124350981.0'], 'State': 'finished', 'RecordedSite': True}, '21': {'Retries': 0, 'Restarts': 0, 'SiteHistory': ['Unknown', 'T1_UK_RAL', 'T1_UK_RAL'], 'ResidentSetSize': [1091408], 'SubmitTimes': [1742938943.0], 'StartTimes': [1742939021.0], 'EndTimes': [1742942941.0], 'TotalUserCpuTimeHistory': [1714], 'TotalSysCpuTimeHistory': [504], 'WallDurations': [8.0, 277.507226228714, 3920.0], 'JobIds': ['124350982.0'], 'State': 'finished', 'RecordedSite': True}, '16': {'Retries': 0, 'Restarts': 0, 'SiteHistory': ['Unknown', 'T1_UK_RAL', 'T1_UK_RAL'], 'ResidentSetSize': [854104], 'SubmitTimes': [1742938943.0], 'StartTimes': [1742939022.0], 'EndTimes': [1742942989.0], 'TotalUserCpuTimeHistory': [1703], 'TotalSysCpuTimeHistory': [500], 'WallDurations': [8.0, 276.507226228714, 3967.0], 'JobIds': ['124350983.0'], 'State': 'finished', 'RecordedSite': True}}
INFO 2025-03-26 02:16:03.002 UTC: 	 Status on the scheduler:	COMPLETED
INFO 2025-03-26 02:16:03.002 UTC: 	 
Jobs status:                    finished     		100.0% (29/29)
DEBUG 2025-03-26 02:16:03.003 UTC: 	 Encoded data for curl request: subresource=publicationstatus&workflow=250325_213853%3Aamalhotr_crab_DYto2Mu4Jets_Unpacker_100&username=amalhotr
INFO 2025-03-26 02:16:03.041 UTC: 	 
Publication status of 1 dataset(s):	new          		100.0% (29/29)
(from CRAB internal bookkeeping in transferdb)
INFO 2025-03-26 02:16:03.042 UTC: 	 
Output dataset:			/DYto2Mu-4Jets_Bin-MLL-50_TuneCP5_13p6TeV_madgraphMLM-pythia8/amalhotr-DYto2Mu4Jets_Unpacker_100-49feb6938084587a06052f9676570a55/USER
Output dataset DAS URL:		https://cmsweb.cern.ch/das/request?input=%2FDYto2Mu-4Jets_Bin-MLL-50_TuneCP5_13p6TeV_madgraphMLM-pythia8%2Famalhotr-DYto2Mu4Jets_Unpacker_100-49feb6938084587a06052f9676570a55%2FUSER&instance=prod%2Fphys03
INFO 2025-03-26 02:16:03.042 UTC: 	 
Warning: the max jobs runtime is less than 30% of the task requested value (1250 min), please consider to request a lower value for failed jobs (allowed through crab resubmit) and/or improve the jobs splitting (e.g. config.Data.splitting = 'Automatic') in a new task.
INFO 2025-03-26 02:16:03.043 UTC: 	 
Summary of run jobs:
 * Memory: 90MB min, 1360MB max, 951MB ave
 * Runtime: 0:04:17 min, 1:15:59 max, 0:38:08 ave
 * CPU eff: 39% min, 85% max, 58% ave
 * Waste: 1:43:56 (9% of total)

INFO 2025-03-26 02:16:03.045 UTC: 	 Log file is /afs/cern.ch/user/a/amalhotr/CMSSW_14_0_18_patch1/src/Run3ScoutingAnalysisTools/crab_DYto2Mu4Jets_Unpacker_100/crab.log
DEBUG 2025-03-26 02:42:51.040 UTC: 	 CRAB Client version: v3.250318
DEBUG 2025-03-26 02:42:51.040 UTC: 	 Running on: Linux lxplus940.cern.ch 5.14.0-503.22.1.el9_5.x86_64 #1 SMP PREEMPT_DYNAMIC Wed Jan 15 08:02:15 EST 2025 x86_64 x86_64 x86_64 GNU/Linux
DEBUG 2025-03-26 02:42:51.040 UTC: 	 Not using Singularity
DEBUG 2025-03-26 02:42:51.040 UTC: 	 Operating System: Red Hat Enterprise Linux 9.5 (Plow)
DEBUG 2025-03-26 02:42:51.040 UTC: 	 Executing command: 'status'
DEBUG 2025-03-26 02:42:51.040 UTC: 	 Found CRAB cache file /afs/cern.ch/user/a/amalhotr/.crab3
DEBUG 2025-03-26 02:42:51.045 UTC: 	 Checking credentials
DEBUG 2025-03-26 02:42:51.045 UTC: 	 Found proxy file /tmp/x509up_u180451
DEBUG 2025-03-26 02:42:51.045 UTC: 	 Making sure it has proper VOMS extension
DEBUG 2025-03-26 02:42:51.045 UTC: 	 Executing command :
 voms-proxy-info --vo --file /tmp/x509up_u180451
DEBUG 2025-03-26 02:42:51.384 UTC: 	 output : cms

 error: 
 retcode : 0
DEBUG 2025-03-26 02:42:51.385 UTC: 	 Getting proxy life time left
DEBUG 2025-03-26 02:42:51.385 UTC: 	 Executing command :
 voms-proxy-info --actimeleft --timeleft --file /tmp/x509up_u180451
DEBUG 2025-03-26 02:42:51.715 UTC: 	 output : 672897
672897

 error: 
 retcode : 0
DEBUG 2025-03-26 02:42:51.715 UTC: 	 Proxy valid for 186:54:57 hours
DEBUG 2025-03-26 02:42:51.715 UTC: 	 Encoded data for curl request: subresource=delegatedn
DEBUG 2025-03-26 02:42:51.759 UTC: 	 Registering user credentials on myproxy for /DC=ch/DC=cern/OU=computers/CN=crab-(preprod|prod)-tw(01|02).cern.ch|/DC=ch/DC=cern/OU=computers/CN=crab-dev-tw(01|02|03|04).cern.ch|/DC=ch/DC=cern/OU=Organic Units/OU=Users/CN=cmscrab/CN=(817881|373708)/CN=Robot: cms crab|/DC=ch/DC=cern/OU=Organic Units/OU=Users/CN=crabint1/CN=373708/CN=Robot: CMS CRAB Integration 1
DEBUG 2025-03-26 02:42:51.759 UTC: 	 Executing command :
 voms-proxy-info --identity --file /tmp/x509up_u180451
DEBUG 2025-03-26 02:42:52.095 UTC: 	 output : /DC=ch/DC=cern/OU=Organic Units/OU=Users/CN=amalhotr/CN=884837/CN=Aryan Malhotra

 error: 
 retcode : 0
DEBUG 2025-03-26 02:42:52.095 UTC: 	 Getting myproxy life time left for 2382a3cf28fdeacb1de9b039908761ea517a5ed6
DEBUG 2025-03-26 02:42:52.095 UTC: 	 Executing command :
 myproxy-info -s myproxy.cern.ch -l 2382a3cf28fdeacb1de9b039908761ea517a5ed6
DEBUG 2025-03-26 02:42:52.490 UTC: 	 output : username: 2382a3cf28fdeacb1de9b039908761ea517a5ed6
owner: /DC=ch/DC=cern/OU=Organic Units/OU=Users/CN=amalhotr/CN=884837/CN=Aryan Malhotra
  renewal policy: /DC=ch/DC=cern/OU=computers/CN=crab-(preprod|prod)-tw(01|02).cern.ch|/DC=ch/DC=cern/OU=computers/CN=crab-dev-tw(01|02|03|04).cern.ch|/DC=ch/DC=cern/OU=Organic Units/OU=Users/CN=cmscrab/CN=(817881|373708)/CN=Robot: cms crab|/DC=ch/DC=cern/OU=Organic Units/OU=Users/CN=crabint1/CN=373708/CN=Robot: CMS CRAB Integration 1
  trusted retrieval policy: /DC=ch/DC=cern/OU=computers/CN=crab-(preprod|prod)-tw(01|02).cern.ch|/DC=ch/DC=cern/OU=computers/CN=crab-dev-tw(01|02|03|04).cern.ch|/DC=ch/DC=cern/OU=Organic Units/OU=Users/CN=cmscrab/CN=(817881|373708)/CN=Robot: cms crab|/DC=ch/DC=cern/OU=Organic Units/OU=Users/CN=crabint1/CN=373708/CN=Robot: CMS CRAB Integration 1
  timeleft: 553:37:26  (23.1 days)

 error: 
 retcode : 0
DEBUG 2025-03-26 02:42:52.490 UTC: 	 Myproxy is valid: 1993020
DEBUG 2025-03-26 02:42:52.490 UTC: 	 Result of myproxy credential check:
  Credential exists on myproxy: username: 2382a3cf28fdeacb1de9b039908761ea517a5ed6  - validity: 23 days, 1:37:00
DEBUG 2025-03-26 02:42:52.490 UTC: 	 Retrieving username ...
DEBUG 2025-03-26 02:42:52.490 UTC: 	 Retrieving username from CRIC...
DEBUG 2025-03-26 02:42:53.137 UTC: 	 username is amalhotr
INFO 2025-03-26 02:42:53.648 UTC: 	 Rucio client intialized for account amalhotr
DEBUG 2025-03-26 02:42:53.648 UTC: 	 Command use: status
DEBUG 2025-03-26 02:42:53.648 UTC: 	 Options use: ['-d', './crab_DYto2Mu4Jets_Unpacker_100']
DEBUG 2025-03-26 02:42:53.648 UTC: 	 Encoded data for curl request: subresource=version
DEBUG 2025-03-26 02:42:53.688 UTC: 	 CRABClient version: v3.250318
DEBUG 2025-03-26 02:42:53.688 UTC: 	 Instance is prod
DEBUG 2025-03-26 02:42:53.688 UTC: 	 Server base url is cmsweb.cern.ch
DEBUG 2025-03-26 02:42:53.688 UTC: 	 Command api workflow
DEBUG 2025-03-26 02:42:53.689 UTC: 	 Encoded data for curl request: subresource=search&workflow=250325_213853%3Aamalhotr_crab_DYto2Mu4Jets_Unpacker_100
DEBUG 2025-03-26 02:42:53.847 UTC: 	 Got information from server oracle database: {'desc': {'columns': ['tm_taskname', 'tm_activity', 'tm_task_status', 'tm_task_command', 'tm_start_time', 'tm_start_injection', 'tm_end_injection', 'tm_task_failure', 'tm_job_sw', 'tm_job_arch', 'tm_input_dataset', 'tm_nonvalid_input_dataset', 'tm_use_parent', 'tm_site_whitelist', 'tm_site_blacklist', 'tm_split_algo', 'tm_split_args', 'tm_user_sandbox', 'tm_cache_url', 'tm_username', 'tm_user_dn', 'tm_user_vo', 'tm_user_role', 'tm_user_group', 'tm_publish_name', 'tm_publish_groupname', 'tm_asyncdest', 'tm_dbs_url', 'tm_publish_dbs_url', 'tm_publication', 'tm_outfiles', 'tm_tfile_outfiles', 'tm_edm_outfiles', 'tm_job_type', 'tm_generator', 'tm_events_per_lumi', 'tm_arguments', 'tm_save_logs', 'tw_name', 'tm_user_infiles', 'tm_maxjobruntime', 'tm_numcores', 'tm_maxmemory', 'tm_priority', 'tm_output_dataset', 'tm_task_warnings', 'tm_user_webdir', 'tm_scriptexe', 'tm_scriptargs', 'tm_extrajdl', 'tm_collector', 'tm_schedd', 'tm_dry_run', 'tm_user_files', 'tm_transfer_outputs', 'tm_output_lfn', 'tm_ignore_locality', 'tm_fail_limit', 'tm_one_event_mode', 'tm_secondary_input_dataset', 'tm_primary_dataset', 'tm_last_publication', 'tm_debug_files', 'clusterid', 'tm_ignore_global_blacklist', 'tm_submitter_ip_addr', 'tm_totalunits', 'tm_ddm_reqid', 'tm_user_config', 'tm_transfer_container', 'tm_transfer_rule', 'tm_publish_rule', 'tm_multipub_rule', 'tm_job_min_microarch', 'tm_dagman_status', 'tm_num_jobs', 'tm_uploaded']}, 'result': ['250325_213853:amalhotr_crab_DYto2Mu4Jets_Unpacker_100', 'None', 'SUBMITTED', 'SUBMIT', '2025-03-25 21:38:53.687169', 'None', '2025-03-25 21:41:08.064743', 'None', 'CMSSW_14_0_18_patch1', 'el9_amd64_gcc12', '/DYto2Mu-4Jets_Bin-MLL-50_TuneCP5_13p6TeV_madgraphMLM-pythia8/RunIII2024Summer24MiniAOD-140X_mcRun3_2024_realistic_v26-v2/MINIAODSIM', 'F', '0', '[]', '[]', 'FileBased', "{'halt_job_on_file_boundaries': False, 'splitOnRun': False, 'files_per_job': 5, 'runs': [], 'lumis': []}", '3347ab5ebddcbcf20e5a549cff91c4ac4d53283ca301d10bc07120adeaa8b0f2.tar.gz', 'https://cmsweb.cern.ch/S3/crabcache_prod', 'amalhotr', '/DC=ch/DC=cern/OU=Organic Units/OU=Users/CN=amalhotr/CN=884837/CN=Aryan Malhotra', 'cms', 'None', 'None', 'DYto2Mu4Jets_Unpacker_100-00000000000000000000000000000000', 'F', 'T2_BR_SPRACE', 'https://cmsweb.cern.ch/dbs/prod/global/DBSReader', 'https://cmsweb.cern.ch/dbs/prod/phys03/DBSWriter', 'T', '[]', '[]', "['HLTUnpackerOutputLarge.root']", 'Analysis', 'pythia', 'None', '{}', 'T', 'crab-prod-tw01', '[]', '1250', '1', '2000', '10', "['/DYto2Mu-4Jets_Bin-MLL-50_TuneCP5_13p6TeV_madgraphMLM-pythia8/amalhotr-DYto2Mu4Jets_Unpacker_100-49feb6938084587a06052f9676570a55/USER']", '[]', 'http://vocms0122.cern.ch/mon/amalhotr/250325_213853:amalhotr_crab_DYto2Mu4Jets_Unpacker_100', 'None', '[]', '[]', 'cmsgwms-collector-global.cern.ch:9620,cmsgwms-collector-global.fnal.gov:9620', 'crab3@vocms0122.cern.ch', 'F', '[]', 'T', '/store/user/amalhotr/', 'F', 'None', 'F', 'None', 'DYto2Mu-4Jets_Bin-MLL-50_TuneCP5_13p6TeV_madgraphMLM-pythia8', 'None', '46abd81798f8172cc8a3a999c59ea9104a03ce5642e15b1dd94ed402b62ca33b.tar.gz', '124350952', 'F', '188.184.75.82', '100.0', 'None', '{"partialdataset": false, "requireaccelerator": false, "acceleratorparams": null, "inputblocks": null}', 'None', 'None', 'None', 'None', 'any', 'NOT_READY', '0', 'F']}
INFO 2025-03-26 02:42:53.847 UTC: 	 CRAB project directory:		/afs/cern.ch/user/a/amalhotr/CMSSW_14_0_18_patch1/src/Run3ScoutingAnalysisTools/crab_DYto2Mu4Jets_Unpacker_100
INFO 2025-03-26 02:42:53.848 UTC: 	 Task name:			250325_213853:amalhotr_crab_DYto2Mu4Jets_Unpacker_100
INFO 2025-03-26 02:42:53.848 UTC: 	 Grid scheduler - Task Worker:	crab3@vocms0122.cern.ch - crab-prod-tw01
INFO 2025-03-26 02:42:53.848 UTC: 	 Status on the CRAB server:	SUBMITTED
INFO 2025-03-26 02:42:53.848 UTC: 	 Task URL to use for HELP:	https://cmsweb.cern.ch/crabserver/ui/task/250325_213853%3Aamalhotr_crab_DYto2Mu4Jets_Unpacker_100
INFO 2025-03-26 02:42:53.853 UTC: 	 Dashboard monitoring URL:	https://monit-grafana.cern.ch/d/cmsTMDetail/cms-task-monitoring-task-view?orgId=11&var-user=amalhotr&var-task=250325_213853%3Aamalhotr_crab_DYto2Mu4Jets_Unpacker_100&from=1742935133000&to=now
DEBUG 2025-03-26 02:42:53.853 UTC: 	 The CRAB server submitted your task to the Grid scheduler (cluster ID: 124350952)
DEBUG 2025-03-26 02:42:53.853 UTC: 	 Webdir is located at http://vocms0122.cern.ch/mon/amalhotr/250325_213853:amalhotr_crab_DYto2Mu4Jets_Unpacker_100
DEBUG 2025-03-26 02:42:53.853 UTC: 	 Encoded data for curl request: subresource=webdirprx&workflow=250325_213853%3Aamalhotr_crab_DYto2Mu4Jets_Unpacker_100
DEBUG 2025-03-26 02:42:53.906 UTC: 	 Proxied webdir is located at https://cmsweb.cern.ch:8443/scheddmon/0122/amalhotr/250325_213853:amalhotr_crab_DYto2Mu4Jets_Unpacker_100
DEBUG 2025-03-26 02:42:53.906 UTC: 	 Retrieving 'status_cache' file from https://cmsweb.cern.ch:8443/scheddmon/0122/amalhotr/250325_213853:amalhotr_crab_DYto2Mu4Jets_Unpacker_100/status_cache.pkl
DEBUG 2025-03-26 02:42:53.906 UTC: 	 Will execute:
curl -sS --capath /etc/grid-security/certificates --cert /tmp/x509up_u180451 --key /tmp/x509up_u180451 -o /tmp/crab_status-cache-wkuc6guv.pkl -w %"{http_code}" "https://cmsweb.cern.ch:8443/scheddmon/0122/amalhotr/250325_213853:amalhotr_crab_DYto2Mu4Jets_Unpacker_100/status_cache.pkl"
DEBUG 2025-03-26 02:42:53.906 UTC: 	 Executing command :
 curl -sS --capath /etc/grid-security/certificates --cert /tmp/x509up_u180451 --key /tmp/x509up_u180451 -o /tmp/crab_status-cache-wkuc6guv.pkl -w %"{http_code}" "https://cmsweb.cern.ch:8443/scheddmon/0122/amalhotr/250325_213853:amalhotr_crab_DYto2Mu4Jets_Unpacker_100/status_cache.pkl"
DEBUG 2025-03-26 02:42:53.940 UTC: 	 output : 200
 error: 
 retcode : 0
DEBUG 2025-03-26 02:42:53.940 UTC: 	 exitcode: 0
stdout: 200
stderr: 
error details: 
DEBUG 2025-03-26 02:42:53.941 UTC: 	 Got information from status cache file: {'7': {'Retries': 0, 'Restarts': 0, 'SiteHistory': ['Unknown', 'T2_IT_Legnaro', 'T2_IT_Legnaro'], 'ResidentSetSize': [1327032], 'SubmitTimes': [1742938941.0], 'StartTimes': [1742939160.0], 'EndTimes': [1742941680.0], 'TotalUserCpuTimeHistory': [1728], 'TotalSysCpuTimeHistory': [121], 'WallDurations': [9.0, 138.507226228714, 2520.0], 'JobIds': ['124350955.0'], 'State': 'finished', 'RecordedSite': True}, '14': {'Retries': 0, 'Restarts': 0, 'SiteHistory': ['Unknown', 'T1_UK_RAL', 'T1_UK_RAL'], 'ResidentSetSize': [1265248], 'SubmitTimes': [1742938941.0], 'StartTimes': [1742939021.0], 'EndTimes': [1742942752.0], 'TotalUserCpuTimeHistory': [1608], 'TotalSysCpuTimeHistory': [425], 'WallDurations': [8.0, 277.507226228714, 3731.0], 'JobIds': ['124350956.0'], 'State': 'finished', 'RecordedSite': True}, '13': {'Retries': 0, 'Restarts': 0, 'SiteHistory': ['Unknown', 'T1_UK_RAL', 'T1_UK_RAL'], 'ResidentSetSize': [1340176], 'SubmitTimes': [1742938941.0], 'StartTimes': [1742939022.0], 'EndTimes': [1742943121.0], 'TotalUserCpuTimeHistory': [1838], 'TotalSysCpuTimeHistory': [525], 'WallDurations': [8.0, 276.507226228714, 4099.0], 'JobIds': ['124350957.0'], 'State': 'finished', 'RecordedSite': True}, '18': {'Retries': 0, 'Restarts': 0, 'SiteHistory': ['Unknown', 'T1_UK_RAL', 'T1_UK_RAL'], 'ResidentSetSize': [1303732], 'SubmitTimes': [1742938942.0], 'StartTimes': [1742939023.0], 'EndTimes': [1742942865.0], 'TotalUserCpuTimeHistory': [1740], 'TotalSysCpuTimeHistory': [513], 'WallDurations': [8.0, 275.507226228714, 3842.0], 'JobIds': ['124350958.0'], 'State': 'finished', 'RecordedSite': True}, '15': {'Retries': 0, 'Restarts': 0, 'SiteHistory': ['Unknown', 'T1_UK_RAL', 'T1_UK_RAL'], 'ResidentSetSize': [1393036], 'SubmitTimes': [1742938942.0], 'StartTimes': [1742939022.0], 'EndTimes': [1742942970.0], 'TotalUserCpuTimeHistory': [1676], 'TotalSysCpuTimeHistory': [527], 'WallDurations': [8.0, 276.507226228714, 3948.0], 'JobIds': ['124350959.0'], 'State': 'finished', 'RecordedSite': True}, '1': {'Retries': 0, 'Restarts': 0, 'SiteHistory': ['Unknown', 'T2_UK_London_IC', 'T2_UK_London_IC'], 'ResidentSetSize': [1275176], 'SubmitTimes': [1742938942.0], 'StartTimes': [1742939160.0], 'EndTimes': [1742943179.0], 'TotalUserCpuTimeHistory': [1717], 'TotalSysCpuTimeHistory': [620], 'WallDurations': [9.0, 138.507226228714, 4019.0], 'JobIds': ['124350960.0'], 'State': 'finished', 'RecordedSite': True}, '2': {'Retries': 0, 'Restarts': 0, 'SiteHistory': ['Unknown', 'T2_UK_London_IC', 'T2_UK_London_IC'], 'ResidentSetSize': [689780], 'SubmitTimes': [1742938942.0], 'StartTimes': [1742939160.0], 'EndTimes': [1742940103.0], 'TotalUserCpuTimeHistory': [490], 'TotalSysCpuTimeHistory': [79], 'WallDurations': [9.0, 138.507226228714, 943.0], 'JobIds': ['124350961.0'], 'State': 'finished', 'RecordedSite': True}, '8': {'Retries': 0, 'Restarts': 0, 'SiteHistory': ['Unknown', 'T2_IT_Legnaro', 'T2_IT_Legnaro'], 'ResidentSetSize': [92916], 'SubmitTimes': [1742938942.0], 'StartTimes': [1742939160.0], 'EndTimes': [1742939417.0], 'TotalUserCpuTimeHistory': [150], 'TotalSysCpuTimeHistory': [13], 'WallDurations': [8.0, 138.507226228714, 257.0], 'JobIds': ['124350962.0'], 'State': 'finished', 'RecordedSite': True}, '9': {'Retries': 0, 'Restarts': 0, 'SiteHistory': ['Unknown', 'T2_DE_RWTH', 'T2_DE_RWTH'], 'ResidentSetSize': [638632], 'SubmitTimes': [1742938942.0], 'StartTimes': [1742939160.0], 'EndTimes': [1742939729.0], 'TotalUserCpuTimeHistory': [207], 'TotalSysCpuTimeHistory': [27], 'WallDurations': [9.0, 138.507226228714, 569.0], 'JobIds': ['124350963.0'], 'State': 'finished', 'RecordedSite': True}, '12': {'Retries': 0, 'Restarts': 0, 'SiteHistory': ['Unknown', 'T2_US_Vanderbilt', 'T2_US_Vanderbilt'], 'ResidentSetSize': [1162692], 'SubmitTimes': [1742938942.0], 'StartTimes': [1742939237.0], 'EndTimes': [1742939947.0], 'TotalUserCpuTimeHistory': [381], 'TotalSysCpuTimeHistory': [15], 'WallDurations': [8.0, 61.50722622871399, 710.0], 'JobIds': ['124350964.0'], 'State': 'finished', 'RecordedSite': True}, '6': {'Retries': 0, 'Restarts': 0, 'SiteHistory': ['Unknown', 'T2_IT_Legnaro', 'T2_IT_Legnaro'], 'ResidentSetSize': [1267868], 'SubmitTimes': [1742938942.0], 'StartTimes': [1742939160.0], 'EndTimes': [1742940886.0], 'TotalUserCpuTimeHistory': [1281], 'TotalSysCpuTimeHistory': [118], 'WallDurations': [9.0, 138.507226228714, 1726.0], 'JobIds': ['124350965.0'], 'State': 'finished', 'RecordedSite': True}, '10': {'Retries': 0, 'Restarts': 0, 'SiteHistory': ['Unknown', 'T2_DE_DESY', 'T2_DE_DESY'], 'ResidentSetSize': [512544], 'SubmitTimes': [1742938942.0], 'StartTimes': [1742939160.0], 'EndTimes': [1742939579.0], 'TotalUserCpuTimeHistory': [217], 'TotalSysCpuTimeHistory': [39], 'WallDurations': [9.0, 138.507226228714, 419.0], 'JobIds': ['124350966.0'], 'State': 'finished', 'RecordedSite': True}, '5': {'Retries': 0, 'Restarts': 0, 'SiteHistory': ['Unknown', 'T2_IT_Legnaro', 'T2_IT_Legnaro'], 'ResidentSetSize': [766480], 'SubmitTimes': [1742938942.0], 'StartTimes': [1742939160.0], 'EndTimes': [1742940338.0], 'TotalUserCpuTimeHistory': [911], 'TotalSysCpuTimeHistory': [86], 'WallDurations': [9.0, 138.507226228714, 1178.0], 'JobIds': ['124350967.0'], 'State': 'finished', 'RecordedSite': True}, '17': {'Retries': 0, 'Restarts': 0, 'SiteHistory': ['Unknown', 'T1_UK_RAL', 'T1_UK_RAL'], 'ResidentSetSize': [1333396], 'SubmitTimes': [1742938942.0], 'StartTimes': [1742939021.0], 'EndTimes': [1742942769.0], 'TotalUserCpuTimeHistory': [1593], 'TotalSysCpuTimeHistory': [486], 'WallDurations': [8.0, 277.507226228714, 3748.0], 'JobIds': ['124350968.0'], 'State': 'finished', 'RecordedSite': True}, '3': {'Retries': 0, 'Restarts': 0, 'SiteHistory': ['Unknown', 'T1_ES_PIC', 'T1_ES_PIC'], 'ResidentSetSize': [805408], 'SubmitTimes': [1742938942.0], 'StartTimes': [1742939023.0], 'EndTimes': [1742941610.0], 'TotalUserCpuTimeHistory': [1326], 'TotalSysCpuTimeHistory': [234], 'WallDurations': [9.0, 275.507226228714, 2587.0], 'JobIds': ['124350969.0'], 'State': 'finished', 'RecordedSite': True}, '11': {'Retries': 0, 'Restarts': 0, 'SiteHistory': ['Unknown', 'T2_IT_Pisa', 'T2_IT_Pisa'], 'ResidentSetSize': [505128], 'SubmitTimes': [1742938942.0], 'StartTimes': [1742939160.0], 'EndTimes': [1742940119.0], 'TotalUserCpuTimeHistory': [462], 'TotalSysCpuTimeHistory': [36], 'WallDurations': [9.0, 138.507226228714, 959.0], 'JobIds': ['124350970.0'], 'State': 'finished', 'RecordedSite': True}, '19': {'Retries': 0, 'Restarts': 0, 'SiteHistory': ['Unknown', 'T1_UK_RAL', 'T1_UK_RAL'], 'ResidentSetSize': [1179200], 'SubmitTimes': [1742938942.0], 'StartTimes': [1742939021.0], 'EndTimes': [1742943065.0], 'TotalUserCpuTimeHistory': [1606], 'TotalSysCpuTimeHistory': [436], 'WallDurations': [8.0, 277.507226228714, 4044.0], 'JobIds': ['124350971.0'], 'State': 'finished', 'RecordedSite': True}, '20': {'Retries': 0, 'Restarts': 0, 'SiteHistory': ['Unknown', 'T1_UK_RAL', 'T1_UK_RAL'], 'ResidentSetSize': [1351680], 'SubmitTimes': [1742938942.0], 'StartTimes': [1742939022.0], 'EndTimes': [1742943433.0], 'TotalUserCpuTimeHistory': [2001], 'TotalSysCpuTimeHistory': [582], 'WallDurations': [8.0, 276.507226228714, 4411.0], 'JobIds': ['124350972.0'], 'State': 'finished', 'RecordedSite': True}, '22': {'Retries': 0, 'Restarts': 0, 'SiteHistory': ['Unknown', 'T1_UK_RAL', 'T1_UK_RAL'], 'ResidentSetSize': [1343484], 'SubmitTimes': [1742938942.0], 'StartTimes': [1742939022.0], 'EndTimes': [1742943581.0], 'TotalUserCpuTimeHistory': [1890], 'TotalSysCpuTimeHistory': [553], 'WallDurations': [8.0, 276.507226228714, 4559.0], 'JobIds': ['124350973.0'], 'State': 'finished', 'RecordedSite': True}, '23': {'Retries': 0, 'Restarts': 0, 'SiteHistory': ['Unknown', 'T1_UK_RAL', 'T1_UK_RAL'], 'ResidentSetSize': [693748], 'SubmitTimes': [1742938943.0], 'StartTimes': [1742939022.0], 'EndTimes': [1742940565.0], 'TotalUserCpuTimeHistory': [632], 'TotalSysCpuTimeHistory': [220], 'WallDurations': [8.0, 276.507226228714, 1543.0], 'JobIds': ['124350974.0'], 'State': 'finished', 'RecordedSite': True}, '4': {'Retries': 0, 'Restarts': 0, 'SiteHistory': ['Unknown', 'T2_UK_London_IC', 'T2_UK_London_IC'], 'ResidentSetSize': [812848], 'SubmitTimes': [1742938943.0], 'StartTimes': [1742939160.0], 'EndTimes': [1742939955.0], 'TotalUserCpuTimeHistory': [326], 'TotalSysCpuTimeHistory': [105], 'WallDurations': [9.0, 138.507226228714, 795.0], 'JobIds': ['124350975.0'], 'State': 'finished', 'RecordedSite': True}, '24': {'Retries': 0, 'Restarts': 0, 'SiteHistory': ['Unknown', 'T1_FR_CCIN2P3', 'T1_FR_CCIN2P3'], 'ResidentSetSize': [616100], 'SubmitTimes': [1742938943.0], 'StartTimes': [1742939020.0], 'EndTimes': [1742939489.0], 'TotalUserCpuTimeHistory': [206], 'TotalSysCpuTimeHistory': [73], 'WallDurations': [9.0, 278.507226228714, 469.0], 'JobIds': ['124350976.0'], 'State': 'finished', 'RecordedSite': True}, '28': {'Retries': 0, 'Restarts': 0, 'SiteHistory': ['Unknown', 'T2_US_Vanderbilt', 'T2_US_Vanderbilt'], 'ResidentSetSize': [1160420], 'SubmitTimes': [1742938943.0], 'StartTimes': [1742939236.0], 'EndTimes': [1742939980.0], 'TotalUserCpuTimeHistory': [289], 'TotalSysCpuTimeHistory': [16], 'WallDurations': [9.0, 62.50722622871399, 744.0], 'JobIds': ['124350977.0'], 'State': 'finished', 'RecordedSite': True}, '27': {'Retries': 0, 'Restarts': 0, 'SiteHistory': ['Unknown', 'T2_US_UCSD', 'T2_US_UCSD'], 'ResidentSetSize': [1094944], 'SubmitTimes': [1742938943.0], 'StartTimes': [1742939243.0], 'EndTimes': [1742940579.0], 'TotalUserCpuTimeHistory': [488], 'TotalSysCpuTimeHistory': [33], 'WallDurations': [9.0, 55.50722622871399, 1336.0], 'JobIds': ['124350978.0'], 'State': 'finished', 'RecordedSite': True}, '26': {'Retries': 0, 'Restarts': 0, 'SiteHistory': ['Unknown', 'T1_FR_CCIN2P3', 'T1_FR_CCIN2P3'], 'ResidentSetSize': [678520], 'SubmitTimes': [1742938943.0], 'StartTimes': [1742939022.0], 'EndTimes': [1742940552.0], 'TotalUserCpuTimeHistory': [765], 'TotalSysCpuTimeHistory': [295], 'WallDurations': [8.0, 276.507226228714, 1530.0], 'JobIds': ['124350979.0'], 'State': 'finished', 'RecordedSite': True}, '29': {'Retries': 0, 'Restarts': 0, 'SiteHistory': ['Unknown', 'T1_UK_RAL', 'T1_UK_RAL'], 'ResidentSetSize': [791796], 'SubmitTimes': [1742938943.0], 'StartTimes': [1742939023.0], 'EndTimes': [1742939976.0], 'TotalUserCpuTimeHistory': [360], 'TotalSysCpuTimeHistory': [98], 'WallDurations': [8.0, 275.507226228714, 953.0], 'JobIds': ['124350980.0'], 'State': 'finished', 'RecordedSite': True}, '25': {'Retries': 0, 'Restarts': 0, 'SiteHistory': ['Unknown', 'T1_FR_CCIN2P3', 'T1_FR_CCIN2P3'], 'ResidentSetSize': [885772], 'SubmitTimes': [1742938943.0], 'StartTimes': [1742939023.0], 'EndTimes': [1742941862.0], 'TotalUserCpuTimeHistory': [1336], 'TotalSysCpuTimeHistory': [513], 'WallDurations': [9.0, 275.507226228714, 2839.0], 'JobIds': ['124350981.0'], 'State': 'finished', 'RecordedSite': True}, '21': {'Retries': 0, 'Restarts': 0, 'SiteHistory': ['Unknown', 'T1_UK_RAL', 'T1_UK_RAL'], 'ResidentSetSize': [1091408], 'SubmitTimes': [1742938943.0], 'StartTimes': [1742939021.0], 'EndTimes': [1742942941.0], 'TotalUserCpuTimeHistory': [1714], 'TotalSysCpuTimeHistory': [504], 'WallDurations': [8.0, 277.507226228714, 3920.0], 'JobIds': ['124350982.0'], 'State': 'finished', 'RecordedSite': True}, '16': {'Retries': 0, 'Restarts': 0, 'SiteHistory': ['Unknown', 'T1_UK_RAL', 'T1_UK_RAL'], 'ResidentSetSize': [854104], 'SubmitTimes': [1742938943.0], 'StartTimes': [1742939022.0], 'EndTimes': [1742942989.0], 'TotalUserCpuTimeHistory': [1703], 'TotalSysCpuTimeHistory': [500], 'WallDurations': [8.0, 276.507226228714, 3967.0], 'JobIds': ['124350983.0'], 'State': 'finished', 'RecordedSite': True}}
INFO 2025-03-26 02:42:53.941 UTC: 	 Status on the scheduler:	COMPLETED
INFO 2025-03-26 02:42:53.941 UTC: 	 
Jobs status:                    finished     		100.0% (29/29)
DEBUG 2025-03-26 02:42:53.941 UTC: 	 Encoded data for curl request: subresource=publicationstatus&workflow=250325_213853%3Aamalhotr_crab_DYto2Mu4Jets_Unpacker_100&username=amalhotr
INFO 2025-03-26 02:42:53.992 UTC: 	 
Publication status of 1 dataset(s):	new          		100.0% (29/29)
(from CRAB internal bookkeeping in transferdb)
INFO 2025-03-26 02:42:53.993 UTC: 	 
Output dataset:			/DYto2Mu-4Jets_Bin-MLL-50_TuneCP5_13p6TeV_madgraphMLM-pythia8/amalhotr-DYto2Mu4Jets_Unpacker_100-49feb6938084587a06052f9676570a55/USER
Output dataset DAS URL:		https://cmsweb.cern.ch/das/request?input=%2FDYto2Mu-4Jets_Bin-MLL-50_TuneCP5_13p6TeV_madgraphMLM-pythia8%2Famalhotr-DYto2Mu4Jets_Unpacker_100-49feb6938084587a06052f9676570a55%2FUSER&instance=prod%2Fphys03
INFO 2025-03-26 02:42:53.994 UTC: 	 
Warning: the max jobs runtime is less than 30% of the task requested value (1250 min), please consider to request a lower value for failed jobs (allowed through crab resubmit) and/or improve the jobs splitting (e.g. config.Data.splitting = 'Automatic') in a new task.
INFO 2025-03-26 02:42:53.994 UTC: 	 
Summary of run jobs:
 * Memory: 90MB min, 1360MB max, 951MB ave
 * Runtime: 0:04:17 min, 1:15:59 max, 0:38:08 ave
 * CPU eff: 39% min, 85% max, 58% ave
 * Waste: 1:43:56 (9% of total)

INFO 2025-03-26 02:42:53.996 UTC: 	 Log file is /afs/cern.ch/user/a/amalhotr/CMSSW_14_0_18_patch1/src/Run3ScoutingAnalysisTools/crab_DYto2Mu4Jets_Unpacker_100/crab.log
DEBUG 2025-03-26 03:47:48.141 UTC: 	 CRAB Client version: v3.250318
DEBUG 2025-03-26 03:47:48.141 UTC: 	 Running on: Linux lxplus940.cern.ch 5.14.0-503.22.1.el9_5.x86_64 #1 SMP PREEMPT_DYNAMIC Wed Jan 15 08:02:15 EST 2025 x86_64 x86_64 x86_64 GNU/Linux
DEBUG 2025-03-26 03:47:48.141 UTC: 	 Not using Singularity
DEBUG 2025-03-26 03:47:48.141 UTC: 	 Operating System: Red Hat Enterprise Linux 9.5 (Plow)
DEBUG 2025-03-26 03:47:48.141 UTC: 	 Executing command: 'status'
DEBUG 2025-03-26 03:47:48.141 UTC: 	 Found CRAB cache file /afs/cern.ch/user/a/amalhotr/.crab3
DEBUG 2025-03-26 03:47:48.147 UTC: 	 Checking credentials
DEBUG 2025-03-26 03:47:48.147 UTC: 	 Found proxy file /tmp/x509up_u180451
DEBUG 2025-03-26 03:47:48.147 UTC: 	 Making sure it has proper VOMS extension
DEBUG 2025-03-26 03:47:48.147 UTC: 	 Executing command :
 voms-proxy-info --vo --file /tmp/x509up_u180451
DEBUG 2025-03-26 03:47:48.486 UTC: 	 output : cms

 error: 
 retcode : 0
DEBUG 2025-03-26 03:47:48.486 UTC: 	 Getting proxy life time left
DEBUG 2025-03-26 03:47:48.486 UTC: 	 Executing command :
 voms-proxy-info --actimeleft --timeleft --file /tmp/x509up_u180451
DEBUG 2025-03-26 03:47:48.818 UTC: 	 output : 669000
669000

 error: 
 retcode : 0
DEBUG 2025-03-26 03:47:48.819 UTC: 	 Proxy valid for 185:50:00 hours
DEBUG 2025-03-26 03:47:48.819 UTC: 	 Encoded data for curl request: subresource=delegatedn
DEBUG 2025-03-26 03:47:48.868 UTC: 	 Registering user credentials on myproxy for /DC=ch/DC=cern/OU=computers/CN=crab-(preprod|prod)-tw(01|02).cern.ch|/DC=ch/DC=cern/OU=computers/CN=crab-dev-tw(01|02|03|04).cern.ch|/DC=ch/DC=cern/OU=Organic Units/OU=Users/CN=cmscrab/CN=(817881|373708)/CN=Robot: cms crab|/DC=ch/DC=cern/OU=Organic Units/OU=Users/CN=crabint1/CN=373708/CN=Robot: CMS CRAB Integration 1
DEBUG 2025-03-26 03:47:48.869 UTC: 	 Executing command :
 voms-proxy-info --identity --file /tmp/x509up_u180451
DEBUG 2025-03-26 03:47:49.184 UTC: 	 output : /DC=ch/DC=cern/OU=Organic Units/OU=Users/CN=amalhotr/CN=884837/CN=Aryan Malhotra

 error: 
 retcode : 0
DEBUG 2025-03-26 03:47:49.184 UTC: 	 Getting myproxy life time left for 2382a3cf28fdeacb1de9b039908761ea517a5ed6
DEBUG 2025-03-26 03:47:49.184 UTC: 	 Executing command :
 myproxy-info -s myproxy.cern.ch -l 2382a3cf28fdeacb1de9b039908761ea517a5ed6
DEBUG 2025-03-26 03:47:49.474 UTC: 	 output : username: 2382a3cf28fdeacb1de9b039908761ea517a5ed6
owner: /DC=ch/DC=cern/OU=Organic Units/OU=Users/CN=amalhotr/CN=884837/CN=Aryan Malhotra
  renewal policy: /DC=ch/DC=cern/OU=computers/CN=crab-(preprod|prod)-tw(01|02).cern.ch|/DC=ch/DC=cern/OU=computers/CN=crab-dev-tw(01|02|03|04).cern.ch|/DC=ch/DC=cern/OU=Organic Units/OU=Users/CN=cmscrab/CN=(817881|373708)/CN=Robot: cms crab|/DC=ch/DC=cern/OU=Organic Units/OU=Users/CN=crabint1/CN=373708/CN=Robot: CMS CRAB Integration 1
  trusted retrieval policy: /DC=ch/DC=cern/OU=computers/CN=crab-(preprod|prod)-tw(01|02).cern.ch|/DC=ch/DC=cern/OU=computers/CN=crab-dev-tw(01|02|03|04).cern.ch|/DC=ch/DC=cern/OU=Organic Units/OU=Users/CN=cmscrab/CN=(817881|373708)/CN=Robot: cms crab|/DC=ch/DC=cern/OU=Organic Units/OU=Users/CN=crabint1/CN=373708/CN=Robot: CMS CRAB Integration 1
  timeleft: 552:32:29  (23.0 days)

 error: 
 retcode : 0
DEBUG 2025-03-26 03:47:49.474 UTC: 	 Myproxy is valid: 1989120
DEBUG 2025-03-26 03:47:49.474 UTC: 	 Result of myproxy credential check:
  Credential exists on myproxy: username: 2382a3cf28fdeacb1de9b039908761ea517a5ed6  - validity: 23 days, 0:32:00
DEBUG 2025-03-26 03:47:49.474 UTC: 	 Retrieving username ...
DEBUG 2025-03-26 03:47:49.474 UTC: 	 Retrieving username from CRIC...
DEBUG 2025-03-26 03:47:50.106 UTC: 	 username is amalhotr
INFO 2025-03-26 03:47:50.847 UTC: 	 Rucio client intialized for account amalhotr
DEBUG 2025-03-26 03:47:50.848 UTC: 	 Command use: status
DEBUG 2025-03-26 03:47:50.848 UTC: 	 Options use: ['-d', './crab_DYto2Mu4Jets_Unpacker_100']
DEBUG 2025-03-26 03:47:50.848 UTC: 	 Encoded data for curl request: subresource=version
DEBUG 2025-03-26 03:47:50.888 UTC: 	 CRABClient version: v3.250318
DEBUG 2025-03-26 03:47:50.888 UTC: 	 Instance is prod
DEBUG 2025-03-26 03:47:50.888 UTC: 	 Server base url is cmsweb.cern.ch
DEBUG 2025-03-26 03:47:50.888 UTC: 	 Command api workflow
DEBUG 2025-03-26 03:47:50.888 UTC: 	 Encoded data for curl request: subresource=search&workflow=250325_213853%3Aamalhotr_crab_DYto2Mu4Jets_Unpacker_100
DEBUG 2025-03-26 03:47:50.935 UTC: 	 Got information from server oracle database: {'desc': {'columns': ['tm_taskname', 'tm_activity', 'tm_task_status', 'tm_task_command', 'tm_start_time', 'tm_start_injection', 'tm_end_injection', 'tm_task_failure', 'tm_job_sw', 'tm_job_arch', 'tm_input_dataset', 'tm_nonvalid_input_dataset', 'tm_use_parent', 'tm_site_whitelist', 'tm_site_blacklist', 'tm_split_algo', 'tm_split_args', 'tm_user_sandbox', 'tm_cache_url', 'tm_username', 'tm_user_dn', 'tm_user_vo', 'tm_user_role', 'tm_user_group', 'tm_publish_name', 'tm_publish_groupname', 'tm_asyncdest', 'tm_dbs_url', 'tm_publish_dbs_url', 'tm_publication', 'tm_outfiles', 'tm_tfile_outfiles', 'tm_edm_outfiles', 'tm_job_type', 'tm_generator', 'tm_events_per_lumi', 'tm_arguments', 'tm_save_logs', 'tw_name', 'tm_user_infiles', 'tm_maxjobruntime', 'tm_numcores', 'tm_maxmemory', 'tm_priority', 'tm_output_dataset', 'tm_task_warnings', 'tm_user_webdir', 'tm_scriptexe', 'tm_scriptargs', 'tm_extrajdl', 'tm_collector', 'tm_schedd', 'tm_dry_run', 'tm_user_files', 'tm_transfer_outputs', 'tm_output_lfn', 'tm_ignore_locality', 'tm_fail_limit', 'tm_one_event_mode', 'tm_secondary_input_dataset', 'tm_primary_dataset', 'tm_last_publication', 'tm_debug_files', 'clusterid', 'tm_ignore_global_blacklist', 'tm_submitter_ip_addr', 'tm_totalunits', 'tm_ddm_reqid', 'tm_user_config', 'tm_transfer_container', 'tm_transfer_rule', 'tm_publish_rule', 'tm_multipub_rule', 'tm_job_min_microarch', 'tm_dagman_status', 'tm_num_jobs', 'tm_uploaded']}, 'result': ['250325_213853:amalhotr_crab_DYto2Mu4Jets_Unpacker_100', 'None', 'SUBMITTED', 'SUBMIT', '2025-03-25 21:38:53.687169', 'None', '2025-03-25 21:41:08.064743', 'None', 'CMSSW_14_0_18_patch1', 'el9_amd64_gcc12', '/DYto2Mu-4Jets_Bin-MLL-50_TuneCP5_13p6TeV_madgraphMLM-pythia8/RunIII2024Summer24MiniAOD-140X_mcRun3_2024_realistic_v26-v2/MINIAODSIM', 'F', '0', '[]', '[]', 'FileBased', "{'halt_job_on_file_boundaries': False, 'splitOnRun': False, 'files_per_job': 5, 'runs': [], 'lumis': []}", '3347ab5ebddcbcf20e5a549cff91c4ac4d53283ca301d10bc07120adeaa8b0f2.tar.gz', 'https://cmsweb.cern.ch/S3/crabcache_prod', 'amalhotr', '/DC=ch/DC=cern/OU=Organic Units/OU=Users/CN=amalhotr/CN=884837/CN=Aryan Malhotra', 'cms', 'None', 'None', 'DYto2Mu4Jets_Unpacker_100-00000000000000000000000000000000', 'F', 'T2_BR_SPRACE', 'https://cmsweb.cern.ch/dbs/prod/global/DBSReader', 'https://cmsweb.cern.ch/dbs/prod/phys03/DBSWriter', 'T', '[]', '[]', "['HLTUnpackerOutputLarge.root']", 'Analysis', 'pythia', 'None', '{}', 'T', 'crab-prod-tw01', '[]', '1250', '1', '2000', '10', "['/DYto2Mu-4Jets_Bin-MLL-50_TuneCP5_13p6TeV_madgraphMLM-pythia8/amalhotr-DYto2Mu4Jets_Unpacker_100-49feb6938084587a06052f9676570a55/USER']", '[]', 'http://vocms0122.cern.ch/mon/amalhotr/250325_213853:amalhotr_crab_DYto2Mu4Jets_Unpacker_100', 'None', '[]', '[]', 'cmsgwms-collector-global.cern.ch:9620,cmsgwms-collector-global.fnal.gov:9620', 'crab3@vocms0122.cern.ch', 'F', '[]', 'T', '/store/user/amalhotr/', 'F', 'None', 'F', 'None', 'DYto2Mu-4Jets_Bin-MLL-50_TuneCP5_13p6TeV_madgraphMLM-pythia8', 'None', '46abd81798f8172cc8a3a999c59ea9104a03ce5642e15b1dd94ed402b62ca33b.tar.gz', '124350952', 'F', '188.184.75.82', '100.0', 'None', '{"partialdataset": false, "requireaccelerator": false, "acceleratorparams": null, "inputblocks": null}', 'None', 'None', 'None', 'None', 'any', 'NOT_READY', '0', 'F']}
INFO 2025-03-26 03:47:50.935 UTC: 	 CRAB project directory:		/afs/cern.ch/user/a/amalhotr/CMSSW_14_0_18_patch1/src/Run3ScoutingAnalysisTools/crab_DYto2Mu4Jets_Unpacker_100
INFO 2025-03-26 03:47:50.936 UTC: 	 Task name:			250325_213853:amalhotr_crab_DYto2Mu4Jets_Unpacker_100
INFO 2025-03-26 03:47:50.936 UTC: 	 Grid scheduler - Task Worker:	crab3@vocms0122.cern.ch - crab-prod-tw01
INFO 2025-03-26 03:47:50.936 UTC: 	 Status on the CRAB server:	SUBMITTED
INFO 2025-03-26 03:47:50.936 UTC: 	 Task URL to use for HELP:	https://cmsweb.cern.ch/crabserver/ui/task/250325_213853%3Aamalhotr_crab_DYto2Mu4Jets_Unpacker_100
INFO 2025-03-26 03:47:50.942 UTC: 	 Dashboard monitoring URL:	https://monit-grafana.cern.ch/d/cmsTMDetail/cms-task-monitoring-task-view?orgId=11&var-user=amalhotr&var-task=250325_213853%3Aamalhotr_crab_DYto2Mu4Jets_Unpacker_100&from=1742935133000&to=now
DEBUG 2025-03-26 03:47:50.943 UTC: 	 The CRAB server submitted your task to the Grid scheduler (cluster ID: 124350952)
DEBUG 2025-03-26 03:47:50.943 UTC: 	 Webdir is located at http://vocms0122.cern.ch/mon/amalhotr/250325_213853:amalhotr_crab_DYto2Mu4Jets_Unpacker_100
DEBUG 2025-03-26 03:47:50.943 UTC: 	 Encoded data for curl request: subresource=webdirprx&workflow=250325_213853%3Aamalhotr_crab_DYto2Mu4Jets_Unpacker_100
DEBUG 2025-03-26 03:47:50.981 UTC: 	 Proxied webdir is located at https://cmsweb.cern.ch:8443/scheddmon/0122/amalhotr/250325_213853:amalhotr_crab_DYto2Mu4Jets_Unpacker_100
DEBUG 2025-03-26 03:47:50.981 UTC: 	 Retrieving 'status_cache' file from https://cmsweb.cern.ch:8443/scheddmon/0122/amalhotr/250325_213853:amalhotr_crab_DYto2Mu4Jets_Unpacker_100/status_cache.pkl
DEBUG 2025-03-26 03:47:50.981 UTC: 	 Will execute:
curl -sS --capath /etc/grid-security/certificates --cert /tmp/x509up_u180451 --key /tmp/x509up_u180451 -o /tmp/crab_status-cache-_xpm8ijz.pkl -w %"{http_code}" "https://cmsweb.cern.ch:8443/scheddmon/0122/amalhotr/250325_213853:amalhotr_crab_DYto2Mu4Jets_Unpacker_100/status_cache.pkl"
DEBUG 2025-03-26 03:47:50.981 UTC: 	 Executing command :
 curl -sS --capath /etc/grid-security/certificates --cert /tmp/x509up_u180451 --key /tmp/x509up_u180451 -o /tmp/crab_status-cache-_xpm8ijz.pkl -w %"{http_code}" "https://cmsweb.cern.ch:8443/scheddmon/0122/amalhotr/250325_213853:amalhotr_crab_DYto2Mu4Jets_Unpacker_100/status_cache.pkl"
DEBUG 2025-03-26 03:47:51.020 UTC: 	 output : 200
 error: 
 retcode : 0
DEBUG 2025-03-26 03:47:51.021 UTC: 	 exitcode: 0
stdout: 200
stderr: 
error details: 
DEBUG 2025-03-26 03:47:51.021 UTC: 	 Got information from status cache file: {'7': {'Retries': 0, 'Restarts': 0, 'SiteHistory': ['Unknown', 'T2_IT_Legnaro', 'T2_IT_Legnaro'], 'ResidentSetSize': [1327032], 'SubmitTimes': [1742938941.0], 'StartTimes': [1742939160.0], 'EndTimes': [1742941680.0], 'TotalUserCpuTimeHistory': [1728], 'TotalSysCpuTimeHistory': [121], 'WallDurations': [9.0, 138.507226228714, 2520.0], 'JobIds': ['124350955.0'], 'State': 'finished', 'RecordedSite': True}, '14': {'Retries': 0, 'Restarts': 0, 'SiteHistory': ['Unknown', 'T1_UK_RAL', 'T1_UK_RAL'], 'ResidentSetSize': [1265248], 'SubmitTimes': [1742938941.0], 'StartTimes': [1742939021.0], 'EndTimes': [1742942752.0], 'TotalUserCpuTimeHistory': [1608], 'TotalSysCpuTimeHistory': [425], 'WallDurations': [8.0, 277.507226228714, 3731.0], 'JobIds': ['124350956.0'], 'State': 'finished', 'RecordedSite': True}, '13': {'Retries': 0, 'Restarts': 0, 'SiteHistory': ['Unknown', 'T1_UK_RAL', 'T1_UK_RAL'], 'ResidentSetSize': [1340176], 'SubmitTimes': [1742938941.0], 'StartTimes': [1742939022.0], 'EndTimes': [1742943121.0], 'TotalUserCpuTimeHistory': [1838], 'TotalSysCpuTimeHistory': [525], 'WallDurations': [8.0, 276.507226228714, 4099.0], 'JobIds': ['124350957.0'], 'State': 'finished', 'RecordedSite': True}, '18': {'Retries': 0, 'Restarts': 0, 'SiteHistory': ['Unknown', 'T1_UK_RAL', 'T1_UK_RAL'], 'ResidentSetSize': [1303732], 'SubmitTimes': [1742938942.0], 'StartTimes': [1742939023.0], 'EndTimes': [1742942865.0], 'TotalUserCpuTimeHistory': [1740], 'TotalSysCpuTimeHistory': [513], 'WallDurations': [8.0, 275.507226228714, 3842.0], 'JobIds': ['124350958.0'], 'State': 'finished', 'RecordedSite': True}, '15': {'Retries': 0, 'Restarts': 0, 'SiteHistory': ['Unknown', 'T1_UK_RAL', 'T1_UK_RAL'], 'ResidentSetSize': [1393036], 'SubmitTimes': [1742938942.0], 'StartTimes': [1742939022.0], 'EndTimes': [1742942970.0], 'TotalUserCpuTimeHistory': [1676], 'TotalSysCpuTimeHistory': [527], 'WallDurations': [8.0, 276.507226228714, 3948.0], 'JobIds': ['124350959.0'], 'State': 'finished', 'RecordedSite': True}, '1': {'Retries': 0, 'Restarts': 0, 'SiteHistory': ['Unknown', 'T2_UK_London_IC', 'T2_UK_London_IC'], 'ResidentSetSize': [1275176], 'SubmitTimes': [1742938942.0], 'StartTimes': [1742939160.0], 'EndTimes': [1742943179.0], 'TotalUserCpuTimeHistory': [1717], 'TotalSysCpuTimeHistory': [620], 'WallDurations': [9.0, 138.507226228714, 4019.0], 'JobIds': ['124350960.0'], 'State': 'finished', 'RecordedSite': True}, '2': {'Retries': 0, 'Restarts': 0, 'SiteHistory': ['Unknown', 'T2_UK_London_IC', 'T2_UK_London_IC'], 'ResidentSetSize': [689780], 'SubmitTimes': [1742938942.0], 'StartTimes': [1742939160.0], 'EndTimes': [1742940103.0], 'TotalUserCpuTimeHistory': [490], 'TotalSysCpuTimeHistory': [79], 'WallDurations': [9.0, 138.507226228714, 943.0], 'JobIds': ['124350961.0'], 'State': 'finished', 'RecordedSite': True}, '8': {'Retries': 0, 'Restarts': 0, 'SiteHistory': ['Unknown', 'T2_IT_Legnaro', 'T2_IT_Legnaro'], 'ResidentSetSize': [92916], 'SubmitTimes': [1742938942.0], 'StartTimes': [1742939160.0], 'EndTimes': [1742939417.0], 'TotalUserCpuTimeHistory': [150], 'TotalSysCpuTimeHistory': [13], 'WallDurations': [8.0, 138.507226228714, 257.0], 'JobIds': ['124350962.0'], 'State': 'finished', 'RecordedSite': True}, '9': {'Retries': 0, 'Restarts': 0, 'SiteHistory': ['Unknown', 'T2_DE_RWTH', 'T2_DE_RWTH'], 'ResidentSetSize': [638632], 'SubmitTimes': [1742938942.0], 'StartTimes': [1742939160.0], 'EndTimes': [1742939729.0], 'TotalUserCpuTimeHistory': [207], 'TotalSysCpuTimeHistory': [27], 'WallDurations': [9.0, 138.507226228714, 569.0], 'JobIds': ['124350963.0'], 'State': 'finished', 'RecordedSite': True}, '12': {'Retries': 0, 'Restarts': 0, 'SiteHistory': ['Unknown', 'T2_US_Vanderbilt', 'T2_US_Vanderbilt'], 'ResidentSetSize': [1162692], 'SubmitTimes': [1742938942.0], 'StartTimes': [1742939237.0], 'EndTimes': [1742939947.0], 'TotalUserCpuTimeHistory': [381], 'TotalSysCpuTimeHistory': [15], 'WallDurations': [8.0, 61.50722622871399, 710.0], 'JobIds': ['124350964.0'], 'State': 'finished', 'RecordedSite': True}, '6': {'Retries': 0, 'Restarts': 0, 'SiteHistory': ['Unknown', 'T2_IT_Legnaro', 'T2_IT_Legnaro'], 'ResidentSetSize': [1267868], 'SubmitTimes': [1742938942.0], 'StartTimes': [1742939160.0], 'EndTimes': [1742940886.0], 'TotalUserCpuTimeHistory': [1281], 'TotalSysCpuTimeHistory': [118], 'WallDurations': [9.0, 138.507226228714, 1726.0], 'JobIds': ['124350965.0'], 'State': 'finished', 'RecordedSite': True}, '10': {'Retries': 0, 'Restarts': 0, 'SiteHistory': ['Unknown', 'T2_DE_DESY', 'T2_DE_DESY'], 'ResidentSetSize': [512544], 'SubmitTimes': [1742938942.0], 'StartTimes': [1742939160.0], 'EndTimes': [1742939579.0], 'TotalUserCpuTimeHistory': [217], 'TotalSysCpuTimeHistory': [39], 'WallDurations': [9.0, 138.507226228714, 419.0], 'JobIds': ['124350966.0'], 'State': 'finished', 'RecordedSite': True}, '5': {'Retries': 0, 'Restarts': 0, 'SiteHistory': ['Unknown', 'T2_IT_Legnaro', 'T2_IT_Legnaro'], 'ResidentSetSize': [766480], 'SubmitTimes': [1742938942.0], 'StartTimes': [1742939160.0], 'EndTimes': [1742940338.0], 'TotalUserCpuTimeHistory': [911], 'TotalSysCpuTimeHistory': [86], 'WallDurations': [9.0, 138.507226228714, 1178.0], 'JobIds': ['124350967.0'], 'State': 'finished', 'RecordedSite': True}, '17': {'Retries': 0, 'Restarts': 0, 'SiteHistory': ['Unknown', 'T1_UK_RAL', 'T1_UK_RAL'], 'ResidentSetSize': [1333396], 'SubmitTimes': [1742938942.0], 'StartTimes': [1742939021.0], 'EndTimes': [1742942769.0], 'TotalUserCpuTimeHistory': [1593], 'TotalSysCpuTimeHistory': [486], 'WallDurations': [8.0, 277.507226228714, 3748.0], 'JobIds': ['124350968.0'], 'State': 'finished', 'RecordedSite': True}, '3': {'Retries': 0, 'Restarts': 0, 'SiteHistory': ['Unknown', 'T1_ES_PIC', 'T1_ES_PIC'], 'ResidentSetSize': [805408], 'SubmitTimes': [1742938942.0], 'StartTimes': [1742939023.0], 'EndTimes': [1742941610.0], 'TotalUserCpuTimeHistory': [1326], 'TotalSysCpuTimeHistory': [234], 'WallDurations': [9.0, 275.507226228714, 2587.0], 'JobIds': ['124350969.0'], 'State': 'finished', 'RecordedSite': True}, '11': {'Retries': 0, 'Restarts': 0, 'SiteHistory': ['Unknown', 'T2_IT_Pisa', 'T2_IT_Pisa'], 'ResidentSetSize': [505128], 'SubmitTimes': [1742938942.0], 'StartTimes': [1742939160.0], 'EndTimes': [1742940119.0], 'TotalUserCpuTimeHistory': [462], 'TotalSysCpuTimeHistory': [36], 'WallDurations': [9.0, 138.507226228714, 959.0], 'JobIds': ['124350970.0'], 'State': 'finished', 'RecordedSite': True}, '19': {'Retries': 0, 'Restarts': 0, 'SiteHistory': ['Unknown', 'T1_UK_RAL', 'T1_UK_RAL'], 'ResidentSetSize': [1179200], 'SubmitTimes': [1742938942.0], 'StartTimes': [1742939021.0], 'EndTimes': [1742943065.0], 'TotalUserCpuTimeHistory': [1606], 'TotalSysCpuTimeHistory': [436], 'WallDurations': [8.0, 277.507226228714, 4044.0], 'JobIds': ['124350971.0'], 'State': 'finished', 'RecordedSite': True}, '20': {'Retries': 0, 'Restarts': 0, 'SiteHistory': ['Unknown', 'T1_UK_RAL', 'T1_UK_RAL'], 'ResidentSetSize': [1351680], 'SubmitTimes': [1742938942.0], 'StartTimes': [1742939022.0], 'EndTimes': [1742943433.0], 'TotalUserCpuTimeHistory': [2001], 'TotalSysCpuTimeHistory': [582], 'WallDurations': [8.0, 276.507226228714, 4411.0], 'JobIds': ['124350972.0'], 'State': 'finished', 'RecordedSite': True}, '22': {'Retries': 0, 'Restarts': 0, 'SiteHistory': ['Unknown', 'T1_UK_RAL', 'T1_UK_RAL'], 'ResidentSetSize': [1343484], 'SubmitTimes': [1742938942.0], 'StartTimes': [1742939022.0], 'EndTimes': [1742943581.0], 'TotalUserCpuTimeHistory': [1890], 'TotalSysCpuTimeHistory': [553], 'WallDurations': [8.0, 276.507226228714, 4559.0], 'JobIds': ['124350973.0'], 'State': 'finished', 'RecordedSite': True}, '23': {'Retries': 0, 'Restarts': 0, 'SiteHistory': ['Unknown', 'T1_UK_RAL', 'T1_UK_RAL'], 'ResidentSetSize': [693748], 'SubmitTimes': [1742938943.0], 'StartTimes': [1742939022.0], 'EndTimes': [1742940565.0], 'TotalUserCpuTimeHistory': [632], 'TotalSysCpuTimeHistory': [220], 'WallDurations': [8.0, 276.507226228714, 1543.0], 'JobIds': ['124350974.0'], 'State': 'finished', 'RecordedSite': True}, '4': {'Retries': 0, 'Restarts': 0, 'SiteHistory': ['Unknown', 'T2_UK_London_IC', 'T2_UK_London_IC'], 'ResidentSetSize': [812848], 'SubmitTimes': [1742938943.0], 'StartTimes': [1742939160.0], 'EndTimes': [1742939955.0], 'TotalUserCpuTimeHistory': [326], 'TotalSysCpuTimeHistory': [105], 'WallDurations': [9.0, 138.507226228714, 795.0], 'JobIds': ['124350975.0'], 'State': 'finished', 'RecordedSite': True}, '24': {'Retries': 0, 'Restarts': 0, 'SiteHistory': ['Unknown', 'T1_FR_CCIN2P3', 'T1_FR_CCIN2P3'], 'ResidentSetSize': [616100], 'SubmitTimes': [1742938943.0], 'StartTimes': [1742939020.0], 'EndTimes': [1742939489.0], 'TotalUserCpuTimeHistory': [206], 'TotalSysCpuTimeHistory': [73], 'WallDurations': [9.0, 278.507226228714, 469.0], 'JobIds': ['124350976.0'], 'State': 'finished', 'RecordedSite': True}, '28': {'Retries': 0, 'Restarts': 0, 'SiteHistory': ['Unknown', 'T2_US_Vanderbilt', 'T2_US_Vanderbilt'], 'ResidentSetSize': [1160420], 'SubmitTimes': [1742938943.0], 'StartTimes': [1742939236.0], 'EndTimes': [1742939980.0], 'TotalUserCpuTimeHistory': [289], 'TotalSysCpuTimeHistory': [16], 'WallDurations': [9.0, 62.50722622871399, 744.0], 'JobIds': ['124350977.0'], 'State': 'finished', 'RecordedSite': True}, '27': {'Retries': 0, 'Restarts': 0, 'SiteHistory': ['Unknown', 'T2_US_UCSD', 'T2_US_UCSD'], 'ResidentSetSize': [1094944], 'SubmitTimes': [1742938943.0], 'StartTimes': [1742939243.0], 'EndTimes': [1742940579.0], 'TotalUserCpuTimeHistory': [488], 'TotalSysCpuTimeHistory': [33], 'WallDurations': [9.0, 55.50722622871399, 1336.0], 'JobIds': ['124350978.0'], 'State': 'finished', 'RecordedSite': True}, '26': {'Retries': 0, 'Restarts': 0, 'SiteHistory': ['Unknown', 'T1_FR_CCIN2P3', 'T1_FR_CCIN2P3'], 'ResidentSetSize': [678520], 'SubmitTimes': [1742938943.0], 'StartTimes': [1742939022.0], 'EndTimes': [1742940552.0], 'TotalUserCpuTimeHistory': [765], 'TotalSysCpuTimeHistory': [295], 'WallDurations': [8.0, 276.507226228714, 1530.0], 'JobIds': ['124350979.0'], 'State': 'finished', 'RecordedSite': True}, '29': {'Retries': 0, 'Restarts': 0, 'SiteHistory': ['Unknown', 'T1_UK_RAL', 'T1_UK_RAL'], 'ResidentSetSize': [791796], 'SubmitTimes': [1742938943.0], 'StartTimes': [1742939023.0], 'EndTimes': [1742939976.0], 'TotalUserCpuTimeHistory': [360], 'TotalSysCpuTimeHistory': [98], 'WallDurations': [8.0, 275.507226228714, 953.0], 'JobIds': ['124350980.0'], 'State': 'finished', 'RecordedSite': True}, '25': {'Retries': 0, 'Restarts': 0, 'SiteHistory': ['Unknown', 'T1_FR_CCIN2P3', 'T1_FR_CCIN2P3'], 'ResidentSetSize': [885772], 'SubmitTimes': [1742938943.0], 'StartTimes': [1742939023.0], 'EndTimes': [1742941862.0], 'TotalUserCpuTimeHistory': [1336], 'TotalSysCpuTimeHistory': [513], 'WallDurations': [9.0, 275.507226228714, 2839.0], 'JobIds': ['124350981.0'], 'State': 'finished', 'RecordedSite': True}, '21': {'Retries': 0, 'Restarts': 0, 'SiteHistory': ['Unknown', 'T1_UK_RAL', 'T1_UK_RAL'], 'ResidentSetSize': [1091408], 'SubmitTimes': [1742938943.0], 'StartTimes': [1742939021.0], 'EndTimes': [1742942941.0], 'TotalUserCpuTimeHistory': [1714], 'TotalSysCpuTimeHistory': [504], 'WallDurations': [8.0, 277.507226228714, 3920.0], 'JobIds': ['124350982.0'], 'State': 'finished', 'RecordedSite': True}, '16': {'Retries': 0, 'Restarts': 0, 'SiteHistory': ['Unknown', 'T1_UK_RAL', 'T1_UK_RAL'], 'ResidentSetSize': [854104], 'SubmitTimes': [1742938943.0], 'StartTimes': [1742939022.0], 'EndTimes': [1742942989.0], 'TotalUserCpuTimeHistory': [1703], 'TotalSysCpuTimeHistory': [500], 'WallDurations': [8.0, 276.507226228714, 3967.0], 'JobIds': ['124350983.0'], 'State': 'finished', 'RecordedSite': True}}
INFO 2025-03-26 03:47:51.021 UTC: 	 Status on the scheduler:	COMPLETED
INFO 2025-03-26 03:47:51.021 UTC: 	 
Jobs status:                    finished     		100.0% (29/29)
DEBUG 2025-03-26 03:47:51.022 UTC: 	 Encoded data for curl request: subresource=publicationstatus&workflow=250325_213853%3Aamalhotr_crab_DYto2Mu4Jets_Unpacker_100&username=amalhotr
INFO 2025-03-26 03:47:51.082 UTC: 	 
Publication status of 1 dataset(s):	acquired     		100.0% (29/29)
(from CRAB internal bookkeeping in transferdb)
INFO 2025-03-26 03:47:51.082 UTC: 	 
Output dataset:			/DYto2Mu-4Jets_Bin-MLL-50_TuneCP5_13p6TeV_madgraphMLM-pythia8/amalhotr-DYto2Mu4Jets_Unpacker_100-49feb6938084587a06052f9676570a55/USER
Output dataset DAS URL:		https://cmsweb.cern.ch/das/request?input=%2FDYto2Mu-4Jets_Bin-MLL-50_TuneCP5_13p6TeV_madgraphMLM-pythia8%2Famalhotr-DYto2Mu4Jets_Unpacker_100-49feb6938084587a06052f9676570a55%2FUSER&instance=prod%2Fphys03
INFO 2025-03-26 03:47:51.083 UTC: 	 
Warning: the max jobs runtime is less than 30% of the task requested value (1250 min), please consider to request a lower value for failed jobs (allowed through crab resubmit) and/or improve the jobs splitting (e.g. config.Data.splitting = 'Automatic') in a new task.
INFO 2025-03-26 03:47:51.083 UTC: 	 
Summary of run jobs:
 * Memory: 90MB min, 1360MB max, 951MB ave
 * Runtime: 0:04:17 min, 1:15:59 max, 0:38:08 ave
 * CPU eff: 39% min, 85% max, 58% ave
 * Waste: 1:43:56 (9% of total)

INFO 2025-03-26 03:47:51.085 UTC: 	 Log file is /afs/cern.ch/user/a/amalhotr/CMSSW_14_0_18_patch1/src/Run3ScoutingAnalysisTools/crab_DYto2Mu4Jets_Unpacker_100/crab.log
DEBUG 2025-03-26 04:04:37.471 UTC: 	 CRAB Client version: v3.250318
DEBUG 2025-03-26 04:04:37.471 UTC: 	 Running on: Linux lxplus940.cern.ch 5.14.0-503.22.1.el9_5.x86_64 #1 SMP PREEMPT_DYNAMIC Wed Jan 15 08:02:15 EST 2025 x86_64 x86_64 x86_64 GNU/Linux
DEBUG 2025-03-26 04:04:37.471 UTC: 	 Not using Singularity
DEBUG 2025-03-26 04:04:37.471 UTC: 	 Operating System: Red Hat Enterprise Linux 9.5 (Plow)
DEBUG 2025-03-26 04:04:37.471 UTC: 	 Executing command: 'status'
DEBUG 2025-03-26 04:04:37.471 UTC: 	 Found CRAB cache file /afs/cern.ch/user/a/amalhotr/.crab3
DEBUG 2025-03-26 04:04:37.475 UTC: 	 Checking credentials
DEBUG 2025-03-26 04:04:37.475 UTC: 	 Found proxy file /tmp/x509up_u180451
DEBUG 2025-03-26 04:04:37.475 UTC: 	 Making sure it has proper VOMS extension
DEBUG 2025-03-26 04:04:37.475 UTC: 	 Executing command :
 voms-proxy-info --vo --file /tmp/x509up_u180451
DEBUG 2025-03-26 04:04:37.814 UTC: 	 output : cms

 error: 
 retcode : 0
DEBUG 2025-03-26 04:04:37.814 UTC: 	 Getting proxy life time left
DEBUG 2025-03-26 04:04:37.814 UTC: 	 Executing command :
 voms-proxy-info --actimeleft --timeleft --file /tmp/x509up_u180451
DEBUG 2025-03-26 04:04:38.140 UTC: 	 output : 667990
667990

 error: 
 retcode : 0
DEBUG 2025-03-26 04:04:38.140 UTC: 	 Proxy valid for 185:33:10 hours
DEBUG 2025-03-26 04:04:38.141 UTC: 	 Encoded data for curl request: subresource=delegatedn
DEBUG 2025-03-26 04:04:38.182 UTC: 	 Registering user credentials on myproxy for /DC=ch/DC=cern/OU=computers/CN=crab-(preprod|prod)-tw(01|02).cern.ch|/DC=ch/DC=cern/OU=computers/CN=crab-dev-tw(01|02|03|04).cern.ch|/DC=ch/DC=cern/OU=Organic Units/OU=Users/CN=cmscrab/CN=(817881|373708)/CN=Robot: cms crab|/DC=ch/DC=cern/OU=Organic Units/OU=Users/CN=crabint1/CN=373708/CN=Robot: CMS CRAB Integration 1
DEBUG 2025-03-26 04:04:38.182 UTC: 	 Executing command :
 voms-proxy-info --identity --file /tmp/x509up_u180451
DEBUG 2025-03-26 04:04:38.500 UTC: 	 output : /DC=ch/DC=cern/OU=Organic Units/OU=Users/CN=amalhotr/CN=884837/CN=Aryan Malhotra

 error: 
 retcode : 0
DEBUG 2025-03-26 04:04:38.500 UTC: 	 Getting myproxy life time left for 2382a3cf28fdeacb1de9b039908761ea517a5ed6
DEBUG 2025-03-26 04:04:38.500 UTC: 	 Executing command :
 myproxy-info -s myproxy.cern.ch -l 2382a3cf28fdeacb1de9b039908761ea517a5ed6
DEBUG 2025-03-26 04:04:38.792 UTC: 	 output : username: 2382a3cf28fdeacb1de9b039908761ea517a5ed6
owner: /DC=ch/DC=cern/OU=Organic Units/OU=Users/CN=amalhotr/CN=884837/CN=Aryan Malhotra
  renewal policy: /DC=ch/DC=cern/OU=computers/CN=crab-(preprod|prod)-tw(01|02).cern.ch|/DC=ch/DC=cern/OU=computers/CN=crab-dev-tw(01|02|03|04).cern.ch|/DC=ch/DC=cern/OU=Organic Units/OU=Users/CN=cmscrab/CN=(817881|373708)/CN=Robot: cms crab|/DC=ch/DC=cern/OU=Organic Units/OU=Users/CN=crabint1/CN=373708/CN=Robot: CMS CRAB Integration 1
  trusted retrieval policy: /DC=ch/DC=cern/OU=computers/CN=crab-(preprod|prod)-tw(01|02).cern.ch|/DC=ch/DC=cern/OU=computers/CN=crab-dev-tw(01|02|03|04).cern.ch|/DC=ch/DC=cern/OU=Organic Units/OU=Users/CN=cmscrab/CN=(817881|373708)/CN=Robot: cms crab|/DC=ch/DC=cern/OU=Organic Units/OU=Users/CN=crabint1/CN=373708/CN=Robot: CMS CRAB Integration 1
  timeleft: 552:15:40  (23.0 days)

 error: 
 retcode : 0
DEBUG 2025-03-26 04:04:38.792 UTC: 	 Myproxy is valid: 1988100
DEBUG 2025-03-26 04:04:38.792 UTC: 	 Result of myproxy credential check:
  Credential exists on myproxy: username: 2382a3cf28fdeacb1de9b039908761ea517a5ed6  - validity: 23 days, 0:15:00
DEBUG 2025-03-26 04:04:38.792 UTC: 	 Retrieving username ...
DEBUG 2025-03-26 04:04:38.792 UTC: 	 Retrieving username from CRIC...
DEBUG 2025-03-26 04:04:39.408 UTC: 	 username is amalhotr
INFO 2025-03-26 04:04:39.893 UTC: 	 Rucio client intialized for account amalhotr
DEBUG 2025-03-26 04:04:39.893 UTC: 	 Command use: status
DEBUG 2025-03-26 04:04:39.893 UTC: 	 Options use: ['-d', './crab_DYto2Mu4Jets_Unpacker_100']
DEBUG 2025-03-26 04:04:39.893 UTC: 	 Encoded data for curl request: subresource=version
DEBUG 2025-03-26 04:04:39.930 UTC: 	 CRABClient version: v3.250318
DEBUG 2025-03-26 04:04:39.930 UTC: 	 Instance is prod
DEBUG 2025-03-26 04:04:39.930 UTC: 	 Server base url is cmsweb.cern.ch
DEBUG 2025-03-26 04:04:39.930 UTC: 	 Command api workflow
DEBUG 2025-03-26 04:04:39.930 UTC: 	 Encoded data for curl request: subresource=search&workflow=250325_213853%3Aamalhotr_crab_DYto2Mu4Jets_Unpacker_100
DEBUG 2025-03-26 04:04:39.977 UTC: 	 Got information from server oracle database: {'desc': {'columns': ['tm_taskname', 'tm_activity', 'tm_task_status', 'tm_task_command', 'tm_start_time', 'tm_start_injection', 'tm_end_injection', 'tm_task_failure', 'tm_job_sw', 'tm_job_arch', 'tm_input_dataset', 'tm_nonvalid_input_dataset', 'tm_use_parent', 'tm_site_whitelist', 'tm_site_blacklist', 'tm_split_algo', 'tm_split_args', 'tm_user_sandbox', 'tm_cache_url', 'tm_username', 'tm_user_dn', 'tm_user_vo', 'tm_user_role', 'tm_user_group', 'tm_publish_name', 'tm_publish_groupname', 'tm_asyncdest', 'tm_dbs_url', 'tm_publish_dbs_url', 'tm_publication', 'tm_outfiles', 'tm_tfile_outfiles', 'tm_edm_outfiles', 'tm_job_type', 'tm_generator', 'tm_events_per_lumi', 'tm_arguments', 'tm_save_logs', 'tw_name', 'tm_user_infiles', 'tm_maxjobruntime', 'tm_numcores', 'tm_maxmemory', 'tm_priority', 'tm_output_dataset', 'tm_task_warnings', 'tm_user_webdir', 'tm_scriptexe', 'tm_scriptargs', 'tm_extrajdl', 'tm_collector', 'tm_schedd', 'tm_dry_run', 'tm_user_files', 'tm_transfer_outputs', 'tm_output_lfn', 'tm_ignore_locality', 'tm_fail_limit', 'tm_one_event_mode', 'tm_secondary_input_dataset', 'tm_primary_dataset', 'tm_last_publication', 'tm_debug_files', 'clusterid', 'tm_ignore_global_blacklist', 'tm_submitter_ip_addr', 'tm_totalunits', 'tm_ddm_reqid', 'tm_user_config', 'tm_transfer_container', 'tm_transfer_rule', 'tm_publish_rule', 'tm_multipub_rule', 'tm_job_min_microarch', 'tm_dagman_status', 'tm_num_jobs', 'tm_uploaded']}, 'result': ['250325_213853:amalhotr_crab_DYto2Mu4Jets_Unpacker_100', 'None', 'SUBMITTED', 'SUBMIT', '2025-03-25 21:38:53.687169', 'None', '2025-03-25 21:41:08.064743', 'None', 'CMSSW_14_0_18_patch1', 'el9_amd64_gcc12', '/DYto2Mu-4Jets_Bin-MLL-50_TuneCP5_13p6TeV_madgraphMLM-pythia8/RunIII2024Summer24MiniAOD-140X_mcRun3_2024_realistic_v26-v2/MINIAODSIM', 'F', '0', '[]', '[]', 'FileBased', "{'halt_job_on_file_boundaries': False, 'splitOnRun': False, 'files_per_job': 5, 'runs': [], 'lumis': []}", '3347ab5ebddcbcf20e5a549cff91c4ac4d53283ca301d10bc07120adeaa8b0f2.tar.gz', 'https://cmsweb.cern.ch/S3/crabcache_prod', 'amalhotr', '/DC=ch/DC=cern/OU=Organic Units/OU=Users/CN=amalhotr/CN=884837/CN=Aryan Malhotra', 'cms', 'None', 'None', 'DYto2Mu4Jets_Unpacker_100-00000000000000000000000000000000', 'F', 'T2_BR_SPRACE', 'https://cmsweb.cern.ch/dbs/prod/global/DBSReader', 'https://cmsweb.cern.ch/dbs/prod/phys03/DBSWriter', 'T', '[]', '[]', "['HLTUnpackerOutputLarge.root']", 'Analysis', 'pythia', 'None', '{}', 'T', 'crab-prod-tw01', '[]', '1250', '1', '2000', '10', "['/DYto2Mu-4Jets_Bin-MLL-50_TuneCP5_13p6TeV_madgraphMLM-pythia8/amalhotr-DYto2Mu4Jets_Unpacker_100-49feb6938084587a06052f9676570a55/USER']", '[]', 'http://vocms0122.cern.ch/mon/amalhotr/250325_213853:amalhotr_crab_DYto2Mu4Jets_Unpacker_100', 'None', '[]', '[]', 'cmsgwms-collector-global.cern.ch:9620,cmsgwms-collector-global.fnal.gov:9620', 'crab3@vocms0122.cern.ch', 'F', '[]', 'T', '/store/user/amalhotr/', 'F', 'None', 'F', 'None', 'DYto2Mu-4Jets_Bin-MLL-50_TuneCP5_13p6TeV_madgraphMLM-pythia8', 'None', '46abd81798f8172cc8a3a999c59ea9104a03ce5642e15b1dd94ed402b62ca33b.tar.gz', '124350952', 'F', '188.184.75.82', '100.0', 'None', '{"partialdataset": false, "requireaccelerator": false, "acceleratorparams": null, "inputblocks": null}', 'None', 'None', 'None', 'None', 'any', 'NOT_READY', '0', 'F']}
INFO 2025-03-26 04:04:39.978 UTC: 	 CRAB project directory:		/afs/cern.ch/user/a/amalhotr/CMSSW_14_0_18_patch1/src/Run3ScoutingAnalysisTools/crab_DYto2Mu4Jets_Unpacker_100
INFO 2025-03-26 04:04:39.978 UTC: 	 Task name:			250325_213853:amalhotr_crab_DYto2Mu4Jets_Unpacker_100
INFO 2025-03-26 04:04:39.978 UTC: 	 Grid scheduler - Task Worker:	crab3@vocms0122.cern.ch - crab-prod-tw01
INFO 2025-03-26 04:04:39.978 UTC: 	 Status on the CRAB server:	SUBMITTED
INFO 2025-03-26 04:04:39.978 UTC: 	 Task URL to use for HELP:	https://cmsweb.cern.ch/crabserver/ui/task/250325_213853%3Aamalhotr_crab_DYto2Mu4Jets_Unpacker_100
INFO 2025-03-26 04:04:39.984 UTC: 	 Dashboard monitoring URL:	https://monit-grafana.cern.ch/d/cmsTMDetail/cms-task-monitoring-task-view?orgId=11&var-user=amalhotr&var-task=250325_213853%3Aamalhotr_crab_DYto2Mu4Jets_Unpacker_100&from=1742935133000&to=now
DEBUG 2025-03-26 04:04:39.984 UTC: 	 The CRAB server submitted your task to the Grid scheduler (cluster ID: 124350952)
DEBUG 2025-03-26 04:04:39.984 UTC: 	 Webdir is located at http://vocms0122.cern.ch/mon/amalhotr/250325_213853:amalhotr_crab_DYto2Mu4Jets_Unpacker_100
DEBUG 2025-03-26 04:04:39.984 UTC: 	 Encoded data for curl request: subresource=webdirprx&workflow=250325_213853%3Aamalhotr_crab_DYto2Mu4Jets_Unpacker_100
DEBUG 2025-03-26 04:04:40.028 UTC: 	 Proxied webdir is located at https://cmsweb.cern.ch:8443/scheddmon/0122/amalhotr/250325_213853:amalhotr_crab_DYto2Mu4Jets_Unpacker_100
DEBUG 2025-03-26 04:04:40.028 UTC: 	 Retrieving 'status_cache' file from https://cmsweb.cern.ch:8443/scheddmon/0122/amalhotr/250325_213853:amalhotr_crab_DYto2Mu4Jets_Unpacker_100/status_cache.pkl
DEBUG 2025-03-26 04:04:40.028 UTC: 	 Will execute:
curl -sS --capath /etc/grid-security/certificates --cert /tmp/x509up_u180451 --key /tmp/x509up_u180451 -o /tmp/crab_status-cache-9s4dhabg.pkl -w %"{http_code}" "https://cmsweb.cern.ch:8443/scheddmon/0122/amalhotr/250325_213853:amalhotr_crab_DYto2Mu4Jets_Unpacker_100/status_cache.pkl"
DEBUG 2025-03-26 04:04:40.028 UTC: 	 Executing command :
 curl -sS --capath /etc/grid-security/certificates --cert /tmp/x509up_u180451 --key /tmp/x509up_u180451 -o /tmp/crab_status-cache-9s4dhabg.pkl -w %"{http_code}" "https://cmsweb.cern.ch:8443/scheddmon/0122/amalhotr/250325_213853:amalhotr_crab_DYto2Mu4Jets_Unpacker_100/status_cache.pkl"
DEBUG 2025-03-26 04:04:40.062 UTC: 	 output : 200
 error: 
 retcode : 0
DEBUG 2025-03-26 04:04:40.062 UTC: 	 exitcode: 0
stdout: 200
stderr: 
error details: 
DEBUG 2025-03-26 04:04:40.062 UTC: 	 Got information from status cache file: {'7': {'Retries': 0, 'Restarts': 0, 'SiteHistory': ['Unknown', 'T2_IT_Legnaro', 'T2_IT_Legnaro'], 'ResidentSetSize': [1327032], 'SubmitTimes': [1742938941.0], 'StartTimes': [1742939160.0], 'EndTimes': [1742941680.0], 'TotalUserCpuTimeHistory': [1728], 'TotalSysCpuTimeHistory': [121], 'WallDurations': [9.0, 138.507226228714, 2520.0], 'JobIds': ['124350955.0'], 'State': 'finished', 'RecordedSite': True}, '14': {'Retries': 0, 'Restarts': 0, 'SiteHistory': ['Unknown', 'T1_UK_RAL', 'T1_UK_RAL'], 'ResidentSetSize': [1265248], 'SubmitTimes': [1742938941.0], 'StartTimes': [1742939021.0], 'EndTimes': [1742942752.0], 'TotalUserCpuTimeHistory': [1608], 'TotalSysCpuTimeHistory': [425], 'WallDurations': [8.0, 277.507226228714, 3731.0], 'JobIds': ['124350956.0'], 'State': 'finished', 'RecordedSite': True}, '13': {'Retries': 0, 'Restarts': 0, 'SiteHistory': ['Unknown', 'T1_UK_RAL', 'T1_UK_RAL'], 'ResidentSetSize': [1340176], 'SubmitTimes': [1742938941.0], 'StartTimes': [1742939022.0], 'EndTimes': [1742943121.0], 'TotalUserCpuTimeHistory': [1838], 'TotalSysCpuTimeHistory': [525], 'WallDurations': [8.0, 276.507226228714, 4099.0], 'JobIds': ['124350957.0'], 'State': 'finished', 'RecordedSite': True}, '18': {'Retries': 0, 'Restarts': 0, 'SiteHistory': ['Unknown', 'T1_UK_RAL', 'T1_UK_RAL'], 'ResidentSetSize': [1303732], 'SubmitTimes': [1742938942.0], 'StartTimes': [1742939023.0], 'EndTimes': [1742942865.0], 'TotalUserCpuTimeHistory': [1740], 'TotalSysCpuTimeHistory': [513], 'WallDurations': [8.0, 275.507226228714, 3842.0], 'JobIds': ['124350958.0'], 'State': 'finished', 'RecordedSite': True}, '15': {'Retries': 0, 'Restarts': 0, 'SiteHistory': ['Unknown', 'T1_UK_RAL', 'T1_UK_RAL'], 'ResidentSetSize': [1393036], 'SubmitTimes': [1742938942.0], 'StartTimes': [1742939022.0], 'EndTimes': [1742942970.0], 'TotalUserCpuTimeHistory': [1676], 'TotalSysCpuTimeHistory': [527], 'WallDurations': [8.0, 276.507226228714, 3948.0], 'JobIds': ['124350959.0'], 'State': 'finished', 'RecordedSite': True}, '1': {'Retries': 0, 'Restarts': 0, 'SiteHistory': ['Unknown', 'T2_UK_London_IC', 'T2_UK_London_IC'], 'ResidentSetSize': [1275176], 'SubmitTimes': [1742938942.0], 'StartTimes': [1742939160.0], 'EndTimes': [1742943179.0], 'TotalUserCpuTimeHistory': [1717], 'TotalSysCpuTimeHistory': [620], 'WallDurations': [9.0, 138.507226228714, 4019.0], 'JobIds': ['124350960.0'], 'State': 'finished', 'RecordedSite': True}, '2': {'Retries': 0, 'Restarts': 0, 'SiteHistory': ['Unknown', 'T2_UK_London_IC', 'T2_UK_London_IC'], 'ResidentSetSize': [689780], 'SubmitTimes': [1742938942.0], 'StartTimes': [1742939160.0], 'EndTimes': [1742940103.0], 'TotalUserCpuTimeHistory': [490], 'TotalSysCpuTimeHistory': [79], 'WallDurations': [9.0, 138.507226228714, 943.0], 'JobIds': ['124350961.0'], 'State': 'finished', 'RecordedSite': True}, '8': {'Retries': 0, 'Restarts': 0, 'SiteHistory': ['Unknown', 'T2_IT_Legnaro', 'T2_IT_Legnaro'], 'ResidentSetSize': [92916], 'SubmitTimes': [1742938942.0], 'StartTimes': [1742939160.0], 'EndTimes': [1742939417.0], 'TotalUserCpuTimeHistory': [150], 'TotalSysCpuTimeHistory': [13], 'WallDurations': [8.0, 138.507226228714, 257.0], 'JobIds': ['124350962.0'], 'State': 'finished', 'RecordedSite': True}, '9': {'Retries': 0, 'Restarts': 0, 'SiteHistory': ['Unknown', 'T2_DE_RWTH', 'T2_DE_RWTH'], 'ResidentSetSize': [638632], 'SubmitTimes': [1742938942.0], 'StartTimes': [1742939160.0], 'EndTimes': [1742939729.0], 'TotalUserCpuTimeHistory': [207], 'TotalSysCpuTimeHistory': [27], 'WallDurations': [9.0, 138.507226228714, 569.0], 'JobIds': ['124350963.0'], 'State': 'finished', 'RecordedSite': True}, '12': {'Retries': 0, 'Restarts': 0, 'SiteHistory': ['Unknown', 'T2_US_Vanderbilt', 'T2_US_Vanderbilt'], 'ResidentSetSize': [1162692], 'SubmitTimes': [1742938942.0], 'StartTimes': [1742939237.0], 'EndTimes': [1742939947.0], 'TotalUserCpuTimeHistory': [381], 'TotalSysCpuTimeHistory': [15], 'WallDurations': [8.0, 61.50722622871399, 710.0], 'JobIds': ['124350964.0'], 'State': 'finished', 'RecordedSite': True}, '6': {'Retries': 0, 'Restarts': 0, 'SiteHistory': ['Unknown', 'T2_IT_Legnaro', 'T2_IT_Legnaro'], 'ResidentSetSize': [1267868], 'SubmitTimes': [1742938942.0], 'StartTimes': [1742939160.0], 'EndTimes': [1742940886.0], 'TotalUserCpuTimeHistory': [1281], 'TotalSysCpuTimeHistory': [118], 'WallDurations': [9.0, 138.507226228714, 1726.0], 'JobIds': ['124350965.0'], 'State': 'finished', 'RecordedSite': True}, '10': {'Retries': 0, 'Restarts': 0, 'SiteHistory': ['Unknown', 'T2_DE_DESY', 'T2_DE_DESY'], 'ResidentSetSize': [512544], 'SubmitTimes': [1742938942.0], 'StartTimes': [1742939160.0], 'EndTimes': [1742939579.0], 'TotalUserCpuTimeHistory': [217], 'TotalSysCpuTimeHistory': [39], 'WallDurations': [9.0, 138.507226228714, 419.0], 'JobIds': ['124350966.0'], 'State': 'finished', 'RecordedSite': True}, '5': {'Retries': 0, 'Restarts': 0, 'SiteHistory': ['Unknown', 'T2_IT_Legnaro', 'T2_IT_Legnaro'], 'ResidentSetSize': [766480], 'SubmitTimes': [1742938942.0], 'StartTimes': [1742939160.0], 'EndTimes': [1742940338.0], 'TotalUserCpuTimeHistory': [911], 'TotalSysCpuTimeHistory': [86], 'WallDurations': [9.0, 138.507226228714, 1178.0], 'JobIds': ['124350967.0'], 'State': 'finished', 'RecordedSite': True}, '17': {'Retries': 0, 'Restarts': 0, 'SiteHistory': ['Unknown', 'T1_UK_RAL', 'T1_UK_RAL'], 'ResidentSetSize': [1333396], 'SubmitTimes': [1742938942.0], 'StartTimes': [1742939021.0], 'EndTimes': [1742942769.0], 'TotalUserCpuTimeHistory': [1593], 'TotalSysCpuTimeHistory': [486], 'WallDurations': [8.0, 277.507226228714, 3748.0], 'JobIds': ['124350968.0'], 'State': 'finished', 'RecordedSite': True}, '3': {'Retries': 0, 'Restarts': 0, 'SiteHistory': ['Unknown', 'T1_ES_PIC', 'T1_ES_PIC'], 'ResidentSetSize': [805408], 'SubmitTimes': [1742938942.0], 'StartTimes': [1742939023.0], 'EndTimes': [1742941610.0], 'TotalUserCpuTimeHistory': [1326], 'TotalSysCpuTimeHistory': [234], 'WallDurations': [9.0, 275.507226228714, 2587.0], 'JobIds': ['124350969.0'], 'State': 'finished', 'RecordedSite': True}, '11': {'Retries': 0, 'Restarts': 0, 'SiteHistory': ['Unknown', 'T2_IT_Pisa', 'T2_IT_Pisa'], 'ResidentSetSize': [505128], 'SubmitTimes': [1742938942.0], 'StartTimes': [1742939160.0], 'EndTimes': [1742940119.0], 'TotalUserCpuTimeHistory': [462], 'TotalSysCpuTimeHistory': [36], 'WallDurations': [9.0, 138.507226228714, 959.0], 'JobIds': ['124350970.0'], 'State': 'finished', 'RecordedSite': True}, '19': {'Retries': 0, 'Restarts': 0, 'SiteHistory': ['Unknown', 'T1_UK_RAL', 'T1_UK_RAL'], 'ResidentSetSize': [1179200], 'SubmitTimes': [1742938942.0], 'StartTimes': [1742939021.0], 'EndTimes': [1742943065.0], 'TotalUserCpuTimeHistory': [1606], 'TotalSysCpuTimeHistory': [436], 'WallDurations': [8.0, 277.507226228714, 4044.0], 'JobIds': ['124350971.0'], 'State': 'finished', 'RecordedSite': True}, '20': {'Retries': 0, 'Restarts': 0, 'SiteHistory': ['Unknown', 'T1_UK_RAL', 'T1_UK_RAL'], 'ResidentSetSize': [1351680], 'SubmitTimes': [1742938942.0], 'StartTimes': [1742939022.0], 'EndTimes': [1742943433.0], 'TotalUserCpuTimeHistory': [2001], 'TotalSysCpuTimeHistory': [582], 'WallDurations': [8.0, 276.507226228714, 4411.0], 'JobIds': ['124350972.0'], 'State': 'finished', 'RecordedSite': True}, '22': {'Retries': 0, 'Restarts': 0, 'SiteHistory': ['Unknown', 'T1_UK_RAL', 'T1_UK_RAL'], 'ResidentSetSize': [1343484], 'SubmitTimes': [1742938942.0], 'StartTimes': [1742939022.0], 'EndTimes': [1742943581.0], 'TotalUserCpuTimeHistory': [1890], 'TotalSysCpuTimeHistory': [553], 'WallDurations': [8.0, 276.507226228714, 4559.0], 'JobIds': ['124350973.0'], 'State': 'finished', 'RecordedSite': True}, '23': {'Retries': 0, 'Restarts': 0, 'SiteHistory': ['Unknown', 'T1_UK_RAL', 'T1_UK_RAL'], 'ResidentSetSize': [693748], 'SubmitTimes': [1742938943.0], 'StartTimes': [1742939022.0], 'EndTimes': [1742940565.0], 'TotalUserCpuTimeHistory': [632], 'TotalSysCpuTimeHistory': [220], 'WallDurations': [8.0, 276.507226228714, 1543.0], 'JobIds': ['124350974.0'], 'State': 'finished', 'RecordedSite': True}, '4': {'Retries': 0, 'Restarts': 0, 'SiteHistory': ['Unknown', 'T2_UK_London_IC', 'T2_UK_London_IC'], 'ResidentSetSize': [812848], 'SubmitTimes': [1742938943.0], 'StartTimes': [1742939160.0], 'EndTimes': [1742939955.0], 'TotalUserCpuTimeHistory': [326], 'TotalSysCpuTimeHistory': [105], 'WallDurations': [9.0, 138.507226228714, 795.0], 'JobIds': ['124350975.0'], 'State': 'finished', 'RecordedSite': True}, '24': {'Retries': 0, 'Restarts': 0, 'SiteHistory': ['Unknown', 'T1_FR_CCIN2P3', 'T1_FR_CCIN2P3'], 'ResidentSetSize': [616100], 'SubmitTimes': [1742938943.0], 'StartTimes': [1742939020.0], 'EndTimes': [1742939489.0], 'TotalUserCpuTimeHistory': [206], 'TotalSysCpuTimeHistory': [73], 'WallDurations': [9.0, 278.507226228714, 469.0], 'JobIds': ['124350976.0'], 'State': 'finished', 'RecordedSite': True}, '28': {'Retries': 0, 'Restarts': 0, 'SiteHistory': ['Unknown', 'T2_US_Vanderbilt', 'T2_US_Vanderbilt'], 'ResidentSetSize': [1160420], 'SubmitTimes': [1742938943.0], 'StartTimes': [1742939236.0], 'EndTimes': [1742939980.0], 'TotalUserCpuTimeHistory': [289], 'TotalSysCpuTimeHistory': [16], 'WallDurations': [9.0, 62.50722622871399, 744.0], 'JobIds': ['124350977.0'], 'State': 'finished', 'RecordedSite': True}, '27': {'Retries': 0, 'Restarts': 0, 'SiteHistory': ['Unknown', 'T2_US_UCSD', 'T2_US_UCSD'], 'ResidentSetSize': [1094944], 'SubmitTimes': [1742938943.0], 'StartTimes': [1742939243.0], 'EndTimes': [1742940579.0], 'TotalUserCpuTimeHistory': [488], 'TotalSysCpuTimeHistory': [33], 'WallDurations': [9.0, 55.50722622871399, 1336.0], 'JobIds': ['124350978.0'], 'State': 'finished', 'RecordedSite': True}, '26': {'Retries': 0, 'Restarts': 0, 'SiteHistory': ['Unknown', 'T1_FR_CCIN2P3', 'T1_FR_CCIN2P3'], 'ResidentSetSize': [678520], 'SubmitTimes': [1742938943.0], 'StartTimes': [1742939022.0], 'EndTimes': [1742940552.0], 'TotalUserCpuTimeHistory': [765], 'TotalSysCpuTimeHistory': [295], 'WallDurations': [8.0, 276.507226228714, 1530.0], 'JobIds': ['124350979.0'], 'State': 'finished', 'RecordedSite': True}, '29': {'Retries': 0, 'Restarts': 0, 'SiteHistory': ['Unknown', 'T1_UK_RAL', 'T1_UK_RAL'], 'ResidentSetSize': [791796], 'SubmitTimes': [1742938943.0], 'StartTimes': [1742939023.0], 'EndTimes': [1742939976.0], 'TotalUserCpuTimeHistory': [360], 'TotalSysCpuTimeHistory': [98], 'WallDurations': [8.0, 275.507226228714, 953.0], 'JobIds': ['124350980.0'], 'State': 'finished', 'RecordedSite': True}, '25': {'Retries': 0, 'Restarts': 0, 'SiteHistory': ['Unknown', 'T1_FR_CCIN2P3', 'T1_FR_CCIN2P3'], 'ResidentSetSize': [885772], 'SubmitTimes': [1742938943.0], 'StartTimes': [1742939023.0], 'EndTimes': [1742941862.0], 'TotalUserCpuTimeHistory': [1336], 'TotalSysCpuTimeHistory': [513], 'WallDurations': [9.0, 275.507226228714, 2839.0], 'JobIds': ['124350981.0'], 'State': 'finished', 'RecordedSite': True}, '21': {'Retries': 0, 'Restarts': 0, 'SiteHistory': ['Unknown', 'T1_UK_RAL', 'T1_UK_RAL'], 'ResidentSetSize': [1091408], 'SubmitTimes': [1742938943.0], 'StartTimes': [1742939021.0], 'EndTimes': [1742942941.0], 'TotalUserCpuTimeHistory': [1714], 'TotalSysCpuTimeHistory': [504], 'WallDurations': [8.0, 277.507226228714, 3920.0], 'JobIds': ['124350982.0'], 'State': 'finished', 'RecordedSite': True}, '16': {'Retries': 0, 'Restarts': 0, 'SiteHistory': ['Unknown', 'T1_UK_RAL', 'T1_UK_RAL'], 'ResidentSetSize': [854104], 'SubmitTimes': [1742938943.0], 'StartTimes': [1742939022.0], 'EndTimes': [1742942989.0], 'TotalUserCpuTimeHistory': [1703], 'TotalSysCpuTimeHistory': [500], 'WallDurations': [8.0, 276.507226228714, 3967.0], 'JobIds': ['124350983.0'], 'State': 'finished', 'RecordedSite': True}}
INFO 2025-03-26 04:04:40.063 UTC: 	 Status on the scheduler:	COMPLETED
INFO 2025-03-26 04:04:40.063 UTC: 	 
Jobs status:                    finished     		100.0% (29/29)
DEBUG 2025-03-26 04:04:40.063 UTC: 	 Encoded data for curl request: subresource=publicationstatus&workflow=250325_213853%3Aamalhotr_crab_DYto2Mu4Jets_Unpacker_100&username=amalhotr
INFO 2025-03-26 04:04:40.104 UTC: 	 
Publication status of 1 dataset(s):	acquired     		100.0% (29/29)
(from CRAB internal bookkeeping in transferdb)
INFO 2025-03-26 04:04:40.104 UTC: 	 
Output dataset:			/DYto2Mu-4Jets_Bin-MLL-50_TuneCP5_13p6TeV_madgraphMLM-pythia8/amalhotr-DYto2Mu4Jets_Unpacker_100-49feb6938084587a06052f9676570a55/USER
Output dataset DAS URL:		https://cmsweb.cern.ch/das/request?input=%2FDYto2Mu-4Jets_Bin-MLL-50_TuneCP5_13p6TeV_madgraphMLM-pythia8%2Famalhotr-DYto2Mu4Jets_Unpacker_100-49feb6938084587a06052f9676570a55%2FUSER&instance=prod%2Fphys03
INFO 2025-03-26 04:04:40.105 UTC: 	 
Warning: the max jobs runtime is less than 30% of the task requested value (1250 min), please consider to request a lower value for failed jobs (allowed through crab resubmit) and/or improve the jobs splitting (e.g. config.Data.splitting = 'Automatic') in a new task.
INFO 2025-03-26 04:04:40.105 UTC: 	 
Summary of run jobs:
 * Memory: 90MB min, 1360MB max, 951MB ave
 * Runtime: 0:04:17 min, 1:15:59 max, 0:38:08 ave
 * CPU eff: 39% min, 85% max, 58% ave
 * Waste: 1:43:56 (9% of total)

INFO 2025-03-26 04:04:40.107 UTC: 	 Log file is /afs/cern.ch/user/a/amalhotr/CMSSW_14_0_18_patch1/src/Run3ScoutingAnalysisTools/crab_DYto2Mu4Jets_Unpacker_100/crab.log
DEBUG 2025-03-26 04:12:12.649 UTC: 	 CRAB Client version: v3.250318
DEBUG 2025-03-26 04:12:12.649 UTC: 	 Running on: Linux lxplus940.cern.ch 5.14.0-503.22.1.el9_5.x86_64 #1 SMP PREEMPT_DYNAMIC Wed Jan 15 08:02:15 EST 2025 x86_64 x86_64 x86_64 GNU/Linux
DEBUG 2025-03-26 04:12:12.649 UTC: 	 Not using Singularity
DEBUG 2025-03-26 04:12:12.649 UTC: 	 Operating System: Red Hat Enterprise Linux 9.5 (Plow)
DEBUG 2025-03-26 04:12:12.649 UTC: 	 Executing command: 'status'
DEBUG 2025-03-26 04:12:12.649 UTC: 	 Found CRAB cache file /afs/cern.ch/user/a/amalhotr/.crab3
DEBUG 2025-03-26 04:12:12.653 UTC: 	 Checking credentials
DEBUG 2025-03-26 04:12:12.653 UTC: 	 Found proxy file /tmp/x509up_u180451
DEBUG 2025-03-26 04:12:12.653 UTC: 	 Making sure it has proper VOMS extension
DEBUG 2025-03-26 04:12:12.653 UTC: 	 Executing command :
 voms-proxy-info --vo --file /tmp/x509up_u180451
DEBUG 2025-03-26 04:12:12.995 UTC: 	 output : cms

 error: 
 retcode : 0
DEBUG 2025-03-26 04:12:12.996 UTC: 	 Getting proxy life time left
DEBUG 2025-03-26 04:12:12.996 UTC: 	 Executing command :
 voms-proxy-info --actimeleft --timeleft --file /tmp/x509up_u180451
DEBUG 2025-03-26 04:12:13.327 UTC: 	 output : 667535
667535

 error: 
 retcode : 0
DEBUG 2025-03-26 04:12:13.328 UTC: 	 Proxy valid for 185:25:35 hours
DEBUG 2025-03-26 04:12:13.328 UTC: 	 Encoded data for curl request: subresource=delegatedn
DEBUG 2025-03-26 04:12:13.375 UTC: 	 Registering user credentials on myproxy for /DC=ch/DC=cern/OU=computers/CN=crab-(preprod|prod)-tw(01|02).cern.ch|/DC=ch/DC=cern/OU=computers/CN=crab-dev-tw(01|02|03|04).cern.ch|/DC=ch/DC=cern/OU=Organic Units/OU=Users/CN=cmscrab/CN=(817881|373708)/CN=Robot: cms crab|/DC=ch/DC=cern/OU=Organic Units/OU=Users/CN=crabint1/CN=373708/CN=Robot: CMS CRAB Integration 1
DEBUG 2025-03-26 04:12:13.375 UTC: 	 Executing command :
 voms-proxy-info --identity --file /tmp/x509up_u180451
DEBUG 2025-03-26 04:12:13.693 UTC: 	 output : /DC=ch/DC=cern/OU=Organic Units/OU=Users/CN=amalhotr/CN=884837/CN=Aryan Malhotra

 error: 
 retcode : 0
DEBUG 2025-03-26 04:12:13.693 UTC: 	 Getting myproxy life time left for 2382a3cf28fdeacb1de9b039908761ea517a5ed6
DEBUG 2025-03-26 04:12:13.693 UTC: 	 Executing command :
 myproxy-info -s myproxy.cern.ch -l 2382a3cf28fdeacb1de9b039908761ea517a5ed6
DEBUG 2025-03-26 04:12:14.064 UTC: 	 output : username: 2382a3cf28fdeacb1de9b039908761ea517a5ed6
owner: /DC=ch/DC=cern/OU=Organic Units/OU=Users/CN=amalhotr/CN=884837/CN=Aryan Malhotra
  renewal policy: /DC=ch/DC=cern/OU=computers/CN=crab-(preprod|prod)-tw(01|02).cern.ch|/DC=ch/DC=cern/OU=computers/CN=crab-dev-tw(01|02|03|04).cern.ch|/DC=ch/DC=cern/OU=Organic Units/OU=Users/CN=cmscrab/CN=(817881|373708)/CN=Robot: cms crab|/DC=ch/DC=cern/OU=Organic Units/OU=Users/CN=crabint1/CN=373708/CN=Robot: CMS CRAB Integration 1
  trusted retrieval policy: /DC=ch/DC=cern/OU=computers/CN=crab-(preprod|prod)-tw(01|02).cern.ch|/DC=ch/DC=cern/OU=computers/CN=crab-dev-tw(01|02|03|04).cern.ch|/DC=ch/DC=cern/OU=Organic Units/OU=Users/CN=cmscrab/CN=(817881|373708)/CN=Robot: cms crab|/DC=ch/DC=cern/OU=Organic Units/OU=Users/CN=crabint1/CN=373708/CN=Robot: CMS CRAB Integration 1
  timeleft: 552:08:04  (23.0 days)

 error: 
 retcode : 0
DEBUG 2025-03-26 04:12:14.064 UTC: 	 Myproxy is valid: 1987680
DEBUG 2025-03-26 04:12:14.064 UTC: 	 Result of myproxy credential check:
  Credential exists on myproxy: username: 2382a3cf28fdeacb1de9b039908761ea517a5ed6  - validity: 23 days, 0:08:00
DEBUG 2025-03-26 04:12:14.064 UTC: 	 Retrieving username ...
DEBUG 2025-03-26 04:12:14.064 UTC: 	 Retrieving username from CRIC...
DEBUG 2025-03-26 04:12:14.800 UTC: 	 username is amalhotr
INFO 2025-03-26 04:12:15.260 UTC: 	 Rucio client intialized for account amalhotr
DEBUG 2025-03-26 04:12:15.260 UTC: 	 Command use: status
DEBUG 2025-03-26 04:12:15.260 UTC: 	 Options use: ['-d', './crab_DYto2Mu4Jets_Unpacker_100']
DEBUG 2025-03-26 04:12:15.260 UTC: 	 Encoded data for curl request: subresource=version
DEBUG 2025-03-26 04:12:15.295 UTC: 	 CRABClient version: v3.250318
DEBUG 2025-03-26 04:12:15.295 UTC: 	 Instance is prod
DEBUG 2025-03-26 04:12:15.296 UTC: 	 Server base url is cmsweb.cern.ch
DEBUG 2025-03-26 04:12:15.296 UTC: 	 Command api workflow
DEBUG 2025-03-26 04:12:15.296 UTC: 	 Encoded data for curl request: subresource=search&workflow=250325_213853%3Aamalhotr_crab_DYto2Mu4Jets_Unpacker_100
DEBUG 2025-03-26 04:12:15.340 UTC: 	 Got information from server oracle database: {'desc': {'columns': ['tm_taskname', 'tm_activity', 'tm_task_status', 'tm_task_command', 'tm_start_time', 'tm_start_injection', 'tm_end_injection', 'tm_task_failure', 'tm_job_sw', 'tm_job_arch', 'tm_input_dataset', 'tm_nonvalid_input_dataset', 'tm_use_parent', 'tm_site_whitelist', 'tm_site_blacklist', 'tm_split_algo', 'tm_split_args', 'tm_user_sandbox', 'tm_cache_url', 'tm_username', 'tm_user_dn', 'tm_user_vo', 'tm_user_role', 'tm_user_group', 'tm_publish_name', 'tm_publish_groupname', 'tm_asyncdest', 'tm_dbs_url', 'tm_publish_dbs_url', 'tm_publication', 'tm_outfiles', 'tm_tfile_outfiles', 'tm_edm_outfiles', 'tm_job_type', 'tm_generator', 'tm_events_per_lumi', 'tm_arguments', 'tm_save_logs', 'tw_name', 'tm_user_infiles', 'tm_maxjobruntime', 'tm_numcores', 'tm_maxmemory', 'tm_priority', 'tm_output_dataset', 'tm_task_warnings', 'tm_user_webdir', 'tm_scriptexe', 'tm_scriptargs', 'tm_extrajdl', 'tm_collector', 'tm_schedd', 'tm_dry_run', 'tm_user_files', 'tm_transfer_outputs', 'tm_output_lfn', 'tm_ignore_locality', 'tm_fail_limit', 'tm_one_event_mode', 'tm_secondary_input_dataset', 'tm_primary_dataset', 'tm_last_publication', 'tm_debug_files', 'clusterid', 'tm_ignore_global_blacklist', 'tm_submitter_ip_addr', 'tm_totalunits', 'tm_ddm_reqid', 'tm_user_config', 'tm_transfer_container', 'tm_transfer_rule', 'tm_publish_rule', 'tm_multipub_rule', 'tm_job_min_microarch', 'tm_dagman_status', 'tm_num_jobs', 'tm_uploaded']}, 'result': ['250325_213853:amalhotr_crab_DYto2Mu4Jets_Unpacker_100', 'None', 'SUBMITTED', 'SUBMIT', '2025-03-25 21:38:53.687169', 'None', '2025-03-25 21:41:08.064743', 'None', 'CMSSW_14_0_18_patch1', 'el9_amd64_gcc12', '/DYto2Mu-4Jets_Bin-MLL-50_TuneCP5_13p6TeV_madgraphMLM-pythia8/RunIII2024Summer24MiniAOD-140X_mcRun3_2024_realistic_v26-v2/MINIAODSIM', 'F', '0', '[]', '[]', 'FileBased', "{'halt_job_on_file_boundaries': False, 'splitOnRun': False, 'files_per_job': 5, 'runs': [], 'lumis': []}", '3347ab5ebddcbcf20e5a549cff91c4ac4d53283ca301d10bc07120adeaa8b0f2.tar.gz', 'https://cmsweb.cern.ch/S3/crabcache_prod', 'amalhotr', '/DC=ch/DC=cern/OU=Organic Units/OU=Users/CN=amalhotr/CN=884837/CN=Aryan Malhotra', 'cms', 'None', 'None', 'DYto2Mu4Jets_Unpacker_100-00000000000000000000000000000000', 'F', 'T2_BR_SPRACE', 'https://cmsweb.cern.ch/dbs/prod/global/DBSReader', 'https://cmsweb.cern.ch/dbs/prod/phys03/DBSWriter', 'T', '[]', '[]', "['HLTUnpackerOutputLarge.root']", 'Analysis', 'pythia', 'None', '{}', 'T', 'crab-prod-tw01', '[]', '1250', '1', '2000', '10', "['/DYto2Mu-4Jets_Bin-MLL-50_TuneCP5_13p6TeV_madgraphMLM-pythia8/amalhotr-DYto2Mu4Jets_Unpacker_100-49feb6938084587a06052f9676570a55/USER']", '[]', 'http://vocms0122.cern.ch/mon/amalhotr/250325_213853:amalhotr_crab_DYto2Mu4Jets_Unpacker_100', 'None', '[]', '[]', 'cmsgwms-collector-global.cern.ch:9620,cmsgwms-collector-global.fnal.gov:9620', 'crab3@vocms0122.cern.ch', 'F', '[]', 'T', '/store/user/amalhotr/', 'F', 'None', 'F', 'None', 'DYto2Mu-4Jets_Bin-MLL-50_TuneCP5_13p6TeV_madgraphMLM-pythia8', 'None', '46abd81798f8172cc8a3a999c59ea9104a03ce5642e15b1dd94ed402b62ca33b.tar.gz', '124350952', 'F', '188.184.75.82', '100.0', 'None', '{"partialdataset": false, "requireaccelerator": false, "acceleratorparams": null, "inputblocks": null}', 'None', 'None', 'None', 'None', 'any', 'NOT_READY', '0', 'F']}
INFO 2025-03-26 04:12:15.340 UTC: 	 CRAB project directory:		/afs/cern.ch/user/a/amalhotr/CMSSW_14_0_18_patch1/src/Run3ScoutingAnalysisTools/crab_DYto2Mu4Jets_Unpacker_100
INFO 2025-03-26 04:12:15.341 UTC: 	 Task name:			250325_213853:amalhotr_crab_DYto2Mu4Jets_Unpacker_100
INFO 2025-03-26 04:12:15.341 UTC: 	 Grid scheduler - Task Worker:	crab3@vocms0122.cern.ch - crab-prod-tw01
INFO 2025-03-26 04:12:15.341 UTC: 	 Status on the CRAB server:	SUBMITTED
INFO 2025-03-26 04:12:15.341 UTC: 	 Task URL to use for HELP:	https://cmsweb.cern.ch/crabserver/ui/task/250325_213853%3Aamalhotr_crab_DYto2Mu4Jets_Unpacker_100
INFO 2025-03-26 04:12:15.346 UTC: 	 Dashboard monitoring URL:	https://monit-grafana.cern.ch/d/cmsTMDetail/cms-task-monitoring-task-view?orgId=11&var-user=amalhotr&var-task=250325_213853%3Aamalhotr_crab_DYto2Mu4Jets_Unpacker_100&from=1742935133000&to=now
DEBUG 2025-03-26 04:12:15.346 UTC: 	 The CRAB server submitted your task to the Grid scheduler (cluster ID: 124350952)
DEBUG 2025-03-26 04:12:15.346 UTC: 	 Webdir is located at http://vocms0122.cern.ch/mon/amalhotr/250325_213853:amalhotr_crab_DYto2Mu4Jets_Unpacker_100
DEBUG 2025-03-26 04:12:15.347 UTC: 	 Encoded data for curl request: subresource=webdirprx&workflow=250325_213853%3Aamalhotr_crab_DYto2Mu4Jets_Unpacker_100
DEBUG 2025-03-26 04:12:15.387 UTC: 	 Proxied webdir is located at https://cmsweb.cern.ch:8443/scheddmon/0122/amalhotr/250325_213853:amalhotr_crab_DYto2Mu4Jets_Unpacker_100
DEBUG 2025-03-26 04:12:15.387 UTC: 	 Retrieving 'status_cache' file from https://cmsweb.cern.ch:8443/scheddmon/0122/amalhotr/250325_213853:amalhotr_crab_DYto2Mu4Jets_Unpacker_100/status_cache.pkl
DEBUG 2025-03-26 04:12:15.387 UTC: 	 Will execute:
curl -sS --capath /etc/grid-security/certificates --cert /tmp/x509up_u180451 --key /tmp/x509up_u180451 -o /tmp/crab_status-cache-xo6enyxx.pkl -w %"{http_code}" "https://cmsweb.cern.ch:8443/scheddmon/0122/amalhotr/250325_213853:amalhotr_crab_DYto2Mu4Jets_Unpacker_100/status_cache.pkl"
DEBUG 2025-03-26 04:12:15.388 UTC: 	 Executing command :
 curl -sS --capath /etc/grid-security/certificates --cert /tmp/x509up_u180451 --key /tmp/x509up_u180451 -o /tmp/crab_status-cache-xo6enyxx.pkl -w %"{http_code}" "https://cmsweb.cern.ch:8443/scheddmon/0122/amalhotr/250325_213853:amalhotr_crab_DYto2Mu4Jets_Unpacker_100/status_cache.pkl"
DEBUG 2025-03-26 04:12:15.433 UTC: 	 output : 200
 error: 
 retcode : 0
DEBUG 2025-03-26 04:12:15.433 UTC: 	 exitcode: 0
stdout: 200
stderr: 
error details: 
DEBUG 2025-03-26 04:12:15.433 UTC: 	 Got information from status cache file: {'7': {'Retries': 0, 'Restarts': 0, 'SiteHistory': ['Unknown', 'T2_IT_Legnaro', 'T2_IT_Legnaro'], 'ResidentSetSize': [1327032], 'SubmitTimes': [1742938941.0], 'StartTimes': [1742939160.0], 'EndTimes': [1742941680.0], 'TotalUserCpuTimeHistory': [1728], 'TotalSysCpuTimeHistory': [121], 'WallDurations': [9.0, 138.507226228714, 2520.0], 'JobIds': ['124350955.0'], 'State': 'finished', 'RecordedSite': True}, '14': {'Retries': 0, 'Restarts': 0, 'SiteHistory': ['Unknown', 'T1_UK_RAL', 'T1_UK_RAL'], 'ResidentSetSize': [1265248], 'SubmitTimes': [1742938941.0], 'StartTimes': [1742939021.0], 'EndTimes': [1742942752.0], 'TotalUserCpuTimeHistory': [1608], 'TotalSysCpuTimeHistory': [425], 'WallDurations': [8.0, 277.507226228714, 3731.0], 'JobIds': ['124350956.0'], 'State': 'finished', 'RecordedSite': True}, '13': {'Retries': 0, 'Restarts': 0, 'SiteHistory': ['Unknown', 'T1_UK_RAL', 'T1_UK_RAL'], 'ResidentSetSize': [1340176], 'SubmitTimes': [1742938941.0], 'StartTimes': [1742939022.0], 'EndTimes': [1742943121.0], 'TotalUserCpuTimeHistory': [1838], 'TotalSysCpuTimeHistory': [525], 'WallDurations': [8.0, 276.507226228714, 4099.0], 'JobIds': ['124350957.0'], 'State': 'finished', 'RecordedSite': True}, '18': {'Retries': 0, 'Restarts': 0, 'SiteHistory': ['Unknown', 'T1_UK_RAL', 'T1_UK_RAL'], 'ResidentSetSize': [1303732], 'SubmitTimes': [1742938942.0], 'StartTimes': [1742939023.0], 'EndTimes': [1742942865.0], 'TotalUserCpuTimeHistory': [1740], 'TotalSysCpuTimeHistory': [513], 'WallDurations': [8.0, 275.507226228714, 3842.0], 'JobIds': ['124350958.0'], 'State': 'finished', 'RecordedSite': True}, '15': {'Retries': 0, 'Restarts': 0, 'SiteHistory': ['Unknown', 'T1_UK_RAL', 'T1_UK_RAL'], 'ResidentSetSize': [1393036], 'SubmitTimes': [1742938942.0], 'StartTimes': [1742939022.0], 'EndTimes': [1742942970.0], 'TotalUserCpuTimeHistory': [1676], 'TotalSysCpuTimeHistory': [527], 'WallDurations': [8.0, 276.507226228714, 3948.0], 'JobIds': ['124350959.0'], 'State': 'finished', 'RecordedSite': True}, '1': {'Retries': 0, 'Restarts': 0, 'SiteHistory': ['Unknown', 'T2_UK_London_IC', 'T2_UK_London_IC'], 'ResidentSetSize': [1275176], 'SubmitTimes': [1742938942.0], 'StartTimes': [1742939160.0], 'EndTimes': [1742943179.0], 'TotalUserCpuTimeHistory': [1717], 'TotalSysCpuTimeHistory': [620], 'WallDurations': [9.0, 138.507226228714, 4019.0], 'JobIds': ['124350960.0'], 'State': 'finished', 'RecordedSite': True}, '2': {'Retries': 0, 'Restarts': 0, 'SiteHistory': ['Unknown', 'T2_UK_London_IC', 'T2_UK_London_IC'], 'ResidentSetSize': [689780], 'SubmitTimes': [1742938942.0], 'StartTimes': [1742939160.0], 'EndTimes': [1742940103.0], 'TotalUserCpuTimeHistory': [490], 'TotalSysCpuTimeHistory': [79], 'WallDurations': [9.0, 138.507226228714, 943.0], 'JobIds': ['124350961.0'], 'State': 'finished', 'RecordedSite': True}, '8': {'Retries': 0, 'Restarts': 0, 'SiteHistory': ['Unknown', 'T2_IT_Legnaro', 'T2_IT_Legnaro'], 'ResidentSetSize': [92916], 'SubmitTimes': [1742938942.0], 'StartTimes': [1742939160.0], 'EndTimes': [1742939417.0], 'TotalUserCpuTimeHistory': [150], 'TotalSysCpuTimeHistory': [13], 'WallDurations': [8.0, 138.507226228714, 257.0], 'JobIds': ['124350962.0'], 'State': 'finished', 'RecordedSite': True}, '9': {'Retries': 0, 'Restarts': 0, 'SiteHistory': ['Unknown', 'T2_DE_RWTH', 'T2_DE_RWTH'], 'ResidentSetSize': [638632], 'SubmitTimes': [1742938942.0], 'StartTimes': [1742939160.0], 'EndTimes': [1742939729.0], 'TotalUserCpuTimeHistory': [207], 'TotalSysCpuTimeHistory': [27], 'WallDurations': [9.0, 138.507226228714, 569.0], 'JobIds': ['124350963.0'], 'State': 'finished', 'RecordedSite': True}, '12': {'Retries': 0, 'Restarts': 0, 'SiteHistory': ['Unknown', 'T2_US_Vanderbilt', 'T2_US_Vanderbilt'], 'ResidentSetSize': [1162692], 'SubmitTimes': [1742938942.0], 'StartTimes': [1742939237.0], 'EndTimes': [1742939947.0], 'TotalUserCpuTimeHistory': [381], 'TotalSysCpuTimeHistory': [15], 'WallDurations': [8.0, 61.50722622871399, 710.0], 'JobIds': ['124350964.0'], 'State': 'finished', 'RecordedSite': True}, '6': {'Retries': 0, 'Restarts': 0, 'SiteHistory': ['Unknown', 'T2_IT_Legnaro', 'T2_IT_Legnaro'], 'ResidentSetSize': [1267868], 'SubmitTimes': [1742938942.0], 'StartTimes': [1742939160.0], 'EndTimes': [1742940886.0], 'TotalUserCpuTimeHistory': [1281], 'TotalSysCpuTimeHistory': [118], 'WallDurations': [9.0, 138.507226228714, 1726.0], 'JobIds': ['124350965.0'], 'State': 'finished', 'RecordedSite': True}, '10': {'Retries': 0, 'Restarts': 0, 'SiteHistory': ['Unknown', 'T2_DE_DESY', 'T2_DE_DESY'], 'ResidentSetSize': [512544], 'SubmitTimes': [1742938942.0], 'StartTimes': [1742939160.0], 'EndTimes': [1742939579.0], 'TotalUserCpuTimeHistory': [217], 'TotalSysCpuTimeHistory': [39], 'WallDurations': [9.0, 138.507226228714, 419.0], 'JobIds': ['124350966.0'], 'State': 'finished', 'RecordedSite': True}, '5': {'Retries': 0, 'Restarts': 0, 'SiteHistory': ['Unknown', 'T2_IT_Legnaro', 'T2_IT_Legnaro'], 'ResidentSetSize': [766480], 'SubmitTimes': [1742938942.0], 'StartTimes': [1742939160.0], 'EndTimes': [1742940338.0], 'TotalUserCpuTimeHistory': [911], 'TotalSysCpuTimeHistory': [86], 'WallDurations': [9.0, 138.507226228714, 1178.0], 'JobIds': ['124350967.0'], 'State': 'finished', 'RecordedSite': True}, '17': {'Retries': 0, 'Restarts': 0, 'SiteHistory': ['Unknown', 'T1_UK_RAL', 'T1_UK_RAL'], 'ResidentSetSize': [1333396], 'SubmitTimes': [1742938942.0], 'StartTimes': [1742939021.0], 'EndTimes': [1742942769.0], 'TotalUserCpuTimeHistory': [1593], 'TotalSysCpuTimeHistory': [486], 'WallDurations': [8.0, 277.507226228714, 3748.0], 'JobIds': ['124350968.0'], 'State': 'finished', 'RecordedSite': True}, '3': {'Retries': 0, 'Restarts': 0, 'SiteHistory': ['Unknown', 'T1_ES_PIC', 'T1_ES_PIC'], 'ResidentSetSize': [805408], 'SubmitTimes': [1742938942.0], 'StartTimes': [1742939023.0], 'EndTimes': [1742941610.0], 'TotalUserCpuTimeHistory': [1326], 'TotalSysCpuTimeHistory': [234], 'WallDurations': [9.0, 275.507226228714, 2587.0], 'JobIds': ['124350969.0'], 'State': 'finished', 'RecordedSite': True}, '11': {'Retries': 0, 'Restarts': 0, 'SiteHistory': ['Unknown', 'T2_IT_Pisa', 'T2_IT_Pisa'], 'ResidentSetSize': [505128], 'SubmitTimes': [1742938942.0], 'StartTimes': [1742939160.0], 'EndTimes': [1742940119.0], 'TotalUserCpuTimeHistory': [462], 'TotalSysCpuTimeHistory': [36], 'WallDurations': [9.0, 138.507226228714, 959.0], 'JobIds': ['124350970.0'], 'State': 'finished', 'RecordedSite': True}, '19': {'Retries': 0, 'Restarts': 0, 'SiteHistory': ['Unknown', 'T1_UK_RAL', 'T1_UK_RAL'], 'ResidentSetSize': [1179200], 'SubmitTimes': [1742938942.0], 'StartTimes': [1742939021.0], 'EndTimes': [1742943065.0], 'TotalUserCpuTimeHistory': [1606], 'TotalSysCpuTimeHistory': [436], 'WallDurations': [8.0, 277.507226228714, 4044.0], 'JobIds': ['124350971.0'], 'State': 'finished', 'RecordedSite': True}, '20': {'Retries': 0, 'Restarts': 0, 'SiteHistory': ['Unknown', 'T1_UK_RAL', 'T1_UK_RAL'], 'ResidentSetSize': [1351680], 'SubmitTimes': [1742938942.0], 'StartTimes': [1742939022.0], 'EndTimes': [1742943433.0], 'TotalUserCpuTimeHistory': [2001], 'TotalSysCpuTimeHistory': [582], 'WallDurations': [8.0, 276.507226228714, 4411.0], 'JobIds': ['124350972.0'], 'State': 'finished', 'RecordedSite': True}, '22': {'Retries': 0, 'Restarts': 0, 'SiteHistory': ['Unknown', 'T1_UK_RAL', 'T1_UK_RAL'], 'ResidentSetSize': [1343484], 'SubmitTimes': [1742938942.0], 'StartTimes': [1742939022.0], 'EndTimes': [1742943581.0], 'TotalUserCpuTimeHistory': [1890], 'TotalSysCpuTimeHistory': [553], 'WallDurations': [8.0, 276.507226228714, 4559.0], 'JobIds': ['124350973.0'], 'State': 'finished', 'RecordedSite': True}, '23': {'Retries': 0, 'Restarts': 0, 'SiteHistory': ['Unknown', 'T1_UK_RAL', 'T1_UK_RAL'], 'ResidentSetSize': [693748], 'SubmitTimes': [1742938943.0], 'StartTimes': [1742939022.0], 'EndTimes': [1742940565.0], 'TotalUserCpuTimeHistory': [632], 'TotalSysCpuTimeHistory': [220], 'WallDurations': [8.0, 276.507226228714, 1543.0], 'JobIds': ['124350974.0'], 'State': 'finished', 'RecordedSite': True}, '4': {'Retries': 0, 'Restarts': 0, 'SiteHistory': ['Unknown', 'T2_UK_London_IC', 'T2_UK_London_IC'], 'ResidentSetSize': [812848], 'SubmitTimes': [1742938943.0], 'StartTimes': [1742939160.0], 'EndTimes': [1742939955.0], 'TotalUserCpuTimeHistory': [326], 'TotalSysCpuTimeHistory': [105], 'WallDurations': [9.0, 138.507226228714, 795.0], 'JobIds': ['124350975.0'], 'State': 'finished', 'RecordedSite': True}, '24': {'Retries': 0, 'Restarts': 0, 'SiteHistory': ['Unknown', 'T1_FR_CCIN2P3', 'T1_FR_CCIN2P3'], 'ResidentSetSize': [616100], 'SubmitTimes': [1742938943.0], 'StartTimes': [1742939020.0], 'EndTimes': [1742939489.0], 'TotalUserCpuTimeHistory': [206], 'TotalSysCpuTimeHistory': [73], 'WallDurations': [9.0, 278.507226228714, 469.0], 'JobIds': ['124350976.0'], 'State': 'finished', 'RecordedSite': True}, '28': {'Retries': 0, 'Restarts': 0, 'SiteHistory': ['Unknown', 'T2_US_Vanderbilt', 'T2_US_Vanderbilt'], 'ResidentSetSize': [1160420], 'SubmitTimes': [1742938943.0], 'StartTimes': [1742939236.0], 'EndTimes': [1742939980.0], 'TotalUserCpuTimeHistory': [289], 'TotalSysCpuTimeHistory': [16], 'WallDurations': [9.0, 62.50722622871399, 744.0], 'JobIds': ['124350977.0'], 'State': 'finished', 'RecordedSite': True}, '27': {'Retries': 0, 'Restarts': 0, 'SiteHistory': ['Unknown', 'T2_US_UCSD', 'T2_US_UCSD'], 'ResidentSetSize': [1094944], 'SubmitTimes': [1742938943.0], 'StartTimes': [1742939243.0], 'EndTimes': [1742940579.0], 'TotalUserCpuTimeHistory': [488], 'TotalSysCpuTimeHistory': [33], 'WallDurations': [9.0, 55.50722622871399, 1336.0], 'JobIds': ['124350978.0'], 'State': 'finished', 'RecordedSite': True}, '26': {'Retries': 0, 'Restarts': 0, 'SiteHistory': ['Unknown', 'T1_FR_CCIN2P3', 'T1_FR_CCIN2P3'], 'ResidentSetSize': [678520], 'SubmitTimes': [1742938943.0], 'StartTimes': [1742939022.0], 'EndTimes': [1742940552.0], 'TotalUserCpuTimeHistory': [765], 'TotalSysCpuTimeHistory': [295], 'WallDurations': [8.0, 276.507226228714, 1530.0], 'JobIds': ['124350979.0'], 'State': 'finished', 'RecordedSite': True}, '29': {'Retries': 0, 'Restarts': 0, 'SiteHistory': ['Unknown', 'T1_UK_RAL', 'T1_UK_RAL'], 'ResidentSetSize': [791796], 'SubmitTimes': [1742938943.0], 'StartTimes': [1742939023.0], 'EndTimes': [1742939976.0], 'TotalUserCpuTimeHistory': [360], 'TotalSysCpuTimeHistory': [98], 'WallDurations': [8.0, 275.507226228714, 953.0], 'JobIds': ['124350980.0'], 'State': 'finished', 'RecordedSite': True}, '25': {'Retries': 0, 'Restarts': 0, 'SiteHistory': ['Unknown', 'T1_FR_CCIN2P3', 'T1_FR_CCIN2P3'], 'ResidentSetSize': [885772], 'SubmitTimes': [1742938943.0], 'StartTimes': [1742939023.0], 'EndTimes': [1742941862.0], 'TotalUserCpuTimeHistory': [1336], 'TotalSysCpuTimeHistory': [513], 'WallDurations': [9.0, 275.507226228714, 2839.0], 'JobIds': ['124350981.0'], 'State': 'finished', 'RecordedSite': True}, '21': {'Retries': 0, 'Restarts': 0, 'SiteHistory': ['Unknown', 'T1_UK_RAL', 'T1_UK_RAL'], 'ResidentSetSize': [1091408], 'SubmitTimes': [1742938943.0], 'StartTimes': [1742939021.0], 'EndTimes': [1742942941.0], 'TotalUserCpuTimeHistory': [1714], 'TotalSysCpuTimeHistory': [504], 'WallDurations': [8.0, 277.507226228714, 3920.0], 'JobIds': ['124350982.0'], 'State': 'finished', 'RecordedSite': True}, '16': {'Retries': 0, 'Restarts': 0, 'SiteHistory': ['Unknown', 'T1_UK_RAL', 'T1_UK_RAL'], 'ResidentSetSize': [854104], 'SubmitTimes': [1742938943.0], 'StartTimes': [1742939022.0], 'EndTimes': [1742942989.0], 'TotalUserCpuTimeHistory': [1703], 'TotalSysCpuTimeHistory': [500], 'WallDurations': [8.0, 276.507226228714, 3967.0], 'JobIds': ['124350983.0'], 'State': 'finished', 'RecordedSite': True}}
INFO 2025-03-26 04:12:15.433 UTC: 	 Status on the scheduler:	COMPLETED
INFO 2025-03-26 04:12:15.433 UTC: 	 
Jobs status:                    finished     		100.0% (29/29)
DEBUG 2025-03-26 04:12:15.434 UTC: 	 Encoded data for curl request: subresource=publicationstatus&workflow=250325_213853%3Aamalhotr_crab_DYto2Mu4Jets_Unpacker_100&username=amalhotr
INFO 2025-03-26 04:12:15.474 UTC: 	 
Publication status of 1 dataset(s):	acquired     		100.0% (29/29)
(from CRAB internal bookkeeping in transferdb)
INFO 2025-03-26 04:12:15.474 UTC: 	 
Output dataset:			/DYto2Mu-4Jets_Bin-MLL-50_TuneCP5_13p6TeV_madgraphMLM-pythia8/amalhotr-DYto2Mu4Jets_Unpacker_100-49feb6938084587a06052f9676570a55/USER
Output dataset DAS URL:		https://cmsweb.cern.ch/das/request?input=%2FDYto2Mu-4Jets_Bin-MLL-50_TuneCP5_13p6TeV_madgraphMLM-pythia8%2Famalhotr-DYto2Mu4Jets_Unpacker_100-49feb6938084587a06052f9676570a55%2FUSER&instance=prod%2Fphys03
INFO 2025-03-26 04:12:15.475 UTC: 	 
Warning: the max jobs runtime is less than 30% of the task requested value (1250 min), please consider to request a lower value for failed jobs (allowed through crab resubmit) and/or improve the jobs splitting (e.g. config.Data.splitting = 'Automatic') in a new task.
INFO 2025-03-26 04:12:15.475 UTC: 	 
Summary of run jobs:
 * Memory: 90MB min, 1360MB max, 951MB ave
 * Runtime: 0:04:17 min, 1:15:59 max, 0:38:08 ave
 * CPU eff: 39% min, 85% max, 58% ave
 * Waste: 1:43:56 (9% of total)

INFO 2025-03-26 04:12:15.476 UTC: 	 Log file is /afs/cern.ch/user/a/amalhotr/CMSSW_14_0_18_patch1/src/Run3ScoutingAnalysisTools/crab_DYto2Mu4Jets_Unpacker_100/crab.log
DEBUG 2025-03-26 05:42:45.171 UTC: 	 CRAB Client version: v3.250318
DEBUG 2025-03-26 05:42:45.172 UTC: 	 Running on: Linux lxplus940.cern.ch 5.14.0-503.22.1.el9_5.x86_64 #1 SMP PREEMPT_DYNAMIC Wed Jan 15 08:02:15 EST 2025 x86_64 x86_64 x86_64 GNU/Linux
DEBUG 2025-03-26 05:42:45.172 UTC: 	 Not using Singularity
DEBUG 2025-03-26 05:42:45.172 UTC: 	 Operating System: Red Hat Enterprise Linux 9.5 (Plow)
DEBUG 2025-03-26 05:42:45.172 UTC: 	 Executing command: 'status'
DEBUG 2025-03-26 05:42:45.172 UTC: 	 Found CRAB cache file /afs/cern.ch/user/a/amalhotr/.crab3
DEBUG 2025-03-26 05:42:45.178 UTC: 	 Checking credentials
DEBUG 2025-03-26 05:42:45.178 UTC: 	 Found proxy file /tmp/x509up_u180451
DEBUG 2025-03-26 05:42:45.178 UTC: 	 Making sure it has proper VOMS extension
DEBUG 2025-03-26 05:42:45.178 UTC: 	 Executing command :
 voms-proxy-info --vo --file /tmp/x509up_u180451
DEBUG 2025-03-26 05:42:45.553 UTC: 	 output : cms

 error: 
 retcode : 0
DEBUG 2025-03-26 05:42:45.553 UTC: 	 Getting proxy life time left
DEBUG 2025-03-26 05:42:45.553 UTC: 	 Executing command :
 voms-proxy-info --actimeleft --timeleft --file /tmp/x509up_u180451
DEBUG 2025-03-26 05:42:45.915 UTC: 	 output : 662103
662103

 error: 
 retcode : 0
DEBUG 2025-03-26 05:42:45.915 UTC: 	 Proxy valid for 183:55:03 hours
DEBUG 2025-03-26 05:42:45.915 UTC: 	 Encoded data for curl request: subresource=delegatedn
DEBUG 2025-03-26 05:42:45.961 UTC: 	 Registering user credentials on myproxy for /DC=ch/DC=cern/OU=computers/CN=crab-(preprod|prod)-tw(01|02).cern.ch|/DC=ch/DC=cern/OU=computers/CN=crab-dev-tw(01|02|03|04).cern.ch|/DC=ch/DC=cern/OU=Organic Units/OU=Users/CN=cmscrab/CN=(817881|373708)/CN=Robot: cms crab|/DC=ch/DC=cern/OU=Organic Units/OU=Users/CN=crabint1/CN=373708/CN=Robot: CMS CRAB Integration 1
DEBUG 2025-03-26 05:42:45.961 UTC: 	 Executing command :
 voms-proxy-info --identity --file /tmp/x509up_u180451
DEBUG 2025-03-26 05:42:46.316 UTC: 	 output : /DC=ch/DC=cern/OU=Organic Units/OU=Users/CN=amalhotr/CN=884837/CN=Aryan Malhotra

 error: 
 retcode : 0
DEBUG 2025-03-26 05:42:46.317 UTC: 	 Getting myproxy life time left for 2382a3cf28fdeacb1de9b039908761ea517a5ed6
DEBUG 2025-03-26 05:42:46.317 UTC: 	 Executing command :
 myproxy-info -s myproxy.cern.ch -l 2382a3cf28fdeacb1de9b039908761ea517a5ed6
DEBUG 2025-03-26 05:42:46.590 UTC: 	 output : username: 2382a3cf28fdeacb1de9b039908761ea517a5ed6
owner: /DC=ch/DC=cern/OU=Organic Units/OU=Users/CN=amalhotr/CN=884837/CN=Aryan Malhotra
  renewal policy: /DC=ch/DC=cern/OU=computers/CN=crab-(preprod|prod)-tw(01|02).cern.ch|/DC=ch/DC=cern/OU=computers/CN=crab-dev-tw(01|02|03|04).cern.ch|/DC=ch/DC=cern/OU=Organic Units/OU=Users/CN=cmscrab/CN=(817881|373708)/CN=Robot: cms crab|/DC=ch/DC=cern/OU=Organic Units/OU=Users/CN=crabint1/CN=373708/CN=Robot: CMS CRAB Integration 1
  trusted retrieval policy: /DC=ch/DC=cern/OU=computers/CN=crab-(preprod|prod)-tw(01|02).cern.ch|/DC=ch/DC=cern/OU=computers/CN=crab-dev-tw(01|02|03|04).cern.ch|/DC=ch/DC=cern/OU=Organic Units/OU=Users/CN=cmscrab/CN=(817881|373708)/CN=Robot: cms crab|/DC=ch/DC=cern/OU=Organic Units/OU=Users/CN=crabint1/CN=373708/CN=Robot: CMS CRAB Integration 1
  timeleft: 550:37:32  (22.9 days)

 error: 
 retcode : 0
DEBUG 2025-03-26 05:42:46.590 UTC: 	 Myproxy is valid: 1982220
DEBUG 2025-03-26 05:42:46.590 UTC: 	 Result of myproxy credential check:
  Credential exists on myproxy: username: 2382a3cf28fdeacb1de9b039908761ea517a5ed6  - validity: 22 days, 22:37:00
DEBUG 2025-03-26 05:42:46.590 UTC: 	 Retrieving username ...
DEBUG 2025-03-26 05:42:46.590 UTC: 	 Retrieving username from CRIC...
DEBUG 2025-03-26 05:42:47.269 UTC: 	 username is amalhotr
INFO 2025-03-26 05:42:47.854 UTC: 	 Rucio client intialized for account amalhotr
DEBUG 2025-03-26 05:42:47.855 UTC: 	 Command use: status
DEBUG 2025-03-26 05:42:47.855 UTC: 	 Options use: ['-d', './crab_DYto2Mu4Jets_Unpacker_100']
DEBUG 2025-03-26 05:42:47.855 UTC: 	 Encoded data for curl request: subresource=version
DEBUG 2025-03-26 05:42:47.897 UTC: 	 CRABClient version: v3.250318
DEBUG 2025-03-26 05:42:47.897 UTC: 	 Instance is prod
DEBUG 2025-03-26 05:42:47.897 UTC: 	 Server base url is cmsweb.cern.ch
DEBUG 2025-03-26 05:42:47.897 UTC: 	 Command api workflow
DEBUG 2025-03-26 05:42:47.897 UTC: 	 Encoded data for curl request: subresource=search&workflow=250325_213853%3Aamalhotr_crab_DYto2Mu4Jets_Unpacker_100
DEBUG 2025-03-26 05:42:47.937 UTC: 	 Got information from server oracle database: {'desc': {'columns': ['tm_taskname', 'tm_activity', 'tm_task_status', 'tm_task_command', 'tm_start_time', 'tm_start_injection', 'tm_end_injection', 'tm_task_failure', 'tm_job_sw', 'tm_job_arch', 'tm_input_dataset', 'tm_nonvalid_input_dataset', 'tm_use_parent', 'tm_site_whitelist', 'tm_site_blacklist', 'tm_split_algo', 'tm_split_args', 'tm_user_sandbox', 'tm_cache_url', 'tm_username', 'tm_user_dn', 'tm_user_vo', 'tm_user_role', 'tm_user_group', 'tm_publish_name', 'tm_publish_groupname', 'tm_asyncdest', 'tm_dbs_url', 'tm_publish_dbs_url', 'tm_publication', 'tm_outfiles', 'tm_tfile_outfiles', 'tm_edm_outfiles', 'tm_job_type', 'tm_generator', 'tm_events_per_lumi', 'tm_arguments', 'tm_save_logs', 'tw_name', 'tm_user_infiles', 'tm_maxjobruntime', 'tm_numcores', 'tm_maxmemory', 'tm_priority', 'tm_output_dataset', 'tm_task_warnings', 'tm_user_webdir', 'tm_scriptexe', 'tm_scriptargs', 'tm_extrajdl', 'tm_collector', 'tm_schedd', 'tm_dry_run', 'tm_user_files', 'tm_transfer_outputs', 'tm_output_lfn', 'tm_ignore_locality', 'tm_fail_limit', 'tm_one_event_mode', 'tm_secondary_input_dataset', 'tm_primary_dataset', 'tm_last_publication', 'tm_debug_files', 'clusterid', 'tm_ignore_global_blacklist', 'tm_submitter_ip_addr', 'tm_totalunits', 'tm_ddm_reqid', 'tm_user_config', 'tm_transfer_container', 'tm_transfer_rule', 'tm_publish_rule', 'tm_multipub_rule', 'tm_job_min_microarch', 'tm_dagman_status', 'tm_num_jobs', 'tm_uploaded']}, 'result': ['250325_213853:amalhotr_crab_DYto2Mu4Jets_Unpacker_100', 'None', 'SUBMITTED', 'SUBMIT', '2025-03-25 21:38:53.687169', 'None', '2025-03-25 21:41:08.064743', 'None', 'CMSSW_14_0_18_patch1', 'el9_amd64_gcc12', '/DYto2Mu-4Jets_Bin-MLL-50_TuneCP5_13p6TeV_madgraphMLM-pythia8/RunIII2024Summer24MiniAOD-140X_mcRun3_2024_realistic_v26-v2/MINIAODSIM', 'F', '0', '[]', '[]', 'FileBased', "{'halt_job_on_file_boundaries': False, 'splitOnRun': False, 'files_per_job': 5, 'runs': [], 'lumis': []}", '3347ab5ebddcbcf20e5a549cff91c4ac4d53283ca301d10bc07120adeaa8b0f2.tar.gz', 'https://cmsweb.cern.ch/S3/crabcache_prod', 'amalhotr', '/DC=ch/DC=cern/OU=Organic Units/OU=Users/CN=amalhotr/CN=884837/CN=Aryan Malhotra', 'cms', 'None', 'None', 'DYto2Mu4Jets_Unpacker_100-00000000000000000000000000000000', 'F', 'T2_BR_SPRACE', 'https://cmsweb.cern.ch/dbs/prod/global/DBSReader', 'https://cmsweb.cern.ch/dbs/prod/phys03/DBSWriter', 'T', '[]', '[]', "['HLTUnpackerOutputLarge.root']", 'Analysis', 'pythia', 'None', '{}', 'T', 'crab-prod-tw01', '[]', '1250', '1', '2000', '10', "['/DYto2Mu-4Jets_Bin-MLL-50_TuneCP5_13p6TeV_madgraphMLM-pythia8/amalhotr-DYto2Mu4Jets_Unpacker_100-49feb6938084587a06052f9676570a55/USER']", '[]', 'http://vocms0122.cern.ch/mon/amalhotr/250325_213853:amalhotr_crab_DYto2Mu4Jets_Unpacker_100', 'None', '[]', '[]', 'cmsgwms-collector-global.cern.ch:9620,cmsgwms-collector-global.fnal.gov:9620', 'crab3@vocms0122.cern.ch', 'F', '[]', 'T', '/store/user/amalhotr/', 'F', 'None', 'F', 'None', 'DYto2Mu-4Jets_Bin-MLL-50_TuneCP5_13p6TeV_madgraphMLM-pythia8', 'None', '46abd81798f8172cc8a3a999c59ea9104a03ce5642e15b1dd94ed402b62ca33b.tar.gz', '124350952', 'F', '188.184.75.82', '100.0', 'None', '{"partialdataset": false, "requireaccelerator": false, "acceleratorparams": null, "inputblocks": null}', 'None', 'None', 'None', 'None', 'any', 'NOT_READY', '0', 'F']}
INFO 2025-03-26 05:42:47.938 UTC: 	 CRAB project directory:		/afs/cern.ch/user/a/amalhotr/CMSSW_14_0_18_patch1/src/Run3ScoutingAnalysisTools/crab_DYto2Mu4Jets_Unpacker_100
INFO 2025-03-26 05:42:47.938 UTC: 	 Task name:			250325_213853:amalhotr_crab_DYto2Mu4Jets_Unpacker_100
INFO 2025-03-26 05:42:47.938 UTC: 	 Grid scheduler - Task Worker:	crab3@vocms0122.cern.ch - crab-prod-tw01
INFO 2025-03-26 05:42:47.938 UTC: 	 Status on the CRAB server:	SUBMITTED
INFO 2025-03-26 05:42:47.938 UTC: 	 Task URL to use for HELP:	https://cmsweb.cern.ch/crabserver/ui/task/250325_213853%3Aamalhotr_crab_DYto2Mu4Jets_Unpacker_100
INFO 2025-03-26 05:42:47.945 UTC: 	 Dashboard monitoring URL:	https://monit-grafana.cern.ch/d/cmsTMDetail/cms-task-monitoring-task-view?orgId=11&var-user=amalhotr&var-task=250325_213853%3Aamalhotr_crab_DYto2Mu4Jets_Unpacker_100&from=1742935133000&to=now
DEBUG 2025-03-26 05:42:47.945 UTC: 	 The CRAB server submitted your task to the Grid scheduler (cluster ID: 124350952)
DEBUG 2025-03-26 05:42:47.945 UTC: 	 Webdir is located at http://vocms0122.cern.ch/mon/amalhotr/250325_213853:amalhotr_crab_DYto2Mu4Jets_Unpacker_100
DEBUG 2025-03-26 05:42:47.945 UTC: 	 Encoded data for curl request: subresource=webdirprx&workflow=250325_213853%3Aamalhotr_crab_DYto2Mu4Jets_Unpacker_100
DEBUG 2025-03-26 05:42:47.982 UTC: 	 Proxied webdir is located at https://cmsweb.cern.ch:8443/scheddmon/0122/amalhotr/250325_213853:amalhotr_crab_DYto2Mu4Jets_Unpacker_100
DEBUG 2025-03-26 05:42:47.983 UTC: 	 Retrieving 'status_cache' file from https://cmsweb.cern.ch:8443/scheddmon/0122/amalhotr/250325_213853:amalhotr_crab_DYto2Mu4Jets_Unpacker_100/status_cache.pkl
DEBUG 2025-03-26 05:42:47.983 UTC: 	 Will execute:
curl -sS --capath /etc/grid-security/certificates --cert /tmp/x509up_u180451 --key /tmp/x509up_u180451 -o /tmp/crab_status-cache-451jpr5e.pkl -w %"{http_code}" "https://cmsweb.cern.ch:8443/scheddmon/0122/amalhotr/250325_213853:amalhotr_crab_DYto2Mu4Jets_Unpacker_100/status_cache.pkl"
DEBUG 2025-03-26 05:42:47.983 UTC: 	 Executing command :
 curl -sS --capath /etc/grid-security/certificates --cert /tmp/x509up_u180451 --key /tmp/x509up_u180451 -o /tmp/crab_status-cache-451jpr5e.pkl -w %"{http_code}" "https://cmsweb.cern.ch:8443/scheddmon/0122/amalhotr/250325_213853:amalhotr_crab_DYto2Mu4Jets_Unpacker_100/status_cache.pkl"
DEBUG 2025-03-26 05:42:48.014 UTC: 	 output : 200
 error: 
 retcode : 0
DEBUG 2025-03-26 05:42:48.014 UTC: 	 exitcode: 0
stdout: 200
stderr: 
error details: 
DEBUG 2025-03-26 05:42:48.014 UTC: 	 Got information from status cache file: {'7': {'Retries': 0, 'Restarts': 0, 'SiteHistory': ['Unknown', 'T2_IT_Legnaro', 'T2_IT_Legnaro'], 'ResidentSetSize': [1327032], 'SubmitTimes': [1742938941.0], 'StartTimes': [1742939160.0], 'EndTimes': [1742941680.0], 'TotalUserCpuTimeHistory': [1728], 'TotalSysCpuTimeHistory': [121], 'WallDurations': [9.0, 138.507226228714, 2520.0], 'JobIds': ['124350955.0'], 'State': 'finished', 'RecordedSite': True}, '14': {'Retries': 0, 'Restarts': 0, 'SiteHistory': ['Unknown', 'T1_UK_RAL', 'T1_UK_RAL'], 'ResidentSetSize': [1265248], 'SubmitTimes': [1742938941.0], 'StartTimes': [1742939021.0], 'EndTimes': [1742942752.0], 'TotalUserCpuTimeHistory': [1608], 'TotalSysCpuTimeHistory': [425], 'WallDurations': [8.0, 277.507226228714, 3731.0], 'JobIds': ['124350956.0'], 'State': 'finished', 'RecordedSite': True}, '13': {'Retries': 0, 'Restarts': 0, 'SiteHistory': ['Unknown', 'T1_UK_RAL', 'T1_UK_RAL'], 'ResidentSetSize': [1340176], 'SubmitTimes': [1742938941.0], 'StartTimes': [1742939022.0], 'EndTimes': [1742943121.0], 'TotalUserCpuTimeHistory': [1838], 'TotalSysCpuTimeHistory': [525], 'WallDurations': [8.0, 276.507226228714, 4099.0], 'JobIds': ['124350957.0'], 'State': 'finished', 'RecordedSite': True}, '18': {'Retries': 0, 'Restarts': 0, 'SiteHistory': ['Unknown', 'T1_UK_RAL', 'T1_UK_RAL'], 'ResidentSetSize': [1303732], 'SubmitTimes': [1742938942.0], 'StartTimes': [1742939023.0], 'EndTimes': [1742942865.0], 'TotalUserCpuTimeHistory': [1740], 'TotalSysCpuTimeHistory': [513], 'WallDurations': [8.0, 275.507226228714, 3842.0], 'JobIds': ['124350958.0'], 'State': 'finished', 'RecordedSite': True}, '15': {'Retries': 0, 'Restarts': 0, 'SiteHistory': ['Unknown', 'T1_UK_RAL', 'T1_UK_RAL'], 'ResidentSetSize': [1393036], 'SubmitTimes': [1742938942.0], 'StartTimes': [1742939022.0], 'EndTimes': [1742942970.0], 'TotalUserCpuTimeHistory': [1676], 'TotalSysCpuTimeHistory': [527], 'WallDurations': [8.0, 276.507226228714, 3948.0], 'JobIds': ['124350959.0'], 'State': 'finished', 'RecordedSite': True}, '1': {'Retries': 0, 'Restarts': 0, 'SiteHistory': ['Unknown', 'T2_UK_London_IC', 'T2_UK_London_IC'], 'ResidentSetSize': [1275176], 'SubmitTimes': [1742938942.0], 'StartTimes': [1742939160.0], 'EndTimes': [1742943179.0], 'TotalUserCpuTimeHistory': [1717], 'TotalSysCpuTimeHistory': [620], 'WallDurations': [9.0, 138.507226228714, 4019.0], 'JobIds': ['124350960.0'], 'State': 'finished', 'RecordedSite': True}, '2': {'Retries': 0, 'Restarts': 0, 'SiteHistory': ['Unknown', 'T2_UK_London_IC', 'T2_UK_London_IC'], 'ResidentSetSize': [689780], 'SubmitTimes': [1742938942.0], 'StartTimes': [1742939160.0], 'EndTimes': [1742940103.0], 'TotalUserCpuTimeHistory': [490], 'TotalSysCpuTimeHistory': [79], 'WallDurations': [9.0, 138.507226228714, 943.0], 'JobIds': ['124350961.0'], 'State': 'finished', 'RecordedSite': True}, '8': {'Retries': 0, 'Restarts': 0, 'SiteHistory': ['Unknown', 'T2_IT_Legnaro', 'T2_IT_Legnaro'], 'ResidentSetSize': [92916], 'SubmitTimes': [1742938942.0], 'StartTimes': [1742939160.0], 'EndTimes': [1742939417.0], 'TotalUserCpuTimeHistory': [150], 'TotalSysCpuTimeHistory': [13], 'WallDurations': [8.0, 138.507226228714, 257.0], 'JobIds': ['124350962.0'], 'State': 'finished', 'RecordedSite': True}, '9': {'Retries': 0, 'Restarts': 0, 'SiteHistory': ['Unknown', 'T2_DE_RWTH', 'T2_DE_RWTH'], 'ResidentSetSize': [638632], 'SubmitTimes': [1742938942.0], 'StartTimes': [1742939160.0], 'EndTimes': [1742939729.0], 'TotalUserCpuTimeHistory': [207], 'TotalSysCpuTimeHistory': [27], 'WallDurations': [9.0, 138.507226228714, 569.0], 'JobIds': ['124350963.0'], 'State': 'finished', 'RecordedSite': True}, '12': {'Retries': 0, 'Restarts': 0, 'SiteHistory': ['Unknown', 'T2_US_Vanderbilt', 'T2_US_Vanderbilt'], 'ResidentSetSize': [1162692], 'SubmitTimes': [1742938942.0], 'StartTimes': [1742939237.0], 'EndTimes': [1742939947.0], 'TotalUserCpuTimeHistory': [381], 'TotalSysCpuTimeHistory': [15], 'WallDurations': [8.0, 61.50722622871399, 710.0], 'JobIds': ['124350964.0'], 'State': 'finished', 'RecordedSite': True}, '6': {'Retries': 0, 'Restarts': 0, 'SiteHistory': ['Unknown', 'T2_IT_Legnaro', 'T2_IT_Legnaro'], 'ResidentSetSize': [1267868], 'SubmitTimes': [1742938942.0], 'StartTimes': [1742939160.0], 'EndTimes': [1742940886.0], 'TotalUserCpuTimeHistory': [1281], 'TotalSysCpuTimeHistory': [118], 'WallDurations': [9.0, 138.507226228714, 1726.0], 'JobIds': ['124350965.0'], 'State': 'finished', 'RecordedSite': True}, '10': {'Retries': 0, 'Restarts': 0, 'SiteHistory': ['Unknown', 'T2_DE_DESY', 'T2_DE_DESY'], 'ResidentSetSize': [512544], 'SubmitTimes': [1742938942.0], 'StartTimes': [1742939160.0], 'EndTimes': [1742939579.0], 'TotalUserCpuTimeHistory': [217], 'TotalSysCpuTimeHistory': [39], 'WallDurations': [9.0, 138.507226228714, 419.0], 'JobIds': ['124350966.0'], 'State': 'finished', 'RecordedSite': True}, '5': {'Retries': 0, 'Restarts': 0, 'SiteHistory': ['Unknown', 'T2_IT_Legnaro', 'T2_IT_Legnaro'], 'ResidentSetSize': [766480], 'SubmitTimes': [1742938942.0], 'StartTimes': [1742939160.0], 'EndTimes': [1742940338.0], 'TotalUserCpuTimeHistory': [911], 'TotalSysCpuTimeHistory': [86], 'WallDurations': [9.0, 138.507226228714, 1178.0], 'JobIds': ['124350967.0'], 'State': 'finished', 'RecordedSite': True}, '17': {'Retries': 0, 'Restarts': 0, 'SiteHistory': ['Unknown', 'T1_UK_RAL', 'T1_UK_RAL'], 'ResidentSetSize': [1333396], 'SubmitTimes': [1742938942.0], 'StartTimes': [1742939021.0], 'EndTimes': [1742942769.0], 'TotalUserCpuTimeHistory': [1593], 'TotalSysCpuTimeHistory': [486], 'WallDurations': [8.0, 277.507226228714, 3748.0], 'JobIds': ['124350968.0'], 'State': 'finished', 'RecordedSite': True}, '3': {'Retries': 0, 'Restarts': 0, 'SiteHistory': ['Unknown', 'T1_ES_PIC', 'T1_ES_PIC'], 'ResidentSetSize': [805408], 'SubmitTimes': [1742938942.0], 'StartTimes': [1742939023.0], 'EndTimes': [1742941610.0], 'TotalUserCpuTimeHistory': [1326], 'TotalSysCpuTimeHistory': [234], 'WallDurations': [9.0, 275.507226228714, 2587.0], 'JobIds': ['124350969.0'], 'State': 'finished', 'RecordedSite': True}, '11': {'Retries': 0, 'Restarts': 0, 'SiteHistory': ['Unknown', 'T2_IT_Pisa', 'T2_IT_Pisa'], 'ResidentSetSize': [505128], 'SubmitTimes': [1742938942.0], 'StartTimes': [1742939160.0], 'EndTimes': [1742940119.0], 'TotalUserCpuTimeHistory': [462], 'TotalSysCpuTimeHistory': [36], 'WallDurations': [9.0, 138.507226228714, 959.0], 'JobIds': ['124350970.0'], 'State': 'finished', 'RecordedSite': True}, '19': {'Retries': 0, 'Restarts': 0, 'SiteHistory': ['Unknown', 'T1_UK_RAL', 'T1_UK_RAL'], 'ResidentSetSize': [1179200], 'SubmitTimes': [1742938942.0], 'StartTimes': [1742939021.0], 'EndTimes': [1742943065.0], 'TotalUserCpuTimeHistory': [1606], 'TotalSysCpuTimeHistory': [436], 'WallDurations': [8.0, 277.507226228714, 4044.0], 'JobIds': ['124350971.0'], 'State': 'finished', 'RecordedSite': True}, '20': {'Retries': 0, 'Restarts': 0, 'SiteHistory': ['Unknown', 'T1_UK_RAL', 'T1_UK_RAL'], 'ResidentSetSize': [1351680], 'SubmitTimes': [1742938942.0], 'StartTimes': [1742939022.0], 'EndTimes': [1742943433.0], 'TotalUserCpuTimeHistory': [2001], 'TotalSysCpuTimeHistory': [582], 'WallDurations': [8.0, 276.507226228714, 4411.0], 'JobIds': ['124350972.0'], 'State': 'finished', 'RecordedSite': True}, '22': {'Retries': 0, 'Restarts': 0, 'SiteHistory': ['Unknown', 'T1_UK_RAL', 'T1_UK_RAL'], 'ResidentSetSize': [1343484], 'SubmitTimes': [1742938942.0], 'StartTimes': [1742939022.0], 'EndTimes': [1742943581.0], 'TotalUserCpuTimeHistory': [1890], 'TotalSysCpuTimeHistory': [553], 'WallDurations': [8.0, 276.507226228714, 4559.0], 'JobIds': ['124350973.0'], 'State': 'finished', 'RecordedSite': True}, '23': {'Retries': 0, 'Restarts': 0, 'SiteHistory': ['Unknown', 'T1_UK_RAL', 'T1_UK_RAL'], 'ResidentSetSize': [693748], 'SubmitTimes': [1742938943.0], 'StartTimes': [1742939022.0], 'EndTimes': [1742940565.0], 'TotalUserCpuTimeHistory': [632], 'TotalSysCpuTimeHistory': [220], 'WallDurations': [8.0, 276.507226228714, 1543.0], 'JobIds': ['124350974.0'], 'State': 'finished', 'RecordedSite': True}, '4': {'Retries': 0, 'Restarts': 0, 'SiteHistory': ['Unknown', 'T2_UK_London_IC', 'T2_UK_London_IC'], 'ResidentSetSize': [812848], 'SubmitTimes': [1742938943.0], 'StartTimes': [1742939160.0], 'EndTimes': [1742939955.0], 'TotalUserCpuTimeHistory': [326], 'TotalSysCpuTimeHistory': [105], 'WallDurations': [9.0, 138.507226228714, 795.0], 'JobIds': ['124350975.0'], 'State': 'finished', 'RecordedSite': True}, '24': {'Retries': 0, 'Restarts': 0, 'SiteHistory': ['Unknown', 'T1_FR_CCIN2P3', 'T1_FR_CCIN2P3'], 'ResidentSetSize': [616100], 'SubmitTimes': [1742938943.0], 'StartTimes': [1742939020.0], 'EndTimes': [1742939489.0], 'TotalUserCpuTimeHistory': [206], 'TotalSysCpuTimeHistory': [73], 'WallDurations': [9.0, 278.507226228714, 469.0], 'JobIds': ['124350976.0'], 'State': 'finished', 'RecordedSite': True}, '28': {'Retries': 0, 'Restarts': 0, 'SiteHistory': ['Unknown', 'T2_US_Vanderbilt', 'T2_US_Vanderbilt'], 'ResidentSetSize': [1160420], 'SubmitTimes': [1742938943.0], 'StartTimes': [1742939236.0], 'EndTimes': [1742939980.0], 'TotalUserCpuTimeHistory': [289], 'TotalSysCpuTimeHistory': [16], 'WallDurations': [9.0, 62.50722622871399, 744.0], 'JobIds': ['124350977.0'], 'State': 'finished', 'RecordedSite': True}, '27': {'Retries': 0, 'Restarts': 0, 'SiteHistory': ['Unknown', 'T2_US_UCSD', 'T2_US_UCSD'], 'ResidentSetSize': [1094944], 'SubmitTimes': [1742938943.0], 'StartTimes': [1742939243.0], 'EndTimes': [1742940579.0], 'TotalUserCpuTimeHistory': [488], 'TotalSysCpuTimeHistory': [33], 'WallDurations': [9.0, 55.50722622871399, 1336.0], 'JobIds': ['124350978.0'], 'State': 'finished', 'RecordedSite': True}, '26': {'Retries': 0, 'Restarts': 0, 'SiteHistory': ['Unknown', 'T1_FR_CCIN2P3', 'T1_FR_CCIN2P3'], 'ResidentSetSize': [678520], 'SubmitTimes': [1742938943.0], 'StartTimes': [1742939022.0], 'EndTimes': [1742940552.0], 'TotalUserCpuTimeHistory': [765], 'TotalSysCpuTimeHistory': [295], 'WallDurations': [8.0, 276.507226228714, 1530.0], 'JobIds': ['124350979.0'], 'State': 'finished', 'RecordedSite': True}, '29': {'Retries': 0, 'Restarts': 0, 'SiteHistory': ['Unknown', 'T1_UK_RAL', 'T1_UK_RAL'], 'ResidentSetSize': [791796], 'SubmitTimes': [1742938943.0], 'StartTimes': [1742939023.0], 'EndTimes': [1742939976.0], 'TotalUserCpuTimeHistory': [360], 'TotalSysCpuTimeHistory': [98], 'WallDurations': [8.0, 275.507226228714, 953.0], 'JobIds': ['124350980.0'], 'State': 'finished', 'RecordedSite': True}, '25': {'Retries': 0, 'Restarts': 0, 'SiteHistory': ['Unknown', 'T1_FR_CCIN2P3', 'T1_FR_CCIN2P3'], 'ResidentSetSize': [885772], 'SubmitTimes': [1742938943.0], 'StartTimes': [1742939023.0], 'EndTimes': [1742941862.0], 'TotalUserCpuTimeHistory': [1336], 'TotalSysCpuTimeHistory': [513], 'WallDurations': [9.0, 275.507226228714, 2839.0], 'JobIds': ['124350981.0'], 'State': 'finished', 'RecordedSite': True}, '21': {'Retries': 0, 'Restarts': 0, 'SiteHistory': ['Unknown', 'T1_UK_RAL', 'T1_UK_RAL'], 'ResidentSetSize': [1091408], 'SubmitTimes': [1742938943.0], 'StartTimes': [1742939021.0], 'EndTimes': [1742942941.0], 'TotalUserCpuTimeHistory': [1714], 'TotalSysCpuTimeHistory': [504], 'WallDurations': [8.0, 277.507226228714, 3920.0], 'JobIds': ['124350982.0'], 'State': 'finished', 'RecordedSite': True}, '16': {'Retries': 0, 'Restarts': 0, 'SiteHistory': ['Unknown', 'T1_UK_RAL', 'T1_UK_RAL'], 'ResidentSetSize': [854104], 'SubmitTimes': [1742938943.0], 'StartTimes': [1742939022.0], 'EndTimes': [1742942989.0], 'TotalUserCpuTimeHistory': [1703], 'TotalSysCpuTimeHistory': [500], 'WallDurations': [8.0, 276.507226228714, 3967.0], 'JobIds': ['124350983.0'], 'State': 'finished', 'RecordedSite': True}}
INFO 2025-03-26 05:42:48.014 UTC: 	 Status on the scheduler:	COMPLETED
INFO 2025-03-26 05:42:48.015 UTC: 	 
Jobs status:                    finished     		100.0% (29/29)
DEBUG 2025-03-26 05:42:48.015 UTC: 	 Encoded data for curl request: subresource=publicationstatus&workflow=250325_213853%3Aamalhotr_crab_DYto2Mu4Jets_Unpacker_100&username=amalhotr
INFO 2025-03-26 05:42:48.082 UTC: 	 
Publication status of 1 dataset(s):	acquired     		100.0% (29/29)
(from CRAB internal bookkeeping in transferdb)
INFO 2025-03-26 05:42:48.082 UTC: 	 
Output dataset:			/DYto2Mu-4Jets_Bin-MLL-50_TuneCP5_13p6TeV_madgraphMLM-pythia8/amalhotr-DYto2Mu4Jets_Unpacker_100-49feb6938084587a06052f9676570a55/USER
Output dataset DAS URL:		https://cmsweb.cern.ch/das/request?input=%2FDYto2Mu-4Jets_Bin-MLL-50_TuneCP5_13p6TeV_madgraphMLM-pythia8%2Famalhotr-DYto2Mu4Jets_Unpacker_100-49feb6938084587a06052f9676570a55%2FUSER&instance=prod%2Fphys03
INFO 2025-03-26 05:42:48.083 UTC: 	 
Warning: the max jobs runtime is less than 30% of the task requested value (1250 min), please consider to request a lower value for failed jobs (allowed through crab resubmit) and/or improve the jobs splitting (e.g. config.Data.splitting = 'Automatic') in a new task.
INFO 2025-03-26 05:42:48.083 UTC: 	 
Summary of run jobs:
 * Memory: 90MB min, 1360MB max, 951MB ave
 * Runtime: 0:04:17 min, 1:15:59 max, 0:38:08 ave
 * CPU eff: 39% min, 85% max, 58% ave
 * Waste: 1:43:56 (9% of total)

INFO 2025-03-26 05:42:48.107 UTC: 	 Log file is /afs/cern.ch/user/a/amalhotr/CMSSW_14_0_18_patch1/src/Run3ScoutingAnalysisTools/crab_DYto2Mu4Jets_Unpacker_100/crab.log
DEBUG 2025-03-26 14:22:41.505 UTC: 	 CRAB Client version: v3.250318
DEBUG 2025-03-26 14:22:41.505 UTC: 	 Running on: Linux lxplus940.cern.ch 5.14.0-503.22.1.el9_5.x86_64 #1 SMP PREEMPT_DYNAMIC Wed Jan 15 08:02:15 EST 2025 x86_64 x86_64 x86_64 GNU/Linux
DEBUG 2025-03-26 14:22:41.505 UTC: 	 Not using Singularity
DEBUG 2025-03-26 14:22:41.505 UTC: 	 Operating System: Red Hat Enterprise Linux 9.5 (Plow)
DEBUG 2025-03-26 14:22:41.505 UTC: 	 Executing command: 'status'
DEBUG 2025-03-26 14:22:41.505 UTC: 	 Found CRAB cache file /afs/cern.ch/user/a/amalhotr/.crab3
DEBUG 2025-03-26 14:22:41.598 UTC: 	 Checking credentials
DEBUG 2025-03-26 14:22:41.598 UTC: 	 Found proxy file /tmp/x509up_u180451
DEBUG 2025-03-26 14:22:41.598 UTC: 	 Making sure it has proper VOMS extension
DEBUG 2025-03-26 14:22:41.598 UTC: 	 Executing command :
 voms-proxy-info --vo --file /tmp/x509up_u180451
DEBUG 2025-03-26 14:22:42.887 UTC: 	 output : cms

 error: 
 retcode : 0
DEBUG 2025-03-26 14:22:42.887 UTC: 	 Getting proxy life time left
DEBUG 2025-03-26 14:22:42.887 UTC: 	 Executing command :
 voms-proxy-info --actimeleft --timeleft --file /tmp/x509up_u180451
DEBUG 2025-03-26 14:22:43.751 UTC: 	 output : 684169
684169

 error: 
 retcode : 0
DEBUG 2025-03-26 14:22:43.751 UTC: 	 Proxy valid for 190:02:49 hours
DEBUG 2025-03-26 14:22:43.751 UTC: 	 Encoded data for curl request: subresource=delegatedn
DEBUG 2025-03-26 14:22:43.878 UTC: 	 Registering user credentials on myproxy for /DC=ch/DC=cern/OU=computers/CN=crab-(preprod|prod)-tw(01|02).cern.ch|/DC=ch/DC=cern/OU=computers/CN=crab-dev-tw(01|02|03|04).cern.ch|/DC=ch/DC=cern/OU=Organic Units/OU=Users/CN=cmscrab/CN=(817881|373708)/CN=Robot: cms crab|/DC=ch/DC=cern/OU=Organic Units/OU=Users/CN=crabint1/CN=373708/CN=Robot: CMS CRAB Integration 1
DEBUG 2025-03-26 14:22:43.878 UTC: 	 Executing command :
 voms-proxy-info --identity --file /tmp/x509up_u180451
DEBUG 2025-03-26 14:22:44.841 UTC: 	 output : /DC=ch/DC=cern/OU=Organic Units/OU=Users/CN=amalhotr/CN=884837/CN=Aryan Malhotra

 error: 
 retcode : 0
DEBUG 2025-03-26 14:22:44.841 UTC: 	 Getting myproxy life time left for 2382a3cf28fdeacb1de9b039908761ea517a5ed6
DEBUG 2025-03-26 14:22:44.841 UTC: 	 Executing command :
 myproxy-info -s myproxy.cern.ch -l 2382a3cf28fdeacb1de9b039908761ea517a5ed6
DEBUG 2025-03-26 14:22:45.144 UTC: 	 output : username: 2382a3cf28fdeacb1de9b039908761ea517a5ed6
owner: /DC=ch/DC=cern/OU=Organic Units/OU=Users/CN=amalhotr/CN=884837/CN=Aryan Malhotra
  renewal policy: /DC=ch/DC=cern/OU=computers/CN=crab-(preprod|prod)-tw(01|02).cern.ch|/DC=ch/DC=cern/OU=computers/CN=crab-dev-tw(01|02|03|04).cern.ch|/DC=ch/DC=cern/OU=Organic Units/OU=Users/CN=cmscrab/CN=(817881|373708)/CN=Robot: cms crab|/DC=ch/DC=cern/OU=Organic Units/OU=Users/CN=crabint1/CN=373708/CN=Robot: CMS CRAB Integration 1
  trusted retrieval policy: /DC=ch/DC=cern/OU=computers/CN=crab-(preprod|prod)-tw(01|02).cern.ch|/DC=ch/DC=cern/OU=computers/CN=crab-dev-tw(01|02|03|04).cern.ch|/DC=ch/DC=cern/OU=Organic Units/OU=Users/CN=cmscrab/CN=(817881|373708)/CN=Robot: cms crab|/DC=ch/DC=cern/OU=Organic Units/OU=Users/CN=crabint1/CN=373708/CN=Robot: CMS CRAB Integration 1
  timeleft: 541:57:33  (22.6 days)

 error: 
 retcode : 0
DEBUG 2025-03-26 14:22:45.145 UTC: 	 Myproxy is valid: 1951020
DEBUG 2025-03-26 14:22:45.145 UTC: 	 Result of myproxy credential check:
  Credential exists on myproxy: username: 2382a3cf28fdeacb1de9b039908761ea517a5ed6  - validity: 22 days, 13:57:00
DEBUG 2025-03-26 14:22:45.145 UTC: 	 Retrieving username ...
DEBUG 2025-03-26 14:22:45.145 UTC: 	 Retrieving username from CRIC...
DEBUG 2025-03-26 14:22:45.812 UTC: 	 username is amalhotr
INFO 2025-03-26 14:22:46.865 UTC: 	 Rucio client could not be intialized, some funcionalities may not work
DEBUG 2025-03-26 14:22:46.865 UTC: 	 Rucio exception message: Database exception.
Details: An unknown Database Exception has occurred.
DEBUG 2025-03-26 14:22:46.865 UTC: 	 Command use: status
DEBUG 2025-03-26 14:22:46.865 UTC: 	 Options use: ['-d', './crab_DYto2Mu4Jets_Unpacker_100']
DEBUG 2025-03-26 14:22:46.865 UTC: 	 Encoded data for curl request: subresource=version
DEBUG 2025-03-26 14:22:47.094 UTC: 	 CRABClient version: v3.250318
DEBUG 2025-03-26 14:22:47.095 UTC: 	 Instance is prod
DEBUG 2025-03-26 14:22:47.095 UTC: 	 Server base url is cmsweb.cern.ch
DEBUG 2025-03-26 14:22:47.095 UTC: 	 Command api workflow
DEBUG 2025-03-26 14:22:47.095 UTC: 	 Encoded data for curl request: subresource=search&workflow=250325_213853%3Aamalhotr_crab_DYto2Mu4Jets_Unpacker_100
DEBUG 2025-03-26 14:22:47.164 UTC: 	 Got information from server oracle database: {'desc': {'columns': ['tm_taskname', 'tm_activity', 'tm_task_status', 'tm_task_command', 'tm_start_time', 'tm_start_injection', 'tm_end_injection', 'tm_task_failure', 'tm_job_sw', 'tm_job_arch', 'tm_input_dataset', 'tm_nonvalid_input_dataset', 'tm_use_parent', 'tm_site_whitelist', 'tm_site_blacklist', 'tm_split_algo', 'tm_split_args', 'tm_user_sandbox', 'tm_cache_url', 'tm_username', 'tm_user_dn', 'tm_user_vo', 'tm_user_role', 'tm_user_group', 'tm_publish_name', 'tm_publish_groupname', 'tm_asyncdest', 'tm_dbs_url', 'tm_publish_dbs_url', 'tm_publication', 'tm_outfiles', 'tm_tfile_outfiles', 'tm_edm_outfiles', 'tm_job_type', 'tm_generator', 'tm_events_per_lumi', 'tm_arguments', 'tm_save_logs', 'tw_name', 'tm_user_infiles', 'tm_maxjobruntime', 'tm_numcores', 'tm_maxmemory', 'tm_priority', 'tm_output_dataset', 'tm_task_warnings', 'tm_user_webdir', 'tm_scriptexe', 'tm_scriptargs', 'tm_extrajdl', 'tm_collector', 'tm_schedd', 'tm_dry_run', 'tm_user_files', 'tm_transfer_outputs', 'tm_output_lfn', 'tm_ignore_locality', 'tm_fail_limit', 'tm_one_event_mode', 'tm_secondary_input_dataset', 'tm_primary_dataset', 'tm_last_publication', 'tm_debug_files', 'clusterid', 'tm_ignore_global_blacklist', 'tm_submitter_ip_addr', 'tm_totalunits', 'tm_ddm_reqid', 'tm_user_config', 'tm_transfer_container', 'tm_transfer_rule', 'tm_publish_rule', 'tm_multipub_rule', 'tm_job_min_microarch', 'tm_dagman_status', 'tm_num_jobs', 'tm_uploaded']}, 'result': ['250325_213853:amalhotr_crab_DYto2Mu4Jets_Unpacker_100', 'None', 'SUBMITTED', 'SUBMIT', '2025-03-25 21:38:53.687169', 'None', '2025-03-25 21:41:08.064743', 'None', 'CMSSW_14_0_18_patch1', 'el9_amd64_gcc12', '/DYto2Mu-4Jets_Bin-MLL-50_TuneCP5_13p6TeV_madgraphMLM-pythia8/RunIII2024Summer24MiniAOD-140X_mcRun3_2024_realistic_v26-v2/MINIAODSIM', 'F', '0', '[]', '[]', 'FileBased', "{'halt_job_on_file_boundaries': False, 'splitOnRun': False, 'files_per_job': 5, 'runs': [], 'lumis': []}", '3347ab5ebddcbcf20e5a549cff91c4ac4d53283ca301d10bc07120adeaa8b0f2.tar.gz', 'https://cmsweb.cern.ch/S3/crabcache_prod', 'amalhotr', '/DC=ch/DC=cern/OU=Organic Units/OU=Users/CN=amalhotr/CN=884837/CN=Aryan Malhotra', 'cms', 'None', 'None', 'DYto2Mu4Jets_Unpacker_100-00000000000000000000000000000000', 'F', 'T2_BR_SPRACE', 'https://cmsweb.cern.ch/dbs/prod/global/DBSReader', 'https://cmsweb.cern.ch/dbs/prod/phys03/DBSWriter', 'T', '[]', '[]', "['HLTUnpackerOutputLarge.root']", 'Analysis', 'pythia', 'None', '{}', 'T', 'crab-prod-tw01', '[]', '1250', '1', '2000', '10', "['/DYto2Mu-4Jets_Bin-MLL-50_TuneCP5_13p6TeV_madgraphMLM-pythia8/amalhotr-DYto2Mu4Jets_Unpacker_100-49feb6938084587a06052f9676570a55/USER']", '[]', 'http://vocms0122.cern.ch/mon/amalhotr/250325_213853:amalhotr_crab_DYto2Mu4Jets_Unpacker_100', 'None', '[]', '[]', 'cmsgwms-collector-global.cern.ch:9620,cmsgwms-collector-global.fnal.gov:9620', 'crab3@vocms0122.cern.ch', 'F', '[]', 'T', '/store/user/amalhotr/', 'F', 'None', 'F', 'None', 'DYto2Mu-4Jets_Bin-MLL-50_TuneCP5_13p6TeV_madgraphMLM-pythia8', 'None', '46abd81798f8172cc8a3a999c59ea9104a03ce5642e15b1dd94ed402b62ca33b.tar.gz', '124350952', 'F', '188.184.75.82', '100.0', 'None', '{"partialdataset": false, "requireaccelerator": false, "acceleratorparams": null, "inputblocks": null}', 'None', 'None', 'None', 'None', 'any', 'NOT_READY', '0', 'F']}
INFO 2025-03-26 14:22:47.164 UTC: 	 CRAB project directory:		/afs/cern.ch/user/a/amalhotr/CMSSW_14_0_18_patch1/src/Run3ScoutingAnalysisTools/crab_DYto2Mu4Jets_Unpacker_100
INFO 2025-03-26 14:22:47.164 UTC: 	 Task name:			250325_213853:amalhotr_crab_DYto2Mu4Jets_Unpacker_100
INFO 2025-03-26 14:22:47.164 UTC: 	 Grid scheduler - Task Worker:	crab3@vocms0122.cern.ch - crab-prod-tw01
INFO 2025-03-26 14:22:47.164 UTC: 	 Status on the CRAB server:	SUBMITTED
INFO 2025-03-26 14:22:47.164 UTC: 	 Task URL to use for HELP:	https://cmsweb.cern.ch/crabserver/ui/task/250325_213853%3Aamalhotr_crab_DYto2Mu4Jets_Unpacker_100
INFO 2025-03-26 14:22:47.175 UTC: 	 Dashboard monitoring URL:	https://monit-grafana.cern.ch/d/cmsTMDetail/cms-task-monitoring-task-view?orgId=11&var-user=amalhotr&var-task=250325_213853%3Aamalhotr_crab_DYto2Mu4Jets_Unpacker_100&from=1742935133000&to=now
DEBUG 2025-03-26 14:22:47.175 UTC: 	 The CRAB server submitted your task to the Grid scheduler (cluster ID: 124350952)
DEBUG 2025-03-26 14:22:47.175 UTC: 	 Webdir is located at http://vocms0122.cern.ch/mon/amalhotr/250325_213853:amalhotr_crab_DYto2Mu4Jets_Unpacker_100
DEBUG 2025-03-26 14:22:47.175 UTC: 	 Encoded data for curl request: subresource=webdirprx&workflow=250325_213853%3Aamalhotr_crab_DYto2Mu4Jets_Unpacker_100
DEBUG 2025-03-26 14:22:47.283 UTC: 	 Proxied webdir is located at https://cmsweb.cern.ch:8443/scheddmon/0122/amalhotr/250325_213853:amalhotr_crab_DYto2Mu4Jets_Unpacker_100
DEBUG 2025-03-26 14:22:47.302 UTC: 	 Retrieving 'status_cache' file from https://cmsweb.cern.ch:8443/scheddmon/0122/amalhotr/250325_213853:amalhotr_crab_DYto2Mu4Jets_Unpacker_100/status_cache.pkl
DEBUG 2025-03-26 14:22:47.302 UTC: 	 Will execute:
curl -sS --capath /etc/grid-security/certificates --cert /tmp/x509up_u180451 --key /tmp/x509up_u180451 -o /tmp/crab_status-cache-36agctm_.pkl -w %"{http_code}" "https://cmsweb.cern.ch:8443/scheddmon/0122/amalhotr/250325_213853:amalhotr_crab_DYto2Mu4Jets_Unpacker_100/status_cache.pkl"
DEBUG 2025-03-26 14:22:47.302 UTC: 	 Executing command :
 curl -sS --capath /etc/grid-security/certificates --cert /tmp/x509up_u180451 --key /tmp/x509up_u180451 -o /tmp/crab_status-cache-36agctm_.pkl -w %"{http_code}" "https://cmsweb.cern.ch:8443/scheddmon/0122/amalhotr/250325_213853:amalhotr_crab_DYto2Mu4Jets_Unpacker_100/status_cache.pkl"
DEBUG 2025-03-26 14:22:47.342 UTC: 	 output : 200
 error: 
 retcode : 0
DEBUG 2025-03-26 14:22:47.342 UTC: 	 exitcode: 0
stdout: 200
stderr: 
error details: 
DEBUG 2025-03-26 14:22:47.343 UTC: 	 Got information from status cache file: {'7': {'Retries': 0, 'Restarts': 0, 'SiteHistory': ['Unknown', 'T2_IT_Legnaro', 'T2_IT_Legnaro'], 'ResidentSetSize': [1327032], 'SubmitTimes': [1742938941.0], 'StartTimes': [1742939160.0], 'EndTimes': [1742941680.0], 'TotalUserCpuTimeHistory': [1728], 'TotalSysCpuTimeHistory': [121], 'WallDurations': [9.0, 138.507226228714, 2520.0], 'JobIds': ['124350955.0'], 'State': 'finished', 'RecordedSite': True}, '14': {'Retries': 0, 'Restarts': 0, 'SiteHistory': ['Unknown', 'T1_UK_RAL', 'T1_UK_RAL'], 'ResidentSetSize': [1265248], 'SubmitTimes': [1742938941.0], 'StartTimes': [1742939021.0], 'EndTimes': [1742942752.0], 'TotalUserCpuTimeHistory': [1608], 'TotalSysCpuTimeHistory': [425], 'WallDurations': [8.0, 277.507226228714, 3731.0], 'JobIds': ['124350956.0'], 'State': 'finished', 'RecordedSite': True}, '13': {'Retries': 0, 'Restarts': 0, 'SiteHistory': ['Unknown', 'T1_UK_RAL', 'T1_UK_RAL'], 'ResidentSetSize': [1340176], 'SubmitTimes': [1742938941.0], 'StartTimes': [1742939022.0], 'EndTimes': [1742943121.0], 'TotalUserCpuTimeHistory': [1838], 'TotalSysCpuTimeHistory': [525], 'WallDurations': [8.0, 276.507226228714, 4099.0], 'JobIds': ['124350957.0'], 'State': 'finished', 'RecordedSite': True}, '18': {'Retries': 0, 'Restarts': 0, 'SiteHistory': ['Unknown', 'T1_UK_RAL', 'T1_UK_RAL'], 'ResidentSetSize': [1303732], 'SubmitTimes': [1742938942.0], 'StartTimes': [1742939023.0], 'EndTimes': [1742942865.0], 'TotalUserCpuTimeHistory': [1740], 'TotalSysCpuTimeHistory': [513], 'WallDurations': [8.0, 275.507226228714, 3842.0], 'JobIds': ['124350958.0'], 'State': 'finished', 'RecordedSite': True}, '15': {'Retries': 0, 'Restarts': 0, 'SiteHistory': ['Unknown', 'T1_UK_RAL', 'T1_UK_RAL'], 'ResidentSetSize': [1393036], 'SubmitTimes': [1742938942.0], 'StartTimes': [1742939022.0], 'EndTimes': [1742942970.0], 'TotalUserCpuTimeHistory': [1676], 'TotalSysCpuTimeHistory': [527], 'WallDurations': [8.0, 276.507226228714, 3948.0], 'JobIds': ['124350959.0'], 'State': 'finished', 'RecordedSite': True}, '1': {'Retries': 0, 'Restarts': 0, 'SiteHistory': ['Unknown', 'T2_UK_London_IC', 'T2_UK_London_IC'], 'ResidentSetSize': [1275176], 'SubmitTimes': [1742938942.0], 'StartTimes': [1742939160.0], 'EndTimes': [1742943179.0], 'TotalUserCpuTimeHistory': [1717], 'TotalSysCpuTimeHistory': [620], 'WallDurations': [9.0, 138.507226228714, 4019.0], 'JobIds': ['124350960.0'], 'State': 'finished', 'RecordedSite': True}, '2': {'Retries': 0, 'Restarts': 0, 'SiteHistory': ['Unknown', 'T2_UK_London_IC', 'T2_UK_London_IC'], 'ResidentSetSize': [689780], 'SubmitTimes': [1742938942.0], 'StartTimes': [1742939160.0], 'EndTimes': [1742940103.0], 'TotalUserCpuTimeHistory': [490], 'TotalSysCpuTimeHistory': [79], 'WallDurations': [9.0, 138.507226228714, 943.0], 'JobIds': ['124350961.0'], 'State': 'finished', 'RecordedSite': True}, '8': {'Retries': 0, 'Restarts': 0, 'SiteHistory': ['Unknown', 'T2_IT_Legnaro', 'T2_IT_Legnaro'], 'ResidentSetSize': [92916], 'SubmitTimes': [1742938942.0], 'StartTimes': [1742939160.0], 'EndTimes': [1742939417.0], 'TotalUserCpuTimeHistory': [150], 'TotalSysCpuTimeHistory': [13], 'WallDurations': [8.0, 138.507226228714, 257.0], 'JobIds': ['124350962.0'], 'State': 'finished', 'RecordedSite': True}, '9': {'Retries': 0, 'Restarts': 0, 'SiteHistory': ['Unknown', 'T2_DE_RWTH', 'T2_DE_RWTH'], 'ResidentSetSize': [638632], 'SubmitTimes': [1742938942.0], 'StartTimes': [1742939160.0], 'EndTimes': [1742939729.0], 'TotalUserCpuTimeHistory': [207], 'TotalSysCpuTimeHistory': [27], 'WallDurations': [9.0, 138.507226228714, 569.0], 'JobIds': ['124350963.0'], 'State': 'finished', 'RecordedSite': True}, '12': {'Retries': 0, 'Restarts': 0, 'SiteHistory': ['Unknown', 'T2_US_Vanderbilt', 'T2_US_Vanderbilt'], 'ResidentSetSize': [1162692], 'SubmitTimes': [1742938942.0], 'StartTimes': [1742939237.0], 'EndTimes': [1742939947.0], 'TotalUserCpuTimeHistory': [381], 'TotalSysCpuTimeHistory': [15], 'WallDurations': [8.0, 61.50722622871399, 710.0], 'JobIds': ['124350964.0'], 'State': 'finished', 'RecordedSite': True}, '6': {'Retries': 0, 'Restarts': 0, 'SiteHistory': ['Unknown', 'T2_IT_Legnaro', 'T2_IT_Legnaro'], 'ResidentSetSize': [1267868], 'SubmitTimes': [1742938942.0], 'StartTimes': [1742939160.0], 'EndTimes': [1742940886.0], 'TotalUserCpuTimeHistory': [1281], 'TotalSysCpuTimeHistory': [118], 'WallDurations': [9.0, 138.507226228714, 1726.0], 'JobIds': ['124350965.0'], 'State': 'finished', 'RecordedSite': True}, '10': {'Retries': 0, 'Restarts': 0, 'SiteHistory': ['Unknown', 'T2_DE_DESY', 'T2_DE_DESY'], 'ResidentSetSize': [512544], 'SubmitTimes': [1742938942.0], 'StartTimes': [1742939160.0], 'EndTimes': [1742939579.0], 'TotalUserCpuTimeHistory': [217], 'TotalSysCpuTimeHistory': [39], 'WallDurations': [9.0, 138.507226228714, 419.0], 'JobIds': ['124350966.0'], 'State': 'finished', 'RecordedSite': True}, '5': {'Retries': 0, 'Restarts': 0, 'SiteHistory': ['Unknown', 'T2_IT_Legnaro', 'T2_IT_Legnaro'], 'ResidentSetSize': [766480], 'SubmitTimes': [1742938942.0], 'StartTimes': [1742939160.0], 'EndTimes': [1742940338.0], 'TotalUserCpuTimeHistory': [911], 'TotalSysCpuTimeHistory': [86], 'WallDurations': [9.0, 138.507226228714, 1178.0], 'JobIds': ['124350967.0'], 'State': 'finished', 'RecordedSite': True}, '17': {'Retries': 0, 'Restarts': 0, 'SiteHistory': ['Unknown', 'T1_UK_RAL', 'T1_UK_RAL'], 'ResidentSetSize': [1333396], 'SubmitTimes': [1742938942.0], 'StartTimes': [1742939021.0], 'EndTimes': [1742942769.0], 'TotalUserCpuTimeHistory': [1593], 'TotalSysCpuTimeHistory': [486], 'WallDurations': [8.0, 277.507226228714, 3748.0], 'JobIds': ['124350968.0'], 'State': 'finished', 'RecordedSite': True}, '3': {'Retries': 0, 'Restarts': 0, 'SiteHistory': ['Unknown', 'T1_ES_PIC', 'T1_ES_PIC'], 'ResidentSetSize': [805408], 'SubmitTimes': [1742938942.0], 'StartTimes': [1742939023.0], 'EndTimes': [1742941610.0], 'TotalUserCpuTimeHistory': [1326], 'TotalSysCpuTimeHistory': [234], 'WallDurations': [9.0, 275.507226228714, 2587.0], 'JobIds': ['124350969.0'], 'State': 'finished', 'RecordedSite': True}, '11': {'Retries': 0, 'Restarts': 0, 'SiteHistory': ['Unknown', 'T2_IT_Pisa', 'T2_IT_Pisa'], 'ResidentSetSize': [505128], 'SubmitTimes': [1742938942.0], 'StartTimes': [1742939160.0], 'EndTimes': [1742940119.0], 'TotalUserCpuTimeHistory': [462], 'TotalSysCpuTimeHistory': [36], 'WallDurations': [9.0, 138.507226228714, 959.0], 'JobIds': ['124350970.0'], 'State': 'finished', 'RecordedSite': True}, '19': {'Retries': 0, 'Restarts': 0, 'SiteHistory': ['Unknown', 'T1_UK_RAL', 'T1_UK_RAL'], 'ResidentSetSize': [1179200], 'SubmitTimes': [1742938942.0], 'StartTimes': [1742939021.0], 'EndTimes': [1742943065.0], 'TotalUserCpuTimeHistory': [1606], 'TotalSysCpuTimeHistory': [436], 'WallDurations': [8.0, 277.507226228714, 4044.0], 'JobIds': ['124350971.0'], 'State': 'finished', 'RecordedSite': True}, '20': {'Retries': 0, 'Restarts': 0, 'SiteHistory': ['Unknown', 'T1_UK_RAL', 'T1_UK_RAL'], 'ResidentSetSize': [1351680], 'SubmitTimes': [1742938942.0], 'StartTimes': [1742939022.0], 'EndTimes': [1742943433.0], 'TotalUserCpuTimeHistory': [2001], 'TotalSysCpuTimeHistory': [582], 'WallDurations': [8.0, 276.507226228714, 4411.0], 'JobIds': ['124350972.0'], 'State': 'finished', 'RecordedSite': True}, '22': {'Retries': 0, 'Restarts': 0, 'SiteHistory': ['Unknown', 'T1_UK_RAL', 'T1_UK_RAL'], 'ResidentSetSize': [1343484], 'SubmitTimes': [1742938942.0], 'StartTimes': [1742939022.0], 'EndTimes': [1742943581.0], 'TotalUserCpuTimeHistory': [1890], 'TotalSysCpuTimeHistory': [553], 'WallDurations': [8.0, 276.507226228714, 4559.0], 'JobIds': ['124350973.0'], 'State': 'finished', 'RecordedSite': True}, '23': {'Retries': 0, 'Restarts': 0, 'SiteHistory': ['Unknown', 'T1_UK_RAL', 'T1_UK_RAL'], 'ResidentSetSize': [693748], 'SubmitTimes': [1742938943.0], 'StartTimes': [1742939022.0], 'EndTimes': [1742940565.0], 'TotalUserCpuTimeHistory': [632], 'TotalSysCpuTimeHistory': [220], 'WallDurations': [8.0, 276.507226228714, 1543.0], 'JobIds': ['124350974.0'], 'State': 'finished', 'RecordedSite': True}, '4': {'Retries': 0, 'Restarts': 0, 'SiteHistory': ['Unknown', 'T2_UK_London_IC', 'T2_UK_London_IC'], 'ResidentSetSize': [812848], 'SubmitTimes': [1742938943.0], 'StartTimes': [1742939160.0], 'EndTimes': [1742939955.0], 'TotalUserCpuTimeHistory': [326], 'TotalSysCpuTimeHistory': [105], 'WallDurations': [9.0, 138.507226228714, 795.0], 'JobIds': ['124350975.0'], 'State': 'finished', 'RecordedSite': True}, '24': {'Retries': 0, 'Restarts': 0, 'SiteHistory': ['Unknown', 'T1_FR_CCIN2P3', 'T1_FR_CCIN2P3'], 'ResidentSetSize': [616100], 'SubmitTimes': [1742938943.0], 'StartTimes': [1742939020.0], 'EndTimes': [1742939489.0], 'TotalUserCpuTimeHistory': [206], 'TotalSysCpuTimeHistory': [73], 'WallDurations': [9.0, 278.507226228714, 469.0], 'JobIds': ['124350976.0'], 'State': 'finished', 'RecordedSite': True}, '28': {'Retries': 0, 'Restarts': 0, 'SiteHistory': ['Unknown', 'T2_US_Vanderbilt', 'T2_US_Vanderbilt'], 'ResidentSetSize': [1160420], 'SubmitTimes': [1742938943.0], 'StartTimes': [1742939236.0], 'EndTimes': [1742939980.0], 'TotalUserCpuTimeHistory': [289], 'TotalSysCpuTimeHistory': [16], 'WallDurations': [9.0, 62.50722622871399, 744.0], 'JobIds': ['124350977.0'], 'State': 'finished', 'RecordedSite': True}, '27': {'Retries': 0, 'Restarts': 0, 'SiteHistory': ['Unknown', 'T2_US_UCSD', 'T2_US_UCSD'], 'ResidentSetSize': [1094944], 'SubmitTimes': [1742938943.0], 'StartTimes': [1742939243.0], 'EndTimes': [1742940579.0], 'TotalUserCpuTimeHistory': [488], 'TotalSysCpuTimeHistory': [33], 'WallDurations': [9.0, 55.50722622871399, 1336.0], 'JobIds': ['124350978.0'], 'State': 'finished', 'RecordedSite': True}, '26': {'Retries': 0, 'Restarts': 0, 'SiteHistory': ['Unknown', 'T1_FR_CCIN2P3', 'T1_FR_CCIN2P3'], 'ResidentSetSize': [678520], 'SubmitTimes': [1742938943.0], 'StartTimes': [1742939022.0], 'EndTimes': [1742940552.0], 'TotalUserCpuTimeHistory': [765], 'TotalSysCpuTimeHistory': [295], 'WallDurations': [8.0, 276.507226228714, 1530.0], 'JobIds': ['124350979.0'], 'State': 'finished', 'RecordedSite': True}, '29': {'Retries': 0, 'Restarts': 0, 'SiteHistory': ['Unknown', 'T1_UK_RAL', 'T1_UK_RAL'], 'ResidentSetSize': [791796], 'SubmitTimes': [1742938943.0], 'StartTimes': [1742939023.0], 'EndTimes': [1742939976.0], 'TotalUserCpuTimeHistory': [360], 'TotalSysCpuTimeHistory': [98], 'WallDurations': [8.0, 275.507226228714, 953.0], 'JobIds': ['124350980.0'], 'State': 'finished', 'RecordedSite': True}, '25': {'Retries': 0, 'Restarts': 0, 'SiteHistory': ['Unknown', 'T1_FR_CCIN2P3', 'T1_FR_CCIN2P3'], 'ResidentSetSize': [885772], 'SubmitTimes': [1742938943.0], 'StartTimes': [1742939023.0], 'EndTimes': [1742941862.0], 'TotalUserCpuTimeHistory': [1336], 'TotalSysCpuTimeHistory': [513], 'WallDurations': [9.0, 275.507226228714, 2839.0], 'JobIds': ['124350981.0'], 'State': 'finished', 'RecordedSite': True}, '21': {'Retries': 0, 'Restarts': 0, 'SiteHistory': ['Unknown', 'T1_UK_RAL', 'T1_UK_RAL'], 'ResidentSetSize': [1091408], 'SubmitTimes': [1742938943.0], 'StartTimes': [1742939021.0], 'EndTimes': [1742942941.0], 'TotalUserCpuTimeHistory': [1714], 'TotalSysCpuTimeHistory': [504], 'WallDurations': [8.0, 277.507226228714, 3920.0], 'JobIds': ['124350982.0'], 'State': 'finished', 'RecordedSite': True}, '16': {'Retries': 0, 'Restarts': 0, 'SiteHistory': ['Unknown', 'T1_UK_RAL', 'T1_UK_RAL'], 'ResidentSetSize': [854104], 'SubmitTimes': [1742938943.0], 'StartTimes': [1742939022.0], 'EndTimes': [1742942989.0], 'TotalUserCpuTimeHistory': [1703], 'TotalSysCpuTimeHistory': [500], 'WallDurations': [8.0, 276.507226228714, 3967.0], 'JobIds': ['124350983.0'], 'State': 'finished', 'RecordedSite': True}}
INFO 2025-03-26 14:22:47.343 UTC: 	 Status on the scheduler:	COMPLETED
INFO 2025-03-26 14:22:47.343 UTC: 	 
Jobs status:                    finished     		100.0% (29/29)
DEBUG 2025-03-26 14:22:47.343 UTC: 	 Encoded data for curl request: subresource=publicationstatus&workflow=250325_213853%3Aamalhotr_crab_DYto2Mu4Jets_Unpacker_100&username=amalhotr
INFO 2025-03-26 14:22:47.413 UTC: 	 
Publication status of 1 dataset(s):	done         		100.0% (29/29)
(from CRAB internal bookkeeping in transferdb)
INFO 2025-03-26 14:22:47.414 UTC: 	 
Output dataset:			/DYto2Mu-4Jets_Bin-MLL-50_TuneCP5_13p6TeV_madgraphMLM-pythia8/amalhotr-DYto2Mu4Jets_Unpacker_100-49feb6938084587a06052f9676570a55/USER
Output dataset DAS URL:		https://cmsweb.cern.ch/das/request?input=%2FDYto2Mu-4Jets_Bin-MLL-50_TuneCP5_13p6TeV_madgraphMLM-pythia8%2Famalhotr-DYto2Mu4Jets_Unpacker_100-49feb6938084587a06052f9676570a55%2FUSER&instance=prod%2Fphys03
INFO 2025-03-26 14:22:47.415 UTC: 	 
Warning: the max jobs runtime is less than 30% of the task requested value (1250 min), please consider to request a lower value for failed jobs (allowed through crab resubmit) and/or improve the jobs splitting (e.g. config.Data.splitting = 'Automatic') in a new task.
INFO 2025-03-26 14:22:47.416 UTC: 	 
Summary of run jobs:
 * Memory: 90MB min, 1360MB max, 951MB ave
 * Runtime: 0:04:17 min, 1:15:59 max, 0:38:08 ave
 * CPU eff: 39% min, 85% max, 58% ave
 * Waste: 1:43:56 (9% of total)

INFO 2025-03-26 14:22:47.536 UTC: 	 Log file is /afs/cern.ch/user/a/amalhotr/CMSSW_14_0_18_patch1/src/Run3ScoutingAnalysisTools/crab_DYto2Mu4Jets_Unpacker_100/crab.log
