DEBUG 2025-05-21 03:02:58.929 UTC: 	 CRAB Client version: v3.250409
DEBUG 2025-05-21 03:02:58.929 UTC: 	 Running on: Linux lxplus978.cern.ch 5.14.0-503.34.1.el9_5.x86_64 #1 SMP PREEMPT_DYNAMIC Mon Mar 17 21:49:47 EDT 2025 x86_64 x86_64 x86_64 GNU/Linux
DEBUG 2025-05-21 03:02:58.929 UTC: 	 Not using Singularity
DEBUG 2025-05-21 03:02:58.929 UTC: 	 Operating System: Red Hat Enterprise Linux 9.5 (Plow)
DEBUG 2025-05-21 03:02:58.929 UTC: 	 Executing command: 'submit'
DEBUG 2025-05-21 03:02:58.929 UTC: 	 Found CRAB cache file /afs/cern.ch/user/a/amalhotr/.crab3
INFO 2025-05-21 03:02:58.930 UTC: 	 Will use CRAB configuration file chainedCrabConfig.py
DEBUG 2025-05-21 03:02:58.930 UTC: 	 Loading CRAB configuration file.
DEBUG 2025-05-21 03:02:59.033 UTC: 	 Will use CRAB plugin ANALYSIS (i.e. will run an analysis job type).
DEBUG 2025-05-21 03:02:59.040 UTC: 	 Checking credentials
DEBUG 2025-05-21 03:02:59.040 UTC: 	 Found proxy file /tmp/x509up_u180451
DEBUG 2025-05-21 03:02:59.040 UTC: 	 Making sure it has proper VOMS extension
DEBUG 2025-05-21 03:02:59.040 UTC: 	 Executing command :
 voms-proxy-info --vo --file /tmp/x509up_u180451
DEBUG 2025-05-21 03:02:59.408 UTC: 	 output : cms

 error: 
 retcode : 0
DEBUG 2025-05-21 03:02:59.408 UTC: 	 Getting proxy life time left
DEBUG 2025-05-21 03:02:59.408 UTC: 	 Executing command :
 voms-proxy-info --actimeleft --timeleft --file /tmp/x509up_u180451
DEBUG 2025-05-21 03:02:59.770 UTC: 	 output : 688526
688526

 error: 
 retcode : 0
DEBUG 2025-05-21 03:02:59.770 UTC: 	 Proxy valid for 191:15:26 hours
DEBUG 2025-05-21 03:02:59.770 UTC: 	 Encoded data for curl request: subresource=delegatedn
DEBUG 2025-05-21 03:02:59.817 UTC: 	 Registering user credentials on myproxy for /DC=ch/DC=cern/OU=computers/CN=crab-(preprod|prod)-tw(01|02).cern.ch|/DC=ch/DC=cern/OU=computers/CN=crab-dev-tw(01|02|03|04).cern.ch|/DC=ch/DC=cern/OU=Organic Units/OU=Users/CN=cmscrab/CN=(817881|373708)/CN=Robot: cms crab|/DC=ch/DC=cern/OU=Organic Units/OU=Users/CN=crabint1/CN=373708/CN=Robot: CMS CRAB Integration 1
DEBUG 2025-05-21 03:02:59.817 UTC: 	 Executing command :
 voms-proxy-info --identity --file /tmp/x509up_u180451
DEBUG 2025-05-21 03:03:00.178 UTC: 	 output : /DC=ch/DC=cern/OU=Organic Units/OU=Users/CN=amalhotr/CN=884837/CN=Aryan Malhotra

 error: 
 retcode : 0
DEBUG 2025-05-21 03:03:00.178 UTC: 	 Getting myproxy life time left for 2382a3cf28fdeacb1de9b039908761ea517a5ed6
DEBUG 2025-05-21 03:03:00.178 UTC: 	 Executing command :
 myproxy-info -s myproxy.cern.ch -l 2382a3cf28fdeacb1de9b039908761ea517a5ed6
DEBUG 2025-05-21 03:03:00.461 UTC: 	 output : username: 2382a3cf28fdeacb1de9b039908761ea517a5ed6
owner: /DC=ch/DC=cern/OU=Organic Units/OU=Users/CN=amalhotr/CN=884837/CN=Aryan Malhotra
  renewal policy: /DC=ch/DC=cern/OU=computers/CN=crab-(preprod|prod)-tw(01|02).cern.ch|/DC=ch/DC=cern/OU=computers/CN=crab-dev-tw(01|02|03|04).cern.ch|/DC=ch/DC=cern/OU=Organic Units/OU=Users/CN=cmscrab/CN=(817881|373708)/CN=Robot: cms crab|/DC=ch/DC=cern/OU=Organic Units/OU=Users/CN=crabint1/CN=373708/CN=Robot: CMS CRAB Integration 1
  trusted retrieval policy: /DC=ch/DC=cern/OU=computers/CN=crab-(preprod|prod)-tw(01|02).cern.ch|/DC=ch/DC=cern/OU=computers/CN=crab-dev-tw(01|02|03|04).cern.ch|/DC=ch/DC=cern/OU=Organic Units/OU=Users/CN=cmscrab/CN=(817881|373708)/CN=Robot: cms crab|/DC=ch/DC=cern/OU=Organic Units/OU=Users/CN=crabint1/CN=373708/CN=Robot: CMS CRAB Integration 1
  timeleft: 579:50:33  (24.2 days)

 error: 
 retcode : 0
DEBUG 2025-05-21 03:03:00.462 UTC: 	 Myproxy is valid: 2087400
DEBUG 2025-05-21 03:03:00.462 UTC: 	 Result of myproxy credential check:
  Credential exists on myproxy: username: 2382a3cf28fdeacb1de9b039908761ea517a5ed6  - validity: 24 days, 3:50:00
DEBUG 2025-05-21 03:03:00.462 UTC: 	 Command use: submit
DEBUG 2025-05-21 03:03:00.462 UTC: 	 Options use: ['-c', 'chainedCrabConfig.py']
DEBUG 2025-05-21 03:03:00.462 UTC: 	 Encoded data for curl request: subresource=version
DEBUG 2025-05-21 03:03:00.500 UTC: 	 CRABClient version: v3.250409
DEBUG 2025-05-21 03:03:00.500 UTC: 	 Instance is prod
DEBUG 2025-05-21 03:03:00.500 UTC: 	 Server base url is cmsweb.cern.ch
DEBUG 2025-05-21 03:03:00.500 UTC: 	 Command api workflow
DEBUG 2025-05-21 03:03:00.500 UTC: 	 Started submission
DEBUG 2025-05-21 03:03:00.500 UTC: 	 Working on /afs/cern.ch/user/a/amalhotr/CMSSW_14_0_18_patch1/src/Run3ScoutingAnalysisTools/crab_RealData_noLFNDirectory_All_v0
DEBUG 2025-05-21 03:03:00.500 UTC: 	 Encoded data for curl request: subresource=backendurls
DEBUG 2025-05-21 03:03:00.581 UTC: 	 Loading required information from the environment
DEBUG 2025-05-21 03:03:00.581 UTC: 	 Found CMSSW_14_0_18_patch1 for el9_amd64_gcc12 with base /afs/cern.ch/user/a/amalhotr/CMSSW_14_0_18_patch1
DEBUG 2025-05-21 03:03:00.581 UTC: 	 Loading required information from the environment
DEBUG 2025-05-21 03:03:00.581 UTC: 	 Found CMSSW_14_0_18_patch1 for el9_amd64_gcc12 with base /afs/cern.ch/user/a/amalhotr/CMSSW_14_0_18_patch1
DEBUG 2025-05-21 03:03:00.581 UTC: 	 UNIQUE NAME: tarUUID e17fd470-9720-4b31-9f6e-b78d45bb8eef 
DEBUG 2025-05-21 03:03:00.581 UTC: 	 self.config: from WMCore.Configuration import Configuration
config = Configuration()
config.section_('General')
config.General.transferLogs = True
config.General.transferOutputs = True
config.General.requestName = 'RealData_noLFNDirectory_All_v0'
config.section_('JobType')
config.JobType.maxJobRuntimeMin = 2000
config.JobType.pluginName = 'Analysis'
config.JobType.psetName = 'UnifiedScoutingVertexingTreeMaker.py'
config.section_('Data')
config.Data.inputDBS = 'global'
config.Data.totalUnits = 50000000
config.Data.allowNonValidInputDataset = True
config.Data.splitting = 'EventAwareLumiBased'
config.Data.inputDataset = '/ScoutingPFRun3/Run2024H-v1/HLTSCOUT'
config.Data.unitsPerJob = 50000
config.Data.outputDatasetTag = 'RealData_noLFNDirectory_All_v0'
config.Data.publication = False
config.section_('Site')
config.Site.storageSite = 'T3_CH_CERNBOX'
config.section_('User')
config.section_('Debug')

DEBUG 2025-05-21 03:03:00.581 UTC: 	 self.config.JobType.psetName: UnifiedScoutingVertexingTreeMaker.py
INFO 2025-05-21 03:03:00.581 UTC: 	 Importing CMSSW configuration UnifiedScoutingVertexingTreeMaker.py
INFO 2025-05-21 03:03:00.939 UTC: 	 Finished importing CMSSW configuration UnifiedScoutingVertexingTreeMaker.py
DEBUG 2025-05-21 03:03:00.939 UTC: 	 Writing CMSSW configuration to /afs/cern.ch/user/a/amalhotr/CMSSW_14_0_18_patch1/src/Run3ScoutingAnalysisTools/crab_RealData_noLFNDirectory_All_v0/inputs/PSet.py
DEBUG 2025-05-21 03:03:00.979 UTC: 	 The following EDM output files will be collected: []
DEBUG 2025-05-21 03:03:00.979 UTC: 	 The following TFile output files will be collected: ['DY2M_ScoutingTree_Output.root']
DEBUG 2025-05-21 03:03:00.979 UTC: 	 The following user output files (not listed as PoolOuputModule or TFileService in the CMSSW PSet) will be collected: 
DEBUG 2025-05-21 03:03:00.979 UTC: 	 Loading required information from the environment
DEBUG 2025-05-21 03:03:00.979 UTC: 	 Found CMSSW_14_0_18_patch1 for el9_amd64_gcc12 with base /afs/cern.ch/user/a/amalhotr/CMSSW_14_0_18_patch1
DEBUG 2025-05-21 03:03:00.980 UTC: 	 Making tarball in /afs/cern.ch/user/a/amalhotr/CMSSW_14_0_18_patch1/src/Run3ScoutingAnalysisTools/crab_RealData_noLFNDirectory_All_v0/inputs/e17fd470-9720-4b31-9f6e-b78d45bb8eefdefault.tgz
DEBUG 2025-05-21 03:03:00.981 UTC: 	 Checking directory /afs/cern.ch/user/a/amalhotr/CMSSW_14_0_18_patch1/bin
DEBUG 2025-05-21 03:03:00.981 UTC: 	 Adding directory /afs/cern.ch/user/a/amalhotr/CMSSW_14_0_18_patch1/bin to tarball
DEBUG 2025-05-21 03:03:00.982 UTC: 	 Checking directory /afs/cern.ch/user/a/amalhotr/CMSSW_14_0_18_patch1/python
DEBUG 2025-05-21 03:03:00.982 UTC: 	 Adding directory /afs/cern.ch/user/a/amalhotr/CMSSW_14_0_18_patch1/python to tarball
DEBUG 2025-05-21 03:03:01.012 UTC: 	 Checking directory /afs/cern.ch/user/a/amalhotr/CMSSW_14_0_18_patch1/cfipython
DEBUG 2025-05-21 03:03:01.013 UTC: 	 Adding directory /afs/cern.ch/user/a/amalhotr/CMSSW_14_0_18_patch1/cfipython to tarball
DEBUG 2025-05-21 03:03:01.016 UTC: 	 Checking directory /afs/cern.ch/user/a/amalhotr/CMSSW_14_0_18_patch1/lib
DEBUG 2025-05-21 03:03:01.017 UTC: 	 Adding directory /afs/cern.ch/user/a/amalhotr/CMSSW_14_0_18_patch1/lib to tarball
DEBUG 2025-05-21 03:03:01.084 UTC: 	 Checking directory /afs/cern.ch/user/a/amalhotr/CMSSW_14_0_18_patch1/biglib
DEBUG 2025-05-21 03:03:01.084 UTC: 	 Adding directory /afs/cern.ch/user/a/amalhotr/CMSSW_14_0_18_patch1/biglib to tarball
DEBUG 2025-05-21 03:03:01.085 UTC: 	 Checking directory /afs/cern.ch/user/a/amalhotr/CMSSW_14_0_18_patch1/module
DEBUG 2025-05-21 03:03:01.085 UTC: 	 Checking directory /afs/cern.ch/user/a/amalhotr/CMSSW_14_0_18_patch1/config/SCRAM/hooks
DEBUG 2025-05-21 03:03:01.085 UTC: 	 Adding directory /afs/cern.ch/user/a/amalhotr/CMSSW_14_0_18_patch1/config/SCRAM/hooks to tarball
DEBUG 2025-05-21 03:03:01.090 UTC: 	 Adding directory /afs/cern.ch/user/a/amalhotr/CMSSW_14_0_18_patch1/src/Run3ScoutingAnalysisTools/DataFormats/Scouting/interface to tarball
DEBUG 2025-05-21 03:03:01.143 UTC: 	 Adding directory /afs/cern.ch/user/a/amalhotr/CMSSW_14_0_18_patch1/src/Run3ScoutingAnalysisTools/ScoutingTreeMakerRun3/python to tarball
DEBUG 2025-05-21 03:03:01.152 UTC: 	 Adding directory /afs/cern.ch/user/a/amalhotr/CMSSW_14_0_18_patch1/src/DataFormats/Scouting/interface to tarball
DEBUG 2025-05-21 03:03:01.156 UTC: 	 Adding directory /afs/cern.ch/user/a/amalhotr/CMSSW_14_0_18_patch1/src/Configuration/GenProduction/python to tarball
DEBUG 2025-05-21 03:03:01.198 UTC: 	 Uploading archive /afs/cern.ch/user/a/amalhotr/CMSSW_14_0_18_patch1/src/Run3ScoutingAnalysisTools/crab_RealData_noLFNDirectory_All_v0/inputs/e17fd470-9720-4b31-9f6e-b78d45bb8eefdefault.tgz (441 KB) to the CRAB cache. Using URI https://cmsweb.cern.ch/S3/crabcache_prod
DEBUG 2025-05-21 03:03:01.357 UTC: 	 Encoded data for curl request: subresource=upload&objecttype=sandbox&tarballname=149aeb288c8e15d883a9b4e5f26f7e7a087780c40c66e337ffe04f370d00d347.tar.gz
DEBUG 2025-05-21 03:03:01.419 UTC: 	 sandbox 149aeb288c8e15d883a9b4e5f26f7e7a087780c40c66e337ffe04f370d00d347.tar.gz is already in the S3 store, will not upload again
DEBUG 2025-05-21 03:03:01.419 UTC: 	 Loading required information from the environment
DEBUG 2025-05-21 03:03:01.419 UTC: 	 Found CMSSW_14_0_18_patch1 for el9_amd64_gcc12 with base /afs/cern.ch/user/a/amalhotr/CMSSW_14_0_18_patch1
DEBUG 2025-05-21 03:03:01.419 UTC: 	 Making tarball in /afs/cern.ch/user/a/amalhotr/CMSSW_14_0_18_patch1/src/Run3ScoutingAnalysisTools/crab_RealData_noLFNDirectory_All_v0/inputs/debugFiles.tgz
DEBUG 2025-05-21 03:03:01.424 UTC: 	 Uploading archive /afs/cern.ch/user/a/amalhotr/CMSSW_14_0_18_patch1/src/Run3ScoutingAnalysisTools/crab_RealData_noLFNDirectory_All_v0/inputs/debugFiles.tgz (3 KB) to the CRAB cache. Using URI https://cmsweb.cern.ch/S3/crabcache_prod
DEBUG 2025-05-21 03:03:01.426 UTC: 	 Encoded data for curl request: subresource=upload&objecttype=sandbox&tarballname=d77d89e7146ffad8947fe88042c205238623eae18d89ea6493b86bb4420e2db0.tar.gz
DEBUG 2025-05-21 03:03:01.470 UTC: 	 Will execute:
curl -f -v -X POST  -H "User-Agent: CRAB" -F "key=amalhotr/sandboxes/d77d89e7146ffad8947fe88042c205238623eae18d89ea6493b86bb4420e2db0.tar.gz" -F "AWSAccessKeyId=715203df6482458ba839e73e6dab634b" -F "policy=eyJleHBpcmF0aW9uIjogIjIwMjUtMDUtMjFUMDQ6MDM6MDFaIiwgImNvbmRpdGlvbnMiOiBbeyJidWNrZXQiOiAiY3JhYmNhY2hlX3Byb2QifSwgeyJrZXkiOiAiYW1hbGhvdHIvc2FuZGJveGVzL2Q3N2Q4OWU3MTQ2ZmZhZDg5NDdmZTg4MDQyYzIwNTIzODYyM2VhZTE4ZDg5ZWE2NDkzYjg2YmI0NDIwZTJkYjAudGFyLmd6In1dfQ==" -F "signature=Q7lOOQYtYe5PozzHmKctK+nq3eg=" -F "file=@/afs/cern.ch/user/a/amalhotr/CMSSW_14_0_18_patch1/src/Run3ScoutingAnalysisTools/crab_RealData_noLFNDirectory_All_v0/inputs/debugFiles.tgz" "https://s3.cern.ch/crabcache_prod"
DEBUG 2025-05-21 03:03:01.512 UTC: 	 exitcode: 0
stdout: b''
DEBUG 2025-05-21 03:03:01.513 UTC: 	 upload to S3 of sandbox /afs/cern.ch/user/a/amalhotr/CMSSW_14_0_18_patch1/src/Run3ScoutingAnalysisTools/crab_RealData_noLFNDirectory_All_v0/inputs/debugFiles.tgz completed
DEBUG 2025-05-21 03:03:01.513 UTC: 	 make sure that object is ready for retrieve
DEBUG 2025-05-21 03:03:02.514 UTC: 	 Encoded data for curl request: subresource=download&objecttype=sandbox&tarballname=d77d89e7146ffad8947fe88042c205238623eae18d89ea6493b86bb4420e2db0.tar.gz&clientmethod=head_object
DEBUG 2025-05-21 03:03:02.560 UTC: 	 PreSignedUrl to download sandbox received OK
DEBUG 2025-05-21 03:03:02.567 UTC: 	 Will execute:
 curl -v -s -f -o /dev/null --head  "https://s3.cern.ch/crabcache_prod/amalhotr/sandboxes/d77d89e7146ffad8947fe88042c205238623eae18d89ea6493b86bb4420e2db0.tar.gz?AWSAccessKeyId=715203df6482458ba839e73e6dab634b&Signature=ewpPCmBm4K1UtB0dpFdXaFODYno%3D&Expires=1747800182"
DEBUG 2025-05-21 03:03:02.601 UTC: 	 exitcode: 0
stdout: b''
DEBUG 2025-05-21 03:03:02.601 UTC: 	 sandbox /afs/cern.ch/user/a/amalhotr/CMSSW_14_0_18_patch1/src/Run3ScoutingAnalysisTools/crab_RealData_noLFNDirectory_All_v0/inputs/debugFiles.tgz successfully uploaded to S3
DEBUG 2025-05-21 03:03:02.601 UTC: 	 Result uploading input files: 149aeb288c8e15d883a9b4e5f26f7e7a087780c40c66e337ffe04f370d00d347.tar.gz 
DEBUG 2025-05-21 03:03:02.601 UTC: 	 submit() - self.configuration from WMCore.Configuration import Configuration
config = Configuration()
config.section_('General')
config.General.transferLogs = True
config.General.transferOutputs = True
config.General.requestName = 'RealData_noLFNDirectory_All_v0'
config.section_('JobType')
config.JobType.maxJobRuntimeMin = 2000
config.JobType.pluginName = 'Analysis'
config.JobType.psetName = 'UnifiedScoutingVertexingTreeMaker.py'
config.section_('Data')
config.Data.inputDBS = 'global'
config.Data.totalUnits = 50000000
config.Data.allowNonValidInputDataset = True
config.Data.splitting = 'EventAwareLumiBased'
config.Data.inputDataset = '/ScoutingPFRun3/Run2024H-v1/HLTSCOUT'
config.Data.unitsPerJob = 50000
config.Data.outputDatasetTag = 'RealData_noLFNDirectory_All_v0'
config.Data.publication = False
config.section_('Site')
config.Site.storageSite = 'T3_CH_CERNBOX'
config.section_('User')
config.section_('Debug')

DEBUG 2025-05-21 03:03:02.601 UTC: 	 submit() - self.configreq {'dryrun': 0, 'workflow': 'crab_RealData_noLFNDirectory_All_v0', 'saveoutput': 1, 'savelogsflag': 1, 'inputdata': '/ScoutingPFRun3/Run2024H-v1/HLTSCOUT', 'nonvaliddata': 1, 'userfiles': [], 'dbsurl': 'https://cmsweb.cern.ch/dbs/prod/global/DBSReader', 'useparent': 0, 'ignorelocality': 0, 'splitalgo': 'EventAwareLumiBased', 'algoargs': 50000, 'totalunits': 50000000, 'publication': 0, 'publishdbsurl': 'https://cmsweb.cern.ch/dbs/prod/phys03/DBSWriter', 'publishname2': 'RealData_noLFNDirectory_All_v0', 'jobtype': 'Analysis', 'generator': 'pythia', 'addoutputfiles': [], 'maxjobruntime': 2000, 'numcores': 1, 'maxmemory': 2000, 'priority': 10, 'nonprodsw': 0, 'asyncdest': 'T3_CH_CERNBOX', 'requireaccelerator': 0, 'oneEventMode': 0, 'extrajdl': [], 'ignoreglobalblacklist': 0, 'partialdataset': 0, 'inputblocks': []}
DEBUG 2025-05-21 03:03:02.601 UTC: 	 submit() - jobconfig {'addoutputfiles': [], 'tfileoutfiles': ['DY2M_ScoutingTree_Output.root'], 'edmoutfiles': [], 'jobarch': 'el9_amd64_gcc12', 'jobminuarch': 'any', 'jobsw': 'CMSSW_14_0_18_patch1', 'inputdata': '/ScoutingPFRun3/Run2024H-v1/HLTSCOUT', 'cacheurl': 'https://cmsweb.cern.ch/S3/crabcache_prod', 'cachefilename': '149aeb288c8e15d883a9b4e5f26f7e7a087780c40c66e337ffe04f370d00d347.tar.gz', 'debugfilename': 'd77d89e7146ffad8947fe88042c205238623eae18d89ea6493b86bb4420e2db0.tar.gz', 'jobtype': 'Analysis'}
INFO 2025-05-21 03:03:02.601 UTC: 	 Sending the request to the server at cmsweb.cern.ch
DEBUG 2025-05-21 03:03:02.601 UTC: 	 Submitting {'dryrun': 0, 'workflow': 'crab_RealData_noLFNDirectory_All_v0', 'saveoutput': 1, 'savelogsflag': 1, 'inputdata': '/ScoutingPFRun3/Run2024H-v1/HLTSCOUT', 'nonvaliddata': 1, 'userfiles': [], 'dbsurl': 'https://cmsweb.cern.ch/dbs/prod/global/DBSReader', 'useparent': 0, 'ignorelocality': 0, 'splitalgo': 'EventAwareLumiBased', 'algoargs': 50000, 'totalunits': 50000000, 'publication': 0, 'publishdbsurl': 'https://cmsweb.cern.ch/dbs/prod/phys03/DBSWriter', 'publishname2': 'RealData_noLFNDirectory_All_v0', 'jobtype': 'Analysis', 'generator': 'pythia', 'addoutputfiles': [], 'maxjobruntime': 2000, 'numcores': 1, 'maxmemory': 2000, 'priority': 10, 'nonprodsw': 0, 'asyncdest': 'T3_CH_CERNBOX', 'requireaccelerator': 0, 'oneEventMode': 0, 'extrajdl': [], 'ignoreglobalblacklist': 0, 'partialdataset': 0, 'inputblocks': [], 'tfileoutfiles': ['DY2M_ScoutingTree_Output.root'], 'edmoutfiles': [], 'jobarch': 'el9_amd64_gcc12', 'jobminuarch': 'any', 'jobsw': 'CMSSW_14_0_18_patch1', 'cacheurl': 'https://cmsweb.cern.ch/S3/crabcache_prod', 'cachefilename': '149aeb288c8e15d883a9b4e5f26f7e7a087780c40c66e337ffe04f370d00d347.tar.gz', 'debugfilename': 'd77d89e7146ffad8947fe88042c205238623eae18d89ea6493b86bb4420e2db0.tar.gz'} 
DEBUG 2025-05-21 03:03:02.602 UTC: 	 Encoded data for curl request: dryrun=0&workflow=crab_RealData_noLFNDirectory_All_v0&saveoutput=1&savelogsflag=1&inputdata=%2FScoutingPFRun3%2FRun2024H-v1%2FHLTSCOUT&nonvaliddata=1&dbsurl=https%3A%2F%2Fcmsweb.cern.ch%2Fdbs%2Fprod%2Fglobal%2FDBSReader&useparent=0&ignorelocality=0&splitalgo=EventAwareLumiBased&algoargs=50000&totalunits=50000000&publication=0&publishdbsurl=https%3A%2F%2Fcmsweb.cern.ch%2Fdbs%2Fprod%2Fphys03%2FDBSWriter&publishname2=RealData_noLFNDirectory_All_v0&jobtype=Analysis&generator=pythia&maxjobruntime=2000&numcores=1&maxmemory=2000&priority=10&nonprodsw=0&asyncdest=T3_CH_CERNBOX&requireaccelerator=0&oneEventMode=0&ignoreglobalblacklist=0&partialdataset=0&jobarch=el9_amd64_gcc12&jobminuarch=any&jobsw=CMSSW_14_0_18_patch1&cacheurl=https%3A%2F%2Fcmsweb.cern.ch%2FS3%2Fcrabcache_prod&cachefilename=149aeb288c8e15d883a9b4e5f26f7e7a087780c40c66e337ffe04f370d00d347.tar.gz&debugfilename=d77d89e7146ffad8947fe88042c205238623eae18d89ea6493b86bb4420e2db0.tar.gz&tfileoutfiles=DY2M_ScoutingTree_Output.root
DEBUG 2025-05-21 03:03:02.972 UTC: 	 Result: {'result': [{'RequestName': '250521_030302:amalhotr_crab_RealData_noLFNDirectory_All_v0'}]}
INFO 2025-05-21 03:03:02.975 UTC: 	 Success: Your task has been delivered to the prod CRAB3 server.
INFO 2025-05-21 03:03:02.975 UTC: 	 Task name: 250521_030302:amalhotr_crab_RealData_noLFNDirectory_All_v0
INFO 2025-05-21 03:03:02.975 UTC: 	 Project dir: ./crab_RealData_noLFNDirectory_All_v0
INFO 2025-05-21 03:03:02.975 UTC: 	 Please use ' crab status -d ./crab_RealData_noLFNDirectory_All_v0 ' to check how the submission process proceeds.
DEBUG 2025-05-21 03:03:02.975 UTC: 	 About to return
INFO 2025-05-21 03:03:02.977 UTC: 	 Log file is /afs/cern.ch/user/a/amalhotr/CMSSW_14_0_18_patch1/src/Run3ScoutingAnalysisTools/crab_RealData_noLFNDirectory_All_v0/crab.log
DEBUG 2025-05-21 03:06:19.658 UTC: 	 CRAB Client version: v3.250409
DEBUG 2025-05-21 03:06:19.658 UTC: 	 Running on: Linux lxplus978.cern.ch 5.14.0-503.34.1.el9_5.x86_64 #1 SMP PREEMPT_DYNAMIC Mon Mar 17 21:49:47 EDT 2025 x86_64 x86_64 x86_64 GNU/Linux
DEBUG 2025-05-21 03:06:19.658 UTC: 	 Not using Singularity
DEBUG 2025-05-21 03:06:19.658 UTC: 	 Operating System: Red Hat Enterprise Linux 9.5 (Plow)
DEBUG 2025-05-21 03:06:19.658 UTC: 	 Executing command: 'status'
DEBUG 2025-05-21 03:06:19.658 UTC: 	 Found CRAB cache file /afs/cern.ch/user/a/amalhotr/.crab3
DEBUG 2025-05-21 03:06:19.663 UTC: 	 Checking credentials
DEBUG 2025-05-21 03:06:19.663 UTC: 	 Found proxy file /tmp/x509up_u180451
DEBUG 2025-05-21 03:06:19.663 UTC: 	 Making sure it has proper VOMS extension
DEBUG 2025-05-21 03:06:19.663 UTC: 	 Executing command :
 voms-proxy-info --vo --file /tmp/x509up_u180451
DEBUG 2025-05-21 03:06:20.061 UTC: 	 output : cms

 error: 
 retcode : 0
DEBUG 2025-05-21 03:06:20.061 UTC: 	 Getting proxy life time left
DEBUG 2025-05-21 03:06:20.061 UTC: 	 Executing command :
 voms-proxy-info --actimeleft --timeleft --file /tmp/x509up_u180451
DEBUG 2025-05-21 03:06:20.434 UTC: 	 output : 688325
688325

 error: 
 retcode : 0
DEBUG 2025-05-21 03:06:20.434 UTC: 	 Proxy valid for 191:12:05 hours
DEBUG 2025-05-21 03:06:20.435 UTC: 	 Encoded data for curl request: subresource=delegatedn
DEBUG 2025-05-21 03:06:20.477 UTC: 	 Registering user credentials on myproxy for /DC=ch/DC=cern/OU=computers/CN=crab-(preprod|prod)-tw(01|02).cern.ch|/DC=ch/DC=cern/OU=computers/CN=crab-dev-tw(01|02|03|04).cern.ch|/DC=ch/DC=cern/OU=Organic Units/OU=Users/CN=cmscrab/CN=(817881|373708)/CN=Robot: cms crab|/DC=ch/DC=cern/OU=Organic Units/OU=Users/CN=crabint1/CN=373708/CN=Robot: CMS CRAB Integration 1
DEBUG 2025-05-21 03:06:20.478 UTC: 	 Executing command :
 voms-proxy-info --identity --file /tmp/x509up_u180451
DEBUG 2025-05-21 03:06:20.850 UTC: 	 output : /DC=ch/DC=cern/OU=Organic Units/OU=Users/CN=amalhotr/CN=884837/CN=Aryan Malhotra

 error: 
 retcode : 0
DEBUG 2025-05-21 03:06:20.850 UTC: 	 Getting myproxy life time left for 2382a3cf28fdeacb1de9b039908761ea517a5ed6
DEBUG 2025-05-21 03:06:20.850 UTC: 	 Executing command :
 myproxy-info -s myproxy.cern.ch -l 2382a3cf28fdeacb1de9b039908761ea517a5ed6
DEBUG 2025-05-21 03:06:21.171 UTC: 	 output : username: 2382a3cf28fdeacb1de9b039908761ea517a5ed6
owner: /DC=ch/DC=cern/OU=Organic Units/OU=Users/CN=amalhotr/CN=884837/CN=Aryan Malhotra
  renewal policy: /DC=ch/DC=cern/OU=computers/CN=crab-(preprod|prod)-tw(01|02).cern.ch|/DC=ch/DC=cern/OU=computers/CN=crab-dev-tw(01|02|03|04).cern.ch|/DC=ch/DC=cern/OU=Organic Units/OU=Users/CN=cmscrab/CN=(817881|373708)/CN=Robot: cms crab|/DC=ch/DC=cern/OU=Organic Units/OU=Users/CN=crabint1/CN=373708/CN=Robot: CMS CRAB Integration 1
  trusted retrieval policy: /DC=ch/DC=cern/OU=computers/CN=crab-(preprod|prod)-tw(01|02).cern.ch|/DC=ch/DC=cern/OU=computers/CN=crab-dev-tw(01|02|03|04).cern.ch|/DC=ch/DC=cern/OU=Organic Units/OU=Users/CN=cmscrab/CN=(817881|373708)/CN=Robot: cms crab|/DC=ch/DC=cern/OU=Organic Units/OU=Users/CN=crabint1/CN=373708/CN=Robot: CMS CRAB Integration 1
  timeleft: 579:47:12  (24.2 days)

 error: 
 retcode : 0
DEBUG 2025-05-21 03:06:21.171 UTC: 	 Myproxy is valid: 2087220
DEBUG 2025-05-21 03:06:21.171 UTC: 	 Result of myproxy credential check:
  Credential exists on myproxy: username: 2382a3cf28fdeacb1de9b039908761ea517a5ed6  - validity: 24 days, 3:47:00
DEBUG 2025-05-21 03:06:21.171 UTC: 	 Retrieving username ...
DEBUG 2025-05-21 03:06:21.171 UTC: 	 Retrieving username from CRIC...
DEBUG 2025-05-21 03:06:21.891 UTC: 	 username is amalhotr
INFO 2025-05-21 03:06:22.487 UTC: 	 Rucio client intialized for account amalhotr
DEBUG 2025-05-21 03:06:22.487 UTC: 	 Command use: status
DEBUG 2025-05-21 03:06:22.487 UTC: 	 Options use: ['-d', './crab_RealData_noLFNDirectory_All_v0']
DEBUG 2025-05-21 03:06:22.487 UTC: 	 Encoded data for curl request: subresource=version
DEBUG 2025-05-21 03:06:22.525 UTC: 	 CRABClient version: v3.250409
DEBUG 2025-05-21 03:06:22.525 UTC: 	 Instance is prod
DEBUG 2025-05-21 03:06:22.525 UTC: 	 Server base url is cmsweb.cern.ch
DEBUG 2025-05-21 03:06:22.525 UTC: 	 Command api workflow
DEBUG 2025-05-21 03:06:22.525 UTC: 	 Encoded data for curl request: subresource=search&workflow=250521_030302%3Aamalhotr_crab_RealData_noLFNDirectory_All_v0
DEBUG 2025-05-21 03:06:22.579 UTC: 	 Got information from server oracle database: {'desc': {'columns': ['tm_taskname', 'tm_activity', 'tm_task_status', 'tm_task_command', 'tm_start_time', 'tm_start_injection', 'tm_end_injection', 'tm_task_failure', 'tm_job_sw', 'tm_job_arch', 'tm_input_dataset', 'tm_nonvalid_input_dataset', 'tm_use_parent', 'tm_site_whitelist', 'tm_site_blacklist', 'tm_split_algo', 'tm_split_args', 'tm_user_sandbox', 'tm_cache_url', 'tm_username', 'tm_user_dn', 'tm_user_vo', 'tm_user_role', 'tm_user_group', 'tm_publish_name', 'tm_publish_groupname', 'tm_asyncdest', 'tm_dbs_url', 'tm_publish_dbs_url', 'tm_publication', 'tm_outfiles', 'tm_tfile_outfiles', 'tm_edm_outfiles', 'tm_job_type', 'tm_generator', 'tm_events_per_lumi', 'tm_arguments', 'tm_save_logs', 'tw_name', 'tm_user_infiles', 'tm_maxjobruntime', 'tm_numcores', 'tm_maxmemory', 'tm_priority', 'tm_output_dataset', 'tm_task_warnings', 'tm_user_webdir', 'tm_scriptexe', 'tm_scriptargs', 'tm_extrajdl', 'tm_collector', 'tm_schedd', 'tm_dry_run', 'tm_user_files', 'tm_transfer_outputs', 'tm_output_lfn', 'tm_ignore_locality', 'tm_fail_limit', 'tm_one_event_mode', 'tm_secondary_input_dataset', 'tm_primary_dataset', 'tm_last_publication', 'tm_debug_files', 'clusterid', 'tm_ignore_global_blacklist', 'tm_submitter_ip_addr', 'tm_totalunits', 'tm_ddm_reqid', 'tm_user_config', 'tm_transfer_container', 'tm_transfer_rule', 'tm_publish_rule', 'tm_multipub_rule', 'tm_job_min_microarch', 'tm_dagman_status', 'tm_num_jobs', 'tm_uploaded']}, 'result': ['250521_030302:amalhotr_crab_RealData_noLFNDirectory_All_v0', 'None', 'SUBMITTED', 'SUBMIT', '2025-05-21 03:03:02.965189', 'None', '2025-05-21 03:04:03.782853', 'None', 'CMSSW_14_0_18_patch1', 'el9_amd64_gcc12', '/ScoutingPFRun3/Run2024H-v1/HLTSCOUT', 'T', '0', '[]', '[]', 'EventAwareLumiBased', "{'halt_job_on_file_boundaries': False, 'splitOnRun': False, 'events_per_job': 50000, 'runs': [], 'lumis': []}", '149aeb288c8e15d883a9b4e5f26f7e7a087780c40c66e337ffe04f370d00d347.tar.gz', 'https://cmsweb.cern.ch/S3/crabcache_prod', 'amalhotr', '/DC=ch/DC=cern/OU=Organic Units/OU=Users/CN=amalhotr/CN=884837/CN=Aryan Malhotra', 'cms', 'None', 'None', 'RealData_noLFNDirectory_All_v0-00000000000000000000000000000000', 'F', 'T3_CH_CERNBOX', 'https://cmsweb.cern.ch/dbs/prod/global/DBSReader', 'https://cmsweb.cern.ch/dbs/prod/phys03/DBSWriter', 'F', '[]', "['DY2M_ScoutingTree_Output.root']", '[]', 'Analysis', 'pythia', 'None', '{}', 'T', 'crab-prod-tw01', '[]', '2000', '1', '2000', '10', 'None', '[]', 'http://vocms0199.cern.ch/mon/amalhotr/250521_030302:amalhotr_crab_RealData_noLFNDirectory_All_v0', 'None', '[]', '[]', 'cmsgwms-collector-global.cern.ch:9620,cmsgwms-collector-global.fnal.gov:9620', 'crab3@vocms0199.cern.ch', 'F', '[]', 'T', '/store/user/amalhotr/', 'F', 'None', 'F', 'None', 'ScoutingPFRun3', 'None', 'd77d89e7146ffad8947fe88042c205238623eae18d89ea6493b86bb4420e2db0.tar.gz', '83673723', 'F', '188.185.89.194', '50000000.0', 'None', '{"partialdataset": false, "requireaccelerator": false, "acceleratorparams": null, "inputblocks": null}', 'None', 'None', 'None', 'None', 'any', 'RUNNING', '97', 'F']}
INFO 2025-05-21 03:06:22.579 UTC: 	 CRAB project directory:		/afs/cern.ch/user/a/amalhotr/CMSSW_14_0_18_patch1/src/Run3ScoutingAnalysisTools/crab_RealData_noLFNDirectory_All_v0
INFO 2025-05-21 03:06:22.579 UTC: 	 Task name:			250521_030302:amalhotr_crab_RealData_noLFNDirectory_All_v0
INFO 2025-05-21 03:06:22.579 UTC: 	 Grid scheduler - Task Worker:	crab3@vocms0199.cern.ch - crab-prod-tw01
INFO 2025-05-21 03:06:22.579 UTC: 	 Status on the CRAB server:	SUBMITTED
INFO 2025-05-21 03:06:22.579 UTC: 	 Task URL to use for HELP:	https://cmsweb.cern.ch/crabserver/ui/task/250521_030302%3Aamalhotr_crab_RealData_noLFNDirectory_All_v0
INFO 2025-05-21 03:06:22.585 UTC: 	 Dashboard monitoring URL:	https://monit-grafana.cern.ch/d/cmsTMDetail/cms-task-monitoring-task-view?orgId=11&var-user=amalhotr&var-task=250521_030302%3Aamalhotr_crab_RealData_noLFNDirectory_All_v0&from=1747792982000&to=now
DEBUG 2025-05-21 03:06:22.585 UTC: 	 The CRAB server submitted your task to the Grid scheduler (cluster ID: 83673723)
DEBUG 2025-05-21 03:06:22.585 UTC: 	 Webdir is located at http://vocms0199.cern.ch/mon/amalhotr/250521_030302:amalhotr_crab_RealData_noLFNDirectory_All_v0
DEBUG 2025-05-21 03:06:22.585 UTC: 	 Encoded data for curl request: subresource=webdirprx&workflow=250521_030302%3Aamalhotr_crab_RealData_noLFNDirectory_All_v0
DEBUG 2025-05-21 03:06:22.627 UTC: 	 Proxied webdir is located at https://cmsweb.cern.ch/scheddmon/0199/amalhotr/250521_030302:amalhotr_crab_RealData_noLFNDirectory_All_v0
DEBUG 2025-05-21 03:06:22.627 UTC: 	 Retrieving 'status_cache' file from https://cmsweb.cern.ch/scheddmon/0199/amalhotr/250521_030302:amalhotr_crab_RealData_noLFNDirectory_All_v0/status_cache.pkl
DEBUG 2025-05-21 03:06:22.628 UTC: 	 Will execute:
curl -sS --capath /etc/grid-security/certificates --cert /tmp/x509up_u180451 --key /tmp/x509up_u180451 -o /tmp/crab_status-cache-fkuxlnz8.pkl -w %"{http_code}" "https://cmsweb.cern.ch/scheddmon/0199/amalhotr/250521_030302:amalhotr_crab_RealData_noLFNDirectory_All_v0/status_cache.pkl"
DEBUG 2025-05-21 03:06:22.628 UTC: 	 Executing command :
 curl -sS --capath /etc/grid-security/certificates --cert /tmp/x509up_u180451 --key /tmp/x509up_u180451 -o /tmp/crab_status-cache-fkuxlnz8.pkl -w %"{http_code}" "https://cmsweb.cern.ch/scheddmon/0199/amalhotr/250521_030302:amalhotr_crab_RealData_noLFNDirectory_All_v0/status_cache.pkl"
DEBUG 2025-05-21 03:06:22.665 UTC: 	 output : 200
 error: 
 retcode : 0
DEBUG 2025-05-21 03:06:22.665 UTC: 	 exitcode: 0
stdout: 200
stderr: 
error details: 
DEBUG 2025-05-21 03:06:22.666 UTC: 	 Got information from status cache file: {'10': {'Retries': 0, 'Restarts': 0, 'SiteHistory': ['Unknown'], 'ResidentSetSize': [0], 'SubmitTimes': [1747796712.0], 'StartTimes': [], 'EndTimes': [], 'TotalUserCpuTimeHistory': [0.0], 'TotalSysCpuTimeHistory': [0.0], 'WallDurations': [0], 'JobIds': ['83673918.0'], 'State': 'unsubmitted', 'RecordedSite': False}, '11': {'Retries': 0, 'Restarts': 0, 'SiteHistory': ['Unknown'], 'ResidentSetSize': [0], 'SubmitTimes': [1747796712.0], 'StartTimes': [], 'EndTimes': [], 'TotalUserCpuTimeHistory': [0.0], 'TotalSysCpuTimeHistory': [0.0], 'WallDurations': [0], 'JobIds': ['83673919.0'], 'State': 'unsubmitted', 'RecordedSite': False}, '5': {'Retries': 0, 'Restarts': 0, 'SiteHistory': ['Unknown'], 'ResidentSetSize': [0], 'SubmitTimes': [1747796712.0], 'StartTimes': [], 'EndTimes': [], 'TotalUserCpuTimeHistory': [0.0], 'TotalSysCpuTimeHistory': [0.0], 'WallDurations': [0], 'JobIds': ['83673920.0'], 'State': 'unsubmitted', 'RecordedSite': False}, '1': {'Retries': 0, 'Restarts': 0, 'SiteHistory': ['Unknown'], 'ResidentSetSize': [0], 'SubmitTimes': [1747796712.0], 'StartTimes': [], 'EndTimes': [], 'TotalUserCpuTimeHistory': [0.0], 'TotalSysCpuTimeHistory': [0.0], 'WallDurations': [0], 'JobIds': ['83673921.0'], 'State': 'unsubmitted', 'RecordedSite': False}, '16': {'Retries': 0, 'Restarts': 0, 'SiteHistory': ['Unknown'], 'ResidentSetSize': [0], 'SubmitTimes': [1747796712.0], 'StartTimes': [], 'EndTimes': [], 'TotalUserCpuTimeHistory': [0.0], 'TotalSysCpuTimeHistory': [0.0], 'WallDurations': [0], 'JobIds': ['83673922.0'], 'State': 'unsubmitted', 'RecordedSite': False}, '9': {'Retries': 0, 'Restarts': 0, 'SiteHistory': ['Unknown'], 'ResidentSetSize': [0], 'SubmitTimes': [1747796712.0], 'StartTimes': [], 'EndTimes': [], 'TotalUserCpuTimeHistory': [0.0], 'TotalSysCpuTimeHistory': [0.0], 'WallDurations': [0], 'JobIds': ['83673923.0'], 'State': 'unsubmitted', 'RecordedSite': False}, '20': {'Retries': 0, 'Restarts': 0, 'SiteHistory': ['Unknown'], 'ResidentSetSize': [0], 'SubmitTimes': [1747796712.0], 'StartTimes': [], 'EndTimes': [], 'TotalUserCpuTimeHistory': [0.0], 'TotalSysCpuTimeHistory': [0.0], 'WallDurations': [0], 'JobIds': ['83673924.0'], 'State': 'unsubmitted', 'RecordedSite': False}, '17': {'Retries': 0, 'Restarts': 0, 'SiteHistory': ['Unknown'], 'ResidentSetSize': [0], 'SubmitTimes': [1747796712.0], 'StartTimes': [], 'EndTimes': [], 'TotalUserCpuTimeHistory': [0.0], 'TotalSysCpuTimeHistory': [0.0], 'WallDurations': [0], 'JobIds': ['83673925.0'], 'State': 'unsubmitted', 'RecordedSite': False}, '3': {'Retries': 0, 'Restarts': 0, 'SiteHistory': ['Unknown'], 'ResidentSetSize': [0], 'SubmitTimes': [1747796712.0], 'StartTimes': [], 'EndTimes': [], 'TotalUserCpuTimeHistory': [0.0], 'TotalSysCpuTimeHistory': [0.0], 'WallDurations': [0], 'JobIds': ['83673926.0'], 'State': 'unsubmitted', 'RecordedSite': False}, '6': {'Retries': 0, 'Restarts': 0, 'SiteHistory': ['Unknown'], 'ResidentSetSize': [0], 'SubmitTimes': [1747796712.0], 'StartTimes': [], 'EndTimes': [], 'TotalUserCpuTimeHistory': [0.0], 'TotalSysCpuTimeHistory': [0.0], 'WallDurations': [0], 'JobIds': ['83673927.0'], 'State': 'unsubmitted', 'RecordedSite': False}, '15': {'Retries': 0, 'Restarts': 0, 'SiteHistory': ['Unknown'], 'ResidentSetSize': [0], 'SubmitTimes': [1747796712.0], 'StartTimes': [], 'EndTimes': [], 'TotalUserCpuTimeHistory': [0.0], 'TotalSysCpuTimeHistory': [0.0], 'WallDurations': [0], 'JobIds': ['83673928.0'], 'State': 'unsubmitted', 'RecordedSite': False}, '14': {'Retries': 0, 'Restarts': 0, 'SiteHistory': ['Unknown'], 'ResidentSetSize': [0], 'SubmitTimes': [1747796712.0], 'StartTimes': [], 'EndTimes': [], 'TotalUserCpuTimeHistory': [0.0], 'TotalSysCpuTimeHistory': [0.0], 'WallDurations': [0], 'JobIds': ['83673929.0'], 'State': 'unsubmitted', 'RecordedSite': False}, '4': {'Retries': 0, 'Restarts': 0, 'SiteHistory': ['Unknown'], 'ResidentSetSize': [0], 'SubmitTimes': [1747796712.0], 'StartTimes': [], 'EndTimes': [], 'TotalUserCpuTimeHistory': [0.0], 'TotalSysCpuTimeHistory': [0.0], 'WallDurations': [0], 'JobIds': ['83673930.0'], 'State': 'unsubmitted', 'RecordedSite': False}, '2': {'Retries': 0, 'Restarts': 0, 'SiteHistory': ['Unknown'], 'ResidentSetSize': [0], 'SubmitTimes': [1747796712.0], 'StartTimes': [], 'EndTimes': [], 'TotalUserCpuTimeHistory': [0.0], 'TotalSysCpuTimeHistory': [0.0], 'WallDurations': [0], 'JobIds': ['83673931.0'], 'State': 'unsubmitted', 'RecordedSite': False}, '18': {'Retries': 0, 'Restarts': 0, 'SiteHistory': ['Unknown'], 'ResidentSetSize': [0], 'SubmitTimes': [1747796712.0], 'StartTimes': [], 'EndTimes': [], 'TotalUserCpuTimeHistory': [0.0], 'TotalSysCpuTimeHistory': [0.0], 'WallDurations': [0], 'JobIds': ['83673932.0'], 'State': 'unsubmitted', 'RecordedSite': False}, '7': {'Retries': 0, 'Restarts': 0, 'SiteHistory': ['Unknown'], 'ResidentSetSize': [0], 'SubmitTimes': [1747796713.0], 'StartTimes': [], 'EndTimes': [], 'TotalUserCpuTimeHistory': [0.0], 'TotalSysCpuTimeHistory': [0.0], 'WallDurations': [0], 'JobIds': ['83673933.0'], 'State': 'unsubmitted', 'RecordedSite': False}, '13': {'Retries': 0, 'Restarts': 0, 'SiteHistory': ['Unknown'], 'ResidentSetSize': [0], 'SubmitTimes': [1747796713.0], 'StartTimes': [], 'EndTimes': [], 'TotalUserCpuTimeHistory': [0.0], 'TotalSysCpuTimeHistory': [0.0], 'WallDurations': [0], 'JobIds': ['83673934.0'], 'State': 'unsubmitted', 'RecordedSite': False}, '22': {'Retries': 0, 'Restarts': 0, 'SiteHistory': ['Unknown'], 'ResidentSetSize': [0], 'SubmitTimes': [1747796713.0], 'StartTimes': [], 'EndTimes': [], 'TotalUserCpuTimeHistory': [0.0], 'TotalSysCpuTimeHistory': [0.0], 'WallDurations': [0], 'JobIds': ['83673935.0'], 'State': 'unsubmitted', 'RecordedSite': False}, '19': {'Retries': 0, 'Restarts': 0, 'SiteHistory': ['Unknown'], 'ResidentSetSize': [0], 'SubmitTimes': [1747796713.0], 'StartTimes': [], 'EndTimes': [], 'TotalUserCpuTimeHistory': [0.0], 'TotalSysCpuTimeHistory': [0.0], 'WallDurations': [0], 'JobIds': ['83673936.0'], 'State': 'unsubmitted', 'RecordedSite': False}, '8': {'Retries': 0, 'Restarts': 0, 'SiteHistory': ['Unknown'], 'ResidentSetSize': [0], 'SubmitTimes': [1747796713.0], 'StartTimes': [], 'EndTimes': [], 'TotalUserCpuTimeHistory': [0.0], 'TotalSysCpuTimeHistory': [0.0], 'WallDurations': [0], 'JobIds': ['83673937.0'], 'State': 'unsubmitted', 'RecordedSite': False}, '12': {'Retries': 0, 'Restarts': 0, 'SiteHistory': ['Unknown'], 'ResidentSetSize': [0], 'SubmitTimes': [1747796713.0], 'StartTimes': [], 'EndTimes': [], 'TotalUserCpuTimeHistory': [0.0], 'TotalSysCpuTimeHistory': [0.0], 'WallDurations': [0], 'JobIds': ['83673938.0'], 'State': 'unsubmitted', 'RecordedSite': False}, '24': {'Retries': 0, 'Restarts': 0, 'SiteHistory': ['Unknown'], 'ResidentSetSize': [0], 'SubmitTimes': [1747796713.0], 'StartTimes': [], 'EndTimes': [], 'TotalUserCpuTimeHistory': [0.0], 'TotalSysCpuTimeHistory': [0.0], 'WallDurations': [0], 'JobIds': ['83673939.0'], 'State': 'unsubmitted', 'RecordedSite': False}, '26': {'Retries': 0, 'Restarts': 0, 'SiteHistory': ['Unknown'], 'ResidentSetSize': [0], 'SubmitTimes': [1747796713.0], 'StartTimes': [], 'EndTimes': [], 'TotalUserCpuTimeHistory': [0.0], 'TotalSysCpuTimeHistory': [0.0], 'WallDurations': [0], 'JobIds': ['83673940.0'], 'State': 'unsubmitted', 'RecordedSite': False}, '25': {'Retries': 0, 'Restarts': 0, 'SiteHistory': ['Unknown'], 'ResidentSetSize': [0], 'SubmitTimes': [1747796713.0], 'StartTimes': [], 'EndTimes': [], 'TotalUserCpuTimeHistory': [0.0], 'TotalSysCpuTimeHistory': [0.0], 'WallDurations': [0], 'JobIds': ['83673941.0'], 'State': 'unsubmitted', 'RecordedSite': False}, '23': {'Retries': 0, 'Restarts': 0, 'SiteHistory': ['Unknown'], 'ResidentSetSize': [0], 'SubmitTimes': [1747796713.0], 'StartTimes': [], 'EndTimes': [], 'TotalUserCpuTimeHistory': [0.0], 'TotalSysCpuTimeHistory': [0.0], 'WallDurations': [0], 'JobIds': ['83673942.0'], 'State': 'unsubmitted', 'RecordedSite': False}, '30': {'Retries': 0, 'Restarts': 0, 'SiteHistory': ['Unknown'], 'ResidentSetSize': [0], 'SubmitTimes': [1747796713.0], 'StartTimes': [], 'EndTimes': [], 'TotalUserCpuTimeHistory': [0.0], 'TotalSysCpuTimeHistory': [0.0], 'WallDurations': [0], 'JobIds': ['83673943.0'], 'State': 'unsubmitted', 'RecordedSite': False}, '31': {'Retries': 0, 'Restarts': 0, 'SiteHistory': ['Unknown'], 'ResidentSetSize': [0], 'SubmitTimes': [1747796713.0], 'StartTimes': [], 'EndTimes': [], 'TotalUserCpuTimeHistory': [0.0], 'TotalSysCpuTimeHistory': [0.0], 'WallDurations': [0], 'JobIds': ['83673944.0'], 'State': 'unsubmitted', 'RecordedSite': False}, '33': {'Retries': 0, 'Restarts': 0, 'SiteHistory': ['Unknown'], 'ResidentSetSize': [0], 'SubmitTimes': [1747796713.0], 'StartTimes': [], 'EndTimes': [], 'TotalUserCpuTimeHistory': [0.0], 'TotalSysCpuTimeHistory': [0.0], 'WallDurations': [0], 'JobIds': ['83673945.0'], 'State': 'unsubmitted', 'RecordedSite': False}, '29': {'Retries': 0, 'Restarts': 0, 'SiteHistory': ['Unknown'], 'ResidentSetSize': [0], 'SubmitTimes': [1747796713.0], 'StartTimes': [], 'EndTimes': [], 'TotalUserCpuTimeHistory': [0.0], 'TotalSysCpuTimeHistory': [0.0], 'WallDurations': [0], 'JobIds': ['83673946.0'], 'State': 'unsubmitted', 'RecordedSite': False}, '40': {'Retries': 0, 'Restarts': 0, 'SiteHistory': ['Unknown'], 'ResidentSetSize': [0], 'SubmitTimes': [1747796713.0], 'StartTimes': [], 'EndTimes': [], 'TotalUserCpuTimeHistory': [0.0], 'TotalSysCpuTimeHistory': [0.0], 'WallDurations': [0], 'JobIds': ['83673947.0'], 'State': 'unsubmitted', 'RecordedSite': False}, '32': {'Retries': 0, 'Restarts': 0, 'SiteHistory': ['Unknown'], 'ResidentSetSize': [0], 'SubmitTimes': [1747796713.0], 'StartTimes': [], 'EndTimes': [], 'TotalUserCpuTimeHistory': [0.0], 'TotalSysCpuTimeHistory': [0.0], 'WallDurations': [0], 'JobIds': ['83673948.0'], 'State': 'unsubmitted', 'RecordedSite': False}, '35': {'Retries': 0, 'Restarts': 0, 'SiteHistory': ['Unknown'], 'ResidentSetSize': [0], 'SubmitTimes': [1747796713.0], 'StartTimes': [], 'EndTimes': [], 'TotalUserCpuTimeHistory': [0.0], 'TotalSysCpuTimeHistory': [0.0], 'WallDurations': [0], 'JobIds': ['83673949.0'], 'State': 'unsubmitted', 'RecordedSite': False}, '28': {'Retries': 0, 'Restarts': 0, 'SiteHistory': ['Unknown'], 'ResidentSetSize': [0], 'SubmitTimes': [1747796713.0], 'StartTimes': [], 'EndTimes': [], 'TotalUserCpuTimeHistory': [0.0], 'TotalSysCpuTimeHistory': [0.0], 'WallDurations': [0], 'JobIds': ['83673950.0'], 'State': 'unsubmitted', 'RecordedSite': False}, '42': {'Retries': 0, 'Restarts': 0, 'SiteHistory': ['Unknown'], 'ResidentSetSize': [0], 'SubmitTimes': [1747796713.0], 'StartTimes': [], 'EndTimes': [], 'TotalUserCpuTimeHistory': [0.0], 'TotalSysCpuTimeHistory': [0.0], 'WallDurations': [0], 'JobIds': ['83673951.0'], 'State': 'unsubmitted', 'RecordedSite': False}, '36': {'Retries': 0, 'Restarts': 0, 'SiteHistory': ['Unknown'], 'ResidentSetSize': [0], 'SubmitTimes': [1747796713.0], 'StartTimes': [], 'EndTimes': [], 'TotalUserCpuTimeHistory': [0.0], 'TotalSysCpuTimeHistory': [0.0], 'WallDurations': [0], 'JobIds': ['83673952.0'], 'State': 'unsubmitted', 'RecordedSite': False}, '27': {'Retries': 0, 'Restarts': 0, 'SiteHistory': ['Unknown'], 'ResidentSetSize': [0], 'SubmitTimes': [1747796713.0], 'StartTimes': [], 'EndTimes': [], 'TotalUserCpuTimeHistory': [0.0], 'TotalSysCpuTimeHistory': [0.0], 'WallDurations': [0], 'JobIds': ['83673953.0'], 'State': 'unsubmitted', 'RecordedSite': False}, '41': {'Retries': 0, 'Restarts': 0, 'SiteHistory': ['Unknown'], 'ResidentSetSize': [0], 'SubmitTimes': [1747796713.0], 'StartTimes': [], 'EndTimes': [], 'TotalUserCpuTimeHistory': [0.0], 'TotalSysCpuTimeHistory': [0.0], 'WallDurations': [0], 'JobIds': ['83673954.0'], 'State': 'unsubmitted', 'RecordedSite': False}, '39': {'Retries': 0, 'Restarts': 0, 'SiteHistory': ['Unknown'], 'ResidentSetSize': [0], 'SubmitTimes': [1747796713.0], 'StartTimes': [], 'EndTimes': [], 'TotalUserCpuTimeHistory': [0.0], 'TotalSysCpuTimeHistory': [0.0], 'WallDurations': [0], 'JobIds': ['83673955.0'], 'State': 'unsubmitted', 'RecordedSite': False}, '34': {'Retries': 0, 'Restarts': 0, 'SiteHistory': ['Unknown'], 'ResidentSetSize': [0], 'SubmitTimes': [1747796713.0], 'StartTimes': [], 'EndTimes': [], 'TotalUserCpuTimeHistory': [0.0], 'TotalSysCpuTimeHistory': [0.0], 'WallDurations': [0], 'JobIds': ['83673956.0'], 'State': 'unsubmitted', 'RecordedSite': False}, '37': {'Retries': 0, 'Restarts': 0, 'SiteHistory': ['Unknown'], 'ResidentSetSize': [0], 'SubmitTimes': [1747796713.0], 'StartTimes': [], 'EndTimes': [], 'TotalUserCpuTimeHistory': [0.0], 'TotalSysCpuTimeHistory': [0.0], 'WallDurations': [0], 'JobIds': ['83673957.0'], 'State': 'unsubmitted', 'RecordedSite': False}, '43': {'Retries': 0, 'Restarts': 0, 'SiteHistory': ['Unknown'], 'ResidentSetSize': [0], 'SubmitTimes': [1747796714.0], 'StartTimes': [], 'EndTimes': [], 'TotalUserCpuTimeHistory': [0.0], 'TotalSysCpuTimeHistory': [0.0], 'WallDurations': [0], 'JobIds': ['83673958.0'], 'State': 'unsubmitted', 'RecordedSite': False}, '38': {'Retries': 0, 'Restarts': 0, 'SiteHistory': ['Unknown'], 'ResidentSetSize': [0], 'SubmitTimes': [1747796714.0], 'StartTimes': [], 'EndTimes': [], 'TotalUserCpuTimeHistory': [0.0], 'TotalSysCpuTimeHistory': [0.0], 'WallDurations': [0], 'JobIds': ['83673959.0'], 'State': 'unsubmitted', 'RecordedSite': False}, '44': {'Retries': 0, 'Restarts': 0, 'SiteHistory': ['Unknown'], 'ResidentSetSize': [0], 'SubmitTimes': [1747796714.0], 'StartTimes': [], 'EndTimes': [], 'TotalUserCpuTimeHistory': [0.0], 'TotalSysCpuTimeHistory': [0.0], 'WallDurations': [0], 'JobIds': ['83673960.0'], 'State': 'unsubmitted', 'RecordedSite': False}, '47': {'Retries': 0, 'Restarts': 0, 'SiteHistory': ['Unknown'], 'ResidentSetSize': [0], 'SubmitTimes': [1747796714.0], 'StartTimes': [], 'EndTimes': [], 'TotalUserCpuTimeHistory': [0.0], 'TotalSysCpuTimeHistory': [0.0], 'WallDurations': [0], 'JobIds': ['83673961.0'], 'State': 'unsubmitted', 'RecordedSite': False}, '48': {'Retries': 0, 'Restarts': 0, 'SiteHistory': ['Unknown'], 'ResidentSetSize': [0], 'SubmitTimes': [1747796714.0], 'StartTimes': [], 'EndTimes': [], 'TotalUserCpuTimeHistory': [0.0], 'TotalSysCpuTimeHistory': [0.0], 'WallDurations': [0], 'JobIds': ['83673962.0'], 'State': 'unsubmitted', 'RecordedSite': False}, '46': {'Retries': 0, 'Restarts': 0, 'SiteHistory': ['Unknown'], 'ResidentSetSize': [0], 'SubmitTimes': [1747796714.0], 'StartTimes': [], 'EndTimes': [], 'TotalUserCpuTimeHistory': [0.0], 'TotalSysCpuTimeHistory': [0.0], 'WallDurations': [0], 'JobIds': ['83673963.0'], 'State': 'unsubmitted', 'RecordedSite': False}, '45': {'Retries': 0, 'Restarts': 0, 'SiteHistory': ['Unknown'], 'ResidentSetSize': [0], 'SubmitTimes': [1747796714.0], 'StartTimes': [], 'EndTimes': [], 'TotalUserCpuTimeHistory': [0.0], 'TotalSysCpuTimeHistory': [0.0], 'WallDurations': [0], 'JobIds': ['83673964.0'], 'State': 'unsubmitted', 'RecordedSite': False}, '51': {'Retries': 0, 'Restarts': 0, 'SiteHistory': ['Unknown'], 'ResidentSetSize': [0], 'SubmitTimes': [1747796714.0], 'StartTimes': [], 'EndTimes': [], 'TotalUserCpuTimeHistory': [0.0], 'TotalSysCpuTimeHistory': [0.0], 'WallDurations': [0], 'JobIds': ['83673965.0'], 'State': 'unsubmitted', 'RecordedSite': False}, '49': {'Retries': 0, 'Restarts': 0, 'SiteHistory': ['Unknown'], 'ResidentSetSize': [0], 'SubmitTimes': [1747796714.0], 'StartTimes': [], 'EndTimes': [], 'TotalUserCpuTimeHistory': [0.0], 'TotalSysCpuTimeHistory': [0.0], 'WallDurations': [0], 'JobIds': ['83673966.0'], 'State': 'unsubmitted', 'RecordedSite': False}, '52': {'Retries': 0, 'Restarts': 0, 'SiteHistory': ['Unknown'], 'ResidentSetSize': [0], 'SubmitTimes': [1747796714.0], 'StartTimes': [], 'EndTimes': [], 'TotalUserCpuTimeHistory': [0.0], 'TotalSysCpuTimeHistory': [0.0], 'WallDurations': [0], 'JobIds': ['83673967.0'], 'State': 'unsubmitted', 'RecordedSite': False}, '57': {'Retries': 0, 'Restarts': 0, 'SiteHistory': ['Unknown'], 'ResidentSetSize': [0], 'SubmitTimes': [1747796714.0], 'StartTimes': [], 'EndTimes': [], 'TotalUserCpuTimeHistory': [0.0], 'TotalSysCpuTimeHistory': [0.0], 'WallDurations': [0], 'JobIds': ['83673968.0'], 'State': 'unsubmitted', 'RecordedSite': False}, '58': {'Retries': 0, 'Restarts': 0, 'SiteHistory': ['Unknown'], 'ResidentSetSize': [0], 'SubmitTimes': [1747796714.0], 'StartTimes': [], 'EndTimes': [], 'TotalUserCpuTimeHistory': [0.0], 'TotalSysCpuTimeHistory': [0.0], 'WallDurations': [0], 'JobIds': ['83673969.0'], 'State': 'unsubmitted', 'RecordedSite': False}, '56': {'Retries': 0, 'Restarts': 0, 'SiteHistory': ['Unknown'], 'ResidentSetSize': [0], 'SubmitTimes': [1747796714.0], 'StartTimes': [], 'EndTimes': [], 'TotalUserCpuTimeHistory': [0.0], 'TotalSysCpuTimeHistory': [0.0], 'WallDurations': [0], 'JobIds': ['83673970.0'], 'State': 'unsubmitted', 'RecordedSite': False}, '55': {'Retries': 0, 'Restarts': 0, 'SiteHistory': ['Unknown'], 'ResidentSetSize': [0], 'SubmitTimes': [1747796714.0], 'StartTimes': [], 'EndTimes': [], 'TotalUserCpuTimeHistory': [0.0], 'TotalSysCpuTimeHistory': [0.0], 'WallDurations': [0], 'JobIds': ['83673971.0'], 'State': 'unsubmitted', 'RecordedSite': False}, '53': {'Retries': 0, 'Restarts': 0, 'SiteHistory': ['Unknown'], 'ResidentSetSize': [0], 'SubmitTimes': [1747796714.0], 'StartTimes': [], 'EndTimes': [], 'TotalUserCpuTimeHistory': [0.0], 'TotalSysCpuTimeHistory': [0.0], 'WallDurations': [0], 'JobIds': ['83673972.0'], 'State': 'unsubmitted', 'RecordedSite': False}, '60': {'Retries': 0, 'Restarts': 0, 'SiteHistory': ['Unknown'], 'ResidentSetSize': [0], 'SubmitTimes': [1747796714.0], 'StartTimes': [], 'EndTimes': [], 'TotalUserCpuTimeHistory': [0.0], 'TotalSysCpuTimeHistory': [0.0], 'WallDurations': [0], 'JobIds': ['83673973.0'], 'State': 'unsubmitted', 'RecordedSite': False}, '61': {'Retries': 0, 'Restarts': 0, 'SiteHistory': ['Unknown'], 'ResidentSetSize': [0], 'SubmitTimes': [1747796714.0], 'StartTimes': [], 'EndTimes': [], 'TotalUserCpuTimeHistory': [0.0], 'TotalSysCpuTimeHistory': [0.0], 'WallDurations': [0], 'JobIds': ['83673974.0'], 'State': 'unsubmitted', 'RecordedSite': False}, '50': {'Retries': 0, 'Restarts': 0, 'SiteHistory': ['Unknown'], 'ResidentSetSize': [0], 'SubmitTimes': [1747796714.0], 'StartTimes': [], 'EndTimes': [], 'TotalUserCpuTimeHistory': [0.0], 'TotalSysCpuTimeHistory': [0.0], 'WallDurations': [0], 'JobIds': ['83673975.0'], 'State': 'unsubmitted', 'RecordedSite': False}, '54': {'Retries': 0, 'Restarts': 0, 'SiteHistory': ['Unknown'], 'ResidentSetSize': [0], 'SubmitTimes': [1747796714.0], 'StartTimes': [], 'EndTimes': [], 'TotalUserCpuTimeHistory': [0.0], 'TotalSysCpuTimeHistory': [0.0], 'WallDurations': [0], 'JobIds': ['83673976.0'], 'State': 'unsubmitted', 'RecordedSite': False}, '59': {'Retries': 0, 'Restarts': 0, 'SiteHistory': ['Unknown'], 'ResidentSetSize': [0], 'SubmitTimes': [1747796714.0], 'StartTimes': [], 'EndTimes': [], 'TotalUserCpuTimeHistory': [0.0], 'TotalSysCpuTimeHistory': [0.0], 'WallDurations': [0], 'JobIds': ['83673977.0'], 'State': 'unsubmitted', 'RecordedSite': False}, '66': {'Retries': 0, 'Restarts': 0, 'SiteHistory': ['Unknown'], 'ResidentSetSize': [0], 'SubmitTimes': [1747796714.0], 'StartTimes': [], 'EndTimes': [], 'TotalUserCpuTimeHistory': [0.0], 'TotalSysCpuTimeHistory': [0.0], 'WallDurations': [0], 'JobIds': ['83673978.0'], 'State': 'unsubmitted', 'RecordedSite': False}, '64': {'Retries': 0, 'Restarts': 0, 'SiteHistory': ['Unknown'], 'ResidentSetSize': [0], 'SubmitTimes': [1747796714.0], 'StartTimes': [], 'EndTimes': [], 'TotalUserCpuTimeHistory': [0.0], 'TotalSysCpuTimeHistory': [0.0], 'WallDurations': [0], 'JobIds': ['83673979.0'], 'State': 'unsubmitted', 'RecordedSite': False}, '65': {'Retries': 0, 'Restarts': 0, 'SiteHistory': ['Unknown'], 'ResidentSetSize': [0], 'SubmitTimes': [1747796714.0], 'StartTimes': [], 'EndTimes': [], 'TotalUserCpuTimeHistory': [0.0], 'TotalSysCpuTimeHistory': [0.0], 'WallDurations': [0], 'JobIds': ['83673980.0'], 'State': 'unsubmitted', 'RecordedSite': False}, '62': {'Retries': 0, 'Restarts': 0, 'SiteHistory': ['Unknown'], 'ResidentSetSize': [0], 'SubmitTimes': [1747796714.0], 'StartTimes': [], 'EndTimes': [], 'TotalUserCpuTimeHistory': [0.0], 'TotalSysCpuTimeHistory': [0.0], 'WallDurations': [0], 'JobIds': ['83673981.0'], 'State': 'unsubmitted', 'RecordedSite': False}, '63': {'Retries': 0, 'Restarts': 0, 'SiteHistory': ['Unknown'], 'ResidentSetSize': [0], 'SubmitTimes': [1747796714.0], 'StartTimes': [], 'EndTimes': [], 'TotalUserCpuTimeHistory': [0.0], 'TotalSysCpuTimeHistory': [0.0], 'WallDurations': [0], 'JobIds': ['83673982.0'], 'State': 'unsubmitted', 'RecordedSite': False}, '67': {'Retries': 0, 'Restarts': 0, 'SiteHistory': ['Unknown'], 'ResidentSetSize': [0], 'SubmitTimes': [1747796714.0], 'StartTimes': [], 'EndTimes': [], 'TotalUserCpuTimeHistory': [0.0], 'TotalSysCpuTimeHistory': [0.0], 'WallDurations': [0], 'JobIds': ['83673983.0'], 'State': 'unsubmitted', 'RecordedSite': False}, '72': {'Retries': 0, 'Restarts': 0, 'SiteHistory': ['Unknown'], 'ResidentSetSize': [0], 'SubmitTimes': [1747796715.0], 'StartTimes': [], 'EndTimes': [], 'TotalUserCpuTimeHistory': [0.0], 'TotalSysCpuTimeHistory': [0.0], 'WallDurations': [0], 'JobIds': ['83673984.0'], 'State': 'unsubmitted', 'RecordedSite': False}, '75': {'Retries': 0, 'Restarts': 0, 'SiteHistory': ['Unknown'], 'ResidentSetSize': [0], 'SubmitTimes': [1747796715.0], 'StartTimes': [], 'EndTimes': [], 'TotalUserCpuTimeHistory': [0.0], 'TotalSysCpuTimeHistory': [0.0], 'WallDurations': [0], 'JobIds': ['83673985.0'], 'State': 'unsubmitted', 'RecordedSite': False}, '71': {'Retries': 0, 'Restarts': 0, 'SiteHistory': ['Unknown'], 'ResidentSetSize': [0], 'SubmitTimes': [1747796715.0], 'StartTimes': [], 'EndTimes': [], 'TotalUserCpuTimeHistory': [0.0], 'TotalSysCpuTimeHistory': [0.0], 'WallDurations': [0], 'JobIds': ['83673986.0'], 'State': 'unsubmitted', 'RecordedSite': False}, '74': {'Retries': 0, 'Restarts': 0, 'SiteHistory': ['Unknown'], 'ResidentSetSize': [0], 'SubmitTimes': [1747796715.0], 'StartTimes': [], 'EndTimes': [], 'TotalUserCpuTimeHistory': [0.0], 'TotalSysCpuTimeHistory': [0.0], 'WallDurations': [0], 'JobIds': ['83673987.0'], 'State': 'unsubmitted', 'RecordedSite': False}, '68': {'Retries': 0, 'Restarts': 0, 'SiteHistory': ['Unknown'], 'ResidentSetSize': [0], 'SubmitTimes': [1747796715.0], 'StartTimes': [], 'EndTimes': [], 'TotalUserCpuTimeHistory': [0.0], 'TotalSysCpuTimeHistory': [0.0], 'WallDurations': [0], 'JobIds': ['83673988.0'], 'State': 'unsubmitted', 'RecordedSite': False}, '69': {'Retries': 0, 'Restarts': 0, 'SiteHistory': ['Unknown'], 'ResidentSetSize': [0], 'SubmitTimes': [1747796715.0], 'StartTimes': [], 'EndTimes': [], 'TotalUserCpuTimeHistory': [0.0], 'TotalSysCpuTimeHistory': [0.0], 'WallDurations': [0], 'JobIds': ['83673989.0'], 'State': 'unsubmitted', 'RecordedSite': False}, '73': {'Retries': 0, 'Restarts': 0, 'SiteHistory': ['Unknown'], 'ResidentSetSize': [0], 'SubmitTimes': [1747796715.0], 'StartTimes': [], 'EndTimes': [], 'TotalUserCpuTimeHistory': [0.0], 'TotalSysCpuTimeHistory': [0.0], 'WallDurations': [0], 'JobIds': ['83673990.0'], 'State': 'unsubmitted', 'RecordedSite': False}, '78': {'Retries': 0, 'Restarts': 0, 'SiteHistory': ['Unknown'], 'ResidentSetSize': [0], 'SubmitTimes': [1747796715.0], 'StartTimes': [], 'EndTimes': [], 'TotalUserCpuTimeHistory': [0.0], 'TotalSysCpuTimeHistory': [0.0], 'WallDurations': [0], 'JobIds': ['83673991.0'], 'State': 'unsubmitted', 'RecordedSite': False}, '77': {'Retries': 0, 'Restarts': 0, 'SiteHistory': ['Unknown'], 'ResidentSetSize': [0], 'SubmitTimes': [1747796715.0], 'StartTimes': [], 'EndTimes': [], 'TotalUserCpuTimeHistory': [0.0], 'TotalSysCpuTimeHistory': [0.0], 'WallDurations': [0], 'JobIds': ['83673992.0'], 'State': 'unsubmitted', 'RecordedSite': False}, '76': {'Retries': 0, 'Restarts': 0, 'SiteHistory': ['Unknown'], 'ResidentSetSize': [0], 'SubmitTimes': [1747796715.0], 'StartTimes': [], 'EndTimes': [], 'TotalUserCpuTimeHistory': [0.0], 'TotalSysCpuTimeHistory': [0.0], 'WallDurations': [0], 'JobIds': ['83673993.0'], 'State': 'unsubmitted', 'RecordedSite': False}, '70': {'Retries': 0, 'Restarts': 0, 'SiteHistory': ['Unknown'], 'ResidentSetSize': [0], 'SubmitTimes': [1747796715.0], 'StartTimes': [], 'EndTimes': [], 'TotalUserCpuTimeHistory': [0.0], 'TotalSysCpuTimeHistory': [0.0], 'WallDurations': [0], 'JobIds': ['83673994.0'], 'State': 'unsubmitted', 'RecordedSite': False}, '83': {'Retries': 0, 'Restarts': 0, 'SiteHistory': ['Unknown'], 'ResidentSetSize': [0], 'SubmitTimes': [1747796715.0], 'StartTimes': [], 'EndTimes': [], 'TotalUserCpuTimeHistory': [0.0], 'TotalSysCpuTimeHistory': [0.0], 'WallDurations': [0], 'JobIds': ['83673995.0'], 'State': 'unsubmitted', 'RecordedSite': False}, '79': {'Retries': 0, 'Restarts': 0, 'SiteHistory': ['Unknown'], 'ResidentSetSize': [0], 'SubmitTimes': [1747796715.0], 'StartTimes': [], 'EndTimes': [], 'TotalUserCpuTimeHistory': [0.0], 'TotalSysCpuTimeHistory': [0.0], 'WallDurations': [0], 'JobIds': ['83673996.0'], 'State': 'unsubmitted', 'RecordedSite': False}, '82': {'Retries': 0, 'Restarts': 0, 'SiteHistory': ['Unknown'], 'ResidentSetSize': [0], 'SubmitTimes': [1747796715.0], 'StartTimes': [], 'EndTimes': [], 'TotalUserCpuTimeHistory': [0.0], 'TotalSysCpuTimeHistory': [0.0], 'WallDurations': [0], 'JobIds': ['83673997.0'], 'State': 'unsubmitted', 'RecordedSite': False}, '87': {'Retries': 0, 'Restarts': 0, 'SiteHistory': ['Unknown'], 'ResidentSetSize': [0], 'SubmitTimes': [1747796715.0], 'StartTimes': [], 'EndTimes': [], 'TotalUserCpuTimeHistory': [0.0], 'TotalSysCpuTimeHistory': [0.0], 'WallDurations': [0], 'JobIds': ['83673998.0'], 'State': 'unsubmitted', 'RecordedSite': False}, '81': {'Retries': 0, 'Restarts': 0, 'SiteHistory': ['Unknown'], 'ResidentSetSize': [0], 'SubmitTimes': [1747796715.0], 'StartTimes': [], 'EndTimes': [], 'TotalUserCpuTimeHistory': [0.0], 'TotalSysCpuTimeHistory': [0.0], 'WallDurations': [0], 'JobIds': ['83673999.0'], 'State': 'unsubmitted', 'RecordedSite': False}, '85': {'Retries': 0, 'Restarts': 0, 'SiteHistory': ['Unknown'], 'ResidentSetSize': [0], 'SubmitTimes': [1747796715.0], 'StartTimes': [], 'EndTimes': [], 'TotalUserCpuTimeHistory': [0.0], 'TotalSysCpuTimeHistory': [0.0], 'WallDurations': [0], 'JobIds': ['83674000.0'], 'State': 'unsubmitted', 'RecordedSite': False}, '89': {'Retries': 0, 'Restarts': 0, 'SiteHistory': ['Unknown'], 'ResidentSetSize': [0], 'SubmitTimes': [1747796715.0], 'StartTimes': [], 'EndTimes': [], 'TotalUserCpuTimeHistory': [0.0], 'TotalSysCpuTimeHistory': [0.0], 'WallDurations': [0], 'JobIds': ['83674001.0'], 'State': 'unsubmitted', 'RecordedSite': False}, '94': {'Retries': 0, 'Restarts': 0, 'SiteHistory': ['Unknown'], 'ResidentSetSize': [0], 'SubmitTimes': [1747796715.0], 'StartTimes': [], 'EndTimes': [], 'TotalUserCpuTimeHistory': [0.0], 'TotalSysCpuTimeHistory': [0.0], 'WallDurations': [0], 'JobIds': ['83674002.0'], 'State': 'unsubmitted', 'RecordedSite': False}, '88': {'Retries': 0, 'Restarts': 0, 'SiteHistory': ['Unknown'], 'ResidentSetSize': [0], 'SubmitTimes': [1747796715.0], 'StartTimes': [], 'EndTimes': [], 'TotalUserCpuTimeHistory': [0.0], 'TotalSysCpuTimeHistory': [0.0], 'WallDurations': [0], 'JobIds': ['83674003.0'], 'State': 'unsubmitted', 'RecordedSite': False}, '91': {'Retries': 0, 'Restarts': 0, 'SiteHistory': ['Unknown'], 'ResidentSetSize': [0], 'SubmitTimes': [1747796715.0], 'StartTimes': [], 'EndTimes': [], 'TotalUserCpuTimeHistory': [0.0], 'TotalSysCpuTimeHistory': [0.0], 'WallDurations': [0], 'JobIds': ['83674004.0'], 'State': 'unsubmitted', 'RecordedSite': False}, '80': {'Retries': 0, 'Restarts': 0, 'SiteHistory': ['Unknown'], 'ResidentSetSize': [0], 'SubmitTimes': [1747796715.0], 'StartTimes': [], 'EndTimes': [], 'TotalUserCpuTimeHistory': [0.0], 'TotalSysCpuTimeHistory': [0.0], 'WallDurations': [0], 'JobIds': ['83674005.0'], 'State': 'unsubmitted', 'RecordedSite': False}, '95': {'Retries': 0, 'Restarts': 0, 'SiteHistory': ['Unknown'], 'ResidentSetSize': [0], 'SubmitTimes': [1747796715.0], 'StartTimes': [], 'EndTimes': [], 'TotalUserCpuTimeHistory': [0.0], 'TotalSysCpuTimeHistory': [0.0], 'WallDurations': [0], 'JobIds': ['83674006.0'], 'State': 'unsubmitted', 'RecordedSite': False}, '93': {'Retries': 0, 'Restarts': 0, 'SiteHistory': ['Unknown'], 'ResidentSetSize': [0], 'SubmitTimes': [1747796715.0], 'StartTimes': [], 'EndTimes': [], 'TotalUserCpuTimeHistory': [0.0], 'TotalSysCpuTimeHistory': [0.0], 'WallDurations': [0], 'JobIds': ['83674007.0'], 'State': 'unsubmitted', 'RecordedSite': False}, '84': {'Retries': 0, 'Restarts': 0, 'SiteHistory': ['Unknown'], 'ResidentSetSize': [0], 'SubmitTimes': [1747796715.0], 'StartTimes': [], 'EndTimes': [], 'TotalUserCpuTimeHistory': [0.0], 'TotalSysCpuTimeHistory': [0.0], 'WallDurations': [0], 'JobIds': ['83674008.0'], 'State': 'unsubmitted', 'RecordedSite': False}, '96': {'Retries': 0, 'Restarts': 0, 'SiteHistory': ['Unknown'], 'ResidentSetSize': [0], 'SubmitTimes': [1747796715.0], 'StartTimes': [], 'EndTimes': [], 'TotalUserCpuTimeHistory': [0.0], 'TotalSysCpuTimeHistory': [0.0], 'WallDurations': [0], 'JobIds': ['83674009.0'], 'State': 'unsubmitted', 'RecordedSite': False}, '97': {'Retries': 0, 'Restarts': 0, 'SiteHistory': ['Unknown'], 'ResidentSetSize': [0], 'SubmitTimes': [1747796716.0], 'StartTimes': [], 'EndTimes': [], 'TotalUserCpuTimeHistory': [0.0], 'TotalSysCpuTimeHistory': [0.0], 'WallDurations': [0], 'JobIds': ['83674010.0'], 'State': 'unsubmitted', 'RecordedSite': False}, '86': {'Retries': 0, 'Restarts': 0, 'SiteHistory': ['Unknown'], 'ResidentSetSize': [0], 'SubmitTimes': [1747796716.0], 'StartTimes': [], 'EndTimes': [], 'TotalUserCpuTimeHistory': [0.0], 'TotalSysCpuTimeHistory': [0.0], 'WallDurations': [0], 'JobIds': ['83674011.0'], 'State': 'unsubmitted', 'RecordedSite': False}, '21': {'Retries': 0, 'Restarts': 0, 'SiteHistory': ['Unknown'], 'ResidentSetSize': [0], 'SubmitTimes': [1747796716.0], 'StartTimes': [], 'EndTimes': [], 'TotalUserCpuTimeHistory': [0.0], 'TotalSysCpuTimeHistory': [0.0], 'WallDurations': [0], 'JobIds': ['83674012.0'], 'State': 'unsubmitted', 'RecordedSite': False}, '92': {'Retries': 0, 'Restarts': 0, 'SiteHistory': ['Unknown'], 'ResidentSetSize': [0], 'SubmitTimes': [1747796716.0], 'StartTimes': [], 'EndTimes': [], 'TotalUserCpuTimeHistory': [0.0], 'TotalSysCpuTimeHistory': [0.0], 'WallDurations': [0], 'JobIds': ['83674013.0'], 'State': 'unsubmitted', 'RecordedSite': False}, '90': {'Retries': 0, 'Restarts': 0, 'SiteHistory': ['Unknown'], 'ResidentSetSize': [0], 'SubmitTimes': [1747796716.0], 'StartTimes': [], 'EndTimes': [], 'TotalUserCpuTimeHistory': [0.0], 'TotalSysCpuTimeHistory': [0.0], 'WallDurations': [0], 'JobIds': ['83674014.0'], 'State': 'unsubmitted', 'RecordedSite': False}}
INFO 2025-05-21 03:06:22.667 UTC: 	 Status on the scheduler:	SUBMITTED
INFO 2025-05-21 03:06:22.667 UTC: 	 
Jobs status:                    unsubmitted  		100.0% (97/97)
INFO 2025-05-21 03:06:22.667 UTC: 	 
No publication information (publication has been disabled in the CRAB configuration file)
INFO 2025-05-21 03:06:22.669 UTC: 	 Log file is /afs/cern.ch/user/a/amalhotr/CMSSW_14_0_18_patch1/src/Run3ScoutingAnalysisTools/crab_RealData_noLFNDirectory_All_v0/crab.log
DEBUG 2025-05-22 20:49:52.101 UTC: 	 CRAB Client version: v3.250409
DEBUG 2025-05-22 20:49:52.101 UTC: 	 Running on: Linux lxplus978.cern.ch 5.14.0-503.34.1.el9_5.x86_64 #1 SMP PREEMPT_DYNAMIC Mon Mar 17 21:49:47 EDT 2025 x86_64 x86_64 x86_64 GNU/Linux
DEBUG 2025-05-22 20:49:52.101 UTC: 	 Not using Singularity
DEBUG 2025-05-22 20:49:52.101 UTC: 	 Operating System: Red Hat Enterprise Linux 9.6 (Plow)
DEBUG 2025-05-22 20:49:52.101 UTC: 	 Executing command: 'status'
DEBUG 2025-05-22 20:49:52.101 UTC: 	 Found CRAB cache file /afs/cern.ch/user/a/amalhotr/.crab3
DEBUG 2025-05-22 20:49:52.193 UTC: 	 Checking credentials
DEBUG 2025-05-22 20:49:52.193 UTC: 	 Found proxy file /tmp/x509up_u180451
DEBUG 2025-05-22 20:49:52.193 UTC: 	 Making sure it has proper VOMS extension
DEBUG 2025-05-22 20:49:52.193 UTC: 	 Executing command :
 voms-proxy-info --vo --file /tmp/x509up_u180451
DEBUG 2025-05-22 20:49:52.561 UTC: 	 output : cms

 error: 
 retcode : 0
DEBUG 2025-05-22 20:49:52.562 UTC: 	 Getting proxy life time left
DEBUG 2025-05-22 20:49:52.562 UTC: 	 Executing command :
 voms-proxy-info --actimeleft --timeleft --file /tmp/x509up_u180451
DEBUG 2025-05-22 20:49:52.900 UTC: 	 output : 682735
682734

 error: 
 retcode : 0
DEBUG 2025-05-22 20:49:52.900 UTC: 	 Proxy valid for 189:38:54 hours
DEBUG 2025-05-22 20:49:52.900 UTC: 	 Encoded data for curl request: subresource=delegatedn
DEBUG 2025-05-22 20:49:52.943 UTC: 	 Registering user credentials on myproxy for /DC=ch/DC=cern/OU=computers/CN=crab-(preprod|prod)-tw(01|02).cern.ch|/DC=ch/DC=cern/OU=computers/CN=crab-dev-tw(01|02|03|04).cern.ch|/DC=ch/DC=cern/OU=Organic Units/OU=Users/CN=cmscrab/CN=(817881|373708)/CN=Robot: cms crab|/DC=ch/DC=cern/OU=Organic Units/OU=Users/CN=crabint1/CN=373708/CN=Robot: CMS CRAB Integration 1
DEBUG 2025-05-22 20:49:52.943 UTC: 	 Executing command :
 voms-proxy-info --identity --file /tmp/x509up_u180451
DEBUG 2025-05-22 20:49:53.292 UTC: 	 output : /DC=ch/DC=cern/OU=Organic Units/OU=Users/CN=amalhotr/CN=884837/CN=Aryan Malhotra

 error: 
 retcode : 0
DEBUG 2025-05-22 20:49:53.292 UTC: 	 Getting myproxy life time left for 2382a3cf28fdeacb1de9b039908761ea517a5ed6
DEBUG 2025-05-22 20:49:53.292 UTC: 	 Executing command :
 myproxy-info -s myproxy.cern.ch -l 2382a3cf28fdeacb1de9b039908761ea517a5ed6
DEBUG 2025-05-22 20:49:53.574 UTC: 	 output : username: 2382a3cf28fdeacb1de9b039908761ea517a5ed6
owner: /DC=ch/DC=cern/OU=Organic Units/OU=Users/CN=amalhotr/CN=884837/CN=Aryan Malhotra
  renewal policy: /DC=ch/DC=cern/OU=computers/CN=crab-(preprod|prod)-tw(01|02).cern.ch|/DC=ch/DC=cern/OU=computers/CN=crab-dev-tw(01|02|03|04).cern.ch|/DC=ch/DC=cern/OU=Organic Units/OU=Users/CN=cmscrab/CN=(817881|373708)/CN=Robot: cms crab|/DC=ch/DC=cern/OU=Organic Units/OU=Users/CN=crabint1/CN=373708/CN=Robot: CMS CRAB Integration 1
  trusted retrieval policy: /DC=ch/DC=cern/OU=computers/CN=crab-(preprod|prod)-tw(01|02).cern.ch|/DC=ch/DC=cern/OU=computers/CN=crab-dev-tw(01|02|03|04).cern.ch|/DC=ch/DC=cern/OU=Organic Units/OU=Users/CN=cmscrab/CN=(817881|373708)/CN=Robot: cms crab|/DC=ch/DC=cern/OU=Organic Units/OU=Users/CN=crabint1/CN=373708/CN=Robot: CMS CRAB Integration 1
  timeleft: 538:03:40  (22.4 days)

 error: 
 retcode : 0
DEBUG 2025-05-22 20:49:53.574 UTC: 	 Myproxy is valid: 1936980
DEBUG 2025-05-22 20:49:53.574 UTC: 	 Result of myproxy credential check:
  Credential exists on myproxy: username: 2382a3cf28fdeacb1de9b039908761ea517a5ed6  - validity: 22 days, 10:03:00
DEBUG 2025-05-22 20:49:53.574 UTC: 	 Retrieving username ...
DEBUG 2025-05-22 20:49:53.574 UTC: 	 Retrieving username from CRIC...
DEBUG 2025-05-22 20:49:54.382 UTC: 	 username is amalhotr
INFO 2025-05-22 20:49:54.992 UTC: 	 Rucio client intialized for account amalhotr
DEBUG 2025-05-22 20:49:54.992 UTC: 	 Command use: status
DEBUG 2025-05-22 20:49:54.993 UTC: 	 Options use: ['-d', './crab_RealData_noLFNDirectory_All_v0']
DEBUG 2025-05-22 20:49:54.993 UTC: 	 Encoded data for curl request: subresource=version
DEBUG 2025-05-22 20:49:55.038 UTC: 	 CRABClient version: v3.250409
DEBUG 2025-05-22 20:49:55.038 UTC: 	 Instance is prod
DEBUG 2025-05-22 20:49:55.038 UTC: 	 Server base url is cmsweb.cern.ch
DEBUG 2025-05-22 20:49:55.038 UTC: 	 Command api workflow
DEBUG 2025-05-22 20:49:55.039 UTC: 	 Encoded data for curl request: subresource=search&workflow=250521_030302%3Aamalhotr_crab_RealData_noLFNDirectory_All_v0
DEBUG 2025-05-22 20:49:55.080 UTC: 	 Got information from server oracle database: {'desc': {'columns': ['tm_taskname', 'tm_activity', 'tm_task_status', 'tm_task_command', 'tm_start_time', 'tm_start_injection', 'tm_end_injection', 'tm_task_failure', 'tm_job_sw', 'tm_job_arch', 'tm_input_dataset', 'tm_nonvalid_input_dataset', 'tm_use_parent', 'tm_site_whitelist', 'tm_site_blacklist', 'tm_split_algo', 'tm_split_args', 'tm_user_sandbox', 'tm_cache_url', 'tm_username', 'tm_user_dn', 'tm_user_vo', 'tm_user_role', 'tm_user_group', 'tm_publish_name', 'tm_publish_groupname', 'tm_asyncdest', 'tm_dbs_url', 'tm_publish_dbs_url', 'tm_publication', 'tm_outfiles', 'tm_tfile_outfiles', 'tm_edm_outfiles', 'tm_job_type', 'tm_generator', 'tm_events_per_lumi', 'tm_arguments', 'tm_save_logs', 'tw_name', 'tm_user_infiles', 'tm_maxjobruntime', 'tm_numcores', 'tm_maxmemory', 'tm_priority', 'tm_output_dataset', 'tm_task_warnings', 'tm_user_webdir', 'tm_scriptexe', 'tm_scriptargs', 'tm_extrajdl', 'tm_collector', 'tm_schedd', 'tm_dry_run', 'tm_user_files', 'tm_transfer_outputs', 'tm_output_lfn', 'tm_ignore_locality', 'tm_fail_limit', 'tm_one_event_mode', 'tm_secondary_input_dataset', 'tm_primary_dataset', 'tm_last_publication', 'tm_debug_files', 'clusterid', 'tm_ignore_global_blacklist', 'tm_submitter_ip_addr', 'tm_totalunits', 'tm_ddm_reqid', 'tm_user_config', 'tm_transfer_container', 'tm_transfer_rule', 'tm_publish_rule', 'tm_multipub_rule', 'tm_job_min_microarch', 'tm_dagman_status', 'tm_num_jobs', 'tm_uploaded']}, 'result': ['250521_030302:amalhotr_crab_RealData_noLFNDirectory_All_v0', 'None', 'SUBMITTED', 'SUBMIT', '2025-05-21 03:03:02.965189', 'None', '2025-05-21 03:04:03.782853', 'None', 'CMSSW_14_0_18_patch1', 'el9_amd64_gcc12', '/ScoutingPFRun3/Run2024H-v1/HLTSCOUT', 'T', '0', '[]', '[]', 'EventAwareLumiBased', "{'halt_job_on_file_boundaries': False, 'splitOnRun': False, 'events_per_job': 50000, 'runs': [], 'lumis': []}", '149aeb288c8e15d883a9b4e5f26f7e7a087780c40c66e337ffe04f370d00d347.tar.gz', 'https://cmsweb.cern.ch/S3/crabcache_prod', 'amalhotr', '/DC=ch/DC=cern/OU=Organic Units/OU=Users/CN=amalhotr/CN=884837/CN=Aryan Malhotra', 'cms', 'None', 'None', 'RealData_noLFNDirectory_All_v0-00000000000000000000000000000000', 'F', 'T3_CH_CERNBOX', 'https://cmsweb.cern.ch/dbs/prod/global/DBSReader', 'https://cmsweb.cern.ch/dbs/prod/phys03/DBSWriter', 'F', '[]', "['DY2M_ScoutingTree_Output.root']", '[]', 'Analysis', 'pythia', 'None', '{}', 'T', 'crab-prod-tw01', '[]', '2000', '1', '2000', '10', "['/FakeDataset/fakefile-FakePublish-4984a691271e293321e428a6bea06f3a/USER']", '[]', 'http://vocms0199.cern.ch/mon/amalhotr/250521_030302:amalhotr_crab_RealData_noLFNDirectory_All_v0', 'None', '[]', '[]', 'cmsgwms-collector-global.cern.ch:9620,cmsgwms-collector-global.fnal.gov:9620', 'crab3@vocms0199.cern.ch', 'F', '[]', 'T', '/store/user/amalhotr/', 'F', 'None', 'F', 'None', 'ScoutingPFRun3', 'None', 'd77d89e7146ffad8947fe88042c205238623eae18d89ea6493b86bb4420e2db0.tar.gz', '83673723', 'F', '188.185.89.194', '50000000.0', 'None', '{"partialdataset": false, "requireaccelerator": false, "acceleratorparams": null, "inputblocks": null}', 'None', 'None', 'None', 'None', 'any', 'RUNNING', '97', 'F']}
INFO 2025-05-22 20:49:55.080 UTC: 	 CRAB project directory:		/afs/cern.ch/user/a/amalhotr/CMSSW_14_0_18_patch1/src/Run3ScoutingAnalysisTools/crab_RealData_noLFNDirectory_All_v0
INFO 2025-05-22 20:49:55.081 UTC: 	 Task name:			250521_030302:amalhotr_crab_RealData_noLFNDirectory_All_v0
INFO 2025-05-22 20:49:55.081 UTC: 	 Grid scheduler - Task Worker:	crab3@vocms0199.cern.ch - crab-prod-tw01
INFO 2025-05-22 20:49:55.081 UTC: 	 Status on the CRAB server:	SUBMITTED
INFO 2025-05-22 20:49:55.081 UTC: 	 Task URL to use for HELP:	https://cmsweb.cern.ch/crabserver/ui/task/250521_030302%3Aamalhotr_crab_RealData_noLFNDirectory_All_v0
INFO 2025-05-22 20:49:55.087 UTC: 	 Dashboard monitoring URL:	https://monit-grafana.cern.ch/d/cmsTMDetail/cms-task-monitoring-task-view?orgId=11&var-user=amalhotr&var-task=250521_030302%3Aamalhotr_crab_RealData_noLFNDirectory_All_v0&from=1747792982000&to=now
DEBUG 2025-05-22 20:49:55.087 UTC: 	 The CRAB server submitted your task to the Grid scheduler (cluster ID: 83673723)
DEBUG 2025-05-22 20:49:55.087 UTC: 	 Webdir is located at http://vocms0199.cern.ch/mon/amalhotr/250521_030302:amalhotr_crab_RealData_noLFNDirectory_All_v0
DEBUG 2025-05-22 20:49:55.087 UTC: 	 Encoded data for curl request: subresource=webdirprx&workflow=250521_030302%3Aamalhotr_crab_RealData_noLFNDirectory_All_v0
DEBUG 2025-05-22 20:49:55.144 UTC: 	 Proxied webdir is located at https://cmsweb.cern.ch/scheddmon/0199/amalhotr/250521_030302:amalhotr_crab_RealData_noLFNDirectory_All_v0
DEBUG 2025-05-22 20:49:55.144 UTC: 	 Retrieving 'status_cache' file from https://cmsweb.cern.ch/scheddmon/0199/amalhotr/250521_030302:amalhotr_crab_RealData_noLFNDirectory_All_v0/status_cache.pkl
DEBUG 2025-05-22 20:49:55.144 UTC: 	 Will execute:
curl -sS --capath /etc/grid-security/certificates --cert /tmp/x509up_u180451 --key /tmp/x509up_u180451 -o /tmp/crab_status-cache-ygkcs6la.pkl -w %"{http_code}" "https://cmsweb.cern.ch/scheddmon/0199/amalhotr/250521_030302:amalhotr_crab_RealData_noLFNDirectory_All_v0/status_cache.pkl"
DEBUG 2025-05-22 20:49:55.144 UTC: 	 Executing command :
 curl -sS --capath /etc/grid-security/certificates --cert /tmp/x509up_u180451 --key /tmp/x509up_u180451 -o /tmp/crab_status-cache-ygkcs6la.pkl -w %"{http_code}" "https://cmsweb.cern.ch/scheddmon/0199/amalhotr/250521_030302:amalhotr_crab_RealData_noLFNDirectory_All_v0/status_cache.pkl"
DEBUG 2025-05-22 20:49:55.186 UTC: 	 output : 200
 error: 
 retcode : 0
DEBUG 2025-05-22 20:49:55.187 UTC: 	 exitcode: 0
stdout: 200
stderr: 
error details: 
DEBUG 2025-05-22 20:49:55.188 UTC: 	 Got information from status cache file: {'10': {'Retries': 0, 'Restarts': 0, 'SiteHistory': ['Unknown', 'T2_IT_Legnaro', 'T2_IT_Legnaro'], 'ResidentSetSize': [1115452], 'SubmitTimes': [1747796712.0], 'StartTimes': [1747796920.0], 'EndTimes': [1747832131.0], 'TotalUserCpuTimeHistory': [32954], 'TotalSysCpuTimeHistory': [23], 'WallDurations': [9.0, 153.0392587184906, 35211.0], 'JobIds': ['83673918.0'], 'State': 'finished', 'RecordedSite': True}, '11': {'Retries': 0, 'Restarts': 0, 'SiteHistory': ['Unknown', 'T2_IT_Legnaro', 'T2_IT_Legnaro'], 'ResidentSetSize': [1204144], 'SubmitTimes': [1747796712.0], 'StartTimes': [1747796920.0], 'EndTimes': [1747797000.0], 'TotalUserCpuTimeHistory': [24], 'TotalSysCpuTimeHistory': [10], 'WallDurations': [80.0, 153.0392587184906, 153.0392587184906], 'JobIds': ['83673919.0'], 'State': 'finished', 'RecordedSite': True}, '5': {'Retries': 0, 'Restarts': 0, 'SiteHistory': ['Unknown', 'T2_IT_Legnaro', 'T2_IT_Legnaro'], 'ResidentSetSize': [1112120], 'SubmitTimes': [1747796712.0], 'StartTimes': [1747796935.0], 'EndTimes': [1747797052.0], 'TotalUserCpuTimeHistory': [23], 'TotalSysCpuTimeHistory': [11], 'WallDurations': [117.0, 138.0392587184906, 138.0392587184906], 'JobIds': ['83673920.0'], 'State': 'finished', 'RecordedSite': True}, '1': {'Retries': 0, 'Restarts': 0, 'SiteHistory': ['Unknown', 'T2_IT_Legnaro', 'T2_IT_Legnaro'], 'ResidentSetSize': [1249488], 'SubmitTimes': [1747796712.0], 'StartTimes': [1747796935.0], 'EndTimes': [], 'TotalUserCpuTimeHistory': [112494.0], 'TotalSysCpuTimeHistory': [28.0], 'WallDurations': [8.0, 138.0392587184906, 120013.0], 'JobIds': ['83673921.0'], 'State': 'failed', 'RecordedSite': True, 'Error': [50664, 'Not retrying job due to wall clock limit (job automatically killed on the worker node)', {}]}, '16': {'Retries': 0, 'Restarts': 0, 'SiteHistory': ['Unknown', 'T2_IT_Legnaro', 'T2_IT_Legnaro'], 'ResidentSetSize': [1151000], 'SubmitTimes': [1747796712.0], 'StartTimes': [1747796920.0], 'EndTimes': [], 'TotalUserCpuTimeHistory': [112131.0], 'TotalSysCpuTimeHistory': [52.0], 'WallDurations': [9.0, 153.0392587184906, 120019.0], 'JobIds': ['83673922.0'], 'State': 'failed', 'RecordedSite': True, 'Error': [50664, 'Not retrying job due to wall clock limit (job automatically killed on the worker node)', {}]}, '9': {'Retries': 0, 'Restarts': 0, 'SiteHistory': ['Unknown', 'T2_IT_Legnaro', 'T2_IT_Legnaro'], 'ResidentSetSize': [1204664], 'SubmitTimes': [1747796712.0], 'StartTimes': [1747796920.0], 'EndTimes': [1747799289.0], 'TotalUserCpuTimeHistory': [2193], 'TotalSysCpuTimeHistory': [5], 'WallDurations': [9.0, 153.0392587184906, 2369.0], 'JobIds': ['83673923.0'], 'State': 'finished', 'RecordedSite': True}, '20': {'Retries': 0, 'Restarts': 0, 'SiteHistory': ['Unknown', 'T2_IT_Legnaro', 'T2_IT_Legnaro'], 'ResidentSetSize': [1244504], 'SubmitTimes': [1747796712.0], 'StartTimes': [1747796920.0], 'EndTimes': [], 'TotalUserCpuTimeHistory': [113422.0], 'TotalSysCpuTimeHistory': [44.0], 'WallDurations': [9.0, 153.0392587184906, 120027.0], 'JobIds': ['83673924.0'], 'State': 'failed', 'RecordedSite': True, 'Error': [50664, 'Not retrying job due to wall clock limit (job automatically killed on the worker node)', {}]}, '17': {'Retries': 0, 'Restarts': 0, 'SiteHistory': ['Unknown', 'T2_IT_Legnaro', 'T2_IT_Legnaro'], 'ResidentSetSize': [1181904], 'SubmitTimes': [1747796712.0], 'StartTimes': [1747796921.0], 'EndTimes': [], 'TotalUserCpuTimeHistory': [112193.0], 'TotalSysCpuTimeHistory': [51.0], 'WallDurations': [9.0, 152.0392587184906, 120041.0], 'JobIds': ['83673925.0'], 'State': 'failed', 'RecordedSite': True, 'Error': [50664, 'Not retrying job due to wall clock limit (job automatically killed on the worker node)', {}]}, '3': {'Retries': 0, 'Restarts': 0, 'SiteHistory': ['Unknown', 'T2_IT_Legnaro', 'T2_IT_Legnaro'], 'ResidentSetSize': [1265840], 'SubmitTimes': [1747796712.0], 'StartTimes': [1747796935.0], 'EndTimes': [], 'TotalUserCpuTimeHistory': [111729.0], 'TotalSysCpuTimeHistory': [44.0], 'WallDurations': [8.0, 138.0392587184906, 120014.0], 'JobIds': ['83673926.0'], 'State': 'failed', 'RecordedSite': True, 'Error': [50664, 'Not retrying job due to wall clock limit (job automatically killed on the worker node)', {}]}, '6': {'Retries': 0, 'Restarts': 0, 'SiteHistory': ['Unknown', 'T2_IT_Legnaro', 'T2_IT_Legnaro'], 'ResidentSetSize': [1193340], 'SubmitTimes': [1747796712.0], 'StartTimes': [1747796920.0], 'EndTimes': [1747797004.0], 'TotalUserCpuTimeHistory': [27], 'TotalSysCpuTimeHistory': [8], 'WallDurations': [84.0, 153.0392587184906, 153.0392587184906], 'JobIds': ['83673927.0'], 'State': 'finished', 'RecordedSite': True}, '15': {'Retries': 0, 'Restarts': 0, 'SiteHistory': ['Unknown', 'T2_IT_Legnaro', 'T2_IT_Legnaro'], 'ResidentSetSize': [1283992], 'SubmitTimes': [1747796712.0], 'StartTimes': [1747796920.0], 'EndTimes': [], 'TotalUserCpuTimeHistory': [113538.0], 'TotalSysCpuTimeHistory': [47.0], 'WallDurations': [9.0, 153.0392587184906, 120053.0], 'JobIds': ['83673928.0'], 'State': 'failed', 'RecordedSite': True, 'Error': [50664, 'Not retrying job due to wall clock limit (job automatically killed on the worker node)', {}]}, '14': {'Retries': 0, 'Restarts': 0, 'SiteHistory': ['Unknown', 'T2_IT_Legnaro', 'T2_IT_Legnaro'], 'ResidentSetSize': [1279876], 'SubmitTimes': [1747796712.0], 'StartTimes': [1747796921.0], 'EndTimes': [], 'TotalUserCpuTimeHistory': [112975.0], 'TotalSysCpuTimeHistory': [38.0], 'WallDurations': [9.0, 152.0392587184906, 120034.0], 'JobIds': ['83673929.0'], 'State': 'failed', 'RecordedSite': True, 'Error': [50664, 'Not retrying job due to wall clock limit (job automatically killed on the worker node)', {}]}, '4': {'Retries': 0, 'Restarts': 1, 'SiteHistory': ['Unknown', 'T2_IT_Legnaro', 'T2_IT_Legnaro', 'Unknown', 'T2_IT_Legnaro'], 'ResidentSetSize': [1306004, 0], 'SubmitTimes': [1747796712.0, -1], 'StartTimes': [1747796934.0, 1747905493.0], 'EndTimes': [1747905097.0], 'TotalUserCpuTimeHistory': [101099.0, 0.0], 'TotalSysCpuTimeHistory': [30.0, 0.0], 'WallDurations': [9.0, 139.0392587184906, 108163.0, 0, 150.0797483921051], 'JobIds': ['83673930.0', '83673930.0'], 'State': 'running', 'RecordedSite': True}, '2': {'Retries': 0, 'Restarts': 1, 'SiteHistory': ['Unknown', 'T2_IT_Legnaro', 'T2_IT_Legnaro', 'Unknown', 'T2_IT_Legnaro'], 'ResidentSetSize': [1269416, 0], 'SubmitTimes': [1747796712.0, -1], 'StartTimes': [1747796934.0, 1747908807.0], 'EndTimes': [1747908209.0], 'TotalUserCpuTimeHistory': [104713.0, 0.0], 'TotalSysCpuTimeHistory': [32.0, 0.0], 'WallDurations': [9.0, 139.0392587184906, 111275.0, 0, 153.22288489341736], 'JobIds': ['83673931.0', '83673931.0'], 'State': 'running', 'RecordedSite': True}, '18': {'Retries': 0, 'Restarts': 0, 'SiteHistory': ['Unknown', 'T2_IT_Legnaro', 'T2_IT_Legnaro'], 'ResidentSetSize': [1262012], 'SubmitTimes': [1747796712.0], 'StartTimes': [1747796921.0], 'EndTimes': [], 'TotalUserCpuTimeHistory': [113416.0], 'TotalSysCpuTimeHistory': [41.0], 'WallDurations': [8.0, 152.0392587184906, 120033.0], 'JobIds': ['83673932.0'], 'State': 'failed', 'RecordedSite': True, 'Error': [50664, 'Not retrying job due to wall clock limit (job automatically killed on the worker node)', {}]}, '7': {'Retries': 0, 'Restarts': 0, 'SiteHistory': ['Unknown', 'T2_IT_Legnaro', 'T2_IT_Legnaro'], 'ResidentSetSize': [129700], 'SubmitTimes': [1747796713.0], 'StartTimes': [1747796920.0], 'EndTimes': [1747797005.0], 'TotalUserCpuTimeHistory': [23], 'TotalSysCpuTimeHistory': [7], 'WallDurations': [85.0, 153.0392587184906, 153.0392587184906], 'JobIds': ['83673933.0'], 'State': 'finished', 'RecordedSite': True}, '13': {'Retries': 0, 'Restarts': 0, 'SiteHistory': ['Unknown', 'T2_IT_Legnaro', 'T2_IT_Legnaro'], 'ResidentSetSize': [94504], 'SubmitTimes': [1747796713.0], 'StartTimes': [1747796921.0], 'EndTimes': [1747797123.0], 'TotalUserCpuTimeHistory': [108], 'TotalSysCpuTimeHistory': [4], 'WallDurations': [8.0, 152.0392587184906, 202.0], 'JobIds': ['83673934.0'], 'State': 'finished', 'RecordedSite': True}, '22': {'Retries': 0, 'Restarts': 0, 'SiteHistory': ['Unknown', 'T2_IT_Legnaro', 'T2_IT_Legnaro'], 'ResidentSetSize': [1243008], 'SubmitTimes': [1747796713.0], 'StartTimes': [1747796920.0], 'EndTimes': [], 'TotalUserCpuTimeHistory': [111731.0], 'TotalSysCpuTimeHistory': [37.0], 'WallDurations': [8.0, 153.0392587184906, 120023.0], 'JobIds': ['83673935.0'], 'State': 'failed', 'RecordedSite': True, 'Error': [50664, 'Not retrying job due to wall clock limit (job automatically killed on the worker node)', {}]}, '19': {'Retries': 0, 'Restarts': 0, 'SiteHistory': ['Unknown', 'T2_IT_Legnaro', 'T2_IT_Legnaro'], 'ResidentSetSize': [1245304], 'SubmitTimes': [1747796713.0], 'StartTimes': [1747796920.0], 'EndTimes': [], 'TotalUserCpuTimeHistory': [112595.0], 'TotalSysCpuTimeHistory': [54.0], 'WallDurations': [8.0, 153.0392587184906, 120027.0], 'JobIds': ['83673936.0'], 'State': 'failed', 'RecordedSite': True, 'Error': [50664, 'Not retrying job due to wall clock limit (job automatically killed on the worker node)', {}]}, '8': {'Retries': 0, 'Restarts': 0, 'SiteHistory': ['Unknown', 'T2_IT_Legnaro', 'T2_IT_Legnaro'], 'ResidentSetSize': [1194164], 'SubmitTimes': [1747796713.0], 'StartTimes': [1747796920.0], 'EndTimes': [1747797009.0], 'TotalUserCpuTimeHistory': [29], 'TotalSysCpuTimeHistory': [11], 'WallDurations': [89.0, 153.0392587184906, 153.0392587184906], 'JobIds': ['83673937.0'], 'State': 'finished', 'RecordedSite': True}, '12': {'Retries': 0, 'Restarts': 0, 'SiteHistory': ['Unknown', 'T2_IT_Legnaro', 'T2_IT_Legnaro'], 'ResidentSetSize': [1203952], 'SubmitTimes': [1747796713.0], 'StartTimes': [1747796921.0], 'EndTimes': [1747796999.0], 'TotalUserCpuTimeHistory': [24], 'TotalSysCpuTimeHistory': [9], 'WallDurations': [78.0, 152.0392587184906, 152.0392587184906], 'JobIds': ['83673938.0'], 'State': 'finished', 'RecordedSite': True}, '24': {'Retries': 0, 'Restarts': 0, 'SiteHistory': ['Unknown', 'T2_IT_Legnaro', 'T2_IT_Legnaro'], 'ResidentSetSize': [1297240], 'SubmitTimes': [1747796713.0], 'StartTimes': [1747796921.0], 'EndTimes': [], 'TotalUserCpuTimeHistory': [113572.0], 'TotalSysCpuTimeHistory': [37.0], 'WallDurations': [8.0, 152.0392587184906, 120021.0], 'JobIds': ['83673939.0'], 'State': 'failed', 'RecordedSite': True, 'Error': [50664, 'Not retrying job due to wall clock limit (job automatically killed on the worker node)', {}]}, '26': {'Retries': 0, 'Restarts': 0, 'SiteHistory': ['Unknown', 'T2_IT_Legnaro', 'T2_IT_Legnaro'], 'ResidentSetSize': [1239568], 'SubmitTimes': [1747796713.0], 'StartTimes': [1747796920.0], 'EndTimes': [], 'TotalUserCpuTimeHistory': [112241.0], 'TotalSysCpuTimeHistory': [25.0], 'WallDurations': [9.0, 153.0392587184906, 120012.0], 'JobIds': ['83673940.0'], 'State': 'failed', 'RecordedSite': True, 'Error': [50664, 'Not retrying job due to wall clock limit (job automatically killed on the worker node)', {}]}, '25': {'Retries': 0, 'Restarts': 0, 'SiteHistory': ['Unknown', 'T2_IT_Legnaro', 'T2_IT_Legnaro'], 'ResidentSetSize': [1262068], 'SubmitTimes': [1747796713.0], 'StartTimes': [1747796921.0], 'EndTimes': [], 'TotalUserCpuTimeHistory': [112858.0], 'TotalSysCpuTimeHistory': [36.0], 'WallDurations': [9.0, 152.0392587184906, 120045.0], 'JobIds': ['83673941.0'], 'State': 'failed', 'RecordedSite': True, 'Error': [50664, 'Not retrying job due to wall clock limit (job automatically killed on the worker node)', {}]}, '23': {'Retries': 0, 'Restarts': 0, 'SiteHistory': ['Unknown', 'T2_IT_Legnaro', 'T2_IT_Legnaro'], 'ResidentSetSize': [1260052], 'SubmitTimes': [1747796713.0], 'StartTimes': [1747796921.0], 'EndTimes': [], 'TotalUserCpuTimeHistory': [111676.0], 'TotalSysCpuTimeHistory': [42.0], 'WallDurations': [8.0, 152.0392587184906, 120032.0], 'JobIds': ['83673942.0'], 'State': 'failed', 'RecordedSite': True, 'Error': [50664, 'Not retrying job due to wall clock limit (job automatically killed on the worker node)', {}]}, '30': {'Retries': 0, 'Restarts': 0, 'SiteHistory': ['Unknown', 'T2_IT_Legnaro', 'T2_IT_Legnaro'], 'ResidentSetSize': [1286048], 'SubmitTimes': [1747796713.0], 'StartTimes': [1747796921.0], 'EndTimes': [], 'TotalUserCpuTimeHistory': [113733.0], 'TotalSysCpuTimeHistory': [35.0], 'WallDurations': [8.0, 152.0392587184906, 120022.0], 'JobIds': ['83673943.0'], 'State': 'failed', 'RecordedSite': True, 'Error': [50664, 'Not retrying job due to wall clock limit (job automatically killed on the worker node)', {}]}, '31': {'Retries': 0, 'Restarts': 0, 'SiteHistory': ['Unknown', 'T2_IT_Legnaro', 'T2_IT_Legnaro'], 'ResidentSetSize': [1259864], 'SubmitTimes': [1747796713.0], 'StartTimes': [1747796920.0], 'EndTimes': [], 'TotalUserCpuTimeHistory': [113569.0], 'TotalSysCpuTimeHistory': [30.0], 'WallDurations': [9.0, 153.0392587184906, 120040.0], 'JobIds': ['83673944.0'], 'State': 'failed', 'RecordedSite': True, 'Error': [50664, 'Not retrying job due to wall clock limit (job automatically killed on the worker node)', {}]}, '33': {'Retries': 0, 'Restarts': 0, 'SiteHistory': ['Unknown', 'T2_IT_Legnaro', 'T2_IT_Legnaro'], 'ResidentSetSize': [1256112], 'SubmitTimes': [1747796713.0], 'StartTimes': [1747796923.0], 'EndTimes': [], 'TotalUserCpuTimeHistory': [113162.0], 'TotalSysCpuTimeHistory': [32.0], 'WallDurations': [8.0, 150.0392587184906, 120025.0], 'JobIds': ['83673945.0'], 'State': 'failed', 'RecordedSite': True, 'Error': [50664, 'Not retrying job due to wall clock limit (job automatically killed on the worker node)', {}]}, '29': {'Retries': 0, 'Restarts': 0, 'SiteHistory': ['Unknown', 'T2_IT_Legnaro', 'T2_IT_Legnaro'], 'ResidentSetSize': [1183124], 'SubmitTimes': [1747796713.0], 'StartTimes': [1747796921.0], 'EndTimes': [], 'TotalUserCpuTimeHistory': [112321.0], 'TotalSysCpuTimeHistory': [30.0], 'WallDurations': [8.0, 152.0392587184906, 120027.0], 'JobIds': ['83673946.0'], 'State': 'failed', 'RecordedSite': True, 'Error': [50664, 'Not retrying job due to wall clock limit (job automatically killed on the worker node)', {}]}, '40': {'Retries': 0, 'Restarts': 0, 'SiteHistory': ['Unknown', 'T2_IT_Legnaro', 'T2_IT_Legnaro'], 'ResidentSetSize': [1269960], 'SubmitTimes': [1747796713.0], 'StartTimes': [1747796921.0], 'EndTimes': [], 'TotalUserCpuTimeHistory': [112961.0], 'TotalSysCpuTimeHistory': [34.0], 'WallDurations': [8.0, 152.0392587184906, 120030.0], 'JobIds': ['83673947.0'], 'State': 'failed', 'RecordedSite': True, 'Error': [50664, 'Not retrying job due to wall clock limit (job automatically killed on the worker node)', {}]}, '32': {'Retries': 0, 'Restarts': 0, 'SiteHistory': ['Unknown', 'T2_IT_Legnaro', 'T2_IT_Legnaro'], 'ResidentSetSize': [1256544], 'SubmitTimes': [1747796713.0], 'StartTimes': [1747796921.0], 'EndTimes': [], 'TotalUserCpuTimeHistory': [112664.0], 'TotalSysCpuTimeHistory': [55.0], 'WallDurations': [8.0, 152.0392587184906, 120024.0], 'JobIds': ['83673948.0'], 'State': 'failed', 'RecordedSite': True, 'Error': [50664, 'Not retrying job due to wall clock limit (job automatically killed on the worker node)', {}]}, '35': {'Retries': 0, 'Restarts': 0, 'SiteHistory': ['Unknown', 'T2_IT_Legnaro', 'T2_IT_Legnaro'], 'ResidentSetSize': [1253952], 'SubmitTimes': [1747796713.0], 'StartTimes': [1747796933.0], 'EndTimes': [], 'TotalUserCpuTimeHistory': [112650.0], 'TotalSysCpuTimeHistory': [35.0], 'WallDurations': [8.0, 140.0392587184906, 120031.0], 'JobIds': ['83673949.0'], 'State': 'failed', 'RecordedSite': True, 'Error': [50664, 'Not retrying job due to wall clock limit (job automatically killed on the worker node)', {}]}, '28': {'Retries': 0, 'Restarts': 0, 'SiteHistory': ['Unknown', 'T2_IT_Legnaro', 'T2_IT_Legnaro'], 'ResidentSetSize': [1254560], 'SubmitTimes': [1747796713.0], 'StartTimes': [1747796934.0], 'EndTimes': [], 'TotalUserCpuTimeHistory': [113066.0], 'TotalSysCpuTimeHistory': [28.0], 'WallDurations': [10.0, 139.0392587184906, 120032.0], 'JobIds': ['83673950.0'], 'State': 'failed', 'RecordedSite': True, 'Error': [50664, 'Not retrying job due to wall clock limit (job automatically killed on the worker node)', {}]}, '42': {'Retries': 0, 'Restarts': 1, 'SiteHistory': ['Unknown', 'T2_IT_Legnaro', 'T2_IT_Legnaro', 'T2_IT_Legnaro'], 'ResidentSetSize': [1253752, 1500000], 'SubmitTimes': [1747796713.0, -1], 'StartTimes': [1747796933.0, 1747910166.0], 'EndTimes': [1747910109.0], 'TotalUserCpuTimeHistory': [106249.0, 543.0], 'TotalSysCpuTimeHistory': [26.0, 3.0], 'WallDurations': [8.0, 140.0392587184906, 113176.0, 608.0], 'JobIds': ['83673951.0', '83673951.0'], 'State': 'running', 'RecordedSite': True}, '36': {'Retries': 0, 'Restarts': 0, 'SiteHistory': ['Unknown', 'T2_IT_Legnaro', 'T2_IT_Legnaro'], 'ResidentSetSize': [1276524], 'SubmitTimes': [1747796713.0], 'StartTimes': [1747796933.0], 'EndTimes': [], 'TotalUserCpuTimeHistory': [113628.0], 'TotalSysCpuTimeHistory': [27.0], 'WallDurations': [8.0, 140.0392587184906, 120023.0], 'JobIds': ['83673952.0'], 'State': 'failed', 'RecordedSite': True, 'Error': [50664, 'Not retrying job due to wall clock limit (job automatically killed on the worker node)', {}]}, '27': {'Retries': 0, 'Restarts': 0, 'SiteHistory': ['Unknown', 'T2_IT_Legnaro', 'T2_IT_Legnaro'], 'ResidentSetSize': [1263820], 'SubmitTimes': [1747796713.0], 'StartTimes': [1747796934.0], 'EndTimes': [], 'TotalUserCpuTimeHistory': [112998.0], 'TotalSysCpuTimeHistory': [27.0], 'WallDurations': [9.0, 139.0392587184906, 120028.0], 'JobIds': ['83673953.0'], 'State': 'failed', 'RecordedSite': True, 'Error': [50664, 'Not retrying job due to wall clock limit (job automatically killed on the worker node)', {}]}, '41': {'Retries': 0, 'Restarts': 0, 'SiteHistory': ['Unknown', 'T2_IT_Legnaro', 'T2_IT_Legnaro'], 'ResidentSetSize': [1251084], 'SubmitTimes': [1747796713.0], 'StartTimes': [1747796935.0], 'EndTimes': [], 'TotalUserCpuTimeHistory': [113377.0], 'TotalSysCpuTimeHistory': [28.0], 'WallDurations': [8.0, 138.0392587184906, 120017.0], 'JobIds': ['83673954.0'], 'State': 'failed', 'RecordedSite': True, 'Error': [50664, 'Not retrying job due to wall clock limit (job automatically killed on the worker node)', {}]}, '39': {'Retries': 0, 'Restarts': 0, 'SiteHistory': ['Unknown', 'T2_IT_Legnaro', 'T2_IT_Legnaro'], 'ResidentSetSize': [1262448], 'SubmitTimes': [1747796713.0], 'StartTimes': [1747796933.0], 'EndTimes': [], 'TotalUserCpuTimeHistory': [111756.0], 'TotalSysCpuTimeHistory': [60.0], 'WallDurations': [8.0, 140.0392587184906, 120012.0], 'JobIds': ['83673955.0'], 'State': 'failed', 'RecordedSite': True, 'Error': [50664, 'Not retrying job due to wall clock limit (job automatically killed on the worker node)', {}]}, '34': {'Retries': 0, 'Restarts': 0, 'SiteHistory': ['Unknown', 'T2_IT_Legnaro', 'T2_IT_Legnaro'], 'ResidentSetSize': [1276380], 'SubmitTimes': [1747796713.0], 'StartTimes': [1747796934.0], 'EndTimes': [], 'TotalUserCpuTimeHistory': [111345.0], 'TotalSysCpuTimeHistory': [36.0], 'WallDurations': [9.0, 139.0392587184906, 120022.0], 'JobIds': ['83673956.0'], 'State': 'failed', 'RecordedSite': True, 'Error': [50664, 'Not retrying job due to wall clock limit (job automatically killed on the worker node)', {}]}, '37': {'Retries': 0, 'Restarts': 0, 'SiteHistory': ['Unknown', 'T2_IT_Legnaro', 'T2_IT_Legnaro'], 'ResidentSetSize': [1273800], 'SubmitTimes': [1747796713.0], 'StartTimes': [1747796935.0], 'EndTimes': [], 'TotalUserCpuTimeHistory': [112874.0], 'TotalSysCpuTimeHistory': [27.0], 'WallDurations': [8.0, 138.0392587184906, 120026.0], 'JobIds': ['83673957.0'], 'State': 'failed', 'RecordedSite': True, 'Error': [50664, 'Not retrying job due to wall clock limit (job automatically killed on the worker node)', {}]}, '43': {'Retries': 0, 'Restarts': 0, 'SiteHistory': ['Unknown', 'T2_IT_Legnaro', 'T2_IT_Legnaro'], 'ResidentSetSize': [1272832], 'SubmitTimes': [1747796714.0], 'StartTimes': [1747796933.0], 'EndTimes': [], 'TotalUserCpuTimeHistory': [112289.0], 'TotalSysCpuTimeHistory': [35.0], 'WallDurations': [9.0, 140.0392587184906, 120032.0], 'JobIds': ['83673958.0'], 'State': 'failed', 'RecordedSite': True, 'Error': [50664, 'Not retrying job due to wall clock limit (job automatically killed on the worker node)', {}]}, '38': {'Retries': 0, 'Restarts': 0, 'SiteHistory': ['Unknown', 'T2_IT_Legnaro', 'T2_IT_Legnaro'], 'ResidentSetSize': [1270488], 'SubmitTimes': [1747796714.0], 'StartTimes': [1747796934.0], 'EndTimes': [], 'TotalUserCpuTimeHistory': [112929.0], 'TotalSysCpuTimeHistory': [28.0], 'WallDurations': [9.0, 139.0392587184906, 120034.0], 'JobIds': ['83673959.0'], 'State': 'failed', 'RecordedSite': True, 'Error': [50664, 'Not retrying job due to wall clock limit (job automatically killed on the worker node)', {}]}, '44': {'Retries': 0, 'Restarts': 0, 'SiteHistory': ['Unknown', 'T2_IT_Legnaro', 'T2_IT_Legnaro'], 'ResidentSetSize': [1281644], 'SubmitTimes': [1747796714.0], 'StartTimes': [1747796935.0], 'EndTimes': [], 'TotalUserCpuTimeHistory': [112983.0], 'TotalSysCpuTimeHistory': [42.0], 'WallDurations': [8.0, 138.0392587184906, 120021.0], 'JobIds': ['83673960.0'], 'State': 'failed', 'RecordedSite': True, 'Error': [50664, 'Not retrying job due to wall clock limit (job automatically killed on the worker node)', {}]}, '47': {'Retries': 0, 'Restarts': 0, 'SiteHistory': ['Unknown', 'T2_IT_Legnaro', 'T2_IT_Legnaro'], 'ResidentSetSize': [1277256], 'SubmitTimes': [1747796714.0], 'StartTimes': [1747796934.0], 'EndTimes': [], 'TotalUserCpuTimeHistory': [112870.0], 'TotalSysCpuTimeHistory': [29.0], 'WallDurations': [9.0, 139.0392587184906, 120025.0], 'JobIds': ['83673961.0'], 'State': 'failed', 'RecordedSite': True, 'Error': [50664, 'Not retrying job due to wall clock limit (job automatically killed on the worker node)', {}]}, '48': {'Retries': 0, 'Restarts': 0, 'SiteHistory': ['Unknown', 'T2_IT_Legnaro', 'T2_IT_Legnaro'], 'ResidentSetSize': [1247996], 'SubmitTimes': [1747796714.0], 'StartTimes': [1747796933.0], 'EndTimes': [], 'TotalUserCpuTimeHistory': [113777.0], 'TotalSysCpuTimeHistory': [25.0], 'WallDurations': [8.0, 140.0392587184906, 120045.0], 'JobIds': ['83673962.0'], 'State': 'failed', 'RecordedSite': True, 'Error': [50664, 'Not retrying job due to wall clock limit (job automatically killed on the worker node)', {}]}, '46': {'Retries': 0, 'Restarts': 0, 'SiteHistory': ['Unknown', 'T2_IT_Legnaro', 'T2_IT_Legnaro'], 'ResidentSetSize': [1282468], 'SubmitTimes': [1747796714.0], 'StartTimes': [1747796933.0], 'EndTimes': [], 'TotalUserCpuTimeHistory': [112193.0], 'TotalSysCpuTimeHistory': [36.0], 'WallDurations': [8.0, 140.0392587184906, 120024.0], 'JobIds': ['83673963.0'], 'State': 'failed', 'RecordedSite': True, 'Error': [50664, 'Not retrying job due to wall clock limit (job automatically killed on the worker node)', {}]}, '45': {'Retries': 0, 'Restarts': 0, 'SiteHistory': ['Unknown', 'T2_IT_Legnaro', 'T2_IT_Legnaro'], 'ResidentSetSize': [1278988], 'SubmitTimes': [1747796714.0], 'StartTimes': [1747796934.0], 'EndTimes': [], 'TotalUserCpuTimeHistory': [112430.0], 'TotalSysCpuTimeHistory': [37.0], 'WallDurations': [9.0, 139.0392587184906, 120039.0], 'JobIds': ['83673964.0'], 'State': 'failed', 'RecordedSite': True, 'Error': [50664, 'Not retrying job due to wall clock limit (job automatically killed on the worker node)', {}]}, '51': {'Retries': 0, 'Restarts': 1, 'SiteHistory': ['Unknown', 'T2_IT_Legnaro', 'T2_IT_Legnaro', 'Unknown', 'T2_IT_Legnaro'], 'ResidentSetSize': [1254588, 1500000], 'SubmitTimes': [1747796714.0, -1], 'StartTimes': [1747796934.0, 1747908807.0], 'EndTimes': [1747908602.0], 'TotalUserCpuTimeHistory': [104863.0, 246.0], 'TotalSysCpuTimeHistory': [27.0, 3.0], 'WallDurations': [9.0, 139.0392587184906, 111668.0, 0, 310.0], 'JobIds': ['83673965.0', '83673965.0'], 'State': 'running', 'RecordedSite': True}, '49': {'Retries': 0, 'Restarts': 0, 'SiteHistory': ['Unknown', 'T2_IT_Legnaro', 'T2_IT_Legnaro'], 'ResidentSetSize': [1260280], 'SubmitTimes': [1747796714.0], 'StartTimes': [1747796935.0], 'EndTimes': [], 'TotalUserCpuTimeHistory': [113383.0], 'TotalSysCpuTimeHistory': [37.0], 'WallDurations': [8.0, 138.0392587184906, 120017.0], 'JobIds': ['83673966.0'], 'State': 'failed', 'RecordedSite': True, 'Error': [50664, 'Not retrying job due to wall clock limit (job automatically killed on the worker node)', {}]}, '52': {'Retries': 0, 'Restarts': 1, 'SiteHistory': ['Unknown', 'T2_IT_Legnaro', 'T2_IT_Legnaro', 'T2_IT_Legnaro'], 'ResidentSetSize': [1277488, 0], 'SubmitTimes': [1747796714.0, -1], 'StartTimes': [1747796933.0, 1747905493.0], 'EndTimes': [1747905435.0], 'TotalUserCpuTimeHistory': [101594.0, 0.0], 'TotalSysCpuTimeHistory': [30.0, 0.0], 'WallDurations': [9.0, 140.0392587184906, 108502.0, 0], 'JobIds': ['83673967.0', '83673967.0'], 'State': 'running', 'RecordedSite': True}, '57': {'Retries': 0, 'Restarts': 1, 'SiteHistory': ['Unknown', 'T2_IT_Legnaro', 'T2_IT_Legnaro', 'Unknown', 'T2_IT_Legnaro'], 'ResidentSetSize': [1254824, 0], 'SubmitTimes': [1747796714.0, -1], 'StartTimes': [1747796935.0, 1747910464.0], 'EndTimes': [1747909865.0], 'TotalUserCpuTimeHistory': [105759.0, 0.0], 'TotalSysCpuTimeHistory': [33.0, 0.0], 'WallDurations': [8.0, 138.0392587184906, 112930.0, 0, 4.163729667663574], 'JobIds': ['83673968.0', '83673968.0'], 'State': 'running', 'RecordedSite': True}, '58': {'Retries': 0, 'Restarts': 1, 'SiteHistory': ['Unknown', 'T2_IT_Legnaro', 'T2_IT_Legnaro', 'Unknown', 'T2_IT_Legnaro'], 'ResidentSetSize': [1257380, 1500000], 'SubmitTimes': [1747796714.0, -1], 'StartTimes': [1747796934.0, 1747907628.0], 'EndTimes': [1747907115.0], 'TotalUserCpuTimeHistory': [102927.0, 241.0], 'TotalSysCpuTimeHistory': [69.0, 3.0], 'WallDurations': [9.0, 139.0392587184906, 110181.0, 0, 309.0], 'JobIds': ['83673969.0', '83673969.0'], 'State': 'running', 'RecordedSite': True}, '56': {'Retries': 0, 'Restarts': 1, 'SiteHistory': ['Unknown', 'T2_IT_Legnaro', 'T2_IT_Legnaro', 'Unknown', 'T2_IT_Legnaro'], 'ResidentSetSize': [1260356, 0], 'SubmitTimes': [1747796714.0, -1], 'StartTimes': [1747796934.0, 1747908807.0], 'EndTimes': [1747907779.0], 'TotalUserCpuTimeHistory': [103710.0, 0.0], 'TotalSysCpuTimeHistory': [42.0, 0.0], 'WallDurations': [9.0, 139.0392587184906, 110845.0, 0, 153.22288489341736], 'JobIds': ['83673970.0', '83673970.0'], 'State': 'running', 'RecordedSite': True}, '55': {'Retries': 0, 'Restarts': 1, 'SiteHistory': ['Unknown', 'T2_IT_Legnaro', 'T2_IT_Legnaro', 'Unknown', 'T2_IT_Legnaro'], 'ResidentSetSize': [1285684, 0], 'SubmitTimes': [1747796714.0, -1], 'StartTimes': [1747796935.0, 1747912060.0], 'EndTimes': [1747910657.0], 'TotalUserCpuTimeHistory': [107139.0, 0.0], 'TotalSysCpuTimeHistory': [26.0, 0.0], 'WallDurations': [8.0, 138.0392587184906, 113722.0, 0, 216.07933568954468], 'JobIds': ['83673971.0', '83673971.0'], 'State': 'running', 'RecordedSite': True}, '53': {'Retries': 0, 'Restarts': 0, 'SiteHistory': ['Unknown', 'T2_IT_Legnaro', 'T2_IT_Legnaro'], 'ResidentSetSize': [1269568], 'SubmitTimes': [1747796714.0], 'StartTimes': [1747796935.0], 'EndTimes': [], 'TotalUserCpuTimeHistory': [113141.0], 'TotalSysCpuTimeHistory': [37.0], 'WallDurations': [8.0, 138.0392587184906, 120027.0], 'JobIds': ['83673972.0'], 'State': 'failed', 'RecordedSite': True, 'Error': [50664, 'Not retrying job due to wall clock limit (job automatically killed on the worker node)', {}]}, '60': {'Retries': 0, 'Restarts': 1, 'SiteHistory': ['Unknown', 'T2_IT_Legnaro', 'T2_IT_Legnaro', 'Unknown', 'T2_IT_Legnaro'], 'ResidentSetSize': [1254200, 0], 'SubmitTimes': [1747796714.0, -1], 'StartTimes': [1747796933.0, 1747906784.0], 'EndTimes': [1747906485.0], 'TotalUserCpuTimeHistory': [103137.0, 0.0], 'TotalSysCpuTimeHistory': [26.0, 0.0], 'WallDurations': [9.0, 140.0392587184906, 109552.0, 0, 63.68403911590576], 'JobIds': ['83673973.0', '83673973.0'], 'State': 'running', 'RecordedSite': True}, '61': {'Retries': 0, 'Restarts': 0, 'SiteHistory': ['Unknown', 'T2_IT_Legnaro', 'T2_IT_Legnaro'], 'ResidentSetSize': [1277448], 'SubmitTimes': [1747796714.0], 'StartTimes': [1747796934.0], 'EndTimes': [], 'TotalUserCpuTimeHistory': [112685.0], 'TotalSysCpuTimeHistory': [31.0], 'WallDurations': [10.0, 139.0392587184906, 120038.0], 'JobIds': ['83673974.0'], 'State': 'failed', 'RecordedSite': True, 'Error': [50664, 'Not retrying job due to wall clock limit (job automatically killed on the worker node)', {}]}, '50': {'Retries': 0, 'Restarts': 1, 'SiteHistory': ['Unknown', 'T2_IT_Legnaro', 'T2_IT_Legnaro', 'T2_IT_Legnaro'], 'ResidentSetSize': [1251324, 0], 'SubmitTimes': [1747796714.0, -1], 'StartTimes': [1747796934.0, 1747904232.0], 'EndTimes': [1747904139.0], 'TotalUserCpuTimeHistory': [101084.0, 0.0], 'TotalSysCpuTimeHistory': [27.0, 0.0], 'WallDurations': [9.0, 139.0392587184906, 107205.0, 0], 'JobIds': ['83673975.0', '83673975.0'], 'State': 'running', 'RecordedSite': True}, '54': {'Retries': 0, 'Restarts': 1, 'SiteHistory': ['Unknown', 'T2_IT_Legnaro', 'T2_IT_Legnaro', 'Unknown', 'T2_IT_Legnaro'], 'ResidentSetSize': [1270376, 0], 'SubmitTimes': [1747796714.0, -1], 'StartTimes': [1747796935.0, 1747906784.0], 'EndTimes': [1747906193.0], 'TotalUserCpuTimeHistory': [103379.0, 0.0], 'TotalSysCpuTimeHistory': [31.0, 0.0], 'WallDurations': [8.0, 138.0392587184906, 109258.0, 0, 63.68403911590576], 'JobIds': ['83673976.0', '83673976.0'], 'State': 'running', 'RecordedSite': True}, '59': {'Retries': 0, 'Restarts': 1, 'SiteHistory': ['Unknown', 'T2_IT_Legnaro', 'T2_IT_Legnaro', 'Unknown', 'T2_IT_Legnaro'], 'ResidentSetSize': [1254028, 0], 'SubmitTimes': [1747796714.0, -1], 'StartTimes': [1747796934.0, 1747910464.0], 'EndTimes': [1747908832.0], 'TotalUserCpuTimeHistory': [104641.0, 0.0], 'TotalSysCpuTimeHistory': [39.0, 0.0], 'WallDurations': [9.0, 139.0392587184906, 111898.0, 0, 4.163729667663574], 'JobIds': ['83673977.0', '83673977.0'], 'State': 'running', 'RecordedSite': True}, '66': {'Retries': 0, 'Restarts': 1, 'SiteHistory': ['Unknown', 'T2_IT_Legnaro', 'T2_IT_Legnaro', 'Unknown', 'T2_IT_Legnaro'], 'ResidentSetSize': [1267420, 0], 'SubmitTimes': [1747796714.0, -1], 'StartTimes': [1747796935.0, 1747904232.0], 'EndTimes': [1747903832.0], 'TotalUserCpuTimeHistory': [100620.0, 0.0], 'TotalSysCpuTimeHistory': [29.0, 0.0], 'WallDurations': [8.0, 138.0392587184906, 106897.0, 0, 205.69553875923157], 'JobIds': ['83673978.0', '83673978.0'], 'State': 'running', 'RecordedSite': True}, '64': {'Retries': 0, 'Restarts': 1, 'SiteHistory': ['Unknown', 'T2_IT_Legnaro', 'T2_IT_Legnaro', 'Unknown', 'T2_IT_Legnaro'], 'ResidentSetSize': [1293116, 0], 'SubmitTimes': [1747796714.0, -1], 'StartTimes': [1747796934.0, 1747910464.0], 'EndTimes': [1747909564.0], 'TotalUserCpuTimeHistory': [106034.0, 0.0], 'TotalSysCpuTimeHistory': [36.0, 0.0], 'WallDurations': [8.0, 139.0392587184906, 112630.0, 0, 4.163729667663574], 'JobIds': ['83673979.0', '83673979.0'], 'State': 'running', 'RecordedSite': True}, '65': {'Retries': 0, 'Restarts': 0, 'SiteHistory': ['Unknown', 'T2_IT_Legnaro', 'T2_IT_Legnaro'], 'ResidentSetSize': [1263120], 'SubmitTimes': [1747796714.0], 'StartTimes': [1747796934.0], 'EndTimes': [], 'TotalUserCpuTimeHistory': [112504.0], 'TotalSysCpuTimeHistory': [50.0], 'WallDurations': [9.0, 139.0392587184906, 120025.0], 'JobIds': ['83673980.0'], 'State': 'failed', 'RecordedSite': True, 'Error': [50664, 'Not retrying job due to wall clock limit (job automatically killed on the worker node)', {}]}, '62': {'Retries': 0, 'Restarts': 0, 'SiteHistory': ['Unknown', 'T2_IT_Legnaro', 'T2_IT_Legnaro'], 'ResidentSetSize': [1250152], 'SubmitTimes': [1747796714.0], 'StartTimes': [1747796934.0], 'EndTimes': [], 'TotalUserCpuTimeHistory': [113039.0], 'TotalSysCpuTimeHistory': [34.0], 'WallDurations': [9.0, 139.0392587184906, 120034.0], 'JobIds': ['83673981.0'], 'State': 'failed', 'RecordedSite': True, 'Error': [50664, 'Not retrying job due to wall clock limit (job automatically killed on the worker node)', {}]}, '63': {'Retries': 0, 'Restarts': 0, 'SiteHistory': ['Unknown', 'T2_IT_Legnaro', 'T2_IT_Legnaro'], 'ResidentSetSize': [1275652], 'SubmitTimes': [1747796714.0], 'StartTimes': [1747796935.0], 'EndTimes': [], 'TotalUserCpuTimeHistory': [111837.0], 'TotalSysCpuTimeHistory': [34.0], 'WallDurations': [8.0, 138.0392587184906, 120031.0], 'JobIds': ['83673982.0'], 'State': 'failed', 'RecordedSite': True, 'Error': [50664, 'Not retrying job due to wall clock limit (job automatically killed on the worker node)', {}]}, '67': {'Retries': 0, 'Restarts': 0, 'SiteHistory': ['Unknown', 'T2_IT_Legnaro', 'T2_IT_Legnaro'], 'ResidentSetSize': [1270132], 'SubmitTimes': [1747796714.0], 'StartTimes': [1747796935.0], 'EndTimes': [], 'TotalUserCpuTimeHistory': [112117.0], 'TotalSysCpuTimeHistory': [34.0], 'WallDurations': [8.0, 138.0392587184906, 120031.0], 'JobIds': ['83673983.0'], 'State': 'failed', 'RecordedSite': True, 'Error': [50664, 'Not retrying job due to wall clock limit (job automatically killed on the worker node)', {}]}, '72': {'Retries': 0, 'Restarts': 1, 'SiteHistory': ['Unknown', 'T2_IT_Legnaro', 'T2_IT_Legnaro', 'T2_IT_Legnaro'], 'ResidentSetSize': [1257176, 0], 'SubmitTimes': [1747796715.0, -1], 'StartTimes': [1747796933.0, 1747904233.0], 'EndTimes': [1747904203.0], 'TotalUserCpuTimeHistory': [101352.0, 0.0], 'TotalSysCpuTimeHistory': [33.0, 0.0], 'WallDurations': [9.0, 140.0392587184906, 107270.0, 0], 'JobIds': ['83673984.0', '83673984.0'], 'State': 'running', 'RecordedSite': True}, '75': {'Retries': 0, 'Restarts': 1, 'SiteHistory': ['Unknown', 'T2_IT_Legnaro', 'T2_IT_Legnaro', 'Unknown', 'T2_IT_Legnaro'], 'ResidentSetSize': [1292044, 0], 'SubmitTimes': [1747796715.0, -1], 'StartTimes': [1747796935.0, 1747905493.0], 'EndTimes': [1747905097.0], 'TotalUserCpuTimeHistory': [101045.0, 0.0], 'TotalSysCpuTimeHistory': [50.0, 0.0], 'WallDurations': [9.0, 138.0392587184906, 108162.0, 0, 150.0797483921051], 'JobIds': ['83673985.0', '83673985.0'], 'State': 'running', 'RecordedSite': True}, '71': {'Retries': 0, 'Restarts': 1, 'SiteHistory': ['Unknown', 'T2_IT_Legnaro', 'T2_IT_Legnaro', 'Unknown', 'T2_IT_Legnaro'], 'ResidentSetSize': [1276284, 0], 'SubmitTimes': [1747796715.0, -1], 'StartTimes': [1747796934.0, 1747910464.0], 'EndTimes': [1747909605.0], 'TotalUserCpuTimeHistory': [105254.0, 0.0], 'TotalSysCpuTimeHistory': [33.0, 0.0], 'WallDurations': [9.0, 139.0392587184906, 112671.0, 0, 4.163729667663574], 'JobIds': ['83673986.0', '83673986.0'], 'State': 'running', 'RecordedSite': True}, '74': {'Retries': 0, 'Restarts': 0, 'SiteHistory': ['Unknown', 'T2_IT_Legnaro', 'T2_IT_Legnaro'], 'ResidentSetSize': [1259044], 'SubmitTimes': [1747796715.0], 'StartTimes': [1747796934.0], 'EndTimes': [], 'TotalUserCpuTimeHistory': [112986.0], 'TotalSysCpuTimeHistory': [25.0], 'WallDurations': [9.0, 139.0392587184906, 120034.0], 'JobIds': ['83673987.0'], 'State': 'failed', 'RecordedSite': True, 'Error': [50664, 'Not retrying job due to wall clock limit (job automatically killed on the worker node)', {}]}, '68': {'Retries': 0, 'Restarts': 0, 'SiteHistory': ['Unknown', 'T2_IT_Legnaro', 'T2_IT_Legnaro'], 'ResidentSetSize': [1197844], 'SubmitTimes': [1747796715.0], 'StartTimes': [1747796935.0], 'EndTimes': [], 'TotalUserCpuTimeHistory': [112409.0], 'TotalSysCpuTimeHistory': [46.0], 'WallDurations': [9.0, 138.0392587184906, 120041.0], 'JobIds': ['83673988.0'], 'State': 'failed', 'RecordedSite': True, 'Error': [50664, 'Not retrying job due to wall clock limit (job automatically killed on the worker node)', {}]}, '69': {'Retries': 0, 'Restarts': 1, 'SiteHistory': ['Unknown', 'T2_IT_Legnaro', 'T2_IT_Legnaro', 'Unknown', 'T2_IT_Legnaro'], 'ResidentSetSize': [1242292, 1275384], 'SubmitTimes': [1747796715.0, -1], 'StartTimes': [1747796934.0, 1747912060.0], 'EndTimes': [1747909961.0], 'TotalUserCpuTimeHistory': [106073.0, 6392.0], 'TotalSysCpuTimeHistory': [27.0, 5.0], 'WallDurations': [9.0, 139.0392587184906, 113027.0, 0, 6922.0], 'JobIds': ['83673989.0', '83673989.0'], 'State': 'running', 'RecordedSite': True}, '73': {'Retries': 0, 'Restarts': 1, 'SiteHistory': ['Unknown', 'T2_IT_Legnaro', 'T2_IT_Legnaro', 'Unknown', 'T2_IT_Legnaro'], 'ResidentSetSize': [1273552, 0], 'SubmitTimes': [1747796715.0, -1], 'StartTimes': [1747796934.0, 1747912063.0], 'EndTimes': [1747909942.0], 'TotalUserCpuTimeHistory': [106486.0, 0.0], 'TotalSysCpuTimeHistory': [31.0, 0.0], 'WallDurations': [9.0, 139.0392587184906, 113008.0, 0, 213.07933568954468], 'JobIds': ['83673990.0', '83673990.0'], 'State': 'running', 'RecordedSite': True}, '78': {'Retries': 0, 'Restarts': 1, 'SiteHistory': ['Unknown', 'T2_IT_Legnaro', 'T2_IT_Legnaro', 'Unknown', 'T2_IT_Legnaro'], 'ResidentSetSize': [1251516, 0], 'SubmitTimes': [1747796715.0, -1], 'StartTimes': [1747796934.0, 1747913935.0], 'EndTimes': [1747909447.0], 'TotalUserCpuTimeHistory': [106284.0, 0.0], 'TotalSysCpuTimeHistory': [34.0, 0.0], 'WallDurations': [9.0, 139.0392587184906, 112513.0, 0, 150.4806056022644], 'JobIds': ['83673991.0', '83673991.0'], 'State': 'running', 'RecordedSite': True}, '77': {'Retries': 0, 'Restarts': 0, 'SiteHistory': ['Unknown', 'T2_IT_Legnaro', 'T2_IT_Legnaro'], 'ResidentSetSize': [1267532], 'SubmitTimes': [1747796715.0], 'StartTimes': [1747796934.0], 'EndTimes': [], 'TotalUserCpuTimeHistory': [113622.0], 'TotalSysCpuTimeHistory': [26.0], 'WallDurations': [9.0, 139.0392587184906, 120013.0], 'JobIds': ['83673992.0'], 'State': 'failed', 'RecordedSite': True, 'Error': [50664, 'Not retrying job due to wall clock limit (job automatically killed on the worker node)', {}]}, '76': {'Retries': 0, 'Restarts': 1, 'SiteHistory': ['Unknown', 'T2_IT_Legnaro', 'T2_IT_Legnaro', 'Unknown', 'T2_IT_Legnaro'], 'ResidentSetSize': [1258936, 0], 'SubmitTimes': [1747796715.0, -1], 'StartTimes': [1747796935.0, 1747908807.0], 'EndTimes': [1747908209.0], 'TotalUserCpuTimeHistory': [104724.0, 0.0], 'TotalSysCpuTimeHistory': [47.0, 0.0], 'WallDurations': [8.0, 138.0392587184906, 111274.0, 0, 153.22288489341736], 'JobIds': ['83673993.0', '83673993.0'], 'State': 'running', 'RecordedSite': True}, '70': {'Retries': 0, 'Restarts': 0, 'SiteHistory': ['Unknown', 'T2_IT_Legnaro', 'T2_IT_Legnaro'], 'ResidentSetSize': [1259632], 'SubmitTimes': [1747796715.0], 'StartTimes': [1747796934.0], 'EndTimes': [], 'TotalUserCpuTimeHistory': [111857.0], 'TotalSysCpuTimeHistory': [47.0], 'WallDurations': [9.0, 139.0392587184906, 120037.0], 'JobIds': ['83673994.0'], 'State': 'failed', 'RecordedSite': True, 'Error': [50664, 'Not retrying job due to wall clock limit (job automatically killed on the worker node)', {}]}, '83': {'Retries': 0, 'Restarts': 1, 'SiteHistory': ['Unknown', 'T2_IT_Legnaro', 'T2_IT_Legnaro', 'T2_IT_Legnaro'], 'ResidentSetSize': [1279592, 0], 'SubmitTimes': [1747796715.0, -1], 'StartTimes': [1747796935.0, 1747905493.0], 'EndTimes': [1747905435.0], 'TotalUserCpuTimeHistory': [101612.0, 0.0], 'TotalSysCpuTimeHistory': [27.0, 0.0], 'WallDurations': [8.0, 138.0392587184906, 108500.0, 0], 'JobIds': ['83673995.0', '83673995.0'], 'State': 'running', 'RecordedSite': True}, '79': {'Retries': 0, 'Restarts': 1, 'SiteHistory': ['Unknown', 'T2_IT_Legnaro', 'T2_IT_Legnaro', 'Unknown', 'T2_IT_Legnaro'], 'ResidentSetSize': [1266392, 1500000], 'SubmitTimes': [1747796715.0, -1], 'StartTimes': [1747796935.0, 1747906784.0], 'EndTimes': [1747906485.0], 'TotalUserCpuTimeHistory': [103109.0, 829.0], 'TotalSysCpuTimeHistory': [24.0, 3.0], 'WallDurations': [8.0, 138.0392587184906, 109550.0, 0, 910.0], 'JobIds': ['83673996.0', '83673996.0'], 'State': 'running', 'RecordedSite': True}, '82': {'Retries': 0, 'Restarts': 1, 'SiteHistory': ['Unknown', 'T2_IT_Legnaro', 'T2_IT_Legnaro', 'T2_IT_Legnaro'], 'ResidentSetSize': [1265492, 0], 'SubmitTimes': [1747796715.0, -1], 'StartTimes': [1747796935.0, 1747904235.0], 'EndTimes': [1747904203.0], 'TotalUserCpuTimeHistory': [101361.0, 0.0], 'TotalSysCpuTimeHistory': [36.0, 0.0], 'WallDurations': [8.0, 138.0392587184906, 107268.0, 0], 'JobIds': ['83673997.0', '83673997.0'], 'State': 'running', 'RecordedSite': True}, '87': {'Retries': 0, 'Restarts': 1, 'SiteHistory': ['Unknown', 'T2_IT_Legnaro', 'T2_IT_Legnaro', 'Unknown', 'T2_IT_Legnaro'], 'ResidentSetSize': [1276132, 0], 'SubmitTimes': [1747796715.0, -1], 'StartTimes': [1747796935.0, 1747913935.0], 'EndTimes': [1747909605.0], 'TotalUserCpuTimeHistory': [105372.0, 0.0], 'TotalSysCpuTimeHistory': [33.0, 0.0], 'WallDurations': [8.0, 138.0392587184906, 112670.0, 0, 150.4806056022644], 'JobIds': ['83673998.0', '83673998.0'], 'State': 'running', 'RecordedSite': True}, '81': {'Retries': 0, 'Restarts': 0, 'SiteHistory': ['Unknown', 'T2_IT_Legnaro', 'T2_IT_Legnaro'], 'ResidentSetSize': [1264384], 'SubmitTimes': [1747796715.0], 'StartTimes': [1747796934.0], 'EndTimes': [], 'TotalUserCpuTimeHistory': [112992.0], 'TotalSysCpuTimeHistory': [32.0], 'WallDurations': [9.0, 139.0392587184906, 120033.0], 'JobIds': ['83673999.0'], 'State': 'failed', 'RecordedSite': True, 'Error': [50664, 'Not retrying job due to wall clock limit (job automatically killed on the worker node)', {}]}, '85': {'Retries': 0, 'Restarts': 1, 'SiteHistory': ['Unknown', 'T2_IT_Legnaro', 'T2_IT_Legnaro', 'Unknown', 'T2_IT_Legnaro'], 'ResidentSetSize': [1246744, 1272712], 'SubmitTimes': [1747796715.0, -1], 'StartTimes': [1747796935.0, 1747907629.0], 'EndTimes': [1747907115.0], 'TotalUserCpuTimeHistory': [103003.0, 3360.0], 'TotalSysCpuTimeHistory': [50.0, 4.0], 'WallDurations': [8.0, 138.0392587184906, 110180.0, 0, 3615.0], 'JobIds': ['83674000.0', '83674000.0'], 'State': 'running', 'RecordedSite': True}, '89': {'Retries': 0, 'Restarts': 0, 'SiteHistory': ['Unknown', 'T2_IT_Legnaro', 'T2_IT_Legnaro'], 'ResidentSetSize': [1259744], 'SubmitTimes': [1747796715.0], 'StartTimes': [1747796935.0], 'EndTimes': [], 'TotalUserCpuTimeHistory': [113135.0], 'TotalSysCpuTimeHistory': [39.0], 'WallDurations': [8.0, 138.0392587184906, 120042.0], 'JobIds': ['83674001.0'], 'State': 'failed', 'RecordedSite': True, 'Error': [50664, 'Not retrying job due to wall clock limit (job automatically killed on the worker node)', {}]}, '94': {'Retries': 0, 'Restarts': 0, 'SiteHistory': ['Unknown', 'T2_IT_Legnaro', 'T2_IT_Legnaro'], 'ResidentSetSize': [1230372], 'SubmitTimes': [1747796715.0], 'StartTimes': [1747796935.0], 'EndTimes': [], 'TotalUserCpuTimeHistory': [112073.0], 'TotalSysCpuTimeHistory': [42.0], 'WallDurations': [8.0, 138.0392587184906, 120010.0], 'JobIds': ['83674002.0'], 'State': 'failed', 'RecordedSite': True, 'Error': [50664, 'Not retrying job due to wall clock limit (job automatically killed on the worker node)', {}]}, '88': {'Retries': 0, 'Restarts': 0, 'SiteHistory': ['Unknown', 'T2_IT_Legnaro', 'T2_IT_Legnaro'], 'ResidentSetSize': [1274668], 'SubmitTimes': [1747796715.0], 'StartTimes': [1747796935.0], 'EndTimes': [], 'TotalUserCpuTimeHistory': [112543.0], 'TotalSysCpuTimeHistory': [54.0], 'WallDurations': [8.0, 138.0392587184906, 120033.0], 'JobIds': ['83674003.0'], 'State': 'failed', 'RecordedSite': True, 'Error': [50664, 'Not retrying job due to wall clock limit (job automatically killed on the worker node)', {}]}, '91': {'Retries': 0, 'Restarts': 0, 'SiteHistory': ['Unknown', 'T2_IT_Legnaro', 'T2_IT_Legnaro'], 'ResidentSetSize': [1264848], 'SubmitTimes': [1747796715.0], 'StartTimes': [1747796935.0], 'EndTimes': [], 'TotalUserCpuTimeHistory': [113333.0], 'TotalSysCpuTimeHistory': [34.0], 'WallDurations': [8.0, 138.0392587184906, 120037.0], 'JobIds': ['83674004.0'], 'State': 'failed', 'RecordedSite': True, 'Error': [50664, 'Not retrying job due to wall clock limit (job automatically killed on the worker node)', {}]}, '80': {'Retries': 0, 'Restarts': 0, 'SiteHistory': ['Unknown', 'T2_IT_Legnaro', 'T2_IT_Legnaro'], 'ResidentSetSize': [1276948], 'SubmitTimes': [1747796715.0], 'StartTimes': [1747796935.0], 'EndTimes': [], 'TotalUserCpuTimeHistory': [112927.0], 'TotalSysCpuTimeHistory': [30.0], 'WallDurations': [8.0, 138.0392587184906, 120033.0], 'JobIds': ['83674005.0'], 'State': 'failed', 'RecordedSite': True, 'Error': [50664, 'Not retrying job due to wall clock limit (job automatically killed on the worker node)', {}]}, '95': {'Retries': 0, 'Restarts': 0, 'SiteHistory': ['Unknown', 'T2_IT_Legnaro', 'T2_IT_Legnaro'], 'ResidentSetSize': [1276004], 'SubmitTimes': [1747796715.0], 'StartTimes': [1747796935.0], 'EndTimes': [], 'TotalUserCpuTimeHistory': [112835.0], 'TotalSysCpuTimeHistory': [48.0], 'WallDurations': [8.0, 138.0392587184906, 120036.0], 'JobIds': ['83674006.0'], 'State': 'failed', 'RecordedSite': True, 'Error': [50664, 'Not retrying job due to wall clock limit (job automatically killed on the worker node)', {}]}, '93': {'Retries': 0, 'Restarts': 1, 'SiteHistory': ['Unknown', 'T2_IT_Legnaro', 'T2_IT_Legnaro', 'Unknown', 'T2_IT_Legnaro'], 'ResidentSetSize': [1251140, 0], 'SubmitTimes': [1747796715.0, -1], 'StartTimes': [1747796934.0, 1747913935.0], 'EndTimes': [1747909865.0], 'TotalUserCpuTimeHistory': [105609.0, 0.0], 'TotalSysCpuTimeHistory': [60.0, 0.0], 'WallDurations': [9.0, 139.0392587184906, 112931.0, 0, 150.4806056022644], 'JobIds': ['83674007.0', '83674007.0'], 'State': 'running', 'RecordedSite': True}, '84': {'Retries': 0, 'Restarts': 0, 'SiteHistory': ['Unknown', 'T2_IT_Legnaro', 'T2_IT_Legnaro'], 'ResidentSetSize': [1284904], 'SubmitTimes': [1747796715.0], 'StartTimes': [1747796934.0], 'EndTimes': [], 'TotalUserCpuTimeHistory': [113126.0], 'TotalSysCpuTimeHistory': [26.0], 'WallDurations': [9.0, 139.0392587184906, 120030.0], 'JobIds': ['83674008.0'], 'State': 'failed', 'RecordedSite': True, 'Error': [50664, 'Not retrying job due to wall clock limit (job automatically killed on the worker node)', {}]}, '96': {'Retries': 0, 'Restarts': 1, 'SiteHistory': ['Unknown', 'T2_IT_Legnaro', 'T2_IT_Legnaro', 'Unknown', 'T2_IT_Legnaro'], 'ResidentSetSize': [1246516, 1250000], 'SubmitTimes': [1747796715.0, -1], 'StartTimes': [1747796934.0, 1747908807.0], 'EndTimes': [1747908602.0], 'TotalUserCpuTimeHistory': [104824.0, 2205.0], 'TotalSysCpuTimeHistory': [33.0, 4.0], 'WallDurations': [9.0, 139.0392587184906, 111668.0, 0, 2413.0], 'JobIds': ['83674009.0', '83674009.0'], 'State': 'running', 'RecordedSite': True}, '97': {'Retries': 0, 'Restarts': 1, 'SiteHistory': ['Unknown', 'T2_IT_Legnaro', 'T2_IT_Legnaro', 'Unknown', 'T2_IT_Legnaro'], 'ResidentSetSize': [1286196, 0], 'SubmitTimes': [1747796716.0, -1], 'StartTimes': [1747796935.0, 1747906784.0], 'EndTimes': [1747906193.0], 'TotalUserCpuTimeHistory': [103308.0, 0.0], 'TotalSysCpuTimeHistory': [32.0, 0.0], 'WallDurations': [9.0, 138.0392587184906, 109258.0, 0, 63.68403911590576], 'JobIds': ['83674010.0', '83674010.0'], 'State': 'running', 'RecordedSite': True}, '86': {'Retries': 0, 'Restarts': 0, 'SiteHistory': ['Unknown', 'T2_IT_Legnaro', 'T2_IT_Legnaro'], 'ResidentSetSize': [1258344], 'SubmitTimes': [1747796716.0], 'StartTimes': [1747796934.0], 'EndTimes': [], 'TotalUserCpuTimeHistory': [112334.0], 'TotalSysCpuTimeHistory': [49.0], 'WallDurations': [9.0, 139.0392587184906, 120043.0], 'JobIds': ['83674011.0'], 'State': 'failed', 'RecordedSite': True, 'Error': [50664, 'Not retrying job due to wall clock limit (job automatically killed on the worker node)', {}]}, '21': {'Retries': 0, 'Restarts': 0, 'SiteHistory': ['Unknown', 'T2_IT_Legnaro', 'T2_IT_Legnaro'], 'ResidentSetSize': [1270132], 'SubmitTimes': [1747796716.0], 'StartTimes': [1747796934.0], 'EndTimes': [], 'TotalUserCpuTimeHistory': [112749.0], 'TotalSysCpuTimeHistory': [52.0], 'WallDurations': [9.0, 139.0392587184906, 120029.0], 'JobIds': ['83674012.0'], 'State': 'failed', 'RecordedSite': True, 'Error': [50664, 'Not retrying job due to wall clock limit (job automatically killed on the worker node)', {}]}, '92': {'Retries': 0, 'Restarts': 0, 'SiteHistory': ['Unknown', 'T2_IT_Legnaro', 'T2_IT_Legnaro'], 'ResidentSetSize': [1253012], 'SubmitTimes': [1747796716.0], 'StartTimes': [1747796935.0], 'EndTimes': [], 'TotalUserCpuTimeHistory': [113027.0], 'TotalSysCpuTimeHistory': [31.0], 'WallDurations': [8.0, 138.0392587184906, 120009.0], 'JobIds': ['83674013.0'], 'State': 'failed', 'RecordedSite': True, 'Error': [50664, 'Not retrying job due to wall clock limit (job automatically killed on the worker node)', {}]}, '90': {'Retries': 0, 'Restarts': 0, 'SiteHistory': ['Unknown', 'T2_IT_Legnaro', 'T2_IT_Legnaro'], 'ResidentSetSize': [1252144], 'SubmitTimes': [1747796716.0], 'StartTimes': [1747796935.0], 'EndTimes': [], 'TotalUserCpuTimeHistory': [113456.0], 'TotalSysCpuTimeHistory': [39.0], 'WallDurations': [8.0, 138.0392587184906, 120042.0], 'JobIds': ['83674014.0'], 'State': 'failed', 'RecordedSite': True, 'Error': [50664, 'Not retrying job due to wall clock limit (job automatically killed on the worker node)', {}]}}
INFO 2025-05-22 20:49:55.188 UTC: 	 Status on the scheduler:	SUBMITTED
INFO 2025-05-22 20:49:55.189 UTC: 	 
Jobs status:                    failed       		 59.8% (58/97)
INFO 2025-05-22 20:49:55.189 UTC: 	 				finished     		  9.3% ( 9/97)
INFO 2025-05-22 20:49:55.189 UTC: 	 				running      		 30.9% (30/97)
INFO 2025-05-22 20:49:55.189 UTC: 	 
No publication information (publication has been disabled in the CRAB configuration file)
INFO 2025-05-22 20:49:55.189 UTC: 	 
Error Summary: (use crab status --verboseErrors for details about the errors)

58 jobs failed with exit code 50664

Have a look at https://twiki.cern.ch/twiki/bin/viewauth/CMSPublic/JobExitCodes for a description of the exit codes.
INFO 2025-05-22 20:49:55.191 UTC: 	 
Summary of run jobs:
 * Memory: 0MB min, 1266MB max, 1187MB ave
 * Runtime: 0:00:00 min, 33:20:53 max, 29:01:23 ave
 * CPU eff: 20% min, 95% max, 94% ave
 * Waste: 2:58:22 (0% of total)

INFO 2025-05-22 20:49:55.232 UTC: 	 Log file is /afs/cern.ch/user/a/amalhotr/CMSSW_14_0_18_patch1/src/Run3ScoutingAnalysisTools/crab_RealData_noLFNDirectory_All_v0/crab.log
DEBUG 2025-05-22 20:50:08.472 UTC: 	 CRAB Client version: v3.250409
DEBUG 2025-05-22 20:50:08.472 UTC: 	 Running on: Linux lxplus978.cern.ch 5.14.0-503.34.1.el9_5.x86_64 #1 SMP PREEMPT_DYNAMIC Mon Mar 17 21:49:47 EDT 2025 x86_64 x86_64 x86_64 GNU/Linux
DEBUG 2025-05-22 20:50:08.472 UTC: 	 Not using Singularity
DEBUG 2025-05-22 20:50:08.472 UTC: 	 Operating System: Red Hat Enterprise Linux 9.6 (Plow)
DEBUG 2025-05-22 20:50:08.472 UTC: 	 Executing command: 'kill'
DEBUG 2025-05-22 20:50:08.472 UTC: 	 Found CRAB cache file /afs/cern.ch/user/a/amalhotr/.crab3
DEBUG 2025-05-22 20:50:08.488 UTC: 	 Checking credentials
DEBUG 2025-05-22 20:50:08.488 UTC: 	 Found proxy file /tmp/x509up_u180451
DEBUG 2025-05-22 20:50:08.488 UTC: 	 Making sure it has proper VOMS extension
DEBUG 2025-05-22 20:50:08.488 UTC: 	 Executing command :
 voms-proxy-info --vo --file /tmp/x509up_u180451
DEBUG 2025-05-22 20:50:08.839 UTC: 	 output : cms

 error: 
 retcode : 0
DEBUG 2025-05-22 20:50:08.839 UTC: 	 Getting proxy life time left
DEBUG 2025-05-22 20:50:08.840 UTC: 	 Executing command :
 voms-proxy-info --actimeleft --timeleft --file /tmp/x509up_u180451
DEBUG 2025-05-22 20:50:09.218 UTC: 	 output : 682718
682717

 error: 
 retcode : 0
DEBUG 2025-05-22 20:50:09.219 UTC: 	 Proxy valid for 189:38:37 hours
DEBUG 2025-05-22 20:50:09.219 UTC: 	 Encoded data for curl request: subresource=delegatedn
DEBUG 2025-05-22 20:50:09.257 UTC: 	 Registering user credentials on myproxy for /DC=ch/DC=cern/OU=computers/CN=crab-(preprod|prod)-tw(01|02).cern.ch|/DC=ch/DC=cern/OU=computers/CN=crab-dev-tw(01|02|03|04).cern.ch|/DC=ch/DC=cern/OU=Organic Units/OU=Users/CN=cmscrab/CN=(817881|373708)/CN=Robot: cms crab|/DC=ch/DC=cern/OU=Organic Units/OU=Users/CN=crabint1/CN=373708/CN=Robot: CMS CRAB Integration 1
DEBUG 2025-05-22 20:50:09.257 UTC: 	 Executing command :
 voms-proxy-info --identity --file /tmp/x509up_u180451
DEBUG 2025-05-22 20:50:09.596 UTC: 	 output : /DC=ch/DC=cern/OU=Organic Units/OU=Users/CN=amalhotr/CN=884837/CN=Aryan Malhotra

 error: 
 retcode : 0
DEBUG 2025-05-22 20:50:09.596 UTC: 	 Getting myproxy life time left for 2382a3cf28fdeacb1de9b039908761ea517a5ed6
DEBUG 2025-05-22 20:50:09.596 UTC: 	 Executing command :
 myproxy-info -s myproxy.cern.ch -l 2382a3cf28fdeacb1de9b039908761ea517a5ed6
DEBUG 2025-05-22 20:50:09.860 UTC: 	 output : username: 2382a3cf28fdeacb1de9b039908761ea517a5ed6
owner: /DC=ch/DC=cern/OU=Organic Units/OU=Users/CN=amalhotr/CN=884837/CN=Aryan Malhotra
  renewal policy: /DC=ch/DC=cern/OU=computers/CN=crab-(preprod|prod)-tw(01|02).cern.ch|/DC=ch/DC=cern/OU=computers/CN=crab-dev-tw(01|02|03|04).cern.ch|/DC=ch/DC=cern/OU=Organic Units/OU=Users/CN=cmscrab/CN=(817881|373708)/CN=Robot: cms crab|/DC=ch/DC=cern/OU=Organic Units/OU=Users/CN=crabint1/CN=373708/CN=Robot: CMS CRAB Integration 1
  trusted retrieval policy: /DC=ch/DC=cern/OU=computers/CN=crab-(preprod|prod)-tw(01|02).cern.ch|/DC=ch/DC=cern/OU=computers/CN=crab-dev-tw(01|02|03|04).cern.ch|/DC=ch/DC=cern/OU=Organic Units/OU=Users/CN=cmscrab/CN=(817881|373708)/CN=Robot: cms crab|/DC=ch/DC=cern/OU=Organic Units/OU=Users/CN=crabint1/CN=373708/CN=Robot: CMS CRAB Integration 1
  timeleft: 538:03:24  (22.4 days)

 error: 
 retcode : 0
DEBUG 2025-05-22 20:50:09.860 UTC: 	 Myproxy is valid: 1936980
DEBUG 2025-05-22 20:50:09.860 UTC: 	 Result of myproxy credential check:
  Credential exists on myproxy: username: 2382a3cf28fdeacb1de9b039908761ea517a5ed6  - validity: 22 days, 10:03:00
DEBUG 2025-05-22 20:50:09.860 UTC: 	 Command use: kill
DEBUG 2025-05-22 20:50:09.860 UTC: 	 Options use: ['-d', './crab_RealData_noLFNDirectory_All_v0']
DEBUG 2025-05-22 20:50:09.861 UTC: 	 Encoded data for curl request: subresource=version
DEBUG 2025-05-22 20:50:09.919 UTC: 	 CRABClient version: v3.250409
DEBUG 2025-05-22 20:50:09.919 UTC: 	 Instance is prod
DEBUG 2025-05-22 20:50:09.919 UTC: 	 Server base url is cmsweb.cern.ch
DEBUG 2025-05-22 20:50:09.919 UTC: 	 Command api workflow
DEBUG 2025-05-22 20:50:09.919 UTC: 	 Killing task 250521_030302:amalhotr_crab_RealData_noLFNDirectory_All_v0
DEBUG 2025-05-22 20:50:09.920 UTC: 	 Encoded data for curl request: workflow=250521_030302%3Aamalhotr_crab_RealData_noLFNDirectory_All_v0
DEBUG 2025-05-22 20:50:09.976 UTC: 	 Result: {'desc': {'columns': ['tm_taskname', 'tm_task_status', 'tm_task_command', 'tm_user_role', 'tm_user_group', 'tm_task_failure', 'tm_split_algo', 'tm_split_args', 'tm_save_logs', 'tm_username', 'tm_user_dn', 'tm_arguments', 'tm_input_dataset', 'tm_dbs_url', 'tm_task_warnings', 'tm_publication', 'tm_user_webdir', 'tm_output_dataset', 'tm_collector', 'tm_schedd', 'tm_dry_run', 'clusterid', 'tm_start_time', 'tw_name', 'tm_dagman_status', 'tm_num_jobs', 'tm_uploaded']}, 'result': [{'result': 'ok'}]}
INFO 2025-05-22 20:50:09.976 UTC: 	 Kill request successfully sent
INFO 2025-05-22 20:50:09.977 UTC: 	 Log file is /afs/cern.ch/user/a/amalhotr/CMSSW_14_0_18_patch1/src/Run3ScoutingAnalysisTools/crab_RealData_noLFNDirectory_All_v0/crab.log
