DEBUG 2025-03-19 04:39:24.191 UTC: 	 CRAB Client version: v3.250217
DEBUG 2025-03-19 04:39:24.191 UTC: 	 Running on: Linux lxplus929.cern.ch 5.14.0-503.26.1.el9_5.x86_64 #1 SMP PREEMPT_DYNAMIC Mon Feb 10 05:23:56 EST 2025 x86_64 x86_64 x86_64 GNU/Linux
DEBUG 2025-03-19 04:39:24.191 UTC: 	 Not using Singularity
DEBUG 2025-03-19 04:39:24.191 UTC: 	 Operating System: Red Hat Enterprise Linux 9.5 (Plow)
DEBUG 2025-03-19 04:39:24.191 UTC: 	 Executing command: 'submit'
DEBUG 2025-03-19 04:39:24.191 UTC: 	 Found CRAB cache file /afs/cern.ch/user/a/amalhotr/.crab3
INFO 2025-03-19 04:39:24.192 UTC: 	 Will use CRAB configuration file Vertexer_CRAB.py
DEBUG 2025-03-19 04:39:24.192 UTC: 	 Loading CRAB configuration file.
DEBUG 2025-03-19 04:39:24.195 UTC: 	 Will use CRAB plugin ANALYSIS (i.e. will run an analysis job type).
DEBUG 2025-03-19 04:39:24.201 UTC: 	 Checking credentials
DEBUG 2025-03-19 04:39:24.201 UTC: 	 Found proxy file /tmp/x509up_u180451
DEBUG 2025-03-19 04:39:24.201 UTC: 	 Making sure it has proper VOMS extension
DEBUG 2025-03-19 04:39:24.201 UTC: 	 Executing command :
 voms-proxy-info --vo --file /tmp/x509up_u180451
DEBUG 2025-03-19 04:39:24.573 UTC: 	 output : cms

 error: 
 retcode : 0
DEBUG 2025-03-19 04:39:24.573 UTC: 	 Getting proxy life time left
DEBUG 2025-03-19 04:39:24.573 UTC: 	 Executing command :
 voms-proxy-info --actimeleft --timeleft --file /tmp/x509up_u180451
DEBUG 2025-03-19 04:39:24.914 UTC: 	 output : 41834
41834

 error: 
 retcode : 0
DEBUG 2025-03-19 04:39:24.914 UTC: 	 Proxy valid for 11:37:14 hours
DEBUG 2025-03-19 04:39:24.914 UTC: 	 Encoded data for curl request: subresource=delegatedn
DEBUG 2025-03-19 04:39:24.955 UTC: 	 Registering user credentials on myproxy for /DC=ch/DC=cern/OU=computers/CN=crab-(preprod|prod)-tw(01|02).cern.ch|/DC=ch/DC=cern/OU=computers/CN=crab-dev-tw(01|02|03|04).cern.ch|/DC=ch/DC=cern/OU=Organic Units/OU=Users/CN=cmscrab/CN=(817881|373708)/CN=Robot: cms crab|/DC=ch/DC=cern/OU=Organic Units/OU=Users/CN=crabint1/CN=373708/CN=Robot: CMS CRAB Integration 1
DEBUG 2025-03-19 04:39:24.955 UTC: 	 Executing command :
 voms-proxy-info --identity --file /tmp/x509up_u180451
DEBUG 2025-03-19 04:39:25.286 UTC: 	 output : /DC=ch/DC=cern/OU=Organic Units/OU=Users/CN=amalhotr/CN=884837/CN=Aryan Malhotra

 error: 
 retcode : 0
DEBUG 2025-03-19 04:39:25.287 UTC: 	 Getting myproxy life time left for 2382a3cf28fdeacb1de9b039908761ea517a5ed6
DEBUG 2025-03-19 04:39:25.287 UTC: 	 Executing command :
 myproxy-info -s myproxy.cern.ch -l 2382a3cf28fdeacb1de9b039908761ea517a5ed6
DEBUG 2025-03-19 04:39:25.582 UTC: 	 output : username: 2382a3cf28fdeacb1de9b039908761ea517a5ed6
owner: /DC=ch/DC=cern/OU=Organic Units/OU=Users/CN=amalhotr/CN=884837/CN=Aryan Malhotra
  renewal policy: /DC=ch/DC=cern/OU=computers/CN=crab-(preprod|prod)-tw(01|02).cern.ch|/DC=ch/DC=cern/OU=computers/CN=crab-dev-tw(01|02|03|04).cern.ch|/DC=ch/DC=cern/OU=Organic Units/OU=Users/CN=cmscrab/CN=(817881|373708)/CN=Robot: cms crab|/DC=ch/DC=cern/OU=Organic Units/OU=Users/CN=crabint1/CN=373708/CN=Robot: CMS CRAB Integration 1
  trusted retrieval policy: /DC=ch/DC=cern/OU=computers/CN=crab-(preprod|prod)-tw(01|02).cern.ch|/DC=ch/DC=cern/OU=computers/CN=crab-dev-tw(01|02|03|04).cern.ch|/DC=ch/DC=cern/OU=Organic Units/OU=Users/CN=cmscrab/CN=(817881|373708)/CN=Robot: cms crab|/DC=ch/DC=cern/OU=Organic Units/OU=Users/CN=crabint1/CN=373708/CN=Robot: CMS CRAB Integration 1
  timeleft: 719:40:53  (30.0 days)

 error: 
 retcode : 0
DEBUG 2025-03-19 04:39:25.582 UTC: 	 Myproxy is valid: 2590800
DEBUG 2025-03-19 04:39:25.582 UTC: 	 Result of myproxy credential check:
  Credential exists on myproxy: username: 2382a3cf28fdeacb1de9b039908761ea517a5ed6  - validity: 29 days, 23:40:00
DEBUG 2025-03-19 04:39:25.582 UTC: 	 Command use: submit
DEBUG 2025-03-19 04:39:25.582 UTC: 	 Options use: ['-c', 'Vertexer_CRAB.py']
DEBUG 2025-03-19 04:39:25.582 UTC: 	 Encoded data for curl request: subresource=version
DEBUG 2025-03-19 04:39:25.620 UTC: 	 CRABClient version: v3.250217
DEBUG 2025-03-19 04:39:25.621 UTC: 	 Instance is prod
DEBUG 2025-03-19 04:39:25.621 UTC: 	 Server base url is cmsweb.cern.ch
DEBUG 2025-03-19 04:39:25.621 UTC: 	 Command api workflow
DEBUG 2025-03-19 04:39:25.621 UTC: 	 Started submission
DEBUG 2025-03-19 04:39:25.621 UTC: 	 Working on /afs/cern.ch/user/a/amalhotr/CMSSW_14_0_18_patch1/src/Run3ScoutingAnalysisTools/crab_projects/crab_DYto2Mu4Jets_Vertexer_Mar20252
DEBUG 2025-03-19 04:39:25.621 UTC: 	 Encoded data for curl request: subresource=backendurls
DEBUG 2025-03-19 04:39:25.692 UTC: 	 Loading required information from the environment
DEBUG 2025-03-19 04:39:25.693 UTC: 	 Found CMSSW_14_0_18_patch1 for el9_amd64_gcc12 with base /afs/cern.ch/user/a/amalhotr/CMSSW_14_0_18_patch1
DEBUG 2025-03-19 04:39:25.693 UTC: 	 Loading required information from the environment
DEBUG 2025-03-19 04:39:25.693 UTC: 	 Found CMSSW_14_0_18_patch1 for el9_amd64_gcc12 with base /afs/cern.ch/user/a/amalhotr/CMSSW_14_0_18_patch1
DEBUG 2025-03-19 04:39:25.693 UTC: 	 UNIQUE NAME: tarUUID fb562575-d745-4d94-a230-848ded95aae0 
DEBUG 2025-03-19 04:39:25.693 UTC: 	 self.config: from WMCore.Configuration import Configuration
config = Configuration()
config.section_('General')
config.General.workArea = 'crab_projects'
config.General.transferOutputs = True
config.General.requestName = 'DYto2Mu4Jets_Vertexer_Mar20252'
config.General.transferLogs = True
config.section_('JobType')
config.JobType.psetName = 'Vertexer.py'
config.JobType.maxMemoryMB = 2500
config.JobType.pluginName = 'Analysis'
config.section_('Data')
config.Data.outputDatasetTag = 'DYto2Mu4Jets_Vertexer_Mar20252'
config.Data.unitsPerJob = 1
config.Data.splitting = 'FileBased'
config.Data.inputDBS = 'global'
config.Data.publication = False
config.Data.userInputFiles = ['/store/mc/RunIII2024Summer24MiniAOD/DYto2Mu-4Jets_Bin-MLL-50_TuneCP5_13p6TeV_madgraphMLM-pythia8/MINIAODSIM/140X_mcRun3_2024_realistic_v26-v2/2560000/ad749229-3094-410f-94e3-2e408518e395.root']
config.section_('Site')
config.Site.storageSite = 'T2_BR_SPRACE'
config.section_('User')
config.section_('Debug')

DEBUG 2025-03-19 04:39:25.693 UTC: 	 self.config.JobType.psetName: Vertexer.py
INFO 2025-03-19 04:39:25.693 UTC: 	 Importing CMSSW configuration Vertexer.py
INFO 2025-03-19 04:39:26.006 UTC: 	 Finished importing CMSSW configuration Vertexer.py
DEBUG 2025-03-19 04:39:26.006 UTC: 	 Writing CMSSW configuration to /afs/cern.ch/user/a/amalhotr/CMSSW_14_0_18_patch1/src/Run3ScoutingAnalysisTools/crab_projects/crab_DYto2Mu4Jets_Vertexer_Mar20252/inputs/PSet.py
DEBUG 2025-03-19 04:39:26.022 UTC: 	 The following EDM output files will be collected: ['DY2M_VertexerOutput.root']
DEBUG 2025-03-19 04:39:26.022 UTC: 	 The following TFile output files will be collected: []
DEBUG 2025-03-19 04:39:26.022 UTC: 	 The following user output files (not listed as PoolOuputModule or TFileService in the CMSSW PSet) will be collected: 
DEBUG 2025-03-19 04:39:26.022 UTC: 	 Loading required information from the environment
DEBUG 2025-03-19 04:39:26.022 UTC: 	 Found CMSSW_14_0_18_patch1 for el9_amd64_gcc12 with base /afs/cern.ch/user/a/amalhotr/CMSSW_14_0_18_patch1
DEBUG 2025-03-19 04:39:26.022 UTC: 	 Making tarball in /afs/cern.ch/user/a/amalhotr/CMSSW_14_0_18_patch1/src/Run3ScoutingAnalysisTools/crab_projects/crab_DYto2Mu4Jets_Vertexer_Mar20252/inputs/fb562575-d745-4d94-a230-848ded95aae0default.tgz
DEBUG 2025-03-19 04:39:26.023 UTC: 	 Checking directory /afs/cern.ch/user/a/amalhotr/CMSSW_14_0_18_patch1/bin
DEBUG 2025-03-19 04:39:26.023 UTC: 	 Adding directory /afs/cern.ch/user/a/amalhotr/CMSSW_14_0_18_patch1/bin to tarball
DEBUG 2025-03-19 04:39:26.035 UTC: 	 Checking directory /afs/cern.ch/user/a/amalhotr/CMSSW_14_0_18_patch1/python
DEBUG 2025-03-19 04:39:26.035 UTC: 	 Adding directory /afs/cern.ch/user/a/amalhotr/CMSSW_14_0_18_patch1/python to tarball
DEBUG 2025-03-19 04:39:26.063 UTC: 	 Checking directory /afs/cern.ch/user/a/amalhotr/CMSSW_14_0_18_patch1/cfipython
DEBUG 2025-03-19 04:39:26.063 UTC: 	 Adding directory /afs/cern.ch/user/a/amalhotr/CMSSW_14_0_18_patch1/cfipython to tarball
DEBUG 2025-03-19 04:39:26.072 UTC: 	 Checking directory /afs/cern.ch/user/a/amalhotr/CMSSW_14_0_18_patch1/lib
DEBUG 2025-03-19 04:39:26.072 UTC: 	 Adding directory /afs/cern.ch/user/a/amalhotr/CMSSW_14_0_18_patch1/lib to tarball
DEBUG 2025-03-19 04:39:26.133 UTC: 	 Checking directory /afs/cern.ch/user/a/amalhotr/CMSSW_14_0_18_patch1/biglib
DEBUG 2025-03-19 04:39:26.133 UTC: 	 Adding directory /afs/cern.ch/user/a/amalhotr/CMSSW_14_0_18_patch1/biglib to tarball
DEBUG 2025-03-19 04:39:26.134 UTC: 	 Checking directory /afs/cern.ch/user/a/amalhotr/CMSSW_14_0_18_patch1/module
DEBUG 2025-03-19 04:39:26.134 UTC: 	 Checking directory /afs/cern.ch/user/a/amalhotr/CMSSW_14_0_18_patch1/config/SCRAM/hooks
DEBUG 2025-03-19 04:39:26.134 UTC: 	 Adding directory /afs/cern.ch/user/a/amalhotr/CMSSW_14_0_18_patch1/config/SCRAM/hooks to tarball
DEBUG 2025-03-19 04:39:26.139 UTC: 	 Adding directory /afs/cern.ch/user/a/amalhotr/CMSSW_14_0_18_patch1/src/Run3ScoutingAnalysisTools/DataFormats/Scouting/interface to tarball
DEBUG 2025-03-19 04:39:26.188 UTC: 	 Adding directory /afs/cern.ch/user/a/amalhotr/CMSSW_14_0_18_patch1/src/Run3ScoutingAnalysisTools/ScoutingTreeMakerRun3/python to tarball
DEBUG 2025-03-19 04:39:26.189 UTC: 	 Adding directory /afs/cern.ch/user/a/amalhotr/CMSSW_14_0_18_patch1/src/DataFormats/Scouting/interface to tarball
DEBUG 2025-03-19 04:39:26.193 UTC: 	 Adding directory /afs/cern.ch/user/a/amalhotr/CMSSW_14_0_18_patch1/src/Configuration/GenProduction/python to tarball
DEBUG 2025-03-19 04:39:26.228 UTC: 	 Uploading archive /afs/cern.ch/user/a/amalhotr/CMSSW_14_0_18_patch1/src/Run3ScoutingAnalysisTools/crab_projects/crab_DYto2Mu4Jets_Vertexer_Mar20252/inputs/fb562575-d745-4d94-a230-848ded95aae0default.tgz (465 KB) to the CRAB cache. Using URI https://cmsweb.cern.ch/S3/crabcache_prod
DEBUG 2025-03-19 04:39:26.349 UTC: 	 Encoded data for curl request: subresource=upload&objecttype=sandbox&tarballname=ccc683cfa49ee2b59e05bf1841a86f46b67b26d10b17907c55634d7030a6472b.tar.gz
DEBUG 2025-03-19 04:39:26.430 UTC: 	 sandbox ccc683cfa49ee2b59e05bf1841a86f46b67b26d10b17907c55634d7030a6472b.tar.gz is already in the S3 store, will not upload again
DEBUG 2025-03-19 04:39:26.430 UTC: 	 Loading required information from the environment
DEBUG 2025-03-19 04:39:26.431 UTC: 	 Found CMSSW_14_0_18_patch1 for el9_amd64_gcc12 with base /afs/cern.ch/user/a/amalhotr/CMSSW_14_0_18_patch1
DEBUG 2025-03-19 04:39:26.431 UTC: 	 Making tarball in /afs/cern.ch/user/a/amalhotr/CMSSW_14_0_18_patch1/src/Run3ScoutingAnalysisTools/crab_projects/crab_DYto2Mu4Jets_Vertexer_Mar20252/inputs/debugFiles.tgz
DEBUG 2025-03-19 04:39:26.436 UTC: 	 Uploading archive /afs/cern.ch/user/a/amalhotr/CMSSW_14_0_18_patch1/src/Run3ScoutingAnalysisTools/crab_projects/crab_DYto2Mu4Jets_Vertexer_Mar20252/inputs/debugFiles.tgz (2 KB) to the CRAB cache. Using URI https://cmsweb.cern.ch/S3/crabcache_prod
DEBUG 2025-03-19 04:39:26.438 UTC: 	 Encoded data for curl request: subresource=upload&objecttype=sandbox&tarballname=0d91742949b59148274bc1c8e10e298eb84636d8792252800e870dc8687e8d97.tar.gz
DEBUG 2025-03-19 04:39:26.487 UTC: 	 Will execute:
curl -f -v -X POST  -H "User-Agent: CRAB" -F "key=amalhotr/sandboxes/0d91742949b59148274bc1c8e10e298eb84636d8792252800e870dc8687e8d97.tar.gz" -F "AWSAccessKeyId=715203df6482458ba839e73e6dab634b" -F "policy=eyJleHBpcmF0aW9uIjogIjIwMjUtMDMtMTlUMDU6Mzk6MjZaIiwgImNvbmRpdGlvbnMiOiBbeyJidWNrZXQiOiAiY3JhYmNhY2hlX3Byb2QifSwgeyJrZXkiOiAiYW1hbGhvdHIvc2FuZGJveGVzLzBkOTE3NDI5NDliNTkxNDgyNzRiYzFjOGUxMGUyOThlYjg0NjM2ZDg3OTIyNTI4MDBlODcwZGM4Njg3ZThkOTcudGFyLmd6In1dfQ==" -F "signature=hX5iUSjBJJ6Dus3kNkPhrNI0IsI=" -F "file=@/afs/cern.ch/user/a/amalhotr/CMSSW_14_0_18_patch1/src/Run3ScoutingAnalysisTools/crab_projects/crab_DYto2Mu4Jets_Vertexer_Mar20252/inputs/debugFiles.tgz" "https://s3.cern.ch/crabcache_prod"
DEBUG 2025-03-19 04:39:26.523 UTC: 	 exitcode: 0
stdout: b''
DEBUG 2025-03-19 04:39:26.523 UTC: 	 upload to S3 of sandbox /afs/cern.ch/user/a/amalhotr/CMSSW_14_0_18_patch1/src/Run3ScoutingAnalysisTools/crab_projects/crab_DYto2Mu4Jets_Vertexer_Mar20252/inputs/debugFiles.tgz completed
DEBUG 2025-03-19 04:39:26.523 UTC: 	 make sure that object is ready for retrieve
DEBUG 2025-03-19 04:39:27.525 UTC: 	 Encoded data for curl request: subresource=download&objecttype=sandbox&tarballname=0d91742949b59148274bc1c8e10e298eb84636d8792252800e870dc8687e8d97.tar.gz&clientmethod=head_object
DEBUG 2025-03-19 04:39:27.578 UTC: 	 PreSignedUrl to download sandbox received OK
DEBUG 2025-03-19 04:39:27.580 UTC: 	 Will execute:
 curl -v -s -f -o /dev/null --head  "https://s3.cern.ch/crabcache_prod/amalhotr/sandboxes/0d91742949b59148274bc1c8e10e298eb84636d8792252800e870dc8687e8d97.tar.gz?AWSAccessKeyId=715203df6482458ba839e73e6dab634b&Signature=yOtwFJv1honI%2F1UPEVDQLxmit%2B8%3D&Expires=1742362767"
DEBUG 2025-03-19 04:39:27.607 UTC: 	 exitcode: 0
stdout: b''
DEBUG 2025-03-19 04:39:27.607 UTC: 	 sandbox /afs/cern.ch/user/a/amalhotr/CMSSW_14_0_18_patch1/src/Run3ScoutingAnalysisTools/crab_projects/crab_DYto2Mu4Jets_Vertexer_Mar20252/inputs/debugFiles.tgz successfully uploaded to S3
DEBUG 2025-03-19 04:39:27.607 UTC: 	 Result uploading input files: ccc683cfa49ee2b59e05bf1841a86f46b67b26d10b17907c55634d7030a6472b.tar.gz 
DEBUG 2025-03-19 04:39:27.607 UTC: 	 Attaching list of user-specified primary input files.
DEBUG 2025-03-19 04:39:27.607 UTC: 	 submit() - self.configuration from WMCore.Configuration import Configuration
config = Configuration()
config.section_('General')
config.General.workArea = 'crab_projects'
config.General.transferOutputs = True
config.General.requestName = 'DYto2Mu4Jets_Vertexer_Mar20252'
config.General.transferLogs = True
config.section_('JobType')
config.JobType.psetName = 'Vertexer.py'
config.JobType.maxMemoryMB = 2500
config.JobType.pluginName = 'Analysis'
config.section_('Data')
config.Data.outputDatasetTag = 'DYto2Mu4Jets_Vertexer_Mar20252'
config.Data.unitsPerJob = 1
config.Data.splitting = 'FileBased'
config.Data.inputDBS = 'global'
config.Data.publication = False
config.Data.userInputFiles = ['/store/mc/RunIII2024Summer24MiniAOD/DYto2Mu-4Jets_Bin-MLL-50_TuneCP5_13p6TeV_madgraphMLM-pythia8/MINIAODSIM/140X_mcRun3_2024_realistic_v26-v2/2560000/ad749229-3094-410f-94e3-2e408518e395.root']
config.section_('Site')
config.Site.storageSite = 'T2_BR_SPRACE'
config.section_('User')
config.section_('Debug')

DEBUG 2025-03-19 04:39:27.607 UTC: 	 submit() - self.configreq {'dryrun': 0, 'workflow': 'crab_DYto2Mu4Jets_Vertexer_Mar20252', 'saveoutput': 1, 'savelogsflag': 1, 'nonvaliddata': 0, 'userfiles': ['/store/mc/RunIII2024Summer24MiniAOD/DYto2Mu-4Jets_Bin-MLL-50_TuneCP5_13p6TeV_madgraphMLM-pythia8/MINIAODSIM/140X_mcRun3_2024_realistic_v26-v2/2560000/ad749229-3094-410f-94e3-2e408518e395.root'], 'dbsurl': 'https://cmsweb.cern.ch/dbs/prod/global/DBSReader', 'useparent': 0, 'ignorelocality': 0, 'splitalgo': 'FileBased', 'algoargs': 1, 'totalunits': 0, 'publication': 0, 'publishdbsurl': 'https://cmsweb.cern.ch/dbs/prod/phys03/DBSWriter', 'publishname2': 'DYto2Mu4Jets_Vertexer_Mar20252', 'jobtype': 'Analysis', 'generator': 'pythia', 'addoutputfiles': [], 'maxjobruntime': 1250, 'numcores': 1, 'maxmemory': 2500, 'priority': 10, 'nonprodsw': 0, 'asyncdest': 'T2_BR_SPRACE', 'requireaccelerator': 0, 'oneEventMode': 0, 'extrajdl': [], 'ignoreglobalblacklist': 0, 'partialdataset': 0, 'inputblocks': []}
DEBUG 2025-03-19 04:39:27.607 UTC: 	 submit() - jobconfig {'addoutputfiles': [], 'tfileoutfiles': [], 'edmoutfiles': ['DY2M_VertexerOutput.root'], 'jobarch': 'el9_amd64_gcc12', 'jobminuarch': 'any', 'jobsw': 'CMSSW_14_0_18_patch1', 'cacheurl': 'https://cmsweb.cern.ch/S3/crabcache_prod', 'cachefilename': 'ccc683cfa49ee2b59e05bf1841a86f46b67b26d10b17907c55634d7030a6472b.tar.gz', 'debugfilename': '0d91742949b59148274bc1c8e10e298eb84636d8792252800e870dc8687e8d97.tar.gz', 'userfiles': {'/store/mc/RunIII2024Summer24MiniAOD/DYto2Mu-4Jets_Bin-MLL-50_TuneCP5_13p6TeV_madgraphMLM-pythia8/MINIAODSIM/140X_mcRun3_2024_realistic_v26-v2/2560000/ad749229-3094-410f-94e3-2e408518e395.root'}, 'primarydataset': 'CRAB_UserFiles', 'jobtype': 'Analysis'}
INFO 2025-03-19 04:39:27.607 UTC: 	 Sending the request to the server at cmsweb.cern.ch
DEBUG 2025-03-19 04:39:27.607 UTC: 	 Submitting {'dryrun': 0, 'workflow': 'crab_DYto2Mu4Jets_Vertexer_Mar20252', 'saveoutput': 1, 'savelogsflag': 1, 'nonvaliddata': 0, 'userfiles': {'/store/mc/RunIII2024Summer24MiniAOD/DYto2Mu-4Jets_Bin-MLL-50_TuneCP5_13p6TeV_madgraphMLM-pythia8/MINIAODSIM/140X_mcRun3_2024_realistic_v26-v2/2560000/ad749229-3094-410f-94e3-2e408518e395.root'}, 'dbsurl': 'https://cmsweb.cern.ch/dbs/prod/global/DBSReader', 'useparent': 0, 'ignorelocality': 0, 'splitalgo': 'FileBased', 'algoargs': 1, 'totalunits': 0, 'publication': 0, 'publishdbsurl': 'https://cmsweb.cern.ch/dbs/prod/phys03/DBSWriter', 'publishname2': 'DYto2Mu4Jets_Vertexer_Mar20252', 'jobtype': 'Analysis', 'generator': 'pythia', 'addoutputfiles': [], 'maxjobruntime': 1250, 'numcores': 1, 'maxmemory': 2500, 'priority': 10, 'nonprodsw': 0, 'asyncdest': 'T2_BR_SPRACE', 'requireaccelerator': 0, 'oneEventMode': 0, 'extrajdl': [], 'ignoreglobalblacklist': 0, 'partialdataset': 0, 'inputblocks': [], 'tfileoutfiles': [], 'edmoutfiles': ['DY2M_VertexerOutput.root'], 'jobarch': 'el9_amd64_gcc12', 'jobminuarch': 'any', 'jobsw': 'CMSSW_14_0_18_patch1', 'cacheurl': 'https://cmsweb.cern.ch/S3/crabcache_prod', 'cachefilename': 'ccc683cfa49ee2b59e05bf1841a86f46b67b26d10b17907c55634d7030a6472b.tar.gz', 'debugfilename': '0d91742949b59148274bc1c8e10e298eb84636d8792252800e870dc8687e8d97.tar.gz', 'primarydataset': 'CRAB_UserFiles'} 
DEBUG 2025-03-19 04:39:27.608 UTC: 	 Encoded data for curl request: dryrun=0&workflow=crab_DYto2Mu4Jets_Vertexer_Mar20252&saveoutput=1&savelogsflag=1&nonvaliddata=0&dbsurl=https%3A%2F%2Fcmsweb.cern.ch%2Fdbs%2Fprod%2Fglobal%2FDBSReader&useparent=0&ignorelocality=0&splitalgo=FileBased&algoargs=1&totalunits=0&publication=0&publishdbsurl=https%3A%2F%2Fcmsweb.cern.ch%2Fdbs%2Fprod%2Fphys03%2FDBSWriter&publishname2=DYto2Mu4Jets_Vertexer_Mar20252&jobtype=Analysis&generator=pythia&maxjobruntime=1250&numcores=1&maxmemory=2500&priority=10&nonprodsw=0&asyncdest=T2_BR_SPRACE&requireaccelerator=0&oneEventMode=0&ignoreglobalblacklist=0&partialdataset=0&jobarch=el9_amd64_gcc12&jobminuarch=any&jobsw=CMSSW_14_0_18_patch1&cacheurl=https%3A%2F%2Fcmsweb.cern.ch%2FS3%2Fcrabcache_prod&cachefilename=ccc683cfa49ee2b59e05bf1841a86f46b67b26d10b17907c55634d7030a6472b.tar.gz&debugfilename=0d91742949b59148274bc1c8e10e298eb84636d8792252800e870dc8687e8d97.tar.gz&primarydataset=CRAB_UserFiles&edmoutfiles=DY2M_VertexerOutput.root&userfiles=/store/mc/RunIII2024Summer24MiniAOD/DYto2Mu-4Jets_Bin-MLL-50_TuneCP5_13p6TeV_madgraphMLM-pythia8/MINIAODSIM/140X_mcRun3_2024_realistic_v26-v2/2560000/ad749229-3094-410f-94e3-2e408518e395.root
DEBUG 2025-03-19 04:39:27.794 UTC: 	 Result: {'result': [{'RequestName': '250319_043927:amalhotr_crab_DYto2Mu4Jets_Vertexer_Mar20252'}]}
INFO 2025-03-19 04:39:27.808 UTC: 	 Success: Your task has been delivered to the prod CRAB3 server.
INFO 2025-03-19 04:39:27.808 UTC: 	 Task name: 250319_043927:amalhotr_crab_DYto2Mu4Jets_Vertexer_Mar20252
INFO 2025-03-19 04:39:27.808 UTC: 	 Project dir: crab_projects/crab_DYto2Mu4Jets_Vertexer_Mar20252
INFO 2025-03-19 04:39:27.808 UTC: 	 Please use ' crab status -d crab_projects/crab_DYto2Mu4Jets_Vertexer_Mar20252 ' to check how the submission process proceeds.
DEBUG 2025-03-19 04:39:27.809 UTC: 	 About to return
INFO 2025-03-19 04:39:27.811 UTC: 	 Log file is /afs/cern.ch/user/a/amalhotr/CMSSW_14_0_18_patch1/src/Run3ScoutingAnalysisTools/crab_projects/crab_DYto2Mu4Jets_Vertexer_Mar20252/crab.log
DEBUG 2025-03-19 04:39:36.396 UTC: 	 CRAB Client version: v3.250217
DEBUG 2025-03-19 04:39:36.397 UTC: 	 Running on: Linux lxplus929.cern.ch 5.14.0-503.26.1.el9_5.x86_64 #1 SMP PREEMPT_DYNAMIC Mon Feb 10 05:23:56 EST 2025 x86_64 x86_64 x86_64 GNU/Linux
DEBUG 2025-03-19 04:39:36.397 UTC: 	 Not using Singularity
DEBUG 2025-03-19 04:39:36.397 UTC: 	 Operating System: Red Hat Enterprise Linux 9.5 (Plow)
DEBUG 2025-03-19 04:39:36.397 UTC: 	 Executing command: 'status'
DEBUG 2025-03-19 04:39:36.397 UTC: 	 Found CRAB cache file /afs/cern.ch/user/a/amalhotr/.crab3
DEBUG 2025-03-19 04:39:36.400 UTC: 	 Checking credentials
DEBUG 2025-03-19 04:39:36.400 UTC: 	 Found proxy file /tmp/x509up_u180451
DEBUG 2025-03-19 04:39:36.400 UTC: 	 Making sure it has proper VOMS extension
DEBUG 2025-03-19 04:39:36.400 UTC: 	 Executing command :
 voms-proxy-info --vo --file /tmp/x509up_u180451
DEBUG 2025-03-19 04:39:36.717 UTC: 	 output : cms

 error: 
 retcode : 0
DEBUG 2025-03-19 04:39:36.717 UTC: 	 Getting proxy life time left
DEBUG 2025-03-19 04:39:36.717 UTC: 	 Executing command :
 voms-proxy-info --actimeleft --timeleft --file /tmp/x509up_u180451
DEBUG 2025-03-19 04:39:37.055 UTC: 	 output : 41821
41821

 error: 
 retcode : 0
DEBUG 2025-03-19 04:39:37.055 UTC: 	 Proxy valid for 11:37:01 hours
DEBUG 2025-03-19 04:39:37.055 UTC: 	 Encoded data for curl request: subresource=delegatedn
DEBUG 2025-03-19 04:39:37.099 UTC: 	 Registering user credentials on myproxy for /DC=ch/DC=cern/OU=computers/CN=crab-(preprod|prod)-tw(01|02).cern.ch|/DC=ch/DC=cern/OU=computers/CN=crab-dev-tw(01|02|03|04).cern.ch|/DC=ch/DC=cern/OU=Organic Units/OU=Users/CN=cmscrab/CN=(817881|373708)/CN=Robot: cms crab|/DC=ch/DC=cern/OU=Organic Units/OU=Users/CN=crabint1/CN=373708/CN=Robot: CMS CRAB Integration 1
DEBUG 2025-03-19 04:39:37.099 UTC: 	 Executing command :
 voms-proxy-info --identity --file /tmp/x509up_u180451
DEBUG 2025-03-19 04:39:37.423 UTC: 	 output : /DC=ch/DC=cern/OU=Organic Units/OU=Users/CN=amalhotr/CN=884837/CN=Aryan Malhotra

 error: 
 retcode : 0
DEBUG 2025-03-19 04:39:37.423 UTC: 	 Getting myproxy life time left for 2382a3cf28fdeacb1de9b039908761ea517a5ed6
DEBUG 2025-03-19 04:39:37.423 UTC: 	 Executing command :
 myproxy-info -s myproxy.cern.ch -l 2382a3cf28fdeacb1de9b039908761ea517a5ed6
DEBUG 2025-03-19 04:39:37.703 UTC: 	 output : username: 2382a3cf28fdeacb1de9b039908761ea517a5ed6
owner: /DC=ch/DC=cern/OU=Organic Units/OU=Users/CN=amalhotr/CN=884837/CN=Aryan Malhotra
  renewal policy: /DC=ch/DC=cern/OU=computers/CN=crab-(preprod|prod)-tw(01|02).cern.ch|/DC=ch/DC=cern/OU=computers/CN=crab-dev-tw(01|02|03|04).cern.ch|/DC=ch/DC=cern/OU=Organic Units/OU=Users/CN=cmscrab/CN=(817881|373708)/CN=Robot: cms crab|/DC=ch/DC=cern/OU=Organic Units/OU=Users/CN=crabint1/CN=373708/CN=Robot: CMS CRAB Integration 1
  trusted retrieval policy: /DC=ch/DC=cern/OU=computers/CN=crab-(preprod|prod)-tw(01|02).cern.ch|/DC=ch/DC=cern/OU=computers/CN=crab-dev-tw(01|02|03|04).cern.ch|/DC=ch/DC=cern/OU=Organic Units/OU=Users/CN=cmscrab/CN=(817881|373708)/CN=Robot: cms crab|/DC=ch/DC=cern/OU=Organic Units/OU=Users/CN=crabint1/CN=373708/CN=Robot: CMS CRAB Integration 1
  timeleft: 719:40:41  (30.0 days)

 error: 
 retcode : 0
DEBUG 2025-03-19 04:39:37.704 UTC: 	 Myproxy is valid: 2590800
DEBUG 2025-03-19 04:39:37.704 UTC: 	 Result of myproxy credential check:
  Credential exists on myproxy: username: 2382a3cf28fdeacb1de9b039908761ea517a5ed6  - validity: 29 days, 23:40:00
DEBUG 2025-03-19 04:39:37.704 UTC: 	 Retrieving username ...
DEBUG 2025-03-19 04:39:37.704 UTC: 	 Retrieving username from CRIC...
DEBUG 2025-03-19 04:39:38.327 UTC: 	 username is amalhotr
INFO 2025-03-19 04:39:38.734 UTC: 	 Rucio client intialized for account amalhotr
DEBUG 2025-03-19 04:39:38.735 UTC: 	 Command use: status
DEBUG 2025-03-19 04:39:38.735 UTC: 	 Options use: ['-d', 'crab_projects/crab_DYto2Mu4Jets_Vertexer_Mar20252']
DEBUG 2025-03-19 04:39:38.735 UTC: 	 Encoded data for curl request: subresource=version
DEBUG 2025-03-19 04:39:38.783 UTC: 	 CRABClient version: v3.250217
DEBUG 2025-03-19 04:39:38.784 UTC: 	 Instance is prod
DEBUG 2025-03-19 04:39:38.784 UTC: 	 Server base url is cmsweb.cern.ch
DEBUG 2025-03-19 04:39:38.784 UTC: 	 Command api workflow
DEBUG 2025-03-19 04:39:38.784 UTC: 	 Encoded data for curl request: subresource=search&workflow=250319_043927%3Aamalhotr_crab_DYto2Mu4Jets_Vertexer_Mar20252
DEBUG 2025-03-19 04:39:38.824 UTC: 	 Got information from server oracle database: {'desc': {'columns': ['tm_taskname', 'tm_activity', 'tm_task_status', 'tm_task_command', 'tm_start_time', 'tm_start_injection', 'tm_end_injection', 'tm_task_failure', 'tm_job_sw', 'tm_job_arch', 'tm_input_dataset', 'tm_nonvalid_input_dataset', 'tm_use_parent', 'tm_site_whitelist', 'tm_site_blacklist', 'tm_split_algo', 'tm_split_args', 'tm_user_sandbox', 'tm_cache_url', 'tm_username', 'tm_user_dn', 'tm_user_vo', 'tm_user_role', 'tm_user_group', 'tm_publish_name', 'tm_publish_groupname', 'tm_asyncdest', 'tm_dbs_url', 'tm_publish_dbs_url', 'tm_publication', 'tm_outfiles', 'tm_tfile_outfiles', 'tm_edm_outfiles', 'tm_job_type', 'tm_generator', 'tm_events_per_lumi', 'tm_arguments', 'tm_save_logs', 'tw_name', 'tm_user_infiles', 'tm_maxjobruntime', 'tm_numcores', 'tm_maxmemory', 'tm_priority', 'tm_output_dataset', 'tm_task_warnings', 'tm_user_webdir', 'tm_scriptexe', 'tm_scriptargs', 'tm_extrajdl', 'tm_collector', 'tm_schedd', 'tm_dry_run', 'tm_user_files', 'tm_transfer_outputs', 'tm_output_lfn', 'tm_ignore_locality', 'tm_fail_limit', 'tm_one_event_mode', 'tm_secondary_input_dataset', 'tm_primary_dataset', 'tm_last_publication', 'tm_debug_files', 'clusterid', 'tm_ignore_global_blacklist', 'tm_submitter_ip_addr', 'tm_totalunits', 'tm_ddm_reqid', 'tm_user_config', 'tm_transfer_container', 'tm_transfer_rule', 'tm_publish_rule', 'tm_multipub_rule', 'tm_job_min_microarch']}, 'result': ['250319_043927:amalhotr_crab_DYto2Mu4Jets_Vertexer_Mar20252', 'None', 'WAITING', 'SUBMIT', '2025-03-19 04:39:27.787413', 'None', 'None', 'None', 'CMSSW_14_0_18_patch1', 'el9_amd64_gcc12', 'None', 'F', '0', '[]', '[]', 'FileBased', "{'halt_job_on_file_boundaries': False, 'splitOnRun': False, 'files_per_job': 1, 'runs': [], 'lumis': []}", 'ccc683cfa49ee2b59e05bf1841a86f46b67b26d10b17907c55634d7030a6472b.tar.gz', 'https://cmsweb.cern.ch/S3/crabcache_prod', 'amalhotr', '/DC=ch/DC=cern/OU=Organic Units/OU=Users/CN=amalhotr/CN=884837/CN=Aryan Malhotra', 'cms', 'None', 'None', 'DYto2Mu4Jets_Vertexer_Mar20252-00000000000000000000000000000000', 'F', 'T2_BR_SPRACE', 'https://cmsweb.cern.ch/dbs/prod/global/DBSReader', 'https://cmsweb.cern.ch/dbs/prod/phys03/DBSWriter', 'F', '[]', '[]', "['DY2M_VertexerOutput.root']", 'Analysis', 'pythia', 'None', '{}', 'T', 'NotKnownYet', '[]', '1250', '1', '2500', '10', 'None', '[]', 'None', 'None', '[]', '[]', 'cmsgwms-collector-global.cern.ch:9620,cmsgwms-collector-global.fnal.gov:9620', 'None', 'F', "['/store/mc/RunIII2024Summer24MiniAOD/DYto2Mu-4Jets_Bin-MLL-50_TuneCP5_13p6TeV_madgraphMLM-pythia8/MINIAODSIM/140X_mcRun3_2024_realistic_v26-v2/2560000/ad749229-3094-410f-94e3-2e408518e395.root']", 'T', '/store/user/amalhotr/', 'F', 'None', 'F', 'None', 'CRAB_UserFiles', 'None', '0d91742949b59148274bc1c8e10e298eb84636d8792252800e870dc8687e8d97.tar.gz', 'None', 'F', '188.184.73.32', '0.0', 'None', '{"partialdataset": false, "requireaccelerator": false, "acceleratorparams": null, "inputblocks": null}', 'None', 'None', 'None', 'None', 'any']}
INFO 2025-03-19 04:39:38.824 UTC: 	 CRAB project directory:		/afs/cern.ch/user/a/amalhotr/CMSSW_14_0_18_patch1/src/Run3ScoutingAnalysisTools/crab_projects/crab_DYto2Mu4Jets_Vertexer_Mar20252
INFO 2025-03-19 04:39:38.824 UTC: 	 Task name:			250319_043927:amalhotr_crab_DYto2Mu4Jets_Vertexer_Mar20252
INFO 2025-03-19 04:39:38.824 UTC: 	 Grid scheduler - Task Worker:	N/A yet - NotKnownYet
INFO 2025-03-19 04:39:38.824 UTC: 	 Status on the CRAB server:	WAITING on command SUBMIT
INFO 2025-03-19 04:39:38.825 UTC: 	 Task URL to use for HELP:	https://cmsweb.cern.ch/crabserver/ui/task/250319_043927%3Aamalhotr_crab_DYto2Mu4Jets_Vertexer_Mar20252
INFO 2025-03-19 04:39:38.832 UTC: 	 Dashboard monitoring URL:	https://monit-grafana.cern.ch/d/cmsTMDetail/cms-task-monitoring-task-view?orgId=11&var-user=amalhotr&var-task=250319_043927%3Aamalhotr_crab_DYto2Mu4Jets_Vertexer_Mar20252&from=1742355567000&to=now
DEBUG 2025-03-19 04:39:38.832 UTC: 	 The task has not been submitted to the Grid scheduler yet. Not printing job information.
INFO 2025-03-19 04:39:38.833 UTC: 	 Log file is /afs/cern.ch/user/a/amalhotr/CMSSW_14_0_18_patch1/src/Run3ScoutingAnalysisTools/crab_projects/crab_DYto2Mu4Jets_Vertexer_Mar20252/crab.log
DEBUG 2025-03-19 04:58:02.044 UTC: 	 CRAB Client version: v3.250217
DEBUG 2025-03-19 04:58:02.044 UTC: 	 Running on: Linux lxplus929.cern.ch 5.14.0-503.26.1.el9_5.x86_64 #1 SMP PREEMPT_DYNAMIC Mon Feb 10 05:23:56 EST 2025 x86_64 x86_64 x86_64 GNU/Linux
DEBUG 2025-03-19 04:58:02.044 UTC: 	 Not using Singularity
DEBUG 2025-03-19 04:58:02.044 UTC: 	 Operating System: Red Hat Enterprise Linux 9.5 (Plow)
DEBUG 2025-03-19 04:58:02.044 UTC: 	 Executing command: 'status'
DEBUG 2025-03-19 04:58:02.045 UTC: 	 Found CRAB cache file /afs/cern.ch/user/a/amalhotr/.crab3
DEBUG 2025-03-19 04:58:02.052 UTC: 	 Checking credentials
DEBUG 2025-03-19 04:58:02.052 UTC: 	 Found proxy file /tmp/x509up_u180451
DEBUG 2025-03-19 04:58:02.052 UTC: 	 Making sure it has proper VOMS extension
DEBUG 2025-03-19 04:58:02.052 UTC: 	 Executing command :
 voms-proxy-info --vo --file /tmp/x509up_u180451
DEBUG 2025-03-19 04:58:02.402 UTC: 	 output : cms

 error: 
 retcode : 0
DEBUG 2025-03-19 04:58:02.403 UTC: 	 Getting proxy life time left
DEBUG 2025-03-19 04:58:02.403 UTC: 	 Executing command :
 voms-proxy-info --actimeleft --timeleft --file /tmp/x509up_u180451
DEBUG 2025-03-19 04:58:02.737 UTC: 	 output : 40716
40716

 error: 
 retcode : 0
DEBUG 2025-03-19 04:58:02.737 UTC: 	 Proxy valid for 11:18:36 hours
DEBUG 2025-03-19 04:58:02.737 UTC: 	 Encoded data for curl request: subresource=delegatedn
DEBUG 2025-03-19 04:58:02.826 UTC: 	 Registering user credentials on myproxy for /DC=ch/DC=cern/OU=computers/CN=crab-(preprod|prod)-tw(01|02).cern.ch|/DC=ch/DC=cern/OU=computers/CN=crab-dev-tw(01|02|03|04).cern.ch|/DC=ch/DC=cern/OU=Organic Units/OU=Users/CN=cmscrab/CN=(817881|373708)/CN=Robot: cms crab|/DC=ch/DC=cern/OU=Organic Units/OU=Users/CN=crabint1/CN=373708/CN=Robot: CMS CRAB Integration 1
DEBUG 2025-03-19 04:58:02.826 UTC: 	 Executing command :
 voms-proxy-info --identity --file /tmp/x509up_u180451
DEBUG 2025-03-19 04:58:03.162 UTC: 	 output : /DC=ch/DC=cern/OU=Organic Units/OU=Users/CN=amalhotr/CN=884837/CN=Aryan Malhotra

 error: 
 retcode : 0
DEBUG 2025-03-19 04:58:03.162 UTC: 	 Getting myproxy life time left for 2382a3cf28fdeacb1de9b039908761ea517a5ed6
DEBUG 2025-03-19 04:58:03.162 UTC: 	 Executing command :
 myproxy-info -s myproxy.cern.ch -l 2382a3cf28fdeacb1de9b039908761ea517a5ed6
DEBUG 2025-03-19 04:58:03.429 UTC: 	 output : username: 2382a3cf28fdeacb1de9b039908761ea517a5ed6
owner: /DC=ch/DC=cern/OU=Organic Units/OU=Users/CN=amalhotr/CN=884837/CN=Aryan Malhotra
  renewal policy: /DC=ch/DC=cern/OU=computers/CN=crab-(preprod|prod)-tw(01|02).cern.ch|/DC=ch/DC=cern/OU=computers/CN=crab-dev-tw(01|02|03|04).cern.ch|/DC=ch/DC=cern/OU=Organic Units/OU=Users/CN=cmscrab/CN=(817881|373708)/CN=Robot: cms crab|/DC=ch/DC=cern/OU=Organic Units/OU=Users/CN=crabint1/CN=373708/CN=Robot: CMS CRAB Integration 1
  trusted retrieval policy: /DC=ch/DC=cern/OU=computers/CN=crab-(preprod|prod)-tw(01|02).cern.ch|/DC=ch/DC=cern/OU=computers/CN=crab-dev-tw(01|02|03|04).cern.ch|/DC=ch/DC=cern/OU=Organic Units/OU=Users/CN=cmscrab/CN=(817881|373708)/CN=Robot: cms crab|/DC=ch/DC=cern/OU=Organic Units/OU=Users/CN=crabint1/CN=373708/CN=Robot: CMS CRAB Integration 1
  timeleft: 719:22:15  (30.0 days)

 error: 
 retcode : 0
DEBUG 2025-03-19 04:58:03.429 UTC: 	 Myproxy is valid: 2589720
DEBUG 2025-03-19 04:58:03.429 UTC: 	 Result of myproxy credential check:
  Credential exists on myproxy: username: 2382a3cf28fdeacb1de9b039908761ea517a5ed6  - validity: 29 days, 23:22:00
DEBUG 2025-03-19 04:58:03.429 UTC: 	 Retrieving username ...
DEBUG 2025-03-19 04:58:03.429 UTC: 	 Retrieving username from CRIC...
DEBUG 2025-03-19 04:58:04.104 UTC: 	 username is amalhotr
INFO 2025-03-19 04:58:04.567 UTC: 	 Rucio client intialized for account amalhotr
DEBUG 2025-03-19 04:58:04.568 UTC: 	 Command use: status
DEBUG 2025-03-19 04:58:04.568 UTC: 	 Options use: ['-d', 'crab_projects/crab_DYto2Mu4Jets_Vertexer_Mar20252']
DEBUG 2025-03-19 04:58:04.568 UTC: 	 Encoded data for curl request: subresource=version
DEBUG 2025-03-19 04:58:04.608 UTC: 	 CRABClient version: v3.250217
DEBUG 2025-03-19 04:58:04.609 UTC: 	 Instance is prod
DEBUG 2025-03-19 04:58:04.609 UTC: 	 Server base url is cmsweb.cern.ch
DEBUG 2025-03-19 04:58:04.609 UTC: 	 Command api workflow
DEBUG 2025-03-19 04:58:04.609 UTC: 	 Encoded data for curl request: subresource=search&workflow=250319_043927%3Aamalhotr_crab_DYto2Mu4Jets_Vertexer_Mar20252
DEBUG 2025-03-19 04:58:04.668 UTC: 	 Got information from server oracle database: {'desc': {'columns': ['tm_taskname', 'tm_activity', 'tm_task_status', 'tm_task_command', 'tm_start_time', 'tm_start_injection', 'tm_end_injection', 'tm_task_failure', 'tm_job_sw', 'tm_job_arch', 'tm_input_dataset', 'tm_nonvalid_input_dataset', 'tm_use_parent', 'tm_site_whitelist', 'tm_site_blacklist', 'tm_split_algo', 'tm_split_args', 'tm_user_sandbox', 'tm_cache_url', 'tm_username', 'tm_user_dn', 'tm_user_vo', 'tm_user_role', 'tm_user_group', 'tm_publish_name', 'tm_publish_groupname', 'tm_asyncdest', 'tm_dbs_url', 'tm_publish_dbs_url', 'tm_publication', 'tm_outfiles', 'tm_tfile_outfiles', 'tm_edm_outfiles', 'tm_job_type', 'tm_generator', 'tm_events_per_lumi', 'tm_arguments', 'tm_save_logs', 'tw_name', 'tm_user_infiles', 'tm_maxjobruntime', 'tm_numcores', 'tm_maxmemory', 'tm_priority', 'tm_output_dataset', 'tm_task_warnings', 'tm_user_webdir', 'tm_scriptexe', 'tm_scriptargs', 'tm_extrajdl', 'tm_collector', 'tm_schedd', 'tm_dry_run', 'tm_user_files', 'tm_transfer_outputs', 'tm_output_lfn', 'tm_ignore_locality', 'tm_fail_limit', 'tm_one_event_mode', 'tm_secondary_input_dataset', 'tm_primary_dataset', 'tm_last_publication', 'tm_debug_files', 'clusterid', 'tm_ignore_global_blacklist', 'tm_submitter_ip_addr', 'tm_totalunits', 'tm_ddm_reqid', 'tm_user_config', 'tm_transfer_container', 'tm_transfer_rule', 'tm_publish_rule', 'tm_multipub_rule', 'tm_job_min_microarch']}, 'result': ['250319_043927:amalhotr_crab_DYto2Mu4Jets_Vertexer_Mar20252', 'None', 'SUBMITTED', 'SUBMIT', '2025-03-19 04:39:27.787413', 'None', '2025-03-19 04:40:28.291342', 'None', 'CMSSW_14_0_18_patch1', 'el9_amd64_gcc12', 'None', 'F', '0', '[]', '[]', 'FileBased', "{'halt_job_on_file_boundaries': False, 'splitOnRun': False, 'files_per_job': 1, 'runs': [], 'lumis': []}", 'ccc683cfa49ee2b59e05bf1841a86f46b67b26d10b17907c55634d7030a6472b.tar.gz', 'https://cmsweb.cern.ch/S3/crabcache_prod', 'amalhotr', '/DC=ch/DC=cern/OU=Organic Units/OU=Users/CN=amalhotr/CN=884837/CN=Aryan Malhotra', 'cms', 'None', 'None', 'DYto2Mu4Jets_Vertexer_Mar20252-00000000000000000000000000000000', 'F', 'T2_BR_SPRACE', 'https://cmsweb.cern.ch/dbs/prod/global/DBSReader', 'https://cmsweb.cern.ch/dbs/prod/phys03/DBSWriter', 'F', '[]', '[]', "['DY2M_VertexerOutput.root']", 'Analysis', 'pythia', 'None', '{}', 'T', 'crab-prod-tw01', '[]', '1250', '1', '2500', '10', 'None', '[]', 'http://vocms0144.cern.ch/mon/amalhotr/250319_043927:amalhotr_crab_DYto2Mu4Jets_Vertexer_Mar20252', 'None', '[]', '[]', 'cmsgwms-collector-global.cern.ch:9620,cmsgwms-collector-global.fnal.gov:9620', 'crab3@vocms0144.cern.ch', 'F', "['/store/mc/RunIII2024Summer24MiniAOD/DYto2Mu-4Jets_Bin-MLL-50_TuneCP5_13p6TeV_madgraphMLM-pythia8/MINIAODSIM/140X_mcRun3_2024_realistic_v26-v2/2560000/ad749229-3094-410f-94e3-2e408518e395.root']", 'T', '/store/user/amalhotr/', 'F', 'None', 'F', 'None', 'CRAB_UserFiles', 'None', '0d91742949b59148274bc1c8e10e298eb84636d8792252800e870dc8687e8d97.tar.gz', '121299635', 'F', '188.184.73.32', '0.0', 'None', '{"partialdataset": false, "requireaccelerator": false, "acceleratorparams": null, "inputblocks": null}', 'None', 'None', 'None', 'None', 'any']}
INFO 2025-03-19 04:58:04.668 UTC: 	 CRAB project directory:		/afs/cern.ch/user/a/amalhotr/CMSSW_14_0_18_patch1/src/Run3ScoutingAnalysisTools/crab_projects/crab_DYto2Mu4Jets_Vertexer_Mar20252
INFO 2025-03-19 04:58:04.668 UTC: 	 Task name:			250319_043927:amalhotr_crab_DYto2Mu4Jets_Vertexer_Mar20252
INFO 2025-03-19 04:58:04.668 UTC: 	 Grid scheduler - Task Worker:	crab3@vocms0144.cern.ch - crab-prod-tw01
INFO 2025-03-19 04:58:04.668 UTC: 	 Status on the CRAB server:	SUBMITTED
INFO 2025-03-19 04:58:04.668 UTC: 	 Task URL to use for HELP:	https://cmsweb.cern.ch/crabserver/ui/task/250319_043927%3Aamalhotr_crab_DYto2Mu4Jets_Vertexer_Mar20252
INFO 2025-03-19 04:58:04.676 UTC: 	 Dashboard monitoring URL:	https://monit-grafana.cern.ch/d/cmsTMDetail/cms-task-monitoring-task-view?orgId=11&var-user=amalhotr&var-task=250319_043927%3Aamalhotr_crab_DYto2Mu4Jets_Vertexer_Mar20252&from=1742355567000&to=now
DEBUG 2025-03-19 04:58:04.676 UTC: 	 The CRAB server submitted your task to the Grid scheduler (cluster ID: 121299635)
DEBUG 2025-03-19 04:58:04.676 UTC: 	 Webdir is located at http://vocms0144.cern.ch/mon/amalhotr/250319_043927:amalhotr_crab_DYto2Mu4Jets_Vertexer_Mar20252
DEBUG 2025-03-19 04:58:04.676 UTC: 	 Encoded data for curl request: subresource=webdirprx&workflow=250319_043927%3Aamalhotr_crab_DYto2Mu4Jets_Vertexer_Mar20252
DEBUG 2025-03-19 04:58:04.725 UTC: 	 Proxied webdir is located at https://cmsweb.cern.ch:8443/scheddmon/0144/amalhotr/250319_043927:amalhotr_crab_DYto2Mu4Jets_Vertexer_Mar20252
DEBUG 2025-03-19 04:58:04.725 UTC: 	 Retrieving 'status_cache' file from https://cmsweb.cern.ch:8443/scheddmon/0144/amalhotr/250319_043927:amalhotr_crab_DYto2Mu4Jets_Vertexer_Mar20252/status_cache.pkl
DEBUG 2025-03-19 04:58:04.725 UTC: 	 Will execute:
curl -sS --capath /etc/grid-security/certificates --cert /tmp/x509up_u180451 --key /tmp/x509up_u180451 -o /tmp/crab_status-cache-ma057zqk.pkl -w %"{http_code}" "https://cmsweb.cern.ch:8443/scheddmon/0144/amalhotr/250319_043927:amalhotr_crab_DYto2Mu4Jets_Vertexer_Mar20252/status_cache.pkl"
DEBUG 2025-03-19 04:58:04.725 UTC: 	 Executing command :
 curl -sS --capath /etc/grid-security/certificates --cert /tmp/x509up_u180451 --key /tmp/x509up_u180451 -o /tmp/crab_status-cache-ma057zqk.pkl -w %"{http_code}" "https://cmsweb.cern.ch:8443/scheddmon/0144/amalhotr/250319_043927:amalhotr_crab_DYto2Mu4Jets_Vertexer_Mar20252/status_cache.pkl"
DEBUG 2025-03-19 04:58:04.760 UTC: 	 output : 200
 error: 
 retcode : 0
DEBUG 2025-03-19 04:58:04.760 UTC: 	 exitcode: 0
stdout: 200
stderr: 
error details: 
DEBUG 2025-03-19 04:58:04.760 UTC: 	 Got information from status cache file: {'1': {'Retries': 0, 'Restarts': 0, 'SiteHistory': ['Unknown', 'T2_CH_CERN', 'T2_CH_CERN'], 'ResidentSetSize': [1117200], 'SubmitTimes': [1742359295.0], 'StartTimes': [1742359660.0], 'EndTimes': [], 'TotalUserCpuTimeHistory': [20.0], 'TotalSysCpuTimeHistory': [3.0], 'WallDurations': [9.0, 296.05475902557373, 310.0], 'JobIds': ['121299637.0'], 'State': 'running', 'RecordedSite': True}}
INFO 2025-03-19 04:58:04.760 UTC: 	 Status on the scheduler:	SUBMITTED
INFO 2025-03-19 04:58:04.760 UTC: 	 
Jobs status:                    running      		100.0% (1/1)
INFO 2025-03-19 04:58:04.760 UTC: 	 
No publication information (publication has been disabled in the CRAB configuration file)
INFO 2025-03-19 04:58:04.765 UTC: 	 Log file is /afs/cern.ch/user/a/amalhotr/CMSSW_14_0_18_patch1/src/Run3ScoutingAnalysisTools/crab_projects/crab_DYto2Mu4Jets_Vertexer_Mar20252/crab.log
DEBUG 2025-03-19 05:08:30.955 UTC: 	 CRAB Client version: v3.250217
DEBUG 2025-03-19 05:08:30.955 UTC: 	 Running on: Linux lxplus929.cern.ch 5.14.0-503.26.1.el9_5.x86_64 #1 SMP PREEMPT_DYNAMIC Mon Feb 10 05:23:56 EST 2025 x86_64 x86_64 x86_64 GNU/Linux
DEBUG 2025-03-19 05:08:30.955 UTC: 	 Not using Singularity
DEBUG 2025-03-19 05:08:30.955 UTC: 	 Operating System: Red Hat Enterprise Linux 9.5 (Plow)
DEBUG 2025-03-19 05:08:30.955 UTC: 	 Executing command: 'status'
DEBUG 2025-03-19 05:08:30.956 UTC: 	 Found CRAB cache file /afs/cern.ch/user/a/amalhotr/.crab3
DEBUG 2025-03-19 05:08:30.960 UTC: 	 Checking credentials
DEBUG 2025-03-19 05:08:30.960 UTC: 	 Found proxy file /tmp/x509up_u180451
DEBUG 2025-03-19 05:08:30.960 UTC: 	 Making sure it has proper VOMS extension
DEBUG 2025-03-19 05:08:30.960 UTC: 	 Executing command :
 voms-proxy-info --vo --file /tmp/x509up_u180451
DEBUG 2025-03-19 05:08:31.290 UTC: 	 output : cms

 error: 
 retcode : 0
DEBUG 2025-03-19 05:08:31.290 UTC: 	 Getting proxy life time left
DEBUG 2025-03-19 05:08:31.290 UTC: 	 Executing command :
 voms-proxy-info --actimeleft --timeleft --file /tmp/x509up_u180451
DEBUG 2025-03-19 05:08:31.653 UTC: 	 output : 40087
40087

 error: 
 retcode : 0
DEBUG 2025-03-19 05:08:31.654 UTC: 	 Proxy valid for 11:08:07 hours
DEBUG 2025-03-19 05:08:31.654 UTC: 	 Encoded data for curl request: subresource=delegatedn
DEBUG 2025-03-19 05:08:31.698 UTC: 	 Registering user credentials on myproxy for /DC=ch/DC=cern/OU=computers/CN=crab-(preprod|prod)-tw(01|02).cern.ch|/DC=ch/DC=cern/OU=computers/CN=crab-dev-tw(01|02|03|04).cern.ch|/DC=ch/DC=cern/OU=Organic Units/OU=Users/CN=cmscrab/CN=(817881|373708)/CN=Robot: cms crab|/DC=ch/DC=cern/OU=Organic Units/OU=Users/CN=crabint1/CN=373708/CN=Robot: CMS CRAB Integration 1
DEBUG 2025-03-19 05:08:31.698 UTC: 	 Executing command :
 voms-proxy-info --identity --file /tmp/x509up_u180451
DEBUG 2025-03-19 05:08:32.017 UTC: 	 output : /DC=ch/DC=cern/OU=Organic Units/OU=Users/CN=amalhotr/CN=884837/CN=Aryan Malhotra

 error: 
 retcode : 0
DEBUG 2025-03-19 05:08:32.017 UTC: 	 Getting myproxy life time left for 2382a3cf28fdeacb1de9b039908761ea517a5ed6
DEBUG 2025-03-19 05:08:32.017 UTC: 	 Executing command :
 myproxy-info -s myproxy.cern.ch -l 2382a3cf28fdeacb1de9b039908761ea517a5ed6
DEBUG 2025-03-19 05:08:32.312 UTC: 	 output : username: 2382a3cf28fdeacb1de9b039908761ea517a5ed6
owner: /DC=ch/DC=cern/OU=Organic Units/OU=Users/CN=amalhotr/CN=884837/CN=Aryan Malhotra
  renewal policy: /DC=ch/DC=cern/OU=computers/CN=crab-(preprod|prod)-tw(01|02).cern.ch|/DC=ch/DC=cern/OU=computers/CN=crab-dev-tw(01|02|03|04).cern.ch|/DC=ch/DC=cern/OU=Organic Units/OU=Users/CN=cmscrab/CN=(817881|373708)/CN=Robot: cms crab|/DC=ch/DC=cern/OU=Organic Units/OU=Users/CN=crabint1/CN=373708/CN=Robot: CMS CRAB Integration 1
  trusted retrieval policy: /DC=ch/DC=cern/OU=computers/CN=crab-(preprod|prod)-tw(01|02).cern.ch|/DC=ch/DC=cern/OU=computers/CN=crab-dev-tw(01|02|03|04).cern.ch|/DC=ch/DC=cern/OU=Organic Units/OU=Users/CN=cmscrab/CN=(817881|373708)/CN=Robot: cms crab|/DC=ch/DC=cern/OU=Organic Units/OU=Users/CN=crabint1/CN=373708/CN=Robot: CMS CRAB Integration 1
  timeleft: 719:11:46  (30.0 days)

 error: 
 retcode : 0
DEBUG 2025-03-19 05:08:32.313 UTC: 	 Myproxy is valid: 2589060
DEBUG 2025-03-19 05:08:32.313 UTC: 	 Result of myproxy credential check:
  Credential exists on myproxy: username: 2382a3cf28fdeacb1de9b039908761ea517a5ed6  - validity: 29 days, 23:11:00
DEBUG 2025-03-19 05:08:32.313 UTC: 	 Retrieving username ...
DEBUG 2025-03-19 05:08:32.313 UTC: 	 Retrieving username from CRIC...
DEBUG 2025-03-19 05:08:32.932 UTC: 	 username is amalhotr
INFO 2025-03-19 05:08:33.311 UTC: 	 Rucio client intialized for account amalhotr
DEBUG 2025-03-19 05:08:33.312 UTC: 	 Command use: status
DEBUG 2025-03-19 05:08:33.312 UTC: 	 Options use: ['-d', 'crab_projects/crab_DYto2Mu4Jets_Vertexer_Mar20252']
DEBUG 2025-03-19 05:08:33.312 UTC: 	 Encoded data for curl request: subresource=version
DEBUG 2025-03-19 05:08:33.349 UTC: 	 CRABClient version: v3.250217
DEBUG 2025-03-19 05:08:33.349 UTC: 	 Instance is prod
DEBUG 2025-03-19 05:08:33.349 UTC: 	 Server base url is cmsweb.cern.ch
DEBUG 2025-03-19 05:08:33.349 UTC: 	 Command api workflow
DEBUG 2025-03-19 05:08:33.350 UTC: 	 Encoded data for curl request: subresource=search&workflow=250319_043927%3Aamalhotr_crab_DYto2Mu4Jets_Vertexer_Mar20252
DEBUG 2025-03-19 05:08:33.392 UTC: 	 Got information from server oracle database: {'desc': {'columns': ['tm_taskname', 'tm_activity', 'tm_task_status', 'tm_task_command', 'tm_start_time', 'tm_start_injection', 'tm_end_injection', 'tm_task_failure', 'tm_job_sw', 'tm_job_arch', 'tm_input_dataset', 'tm_nonvalid_input_dataset', 'tm_use_parent', 'tm_site_whitelist', 'tm_site_blacklist', 'tm_split_algo', 'tm_split_args', 'tm_user_sandbox', 'tm_cache_url', 'tm_username', 'tm_user_dn', 'tm_user_vo', 'tm_user_role', 'tm_user_group', 'tm_publish_name', 'tm_publish_groupname', 'tm_asyncdest', 'tm_dbs_url', 'tm_publish_dbs_url', 'tm_publication', 'tm_outfiles', 'tm_tfile_outfiles', 'tm_edm_outfiles', 'tm_job_type', 'tm_generator', 'tm_events_per_lumi', 'tm_arguments', 'tm_save_logs', 'tw_name', 'tm_user_infiles', 'tm_maxjobruntime', 'tm_numcores', 'tm_maxmemory', 'tm_priority', 'tm_output_dataset', 'tm_task_warnings', 'tm_user_webdir', 'tm_scriptexe', 'tm_scriptargs', 'tm_extrajdl', 'tm_collector', 'tm_schedd', 'tm_dry_run', 'tm_user_files', 'tm_transfer_outputs', 'tm_output_lfn', 'tm_ignore_locality', 'tm_fail_limit', 'tm_one_event_mode', 'tm_secondary_input_dataset', 'tm_primary_dataset', 'tm_last_publication', 'tm_debug_files', 'clusterid', 'tm_ignore_global_blacklist', 'tm_submitter_ip_addr', 'tm_totalunits', 'tm_ddm_reqid', 'tm_user_config', 'tm_transfer_container', 'tm_transfer_rule', 'tm_publish_rule', 'tm_multipub_rule', 'tm_job_min_microarch']}, 'result': ['250319_043927:amalhotr_crab_DYto2Mu4Jets_Vertexer_Mar20252', 'None', 'SUBMITTED', 'SUBMIT', '2025-03-19 04:39:27.787413', 'None', '2025-03-19 04:40:28.291342', 'None', 'CMSSW_14_0_18_patch1', 'el9_amd64_gcc12', 'None', 'F', '0', '[]', '[]', 'FileBased', "{'halt_job_on_file_boundaries': False, 'splitOnRun': False, 'files_per_job': 1, 'runs': [], 'lumis': []}", 'ccc683cfa49ee2b59e05bf1841a86f46b67b26d10b17907c55634d7030a6472b.tar.gz', 'https://cmsweb.cern.ch/S3/crabcache_prod', 'amalhotr', '/DC=ch/DC=cern/OU=Organic Units/OU=Users/CN=amalhotr/CN=884837/CN=Aryan Malhotra', 'cms', 'None', 'None', 'DYto2Mu4Jets_Vertexer_Mar20252-00000000000000000000000000000000', 'F', 'T2_BR_SPRACE', 'https://cmsweb.cern.ch/dbs/prod/global/DBSReader', 'https://cmsweb.cern.ch/dbs/prod/phys03/DBSWriter', 'F', '[]', '[]', "['DY2M_VertexerOutput.root']", 'Analysis', 'pythia', 'None', '{}', 'T', 'crab-prod-tw01', '[]', '1250', '1', '2500', '10', 'None', '[]', 'http://vocms0144.cern.ch/mon/amalhotr/250319_043927:amalhotr_crab_DYto2Mu4Jets_Vertexer_Mar20252', 'None', '[]', '[]', 'cmsgwms-collector-global.cern.ch:9620,cmsgwms-collector-global.fnal.gov:9620', 'crab3@vocms0144.cern.ch', 'F', "['/store/mc/RunIII2024Summer24MiniAOD/DYto2Mu-4Jets_Bin-MLL-50_TuneCP5_13p6TeV_madgraphMLM-pythia8/MINIAODSIM/140X_mcRun3_2024_realistic_v26-v2/2560000/ad749229-3094-410f-94e3-2e408518e395.root']", 'T', '/store/user/amalhotr/', 'F', 'None', 'F', 'None', 'CRAB_UserFiles', 'None', '0d91742949b59148274bc1c8e10e298eb84636d8792252800e870dc8687e8d97.tar.gz', '121299635', 'F', '188.184.73.32', '0.0', 'None', '{"partialdataset": false, "requireaccelerator": false, "acceleratorparams": null, "inputblocks": null}', 'None', 'None', 'None', 'None', 'any']}
INFO 2025-03-19 05:08:33.392 UTC: 	 CRAB project directory:		/afs/cern.ch/user/a/amalhotr/CMSSW_14_0_18_patch1/src/Run3ScoutingAnalysisTools/crab_projects/crab_DYto2Mu4Jets_Vertexer_Mar20252
INFO 2025-03-19 05:08:33.392 UTC: 	 Task name:			250319_043927:amalhotr_crab_DYto2Mu4Jets_Vertexer_Mar20252
INFO 2025-03-19 05:08:33.392 UTC: 	 Grid scheduler - Task Worker:	crab3@vocms0144.cern.ch - crab-prod-tw01
INFO 2025-03-19 05:08:33.392 UTC: 	 Status on the CRAB server:	SUBMITTED
INFO 2025-03-19 05:08:33.392 UTC: 	 Task URL to use for HELP:	https://cmsweb.cern.ch/crabserver/ui/task/250319_043927%3Aamalhotr_crab_DYto2Mu4Jets_Vertexer_Mar20252
INFO 2025-03-19 05:08:33.398 UTC: 	 Dashboard monitoring URL:	https://monit-grafana.cern.ch/d/cmsTMDetail/cms-task-monitoring-task-view?orgId=11&var-user=amalhotr&var-task=250319_043927%3Aamalhotr_crab_DYto2Mu4Jets_Vertexer_Mar20252&from=1742355567000&to=now
DEBUG 2025-03-19 05:08:33.398 UTC: 	 The CRAB server submitted your task to the Grid scheduler (cluster ID: 121299635)
DEBUG 2025-03-19 05:08:33.398 UTC: 	 Webdir is located at http://vocms0144.cern.ch/mon/amalhotr/250319_043927:amalhotr_crab_DYto2Mu4Jets_Vertexer_Mar20252
DEBUG 2025-03-19 05:08:33.398 UTC: 	 Encoded data for curl request: subresource=webdirprx&workflow=250319_043927%3Aamalhotr_crab_DYto2Mu4Jets_Vertexer_Mar20252
DEBUG 2025-03-19 05:08:33.436 UTC: 	 Proxied webdir is located at https://cmsweb.cern.ch:8443/scheddmon/0144/amalhotr/250319_043927:amalhotr_crab_DYto2Mu4Jets_Vertexer_Mar20252
DEBUG 2025-03-19 05:08:33.437 UTC: 	 Retrieving 'status_cache' file from https://cmsweb.cern.ch:8443/scheddmon/0144/amalhotr/250319_043927:amalhotr_crab_DYto2Mu4Jets_Vertexer_Mar20252/status_cache.pkl
DEBUG 2025-03-19 05:08:33.437 UTC: 	 Will execute:
curl -sS --capath /etc/grid-security/certificates --cert /tmp/x509up_u180451 --key /tmp/x509up_u180451 -o /tmp/crab_status-cache-zh2nnl7k.pkl -w %"{http_code}" "https://cmsweb.cern.ch:8443/scheddmon/0144/amalhotr/250319_043927:amalhotr_crab_DYto2Mu4Jets_Vertexer_Mar20252/status_cache.pkl"
DEBUG 2025-03-19 05:08:33.437 UTC: 	 Executing command :
 curl -sS --capath /etc/grid-security/certificates --cert /tmp/x509up_u180451 --key /tmp/x509up_u180451 -o /tmp/crab_status-cache-zh2nnl7k.pkl -w %"{http_code}" "https://cmsweb.cern.ch:8443/scheddmon/0144/amalhotr/250319_043927:amalhotr_crab_DYto2Mu4Jets_Vertexer_Mar20252/status_cache.pkl"
DEBUG 2025-03-19 05:08:33.470 UTC: 	 output : 200
 error: 
 retcode : 0
DEBUG 2025-03-19 05:08:33.470 UTC: 	 exitcode: 0
stdout: 200
stderr: 
error details: 
DEBUG 2025-03-19 05:08:33.470 UTC: 	 Got information from status cache file: {'1': {'Retries': 0, 'Restarts': 0, 'SiteHistory': ['Unknown', 'T2_CH_CERN', 'T2_CH_CERN'], 'ResidentSetSize': [1117200], 'SubmitTimes': [1742359295.0], 'StartTimes': [1742359660.0], 'EndTimes': [], 'TotalUserCpuTimeHistory': [22.0], 'TotalSysCpuTimeHistory': [4.0], 'WallDurations': [9.0, 296.05475902557373, 610.0], 'JobIds': ['121299637.0'], 'State': 'running', 'RecordedSite': True}}
INFO 2025-03-19 05:08:33.470 UTC: 	 Status on the scheduler:	SUBMITTED
INFO 2025-03-19 05:08:33.470 UTC: 	 
Jobs status:                    running      		100.0% (1/1)
INFO 2025-03-19 05:08:33.471 UTC: 	 
No publication information (publication has been disabled in the CRAB configuration file)
INFO 2025-03-19 05:08:33.492 UTC: 	 Log file is /afs/cern.ch/user/a/amalhotr/CMSSW_14_0_18_patch1/src/Run3ScoutingAnalysisTools/crab_projects/crab_DYto2Mu4Jets_Vertexer_Mar20252/crab.log
DEBUG 2025-03-19 05:14:01.139 UTC: 	 CRAB Client version: v3.250217
DEBUG 2025-03-19 05:14:01.140 UTC: 	 Running on: Linux lxplus929.cern.ch 5.14.0-503.26.1.el9_5.x86_64 #1 SMP PREEMPT_DYNAMIC Mon Feb 10 05:23:56 EST 2025 x86_64 x86_64 x86_64 GNU/Linux
DEBUG 2025-03-19 05:14:01.140 UTC: 	 Not using Singularity
DEBUG 2025-03-19 05:14:01.140 UTC: 	 Operating System: Red Hat Enterprise Linux 9.5 (Plow)
DEBUG 2025-03-19 05:14:01.140 UTC: 	 Executing command: 'status'
DEBUG 2025-03-19 05:14:01.140 UTC: 	 Found CRAB cache file /afs/cern.ch/user/a/amalhotr/.crab3
DEBUG 2025-03-19 05:14:01.147 UTC: 	 Checking credentials
DEBUG 2025-03-19 05:14:01.147 UTC: 	 Found proxy file /tmp/x509up_u180451
DEBUG 2025-03-19 05:14:01.148 UTC: 	 Making sure it has proper VOMS extension
DEBUG 2025-03-19 05:14:01.148 UTC: 	 Executing command :
 voms-proxy-info --vo --file /tmp/x509up_u180451
DEBUG 2025-03-19 05:14:01.509 UTC: 	 output : cms

 error: 
 retcode : 0
DEBUG 2025-03-19 05:14:01.509 UTC: 	 Getting proxy life time left
DEBUG 2025-03-19 05:14:01.509 UTC: 	 Executing command :
 voms-proxy-info --actimeleft --timeleft --file /tmp/x509up_u180451
DEBUG 2025-03-19 05:14:01.841 UTC: 	 output : 43054
43054

 error: 
 retcode : 0
DEBUG 2025-03-19 05:14:01.841 UTC: 	 Proxy valid for 11:57:34 hours
DEBUG 2025-03-19 05:14:01.841 UTC: 	 Encoded data for curl request: subresource=delegatedn
DEBUG 2025-03-19 05:14:01.886 UTC: 	 Registering user credentials on myproxy for /DC=ch/DC=cern/OU=computers/CN=crab-(preprod|prod)-tw(01|02).cern.ch|/DC=ch/DC=cern/OU=computers/CN=crab-dev-tw(01|02|03|04).cern.ch|/DC=ch/DC=cern/OU=Organic Units/OU=Users/CN=cmscrab/CN=(817881|373708)/CN=Robot: cms crab|/DC=ch/DC=cern/OU=Organic Units/OU=Users/CN=crabint1/CN=373708/CN=Robot: CMS CRAB Integration 1
DEBUG 2025-03-19 05:14:01.886 UTC: 	 Executing command :
 voms-proxy-info --identity --file /tmp/x509up_u180451
DEBUG 2025-03-19 05:14:02.225 UTC: 	 output : /DC=ch/DC=cern/OU=Organic Units/OU=Users/CN=amalhotr/CN=884837/CN=Aryan Malhotra

 error: 
 retcode : 0
DEBUG 2025-03-19 05:14:02.225 UTC: 	 Getting myproxy life time left for 2382a3cf28fdeacb1de9b039908761ea517a5ed6
DEBUG 2025-03-19 05:14:02.225 UTC: 	 Executing command :
 myproxy-info -s myproxy.cern.ch -l 2382a3cf28fdeacb1de9b039908761ea517a5ed6
DEBUG 2025-03-19 05:14:02.565 UTC: 	 output : username: 2382a3cf28fdeacb1de9b039908761ea517a5ed6
owner: /DC=ch/DC=cern/OU=Organic Units/OU=Users/CN=amalhotr/CN=884837/CN=Aryan Malhotra
  renewal policy: /DC=ch/DC=cern/OU=computers/CN=crab-(preprod|prod)-tw(01|02).cern.ch|/DC=ch/DC=cern/OU=computers/CN=crab-dev-tw(01|02|03|04).cern.ch|/DC=ch/DC=cern/OU=Organic Units/OU=Users/CN=cmscrab/CN=(817881|373708)/CN=Robot: cms crab|/DC=ch/DC=cern/OU=Organic Units/OU=Users/CN=crabint1/CN=373708/CN=Robot: CMS CRAB Integration 1
  trusted retrieval policy: /DC=ch/DC=cern/OU=computers/CN=crab-(preprod|prod)-tw(01|02).cern.ch|/DC=ch/DC=cern/OU=computers/CN=crab-dev-tw(01|02|03|04).cern.ch|/DC=ch/DC=cern/OU=Organic Units/OU=Users/CN=cmscrab/CN=(817881|373708)/CN=Robot: cms crab|/DC=ch/DC=cern/OU=Organic Units/OU=Users/CN=crabint1/CN=373708/CN=Robot: CMS CRAB Integration 1
  timeleft: 719:06:16  (30.0 days)

 error: 
 retcode : 0
DEBUG 2025-03-19 05:14:02.565 UTC: 	 Myproxy is valid: 2588760
DEBUG 2025-03-19 05:14:02.565 UTC: 	 Result of myproxy credential check:
  Credential exists on myproxy: username: 2382a3cf28fdeacb1de9b039908761ea517a5ed6  - validity: 29 days, 23:06:00
DEBUG 2025-03-19 05:14:02.565 UTC: 	 Retrieving username ...
DEBUG 2025-03-19 05:14:02.565 UTC: 	 Retrieving username from CRIC...
DEBUG 2025-03-19 05:14:03.188 UTC: 	 username is amalhotr
INFO 2025-03-19 05:14:03.657 UTC: 	 Rucio client intialized for account amalhotr
DEBUG 2025-03-19 05:14:03.657 UTC: 	 Command use: status
DEBUG 2025-03-19 05:14:03.657 UTC: 	 Options use: ['-d', 'crab_projects/crab_DYto2Mu4Jets_Vertexer_Mar20252']
DEBUG 2025-03-19 05:14:03.657 UTC: 	 Encoded data for curl request: subresource=version
DEBUG 2025-03-19 05:14:03.695 UTC: 	 CRABClient version: v3.250217
DEBUG 2025-03-19 05:14:03.695 UTC: 	 Instance is prod
DEBUG 2025-03-19 05:14:03.695 UTC: 	 Server base url is cmsweb.cern.ch
DEBUG 2025-03-19 05:14:03.695 UTC: 	 Command api workflow
DEBUG 2025-03-19 05:14:03.696 UTC: 	 Encoded data for curl request: subresource=search&workflow=250319_043927%3Aamalhotr_crab_DYto2Mu4Jets_Vertexer_Mar20252
DEBUG 2025-03-19 05:14:03.741 UTC: 	 Got information from server oracle database: {'desc': {'columns': ['tm_taskname', 'tm_activity', 'tm_task_status', 'tm_task_command', 'tm_start_time', 'tm_start_injection', 'tm_end_injection', 'tm_task_failure', 'tm_job_sw', 'tm_job_arch', 'tm_input_dataset', 'tm_nonvalid_input_dataset', 'tm_use_parent', 'tm_site_whitelist', 'tm_site_blacklist', 'tm_split_algo', 'tm_split_args', 'tm_user_sandbox', 'tm_cache_url', 'tm_username', 'tm_user_dn', 'tm_user_vo', 'tm_user_role', 'tm_user_group', 'tm_publish_name', 'tm_publish_groupname', 'tm_asyncdest', 'tm_dbs_url', 'tm_publish_dbs_url', 'tm_publication', 'tm_outfiles', 'tm_tfile_outfiles', 'tm_edm_outfiles', 'tm_job_type', 'tm_generator', 'tm_events_per_lumi', 'tm_arguments', 'tm_save_logs', 'tw_name', 'tm_user_infiles', 'tm_maxjobruntime', 'tm_numcores', 'tm_maxmemory', 'tm_priority', 'tm_output_dataset', 'tm_task_warnings', 'tm_user_webdir', 'tm_scriptexe', 'tm_scriptargs', 'tm_extrajdl', 'tm_collector', 'tm_schedd', 'tm_dry_run', 'tm_user_files', 'tm_transfer_outputs', 'tm_output_lfn', 'tm_ignore_locality', 'tm_fail_limit', 'tm_one_event_mode', 'tm_secondary_input_dataset', 'tm_primary_dataset', 'tm_last_publication', 'tm_debug_files', 'clusterid', 'tm_ignore_global_blacklist', 'tm_submitter_ip_addr', 'tm_totalunits', 'tm_ddm_reqid', 'tm_user_config', 'tm_transfer_container', 'tm_transfer_rule', 'tm_publish_rule', 'tm_multipub_rule', 'tm_job_min_microarch']}, 'result': ['250319_043927:amalhotr_crab_DYto2Mu4Jets_Vertexer_Mar20252', 'None', 'SUBMITTED', 'SUBMIT', '2025-03-19 04:39:27.787413', 'None', '2025-03-19 04:40:28.291342', 'None', 'CMSSW_14_0_18_patch1', 'el9_amd64_gcc12', 'None', 'F', '0', '[]', '[]', 'FileBased', "{'halt_job_on_file_boundaries': False, 'splitOnRun': False, 'files_per_job': 1, 'runs': [], 'lumis': []}", 'ccc683cfa49ee2b59e05bf1841a86f46b67b26d10b17907c55634d7030a6472b.tar.gz', 'https://cmsweb.cern.ch/S3/crabcache_prod', 'amalhotr', '/DC=ch/DC=cern/OU=Organic Units/OU=Users/CN=amalhotr/CN=884837/CN=Aryan Malhotra', 'cms', 'None', 'None', 'DYto2Mu4Jets_Vertexer_Mar20252-00000000000000000000000000000000', 'F', 'T2_BR_SPRACE', 'https://cmsweb.cern.ch/dbs/prod/global/DBSReader', 'https://cmsweb.cern.ch/dbs/prod/phys03/DBSWriter', 'F', '[]', '[]', "['DY2M_VertexerOutput.root']", 'Analysis', 'pythia', 'None', '{}', 'T', 'crab-prod-tw01', '[]', '1250', '1', '2500', '10', 'None', '[]', 'http://vocms0144.cern.ch/mon/amalhotr/250319_043927:amalhotr_crab_DYto2Mu4Jets_Vertexer_Mar20252', 'None', '[]', '[]', 'cmsgwms-collector-global.cern.ch:9620,cmsgwms-collector-global.fnal.gov:9620', 'crab3@vocms0144.cern.ch', 'F', "['/store/mc/RunIII2024Summer24MiniAOD/DYto2Mu-4Jets_Bin-MLL-50_TuneCP5_13p6TeV_madgraphMLM-pythia8/MINIAODSIM/140X_mcRun3_2024_realistic_v26-v2/2560000/ad749229-3094-410f-94e3-2e408518e395.root']", 'T', '/store/user/amalhotr/', 'F', 'None', 'F', 'None', 'CRAB_UserFiles', 'None', '0d91742949b59148274bc1c8e10e298eb84636d8792252800e870dc8687e8d97.tar.gz', '121299635', 'F', '188.184.73.32', '0.0', 'None', '{"partialdataset": false, "requireaccelerator": false, "acceleratorparams": null, "inputblocks": null}', 'None', 'None', 'None', 'None', 'any']}
INFO 2025-03-19 05:14:03.742 UTC: 	 CRAB project directory:		/afs/cern.ch/user/a/amalhotr/CMSSW_14_0_18_patch1/src/Run3ScoutingAnalysisTools/crab_projects/crab_DYto2Mu4Jets_Vertexer_Mar20252
INFO 2025-03-19 05:14:03.742 UTC: 	 Task name:			250319_043927:amalhotr_crab_DYto2Mu4Jets_Vertexer_Mar20252
INFO 2025-03-19 05:14:03.742 UTC: 	 Grid scheduler - Task Worker:	crab3@vocms0144.cern.ch - crab-prod-tw01
INFO 2025-03-19 05:14:03.742 UTC: 	 Status on the CRAB server:	SUBMITTED
INFO 2025-03-19 05:14:03.742 UTC: 	 Task URL to use for HELP:	https://cmsweb.cern.ch/crabserver/ui/task/250319_043927%3Aamalhotr_crab_DYto2Mu4Jets_Vertexer_Mar20252
INFO 2025-03-19 05:14:03.749 UTC: 	 Dashboard monitoring URL:	https://monit-grafana.cern.ch/d/cmsTMDetail/cms-task-monitoring-task-view?orgId=11&var-user=amalhotr&var-task=250319_043927%3Aamalhotr_crab_DYto2Mu4Jets_Vertexer_Mar20252&from=1742355567000&to=now
DEBUG 2025-03-19 05:14:03.749 UTC: 	 The CRAB server submitted your task to the Grid scheduler (cluster ID: 121299635)
DEBUG 2025-03-19 05:14:03.749 UTC: 	 Webdir is located at http://vocms0144.cern.ch/mon/amalhotr/250319_043927:amalhotr_crab_DYto2Mu4Jets_Vertexer_Mar20252
DEBUG 2025-03-19 05:14:03.750 UTC: 	 Encoded data for curl request: subresource=webdirprx&workflow=250319_043927%3Aamalhotr_crab_DYto2Mu4Jets_Vertexer_Mar20252
DEBUG 2025-03-19 05:14:03.797 UTC: 	 Proxied webdir is located at https://cmsweb.cern.ch:8443/scheddmon/0144/amalhotr/250319_043927:amalhotr_crab_DYto2Mu4Jets_Vertexer_Mar20252
DEBUG 2025-03-19 05:14:03.797 UTC: 	 Retrieving 'status_cache' file from https://cmsweb.cern.ch:8443/scheddmon/0144/amalhotr/250319_043927:amalhotr_crab_DYto2Mu4Jets_Vertexer_Mar20252/status_cache.pkl
DEBUG 2025-03-19 05:14:03.797 UTC: 	 Will execute:
curl -sS --capath /etc/grid-security/certificates --cert /tmp/x509up_u180451 --key /tmp/x509up_u180451 -o /tmp/crab_status-cache-hxus8oki.pkl -w %"{http_code}" "https://cmsweb.cern.ch:8443/scheddmon/0144/amalhotr/250319_043927:amalhotr_crab_DYto2Mu4Jets_Vertexer_Mar20252/status_cache.pkl"
DEBUG 2025-03-19 05:14:03.797 UTC: 	 Executing command :
 curl -sS --capath /etc/grid-security/certificates --cert /tmp/x509up_u180451 --key /tmp/x509up_u180451 -o /tmp/crab_status-cache-hxus8oki.pkl -w %"{http_code}" "https://cmsweb.cern.ch:8443/scheddmon/0144/amalhotr/250319_043927:amalhotr_crab_DYto2Mu4Jets_Vertexer_Mar20252/status_cache.pkl"
DEBUG 2025-03-19 05:14:03.842 UTC: 	 output : 200
 error: 
 retcode : 0
DEBUG 2025-03-19 05:14:03.842 UTC: 	 exitcode: 0
stdout: 200
stderr: 
error details: 
DEBUG 2025-03-19 05:14:03.842 UTC: 	 Got information from status cache file: {'1': {'Retries': 0, 'Restarts': 0, 'SiteHistory': ['Unknown', 'T2_CH_CERN', 'T2_CH_CERN'], 'ResidentSetSize': [1121348], 'SubmitTimes': [1742359295.0], 'StartTimes': [1742359660.0], 'EndTimes': [], 'TotalUserCpuTimeHistory': [25.0], 'TotalSysCpuTimeHistory': [7.0], 'WallDurations': [9.0, 296.05475902557373, 1211.0], 'JobIds': ['121299637.0'], 'State': 'running', 'RecordedSite': True}}
INFO 2025-03-19 05:14:03.842 UTC: 	 Status on the scheduler:	SUBMITTED
INFO 2025-03-19 05:14:03.843 UTC: 	 
Jobs status:                    running      		100.0% (1/1)
INFO 2025-03-19 05:14:03.843 UTC: 	 
No publication information (publication has been disabled in the CRAB configuration file)
INFO 2025-03-19 05:14:03.844 UTC: 	 Log file is /afs/cern.ch/user/a/amalhotr/CMSSW_14_0_18_patch1/src/Run3ScoutingAnalysisTools/crab_projects/crab_DYto2Mu4Jets_Vertexer_Mar20252/crab.log
DEBUG 2025-03-19 05:14:24.441 UTC: 	 CRAB Client version: v3.250217
DEBUG 2025-03-19 05:14:24.442 UTC: 	 Running on: Linux lxplus929.cern.ch 5.14.0-503.26.1.el9_5.x86_64 #1 SMP PREEMPT_DYNAMIC Mon Feb 10 05:23:56 EST 2025 x86_64 x86_64 x86_64 GNU/Linux
DEBUG 2025-03-19 05:14:24.442 UTC: 	 Not using Singularity
DEBUG 2025-03-19 05:14:24.442 UTC: 	 Operating System: Red Hat Enterprise Linux 9.5 (Plow)
DEBUG 2025-03-19 05:14:24.442 UTC: 	 Executing command: 'status'
DEBUG 2025-03-19 05:14:24.442 UTC: 	 Found CRAB cache file /afs/cern.ch/user/a/amalhotr/.crab3
DEBUG 2025-03-19 05:14:24.446 UTC: 	 Checking credentials
DEBUG 2025-03-19 05:14:24.446 UTC: 	 Found proxy file /tmp/x509up_u180451
DEBUG 2025-03-19 05:14:24.446 UTC: 	 Making sure it has proper VOMS extension
DEBUG 2025-03-19 05:14:24.446 UTC: 	 Executing command :
 voms-proxy-info --vo --file /tmp/x509up_u180451
DEBUG 2025-03-19 05:14:24.794 UTC: 	 output : cms

 error: 
 retcode : 0
DEBUG 2025-03-19 05:14:24.794 UTC: 	 Getting proxy life time left
DEBUG 2025-03-19 05:14:24.794 UTC: 	 Executing command :
 voms-proxy-info --actimeleft --timeleft --file /tmp/x509up_u180451
DEBUG 2025-03-19 05:14:25.123 UTC: 	 output : 43030
43030

 error: 
 retcode : 0
DEBUG 2025-03-19 05:14:25.123 UTC: 	 Proxy valid for 11:57:10 hours
DEBUG 2025-03-19 05:14:25.124 UTC: 	 Encoded data for curl request: subresource=delegatedn
DEBUG 2025-03-19 05:14:25.164 UTC: 	 Registering user credentials on myproxy for /DC=ch/DC=cern/OU=computers/CN=crab-(preprod|prod)-tw(01|02).cern.ch|/DC=ch/DC=cern/OU=computers/CN=crab-dev-tw(01|02|03|04).cern.ch|/DC=ch/DC=cern/OU=Organic Units/OU=Users/CN=cmscrab/CN=(817881|373708)/CN=Robot: cms crab|/DC=ch/DC=cern/OU=Organic Units/OU=Users/CN=crabint1/CN=373708/CN=Robot: CMS CRAB Integration 1
DEBUG 2025-03-19 05:14:25.164 UTC: 	 Executing command :
 voms-proxy-info --identity --file /tmp/x509up_u180451
DEBUG 2025-03-19 05:14:25.501 UTC: 	 output : /DC=ch/DC=cern/OU=Organic Units/OU=Users/CN=amalhotr/CN=884837/CN=Aryan Malhotra

 error: 
 retcode : 0
DEBUG 2025-03-19 05:14:25.502 UTC: 	 Getting myproxy life time left for 2382a3cf28fdeacb1de9b039908761ea517a5ed6
DEBUG 2025-03-19 05:14:25.502 UTC: 	 Executing command :
 myproxy-info -s myproxy.cern.ch -l 2382a3cf28fdeacb1de9b039908761ea517a5ed6
DEBUG 2025-03-19 05:14:25.804 UTC: 	 output : username: 2382a3cf28fdeacb1de9b039908761ea517a5ed6
owner: /DC=ch/DC=cern/OU=Organic Units/OU=Users/CN=amalhotr/CN=884837/CN=Aryan Malhotra
  renewal policy: /DC=ch/DC=cern/OU=computers/CN=crab-(preprod|prod)-tw(01|02).cern.ch|/DC=ch/DC=cern/OU=computers/CN=crab-dev-tw(01|02|03|04).cern.ch|/DC=ch/DC=cern/OU=Organic Units/OU=Users/CN=cmscrab/CN=(817881|373708)/CN=Robot: cms crab|/DC=ch/DC=cern/OU=Organic Units/OU=Users/CN=crabint1/CN=373708/CN=Robot: CMS CRAB Integration 1
  trusted retrieval policy: /DC=ch/DC=cern/OU=computers/CN=crab-(preprod|prod)-tw(01|02).cern.ch|/DC=ch/DC=cern/OU=computers/CN=crab-dev-tw(01|02|03|04).cern.ch|/DC=ch/DC=cern/OU=Organic Units/OU=Users/CN=cmscrab/CN=(817881|373708)/CN=Robot: cms crab|/DC=ch/DC=cern/OU=Organic Units/OU=Users/CN=crabint1/CN=373708/CN=Robot: CMS CRAB Integration 1
  timeleft: 719:05:53  (30.0 days)

 error: 
 retcode : 0
DEBUG 2025-03-19 05:14:25.804 UTC: 	 Myproxy is valid: 2588700
DEBUG 2025-03-19 05:14:25.804 UTC: 	 Result of myproxy credential check:
  Credential exists on myproxy: username: 2382a3cf28fdeacb1de9b039908761ea517a5ed6  - validity: 29 days, 23:05:00
DEBUG 2025-03-19 05:14:25.804 UTC: 	 Retrieving username ...
DEBUG 2025-03-19 05:14:25.804 UTC: 	 Retrieving username from CRIC...
DEBUG 2025-03-19 05:14:26.482 UTC: 	 username is amalhotr
INFO 2025-03-19 05:14:26.888 UTC: 	 Rucio client intialized for account amalhotr
DEBUG 2025-03-19 05:14:26.888 UTC: 	 Command use: status
DEBUG 2025-03-19 05:14:26.888 UTC: 	 Options use: ['-d', 'crab_projects/crab_DYto2Mu4Jets_Vertexer_Mar20252']
DEBUG 2025-03-19 05:14:26.888 UTC: 	 Encoded data for curl request: subresource=version
DEBUG 2025-03-19 05:14:26.927 UTC: 	 CRABClient version: v3.250217
DEBUG 2025-03-19 05:14:26.927 UTC: 	 Instance is prod
DEBUG 2025-03-19 05:14:26.927 UTC: 	 Server base url is cmsweb.cern.ch
DEBUG 2025-03-19 05:14:26.927 UTC: 	 Command api workflow
DEBUG 2025-03-19 05:14:26.928 UTC: 	 Encoded data for curl request: subresource=search&workflow=250319_043927%3Aamalhotr_crab_DYto2Mu4Jets_Vertexer_Mar20252
DEBUG 2025-03-19 05:14:26.978 UTC: 	 Got information from server oracle database: {'desc': {'columns': ['tm_taskname', 'tm_activity', 'tm_task_status', 'tm_task_command', 'tm_start_time', 'tm_start_injection', 'tm_end_injection', 'tm_task_failure', 'tm_job_sw', 'tm_job_arch', 'tm_input_dataset', 'tm_nonvalid_input_dataset', 'tm_use_parent', 'tm_site_whitelist', 'tm_site_blacklist', 'tm_split_algo', 'tm_split_args', 'tm_user_sandbox', 'tm_cache_url', 'tm_username', 'tm_user_dn', 'tm_user_vo', 'tm_user_role', 'tm_user_group', 'tm_publish_name', 'tm_publish_groupname', 'tm_asyncdest', 'tm_dbs_url', 'tm_publish_dbs_url', 'tm_publication', 'tm_outfiles', 'tm_tfile_outfiles', 'tm_edm_outfiles', 'tm_job_type', 'tm_generator', 'tm_events_per_lumi', 'tm_arguments', 'tm_save_logs', 'tw_name', 'tm_user_infiles', 'tm_maxjobruntime', 'tm_numcores', 'tm_maxmemory', 'tm_priority', 'tm_output_dataset', 'tm_task_warnings', 'tm_user_webdir', 'tm_scriptexe', 'tm_scriptargs', 'tm_extrajdl', 'tm_collector', 'tm_schedd', 'tm_dry_run', 'tm_user_files', 'tm_transfer_outputs', 'tm_output_lfn', 'tm_ignore_locality', 'tm_fail_limit', 'tm_one_event_mode', 'tm_secondary_input_dataset', 'tm_primary_dataset', 'tm_last_publication', 'tm_debug_files', 'clusterid', 'tm_ignore_global_blacklist', 'tm_submitter_ip_addr', 'tm_totalunits', 'tm_ddm_reqid', 'tm_user_config', 'tm_transfer_container', 'tm_transfer_rule', 'tm_publish_rule', 'tm_multipub_rule', 'tm_job_min_microarch']}, 'result': ['250319_043927:amalhotr_crab_DYto2Mu4Jets_Vertexer_Mar20252', 'None', 'SUBMITTED', 'SUBMIT', '2025-03-19 04:39:27.787413', 'None', '2025-03-19 04:40:28.291342', 'None', 'CMSSW_14_0_18_patch1', 'el9_amd64_gcc12', 'None', 'F', '0', '[]', '[]', 'FileBased', "{'halt_job_on_file_boundaries': False, 'splitOnRun': False, 'files_per_job': 1, 'runs': [], 'lumis': []}", 'ccc683cfa49ee2b59e05bf1841a86f46b67b26d10b17907c55634d7030a6472b.tar.gz', 'https://cmsweb.cern.ch/S3/crabcache_prod', 'amalhotr', '/DC=ch/DC=cern/OU=Organic Units/OU=Users/CN=amalhotr/CN=884837/CN=Aryan Malhotra', 'cms', 'None', 'None', 'DYto2Mu4Jets_Vertexer_Mar20252-00000000000000000000000000000000', 'F', 'T2_BR_SPRACE', 'https://cmsweb.cern.ch/dbs/prod/global/DBSReader', 'https://cmsweb.cern.ch/dbs/prod/phys03/DBSWriter', 'F', '[]', '[]', "['DY2M_VertexerOutput.root']", 'Analysis', 'pythia', 'None', '{}', 'T', 'crab-prod-tw01', '[]', '1250', '1', '2500', '10', 'None', '[]', 'http://vocms0144.cern.ch/mon/amalhotr/250319_043927:amalhotr_crab_DYto2Mu4Jets_Vertexer_Mar20252', 'None', '[]', '[]', 'cmsgwms-collector-global.cern.ch:9620,cmsgwms-collector-global.fnal.gov:9620', 'crab3@vocms0144.cern.ch', 'F', "['/store/mc/RunIII2024Summer24MiniAOD/DYto2Mu-4Jets_Bin-MLL-50_TuneCP5_13p6TeV_madgraphMLM-pythia8/MINIAODSIM/140X_mcRun3_2024_realistic_v26-v2/2560000/ad749229-3094-410f-94e3-2e408518e395.root']", 'T', '/store/user/amalhotr/', 'F', 'None', 'F', 'None', 'CRAB_UserFiles', 'None', '0d91742949b59148274bc1c8e10e298eb84636d8792252800e870dc8687e8d97.tar.gz', '121299635', 'F', '188.184.73.32', '0.0', 'None', '{"partialdataset": false, "requireaccelerator": false, "acceleratorparams": null, "inputblocks": null}', 'None', 'None', 'None', 'None', 'any']}
INFO 2025-03-19 05:14:26.978 UTC: 	 CRAB project directory:		/afs/cern.ch/user/a/amalhotr/CMSSW_14_0_18_patch1/src/Run3ScoutingAnalysisTools/crab_projects/crab_DYto2Mu4Jets_Vertexer_Mar20252
INFO 2025-03-19 05:14:26.978 UTC: 	 Task name:			250319_043927:amalhotr_crab_DYto2Mu4Jets_Vertexer_Mar20252
INFO 2025-03-19 05:14:26.978 UTC: 	 Grid scheduler - Task Worker:	crab3@vocms0144.cern.ch - crab-prod-tw01
INFO 2025-03-19 05:14:26.979 UTC: 	 Status on the CRAB server:	SUBMITTED
INFO 2025-03-19 05:14:26.979 UTC: 	 Task URL to use for HELP:	https://cmsweb.cern.ch/crabserver/ui/task/250319_043927%3Aamalhotr_crab_DYto2Mu4Jets_Vertexer_Mar20252
INFO 2025-03-19 05:14:26.985 UTC: 	 Dashboard monitoring URL:	https://monit-grafana.cern.ch/d/cmsTMDetail/cms-task-monitoring-task-view?orgId=11&var-user=amalhotr&var-task=250319_043927%3Aamalhotr_crab_DYto2Mu4Jets_Vertexer_Mar20252&from=1742355567000&to=now
DEBUG 2025-03-19 05:14:26.985 UTC: 	 The CRAB server submitted your task to the Grid scheduler (cluster ID: 121299635)
DEBUG 2025-03-19 05:14:26.985 UTC: 	 Webdir is located at http://vocms0144.cern.ch/mon/amalhotr/250319_043927:amalhotr_crab_DYto2Mu4Jets_Vertexer_Mar20252
DEBUG 2025-03-19 05:14:26.985 UTC: 	 Encoded data for curl request: subresource=webdirprx&workflow=250319_043927%3Aamalhotr_crab_DYto2Mu4Jets_Vertexer_Mar20252
DEBUG 2025-03-19 05:14:27.025 UTC: 	 Proxied webdir is located at https://cmsweb.cern.ch:8443/scheddmon/0144/amalhotr/250319_043927:amalhotr_crab_DYto2Mu4Jets_Vertexer_Mar20252
DEBUG 2025-03-19 05:14:27.026 UTC: 	 Retrieving 'status_cache' file from https://cmsweb.cern.ch:8443/scheddmon/0144/amalhotr/250319_043927:amalhotr_crab_DYto2Mu4Jets_Vertexer_Mar20252/status_cache.pkl
DEBUG 2025-03-19 05:14:27.026 UTC: 	 Will execute:
curl -sS --capath /etc/grid-security/certificates --cert /tmp/x509up_u180451 --key /tmp/x509up_u180451 -o /tmp/crab_status-cache-x6mjqvz9.pkl -w %"{http_code}" "https://cmsweb.cern.ch:8443/scheddmon/0144/amalhotr/250319_043927:amalhotr_crab_DYto2Mu4Jets_Vertexer_Mar20252/status_cache.pkl"
DEBUG 2025-03-19 05:14:27.026 UTC: 	 Executing command :
 curl -sS --capath /etc/grid-security/certificates --cert /tmp/x509up_u180451 --key /tmp/x509up_u180451 -o /tmp/crab_status-cache-x6mjqvz9.pkl -w %"{http_code}" "https://cmsweb.cern.ch:8443/scheddmon/0144/amalhotr/250319_043927:amalhotr_crab_DYto2Mu4Jets_Vertexer_Mar20252/status_cache.pkl"
DEBUG 2025-03-19 05:14:27.060 UTC: 	 output : 200
 error: 
 retcode : 0
DEBUG 2025-03-19 05:14:27.060 UTC: 	 exitcode: 0
stdout: 200
stderr: 
error details: 
DEBUG 2025-03-19 05:14:27.060 UTC: 	 Got information from status cache file: {'1': {'Retries': 0, 'Restarts': 0, 'SiteHistory': ['Unknown', 'T2_CH_CERN', 'T2_CH_CERN'], 'ResidentSetSize': [1121348], 'SubmitTimes': [1742359295.0], 'StartTimes': [1742359660.0], 'EndTimes': [], 'TotalUserCpuTimeHistory': [25.0], 'TotalSysCpuTimeHistory': [7.0], 'WallDurations': [9.0, 296.05475902557373, 1211.0], 'JobIds': ['121299637.0'], 'State': 'running', 'RecordedSite': True}}
INFO 2025-03-19 05:14:27.060 UTC: 	 Status on the scheduler:	SUBMITTED
INFO 2025-03-19 05:14:27.060 UTC: 	 
Jobs status:                    running      		100.0% (1/1)
INFO 2025-03-19 05:14:27.061 UTC: 	 
No publication information (publication has been disabled in the CRAB configuration file)
INFO 2025-03-19 05:14:27.062 UTC: 	 Log file is /afs/cern.ch/user/a/amalhotr/CMSSW_14_0_18_patch1/src/Run3ScoutingAnalysisTools/crab_projects/crab_DYto2Mu4Jets_Vertexer_Mar20252/crab.log
DEBUG 2025-03-19 05:31:52.132 UTC: 	 CRAB Client version: v3.250217
DEBUG 2025-03-19 05:31:52.132 UTC: 	 Running on: Linux lxplus929.cern.ch 5.14.0-503.26.1.el9_5.x86_64 #1 SMP PREEMPT_DYNAMIC Mon Feb 10 05:23:56 EST 2025 x86_64 x86_64 x86_64 GNU/Linux
DEBUG 2025-03-19 05:31:52.132 UTC: 	 Not using Singularity
DEBUG 2025-03-19 05:31:52.132 UTC: 	 Operating System: Red Hat Enterprise Linux 9.5 (Plow)
DEBUG 2025-03-19 05:31:52.132 UTC: 	 Executing command: 'status'
DEBUG 2025-03-19 05:31:52.132 UTC: 	 Found CRAB cache file /afs/cern.ch/user/a/amalhotr/.crab3
DEBUG 2025-03-19 05:31:52.141 UTC: 	 Checking credentials
DEBUG 2025-03-19 05:31:52.141 UTC: 	 Found proxy file /tmp/x509up_u180451
DEBUG 2025-03-19 05:31:52.141 UTC: 	 Making sure it has proper VOMS extension
DEBUG 2025-03-19 05:31:52.141 UTC: 	 Executing command :
 voms-proxy-info --vo --file /tmp/x509up_u180451
DEBUG 2025-03-19 05:31:52.499 UTC: 	 output : cms

 error: 
 retcode : 0
DEBUG 2025-03-19 05:31:52.499 UTC: 	 Getting proxy life time left
DEBUG 2025-03-19 05:31:52.499 UTC: 	 Executing command :
 voms-proxy-info --actimeleft --timeleft --file /tmp/x509up_u180451
DEBUG 2025-03-19 05:31:52.841 UTC: 	 output : 41983
41983

 error: 
 retcode : 0
DEBUG 2025-03-19 05:31:52.841 UTC: 	 Proxy valid for 11:39:43 hours
DEBUG 2025-03-19 05:31:52.841 UTC: 	 Encoded data for curl request: subresource=delegatedn
DEBUG 2025-03-19 05:31:52.889 UTC: 	 Registering user credentials on myproxy for /DC=ch/DC=cern/OU=computers/CN=crab-(preprod|prod)-tw(01|02).cern.ch|/DC=ch/DC=cern/OU=computers/CN=crab-dev-tw(01|02|03|04).cern.ch|/DC=ch/DC=cern/OU=Organic Units/OU=Users/CN=cmscrab/CN=(817881|373708)/CN=Robot: cms crab|/DC=ch/DC=cern/OU=Organic Units/OU=Users/CN=crabint1/CN=373708/CN=Robot: CMS CRAB Integration 1
DEBUG 2025-03-19 05:31:52.889 UTC: 	 Executing command :
 voms-proxy-info --identity --file /tmp/x509up_u180451
DEBUG 2025-03-19 05:31:53.262 UTC: 	 output : /DC=ch/DC=cern/OU=Organic Units/OU=Users/CN=amalhotr/CN=884837/CN=Aryan Malhotra

 error: 
 retcode : 0
DEBUG 2025-03-19 05:31:53.262 UTC: 	 Getting myproxy life time left for 2382a3cf28fdeacb1de9b039908761ea517a5ed6
DEBUG 2025-03-19 05:31:53.262 UTC: 	 Executing command :
 myproxy-info -s myproxy.cern.ch -l 2382a3cf28fdeacb1de9b039908761ea517a5ed6
DEBUG 2025-03-19 05:31:53.574 UTC: 	 output : username: 2382a3cf28fdeacb1de9b039908761ea517a5ed6
owner: /DC=ch/DC=cern/OU=Organic Units/OU=Users/CN=amalhotr/CN=884837/CN=Aryan Malhotra
  renewal policy: /DC=ch/DC=cern/OU=computers/CN=crab-(preprod|prod)-tw(01|02).cern.ch|/DC=ch/DC=cern/OU=computers/CN=crab-dev-tw(01|02|03|04).cern.ch|/DC=ch/DC=cern/OU=Organic Units/OU=Users/CN=cmscrab/CN=(817881|373708)/CN=Robot: cms crab|/DC=ch/DC=cern/OU=Organic Units/OU=Users/CN=crabint1/CN=373708/CN=Robot: CMS CRAB Integration 1
  trusted retrieval policy: /DC=ch/DC=cern/OU=computers/CN=crab-(preprod|prod)-tw(01|02).cern.ch|/DC=ch/DC=cern/OU=computers/CN=crab-dev-tw(01|02|03|04).cern.ch|/DC=ch/DC=cern/OU=Organic Units/OU=Users/CN=cmscrab/CN=(817881|373708)/CN=Robot: cms crab|/DC=ch/DC=cern/OU=Organic Units/OU=Users/CN=crabint1/CN=373708/CN=Robot: CMS CRAB Integration 1
  timeleft: 718:48:25  (30.0 days)

 error: 
 retcode : 0
DEBUG 2025-03-19 05:31:53.574 UTC: 	 Myproxy is valid: 2587680
DEBUG 2025-03-19 05:31:53.575 UTC: 	 Result of myproxy credential check:
  Credential exists on myproxy: username: 2382a3cf28fdeacb1de9b039908761ea517a5ed6  - validity: 29 days, 22:48:00
DEBUG 2025-03-19 05:31:53.575 UTC: 	 Retrieving username ...
DEBUG 2025-03-19 05:31:53.575 UTC: 	 Retrieving username from CRIC...
DEBUG 2025-03-19 05:31:54.294 UTC: 	 username is amalhotr
INFO 2025-03-19 05:31:54.881 UTC: 	 Rucio client intialized for account amalhotr
DEBUG 2025-03-19 05:31:54.882 UTC: 	 Command use: status
DEBUG 2025-03-19 05:31:54.882 UTC: 	 Options use: ['-d', 'crab_projects/crab_DYto2Mu4Jets_Vertexer_Mar20252']
DEBUG 2025-03-19 05:31:54.882 UTC: 	 Encoded data for curl request: subresource=version
DEBUG 2025-03-19 05:31:54.928 UTC: 	 CRABClient version: v3.250217
DEBUG 2025-03-19 05:31:54.928 UTC: 	 Instance is prod
DEBUG 2025-03-19 05:31:54.928 UTC: 	 Server base url is cmsweb.cern.ch
DEBUG 2025-03-19 05:31:54.928 UTC: 	 Command api workflow
DEBUG 2025-03-19 05:31:54.928 UTC: 	 Encoded data for curl request: subresource=search&workflow=250319_043927%3Aamalhotr_crab_DYto2Mu4Jets_Vertexer_Mar20252
DEBUG 2025-03-19 05:31:55.088 UTC: 	 Got information from server oracle database: {'desc': {'columns': ['tm_taskname', 'tm_activity', 'tm_task_status', 'tm_task_command', 'tm_start_time', 'tm_start_injection', 'tm_end_injection', 'tm_task_failure', 'tm_job_sw', 'tm_job_arch', 'tm_input_dataset', 'tm_nonvalid_input_dataset', 'tm_use_parent', 'tm_site_whitelist', 'tm_site_blacklist', 'tm_split_algo', 'tm_split_args', 'tm_user_sandbox', 'tm_cache_url', 'tm_username', 'tm_user_dn', 'tm_user_vo', 'tm_user_role', 'tm_user_group', 'tm_publish_name', 'tm_publish_groupname', 'tm_asyncdest', 'tm_dbs_url', 'tm_publish_dbs_url', 'tm_publication', 'tm_outfiles', 'tm_tfile_outfiles', 'tm_edm_outfiles', 'tm_job_type', 'tm_generator', 'tm_events_per_lumi', 'tm_arguments', 'tm_save_logs', 'tw_name', 'tm_user_infiles', 'tm_maxjobruntime', 'tm_numcores', 'tm_maxmemory', 'tm_priority', 'tm_output_dataset', 'tm_task_warnings', 'tm_user_webdir', 'tm_scriptexe', 'tm_scriptargs', 'tm_extrajdl', 'tm_collector', 'tm_schedd', 'tm_dry_run', 'tm_user_files', 'tm_transfer_outputs', 'tm_output_lfn', 'tm_ignore_locality', 'tm_fail_limit', 'tm_one_event_mode', 'tm_secondary_input_dataset', 'tm_primary_dataset', 'tm_last_publication', 'tm_debug_files', 'clusterid', 'tm_ignore_global_blacklist', 'tm_submitter_ip_addr', 'tm_totalunits', 'tm_ddm_reqid', 'tm_user_config', 'tm_transfer_container', 'tm_transfer_rule', 'tm_publish_rule', 'tm_multipub_rule', 'tm_job_min_microarch']}, 'result': ['250319_043927:amalhotr_crab_DYto2Mu4Jets_Vertexer_Mar20252', 'None', 'SUBMITTED', 'SUBMIT', '2025-03-19 04:39:27.787413', 'None', '2025-03-19 04:40:28.291342', 'None', 'CMSSW_14_0_18_patch1', 'el9_amd64_gcc12', 'None', 'F', '0', '[]', '[]', 'FileBased', "{'halt_job_on_file_boundaries': False, 'splitOnRun': False, 'files_per_job': 1, 'runs': [], 'lumis': []}", 'ccc683cfa49ee2b59e05bf1841a86f46b67b26d10b17907c55634d7030a6472b.tar.gz', 'https://cmsweb.cern.ch/S3/crabcache_prod', 'amalhotr', '/DC=ch/DC=cern/OU=Organic Units/OU=Users/CN=amalhotr/CN=884837/CN=Aryan Malhotra', 'cms', 'None', 'None', 'DYto2Mu4Jets_Vertexer_Mar20252-00000000000000000000000000000000', 'F', 'T2_BR_SPRACE', 'https://cmsweb.cern.ch/dbs/prod/global/DBSReader', 'https://cmsweb.cern.ch/dbs/prod/phys03/DBSWriter', 'F', '[]', '[]', "['DY2M_VertexerOutput.root']", 'Analysis', 'pythia', 'None', '{}', 'T', 'crab-prod-tw01', '[]', '1250', '1', '2500', '10', 'None', '[]', 'http://vocms0144.cern.ch/mon/amalhotr/250319_043927:amalhotr_crab_DYto2Mu4Jets_Vertexer_Mar20252', 'None', '[]', '[]', 'cmsgwms-collector-global.cern.ch:9620,cmsgwms-collector-global.fnal.gov:9620', 'crab3@vocms0144.cern.ch', 'F', "['/store/mc/RunIII2024Summer24MiniAOD/DYto2Mu-4Jets_Bin-MLL-50_TuneCP5_13p6TeV_madgraphMLM-pythia8/MINIAODSIM/140X_mcRun3_2024_realistic_v26-v2/2560000/ad749229-3094-410f-94e3-2e408518e395.root']", 'T', '/store/user/amalhotr/', 'F', 'None', 'F', 'None', 'CRAB_UserFiles', 'None', '0d91742949b59148274bc1c8e10e298eb84636d8792252800e870dc8687e8d97.tar.gz', '121299635', 'F', '188.184.73.32', '0.0', 'None', '{"partialdataset": false, "requireaccelerator": false, "acceleratorparams": null, "inputblocks": null}', 'None', 'None', 'None', 'None', 'any']}
INFO 2025-03-19 05:31:55.089 UTC: 	 CRAB project directory:		/afs/cern.ch/user/a/amalhotr/CMSSW_14_0_18_patch1/src/Run3ScoutingAnalysisTools/crab_projects/crab_DYto2Mu4Jets_Vertexer_Mar20252
INFO 2025-03-19 05:31:55.089 UTC: 	 Task name:			250319_043927:amalhotr_crab_DYto2Mu4Jets_Vertexer_Mar20252
INFO 2025-03-19 05:31:55.089 UTC: 	 Grid scheduler - Task Worker:	crab3@vocms0144.cern.ch - crab-prod-tw01
INFO 2025-03-19 05:31:55.089 UTC: 	 Status on the CRAB server:	SUBMITTED
INFO 2025-03-19 05:31:55.089 UTC: 	 Task URL to use for HELP:	https://cmsweb.cern.ch/crabserver/ui/task/250319_043927%3Aamalhotr_crab_DYto2Mu4Jets_Vertexer_Mar20252
INFO 2025-03-19 05:31:55.097 UTC: 	 Dashboard monitoring URL:	https://monit-grafana.cern.ch/d/cmsTMDetail/cms-task-monitoring-task-view?orgId=11&var-user=amalhotr&var-task=250319_043927%3Aamalhotr_crab_DYto2Mu4Jets_Vertexer_Mar20252&from=1742355567000&to=now
DEBUG 2025-03-19 05:31:55.097 UTC: 	 The CRAB server submitted your task to the Grid scheduler (cluster ID: 121299635)
DEBUG 2025-03-19 05:31:55.097 UTC: 	 Webdir is located at http://vocms0144.cern.ch/mon/amalhotr/250319_043927:amalhotr_crab_DYto2Mu4Jets_Vertexer_Mar20252
DEBUG 2025-03-19 05:31:55.097 UTC: 	 Encoded data for curl request: subresource=webdirprx&workflow=250319_043927%3Aamalhotr_crab_DYto2Mu4Jets_Vertexer_Mar20252
DEBUG 2025-03-19 05:31:55.476 UTC: 	 Proxied webdir is located at https://cmsweb.cern.ch:8443/scheddmon/0144/amalhotr/250319_043927:amalhotr_crab_DYto2Mu4Jets_Vertexer_Mar20252
DEBUG 2025-03-19 05:31:55.476 UTC: 	 Retrieving 'status_cache' file from https://cmsweb.cern.ch:8443/scheddmon/0144/amalhotr/250319_043927:amalhotr_crab_DYto2Mu4Jets_Vertexer_Mar20252/status_cache.pkl
DEBUG 2025-03-19 05:31:55.476 UTC: 	 Will execute:
curl -sS --capath /etc/grid-security/certificates --cert /tmp/x509up_u180451 --key /tmp/x509up_u180451 -o /tmp/crab_status-cache-5qnvj11b.pkl -w %"{http_code}" "https://cmsweb.cern.ch:8443/scheddmon/0144/amalhotr/250319_043927:amalhotr_crab_DYto2Mu4Jets_Vertexer_Mar20252/status_cache.pkl"
DEBUG 2025-03-19 05:31:55.476 UTC: 	 Executing command :
 curl -sS --capath /etc/grid-security/certificates --cert /tmp/x509up_u180451 --key /tmp/x509up_u180451 -o /tmp/crab_status-cache-5qnvj11b.pkl -w %"{http_code}" "https://cmsweb.cern.ch:8443/scheddmon/0144/amalhotr/250319_043927:amalhotr_crab_DYto2Mu4Jets_Vertexer_Mar20252/status_cache.pkl"
DEBUG 2025-03-19 05:31:55.508 UTC: 	 output : 200
 error: 
 retcode : 0
DEBUG 2025-03-19 05:31:55.508 UTC: 	 exitcode: 0
stdout: 200
stderr: 
error details: 
DEBUG 2025-03-19 05:31:55.508 UTC: 	 Got information from status cache file: {'1': {'Retries': 0, 'Restarts': 0, 'SiteHistory': ['Unknown', 'T2_CH_CERN', 'T2_CH_CERN'], 'ResidentSetSize': [1125480], 'SubmitTimes': [1742359295.0], 'StartTimes': [1742359660.0], 'EndTimes': [], 'TotalUserCpuTimeHistory': [37.0], 'TotalSysCpuTimeHistory': [10.0], 'WallDurations': [9.0, 296.05475902557373, 1812.0], 'JobIds': ['121299637.0'], 'State': 'running', 'RecordedSite': True}}
INFO 2025-03-19 05:31:55.508 UTC: 	 Status on the scheduler:	SUBMITTED
INFO 2025-03-19 05:31:55.509 UTC: 	 
Jobs status:                    running      		100.0% (1/1)
INFO 2025-03-19 05:31:55.509 UTC: 	 
No publication information (publication has been disabled in the CRAB configuration file)
INFO 2025-03-19 05:31:55.510 UTC: 	 Log file is /afs/cern.ch/user/a/amalhotr/CMSSW_14_0_18_patch1/src/Run3ScoutingAnalysisTools/crab_projects/crab_DYto2Mu4Jets_Vertexer_Mar20252/crab.log
DEBUG 2025-03-19 06:10:27.631 UTC: 	 CRAB Client version: v3.250217
DEBUG 2025-03-19 06:10:27.631 UTC: 	 Running on: Linux lxplus929.cern.ch 5.14.0-503.26.1.el9_5.x86_64 #1 SMP PREEMPT_DYNAMIC Mon Feb 10 05:23:56 EST 2025 x86_64 x86_64 x86_64 GNU/Linux
DEBUG 2025-03-19 06:10:27.631 UTC: 	 Not using Singularity
DEBUG 2025-03-19 06:10:27.631 UTC: 	 Operating System: Red Hat Enterprise Linux 9.5 (Plow)
DEBUG 2025-03-19 06:10:27.631 UTC: 	 Executing command: 'status'
DEBUG 2025-03-19 06:10:27.631 UTC: 	 Found CRAB cache file /afs/cern.ch/user/a/amalhotr/.crab3
DEBUG 2025-03-19 06:10:27.635 UTC: 	 Checking credentials
DEBUG 2025-03-19 06:10:27.635 UTC: 	 Found proxy file /tmp/x509up_u180451
DEBUG 2025-03-19 06:10:27.635 UTC: 	 Making sure it has proper VOMS extension
DEBUG 2025-03-19 06:10:27.635 UTC: 	 Executing command :
 voms-proxy-info --vo --file /tmp/x509up_u180451
DEBUG 2025-03-19 06:10:28.000 UTC: 	 output : cms

 error: 
 retcode : 0
DEBUG 2025-03-19 06:10:28.001 UTC: 	 Getting proxy life time left
DEBUG 2025-03-19 06:10:28.001 UTC: 	 Executing command :
 voms-proxy-info --actimeleft --timeleft --file /tmp/x509up_u180451
DEBUG 2025-03-19 06:10:28.365 UTC: 	 output : 39667
39667

 error: 
 retcode : 0
DEBUG 2025-03-19 06:10:28.366 UTC: 	 Proxy valid for 11:01:07 hours
DEBUG 2025-03-19 06:10:28.366 UTC: 	 Encoded data for curl request: subresource=delegatedn
DEBUG 2025-03-19 06:10:28.440 UTC: 	 Registering user credentials on myproxy for /DC=ch/DC=cern/OU=computers/CN=crab-(preprod|prod)-tw(01|02).cern.ch|/DC=ch/DC=cern/OU=computers/CN=crab-dev-tw(01|02|03|04).cern.ch|/DC=ch/DC=cern/OU=Organic Units/OU=Users/CN=cmscrab/CN=(817881|373708)/CN=Robot: cms crab|/DC=ch/DC=cern/OU=Organic Units/OU=Users/CN=crabint1/CN=373708/CN=Robot: CMS CRAB Integration 1
DEBUG 2025-03-19 06:10:28.440 UTC: 	 Executing command :
 voms-proxy-info --identity --file /tmp/x509up_u180451
DEBUG 2025-03-19 06:10:28.849 UTC: 	 output : /DC=ch/DC=cern/OU=Organic Units/OU=Users/CN=amalhotr/CN=884837/CN=Aryan Malhotra

 error: 
 retcode : 0
DEBUG 2025-03-19 06:10:28.849 UTC: 	 Getting myproxy life time left for 2382a3cf28fdeacb1de9b039908761ea517a5ed6
DEBUG 2025-03-19 06:10:28.849 UTC: 	 Executing command :
 myproxy-info -s myproxy.cern.ch -l 2382a3cf28fdeacb1de9b039908761ea517a5ed6
DEBUG 2025-03-19 06:10:29.148 UTC: 	 output : username: 2382a3cf28fdeacb1de9b039908761ea517a5ed6
owner: /DC=ch/DC=cern/OU=Organic Units/OU=Users/CN=amalhotr/CN=884837/CN=Aryan Malhotra
  renewal policy: /DC=ch/DC=cern/OU=computers/CN=crab-(preprod|prod)-tw(01|02).cern.ch|/DC=ch/DC=cern/OU=computers/CN=crab-dev-tw(01|02|03|04).cern.ch|/DC=ch/DC=cern/OU=Organic Units/OU=Users/CN=cmscrab/CN=(817881|373708)/CN=Robot: cms crab|/DC=ch/DC=cern/OU=Organic Units/OU=Users/CN=crabint1/CN=373708/CN=Robot: CMS CRAB Integration 1
  trusted retrieval policy: /DC=ch/DC=cern/OU=computers/CN=crab-(preprod|prod)-tw(01|02).cern.ch|/DC=ch/DC=cern/OU=computers/CN=crab-dev-tw(01|02|03|04).cern.ch|/DC=ch/DC=cern/OU=Organic Units/OU=Users/CN=cmscrab/CN=(817881|373708)/CN=Robot: cms crab|/DC=ch/DC=cern/OU=Organic Units/OU=Users/CN=crabint1/CN=373708/CN=Robot: CMS CRAB Integration 1
  timeleft: 718:09:49  (29.9 days)

 error: 
 retcode : 0
DEBUG 2025-03-19 06:10:29.148 UTC: 	 Myproxy is valid: 2585340
DEBUG 2025-03-19 06:10:29.148 UTC: 	 Result of myproxy credential check:
  Credential exists on myproxy: username: 2382a3cf28fdeacb1de9b039908761ea517a5ed6  - validity: 29 days, 22:09:00
DEBUG 2025-03-19 06:10:29.148 UTC: 	 Retrieving username ...
DEBUG 2025-03-19 06:10:29.148 UTC: 	 Retrieving username from CRIC...
DEBUG 2025-03-19 06:10:29.866 UTC: 	 username is amalhotr
INFO 2025-03-19 06:10:30.346 UTC: 	 Rucio client intialized for account amalhotr
DEBUG 2025-03-19 06:10:30.346 UTC: 	 Command use: status
DEBUG 2025-03-19 06:10:30.346 UTC: 	 Options use: ['-d', 'crab_projects/crab_DYto2Mu4Jets_Vertexer_Mar20252']
DEBUG 2025-03-19 06:10:30.346 UTC: 	 Encoded data for curl request: subresource=version
DEBUG 2025-03-19 06:10:30.387 UTC: 	 CRABClient version: v3.250217
DEBUG 2025-03-19 06:10:30.387 UTC: 	 Instance is prod
DEBUG 2025-03-19 06:10:30.387 UTC: 	 Server base url is cmsweb.cern.ch
DEBUG 2025-03-19 06:10:30.387 UTC: 	 Command api workflow
DEBUG 2025-03-19 06:10:30.388 UTC: 	 Encoded data for curl request: subresource=search&workflow=250319_043927%3Aamalhotr_crab_DYto2Mu4Jets_Vertexer_Mar20252
DEBUG 2025-03-19 06:10:30.435 UTC: 	 Got information from server oracle database: {'desc': {'columns': ['tm_taskname', 'tm_activity', 'tm_task_status', 'tm_task_command', 'tm_start_time', 'tm_start_injection', 'tm_end_injection', 'tm_task_failure', 'tm_job_sw', 'tm_job_arch', 'tm_input_dataset', 'tm_nonvalid_input_dataset', 'tm_use_parent', 'tm_site_whitelist', 'tm_site_blacklist', 'tm_split_algo', 'tm_split_args', 'tm_user_sandbox', 'tm_cache_url', 'tm_username', 'tm_user_dn', 'tm_user_vo', 'tm_user_role', 'tm_user_group', 'tm_publish_name', 'tm_publish_groupname', 'tm_asyncdest', 'tm_dbs_url', 'tm_publish_dbs_url', 'tm_publication', 'tm_outfiles', 'tm_tfile_outfiles', 'tm_edm_outfiles', 'tm_job_type', 'tm_generator', 'tm_events_per_lumi', 'tm_arguments', 'tm_save_logs', 'tw_name', 'tm_user_infiles', 'tm_maxjobruntime', 'tm_numcores', 'tm_maxmemory', 'tm_priority', 'tm_output_dataset', 'tm_task_warnings', 'tm_user_webdir', 'tm_scriptexe', 'tm_scriptargs', 'tm_extrajdl', 'tm_collector', 'tm_schedd', 'tm_dry_run', 'tm_user_files', 'tm_transfer_outputs', 'tm_output_lfn', 'tm_ignore_locality', 'tm_fail_limit', 'tm_one_event_mode', 'tm_secondary_input_dataset', 'tm_primary_dataset', 'tm_last_publication', 'tm_debug_files', 'clusterid', 'tm_ignore_global_blacklist', 'tm_submitter_ip_addr', 'tm_totalunits', 'tm_ddm_reqid', 'tm_user_config', 'tm_transfer_container', 'tm_transfer_rule', 'tm_publish_rule', 'tm_multipub_rule', 'tm_job_min_microarch']}, 'result': ['250319_043927:amalhotr_crab_DYto2Mu4Jets_Vertexer_Mar20252', 'None', 'SUBMITTED', 'SUBMIT', '2025-03-19 04:39:27.787413', 'None', '2025-03-19 04:40:28.291342', 'None', 'CMSSW_14_0_18_patch1', 'el9_amd64_gcc12', 'None', 'F', '0', '[]', '[]', 'FileBased', "{'halt_job_on_file_boundaries': False, 'splitOnRun': False, 'files_per_job': 1, 'runs': [], 'lumis': []}", 'ccc683cfa49ee2b59e05bf1841a86f46b67b26d10b17907c55634d7030a6472b.tar.gz', 'https://cmsweb.cern.ch/S3/crabcache_prod', 'amalhotr', '/DC=ch/DC=cern/OU=Organic Units/OU=Users/CN=amalhotr/CN=884837/CN=Aryan Malhotra', 'cms', 'None', 'None', 'DYto2Mu4Jets_Vertexer_Mar20252-00000000000000000000000000000000', 'F', 'T2_BR_SPRACE', 'https://cmsweb.cern.ch/dbs/prod/global/DBSReader', 'https://cmsweb.cern.ch/dbs/prod/phys03/DBSWriter', 'F', '[]', '[]', "['DY2M_VertexerOutput.root']", 'Analysis', 'pythia', 'None', '{}', 'T', 'crab-prod-tw01', '[]', '1250', '1', '2500', '10', 'None', '[]', 'http://vocms0144.cern.ch/mon/amalhotr/250319_043927:amalhotr_crab_DYto2Mu4Jets_Vertexer_Mar20252', 'None', '[]', '[]', 'cmsgwms-collector-global.cern.ch:9620,cmsgwms-collector-global.fnal.gov:9620', 'crab3@vocms0144.cern.ch', 'F', "['/store/mc/RunIII2024Summer24MiniAOD/DYto2Mu-4Jets_Bin-MLL-50_TuneCP5_13p6TeV_madgraphMLM-pythia8/MINIAODSIM/140X_mcRun3_2024_realistic_v26-v2/2560000/ad749229-3094-410f-94e3-2e408518e395.root']", 'T', '/store/user/amalhotr/', 'F', 'None', 'F', 'None', 'CRAB_UserFiles', 'None', '0d91742949b59148274bc1c8e10e298eb84636d8792252800e870dc8687e8d97.tar.gz', '121299635', 'F', '188.184.73.32', '0.0', 'None', '{"partialdataset": false, "requireaccelerator": false, "acceleratorparams": null, "inputblocks": null}', 'None', 'None', 'None', 'None', 'any']}
INFO 2025-03-19 06:10:30.435 UTC: 	 CRAB project directory:		/afs/cern.ch/user/a/amalhotr/CMSSW_14_0_18_patch1/src/Run3ScoutingAnalysisTools/crab_projects/crab_DYto2Mu4Jets_Vertexer_Mar20252
INFO 2025-03-19 06:10:30.435 UTC: 	 Task name:			250319_043927:amalhotr_crab_DYto2Mu4Jets_Vertexer_Mar20252
INFO 2025-03-19 06:10:30.435 UTC: 	 Grid scheduler - Task Worker:	crab3@vocms0144.cern.ch - crab-prod-tw01
INFO 2025-03-19 06:10:30.435 UTC: 	 Status on the CRAB server:	SUBMITTED
INFO 2025-03-19 06:10:30.436 UTC: 	 Task URL to use for HELP:	https://cmsweb.cern.ch/crabserver/ui/task/250319_043927%3Aamalhotr_crab_DYto2Mu4Jets_Vertexer_Mar20252
INFO 2025-03-19 06:10:30.441 UTC: 	 Dashboard monitoring URL:	https://monit-grafana.cern.ch/d/cmsTMDetail/cms-task-monitoring-task-view?orgId=11&var-user=amalhotr&var-task=250319_043927%3Aamalhotr_crab_DYto2Mu4Jets_Vertexer_Mar20252&from=1742355567000&to=now
DEBUG 2025-03-19 06:10:30.441 UTC: 	 The CRAB server submitted your task to the Grid scheduler (cluster ID: 121299635)
DEBUG 2025-03-19 06:10:30.441 UTC: 	 Webdir is located at http://vocms0144.cern.ch/mon/amalhotr/250319_043927:amalhotr_crab_DYto2Mu4Jets_Vertexer_Mar20252
DEBUG 2025-03-19 06:10:30.441 UTC: 	 Encoded data for curl request: subresource=webdirprx&workflow=250319_043927%3Aamalhotr_crab_DYto2Mu4Jets_Vertexer_Mar20252
DEBUG 2025-03-19 06:10:30.488 UTC: 	 Proxied webdir is located at https://cmsweb.cern.ch:8443/scheddmon/0144/amalhotr/250319_043927:amalhotr_crab_DYto2Mu4Jets_Vertexer_Mar20252
DEBUG 2025-03-19 06:10:30.488 UTC: 	 Retrieving 'status_cache' file from https://cmsweb.cern.ch:8443/scheddmon/0144/amalhotr/250319_043927:amalhotr_crab_DYto2Mu4Jets_Vertexer_Mar20252/status_cache.pkl
DEBUG 2025-03-19 06:10:30.488 UTC: 	 Will execute:
curl -sS --capath /etc/grid-security/certificates --cert /tmp/x509up_u180451 --key /tmp/x509up_u180451 -o /tmp/crab_status-cache-yhzbf1to.pkl -w %"{http_code}" "https://cmsweb.cern.ch:8443/scheddmon/0144/amalhotr/250319_043927:amalhotr_crab_DYto2Mu4Jets_Vertexer_Mar20252/status_cache.pkl"
DEBUG 2025-03-19 06:10:30.488 UTC: 	 Executing command :
 curl -sS --capath /etc/grid-security/certificates --cert /tmp/x509up_u180451 --key /tmp/x509up_u180451 -o /tmp/crab_status-cache-yhzbf1to.pkl -w %"{http_code}" "https://cmsweb.cern.ch:8443/scheddmon/0144/amalhotr/250319_043927:amalhotr_crab_DYto2Mu4Jets_Vertexer_Mar20252/status_cache.pkl"
DEBUG 2025-03-19 06:10:30.521 UTC: 	 output : 200
 error: 
 retcode : 0
DEBUG 2025-03-19 06:10:30.521 UTC: 	 exitcode: 0
stdout: 200
stderr: 
error details: 
DEBUG 2025-03-19 06:10:30.522 UTC: 	 Got information from status cache file: {'1': {'Retries': 0, 'Restarts': 0, 'SiteHistory': ['Unknown', 'T2_CH_CERN', 'T2_CH_CERN'], 'ResidentSetSize': [1127708], 'SubmitTimes': [1742359295.0], 'StartTimes': [1742359660.0], 'EndTimes': [], 'TotalUserCpuTimeHistory': [42.0], 'TotalSysCpuTimeHistory': [14.0], 'WallDurations': [9.0, 296.05475902557373, 3014.0], 'JobIds': ['121299637.0'], 'State': 'running', 'RecordedSite': True}}
INFO 2025-03-19 06:10:30.522 UTC: 	 Status on the scheduler:	SUBMITTED
INFO 2025-03-19 06:10:30.522 UTC: 	 
Jobs status:                    running      		100.0% (1/1)
INFO 2025-03-19 06:10:30.522 UTC: 	 
No publication information (publication has been disabled in the CRAB configuration file)
INFO 2025-03-19 06:10:30.536 UTC: 	 Log file is /afs/cern.ch/user/a/amalhotr/CMSSW_14_0_18_patch1/src/Run3ScoutingAnalysisTools/crab_projects/crab_DYto2Mu4Jets_Vertexer_Mar20252/crab.log
DEBUG 2025-03-19 16:50:53.560 UTC: 	 CRAB Client version: v3.250318
DEBUG 2025-03-19 16:50:53.560 UTC: 	 Running on: Linux lxplus937.cern.ch 5.14.0-503.26.1.el9_5.x86_64 #1 SMP PREEMPT_DYNAMIC Mon Feb 10 05:23:56 EST 2025 x86_64 x86_64 x86_64 GNU/Linux
DEBUG 2025-03-19 16:50:53.560 UTC: 	 Not using Singularity
DEBUG 2025-03-19 16:50:53.560 UTC: 	 Operating System: Red Hat Enterprise Linux 9.5 (Plow)
DEBUG 2025-03-19 16:50:53.560 UTC: 	 Executing command: 'status'
DEBUG 2025-03-19 16:50:53.560 UTC: 	 Found CRAB cache file /afs/cern.ch/user/a/amalhotr/.crab3
DEBUG 2025-03-19 16:50:53.587 UTC: 	 Checking credentials
DEBUG 2025-03-19 16:50:53.587 UTC: 	 Found proxy file /tmp/x509up_u180451
DEBUG 2025-03-19 16:50:53.587 UTC: 	 Making sure it has proper VOMS extension
DEBUG 2025-03-19 16:50:53.587 UTC: 	 Executing command :
 voms-proxy-info --vo --file /tmp/x509up_u180451
DEBUG 2025-03-19 16:50:54.004 UTC: 	 output : cms

 error: 
 retcode : 0
DEBUG 2025-03-19 16:50:54.004 UTC: 	 Getting proxy life time left
DEBUG 2025-03-19 16:50:54.004 UTC: 	 Executing command :
 voms-proxy-info --actimeleft --timeleft --file /tmp/x509up_u180451
DEBUG 2025-03-19 16:50:54.396 UTC: 	 output : 43159
43159

 error: 
 retcode : 0
DEBUG 2025-03-19 16:50:54.396 UTC: 	 Proxy valid for 11:59:19 hours
DEBUG 2025-03-19 16:50:54.397 UTC: 	 Encoded data for curl request: subresource=delegatedn
DEBUG 2025-03-19 16:50:54.507 UTC: 	 Registering user credentials on myproxy for /DC=ch/DC=cern/OU=computers/CN=crab-(preprod|prod)-tw(01|02).cern.ch|/DC=ch/DC=cern/OU=computers/CN=crab-dev-tw(01|02|03|04).cern.ch|/DC=ch/DC=cern/OU=Organic Units/OU=Users/CN=cmscrab/CN=(817881|373708)/CN=Robot: cms crab|/DC=ch/DC=cern/OU=Organic Units/OU=Users/CN=crabint1/CN=373708/CN=Robot: CMS CRAB Integration 1
DEBUG 2025-03-19 16:50:54.507 UTC: 	 Executing command :
 voms-proxy-info --identity --file /tmp/x509up_u180451
DEBUG 2025-03-19 16:50:54.896 UTC: 	 output : /DC=ch/DC=cern/OU=Organic Units/OU=Users/CN=amalhotr/CN=884837/CN=Aryan Malhotra

 error: 
 retcode : 0
DEBUG 2025-03-19 16:50:54.896 UTC: 	 Getting myproxy life time left for 2382a3cf28fdeacb1de9b039908761ea517a5ed6
DEBUG 2025-03-19 16:50:54.896 UTC: 	 Executing command :
 myproxy-info -s myproxy.cern.ch -l 2382a3cf28fdeacb1de9b039908761ea517a5ed6
DEBUG 2025-03-19 16:50:55.205 UTC: 	 output : username: 2382a3cf28fdeacb1de9b039908761ea517a5ed6
owner: /DC=ch/DC=cern/OU=Organic Units/OU=Users/CN=amalhotr/CN=884837/CN=Aryan Malhotra
  renewal policy: /DC=ch/DC=cern/OU=computers/CN=crab-(preprod|prod)-tw(01|02).cern.ch|/DC=ch/DC=cern/OU=computers/CN=crab-dev-tw(01|02|03|04).cern.ch|/DC=ch/DC=cern/OU=Organic Units/OU=Users/CN=cmscrab/CN=(817881|373708)/CN=Robot: cms crab|/DC=ch/DC=cern/OU=Organic Units/OU=Users/CN=crabint1/CN=373708/CN=Robot: CMS CRAB Integration 1
  trusted retrieval policy: /DC=ch/DC=cern/OU=computers/CN=crab-(preprod|prod)-tw(01|02).cern.ch|/DC=ch/DC=cern/OU=computers/CN=crab-dev-tw(01|02|03|04).cern.ch|/DC=ch/DC=cern/OU=Organic Units/OU=Users/CN=cmscrab/CN=(817881|373708)/CN=Robot: cms crab|/DC=ch/DC=cern/OU=Organic Units/OU=Users/CN=crabint1/CN=373708/CN=Robot: CMS CRAB Integration 1
  timeleft: 707:29:23  (29.5 days)

 error: 
 retcode : 0
DEBUG 2025-03-19 16:50:55.205 UTC: 	 Myproxy is valid: 2546940
DEBUG 2025-03-19 16:50:55.205 UTC: 	 Result of myproxy credential check:
  Credential exists on myproxy: username: 2382a3cf28fdeacb1de9b039908761ea517a5ed6  - validity: 29 days, 11:29:00
DEBUG 2025-03-19 16:50:55.205 UTC: 	 Retrieving username ...
DEBUG 2025-03-19 16:50:55.205 UTC: 	 Retrieving username from CRIC...
DEBUG 2025-03-19 16:50:55.838 UTC: 	 username is amalhotr
INFO 2025-03-19 16:50:56.622 UTC: 	 Rucio client intialized for account amalhotr
DEBUG 2025-03-19 16:50:56.622 UTC: 	 Command use: status
DEBUG 2025-03-19 16:50:56.622 UTC: 	 Options use: ['-d', 'crab_projects/crab_DYto2Mu4Jets_Vertexer_Mar20252']
DEBUG 2025-03-19 16:50:56.622 UTC: 	 Encoded data for curl request: subresource=version
DEBUG 2025-03-19 16:50:56.660 UTC: 	 CRABClient version: v3.250318
DEBUG 2025-03-19 16:50:56.660 UTC: 	 Instance is prod
DEBUG 2025-03-19 16:50:56.660 UTC: 	 Server base url is cmsweb.cern.ch
DEBUG 2025-03-19 16:50:56.660 UTC: 	 Command api workflow
DEBUG 2025-03-19 16:50:56.660 UTC: 	 Encoded data for curl request: subresource=search&workflow=250319_043927%3Aamalhotr_crab_DYto2Mu4Jets_Vertexer_Mar20252
DEBUG 2025-03-19 16:50:56.706 UTC: 	 Got information from server oracle database: {'desc': {'columns': ['tm_taskname', 'tm_activity', 'tm_task_status', 'tm_task_command', 'tm_start_time', 'tm_start_injection', 'tm_end_injection', 'tm_task_failure', 'tm_job_sw', 'tm_job_arch', 'tm_input_dataset', 'tm_nonvalid_input_dataset', 'tm_use_parent', 'tm_site_whitelist', 'tm_site_blacklist', 'tm_split_algo', 'tm_split_args', 'tm_user_sandbox', 'tm_cache_url', 'tm_username', 'tm_user_dn', 'tm_user_vo', 'tm_user_role', 'tm_user_group', 'tm_publish_name', 'tm_publish_groupname', 'tm_asyncdest', 'tm_dbs_url', 'tm_publish_dbs_url', 'tm_publication', 'tm_outfiles', 'tm_tfile_outfiles', 'tm_edm_outfiles', 'tm_job_type', 'tm_generator', 'tm_events_per_lumi', 'tm_arguments', 'tm_save_logs', 'tw_name', 'tm_user_infiles', 'tm_maxjobruntime', 'tm_numcores', 'tm_maxmemory', 'tm_priority', 'tm_output_dataset', 'tm_task_warnings', 'tm_user_webdir', 'tm_scriptexe', 'tm_scriptargs', 'tm_extrajdl', 'tm_collector', 'tm_schedd', 'tm_dry_run', 'tm_user_files', 'tm_transfer_outputs', 'tm_output_lfn', 'tm_ignore_locality', 'tm_fail_limit', 'tm_one_event_mode', 'tm_secondary_input_dataset', 'tm_primary_dataset', 'tm_last_publication', 'tm_debug_files', 'clusterid', 'tm_ignore_global_blacklist', 'tm_submitter_ip_addr', 'tm_totalunits', 'tm_ddm_reqid', 'tm_user_config', 'tm_transfer_container', 'tm_transfer_rule', 'tm_publish_rule', 'tm_multipub_rule', 'tm_job_min_microarch']}, 'result': ['250319_043927:amalhotr_crab_DYto2Mu4Jets_Vertexer_Mar20252', 'None', 'SUBMITTED', 'SUBMIT', '2025-03-19 04:39:27.787413', 'None', '2025-03-19 04:40:28.291342', 'None', 'CMSSW_14_0_18_patch1', 'el9_amd64_gcc12', 'None', 'F', '0', '[]', '[]', 'FileBased', "{'halt_job_on_file_boundaries': False, 'splitOnRun': False, 'files_per_job': 1, 'runs': [], 'lumis': []}", 'ccc683cfa49ee2b59e05bf1841a86f46b67b26d10b17907c55634d7030a6472b.tar.gz', 'https://cmsweb.cern.ch/S3/crabcache_prod', 'amalhotr', '/DC=ch/DC=cern/OU=Organic Units/OU=Users/CN=amalhotr/CN=884837/CN=Aryan Malhotra', 'cms', 'None', 'None', 'DYto2Mu4Jets_Vertexer_Mar20252-00000000000000000000000000000000', 'F', 'T2_BR_SPRACE', 'https://cmsweb.cern.ch/dbs/prod/global/DBSReader', 'https://cmsweb.cern.ch/dbs/prod/phys03/DBSWriter', 'F', '[]', '[]', "['DY2M_VertexerOutput.root']", 'Analysis', 'pythia', 'None', '{}', 'T', 'crab-prod-tw01', '[]', '1250', '1', '2500', '10', 'None', '[]', 'http://vocms0144.cern.ch/mon/amalhotr/250319_043927:amalhotr_crab_DYto2Mu4Jets_Vertexer_Mar20252', 'None', '[]', '[]', 'cmsgwms-collector-global.cern.ch:9620,cmsgwms-collector-global.fnal.gov:9620', 'crab3@vocms0144.cern.ch', 'F', "['/store/mc/RunIII2024Summer24MiniAOD/DYto2Mu-4Jets_Bin-MLL-50_TuneCP5_13p6TeV_madgraphMLM-pythia8/MINIAODSIM/140X_mcRun3_2024_realistic_v26-v2/2560000/ad749229-3094-410f-94e3-2e408518e395.root']", 'T', '/store/user/amalhotr/', 'F', 'None', 'F', 'None', 'CRAB_UserFiles', 'None', '0d91742949b59148274bc1c8e10e298eb84636d8792252800e870dc8687e8d97.tar.gz', '121299635', 'F', '188.184.73.32', '0.0', 'None', '{"partialdataset": false, "requireaccelerator": false, "acceleratorparams": null, "inputblocks": null}', 'None', 'None', 'None', 'None', 'any']}
INFO 2025-03-19 16:50:56.707 UTC: 	 CRAB project directory:		/afs/cern.ch/user/a/amalhotr/CMSSW_14_0_18_patch1/src/Run3ScoutingAnalysisTools/crab_projects/crab_DYto2Mu4Jets_Vertexer_Mar20252
INFO 2025-03-19 16:50:56.707 UTC: 	 Task name:			250319_043927:amalhotr_crab_DYto2Mu4Jets_Vertexer_Mar20252
INFO 2025-03-19 16:50:56.707 UTC: 	 Grid scheduler - Task Worker:	crab3@vocms0144.cern.ch - crab-prod-tw01
INFO 2025-03-19 16:50:56.707 UTC: 	 Status on the CRAB server:	SUBMITTED
INFO 2025-03-19 16:50:56.707 UTC: 	 Task URL to use for HELP:	https://cmsweb.cern.ch/crabserver/ui/task/250319_043927%3Aamalhotr_crab_DYto2Mu4Jets_Vertexer_Mar20252
INFO 2025-03-19 16:50:56.716 UTC: 	 Dashboard monitoring URL:	https://monit-grafana.cern.ch/d/cmsTMDetail/cms-task-monitoring-task-view?orgId=11&var-user=amalhotr&var-task=250319_043927%3Aamalhotr_crab_DYto2Mu4Jets_Vertexer_Mar20252&from=1742355567000&to=now
DEBUG 2025-03-19 16:50:56.716 UTC: 	 The CRAB server submitted your task to the Grid scheduler (cluster ID: 121299635)
DEBUG 2025-03-19 16:50:56.716 UTC: 	 Webdir is located at http://vocms0144.cern.ch/mon/amalhotr/250319_043927:amalhotr_crab_DYto2Mu4Jets_Vertexer_Mar20252
DEBUG 2025-03-19 16:50:56.716 UTC: 	 Encoded data for curl request: subresource=webdirprx&workflow=250319_043927%3Aamalhotr_crab_DYto2Mu4Jets_Vertexer_Mar20252
DEBUG 2025-03-19 16:50:56.774 UTC: 	 Proxied webdir is located at https://cmsweb.cern.ch:8443/scheddmon/0144/amalhotr/250319_043927:amalhotr_crab_DYto2Mu4Jets_Vertexer_Mar20252
DEBUG 2025-03-19 16:50:56.775 UTC: 	 Retrieving 'status_cache' file from https://cmsweb.cern.ch:8443/scheddmon/0144/amalhotr/250319_043927:amalhotr_crab_DYto2Mu4Jets_Vertexer_Mar20252/status_cache.pkl
DEBUG 2025-03-19 16:50:56.775 UTC: 	 Will execute:
curl -sS --capath /etc/grid-security/certificates --cert /tmp/x509up_u180451 --key /tmp/x509up_u180451 -o /tmp/crab_status-cache-w0j7vuj1.pkl -w %"{http_code}" "https://cmsweb.cern.ch:8443/scheddmon/0144/amalhotr/250319_043927:amalhotr_crab_DYto2Mu4Jets_Vertexer_Mar20252/status_cache.pkl"
DEBUG 2025-03-19 16:50:56.775 UTC: 	 Executing command :
 curl -sS --capath /etc/grid-security/certificates --cert /tmp/x509up_u180451 --key /tmp/x509up_u180451 -o /tmp/crab_status-cache-w0j7vuj1.pkl -w %"{http_code}" "https://cmsweb.cern.ch:8443/scheddmon/0144/amalhotr/250319_043927:amalhotr_crab_DYto2Mu4Jets_Vertexer_Mar20252/status_cache.pkl"
DEBUG 2025-03-19 16:50:56.811 UTC: 	 output : 200
 error: 
 retcode : 0
DEBUG 2025-03-19 16:50:56.811 UTC: 	 exitcode: 0
stdout: 200
stderr: 
error details: 
DEBUG 2025-03-19 16:50:56.811 UTC: 	 Got information from status cache file: {'1': {'Retries': 0, 'Restarts': 0, 'SiteHistory': ['Unknown', 'T2_CH_CERN', 'T2_CH_CERN'], 'ResidentSetSize': [1127708], 'SubmitTimes': [1742359295.0], 'StartTimes': [1742359660.0], 'EndTimes': [], 'TotalUserCpuTimeHistory': [42.0], 'TotalSysCpuTimeHistory': [14.0], 'WallDurations': [9.0, 296.05475902557373, 3014.0], 'JobIds': ['121299637.0'], 'State': 'running', 'RecordedSite': True}}
INFO 2025-03-19 16:50:56.812 UTC: 	 Status on the scheduler:	SUBMITTED
INFO 2025-03-19 16:50:56.812 UTC: 	 
Jobs status:                    running      		100.0% (1/1)
INFO 2025-03-19 16:50:56.812 UTC: 	 
No publication information (publication has been disabled in the CRAB configuration file)
INFO 2025-03-19 16:50:56.883 UTC: 	 Log file is /afs/cern.ch/user/a/amalhotr/CMSSW_14_0_18_patch1/src/Run3ScoutingAnalysisTools/crab_projects/crab_DYto2Mu4Jets_Vertexer_Mar20252/crab.log
DEBUG 2025-03-19 16:51:26.834 UTC: 	 CRAB Client version: v3.250318
DEBUG 2025-03-19 16:51:26.834 UTC: 	 Running on: Linux lxplus937.cern.ch 5.14.0-503.26.1.el9_5.x86_64 #1 SMP PREEMPT_DYNAMIC Mon Feb 10 05:23:56 EST 2025 x86_64 x86_64 x86_64 GNU/Linux
DEBUG 2025-03-19 16:51:26.834 UTC: 	 Not using Singularity
DEBUG 2025-03-19 16:51:26.834 UTC: 	 Operating System: Red Hat Enterprise Linux 9.5 (Plow)
DEBUG 2025-03-19 16:51:26.834 UTC: 	 Executing command: 'kill'
DEBUG 2025-03-19 16:51:26.834 UTC: 	 Found CRAB cache file /afs/cern.ch/user/a/amalhotr/.crab3
DEBUG 2025-03-19 16:51:26.837 UTC: 	 Checking credentials
DEBUG 2025-03-19 16:51:26.837 UTC: 	 Found proxy file /tmp/x509up_u180451
DEBUG 2025-03-19 16:51:26.837 UTC: 	 Making sure it has proper VOMS extension
DEBUG 2025-03-19 16:51:26.838 UTC: 	 Executing command :
 voms-proxy-info --vo --file /tmp/x509up_u180451
DEBUG 2025-03-19 16:51:27.243 UTC: 	 output : cms

 error: 
 retcode : 0
DEBUG 2025-03-19 16:51:27.243 UTC: 	 Getting proxy life time left
DEBUG 2025-03-19 16:51:27.243 UTC: 	 Executing command :
 voms-proxy-info --actimeleft --timeleft --file /tmp/x509up_u180451
DEBUG 2025-03-19 16:51:27.605 UTC: 	 output : 43126
43126

 error: 
 retcode : 0
DEBUG 2025-03-19 16:51:27.605 UTC: 	 Proxy valid for 11:58:46 hours
DEBUG 2025-03-19 16:51:27.605 UTC: 	 Encoded data for curl request: subresource=delegatedn
DEBUG 2025-03-19 16:51:27.672 UTC: 	 Registering user credentials on myproxy for /DC=ch/DC=cern/OU=computers/CN=crab-(preprod|prod)-tw(01|02).cern.ch|/DC=ch/DC=cern/OU=computers/CN=crab-dev-tw(01|02|03|04).cern.ch|/DC=ch/DC=cern/OU=Organic Units/OU=Users/CN=cmscrab/CN=(817881|373708)/CN=Robot: cms crab|/DC=ch/DC=cern/OU=Organic Units/OU=Users/CN=crabint1/CN=373708/CN=Robot: CMS CRAB Integration 1
DEBUG 2025-03-19 16:51:27.672 UTC: 	 Executing command :
 voms-proxy-info --identity --file /tmp/x509up_u180451
DEBUG 2025-03-19 16:51:28.043 UTC: 	 output : /DC=ch/DC=cern/OU=Organic Units/OU=Users/CN=amalhotr/CN=884837/CN=Aryan Malhotra

 error: 
 retcode : 0
DEBUG 2025-03-19 16:51:28.043 UTC: 	 Getting myproxy life time left for 2382a3cf28fdeacb1de9b039908761ea517a5ed6
DEBUG 2025-03-19 16:51:28.043 UTC: 	 Executing command :
 myproxy-info -s myproxy.cern.ch -l 2382a3cf28fdeacb1de9b039908761ea517a5ed6
DEBUG 2025-03-19 16:51:28.338 UTC: 	 output : username: 2382a3cf28fdeacb1de9b039908761ea517a5ed6
owner: /DC=ch/DC=cern/OU=Organic Units/OU=Users/CN=amalhotr/CN=884837/CN=Aryan Malhotra
  renewal policy: /DC=ch/DC=cern/OU=computers/CN=crab-(preprod|prod)-tw(01|02).cern.ch|/DC=ch/DC=cern/OU=computers/CN=crab-dev-tw(01|02|03|04).cern.ch|/DC=ch/DC=cern/OU=Organic Units/OU=Users/CN=cmscrab/CN=(817881|373708)/CN=Robot: cms crab|/DC=ch/DC=cern/OU=Organic Units/OU=Users/CN=crabint1/CN=373708/CN=Robot: CMS CRAB Integration 1
  trusted retrieval policy: /DC=ch/DC=cern/OU=computers/CN=crab-(preprod|prod)-tw(01|02).cern.ch|/DC=ch/DC=cern/OU=computers/CN=crab-dev-tw(01|02|03|04).cern.ch|/DC=ch/DC=cern/OU=Organic Units/OU=Users/CN=cmscrab/CN=(817881|373708)/CN=Robot: cms crab|/DC=ch/DC=cern/OU=Organic Units/OU=Users/CN=crabint1/CN=373708/CN=Robot: CMS CRAB Integration 1
  timeleft: 707:28:50  (29.5 days)

 error: 
 retcode : 0
DEBUG 2025-03-19 16:51:28.339 UTC: 	 Myproxy is valid: 2546880
DEBUG 2025-03-19 16:51:28.339 UTC: 	 Result of myproxy credential check:
  Credential exists on myproxy: username: 2382a3cf28fdeacb1de9b039908761ea517a5ed6  - validity: 29 days, 11:28:00
DEBUG 2025-03-19 16:51:28.339 UTC: 	 Command use: kill
DEBUG 2025-03-19 16:51:28.339 UTC: 	 Options use: ['-d', 'crab_projects/crab_DYto2Mu4Jets_Vertexer_Mar20252']
DEBUG 2025-03-19 16:51:28.339 UTC: 	 Encoded data for curl request: subresource=version
DEBUG 2025-03-19 16:51:28.383 UTC: 	 CRABClient version: v3.250318
DEBUG 2025-03-19 16:51:28.383 UTC: 	 Instance is prod
DEBUG 2025-03-19 16:51:28.383 UTC: 	 Server base url is cmsweb.cern.ch
DEBUG 2025-03-19 16:51:28.383 UTC: 	 Command api workflow
DEBUG 2025-03-19 16:51:28.383 UTC: 	 Killing task 250319_043927:amalhotr_crab_DYto2Mu4Jets_Vertexer_Mar20252
DEBUG 2025-03-19 16:51:28.383 UTC: 	 Encoded data for curl request: workflow=250319_043927%3Aamalhotr_crab_DYto2Mu4Jets_Vertexer_Mar20252
DEBUG 2025-03-19 16:51:28.635 UTC: 	 Result: {'desc': {'columns': ['tm_taskname', 'tm_task_status', 'tm_task_command', 'tm_user_role', 'tm_user_group', 'tm_task_failure', 'tm_split_algo', 'tm_split_args', 'tm_save_logs', 'tm_username', 'tm_user_dn', 'tm_arguments', 'tm_input_dataset', 'tm_dbs_url', 'tm_task_warnings', 'tm_publication', 'tm_user_webdir', 'tm_output_dataset', 'tm_collector', 'tm_schedd', 'tm_dry_run', 'clusterid', 'tm_start_time', 'tw_name']}, 'result': [{'result': 'ok'}]}
INFO 2025-03-19 16:51:28.635 UTC: 	 Kill request successfully sent
INFO 2025-03-19 16:51:28.636 UTC: 	 Log file is /afs/cern.ch/user/a/amalhotr/CMSSW_14_0_18_patch1/src/Run3ScoutingAnalysisTools/crab_projects/crab_DYto2Mu4Jets_Vertexer_Mar20252/crab.log
