DEBUG 2025-03-28 00:30:33.513 UTC: 	 CRAB Client version: v3.250318
DEBUG 2025-03-28 00:30:33.514 UTC: 	 Running on: Linux lxplus940.cern.ch 5.14.0-503.22.1.el9_5.x86_64 #1 SMP PREEMPT_DYNAMIC Wed Jan 15 08:02:15 EST 2025 x86_64 x86_64 x86_64 GNU/Linux
DEBUG 2025-03-28 00:30:33.514 UTC: 	 Not using Singularity
DEBUG 2025-03-28 00:30:33.514 UTC: 	 Operating System: Red Hat Enterprise Linux 9.5 (Plow)
DEBUG 2025-03-28 00:30:33.514 UTC: 	 Executing command: 'submit'
DEBUG 2025-03-28 00:30:33.514 UTC: 	 Found CRAB cache file /afs/cern.ch/user/a/amalhotr/.crab3
INFO 2025-03-28 00:30:33.514 UTC: 	 Will use CRAB configuration file Vertexer_CRAB.py
DEBUG 2025-03-28 00:30:33.514 UTC: 	 Loading CRAB configuration file.
DEBUG 2025-03-28 00:30:33.517 UTC: 	 Will use CRAB plugin ANALYSIS (i.e. will run an analysis job type).
DEBUG 2025-03-28 00:30:33.527 UTC: 	 Checking credentials
DEBUG 2025-03-28 00:30:33.527 UTC: 	 Found proxy file /tmp/x509up_u180451
DEBUG 2025-03-28 00:30:33.527 UTC: 	 Making sure it has proper VOMS extension
DEBUG 2025-03-28 00:30:33.527 UTC: 	 Executing command :
 voms-proxy-info --vo --file /tmp/x509up_u180451
DEBUG 2025-03-28 00:30:37.272 UTC: 	 output : cms

 error: 
 retcode : 0
DEBUG 2025-03-28 00:30:37.272 UTC: 	 Getting proxy life time left
DEBUG 2025-03-28 00:30:37.272 UTC: 	 Executing command :
 voms-proxy-info --actimeleft --timeleft --file /tmp/x509up_u180451
DEBUG 2025-03-28 00:30:39.791 UTC: 	 output : 690037
690037

 error: 
 retcode : 0
DEBUG 2025-03-28 00:30:39.791 UTC: 	 Proxy valid for 191:40:37 hours
DEBUG 2025-03-28 00:30:39.791 UTC: 	 Encoded data for curl request: subresource=delegatedn
DEBUG 2025-03-28 00:30:42.878 UTC: 	 Registering user credentials on myproxy for /DC=ch/DC=cern/OU=computers/CN=crab-(preprod|prod)-tw(01|02).cern.ch|/DC=ch/DC=cern/OU=computers/CN=crab-dev-tw(01|02|03|04).cern.ch|/DC=ch/DC=cern/OU=Organic Units/OU=Users/CN=cmscrab/CN=(817881|373708)/CN=Robot: cms crab|/DC=ch/DC=cern/OU=Organic Units/OU=Users/CN=crabint1/CN=373708/CN=Robot: CMS CRAB Integration 1
DEBUG 2025-03-28 00:30:42.878 UTC: 	 Executing command :
 voms-proxy-info --identity --file /tmp/x509up_u180451
DEBUG 2025-03-28 00:30:45.490 UTC: 	 output : /DC=ch/DC=cern/OU=Organic Units/OU=Users/CN=amalhotr/CN=884837/CN=Aryan Malhotra

 error: 
 retcode : 0
DEBUG 2025-03-28 00:30:45.490 UTC: 	 Getting myproxy life time left for 2382a3cf28fdeacb1de9b039908761ea517a5ed6
DEBUG 2025-03-28 00:30:45.490 UTC: 	 Executing command :
 myproxy-info -s myproxy.cern.ch -l 2382a3cf28fdeacb1de9b039908761ea517a5ed6
DEBUG 2025-03-28 00:30:45.769 UTC: 	 output : username: 2382a3cf28fdeacb1de9b039908761ea517a5ed6
owner: /DC=ch/DC=cern/OU=Organic Units/OU=Users/CN=amalhotr/CN=884837/CN=Aryan Malhotra
  renewal policy: /DC=ch/DC=cern/OU=computers/CN=crab-(preprod|prod)-tw(01|02).cern.ch|/DC=ch/DC=cern/OU=computers/CN=crab-dev-tw(01|02|03|04).cern.ch|/DC=ch/DC=cern/OU=Organic Units/OU=Users/CN=cmscrab/CN=(817881|373708)/CN=Robot: cms crab|/DC=ch/DC=cern/OU=Organic Units/OU=Users/CN=crabint1/CN=373708/CN=Robot: CMS CRAB Integration 1
  trusted retrieval policy: /DC=ch/DC=cern/OU=computers/CN=crab-(preprod|prod)-tw(01|02).cern.ch|/DC=ch/DC=cern/OU=computers/CN=crab-dev-tw(01|02|03|04).cern.ch|/DC=ch/DC=cern/OU=Organic Units/OU=Users/CN=cmscrab/CN=(817881|373708)/CN=Robot: cms crab|/DC=ch/DC=cern/OU=Organic Units/OU=Users/CN=crabint1/CN=373708/CN=Robot: CMS CRAB Integration 1
  timeleft: 507:49:33  (21.2 days)

 error: 
 retcode : 0
DEBUG 2025-03-28 00:30:45.769 UTC: 	 Myproxy is valid: 1828140
DEBUG 2025-03-28 00:30:45.769 UTC: 	 Result of myproxy credential check:
  Credential exists on myproxy: username: 2382a3cf28fdeacb1de9b039908761ea517a5ed6  - validity: 21 days, 3:49:00
DEBUG 2025-03-28 00:30:45.769 UTC: 	 Command use: submit
DEBUG 2025-03-28 00:30:45.769 UTC: 	 Options use: ['-c', 'Vertexer_CRAB.py']
DEBUG 2025-03-28 00:30:45.769 UTC: 	 Encoded data for curl request: subresource=version
DEBUG 2025-03-28 00:30:48.601 UTC: 	 CRABClient version: v3.250318
DEBUG 2025-03-28 00:30:48.601 UTC: 	 Instance is prod
DEBUG 2025-03-28 00:30:48.601 UTC: 	 Server base url is cmsweb.cern.ch
DEBUG 2025-03-28 00:30:48.601 UTC: 	 Command api workflow
DEBUG 2025-03-28 00:30:48.601 UTC: 	 Started submission
DEBUG 2025-03-28 00:30:48.601 UTC: 	 Working on /afs/cern.ch/user/a/amalhotr/CMSSW_14_0_18_patch1/src/Run3ScoutingAnalysisTools/crab_projects/crab_DYto2Mu4Jets_Vertexer_100_EventAwareLumiBased
DEBUG 2025-03-28 00:30:48.602 UTC: 	 Encoded data for curl request: subresource=backendurls
DEBUG 2025-03-28 00:30:49.168 UTC: 	 Loading required information from the environment
DEBUG 2025-03-28 00:30:49.168 UTC: 	 Found CMSSW_14_0_18_patch1 for el9_amd64_gcc12 with base /afs/cern.ch/user/a/amalhotr/CMSSW_14_0_18_patch1
DEBUG 2025-03-28 00:30:49.168 UTC: 	 Loading required information from the environment
DEBUG 2025-03-28 00:30:49.168 UTC: 	 Found CMSSW_14_0_18_patch1 for el9_amd64_gcc12 with base /afs/cern.ch/user/a/amalhotr/CMSSW_14_0_18_patch1
DEBUG 2025-03-28 00:30:49.168 UTC: 	 UNIQUE NAME: tarUUID 1b151dfa-e6bd-46e4-8941-81d41bb23dc4 
DEBUG 2025-03-28 00:30:49.168 UTC: 	 self.config: from WMCore.Configuration import Configuration
config = Configuration()
config.section_('General')
config.General.requestName = 'DYto2Mu4Jets_Vertexer_100_EventAwareLumiBased'
config.General.workArea = 'crab_projects'
config.General.transferOutputs = True
config.General.transferLogs = True
config.section_('JobType')
config.JobType.maxMemoryMB = 2500
config.JobType.pluginName = 'Analysis'
config.JobType.psetName = 'Vertexer.py'
config.section_('Data')
config.Data.publication = True
config.Data.inputDBS = 'phys03'
config.Data.outputDatasetTag = 'DYto2Mu4Jets_Vertexer_100_EventAwareLumiBased'
config.Data.splitting = 'EventAwareLumiBased'
config.Data.inputDataset = '/DYto2Mu-4Jets_Bin-MLL-50_TuneCP5_13p6TeV_madgraphMLM-pythia8/amalhotr-DYto2Mu4Jets_Unpacker_100-49feb6938084587a06052f9676570a55/USER'
config.Data.unitsPerJob = 20000
config.section_('Site')
config.Site.storageSite = 'T2_BR_SPRACE'
config.section_('User')
config.section_('Debug')

DEBUG 2025-03-28 00:30:49.168 UTC: 	 self.config.JobType.psetName: Vertexer.py
INFO 2025-03-28 00:30:49.168 UTC: 	 Importing CMSSW configuration Vertexer.py
INFO 2025-03-28 00:30:49.535 UTC: 	 Finished importing CMSSW configuration Vertexer.py
DEBUG 2025-03-28 00:30:49.535 UTC: 	 Writing CMSSW configuration to /afs/cern.ch/user/a/amalhotr/CMSSW_14_0_18_patch1/src/Run3ScoutingAnalysisTools/crab_projects/crab_DYto2Mu4Jets_Vertexer_100_EventAwareLumiBased/inputs/PSet.py
DEBUG 2025-03-28 00:30:49.561 UTC: 	 The following EDM output files will be collected: ['DY2M_VertexerOutput.root']
DEBUG 2025-03-28 00:30:49.562 UTC: 	 The following TFile output files will be collected: []
DEBUG 2025-03-28 00:30:49.562 UTC: 	 The following user output files (not listed as PoolOuputModule or TFileService in the CMSSW PSet) will be collected: 
DEBUG 2025-03-28 00:30:49.562 UTC: 	 Loading required information from the environment
DEBUG 2025-03-28 00:30:49.562 UTC: 	 Found CMSSW_14_0_18_patch1 for el9_amd64_gcc12 with base /afs/cern.ch/user/a/amalhotr/CMSSW_14_0_18_patch1
DEBUG 2025-03-28 00:30:49.562 UTC: 	 Making tarball in /afs/cern.ch/user/a/amalhotr/CMSSW_14_0_18_patch1/src/Run3ScoutingAnalysisTools/crab_projects/crab_DYto2Mu4Jets_Vertexer_100_EventAwareLumiBased/inputs/1b151dfa-e6bd-46e4-8941-81d41bb23dc4default.tgz
DEBUG 2025-03-28 00:30:49.563 UTC: 	 Checking directory /afs/cern.ch/user/a/amalhotr/CMSSW_14_0_18_patch1/bin
DEBUG 2025-03-28 00:30:49.563 UTC: 	 Adding directory /afs/cern.ch/user/a/amalhotr/CMSSW_14_0_18_patch1/bin to tarball
DEBUG 2025-03-28 00:30:49.564 UTC: 	 Checking directory /afs/cern.ch/user/a/amalhotr/CMSSW_14_0_18_patch1/python
DEBUG 2025-03-28 00:30:49.564 UTC: 	 Adding directory /afs/cern.ch/user/a/amalhotr/CMSSW_14_0_18_patch1/python to tarball
DEBUG 2025-03-28 00:30:49.581 UTC: 	 Checking directory /afs/cern.ch/user/a/amalhotr/CMSSW_14_0_18_patch1/cfipython
DEBUG 2025-03-28 00:30:49.581 UTC: 	 Adding directory /afs/cern.ch/user/a/amalhotr/CMSSW_14_0_18_patch1/cfipython to tarball
DEBUG 2025-03-28 00:30:49.585 UTC: 	 Checking directory /afs/cern.ch/user/a/amalhotr/CMSSW_14_0_18_patch1/lib
DEBUG 2025-03-28 00:30:49.585 UTC: 	 Adding directory /afs/cern.ch/user/a/amalhotr/CMSSW_14_0_18_patch1/lib to tarball
DEBUG 2025-03-28 00:30:49.649 UTC: 	 Checking directory /afs/cern.ch/user/a/amalhotr/CMSSW_14_0_18_patch1/biglib
DEBUG 2025-03-28 00:30:49.649 UTC: 	 Adding directory /afs/cern.ch/user/a/amalhotr/CMSSW_14_0_18_patch1/biglib to tarball
DEBUG 2025-03-28 00:30:49.650 UTC: 	 Checking directory /afs/cern.ch/user/a/amalhotr/CMSSW_14_0_18_patch1/module
DEBUG 2025-03-28 00:30:49.650 UTC: 	 Checking directory /afs/cern.ch/user/a/amalhotr/CMSSW_14_0_18_patch1/config/SCRAM/hooks
DEBUG 2025-03-28 00:30:49.650 UTC: 	 Adding directory /afs/cern.ch/user/a/amalhotr/CMSSW_14_0_18_patch1/config/SCRAM/hooks to tarball
DEBUG 2025-03-28 00:30:49.671 UTC: 	 Adding directory /afs/cern.ch/user/a/amalhotr/CMSSW_14_0_18_patch1/src/Run3ScoutingAnalysisTools/DataFormats/Scouting/interface to tarball
DEBUG 2025-03-28 00:30:49.723 UTC: 	 Adding directory /afs/cern.ch/user/a/amalhotr/CMSSW_14_0_18_patch1/src/Run3ScoutingAnalysisTools/ScoutingTreeMakerRun3/python to tarball
DEBUG 2025-03-28 00:30:49.726 UTC: 	 Adding directory /afs/cern.ch/user/a/amalhotr/CMSSW_14_0_18_patch1/src/DataFormats/Scouting/interface to tarball
DEBUG 2025-03-28 00:30:49.729 UTC: 	 Adding directory /afs/cern.ch/user/a/amalhotr/CMSSW_14_0_18_patch1/src/Configuration/GenProduction/python to tarball
DEBUG 2025-03-28 00:30:49.775 UTC: 	 Uploading archive /afs/cern.ch/user/a/amalhotr/CMSSW_14_0_18_patch1/src/Run3ScoutingAnalysisTools/crab_projects/crab_DYto2Mu4Jets_Vertexer_100_EventAwareLumiBased/inputs/1b151dfa-e6bd-46e4-8941-81d41bb23dc4default.tgz (465 KB) to the CRAB cache. Using URI https://cmsweb.cern.ch/S3/crabcache_prod
DEBUG 2025-03-28 00:30:57.266 UTC: 	 Encoded data for curl request: subresource=upload&objecttype=sandbox&tarballname=c69e9220b4b67efce6c3d4ab97902bd8138835f4ff2c08c8112469e7d0015c74.tar.gz
DEBUG 2025-03-28 00:30:57.356 UTC: 	 sandbox c69e9220b4b67efce6c3d4ab97902bd8138835f4ff2c08c8112469e7d0015c74.tar.gz is already in the S3 store, will not upload again
DEBUG 2025-03-28 00:30:57.356 UTC: 	 Loading required information from the environment
DEBUG 2025-03-28 00:30:57.356 UTC: 	 Found CMSSW_14_0_18_patch1 for el9_amd64_gcc12 with base /afs/cern.ch/user/a/amalhotr/CMSSW_14_0_18_patch1
DEBUG 2025-03-28 00:30:57.356 UTC: 	 Making tarball in /afs/cern.ch/user/a/amalhotr/CMSSW_14_0_18_patch1/src/Run3ScoutingAnalysisTools/crab_projects/crab_DYto2Mu4Jets_Vertexer_100_EventAwareLumiBased/inputs/debugFiles.tgz
DEBUG 2025-03-28 00:30:57.375 UTC: 	 Uploading archive /afs/cern.ch/user/a/amalhotr/CMSSW_14_0_18_patch1/src/Run3ScoutingAnalysisTools/crab_projects/crab_DYto2Mu4Jets_Vertexer_100_EventAwareLumiBased/inputs/debugFiles.tgz (3 KB) to the CRAB cache. Using URI https://cmsweb.cern.ch/S3/crabcache_prod
DEBUG 2025-03-28 00:30:57.377 UTC: 	 Encoded data for curl request: subresource=upload&objecttype=sandbox&tarballname=b7cb14b167fdb5609303f2e6d1589841b8e7db6c3bc8062164a35e4266da1a8d.tar.gz
DEBUG 2025-03-28 00:30:59.415 UTC: 	 Will execute:
curl -f -v -X POST  -H "User-Agent: CRAB" -F "key=amalhotr/sandboxes/b7cb14b167fdb5609303f2e6d1589841b8e7db6c3bc8062164a35e4266da1a8d.tar.gz" -F "AWSAccessKeyId=715203df6482458ba839e73e6dab634b" -F "policy=eyJleHBpcmF0aW9uIjogIjIwMjUtMDMtMjhUMDE6MzA6NThaIiwgImNvbmRpdGlvbnMiOiBbeyJidWNrZXQiOiAiY3JhYmNhY2hlX3Byb2QifSwgeyJrZXkiOiAiYW1hbGhvdHIvc2FuZGJveGVzL2I3Y2IxNGIxNjdmZGI1NjA5MzAzZjJlNmQxNTg5ODQxYjhlN2RiNmMzYmM4MDYyMTY0YTM1ZTQyNjZkYTFhOGQudGFyLmd6In1dfQ==" -F "signature=g78iNomTwQNMI1q53hJMR+4uePw=" -F "file=@/afs/cern.ch/user/a/amalhotr/CMSSW_14_0_18_patch1/src/Run3ScoutingAnalysisTools/crab_projects/crab_DYto2Mu4Jets_Vertexer_100_EventAwareLumiBased/inputs/debugFiles.tgz" "https://s3.cern.ch/crabcache_prod"
DEBUG 2025-03-28 00:30:59.457 UTC: 	 exitcode: 0
stdout: b''
DEBUG 2025-03-28 00:30:59.457 UTC: 	 upload to S3 of sandbox /afs/cern.ch/user/a/amalhotr/CMSSW_14_0_18_patch1/src/Run3ScoutingAnalysisTools/crab_projects/crab_DYto2Mu4Jets_Vertexer_100_EventAwareLumiBased/inputs/debugFiles.tgz completed
DEBUG 2025-03-28 00:30:59.457 UTC: 	 make sure that object is ready for retrieve
DEBUG 2025-03-28 00:31:00.458 UTC: 	 Encoded data for curl request: subresource=download&objecttype=sandbox&tarballname=b7cb14b167fdb5609303f2e6d1589841b8e7db6c3bc8062164a35e4266da1a8d.tar.gz&clientmethod=head_object
DEBUG 2025-03-28 00:31:02.797 UTC: 	 PreSignedUrl to download sandbox received OK
DEBUG 2025-03-28 00:31:02.799 UTC: 	 Will execute:
 curl -v -s -f -o /dev/null --head  "https://s3.cern.ch/crabcache_prod/amalhotr/sandboxes/b7cb14b167fdb5609303f2e6d1589841b8e7db6c3bc8062164a35e4266da1a8d.tar.gz?AWSAccessKeyId=715203df6482458ba839e73e6dab634b&Signature=x8R%2BZ%2Fb52Ig1QsOFW0duVSFIvP8%3D&Expires=1743125462"
DEBUG 2025-03-28 00:31:02.824 UTC: 	 exitcode: 0
stdout: b''
DEBUG 2025-03-28 00:31:02.824 UTC: 	 sandbox /afs/cern.ch/user/a/amalhotr/CMSSW_14_0_18_patch1/src/Run3ScoutingAnalysisTools/crab_projects/crab_DYto2Mu4Jets_Vertexer_100_EventAwareLumiBased/inputs/debugFiles.tgz successfully uploaded to S3
DEBUG 2025-03-28 00:31:02.824 UTC: 	 Result uploading input files: c69e9220b4b67efce6c3d4ab97902bd8138835f4ff2c08c8112469e7d0015c74.tar.gz 
DEBUG 2025-03-28 00:31:02.824 UTC: 	 submit() - self.configuration from WMCore.Configuration import Configuration
config = Configuration()
config.section_('General')
config.General.requestName = 'DYto2Mu4Jets_Vertexer_100_EventAwareLumiBased'
config.General.workArea = 'crab_projects'
config.General.transferOutputs = True
config.General.transferLogs = True
config.section_('JobType')
config.JobType.maxMemoryMB = 2500
config.JobType.pluginName = 'Analysis'
config.JobType.psetName = 'Vertexer.py'
config.section_('Data')
config.Data.publication = True
config.Data.inputDBS = 'phys03'
config.Data.outputDatasetTag = 'DYto2Mu4Jets_Vertexer_100_EventAwareLumiBased'
config.Data.splitting = 'EventAwareLumiBased'
config.Data.inputDataset = '/DYto2Mu-4Jets_Bin-MLL-50_TuneCP5_13p6TeV_madgraphMLM-pythia8/amalhotr-DYto2Mu4Jets_Unpacker_100-49feb6938084587a06052f9676570a55/USER'
config.Data.unitsPerJob = 20000
config.section_('Site')
config.Site.storageSite = 'T2_BR_SPRACE'
config.section_('User')
config.section_('Debug')

DEBUG 2025-03-28 00:31:02.824 UTC: 	 submit() - self.configreq {'dryrun': 0, 'workflow': 'crab_DYto2Mu4Jets_Vertexer_100_EventAwareLumiBased', 'saveoutput': 1, 'savelogsflag': 1, 'inputdata': '/DYto2Mu-4Jets_Bin-MLL-50_TuneCP5_13p6TeV_madgraphMLM-pythia8/amalhotr-DYto2Mu4Jets_Unpacker_100-49feb6938084587a06052f9676570a55/USER', 'nonvaliddata': 0, 'userfiles': [], 'dbsurl': 'https://cmsweb.cern.ch/dbs/prod/phys03/DBSReader', 'useparent': 0, 'ignorelocality': 0, 'splitalgo': 'EventAwareLumiBased', 'algoargs': 20000, 'totalunits': 0, 'publication': 1, 'publishdbsurl': 'https://cmsweb.cern.ch/dbs/prod/phys03/DBSWriter', 'publishname2': 'DYto2Mu4Jets_Vertexer_100_EventAwareLumiBased', 'jobtype': 'Analysis', 'generator': 'pythia', 'addoutputfiles': [], 'maxjobruntime': 1250, 'numcores': 1, 'maxmemory': 2500, 'priority': 10, 'nonprodsw': 0, 'asyncdest': 'T2_BR_SPRACE', 'requireaccelerator': 0, 'oneEventMode': 0, 'extrajdl': [], 'ignoreglobalblacklist': 0, 'partialdataset': 0, 'inputblocks': []}
DEBUG 2025-03-28 00:31:02.825 UTC: 	 submit() - jobconfig {'addoutputfiles': [], 'tfileoutfiles': [], 'edmoutfiles': ['DY2M_VertexerOutput.root'], 'jobarch': 'el9_amd64_gcc12', 'jobminuarch': 'any', 'jobsw': 'CMSSW_14_0_18_patch1', 'inputdata': '/DYto2Mu-4Jets_Bin-MLL-50_TuneCP5_13p6TeV_madgraphMLM-pythia8/amalhotr-DYto2Mu4Jets_Unpacker_100-49feb6938084587a06052f9676570a55/USER', 'cacheurl': 'https://cmsweb.cern.ch/S3/crabcache_prod', 'cachefilename': 'c69e9220b4b67efce6c3d4ab97902bd8138835f4ff2c08c8112469e7d0015c74.tar.gz', 'debugfilename': 'b7cb14b167fdb5609303f2e6d1589841b8e7db6c3bc8062164a35e4266da1a8d.tar.gz', 'jobtype': 'Analysis'}
INFO 2025-03-28 00:31:02.825 UTC: 	 Sending the request to the server at cmsweb.cern.ch
DEBUG 2025-03-28 00:31:02.825 UTC: 	 Submitting {'dryrun': 0, 'workflow': 'crab_DYto2Mu4Jets_Vertexer_100_EventAwareLumiBased', 'saveoutput': 1, 'savelogsflag': 1, 'inputdata': '/DYto2Mu-4Jets_Bin-MLL-50_TuneCP5_13p6TeV_madgraphMLM-pythia8/amalhotr-DYto2Mu4Jets_Unpacker_100-49feb6938084587a06052f9676570a55/USER', 'nonvaliddata': 0, 'userfiles': [], 'dbsurl': 'https://cmsweb.cern.ch/dbs/prod/phys03/DBSReader', 'useparent': 0, 'ignorelocality': 0, 'splitalgo': 'EventAwareLumiBased', 'algoargs': 20000, 'totalunits': 0, 'publication': 1, 'publishdbsurl': 'https://cmsweb.cern.ch/dbs/prod/phys03/DBSWriter', 'publishname2': 'DYto2Mu4Jets_Vertexer_100_EventAwareLumiBased', 'jobtype': 'Analysis', 'generator': 'pythia', 'addoutputfiles': [], 'maxjobruntime': 1250, 'numcores': 1, 'maxmemory': 2500, 'priority': 10, 'nonprodsw': 0, 'asyncdest': 'T2_BR_SPRACE', 'requireaccelerator': 0, 'oneEventMode': 0, 'extrajdl': [], 'ignoreglobalblacklist': 0, 'partialdataset': 0, 'inputblocks': [], 'tfileoutfiles': [], 'edmoutfiles': ['DY2M_VertexerOutput.root'], 'jobarch': 'el9_amd64_gcc12', 'jobminuarch': 'any', 'jobsw': 'CMSSW_14_0_18_patch1', 'cacheurl': 'https://cmsweb.cern.ch/S3/crabcache_prod', 'cachefilename': 'c69e9220b4b67efce6c3d4ab97902bd8138835f4ff2c08c8112469e7d0015c74.tar.gz', 'debugfilename': 'b7cb14b167fdb5609303f2e6d1589841b8e7db6c3bc8062164a35e4266da1a8d.tar.gz'} 
DEBUG 2025-03-28 00:31:02.825 UTC: 	 Encoded data for curl request: dryrun=0&workflow=crab_DYto2Mu4Jets_Vertexer_100_EventAwareLumiBased&saveoutput=1&savelogsflag=1&inputdata=%2FDYto2Mu-4Jets_Bin-MLL-50_TuneCP5_13p6TeV_madgraphMLM-pythia8%2Famalhotr-DYto2Mu4Jets_Unpacker_100-49feb6938084587a06052f9676570a55%2FUSER&nonvaliddata=0&dbsurl=https%3A%2F%2Fcmsweb.cern.ch%2Fdbs%2Fprod%2Fphys03%2FDBSReader&useparent=0&ignorelocality=0&splitalgo=EventAwareLumiBased&algoargs=20000&totalunits=0&publication=1&publishdbsurl=https%3A%2F%2Fcmsweb.cern.ch%2Fdbs%2Fprod%2Fphys03%2FDBSWriter&publishname2=DYto2Mu4Jets_Vertexer_100_EventAwareLumiBased&jobtype=Analysis&generator=pythia&maxjobruntime=1250&numcores=1&maxmemory=2500&priority=10&nonprodsw=0&asyncdest=T2_BR_SPRACE&requireaccelerator=0&oneEventMode=0&ignoreglobalblacklist=0&partialdataset=0&jobarch=el9_amd64_gcc12&jobminuarch=any&jobsw=CMSSW_14_0_18_patch1&cacheurl=https%3A%2F%2Fcmsweb.cern.ch%2FS3%2Fcrabcache_prod&cachefilename=c69e9220b4b67efce6c3d4ab97902bd8138835f4ff2c08c8112469e7d0015c74.tar.gz&debugfilename=b7cb14b167fdb5609303f2e6d1589841b8e7db6c3bc8062164a35e4266da1a8d.tar.gz&edmoutfiles=DY2M_VertexerOutput.root
DEBUG 2025-03-28 00:31:05.079 UTC: 	 Result: {'result': [{'RequestName': '250328_003104:amalhotr_crab_DYto2Mu4Jets_Vertexer_100_EventAwareLumiBased'}]}
INFO 2025-03-28 00:31:05.084 UTC: 	 Success: Your task has been delivered to the prod CRAB3 server.
INFO 2025-03-28 00:31:05.084 UTC: 	 Task name: 250328_003104:amalhotr_crab_DYto2Mu4Jets_Vertexer_100_EventAwareLumiBased
INFO 2025-03-28 00:31:05.084 UTC: 	 Project dir: crab_projects/crab_DYto2Mu4Jets_Vertexer_100_EventAwareLumiBased
INFO 2025-03-28 00:31:05.084 UTC: 	 Please use ' crab status -d crab_projects/crab_DYto2Mu4Jets_Vertexer_100_EventAwareLumiBased ' to check how the submission process proceeds.
DEBUG 2025-03-28 00:31:05.084 UTC: 	 About to return
INFO 2025-03-28 00:31:05.086 UTC: 	 Log file is /afs/cern.ch/user/a/amalhotr/CMSSW_14_0_18_patch1/src/Run3ScoutingAnalysisTools/crab_projects/crab_DYto2Mu4Jets_Vertexer_100_EventAwareLumiBased/crab.log
DEBUG 2025-03-28 00:31:32.766 UTC: 	 CRAB Client version: v3.250318
DEBUG 2025-03-28 00:31:32.766 UTC: 	 Running on: Linux lxplus940.cern.ch 5.14.0-503.22.1.el9_5.x86_64 #1 SMP PREEMPT_DYNAMIC Wed Jan 15 08:02:15 EST 2025 x86_64 x86_64 x86_64 GNU/Linux
DEBUG 2025-03-28 00:31:32.766 UTC: 	 Not using Singularity
DEBUG 2025-03-28 00:31:32.766 UTC: 	 Operating System: Red Hat Enterprise Linux 9.5 (Plow)
DEBUG 2025-03-28 00:31:32.766 UTC: 	 Executing command: 'status'
DEBUG 2025-03-28 00:31:32.766 UTC: 	 Found CRAB cache file /afs/cern.ch/user/a/amalhotr/.crab3
DEBUG 2025-03-28 00:31:32.772 UTC: 	 Checking credentials
DEBUG 2025-03-28 00:31:32.773 UTC: 	 Found proxy file /tmp/x509up_u180451
DEBUG 2025-03-28 00:31:32.773 UTC: 	 Making sure it has proper VOMS extension
DEBUG 2025-03-28 00:31:32.773 UTC: 	 Executing command :
 voms-proxy-info --vo --file /tmp/x509up_u180451
DEBUG 2025-03-28 00:31:34.957 UTC: 	 output : cms

 error: 
 retcode : 0
DEBUG 2025-03-28 00:31:34.958 UTC: 	 Getting proxy life time left
DEBUG 2025-03-28 00:31:34.958 UTC: 	 Executing command :
 voms-proxy-info --actimeleft --timeleft --file /tmp/x509up_u180451
DEBUG 2025-03-28 00:31:37.280 UTC: 	 output : 689979
689979

 error: 
 retcode : 0
DEBUG 2025-03-28 00:31:37.280 UTC: 	 Proxy valid for 191:39:39 hours
DEBUG 2025-03-28 00:31:37.281 UTC: 	 Encoded data for curl request: subresource=delegatedn
DEBUG 2025-03-28 00:31:40.201 UTC: 	 Registering user credentials on myproxy for /DC=ch/DC=cern/OU=computers/CN=crab-(preprod|prod)-tw(01|02).cern.ch|/DC=ch/DC=cern/OU=computers/CN=crab-dev-tw(01|02|03|04).cern.ch|/DC=ch/DC=cern/OU=Organic Units/OU=Users/CN=cmscrab/CN=(817881|373708)/CN=Robot: cms crab|/DC=ch/DC=cern/OU=Organic Units/OU=Users/CN=crabint1/CN=373708/CN=Robot: CMS CRAB Integration 1
DEBUG 2025-03-28 00:31:40.201 UTC: 	 Executing command :
 voms-proxy-info --identity --file /tmp/x509up_u180451
DEBUG 2025-03-28 00:31:42.766 UTC: 	 output : /DC=ch/DC=cern/OU=Organic Units/OU=Users/CN=amalhotr/CN=884837/CN=Aryan Malhotra

 error: 
 retcode : 0
DEBUG 2025-03-28 00:31:42.767 UTC: 	 Getting myproxy life time left for 2382a3cf28fdeacb1de9b039908761ea517a5ed6
DEBUG 2025-03-28 00:31:42.767 UTC: 	 Executing command :
 myproxy-info -s myproxy.cern.ch -l 2382a3cf28fdeacb1de9b039908761ea517a5ed6
DEBUG 2025-03-28 00:31:43.077 UTC: 	 output : username: 2382a3cf28fdeacb1de9b039908761ea517a5ed6
owner: /DC=ch/DC=cern/OU=Organic Units/OU=Users/CN=amalhotr/CN=884837/CN=Aryan Malhotra
  renewal policy: /DC=ch/DC=cern/OU=computers/CN=crab-(preprod|prod)-tw(01|02).cern.ch|/DC=ch/DC=cern/OU=computers/CN=crab-dev-tw(01|02|03|04).cern.ch|/DC=ch/DC=cern/OU=Organic Units/OU=Users/CN=cmscrab/CN=(817881|373708)/CN=Robot: cms crab|/DC=ch/DC=cern/OU=Organic Units/OU=Users/CN=crabint1/CN=373708/CN=Robot: CMS CRAB Integration 1
  trusted retrieval policy: /DC=ch/DC=cern/OU=computers/CN=crab-(preprod|prod)-tw(01|02).cern.ch|/DC=ch/DC=cern/OU=computers/CN=crab-dev-tw(01|02|03|04).cern.ch|/DC=ch/DC=cern/OU=Organic Units/OU=Users/CN=cmscrab/CN=(817881|373708)/CN=Robot: cms crab|/DC=ch/DC=cern/OU=Organic Units/OU=Users/CN=crabint1/CN=373708/CN=Robot: CMS CRAB Integration 1
  timeleft: 507:48:35  (21.2 days)

 error: 
 retcode : 0
DEBUG 2025-03-28 00:31:43.077 UTC: 	 Myproxy is valid: 1828080
DEBUG 2025-03-28 00:31:43.077 UTC: 	 Result of myproxy credential check:
  Credential exists on myproxy: username: 2382a3cf28fdeacb1de9b039908761ea517a5ed6  - validity: 21 days, 3:48:00
DEBUG 2025-03-28 00:31:43.077 UTC: 	 Retrieving username ...
DEBUG 2025-03-28 00:31:43.077 UTC: 	 Retrieving username from CRIC...
DEBUG 2025-03-28 00:31:43.824 UTC: 	 username is amalhotr
INFO 2025-03-28 00:31:44.307 UTC: 	 Rucio client intialized for account amalhotr
DEBUG 2025-03-28 00:31:44.307 UTC: 	 Command use: status
DEBUG 2025-03-28 00:31:44.307 UTC: 	 Options use: ['-d', 'crab_projects/crab_DYto2Mu4Jets_Vertexer_100_EventAwareLumiBased']
DEBUG 2025-03-28 00:31:44.307 UTC: 	 Encoded data for curl request: subresource=version
DEBUG 2025-03-28 00:31:45.695 UTC: 	 CRABClient version: v3.250318
DEBUG 2025-03-28 00:31:45.695 UTC: 	 Instance is prod
DEBUG 2025-03-28 00:31:45.695 UTC: 	 Server base url is cmsweb.cern.ch
DEBUG 2025-03-28 00:31:45.695 UTC: 	 Command api workflow
DEBUG 2025-03-28 00:31:45.695 UTC: 	 Encoded data for curl request: subresource=search&workflow=250328_003104%3Aamalhotr_crab_DYto2Mu4Jets_Vertexer_100_EventAwareLumiBased
DEBUG 2025-03-28 00:31:48.169 UTC: 	 Got information from server oracle database: {'desc': {'columns': ['tm_taskname', 'tm_activity', 'tm_task_status', 'tm_task_command', 'tm_start_time', 'tm_start_injection', 'tm_end_injection', 'tm_task_failure', 'tm_job_sw', 'tm_job_arch', 'tm_input_dataset', 'tm_nonvalid_input_dataset', 'tm_use_parent', 'tm_site_whitelist', 'tm_site_blacklist', 'tm_split_algo', 'tm_split_args', 'tm_user_sandbox', 'tm_cache_url', 'tm_username', 'tm_user_dn', 'tm_user_vo', 'tm_user_role', 'tm_user_group', 'tm_publish_name', 'tm_publish_groupname', 'tm_asyncdest', 'tm_dbs_url', 'tm_publish_dbs_url', 'tm_publication', 'tm_outfiles', 'tm_tfile_outfiles', 'tm_edm_outfiles', 'tm_job_type', 'tm_generator', 'tm_events_per_lumi', 'tm_arguments', 'tm_save_logs', 'tw_name', 'tm_user_infiles', 'tm_maxjobruntime', 'tm_numcores', 'tm_maxmemory', 'tm_priority', 'tm_output_dataset', 'tm_task_warnings', 'tm_user_webdir', 'tm_scriptexe', 'tm_scriptargs', 'tm_extrajdl', 'tm_collector', 'tm_schedd', 'tm_dry_run', 'tm_user_files', 'tm_transfer_outputs', 'tm_output_lfn', 'tm_ignore_locality', 'tm_fail_limit', 'tm_one_event_mode', 'tm_secondary_input_dataset', 'tm_primary_dataset', 'tm_last_publication', 'tm_debug_files', 'clusterid', 'tm_ignore_global_blacklist', 'tm_submitter_ip_addr', 'tm_totalunits', 'tm_ddm_reqid', 'tm_user_config', 'tm_transfer_container', 'tm_transfer_rule', 'tm_publish_rule', 'tm_multipub_rule', 'tm_job_min_microarch', 'tm_dagman_status', 'tm_num_jobs', 'tm_uploaded']}, 'result': ['250328_003104:amalhotr_crab_DYto2Mu4Jets_Vertexer_100_EventAwareLumiBased', 'None', 'HOLDING', 'SUBMIT', '2025-03-28 00:31:04.613630', 'None', 'None', 'None', 'CMSSW_14_0_18_patch1', 'el9_amd64_gcc12', '/DYto2Mu-4Jets_Bin-MLL-50_TuneCP5_13p6TeV_madgraphMLM-pythia8/amalhotr-DYto2Mu4Jets_Unpacker_100-49feb6938084587a06052f9676570a55/USER', 'F', '0', '[]', '[]', 'EventAwareLumiBased', "{'halt_job_on_file_boundaries': False, 'splitOnRun': False, 'events_per_job': 20000, 'runs': [], 'lumis': []}", 'c69e9220b4b67efce6c3d4ab97902bd8138835f4ff2c08c8112469e7d0015c74.tar.gz', 'https://cmsweb.cern.ch/S3/crabcache_prod', 'amalhotr', '/DC=ch/DC=cern/OU=Organic Units/OU=Users/CN=amalhotr/CN=884837/CN=Aryan Malhotra', 'cms', 'None', 'None', 'DYto2Mu4Jets_Vertexer_100_EventAwareLumiBased-00000000000000000000000000000000', 'F', 'T2_BR_SPRACE', 'https://cmsweb.cern.ch/dbs/prod/phys03/DBSReader', 'https://cmsweb.cern.ch/dbs/prod/phys03/DBSWriter', 'T', '[]', '[]', "['DY2M_VertexerOutput.root']", 'Analysis', 'pythia', 'None', '{}', 'T', 'crab-prod-tw01', '[]', '1250', '1', '2500', '10', 'None', '[]', 'None', 'None', '[]', '[]', 'cmsgwms-collector-global.cern.ch:9620,cmsgwms-collector-global.fnal.gov:9620', 'None', 'F', '[]', 'T', '/store/user/amalhotr/', 'F', 'None', 'F', 'None', 'DYto2Mu-4Jets_Bin-MLL-50_TuneCP5_13p6TeV_madgraphMLM-pythia8', 'None', 'b7cb14b167fdb5609303f2e6d1589841b8e7db6c3bc8062164a35e4266da1a8d.tar.gz', 'None', 'F', '188.184.73.32', '0.0', 'None', '{"partialdataset": false, "requireaccelerator": false, "acceleratorparams": null, "inputblocks": null}', 'None', 'None', 'None', 'None', 'any', 'NOT_READY', '0', 'F']}
INFO 2025-03-28 00:31:48.169 UTC: 	 CRAB project directory:		/afs/cern.ch/user/a/amalhotr/CMSSW_14_0_18_patch1/src/Run3ScoutingAnalysisTools/crab_projects/crab_DYto2Mu4Jets_Vertexer_100_EventAwareLumiBased
INFO 2025-03-28 00:31:48.170 UTC: 	 Task name:			250328_003104:amalhotr_crab_DYto2Mu4Jets_Vertexer_100_EventAwareLumiBased
INFO 2025-03-28 00:31:48.170 UTC: 	 Grid scheduler - Task Worker:	N/A yet - crab-prod-tw01
INFO 2025-03-28 00:31:48.170 UTC: 	 Status on the CRAB server:	HOLDING on command SUBMIT
INFO 2025-03-28 00:31:48.170 UTC: 	 Task URL to use for HELP:	https://cmsweb.cern.ch/crabserver/ui/task/250328_003104%3Aamalhotr_crab_DYto2Mu4Jets_Vertexer_100_EventAwareLumiBased
INFO 2025-03-28 00:31:48.177 UTC: 	 Dashboard monitoring URL:	https://monit-grafana.cern.ch/d/cmsTMDetail/cms-task-monitoring-task-view?orgId=11&var-user=amalhotr&var-task=250328_003104%3Aamalhotr_crab_DYto2Mu4Jets_Vertexer_100_EventAwareLumiBased&from=1743118264000&to=now
DEBUG 2025-03-28 00:31:48.177 UTC: 	 The task has not been submitted to the Grid scheduler yet. Not printing job information.
INFO 2025-03-28 00:31:48.178 UTC: 	 Log file is /afs/cern.ch/user/a/amalhotr/CMSSW_14_0_18_patch1/src/Run3ScoutingAnalysisTools/crab_projects/crab_DYto2Mu4Jets_Vertexer_100_EventAwareLumiBased/crab.log
DEBUG 2025-03-28 00:33:02.123 UTC: 	 CRAB Client version: v3.250318
DEBUG 2025-03-28 00:33:02.123 UTC: 	 Running on: Linux lxplus940.cern.ch 5.14.0-503.22.1.el9_5.x86_64 #1 SMP PREEMPT_DYNAMIC Wed Jan 15 08:02:15 EST 2025 x86_64 x86_64 x86_64 GNU/Linux
DEBUG 2025-03-28 00:33:02.123 UTC: 	 Not using Singularity
DEBUG 2025-03-28 00:33:02.123 UTC: 	 Operating System: Red Hat Enterprise Linux 9.5 (Plow)
DEBUG 2025-03-28 00:33:02.123 UTC: 	 Executing command: 'status'
DEBUG 2025-03-28 00:33:02.123 UTC: 	 Found CRAB cache file /afs/cern.ch/user/a/amalhotr/.crab3
DEBUG 2025-03-28 00:33:02.126 UTC: 	 Checking credentials
DEBUG 2025-03-28 00:33:02.127 UTC: 	 Found proxy file /tmp/x509up_u180451
DEBUG 2025-03-28 00:33:02.127 UTC: 	 Making sure it has proper VOMS extension
DEBUG 2025-03-28 00:33:02.127 UTC: 	 Executing command :
 voms-proxy-info --vo --file /tmp/x509up_u180451
DEBUG 2025-03-28 00:33:04.684 UTC: 	 output : cms

 error: 
 retcode : 0
DEBUG 2025-03-28 00:33:04.684 UTC: 	 Getting proxy life time left
DEBUG 2025-03-28 00:33:04.684 UTC: 	 Executing command :
 voms-proxy-info --actimeleft --timeleft --file /tmp/x509up_u180451
DEBUG 2025-03-28 00:33:07.327 UTC: 	 output : 689889
689889

 error: 
 retcode : 0
DEBUG 2025-03-28 00:33:07.327 UTC: 	 Proxy valid for 191:38:09 hours
DEBUG 2025-03-28 00:33:07.327 UTC: 	 Encoded data for curl request: subresource=delegatedn
DEBUG 2025-03-28 00:33:08.998 UTC: 	 Registering user credentials on myproxy for /DC=ch/DC=cern/OU=computers/CN=crab-(preprod|prod)-tw(01|02).cern.ch|/DC=ch/DC=cern/OU=computers/CN=crab-dev-tw(01|02|03|04).cern.ch|/DC=ch/DC=cern/OU=Organic Units/OU=Users/CN=cmscrab/CN=(817881|373708)/CN=Robot: cms crab|/DC=ch/DC=cern/OU=Organic Units/OU=Users/CN=crabint1/CN=373708/CN=Robot: CMS CRAB Integration 1
DEBUG 2025-03-28 00:33:08.998 UTC: 	 Executing command :
 voms-proxy-info --identity --file /tmp/x509up_u180451
DEBUG 2025-03-28 00:33:10.556 UTC: 	 output : /DC=ch/DC=cern/OU=Organic Units/OU=Users/CN=amalhotr/CN=884837/CN=Aryan Malhotra

 error: 
 retcode : 0
DEBUG 2025-03-28 00:33:10.556 UTC: 	 Getting myproxy life time left for 2382a3cf28fdeacb1de9b039908761ea517a5ed6
DEBUG 2025-03-28 00:33:10.556 UTC: 	 Executing command :
 myproxy-info -s myproxy.cern.ch -l 2382a3cf28fdeacb1de9b039908761ea517a5ed6
DEBUG 2025-03-28 00:33:10.852 UTC: 	 output : username: 2382a3cf28fdeacb1de9b039908761ea517a5ed6
owner: /DC=ch/DC=cern/OU=Organic Units/OU=Users/CN=amalhotr/CN=884837/CN=Aryan Malhotra
  renewal policy: /DC=ch/DC=cern/OU=computers/CN=crab-(preprod|prod)-tw(01|02).cern.ch|/DC=ch/DC=cern/OU=computers/CN=crab-dev-tw(01|02|03|04).cern.ch|/DC=ch/DC=cern/OU=Organic Units/OU=Users/CN=cmscrab/CN=(817881|373708)/CN=Robot: cms crab|/DC=ch/DC=cern/OU=Organic Units/OU=Users/CN=crabint1/CN=373708/CN=Robot: CMS CRAB Integration 1
  trusted retrieval policy: /DC=ch/DC=cern/OU=computers/CN=crab-(preprod|prod)-tw(01|02).cern.ch|/DC=ch/DC=cern/OU=computers/CN=crab-dev-tw(01|02|03|04).cern.ch|/DC=ch/DC=cern/OU=Organic Units/OU=Users/CN=cmscrab/CN=(817881|373708)/CN=Robot: cms crab|/DC=ch/DC=cern/OU=Organic Units/OU=Users/CN=crabint1/CN=373708/CN=Robot: CMS CRAB Integration 1
  timeleft: 507:47:08  (21.2 days)

 error: 
 retcode : 0
DEBUG 2025-03-28 00:33:10.852 UTC: 	 Myproxy is valid: 1828020
DEBUG 2025-03-28 00:33:10.852 UTC: 	 Result of myproxy credential check:
  Credential exists on myproxy: username: 2382a3cf28fdeacb1de9b039908761ea517a5ed6  - validity: 21 days, 3:47:00
DEBUG 2025-03-28 00:33:10.852 UTC: 	 Retrieving username ...
DEBUG 2025-03-28 00:33:10.852 UTC: 	 Retrieving username from CRIC...
DEBUG 2025-03-28 00:33:11.615 UTC: 	 username is amalhotr
INFO 2025-03-28 00:33:12.061 UTC: 	 Rucio client intialized for account amalhotr
DEBUG 2025-03-28 00:33:12.061 UTC: 	 Command use: status
DEBUG 2025-03-28 00:33:12.061 UTC: 	 Options use: ['-d', 'crab_projects/crab_DYto2Mu4Jets_Vertexer_100_EventAwareLumiBased']
DEBUG 2025-03-28 00:33:12.062 UTC: 	 Encoded data for curl request: subresource=version
DEBUG 2025-03-28 00:33:13.538 UTC: 	 CRABClient version: v3.250318
DEBUG 2025-03-28 00:33:13.539 UTC: 	 Instance is prod
DEBUG 2025-03-28 00:33:13.539 UTC: 	 Server base url is cmsweb.cern.ch
DEBUG 2025-03-28 00:33:13.539 UTC: 	 Command api workflow
DEBUG 2025-03-28 00:33:13.539 UTC: 	 Encoded data for curl request: subresource=search&workflow=250328_003104%3Aamalhotr_crab_DYto2Mu4Jets_Vertexer_100_EventAwareLumiBased
DEBUG 2025-03-28 00:33:15.175 UTC: 	 Got information from server oracle database: {'desc': {'columns': ['tm_taskname', 'tm_activity', 'tm_task_status', 'tm_task_command', 'tm_start_time', 'tm_start_injection', 'tm_end_injection', 'tm_task_failure', 'tm_job_sw', 'tm_job_arch', 'tm_input_dataset', 'tm_nonvalid_input_dataset', 'tm_use_parent', 'tm_site_whitelist', 'tm_site_blacklist', 'tm_split_algo', 'tm_split_args', 'tm_user_sandbox', 'tm_cache_url', 'tm_username', 'tm_user_dn', 'tm_user_vo', 'tm_user_role', 'tm_user_group', 'tm_publish_name', 'tm_publish_groupname', 'tm_asyncdest', 'tm_dbs_url', 'tm_publish_dbs_url', 'tm_publication', 'tm_outfiles', 'tm_tfile_outfiles', 'tm_edm_outfiles', 'tm_job_type', 'tm_generator', 'tm_events_per_lumi', 'tm_arguments', 'tm_save_logs', 'tw_name', 'tm_user_infiles', 'tm_maxjobruntime', 'tm_numcores', 'tm_maxmemory', 'tm_priority', 'tm_output_dataset', 'tm_task_warnings', 'tm_user_webdir', 'tm_scriptexe', 'tm_scriptargs', 'tm_extrajdl', 'tm_collector', 'tm_schedd', 'tm_dry_run', 'tm_user_files', 'tm_transfer_outputs', 'tm_output_lfn', 'tm_ignore_locality', 'tm_fail_limit', 'tm_one_event_mode', 'tm_secondary_input_dataset', 'tm_primary_dataset', 'tm_last_publication', 'tm_debug_files', 'clusterid', 'tm_ignore_global_blacklist', 'tm_submitter_ip_addr', 'tm_totalunits', 'tm_ddm_reqid', 'tm_user_config', 'tm_transfer_container', 'tm_transfer_rule', 'tm_publish_rule', 'tm_multipub_rule', 'tm_job_min_microarch', 'tm_dagman_status', 'tm_num_jobs', 'tm_uploaded']}, 'result': ['250328_003104:amalhotr_crab_DYto2Mu4Jets_Vertexer_100_EventAwareLumiBased', 'None', 'SUBMITTED', 'SUBMIT', '2025-03-28 00:31:04.613630', 'None', '2025-03-28 00:32:18.624032', 'None', 'CMSSW_14_0_18_patch1', 'el9_amd64_gcc12', '/DYto2Mu-4Jets_Bin-MLL-50_TuneCP5_13p6TeV_madgraphMLM-pythia8/amalhotr-DYto2Mu4Jets_Unpacker_100-49feb6938084587a06052f9676570a55/USER', 'F', '0', '[]', '[]', 'EventAwareLumiBased', "{'halt_job_on_file_boundaries': False, 'splitOnRun': False, 'events_per_job': 20000, 'runs': [], 'lumis': []}", 'c69e9220b4b67efce6c3d4ab97902bd8138835f4ff2c08c8112469e7d0015c74.tar.gz', 'https://cmsweb.cern.ch/S3/crabcache_prod', 'amalhotr', '/DC=ch/DC=cern/OU=Organic Units/OU=Users/CN=amalhotr/CN=884837/CN=Aryan Malhotra', 'cms', 'None', 'None', 'DYto2Mu4Jets_Vertexer_100_EventAwareLumiBased-00000000000000000000000000000000', 'F', 'T2_BR_SPRACE', 'https://cmsweb.cern.ch/dbs/prod/phys03/DBSReader', 'https://cmsweb.cern.ch/dbs/prod/phys03/DBSWriter', 'T', '[]', '[]', "['DY2M_VertexerOutput.root']", 'Analysis', 'pythia', 'None', '{}', 'T', 'crab-prod-tw01', '[]', '1250', '1', '2500', '10', 'None', '[]', 'None', 'None', '[]', '[]', 'cmsgwms-collector-global.cern.ch:9620,cmsgwms-collector-global.fnal.gov:9620', 'crab3@vocms0121.cern.ch', 'F', '[]', 'T', '/store/user/amalhotr/', 'F', 'None', 'F', 'None', 'DYto2Mu-4Jets_Bin-MLL-50_TuneCP5_13p6TeV_madgraphMLM-pythia8', 'None', 'b7cb14b167fdb5609303f2e6d1589841b8e7db6c3bc8062164a35e4266da1a8d.tar.gz', '119288685', 'F', '188.184.73.32', '0.0', 'None', '{"partialdataset": false, "requireaccelerator": false, "acceleratorparams": null, "inputblocks": null}', 'None', 'None', 'None', 'None', 'any', 'NOT_READY', '0', 'F']}
INFO 2025-03-28 00:33:15.176 UTC: 	 CRAB project directory:		/afs/cern.ch/user/a/amalhotr/CMSSW_14_0_18_patch1/src/Run3ScoutingAnalysisTools/crab_projects/crab_DYto2Mu4Jets_Vertexer_100_EventAwareLumiBased
INFO 2025-03-28 00:33:15.176 UTC: 	 Task name:			250328_003104:amalhotr_crab_DYto2Mu4Jets_Vertexer_100_EventAwareLumiBased
INFO 2025-03-28 00:33:15.176 UTC: 	 Grid scheduler - Task Worker:	crab3@vocms0121.cern.ch - crab-prod-tw01
INFO 2025-03-28 00:33:15.176 UTC: 	 Status on the CRAB server:	SUBMITTED
INFO 2025-03-28 00:33:15.176 UTC: 	 Task URL to use for HELP:	https://cmsweb.cern.ch/crabserver/ui/task/250328_003104%3Aamalhotr_crab_DYto2Mu4Jets_Vertexer_100_EventAwareLumiBased
INFO 2025-03-28 00:33:15.182 UTC: 	 Dashboard monitoring URL:	https://monit-grafana.cern.ch/d/cmsTMDetail/cms-task-monitoring-task-view?orgId=11&var-user=amalhotr&var-task=250328_003104%3Aamalhotr_crab_DYto2Mu4Jets_Vertexer_100_EventAwareLumiBased&from=1743118264000&to=now
DEBUG 2025-03-28 00:33:15.182 UTC: 	 The CRAB server submitted your task to the Grid scheduler (cluster ID: 119288685)
INFO 2025-03-28 00:33:15.182 UTC: 	 Waiting for the Grid scheduler to bootstrap your task
DEBUG 2025-03-28 00:33:15.182 UTC: 	 Schedd has not reported back the webdir (yet)
INFO 2025-03-28 00:33:15.185 UTC: 	 Log file is /afs/cern.ch/user/a/amalhotr/CMSSW_14_0_18_patch1/src/Run3ScoutingAnalysisTools/crab_projects/crab_DYto2Mu4Jets_Vertexer_100_EventAwareLumiBased/crab.log
DEBUG 2025-03-28 02:35:51.587 UTC: 	 CRAB Client version: v3.250318
DEBUG 2025-03-28 02:35:51.588 UTC: 	 Running on: Linux lxplus940.cern.ch 5.14.0-503.22.1.el9_5.x86_64 #1 SMP PREEMPT_DYNAMIC Wed Jan 15 08:02:15 EST 2025 x86_64 x86_64 x86_64 GNU/Linux
DEBUG 2025-03-28 02:35:51.588 UTC: 	 Not using Singularity
DEBUG 2025-03-28 02:35:51.588 UTC: 	 Operating System: Red Hat Enterprise Linux 9.5 (Plow)
DEBUG 2025-03-28 02:35:51.588 UTC: 	 Executing command: 'status'
DEBUG 2025-03-28 02:35:51.588 UTC: 	 Found CRAB cache file /afs/cern.ch/user/a/amalhotr/.crab3
DEBUG 2025-03-28 02:35:51.592 UTC: 	 Checking credentials
DEBUG 2025-03-28 02:35:51.592 UTC: 	 Found proxy file /tmp/x509up_u180451
DEBUG 2025-03-28 02:35:51.592 UTC: 	 Making sure it has proper VOMS extension
DEBUG 2025-03-28 02:35:51.592 UTC: 	 Executing command :
 voms-proxy-info --vo --file /tmp/x509up_u180451
DEBUG 2025-03-28 02:35:53.923 UTC: 	 output : cms

 error: 
 retcode : 0
DEBUG 2025-03-28 02:35:53.923 UTC: 	 Getting proxy life time left
DEBUG 2025-03-28 02:35:53.923 UTC: 	 Executing command :
 voms-proxy-info --actimeleft --timeleft --file /tmp/x509up_u180451
DEBUG 2025-03-28 02:35:55.307 UTC: 	 output : 682520
682520

 error: 
 retcode : 0
DEBUG 2025-03-28 02:35:55.307 UTC: 	 Proxy valid for 189:35:20 hours
DEBUG 2025-03-28 02:35:55.308 UTC: 	 Encoded data for curl request: subresource=delegatedn
DEBUG 2025-03-28 02:35:56.313 UTC: 	 Registering user credentials on myproxy for /DC=ch/DC=cern/OU=computers/CN=crab-(preprod|prod)-tw(01|02).cern.ch|/DC=ch/DC=cern/OU=computers/CN=crab-dev-tw(01|02|03|04).cern.ch|/DC=ch/DC=cern/OU=Organic Units/OU=Users/CN=cmscrab/CN=(817881|373708)/CN=Robot: cms crab|/DC=ch/DC=cern/OU=Organic Units/OU=Users/CN=crabint1/CN=373708/CN=Robot: CMS CRAB Integration 1
DEBUG 2025-03-28 02:35:56.313 UTC: 	 Executing command :
 voms-proxy-info --identity --file /tmp/x509up_u180451
DEBUG 2025-03-28 02:35:57.926 UTC: 	 output : /DC=ch/DC=cern/OU=Organic Units/OU=Users/CN=amalhotr/CN=884837/CN=Aryan Malhotra

 error: 
 retcode : 0
DEBUG 2025-03-28 02:35:57.927 UTC: 	 Getting myproxy life time left for 2382a3cf28fdeacb1de9b039908761ea517a5ed6
DEBUG 2025-03-28 02:35:57.927 UTC: 	 Executing command :
 myproxy-info -s myproxy.cern.ch -l 2382a3cf28fdeacb1de9b039908761ea517a5ed6
DEBUG 2025-03-28 02:35:58.195 UTC: 	 output : username: 2382a3cf28fdeacb1de9b039908761ea517a5ed6
owner: /DC=ch/DC=cern/OU=Organic Units/OU=Users/CN=amalhotr/CN=884837/CN=Aryan Malhotra
  renewal policy: /DC=ch/DC=cern/OU=computers/CN=crab-(preprod|prod)-tw(01|02).cern.ch|/DC=ch/DC=cern/OU=computers/CN=crab-dev-tw(01|02|03|04).cern.ch|/DC=ch/DC=cern/OU=Organic Units/OU=Users/CN=cmscrab/CN=(817881|373708)/CN=Robot: cms crab|/DC=ch/DC=cern/OU=Organic Units/OU=Users/CN=crabint1/CN=373708/CN=Robot: CMS CRAB Integration 1
  trusted retrieval policy: /DC=ch/DC=cern/OU=computers/CN=crab-(preprod|prod)-tw(01|02).cern.ch|/DC=ch/DC=cern/OU=computers/CN=crab-dev-tw(01|02|03|04).cern.ch|/DC=ch/DC=cern/OU=Organic Units/OU=Users/CN=cmscrab/CN=(817881|373708)/CN=Robot: cms crab|/DC=ch/DC=cern/OU=Organic Units/OU=Users/CN=crabint1/CN=373708/CN=Robot: CMS CRAB Integration 1
  timeleft: 505:44:20  (21.1 days)

 error: 
 retcode : 0
DEBUG 2025-03-28 02:35:58.195 UTC: 	 Myproxy is valid: 1820640
DEBUG 2025-03-28 02:35:58.195 UTC: 	 Result of myproxy credential check:
  Credential exists on myproxy: username: 2382a3cf28fdeacb1de9b039908761ea517a5ed6  - validity: 21 days, 1:44:00
DEBUG 2025-03-28 02:35:58.195 UTC: 	 Retrieving username ...
DEBUG 2025-03-28 02:35:58.195 UTC: 	 Retrieving username from CRIC...
DEBUG 2025-03-28 02:35:58.846 UTC: 	 username is amalhotr
INFO 2025-03-28 02:36:00.659 UTC: 	 Rucio client intialized for account amalhotr
DEBUG 2025-03-28 02:36:00.659 UTC: 	 Command use: status
DEBUG 2025-03-28 02:36:00.659 UTC: 	 Options use: ['-d', 'crab_projects/crab_DYto2Mu4Jets_Vertexer_100_EventAwareLumiBased']
DEBUG 2025-03-28 02:36:00.659 UTC: 	 Encoded data for curl request: subresource=version
DEBUG 2025-03-28 02:36:02.570 UTC: 	 CRABClient version: v3.250318
DEBUG 2025-03-28 02:36:02.570 UTC: 	 Instance is prod
DEBUG 2025-03-28 02:36:02.570 UTC: 	 Server base url is cmsweb.cern.ch
DEBUG 2025-03-28 02:36:02.570 UTC: 	 Command api workflow
DEBUG 2025-03-28 02:36:02.571 UTC: 	 Encoded data for curl request: subresource=search&workflow=250328_003104%3Aamalhotr_crab_DYto2Mu4Jets_Vertexer_100_EventAwareLumiBased
DEBUG 2025-03-28 02:36:04.993 UTC: 	 Got information from server oracle database: {'desc': {'columns': ['tm_taskname', 'tm_activity', 'tm_task_status', 'tm_task_command', 'tm_start_time', 'tm_start_injection', 'tm_end_injection', 'tm_task_failure', 'tm_job_sw', 'tm_job_arch', 'tm_input_dataset', 'tm_nonvalid_input_dataset', 'tm_use_parent', 'tm_site_whitelist', 'tm_site_blacklist', 'tm_split_algo', 'tm_split_args', 'tm_user_sandbox', 'tm_cache_url', 'tm_username', 'tm_user_dn', 'tm_user_vo', 'tm_user_role', 'tm_user_group', 'tm_publish_name', 'tm_publish_groupname', 'tm_asyncdest', 'tm_dbs_url', 'tm_publish_dbs_url', 'tm_publication', 'tm_outfiles', 'tm_tfile_outfiles', 'tm_edm_outfiles', 'tm_job_type', 'tm_generator', 'tm_events_per_lumi', 'tm_arguments', 'tm_save_logs', 'tw_name', 'tm_user_infiles', 'tm_maxjobruntime', 'tm_numcores', 'tm_maxmemory', 'tm_priority', 'tm_output_dataset', 'tm_task_warnings', 'tm_user_webdir', 'tm_scriptexe', 'tm_scriptargs', 'tm_extrajdl', 'tm_collector', 'tm_schedd', 'tm_dry_run', 'tm_user_files', 'tm_transfer_outputs', 'tm_output_lfn', 'tm_ignore_locality', 'tm_fail_limit', 'tm_one_event_mode', 'tm_secondary_input_dataset', 'tm_primary_dataset', 'tm_last_publication', 'tm_debug_files', 'clusterid', 'tm_ignore_global_blacklist', 'tm_submitter_ip_addr', 'tm_totalunits', 'tm_ddm_reqid', 'tm_user_config', 'tm_transfer_container', 'tm_transfer_rule', 'tm_publish_rule', 'tm_multipub_rule', 'tm_job_min_microarch', 'tm_dagman_status', 'tm_num_jobs', 'tm_uploaded']}, 'result': ['250328_003104:amalhotr_crab_DYto2Mu4Jets_Vertexer_100_EventAwareLumiBased', 'None', 'SUBMITTED', 'SUBMIT', '2025-03-28 00:31:04.613630', 'None', '2025-03-28 00:32:18.624032', 'None', 'CMSSW_14_0_18_patch1', 'el9_amd64_gcc12', '/DYto2Mu-4Jets_Bin-MLL-50_TuneCP5_13p6TeV_madgraphMLM-pythia8/amalhotr-DYto2Mu4Jets_Unpacker_100-49feb6938084587a06052f9676570a55/USER', 'F', '0', '[]', '[]', 'EventAwareLumiBased', "{'halt_job_on_file_boundaries': False, 'splitOnRun': False, 'events_per_job': 20000, 'runs': [], 'lumis': []}", 'c69e9220b4b67efce6c3d4ab97902bd8138835f4ff2c08c8112469e7d0015c74.tar.gz', 'https://cmsweb.cern.ch/S3/crabcache_prod', 'amalhotr', '/DC=ch/DC=cern/OU=Organic Units/OU=Users/CN=amalhotr/CN=884837/CN=Aryan Malhotra', 'cms', 'None', 'None', 'DYto2Mu4Jets_Vertexer_100_EventAwareLumiBased-00000000000000000000000000000000', 'F', 'T2_BR_SPRACE', 'https://cmsweb.cern.ch/dbs/prod/phys03/DBSReader', 'https://cmsweb.cern.ch/dbs/prod/phys03/DBSWriter', 'T', '[]', '[]', "['DY2M_VertexerOutput.root']", 'Analysis', 'pythia', 'None', '{}', 'T', 'crab-prod-tw01', '[]', '1250', '1', '2500', '10', 'None', '[]', 'http://vocms0121.cern.ch/mon/amalhotr/250328_003104:amalhotr_crab_DYto2Mu4Jets_Vertexer_100_EventAwareLumiBased', 'None', '[]', '[]', 'cmsgwms-collector-global.cern.ch:9620,cmsgwms-collector-global.fnal.gov:9620', 'crab3@vocms0121.cern.ch', 'F', '[]', 'T', '/store/user/amalhotr/', 'F', 'None', 'F', 'None', 'DYto2Mu-4Jets_Bin-MLL-50_TuneCP5_13p6TeV_madgraphMLM-pythia8', 'None', 'b7cb14b167fdb5609303f2e6d1589841b8e7db6c3bc8062164a35e4266da1a8d.tar.gz', '119288685', 'F', '188.184.73.32', '0.0', 'None', '{"partialdataset": false, "requireaccelerator": false, "acceleratorparams": null, "inputblocks": null}', 'None', 'None', 'None', 'None', 'any', 'NOT_READY', '0', 'F']}
INFO 2025-03-28 02:36:04.993 UTC: 	 CRAB project directory:		/afs/cern.ch/user/a/amalhotr/CMSSW_14_0_18_patch1/src/Run3ScoutingAnalysisTools/crab_projects/crab_DYto2Mu4Jets_Vertexer_100_EventAwareLumiBased
INFO 2025-03-28 02:36:04.993 UTC: 	 Task name:			250328_003104:amalhotr_crab_DYto2Mu4Jets_Vertexer_100_EventAwareLumiBased
INFO 2025-03-28 02:36:04.994 UTC: 	 Grid scheduler - Task Worker:	crab3@vocms0121.cern.ch - crab-prod-tw01
INFO 2025-03-28 02:36:04.994 UTC: 	 Status on the CRAB server:	SUBMITTED
INFO 2025-03-28 02:36:04.994 UTC: 	 Task URL to use for HELP:	https://cmsweb.cern.ch/crabserver/ui/task/250328_003104%3Aamalhotr_crab_DYto2Mu4Jets_Vertexer_100_EventAwareLumiBased
INFO 2025-03-28 02:36:05.000 UTC: 	 Dashboard monitoring URL:	https://monit-grafana.cern.ch/d/cmsTMDetail/cms-task-monitoring-task-view?orgId=11&var-user=amalhotr&var-task=250328_003104%3Aamalhotr_crab_DYto2Mu4Jets_Vertexer_100_EventAwareLumiBased&from=1743118264000&to=now
DEBUG 2025-03-28 02:36:05.000 UTC: 	 The CRAB server submitted your task to the Grid scheduler (cluster ID: 119288685)
DEBUG 2025-03-28 02:36:05.000 UTC: 	 Webdir is located at http://vocms0121.cern.ch/mon/amalhotr/250328_003104:amalhotr_crab_DYto2Mu4Jets_Vertexer_100_EventAwareLumiBased
DEBUG 2025-03-28 02:36:05.000 UTC: 	 Encoded data for curl request: subresource=webdirprx&workflow=250328_003104%3Aamalhotr_crab_DYto2Mu4Jets_Vertexer_100_EventAwareLumiBased
DEBUG 2025-03-28 02:36:06.296 UTC: 	 Proxied webdir is located at https://cmsweb.cern.ch:8443/scheddmon/0121/amalhotr/250328_003104:amalhotr_crab_DYto2Mu4Jets_Vertexer_100_EventAwareLumiBased
DEBUG 2025-03-28 02:36:06.296 UTC: 	 Retrieving 'status_cache' file from https://cmsweb.cern.ch:8443/scheddmon/0121/amalhotr/250328_003104:amalhotr_crab_DYto2Mu4Jets_Vertexer_100_EventAwareLumiBased/status_cache.pkl
DEBUG 2025-03-28 02:36:06.296 UTC: 	 Will execute:
curl -sS --capath /etc/grid-security/certificates --cert /tmp/x509up_u180451 --key /tmp/x509up_u180451 -o /tmp/crab_status-cache-vxblk5eb.pkl -w %"{http_code}" "https://cmsweb.cern.ch:8443/scheddmon/0121/amalhotr/250328_003104:amalhotr_crab_DYto2Mu4Jets_Vertexer_100_EventAwareLumiBased/status_cache.pkl"
DEBUG 2025-03-28 02:36:06.296 UTC: 	 Executing command :
 curl -sS --capath /etc/grid-security/certificates --cert /tmp/x509up_u180451 --key /tmp/x509up_u180451 -o /tmp/crab_status-cache-vxblk5eb.pkl -w %"{http_code}" "https://cmsweb.cern.ch:8443/scheddmon/0121/amalhotr/250328_003104:amalhotr_crab_DYto2Mu4Jets_Vertexer_100_EventAwareLumiBased/status_cache.pkl"
DEBUG 2025-03-28 02:36:06.931 UTC: 	 output : 200
 error: 
 retcode : 0
DEBUG 2025-03-28 02:36:06.932 UTC: 	 exitcode: 0
stdout: 200
stderr: 
error details: 
DEBUG 2025-03-28 02:36:09.349 UTC: 	 Got information from status cache file: {'13': {'Retries': 0, 'Restarts': 0, 'SiteHistory': ['Unknown'], 'ResidentSetSize': [0], 'SubmitTimes': [1743122002.0], 'StartTimes': [], 'EndTimes': [], 'TotalUserCpuTimeHistory': [0.0], 'TotalSysCpuTimeHistory': [0.0], 'WallDurations': [0], 'JobIds': ['119288695.0'], 'State': 'idle', 'RecordedSite': False}, '7': {'Retries': 0, 'Restarts': 0, 'SiteHistory': ['Unknown'], 'ResidentSetSize': [0], 'SubmitTimes': [1743122002.0], 'StartTimes': [], 'EndTimes': [], 'TotalUserCpuTimeHistory': [0.0], 'TotalSysCpuTimeHistory': [0.0], 'WallDurations': [0], 'JobIds': ['119288696.0'], 'State': 'idle', 'RecordedSite': False}, '9': {'Retries': 0, 'Restarts': 0, 'SiteHistory': ['Unknown'], 'ResidentSetSize': [0], 'SubmitTimes': [1743122002.0], 'StartTimes': [], 'EndTimes': [], 'TotalUserCpuTimeHistory': [0.0], 'TotalSysCpuTimeHistory': [0.0], 'WallDurations': [0], 'JobIds': ['119288697.0'], 'State': 'idle', 'RecordedSite': False}, '8': {'Retries': 0, 'Restarts': 0, 'SiteHistory': ['Unknown'], 'ResidentSetSize': [0], 'SubmitTimes': [1743122002.0], 'StartTimes': [], 'EndTimes': [], 'TotalUserCpuTimeHistory': [0.0], 'TotalSysCpuTimeHistory': [0.0], 'WallDurations': [0], 'JobIds': ['119288698.0'], 'State': 'idle', 'RecordedSite': False}, '4': {'Retries': 0, 'Restarts': 0, 'SiteHistory': ['Unknown'], 'ResidentSetSize': [0], 'SubmitTimes': [1743122002.0], 'StartTimes': [], 'EndTimes': [], 'TotalUserCpuTimeHistory': [0.0], 'TotalSysCpuTimeHistory': [0.0], 'WallDurations': [0], 'JobIds': ['119288699.0'], 'State': 'idle', 'RecordedSite': False}, '20': {'Retries': 0, 'Restarts': 0, 'SiteHistory': ['Unknown'], 'ResidentSetSize': [0], 'SubmitTimes': [1743122002.0], 'StartTimes': [], 'EndTimes': [], 'TotalUserCpuTimeHistory': [0.0], 'TotalSysCpuTimeHistory': [0.0], 'WallDurations': [0], 'JobIds': ['119288700.0'], 'State': 'idle', 'RecordedSite': False}, '10': {'Retries': 0, 'Restarts': 0, 'SiteHistory': ['Unknown'], 'ResidentSetSize': [0], 'SubmitTimes': [1743122002.0], 'StartTimes': [], 'EndTimes': [], 'TotalUserCpuTimeHistory': [0.0], 'TotalSysCpuTimeHistory': [0.0], 'WallDurations': [0], 'JobIds': ['119288701.0'], 'State': 'idle', 'RecordedSite': False}, '14': {'Retries': 0, 'Restarts': 0, 'SiteHistory': ['Unknown'], 'ResidentSetSize': [0], 'SubmitTimes': [1743122002.0], 'StartTimes': [], 'EndTimes': [], 'TotalUserCpuTimeHistory': [0.0], 'TotalSysCpuTimeHistory': [0.0], 'WallDurations': [0], 'JobIds': ['119288702.0'], 'State': 'idle', 'RecordedSite': False}, '18': {'Retries': 0, 'Restarts': 0, 'SiteHistory': ['Unknown'], 'ResidentSetSize': [0], 'SubmitTimes': [1743122002.0], 'StartTimes': [], 'EndTimes': [], 'TotalUserCpuTimeHistory': [0.0], 'TotalSysCpuTimeHistory': [0.0], 'WallDurations': [0], 'JobIds': ['119288703.0'], 'State': 'idle', 'RecordedSite': False}, '6': {'Retries': 0, 'Restarts': 0, 'SiteHistory': ['Unknown'], 'ResidentSetSize': [0], 'SubmitTimes': [1743122002.0], 'StartTimes': [], 'EndTimes': [], 'TotalUserCpuTimeHistory': [0.0], 'TotalSysCpuTimeHistory': [0.0], 'WallDurations': [0], 'JobIds': ['119288704.0'], 'State': 'idle', 'RecordedSite': False}, '11': {'Retries': 0, 'Restarts': 0, 'SiteHistory': ['Unknown'], 'ResidentSetSize': [0], 'SubmitTimes': [1743122002.0], 'StartTimes': [], 'EndTimes': [], 'TotalUserCpuTimeHistory': [0.0], 'TotalSysCpuTimeHistory': [0.0], 'WallDurations': [0], 'JobIds': ['119288705.0'], 'State': 'idle', 'RecordedSite': False}, '3': {'Retries': 0, 'Restarts': 0, 'SiteHistory': ['Unknown'], 'ResidentSetSize': [0], 'SubmitTimes': [1743122002.0], 'StartTimes': [], 'EndTimes': [], 'TotalUserCpuTimeHistory': [0.0], 'TotalSysCpuTimeHistory': [0.0], 'WallDurations': [0], 'JobIds': ['119288706.0'], 'State': 'idle', 'RecordedSite': False}, '2': {'Retries': 0, 'Restarts': 0, 'SiteHistory': ['Unknown'], 'ResidentSetSize': [0], 'SubmitTimes': [1743122002.0], 'StartTimes': [], 'EndTimes': [], 'TotalUserCpuTimeHistory': [0.0], 'TotalSysCpuTimeHistory': [0.0], 'WallDurations': [0], 'JobIds': ['119288707.0'], 'State': 'idle', 'RecordedSite': False}, '16': {'Retries': 0, 'Restarts': 0, 'SiteHistory': ['Unknown'], 'ResidentSetSize': [0], 'SubmitTimes': [1743122002.0], 'StartTimes': [], 'EndTimes': [], 'TotalUserCpuTimeHistory': [0.0], 'TotalSysCpuTimeHistory': [0.0], 'WallDurations': [0], 'JobIds': ['119288708.0'], 'State': 'idle', 'RecordedSite': False}, '12': {'Retries': 0, 'Restarts': 0, 'SiteHistory': ['Unknown'], 'ResidentSetSize': [0], 'SubmitTimes': [1743122002.0], 'StartTimes': [], 'EndTimes': [], 'TotalUserCpuTimeHistory': [0.0], 'TotalSysCpuTimeHistory': [0.0], 'WallDurations': [0], 'JobIds': ['119288709.0'], 'State': 'idle', 'RecordedSite': False}, '19': {'Retries': 0, 'Restarts': 0, 'SiteHistory': ['Unknown'], 'ResidentSetSize': [0], 'SubmitTimes': [1743122002.0], 'StartTimes': [], 'EndTimes': [], 'TotalUserCpuTimeHistory': [0.0], 'TotalSysCpuTimeHistory': [0.0], 'WallDurations': [0], 'JobIds': ['119288710.0'], 'State': 'idle', 'RecordedSite': False}, '1': {'Retries': 0, 'Restarts': 0, 'SiteHistory': ['Unknown'], 'ResidentSetSize': [0], 'SubmitTimes': [1743122002.0], 'StartTimes': [], 'EndTimes': [], 'TotalUserCpuTimeHistory': [0.0], 'TotalSysCpuTimeHistory': [0.0], 'WallDurations': [0], 'JobIds': ['119288711.0'], 'State': 'idle', 'RecordedSite': False}, '17': {'Retries': 0, 'Restarts': 0, 'SiteHistory': ['Unknown'], 'ResidentSetSize': [0], 'SubmitTimes': [1743122002.0], 'StartTimes': [], 'EndTimes': [], 'TotalUserCpuTimeHistory': [0.0], 'TotalSysCpuTimeHistory': [0.0], 'WallDurations': [0], 'JobIds': ['119288712.0'], 'State': 'idle', 'RecordedSite': False}, '5': {'Retries': 0, 'Restarts': 0, 'SiteHistory': ['Unknown'], 'ResidentSetSize': [0], 'SubmitTimes': [1743122002.0], 'StartTimes': [], 'EndTimes': [], 'TotalUserCpuTimeHistory': [0.0], 'TotalSysCpuTimeHistory': [0.0], 'WallDurations': [0], 'JobIds': ['119288713.0'], 'State': 'idle', 'RecordedSite': False}, '15': {'Retries': 0, 'Restarts': 0, 'SiteHistory': ['Unknown'], 'ResidentSetSize': [0], 'SubmitTimes': [1743122002.0], 'StartTimes': [], 'EndTimes': [], 'TotalUserCpuTimeHistory': [0.0], 'TotalSysCpuTimeHistory': [0.0], 'WallDurations': [0], 'JobIds': ['119288714.0'], 'State': 'idle', 'RecordedSite': False}, '24': {'Retries': 0, 'Restarts': 0, 'SiteHistory': ['Unknown'], 'ResidentSetSize': [0], 'SubmitTimes': [1743122007.0], 'StartTimes': [], 'EndTimes': [], 'TotalUserCpuTimeHistory': [0.0], 'TotalSysCpuTimeHistory': [0.0], 'WallDurations': [0], 'JobIds': ['119288717.0'], 'State': 'idle', 'RecordedSite': False}, '21': {'Retries': 0, 'Restarts': 0, 'SiteHistory': ['Unknown'], 'ResidentSetSize': [0], 'SubmitTimes': [1743122007.0], 'StartTimes': [], 'EndTimes': [], 'TotalUserCpuTimeHistory': [0.0], 'TotalSysCpuTimeHistory': [0.0], 'WallDurations': [0], 'JobIds': ['119288718.0'], 'State': 'idle', 'RecordedSite': False}, '22': {'Retries': 0, 'Restarts': 0, 'SiteHistory': ['Unknown'], 'ResidentSetSize': [0], 'SubmitTimes': [1743122007.0], 'StartTimes': [], 'EndTimes': [], 'TotalUserCpuTimeHistory': [0.0], 'TotalSysCpuTimeHistory': [0.0], 'WallDurations': [0], 'JobIds': ['119288719.0'], 'State': 'idle', 'RecordedSite': False}, '23': {'Retries': 0, 'Restarts': 0, 'SiteHistory': ['Unknown'], 'ResidentSetSize': [0], 'SubmitTimes': [1743122007.0], 'StartTimes': [], 'EndTimes': [], 'TotalUserCpuTimeHistory': [0.0], 'TotalSysCpuTimeHistory': [0.0], 'WallDurations': [0], 'JobIds': ['119288720.0'], 'State': 'idle', 'RecordedSite': False}, '25': {'Retries': 0, 'Restarts': 0, 'SiteHistory': ['Unknown'], 'ResidentSetSize': [0], 'SubmitTimes': [1743122007.0], 'StartTimes': [], 'EndTimes': [], 'TotalUserCpuTimeHistory': [0.0], 'TotalSysCpuTimeHistory': [0.0], 'WallDurations': [0], 'JobIds': ['119288721.0'], 'State': 'idle', 'RecordedSite': False}, '26': {'Retries': 0, 'Restarts': 0, 'SiteHistory': ['Unknown'], 'ResidentSetSize': [0], 'SubmitTimes': [1743122007.0], 'StartTimes': [], 'EndTimes': [], 'TotalUserCpuTimeHistory': [0.0], 'TotalSysCpuTimeHistory': [0.0], 'WallDurations': [0], 'JobIds': ['119288722.0'], 'State': 'idle', 'RecordedSite': False}, '27': {'Retries': 0, 'Restarts': 0, 'SiteHistory': ['Unknown'], 'ResidentSetSize': [0], 'SubmitTimes': [1743122007.0], 'StartTimes': [], 'EndTimes': [], 'TotalUserCpuTimeHistory': [0.0], 'TotalSysCpuTimeHistory': [0.0], 'WallDurations': [0], 'JobIds': ['119288723.0'], 'State': 'idle', 'RecordedSite': False}, '28': {'Retries': 0, 'Restarts': 0, 'SiteHistory': ['Unknown'], 'ResidentSetSize': [0], 'SubmitTimes': [1743122007.0], 'StartTimes': [], 'EndTimes': [], 'TotalUserCpuTimeHistory': [0.0], 'TotalSysCpuTimeHistory': [0.0], 'WallDurations': [0], 'JobIds': ['119288724.0'], 'State': 'idle', 'RecordedSite': False}, '29': {'Retries': 0, 'Restarts': 0, 'SiteHistory': ['Unknown'], 'ResidentSetSize': [0], 'SubmitTimes': [1743122007.0], 'StartTimes': [], 'EndTimes': [], 'TotalUserCpuTimeHistory': [0.0], 'TotalSysCpuTimeHistory': [0.0], 'WallDurations': [0], 'JobIds': ['119288725.0'], 'State': 'idle', 'RecordedSite': False}, '30': {'Retries': 0, 'Restarts': 0, 'SiteHistory': ['Unknown'], 'ResidentSetSize': [0], 'SubmitTimes': [1743122007.0], 'StartTimes': [], 'EndTimes': [], 'TotalUserCpuTimeHistory': [0.0], 'TotalSysCpuTimeHistory': [0.0], 'WallDurations': [0], 'JobIds': ['119288726.0'], 'State': 'idle', 'RecordedSite': False}, '31': {'Retries': 0, 'Restarts': 0, 'SiteHistory': ['Unknown'], 'ResidentSetSize': [0], 'SubmitTimes': [1743122007.0], 'StartTimes': [], 'EndTimes': [], 'TotalUserCpuTimeHistory': [0.0], 'TotalSysCpuTimeHistory': [0.0], 'WallDurations': [0], 'JobIds': ['119288727.0'], 'State': 'idle', 'RecordedSite': False}, '32': {'Retries': 0, 'Restarts': 0, 'SiteHistory': ['Unknown'], 'ResidentSetSize': [0], 'SubmitTimes': [1743122007.0], 'StartTimes': [], 'EndTimes': [], 'TotalUserCpuTimeHistory': [0.0], 'TotalSysCpuTimeHistory': [0.0], 'WallDurations': [0], 'JobIds': ['119288728.0'], 'State': 'idle', 'RecordedSite': False}, '33': {'Retries': 0, 'Restarts': 0, 'SiteHistory': ['Unknown'], 'ResidentSetSize': [0], 'SubmitTimes': [1743122007.0], 'StartTimes': [], 'EndTimes': [], 'TotalUserCpuTimeHistory': [0.0], 'TotalSysCpuTimeHistory': [0.0], 'WallDurations': [0], 'JobIds': ['119288729.0'], 'State': 'idle', 'RecordedSite': False}, '34': {'Retries': 0, 'Restarts': 0, 'SiteHistory': ['Unknown'], 'ResidentSetSize': [0], 'SubmitTimes': [1743122007.0], 'StartTimes': [], 'EndTimes': [], 'TotalUserCpuTimeHistory': [0.0], 'TotalSysCpuTimeHistory': [0.0], 'WallDurations': [0], 'JobIds': ['119288730.0'], 'State': 'idle', 'RecordedSite': False}, '35': {'Retries': 0, 'Restarts': 0, 'SiteHistory': ['Unknown'], 'ResidentSetSize': [0], 'SubmitTimes': [1743122007.0], 'StartTimes': [], 'EndTimes': [], 'TotalUserCpuTimeHistory': [0.0], 'TotalSysCpuTimeHistory': [0.0], 'WallDurations': [0], 'JobIds': ['119288731.0'], 'State': 'idle', 'RecordedSite': False}, '36': {'Retries': 0, 'Restarts': 0, 'SiteHistory': ['Unknown'], 'ResidentSetSize': [0], 'SubmitTimes': [1743122007.0], 'StartTimes': [], 'EndTimes': [], 'TotalUserCpuTimeHistory': [0.0], 'TotalSysCpuTimeHistory': [0.0], 'WallDurations': [0], 'JobIds': ['119288732.0'], 'State': 'idle', 'RecordedSite': False}, '37': {'Retries': 0, 'Restarts': 0, 'SiteHistory': ['Unknown'], 'ResidentSetSize': [0], 'SubmitTimes': [1743122007.0], 'StartTimes': [], 'EndTimes': [], 'TotalUserCpuTimeHistory': [0.0], 'TotalSysCpuTimeHistory': [0.0], 'WallDurations': [0], 'JobIds': ['119288733.0'], 'State': 'idle', 'RecordedSite': False}, '38': {'Retries': 0, 'Restarts': 0, 'SiteHistory': ['Unknown'], 'ResidentSetSize': [0], 'SubmitTimes': [1743122007.0], 'StartTimes': [], 'EndTimes': [], 'TotalUserCpuTimeHistory': [0.0], 'TotalSysCpuTimeHistory': [0.0], 'WallDurations': [0], 'JobIds': ['119288734.0'], 'State': 'idle', 'RecordedSite': False}, '39': {'Retries': 0, 'Restarts': 0, 'SiteHistory': ['Unknown'], 'ResidentSetSize': [0], 'SubmitTimes': [1743122007.0], 'StartTimes': [], 'EndTimes': [], 'TotalUserCpuTimeHistory': [0.0], 'TotalSysCpuTimeHistory': [0.0], 'WallDurations': [0], 'JobIds': ['119288735.0'], 'State': 'idle', 'RecordedSite': False}, '40': {'Retries': 0, 'Restarts': 0, 'SiteHistory': ['Unknown'], 'ResidentSetSize': [0], 'SubmitTimes': [1743122007.0], 'StartTimes': [], 'EndTimes': [], 'TotalUserCpuTimeHistory': [0.0], 'TotalSysCpuTimeHistory': [0.0], 'WallDurations': [0], 'JobIds': ['119288736.0'], 'State': 'idle', 'RecordedSite': False}, '44': {'Retries': 0, 'Restarts': 0, 'SiteHistory': ['Unknown'], 'ResidentSetSize': [0], 'SubmitTimes': [1743122007.0], 'StartTimes': [], 'EndTimes': [], 'TotalUserCpuTimeHistory': [0.0], 'TotalSysCpuTimeHistory': [0.0], 'WallDurations': [0], 'JobIds': ['119288737.0'], 'State': 'idle', 'RecordedSite': False}, '47': {'Retries': 0, 'Restarts': 0, 'SiteHistory': ['Unknown'], 'ResidentSetSize': [0], 'SubmitTimes': [1743122007.0], 'StartTimes': [], 'EndTimes': [], 'TotalUserCpuTimeHistory': [0.0], 'TotalSysCpuTimeHistory': [0.0], 'WallDurations': [0], 'JobIds': ['119288738.0'], 'State': 'idle', 'RecordedSite': False}, '50': {'Retries': 0, 'Restarts': 0, 'SiteHistory': ['Unknown'], 'ResidentSetSize': [0], 'SubmitTimes': [1743122007.0], 'StartTimes': [], 'EndTimes': [], 'TotalUserCpuTimeHistory': [0.0], 'TotalSysCpuTimeHistory': [0.0], 'WallDurations': [0], 'JobIds': ['119288739.0'], 'State': 'idle', 'RecordedSite': False}, '48': {'Retries': 0, 'Restarts': 0, 'SiteHistory': ['Unknown'], 'ResidentSetSize': [0], 'SubmitTimes': [1743122007.0], 'StartTimes': [], 'EndTimes': [], 'TotalUserCpuTimeHistory': [0.0], 'TotalSysCpuTimeHistory': [0.0], 'WallDurations': [0], 'JobIds': ['119288740.0'], 'State': 'idle', 'RecordedSite': False}, '53': {'Retries': 0, 'Restarts': 0, 'SiteHistory': ['Unknown'], 'ResidentSetSize': [0], 'SubmitTimes': [1743122007.0], 'StartTimes': [], 'EndTimes': [], 'TotalUserCpuTimeHistory': [0.0], 'TotalSysCpuTimeHistory': [0.0], 'WallDurations': [0], 'JobIds': ['119288741.0'], 'State': 'idle', 'RecordedSite': False}, '51': {'Retries': 0, 'Restarts': 0, 'SiteHistory': ['Unknown'], 'ResidentSetSize': [0], 'SubmitTimes': [1743122007.0], 'StartTimes': [], 'EndTimes': [], 'TotalUserCpuTimeHistory': [0.0], 'TotalSysCpuTimeHistory': [0.0], 'WallDurations': [0], 'JobIds': ['119288742.0'], 'State': 'idle', 'RecordedSite': False}, '59': {'Retries': 0, 'Restarts': 0, 'SiteHistory': ['Unknown'], 'ResidentSetSize': [0], 'SubmitTimes': [1743122008.0], 'StartTimes': [], 'EndTimes': [], 'TotalUserCpuTimeHistory': [0.0], 'TotalSysCpuTimeHistory': [0.0], 'WallDurations': [0], 'JobIds': ['119288743.0'], 'State': 'idle', 'RecordedSite': False}, '54': {'Retries': 0, 'Restarts': 0, 'SiteHistory': ['Unknown'], 'ResidentSetSize': [0], 'SubmitTimes': [1743122008.0], 'StartTimes': [], 'EndTimes': [], 'TotalUserCpuTimeHistory': [0.0], 'TotalSysCpuTimeHistory': [0.0], 'WallDurations': [0], 'JobIds': ['119288744.0'], 'State': 'idle', 'RecordedSite': False}, '61': {'Retries': 0, 'Restarts': 0, 'SiteHistory': ['Unknown'], 'ResidentSetSize': [0], 'SubmitTimes': [1743122008.0], 'StartTimes': [], 'EndTimes': [], 'TotalUserCpuTimeHistory': [0.0], 'TotalSysCpuTimeHistory': [0.0], 'WallDurations': [0], 'JobIds': ['119288745.0'], 'State': 'idle', 'RecordedSite': False}, '46': {'Retries': 0, 'Restarts': 0, 'SiteHistory': ['Unknown'], 'ResidentSetSize': [0], 'SubmitTimes': [1743122008.0], 'StartTimes': [], 'EndTimes': [], 'TotalUserCpuTimeHistory': [0.0], 'TotalSysCpuTimeHistory': [0.0], 'WallDurations': [0], 'JobIds': ['119288746.0'], 'State': 'idle', 'RecordedSite': False}, '60': {'Retries': 0, 'Restarts': 0, 'SiteHistory': ['Unknown'], 'ResidentSetSize': [0], 'SubmitTimes': [1743122008.0], 'StartTimes': [], 'EndTimes': [], 'TotalUserCpuTimeHistory': [0.0], 'TotalSysCpuTimeHistory': [0.0], 'WallDurations': [0], 'JobIds': ['119288747.0'], 'State': 'idle', 'RecordedSite': False}, '43': {'Retries': 0, 'Restarts': 0, 'SiteHistory': ['Unknown'], 'ResidentSetSize': [0], 'SubmitTimes': [1743122008.0], 'StartTimes': [], 'EndTimes': [], 'TotalUserCpuTimeHistory': [0.0], 'TotalSysCpuTimeHistory': [0.0], 'WallDurations': [0], 'JobIds': ['119288748.0'], 'State': 'idle', 'RecordedSite': False}, '45': {'Retries': 0, 'Restarts': 0, 'SiteHistory': ['Unknown'], 'ResidentSetSize': [0], 'SubmitTimes': [1743122008.0], 'StartTimes': [], 'EndTimes': [], 'TotalUserCpuTimeHistory': [0.0], 'TotalSysCpuTimeHistory': [0.0], 'WallDurations': [0], 'JobIds': ['119288749.0'], 'State': 'idle', 'RecordedSite': False}, '58': {'Retries': 0, 'Restarts': 0, 'SiteHistory': ['Unknown'], 'ResidentSetSize': [0], 'SubmitTimes': [1743122008.0], 'StartTimes': [], 'EndTimes': [], 'TotalUserCpuTimeHistory': [0.0], 'TotalSysCpuTimeHistory': [0.0], 'WallDurations': [0], 'JobIds': ['119288750.0'], 'State': 'idle', 'RecordedSite': False}, '57': {'Retries': 0, 'Restarts': 0, 'SiteHistory': ['Unknown'], 'ResidentSetSize': [0], 'SubmitTimes': [1743122008.0], 'StartTimes': [], 'EndTimes': [], 'TotalUserCpuTimeHistory': [0.0], 'TotalSysCpuTimeHistory': [0.0], 'WallDurations': [0], 'JobIds': ['119288751.0'], 'State': 'idle', 'RecordedSite': False}, '49': {'Retries': 0, 'Restarts': 0, 'SiteHistory': ['Unknown'], 'ResidentSetSize': [0], 'SubmitTimes': [1743122008.0], 'StartTimes': [], 'EndTimes': [], 'TotalUserCpuTimeHistory': [0.0], 'TotalSysCpuTimeHistory': [0.0], 'WallDurations': [0], 'JobIds': ['119288752.0'], 'State': 'idle', 'RecordedSite': False}, '42': {'Retries': 0, 'Restarts': 0, 'SiteHistory': ['Unknown'], 'ResidentSetSize': [0], 'SubmitTimes': [1743122008.0], 'StartTimes': [], 'EndTimes': [], 'TotalUserCpuTimeHistory': [0.0], 'TotalSysCpuTimeHistory': [0.0], 'WallDurations': [0], 'JobIds': ['119288753.0'], 'State': 'idle', 'RecordedSite': False}, '55': {'Retries': 0, 'Restarts': 0, 'SiteHistory': ['Unknown'], 'ResidentSetSize': [0], 'SubmitTimes': [1743122008.0], 'StartTimes': [], 'EndTimes': [], 'TotalUserCpuTimeHistory': [0.0], 'TotalSysCpuTimeHistory': [0.0], 'WallDurations': [0], 'JobIds': ['119288754.0'], 'State': 'idle', 'RecordedSite': False}, '56': {'Retries': 0, 'Restarts': 0, 'SiteHistory': ['Unknown'], 'ResidentSetSize': [0], 'SubmitTimes': [1743122008.0], 'StartTimes': [], 'EndTimes': [], 'TotalUserCpuTimeHistory': [0.0], 'TotalSysCpuTimeHistory': [0.0], 'WallDurations': [0], 'JobIds': ['119288755.0'], 'State': 'idle', 'RecordedSite': False}, '52': {'Retries': 0, 'Restarts': 0, 'SiteHistory': ['Unknown'], 'ResidentSetSize': [0], 'SubmitTimes': [1743122008.0], 'StartTimes': [], 'EndTimes': [], 'TotalUserCpuTimeHistory': [0.0], 'TotalSysCpuTimeHistory': [0.0], 'WallDurations': [0], 'JobIds': ['119288756.0'], 'State': 'idle', 'RecordedSite': False}, '65': {'Retries': 0, 'Restarts': 0, 'SiteHistory': ['Unknown'], 'ResidentSetSize': [0], 'SubmitTimes': [1743122008.0], 'StartTimes': [], 'EndTimes': [], 'TotalUserCpuTimeHistory': [0.0], 'TotalSysCpuTimeHistory': [0.0], 'WallDurations': [0], 'JobIds': ['119288757.0'], 'State': 'idle', 'RecordedSite': False}, '64': {'Retries': 0, 'Restarts': 0, 'SiteHistory': ['Unknown'], 'ResidentSetSize': [0], 'SubmitTimes': [1743122008.0], 'StartTimes': [], 'EndTimes': [], 'TotalUserCpuTimeHistory': [0.0], 'TotalSysCpuTimeHistory': [0.0], 'WallDurations': [0], 'JobIds': ['119288758.0'], 'State': 'idle', 'RecordedSite': False}, '62': {'Retries': 0, 'Restarts': 0, 'SiteHistory': ['Unknown'], 'ResidentSetSize': [0], 'SubmitTimes': [1743122008.0], 'StartTimes': [], 'EndTimes': [], 'TotalUserCpuTimeHistory': [0.0], 'TotalSysCpuTimeHistory': [0.0], 'WallDurations': [0], 'JobIds': ['119288759.0'], 'State': 'idle', 'RecordedSite': False}, '63': {'Retries': 0, 'Restarts': 0, 'SiteHistory': ['Unknown'], 'ResidentSetSize': [0], 'SubmitTimes': [1743122008.0], 'StartTimes': [], 'EndTimes': [], 'TotalUserCpuTimeHistory': [0.0], 'TotalSysCpuTimeHistory': [0.0], 'WallDurations': [0], 'JobIds': ['119288760.0'], 'State': 'idle', 'RecordedSite': False}, '66': {'Retries': 0, 'Restarts': 0, 'SiteHistory': ['Unknown'], 'ResidentSetSize': [0], 'SubmitTimes': [1743122008.0], 'StartTimes': [], 'EndTimes': [], 'TotalUserCpuTimeHistory': [0.0], 'TotalSysCpuTimeHistory': [0.0], 'WallDurations': [0], 'JobIds': ['119288761.0'], 'State': 'idle', 'RecordedSite': False}, '71': {'Retries': 0, 'Restarts': 0, 'SiteHistory': ['Unknown'], 'ResidentSetSize': [0], 'SubmitTimes': [1743122008.0], 'StartTimes': [], 'EndTimes': [], 'TotalUserCpuTimeHistory': [0.0], 'TotalSysCpuTimeHistory': [0.0], 'WallDurations': [0], 'JobIds': ['119288762.0'], 'State': 'idle', 'RecordedSite': False}, '69': {'Retries': 0, 'Restarts': 0, 'SiteHistory': ['Unknown'], 'ResidentSetSize': [0], 'SubmitTimes': [1743122008.0], 'StartTimes': [], 'EndTimes': [], 'TotalUserCpuTimeHistory': [0.0], 'TotalSysCpuTimeHistory': [0.0], 'WallDurations': [0], 'JobIds': ['119288763.0'], 'State': 'idle', 'RecordedSite': False}, '67': {'Retries': 0, 'Restarts': 0, 'SiteHistory': ['Unknown'], 'ResidentSetSize': [0], 'SubmitTimes': [1743122008.0], 'StartTimes': [], 'EndTimes': [], 'TotalUserCpuTimeHistory': [0.0], 'TotalSysCpuTimeHistory': [0.0], 'WallDurations': [0], 'JobIds': ['119288764.0'], 'State': 'idle', 'RecordedSite': False}, '75': {'Retries': 0, 'Restarts': 0, 'SiteHistory': ['Unknown'], 'ResidentSetSize': [0], 'SubmitTimes': [1743122008.0], 'StartTimes': [], 'EndTimes': [], 'TotalUserCpuTimeHistory': [0.0], 'TotalSysCpuTimeHistory': [0.0], 'WallDurations': [0], 'JobIds': ['119288765.0'], 'State': 'idle', 'RecordedSite': False}, '68': {'Retries': 0, 'Restarts': 0, 'SiteHistory': ['Unknown'], 'ResidentSetSize': [0], 'SubmitTimes': [1743122008.0], 'StartTimes': [], 'EndTimes': [], 'TotalUserCpuTimeHistory': [0.0], 'TotalSysCpuTimeHistory': [0.0], 'WallDurations': [0], 'JobIds': ['119288766.0'], 'State': 'idle', 'RecordedSite': False}, '74': {'Retries': 0, 'Restarts': 0, 'SiteHistory': ['Unknown'], 'ResidentSetSize': [0], 'SubmitTimes': [1743122008.0], 'StartTimes': [], 'EndTimes': [], 'TotalUserCpuTimeHistory': [0.0], 'TotalSysCpuTimeHistory': [0.0], 'WallDurations': [0], 'JobIds': ['119288767.0'], 'State': 'idle', 'RecordedSite': False}, '70': {'Retries': 0, 'Restarts': 0, 'SiteHistory': ['Unknown'], 'ResidentSetSize': [0], 'SubmitTimes': [1743122008.0], 'StartTimes': [], 'EndTimes': [], 'TotalUserCpuTimeHistory': [0.0], 'TotalSysCpuTimeHistory': [0.0], 'WallDurations': [0], 'JobIds': ['119288768.0'], 'State': 'idle', 'RecordedSite': False}, '72': {'Retries': 0, 'Restarts': 0, 'SiteHistory': ['Unknown'], 'ResidentSetSize': [0], 'SubmitTimes': [1743122008.0], 'StartTimes': [], 'EndTimes': [], 'TotalUserCpuTimeHistory': [0.0], 'TotalSysCpuTimeHistory': [0.0], 'WallDurations': [0], 'JobIds': ['119288769.0'], 'State': 'idle', 'RecordedSite': False}, '82': {'Retries': 0, 'Restarts': 0, 'SiteHistory': ['Unknown'], 'ResidentSetSize': [0], 'SubmitTimes': [1743122008.0], 'StartTimes': [], 'EndTimes': [], 'TotalUserCpuTimeHistory': [0.0], 'TotalSysCpuTimeHistory': [0.0], 'WallDurations': [0], 'JobIds': ['119288770.0'], 'State': 'idle', 'RecordedSite': False}, '76': {'Retries': 0, 'Restarts': 0, 'SiteHistory': ['Unknown'], 'ResidentSetSize': [0], 'SubmitTimes': [1743122008.0], 'StartTimes': [], 'EndTimes': [], 'TotalUserCpuTimeHistory': [0.0], 'TotalSysCpuTimeHistory': [0.0], 'WallDurations': [0], 'JobIds': ['119288771.0'], 'State': 'idle', 'RecordedSite': False}, '73': {'Retries': 0, 'Restarts': 0, 'SiteHistory': ['Unknown'], 'ResidentSetSize': [0], 'SubmitTimes': [1743122008.0], 'StartTimes': [], 'EndTimes': [], 'TotalUserCpuTimeHistory': [0.0], 'TotalSysCpuTimeHistory': [0.0], 'WallDurations': [0], 'JobIds': ['119288772.0'], 'State': 'idle', 'RecordedSite': False}, '78': {'Retries': 0, 'Restarts': 0, 'SiteHistory': ['Unknown'], 'ResidentSetSize': [0], 'SubmitTimes': [1743122008.0], 'StartTimes': [], 'EndTimes': [], 'TotalUserCpuTimeHistory': [0.0], 'TotalSysCpuTimeHistory': [0.0], 'WallDurations': [0], 'JobIds': ['119288773.0'], 'State': 'idle', 'RecordedSite': False}, '77': {'Retries': 0, 'Restarts': 0, 'SiteHistory': ['Unknown'], 'ResidentSetSize': [0], 'SubmitTimes': [1743122008.0], 'StartTimes': [], 'EndTimes': [], 'TotalUserCpuTimeHistory': [0.0], 'TotalSysCpuTimeHistory': [0.0], 'WallDurations': [0], 'JobIds': ['119288774.0'], 'State': 'idle', 'RecordedSite': False}, '79': {'Retries': 0, 'Restarts': 0, 'SiteHistory': ['Unknown'], 'ResidentSetSize': [0], 'SubmitTimes': [1743122009.0], 'StartTimes': [], 'EndTimes': [], 'TotalUserCpuTimeHistory': [0.0], 'TotalSysCpuTimeHistory': [0.0], 'WallDurations': [0], 'JobIds': ['119288775.0'], 'State': 'idle', 'RecordedSite': False}, '80': {'Retries': 0, 'Restarts': 0, 'SiteHistory': ['Unknown'], 'ResidentSetSize': [0], 'SubmitTimes': [1743122009.0], 'StartTimes': [], 'EndTimes': [], 'TotalUserCpuTimeHistory': [0.0], 'TotalSysCpuTimeHistory': [0.0], 'WallDurations': [0], 'JobIds': ['119288776.0'], 'State': 'idle', 'RecordedSite': False}, '83': {'Retries': 0, 'Restarts': 0, 'SiteHistory': ['Unknown'], 'ResidentSetSize': [0], 'SubmitTimes': [1743122009.0], 'StartTimes': [], 'EndTimes': [], 'TotalUserCpuTimeHistory': [0.0], 'TotalSysCpuTimeHistory': [0.0], 'WallDurations': [0], 'JobIds': ['119288777.0'], 'State': 'idle', 'RecordedSite': False}, '81': {'Retries': 0, 'Restarts': 0, 'SiteHistory': ['Unknown'], 'ResidentSetSize': [0], 'SubmitTimes': [1743122009.0], 'StartTimes': [], 'EndTimes': [], 'TotalUserCpuTimeHistory': [0.0], 'TotalSysCpuTimeHistory': [0.0], 'WallDurations': [0], 'JobIds': ['119288778.0'], 'State': 'idle', 'RecordedSite': False}, '85': {'Retries': 0, 'Restarts': 0, 'SiteHistory': ['Unknown'], 'ResidentSetSize': [0], 'SubmitTimes': [1743122009.0], 'StartTimes': [], 'EndTimes': [], 'TotalUserCpuTimeHistory': [0.0], 'TotalSysCpuTimeHistory': [0.0], 'WallDurations': [0], 'JobIds': ['119288779.0'], 'State': 'idle', 'RecordedSite': False}, '84': {'Retries': 0, 'Restarts': 0, 'SiteHistory': ['Unknown'], 'ResidentSetSize': [0], 'SubmitTimes': [1743122009.0], 'StartTimes': [], 'EndTimes': [], 'TotalUserCpuTimeHistory': [0.0], 'TotalSysCpuTimeHistory': [0.0], 'WallDurations': [0], 'JobIds': ['119288780.0'], 'State': 'idle', 'RecordedSite': False}, '86': {'Retries': 0, 'Restarts': 0, 'SiteHistory': ['Unknown'], 'ResidentSetSize': [0], 'SubmitTimes': [1743122009.0], 'StartTimes': [], 'EndTimes': [], 'TotalUserCpuTimeHistory': [0.0], 'TotalSysCpuTimeHistory': [0.0], 'WallDurations': [0], 'JobIds': ['119288781.0'], 'State': 'idle', 'RecordedSite': False}, '88': {'Retries': 0, 'Restarts': 0, 'SiteHistory': ['Unknown'], 'ResidentSetSize': [0], 'SubmitTimes': [1743122009.0], 'StartTimes': [], 'EndTimes': [], 'TotalUserCpuTimeHistory': [0.0], 'TotalSysCpuTimeHistory': [0.0], 'WallDurations': [0], 'JobIds': ['119288782.0'], 'State': 'idle', 'RecordedSite': False}, '89': {'Retries': 0, 'Restarts': 0, 'SiteHistory': ['Unknown'], 'ResidentSetSize': [0], 'SubmitTimes': [1743122009.0], 'StartTimes': [], 'EndTimes': [], 'TotalUserCpuTimeHistory': [0.0], 'TotalSysCpuTimeHistory': [0.0], 'WallDurations': [0], 'JobIds': ['119288783.0'], 'State': 'idle', 'RecordedSite': False}, '91': {'Retries': 0, 'Restarts': 0, 'SiteHistory': ['Unknown'], 'ResidentSetSize': [0], 'SubmitTimes': [1743122009.0], 'StartTimes': [], 'EndTimes': [], 'TotalUserCpuTimeHistory': [0.0], 'TotalSysCpuTimeHistory': [0.0], 'WallDurations': [0], 'JobIds': ['119288784.0'], 'State': 'idle', 'RecordedSite': False}, '94': {'Retries': 0, 'Restarts': 0, 'SiteHistory': ['Unknown'], 'ResidentSetSize': [0], 'SubmitTimes': [1743122009.0], 'StartTimes': [], 'EndTimes': [], 'TotalUserCpuTimeHistory': [0.0], 'TotalSysCpuTimeHistory': [0.0], 'WallDurations': [0], 'JobIds': ['119288785.0'], 'State': 'idle', 'RecordedSite': False}, '96': {'Retries': 0, 'Restarts': 0, 'SiteHistory': ['Unknown'], 'ResidentSetSize': [0], 'SubmitTimes': [1743122009.0], 'StartTimes': [], 'EndTimes': [], 'TotalUserCpuTimeHistory': [0.0], 'TotalSysCpuTimeHistory': [0.0], 'WallDurations': [0], 'JobIds': ['119288786.0'], 'State': 'idle', 'RecordedSite': False}, '87': {'Retries': 0, 'Restarts': 0, 'SiteHistory': ['Unknown'], 'ResidentSetSize': [0], 'SubmitTimes': [1743122009.0], 'StartTimes': [], 'EndTimes': [], 'TotalUserCpuTimeHistory': [0.0], 'TotalSysCpuTimeHistory': [0.0], 'WallDurations': [0], 'JobIds': ['119288787.0'], 'State': 'idle', 'RecordedSite': False}, '90': {'Retries': 0, 'Restarts': 0, 'SiteHistory': ['Unknown'], 'ResidentSetSize': [0], 'SubmitTimes': [1743122009.0], 'StartTimes': [], 'EndTimes': [], 'TotalUserCpuTimeHistory': [0.0], 'TotalSysCpuTimeHistory': [0.0], 'WallDurations': [0], 'JobIds': ['119288788.0'], 'State': 'idle', 'RecordedSite': False}, '98': {'Retries': 0, 'Restarts': 0, 'SiteHistory': ['Unknown'], 'ResidentSetSize': [0], 'SubmitTimes': [1743122009.0], 'StartTimes': [], 'EndTimes': [], 'TotalUserCpuTimeHistory': [0.0], 'TotalSysCpuTimeHistory': [0.0], 'WallDurations': [0], 'JobIds': ['119288789.0'], 'State': 'idle', 'RecordedSite': False}, '92': {'Retries': 0, 'Restarts': 0, 'SiteHistory': ['Unknown'], 'ResidentSetSize': [0], 'SubmitTimes': [1743122009.0], 'StartTimes': [], 'EndTimes': [], 'TotalUserCpuTimeHistory': [0.0], 'TotalSysCpuTimeHistory': [0.0], 'WallDurations': [0], 'JobIds': ['119288790.0'], 'State': 'idle', 'RecordedSite': False}, '93': {'Retries': 0, 'Restarts': 0, 'SiteHistory': ['Unknown'], 'ResidentSetSize': [0], 'SubmitTimes': [1743122009.0], 'StartTimes': [], 'EndTimes': [], 'TotalUserCpuTimeHistory': [0.0], 'TotalSysCpuTimeHistory': [0.0], 'WallDurations': [0], 'JobIds': ['119288791.0'], 'State': 'idle', 'RecordedSite': False}, '99': {'Retries': 0, 'Restarts': 0, 'SiteHistory': ['Unknown'], 'ResidentSetSize': [0], 'SubmitTimes': [1743122009.0], 'StartTimes': [], 'EndTimes': [], 'TotalUserCpuTimeHistory': [0.0], 'TotalSysCpuTimeHistory': [0.0], 'WallDurations': [0], 'JobIds': ['119288792.0'], 'State': 'idle', 'RecordedSite': False}, '100': {'Retries': 0, 'Restarts': 0, 'SiteHistory': ['Unknown'], 'ResidentSetSize': [0], 'SubmitTimes': [1743122009.0], 'StartTimes': [], 'EndTimes': [], 'TotalUserCpuTimeHistory': [0.0], 'TotalSysCpuTimeHistory': [0.0], 'WallDurations': [0], 'JobIds': ['119288793.0'], 'State': 'idle', 'RecordedSite': False}, '101': {'Retries': 0, 'Restarts': 0, 'SiteHistory': ['Unknown'], 'ResidentSetSize': [0], 'SubmitTimes': [1743122009.0], 'StartTimes': [], 'EndTimes': [], 'TotalUserCpuTimeHistory': [0.0], 'TotalSysCpuTimeHistory': [0.0], 'WallDurations': [0], 'JobIds': ['119288794.0'], 'State': 'idle', 'RecordedSite': False}, '95': {'Retries': 0, 'Restarts': 0, 'SiteHistory': ['Unknown'], 'ResidentSetSize': [0], 'SubmitTimes': [1743122009.0], 'StartTimes': [], 'EndTimes': [], 'TotalUserCpuTimeHistory': [0.0], 'TotalSysCpuTimeHistory': [0.0], 'WallDurations': [0], 'JobIds': ['119288795.0'], 'State': 'idle', 'RecordedSite': False}, '105': {'Retries': 0, 'Restarts': 0, 'SiteHistory': ['Unknown'], 'ResidentSetSize': [0], 'SubmitTimes': [1743122009.0], 'StartTimes': [], 'EndTimes': [], 'TotalUserCpuTimeHistory': [0.0], 'TotalSysCpuTimeHistory': [0.0], 'WallDurations': [0], 'JobIds': ['119288796.0'], 'State': 'idle', 'RecordedSite': False}, '102': {'Retries': 0, 'Restarts': 0, 'SiteHistory': ['Unknown'], 'ResidentSetSize': [0], 'SubmitTimes': [1743122009.0], 'StartTimes': [], 'EndTimes': [], 'TotalUserCpuTimeHistory': [0.0], 'TotalSysCpuTimeHistory': [0.0], 'WallDurations': [0], 'JobIds': ['119288797.0'], 'State': 'idle', 'RecordedSite': False}, '112': {'Retries': 0, 'Restarts': 0, 'SiteHistory': ['Unknown'], 'ResidentSetSize': [0], 'SubmitTimes': [1743122009.0], 'StartTimes': [], 'EndTimes': [], 'TotalUserCpuTimeHistory': [0.0], 'TotalSysCpuTimeHistory': [0.0], 'WallDurations': [0], 'JobIds': ['119288798.0'], 'State': 'idle', 'RecordedSite': False}, '97': {'Retries': 0, 'Restarts': 0, 'SiteHistory': ['Unknown'], 'ResidentSetSize': [0], 'SubmitTimes': [1743122009.0], 'StartTimes': [], 'EndTimes': [], 'TotalUserCpuTimeHistory': [0.0], 'TotalSysCpuTimeHistory': [0.0], 'WallDurations': [0], 'JobIds': ['119288799.0'], 'State': 'idle', 'RecordedSite': False}, '104': {'Retries': 0, 'Restarts': 0, 'SiteHistory': ['Unknown'], 'ResidentSetSize': [0], 'SubmitTimes': [1743122009.0], 'StartTimes': [], 'EndTimes': [], 'TotalUserCpuTimeHistory': [0.0], 'TotalSysCpuTimeHistory': [0.0], 'WallDurations': [0], 'JobIds': ['119288800.0'], 'State': 'idle', 'RecordedSite': False}, '113': {'Retries': 0, 'Restarts': 0, 'SiteHistory': ['Unknown'], 'ResidentSetSize': [0], 'SubmitTimes': [1743122009.0], 'StartTimes': [], 'EndTimes': [], 'TotalUserCpuTimeHistory': [0.0], 'TotalSysCpuTimeHistory': [0.0], 'WallDurations': [0], 'JobIds': ['119288801.0'], 'State': 'idle', 'RecordedSite': False}, '103': {'Retries': 0, 'Restarts': 0, 'SiteHistory': ['Unknown'], 'ResidentSetSize': [0], 'SubmitTimes': [1743122009.0], 'StartTimes': [], 'EndTimes': [], 'TotalUserCpuTimeHistory': [0.0], 'TotalSysCpuTimeHistory': [0.0], 'WallDurations': [0], 'JobIds': ['119288802.0'], 'State': 'idle', 'RecordedSite': False}, '110': {'Retries': 0, 'Restarts': 0, 'SiteHistory': ['Unknown'], 'ResidentSetSize': [0], 'SubmitTimes': [1743122009.0], 'StartTimes': [], 'EndTimes': [], 'TotalUserCpuTimeHistory': [0.0], 'TotalSysCpuTimeHistory': [0.0], 'WallDurations': [0], 'JobIds': ['119288803.0'], 'State': 'idle', 'RecordedSite': False}, '115': {'Retries': 0, 'Restarts': 0, 'SiteHistory': ['Unknown'], 'ResidentSetSize': [0], 'SubmitTimes': [1743122009.0], 'StartTimes': [], 'EndTimes': [], 'TotalUserCpuTimeHistory': [0.0], 'TotalSysCpuTimeHistory': [0.0], 'WallDurations': [0], 'JobIds': ['119288804.0'], 'State': 'idle', 'RecordedSite': False}, '107': {'Retries': 0, 'Restarts': 0, 'SiteHistory': ['Unknown'], 'ResidentSetSize': [0], 'SubmitTimes': [1743122009.0], 'StartTimes': [], 'EndTimes': [], 'TotalUserCpuTimeHistory': [0.0], 'TotalSysCpuTimeHistory': [0.0], 'WallDurations': [0], 'JobIds': ['119288805.0'], 'State': 'idle', 'RecordedSite': False}, '106': {'Retries': 0, 'Restarts': 0, 'SiteHistory': ['Unknown'], 'ResidentSetSize': [0], 'SubmitTimes': [1743122009.0], 'StartTimes': [], 'EndTimes': [], 'TotalUserCpuTimeHistory': [0.0], 'TotalSysCpuTimeHistory': [0.0], 'WallDurations': [0], 'JobIds': ['119288806.0'], 'State': 'idle', 'RecordedSite': False}, '114': {'Retries': 0, 'Restarts': 0, 'SiteHistory': ['Unknown'], 'ResidentSetSize': [0], 'SubmitTimes': [1743122009.0], 'StartTimes': [], 'EndTimes': [], 'TotalUserCpuTimeHistory': [0.0], 'TotalSysCpuTimeHistory': [0.0], 'WallDurations': [0], 'JobIds': ['119288807.0'], 'State': 'idle', 'RecordedSite': False}, '108': {'Retries': 0, 'Restarts': 0, 'SiteHistory': ['Unknown'], 'ResidentSetSize': [0], 'SubmitTimes': [1743122009.0], 'StartTimes': [], 'EndTimes': [], 'TotalUserCpuTimeHistory': [0.0], 'TotalSysCpuTimeHistory': [0.0], 'WallDurations': [0], 'JobIds': ['119288808.0'], 'State': 'idle', 'RecordedSite': False}, '109': {'Retries': 0, 'Restarts': 0, 'SiteHistory': ['Unknown'], 'ResidentSetSize': [0], 'SubmitTimes': [1743122009.0], 'StartTimes': [], 'EndTimes': [], 'TotalUserCpuTimeHistory': [0.0], 'TotalSysCpuTimeHistory': [0.0], 'WallDurations': [0], 'JobIds': ['119288809.0'], 'State': 'idle', 'RecordedSite': False}, '111': {'Retries': 0, 'Restarts': 0, 'SiteHistory': ['Unknown'], 'ResidentSetSize': [0], 'SubmitTimes': [1743122009.0], 'StartTimes': [], 'EndTimes': [], 'TotalUserCpuTimeHistory': [0.0], 'TotalSysCpuTimeHistory': [0.0], 'WallDurations': [0], 'JobIds': ['119288810.0'], 'State': 'idle', 'RecordedSite': False}, '116': {'Retries': 0, 'Restarts': 0, 'SiteHistory': ['Unknown'], 'ResidentSetSize': [0], 'SubmitTimes': [1743122009.0], 'StartTimes': [], 'EndTimes': [], 'TotalUserCpuTimeHistory': [0.0], 'TotalSysCpuTimeHistory': [0.0], 'WallDurations': [0], 'JobIds': ['119288811.0'], 'State': 'idle', 'RecordedSite': False}, '117': {'Retries': 0, 'Restarts': 0, 'SiteHistory': ['Unknown'], 'ResidentSetSize': [0], 'SubmitTimes': [1743122009.0], 'StartTimes': [], 'EndTimes': [], 'TotalUserCpuTimeHistory': [0.0], 'TotalSysCpuTimeHistory': [0.0], 'WallDurations': [0], 'JobIds': ['119288812.0'], 'State': 'idle', 'RecordedSite': False}, '118': {'Retries': 0, 'Restarts': 0, 'SiteHistory': ['Unknown'], 'ResidentSetSize': [0], 'SubmitTimes': [1743122009.0], 'StartTimes': [], 'EndTimes': [], 'TotalUserCpuTimeHistory': [0.0], 'TotalSysCpuTimeHistory': [0.0], 'WallDurations': [0], 'JobIds': ['119288813.0'], 'State': 'idle', 'RecordedSite': False}, '120': {'Retries': 0, 'Restarts': 0, 'SiteHistory': ['Unknown'], 'ResidentSetSize': [0], 'SubmitTimes': [1743122009.0], 'StartTimes': [], 'EndTimes': [], 'TotalUserCpuTimeHistory': [0.0], 'TotalSysCpuTimeHistory': [0.0], 'WallDurations': [0], 'JobIds': ['119288814.0'], 'State': 'idle', 'RecordedSite': False}, '129': {'Retries': 0, 'Restarts': 0, 'SiteHistory': ['Unknown'], 'ResidentSetSize': [0], 'SubmitTimes': [1743122009.0], 'StartTimes': [], 'EndTimes': [], 'TotalUserCpuTimeHistory': [0.0], 'TotalSysCpuTimeHistory': [0.0], 'WallDurations': [0], 'JobIds': ['119288815.0'], 'State': 'idle', 'RecordedSite': False}, '119': {'Retries': 0, 'Restarts': 0, 'SiteHistory': ['Unknown'], 'ResidentSetSize': [0], 'SubmitTimes': [1743122009.0], 'StartTimes': [], 'EndTimes': [], 'TotalUserCpuTimeHistory': [0.0], 'TotalSysCpuTimeHistory': [0.0], 'WallDurations': [0], 'JobIds': ['119288816.0'], 'State': 'idle', 'RecordedSite': False}, '128': {'Retries': 0, 'Restarts': 0, 'SiteHistory': ['Unknown'], 'ResidentSetSize': [0], 'SubmitTimes': [1743122014.0], 'StartTimes': [], 'EndTimes': [], 'TotalUserCpuTimeHistory': [0.0], 'TotalSysCpuTimeHistory': [0.0], 'WallDurations': [0], 'JobIds': ['119288817.0'], 'State': 'idle', 'RecordedSite': False}, '123': {'Retries': 0, 'Restarts': 0, 'SiteHistory': ['Unknown'], 'ResidentSetSize': [0], 'SubmitTimes': [1743122014.0], 'StartTimes': [], 'EndTimes': [], 'TotalUserCpuTimeHistory': [0.0], 'TotalSysCpuTimeHistory': [0.0], 'WallDurations': [0], 'JobIds': ['119288818.0'], 'State': 'idle', 'RecordedSite': False}, '122': {'Retries': 0, 'Restarts': 0, 'SiteHistory': ['Unknown'], 'ResidentSetSize': [0], 'SubmitTimes': [1743122014.0], 'StartTimes': [], 'EndTimes': [], 'TotalUserCpuTimeHistory': [0.0], 'TotalSysCpuTimeHistory': [0.0], 'WallDurations': [0], 'JobIds': ['119288819.0'], 'State': 'idle', 'RecordedSite': False}, '127': {'Retries': 0, 'Restarts': 0, 'SiteHistory': ['Unknown'], 'ResidentSetSize': [0], 'SubmitTimes': [1743122014.0], 'StartTimes': [], 'EndTimes': [], 'TotalUserCpuTimeHistory': [0.0], 'TotalSysCpuTimeHistory': [0.0], 'WallDurations': [0], 'JobIds': ['119288820.0'], 'State': 'idle', 'RecordedSite': False}, '121': {'Retries': 0, 'Restarts': 0, 'SiteHistory': ['Unknown'], 'ResidentSetSize': [0], 'SubmitTimes': [1743122014.0], 'StartTimes': [], 'EndTimes': [], 'TotalUserCpuTimeHistory': [0.0], 'TotalSysCpuTimeHistory': [0.0], 'WallDurations': [0], 'JobIds': ['119288821.0'], 'State': 'idle', 'RecordedSite': False}, '125': {'Retries': 0, 'Restarts': 0, 'SiteHistory': ['Unknown'], 'ResidentSetSize': [0], 'SubmitTimes': [1743122014.0], 'StartTimes': [], 'EndTimes': [], 'TotalUserCpuTimeHistory': [0.0], 'TotalSysCpuTimeHistory': [0.0], 'WallDurations': [0], 'JobIds': ['119288822.0'], 'State': 'idle', 'RecordedSite': False}, '131': {'Retries': 0, 'Restarts': 0, 'SiteHistory': ['Unknown'], 'ResidentSetSize': [0], 'SubmitTimes': [1743122014.0], 'StartTimes': [], 'EndTimes': [], 'TotalUserCpuTimeHistory': [0.0], 'TotalSysCpuTimeHistory': [0.0], 'WallDurations': [0], 'JobIds': ['119288823.0'], 'State': 'idle', 'RecordedSite': False}, '136': {'Retries': 0, 'Restarts': 0, 'SiteHistory': ['Unknown'], 'ResidentSetSize': [0], 'SubmitTimes': [1743122014.0], 'StartTimes': [], 'EndTimes': [], 'TotalUserCpuTimeHistory': [0.0], 'TotalSysCpuTimeHistory': [0.0], 'WallDurations': [0], 'JobIds': ['119288824.0'], 'State': 'idle', 'RecordedSite': False}, '130': {'Retries': 0, 'Restarts': 0, 'SiteHistory': ['Unknown'], 'ResidentSetSize': [0], 'SubmitTimes': [1743122014.0], 'StartTimes': [], 'EndTimes': [], 'TotalUserCpuTimeHistory': [0.0], 'TotalSysCpuTimeHistory': [0.0], 'WallDurations': [0], 'JobIds': ['119288825.0'], 'State': 'idle', 'RecordedSite': False}, '133': {'Retries': 0, 'Restarts': 0, 'SiteHistory': ['Unknown'], 'ResidentSetSize': [0], 'SubmitTimes': [1743122014.0], 'StartTimes': [], 'EndTimes': [], 'TotalUserCpuTimeHistory': [0.0], 'TotalSysCpuTimeHistory': [0.0], 'WallDurations': [0], 'JobIds': ['119288826.0'], 'State': 'idle', 'RecordedSite': False}, '124': {'Retries': 0, 'Restarts': 0, 'SiteHistory': ['Unknown'], 'ResidentSetSize': [0], 'SubmitTimes': [1743122014.0], 'StartTimes': [], 'EndTimes': [], 'TotalUserCpuTimeHistory': [0.0], 'TotalSysCpuTimeHistory': [0.0], 'WallDurations': [0], 'JobIds': ['119288827.0'], 'State': 'idle', 'RecordedSite': False}, '126': {'Retries': 0, 'Restarts': 0, 'SiteHistory': ['Unknown'], 'ResidentSetSize': [0], 'SubmitTimes': [1743122014.0], 'StartTimes': [], 'EndTimes': [], 'TotalUserCpuTimeHistory': [0.0], 'TotalSysCpuTimeHistory': [0.0], 'WallDurations': [0], 'JobIds': ['119288828.0'], 'State': 'idle', 'RecordedSite': False}, '132': {'Retries': 0, 'Restarts': 0, 'SiteHistory': ['Unknown'], 'ResidentSetSize': [0], 'SubmitTimes': [1743122014.0], 'StartTimes': [], 'EndTimes': [], 'TotalUserCpuTimeHistory': [0.0], 'TotalSysCpuTimeHistory': [0.0], 'WallDurations': [0], 'JobIds': ['119288829.0'], 'State': 'idle', 'RecordedSite': False}, '134': {'Retries': 0, 'Restarts': 0, 'SiteHistory': ['Unknown'], 'ResidentSetSize': [0], 'SubmitTimes': [1743122014.0], 'StartTimes': [], 'EndTimes': [], 'TotalUserCpuTimeHistory': [0.0], 'TotalSysCpuTimeHistory': [0.0], 'WallDurations': [0], 'JobIds': ['119288830.0'], 'State': 'idle', 'RecordedSite': False}, '138': {'Retries': 0, 'Restarts': 0, 'SiteHistory': ['Unknown'], 'ResidentSetSize': [0], 'SubmitTimes': [1743122014.0], 'StartTimes': [], 'EndTimes': [], 'TotalUserCpuTimeHistory': [0.0], 'TotalSysCpuTimeHistory': [0.0], 'WallDurations': [0], 'JobIds': ['119288831.0'], 'State': 'idle', 'RecordedSite': False}, '137': {'Retries': 0, 'Restarts': 0, 'SiteHistory': ['Unknown'], 'ResidentSetSize': [0], 'SubmitTimes': [1743122014.0], 'StartTimes': [], 'EndTimes': [], 'TotalUserCpuTimeHistory': [0.0], 'TotalSysCpuTimeHistory': [0.0], 'WallDurations': [0], 'JobIds': ['119288832.0'], 'State': 'idle', 'RecordedSite': False}, '142': {'Retries': 0, 'Restarts': 0, 'SiteHistory': ['Unknown'], 'ResidentSetSize': [0], 'SubmitTimes': [1743122014.0], 'StartTimes': [], 'EndTimes': [], 'TotalUserCpuTimeHistory': [0.0], 'TotalSysCpuTimeHistory': [0.0], 'WallDurations': [0], 'JobIds': ['119288833.0'], 'State': 'idle', 'RecordedSite': False}, '135': {'Retries': 0, 'Restarts': 0, 'SiteHistory': ['Unknown'], 'ResidentSetSize': [0], 'SubmitTimes': [1743122014.0], 'StartTimes': [], 'EndTimes': [], 'TotalUserCpuTimeHistory': [0.0], 'TotalSysCpuTimeHistory': [0.0], 'WallDurations': [0], 'JobIds': ['119288834.0'], 'State': 'idle', 'RecordedSite': False}, '146': {'Retries': 0, 'Restarts': 0, 'SiteHistory': ['Unknown'], 'ResidentSetSize': [0], 'SubmitTimes': [1743122014.0], 'StartTimes': [], 'EndTimes': [], 'TotalUserCpuTimeHistory': [0.0], 'TotalSysCpuTimeHistory': [0.0], 'WallDurations': [0], 'JobIds': ['119288835.0'], 'State': 'idle', 'RecordedSite': False}, '139': {'Retries': 0, 'Restarts': 0, 'SiteHistory': ['Unknown'], 'ResidentSetSize': [0], 'SubmitTimes': [1743122014.0], 'StartTimes': [], 'EndTimes': [], 'TotalUserCpuTimeHistory': [0.0], 'TotalSysCpuTimeHistory': [0.0], 'WallDurations': [0], 'JobIds': ['119288836.0'], 'State': 'idle', 'RecordedSite': False}, '141': {'Retries': 0, 'Restarts': 0, 'SiteHistory': ['Unknown'], 'ResidentSetSize': [0], 'SubmitTimes': [1743122014.0], 'StartTimes': [], 'EndTimes': [], 'TotalUserCpuTimeHistory': [0.0], 'TotalSysCpuTimeHistory': [0.0], 'WallDurations': [0], 'JobIds': ['119288837.0'], 'State': 'idle', 'RecordedSite': False}, '144': {'Retries': 0, 'Restarts': 0, 'SiteHistory': ['Unknown'], 'ResidentSetSize': [0], 'SubmitTimes': [1743122014.0], 'StartTimes': [], 'EndTimes': [], 'TotalUserCpuTimeHistory': [0.0], 'TotalSysCpuTimeHistory': [0.0], 'WallDurations': [0], 'JobIds': ['119288838.0'], 'State': 'idle', 'RecordedSite': False}, '149': {'Retries': 0, 'Restarts': 0, 'SiteHistory': ['Unknown'], 'ResidentSetSize': [0], 'SubmitTimes': [1743122014.0], 'StartTimes': [], 'EndTimes': [], 'TotalUserCpuTimeHistory': [0.0], 'TotalSysCpuTimeHistory': [0.0], 'WallDurations': [0], 'JobIds': ['119288839.0'], 'State': 'idle', 'RecordedSite': False}, '143': {'Retries': 0, 'Restarts': 0, 'SiteHistory': ['Unknown'], 'ResidentSetSize': [0], 'SubmitTimes': [1743122014.0], 'StartTimes': [], 'EndTimes': [], 'TotalUserCpuTimeHistory': [0.0], 'TotalSysCpuTimeHistory': [0.0], 'WallDurations': [0], 'JobIds': ['119288840.0'], 'State': 'idle', 'RecordedSite': False}, '152': {'Retries': 0, 'Restarts': 0, 'SiteHistory': ['Unknown'], 'ResidentSetSize': [0], 'SubmitTimes': [1743122014.0], 'StartTimes': [], 'EndTimes': [], 'TotalUserCpuTimeHistory': [0.0], 'TotalSysCpuTimeHistory': [0.0], 'WallDurations': [0], 'JobIds': ['119288841.0'], 'State': 'idle', 'RecordedSite': False}, '140': {'Retries': 0, 'Restarts': 0, 'SiteHistory': ['Unknown'], 'ResidentSetSize': [0], 'SubmitTimes': [1743122014.0], 'StartTimes': [], 'EndTimes': [], 'TotalUserCpuTimeHistory': [0.0], 'TotalSysCpuTimeHistory': [0.0], 'WallDurations': [0], 'JobIds': ['119288842.0'], 'State': 'idle', 'RecordedSite': False}, '148': {'Retries': 0, 'Restarts': 0, 'SiteHistory': ['Unknown'], 'ResidentSetSize': [0], 'SubmitTimes': [1743122014.0], 'StartTimes': [], 'EndTimes': [], 'TotalUserCpuTimeHistory': [0.0], 'TotalSysCpuTimeHistory': [0.0], 'WallDurations': [0], 'JobIds': ['119288843.0'], 'State': 'idle', 'RecordedSite': False}, '145': {'Retries': 0, 'Restarts': 0, 'SiteHistory': ['Unknown'], 'ResidentSetSize': [0], 'SubmitTimes': [1743122014.0], 'StartTimes': [], 'EndTimes': [], 'TotalUserCpuTimeHistory': [0.0], 'TotalSysCpuTimeHistory': [0.0], 'WallDurations': [0], 'JobIds': ['119288844.0'], 'State': 'idle', 'RecordedSite': False}, '147': {'Retries': 0, 'Restarts': 0, 'SiteHistory': ['Unknown'], 'ResidentSetSize': [0], 'SubmitTimes': [1743122014.0], 'StartTimes': [], 'EndTimes': [], 'TotalUserCpuTimeHistory': [0.0], 'TotalSysCpuTimeHistory': [0.0], 'WallDurations': [0], 'JobIds': ['119288845.0'], 'State': 'idle', 'RecordedSite': False}, '150': {'Retries': 0, 'Restarts': 0, 'SiteHistory': ['Unknown'], 'ResidentSetSize': [0], 'SubmitTimes': [1743122014.0], 'StartTimes': [], 'EndTimes': [], 'TotalUserCpuTimeHistory': [0.0], 'TotalSysCpuTimeHistory': [0.0], 'WallDurations': [0], 'JobIds': ['119288846.0'], 'State': 'idle', 'RecordedSite': False}, '151': {'Retries': 0, 'Restarts': 0, 'SiteHistory': ['Unknown'], 'ResidentSetSize': [0], 'SubmitTimes': [1743122014.0], 'StartTimes': [], 'EndTimes': [], 'TotalUserCpuTimeHistory': [0.0], 'TotalSysCpuTimeHistory': [0.0], 'WallDurations': [0], 'JobIds': ['119288847.0'], 'State': 'idle', 'RecordedSite': False}, '159': {'Retries': 0, 'Restarts': 0, 'SiteHistory': ['Unknown'], 'ResidentSetSize': [0], 'SubmitTimes': [1743122014.0], 'StartTimes': [], 'EndTimes': [], 'TotalUserCpuTimeHistory': [0.0], 'TotalSysCpuTimeHistory': [0.0], 'WallDurations': [0], 'JobIds': ['119288848.0'], 'State': 'idle', 'RecordedSite': False}, '158': {'Retries': 0, 'Restarts': 0, 'SiteHistory': ['Unknown'], 'ResidentSetSize': [0], 'SubmitTimes': [1743122014.0], 'StartTimes': [], 'EndTimes': [], 'TotalUserCpuTimeHistory': [0.0], 'TotalSysCpuTimeHistory': [0.0], 'WallDurations': [0], 'JobIds': ['119288849.0'], 'State': 'idle', 'RecordedSite': False}, '153': {'Retries': 0, 'Restarts': 0, 'SiteHistory': ['Unknown'], 'ResidentSetSize': [0], 'SubmitTimes': [1743122014.0], 'StartTimes': [], 'EndTimes': [], 'TotalUserCpuTimeHistory': [0.0], 'TotalSysCpuTimeHistory': [0.0], 'WallDurations': [0], 'JobIds': ['119288850.0'], 'State': 'idle', 'RecordedSite': False}, '156': {'Retries': 0, 'Restarts': 0, 'SiteHistory': ['Unknown'], 'ResidentSetSize': [0], 'SubmitTimes': [1743122014.0], 'StartTimes': [], 'EndTimes': [], 'TotalUserCpuTimeHistory': [0.0], 'TotalSysCpuTimeHistory': [0.0], 'WallDurations': [0], 'JobIds': ['119288851.0'], 'State': 'idle', 'RecordedSite': False}, '161': {'Retries': 0, 'Restarts': 0, 'SiteHistory': ['Unknown'], 'ResidentSetSize': [0], 'SubmitTimes': [1743122015.0], 'StartTimes': [], 'EndTimes': [], 'TotalUserCpuTimeHistory': [0.0], 'TotalSysCpuTimeHistory': [0.0], 'WallDurations': [0], 'JobIds': ['119288852.0'], 'State': 'idle', 'RecordedSite': False}, '155': {'Retries': 0, 'Restarts': 0, 'SiteHistory': ['Unknown'], 'ResidentSetSize': [0], 'SubmitTimes': [1743122015.0], 'StartTimes': [], 'EndTimes': [], 'TotalUserCpuTimeHistory': [0.0], 'TotalSysCpuTimeHistory': [0.0], 'WallDurations': [0], 'JobIds': ['119288853.0'], 'State': 'idle', 'RecordedSite': False}, '162': {'Retries': 0, 'Restarts': 0, 'SiteHistory': ['Unknown'], 'ResidentSetSize': [0], 'SubmitTimes': [1743122015.0], 'StartTimes': [], 'EndTimes': [], 'TotalUserCpuTimeHistory': [0.0], 'TotalSysCpuTimeHistory': [0.0], 'WallDurations': [0], 'JobIds': ['119288854.0'], 'State': 'idle', 'RecordedSite': False}, '167': {'Retries': 0, 'Restarts': 0, 'SiteHistory': ['Unknown'], 'ResidentSetSize': [0], 'SubmitTimes': [1743122015.0], 'StartTimes': [], 'EndTimes': [], 'TotalUserCpuTimeHistory': [0.0], 'TotalSysCpuTimeHistory': [0.0], 'WallDurations': [0], 'JobIds': ['119288855.0'], 'State': 'idle', 'RecordedSite': False}, '157': {'Retries': 0, 'Restarts': 0, 'SiteHistory': ['Unknown'], 'ResidentSetSize': [0], 'SubmitTimes': [1743122015.0], 'StartTimes': [], 'EndTimes': [], 'TotalUserCpuTimeHistory': [0.0], 'TotalSysCpuTimeHistory': [0.0], 'WallDurations': [0], 'JobIds': ['119288856.0'], 'State': 'idle', 'RecordedSite': False}, '154': {'Retries': 0, 'Restarts': 0, 'SiteHistory': ['Unknown'], 'ResidentSetSize': [0], 'SubmitTimes': [1743122015.0], 'StartTimes': [], 'EndTimes': [], 'TotalUserCpuTimeHistory': [0.0], 'TotalSysCpuTimeHistory': [0.0], 'WallDurations': [0], 'JobIds': ['119288857.0'], 'State': 'idle', 'RecordedSite': False}, '160': {'Retries': 0, 'Restarts': 0, 'SiteHistory': ['Unknown'], 'ResidentSetSize': [0], 'SubmitTimes': [1743122015.0], 'StartTimes': [], 'EndTimes': [], 'TotalUserCpuTimeHistory': [0.0], 'TotalSysCpuTimeHistory': [0.0], 'WallDurations': [0], 'JobIds': ['119288858.0'], 'State': 'idle', 'RecordedSite': False}, '163': {'Retries': 0, 'Restarts': 0, 'SiteHistory': ['Unknown'], 'ResidentSetSize': [0], 'SubmitTimes': [1743122015.0], 'StartTimes': [], 'EndTimes': [], 'TotalUserCpuTimeHistory': [0.0], 'TotalSysCpuTimeHistory': [0.0], 'WallDurations': [0], 'JobIds': ['119288859.0'], 'State': 'idle', 'RecordedSite': False}, '164': {'Retries': 0, 'Restarts': 0, 'SiteHistory': ['Unknown'], 'ResidentSetSize': [0], 'SubmitTimes': [1743122015.0], 'StartTimes': [], 'EndTimes': [], 'TotalUserCpuTimeHistory': [0.0], 'TotalSysCpuTimeHistory': [0.0], 'WallDurations': [0], 'JobIds': ['119288860.0'], 'State': 'idle', 'RecordedSite': False}, '165': {'Retries': 0, 'Restarts': 0, 'SiteHistory': ['Unknown'], 'ResidentSetSize': [0], 'SubmitTimes': [1743122015.0], 'StartTimes': [], 'EndTimes': [], 'TotalUserCpuTimeHistory': [0.0], 'TotalSysCpuTimeHistory': [0.0], 'WallDurations': [0], 'JobIds': ['119288861.0'], 'State': 'idle', 'RecordedSite': False}, '166': {'Retries': 0, 'Restarts': 0, 'SiteHistory': ['Unknown'], 'ResidentSetSize': [0], 'SubmitTimes': [1743122015.0], 'StartTimes': [], 'EndTimes': [], 'TotalUserCpuTimeHistory': [0.0], 'TotalSysCpuTimeHistory': [0.0], 'WallDurations': [0], 'JobIds': ['119288862.0'], 'State': 'idle', 'RecordedSite': False}, '168': {'Retries': 0, 'Restarts': 0, 'SiteHistory': ['Unknown'], 'ResidentSetSize': [0], 'SubmitTimes': [1743122015.0], 'StartTimes': [], 'EndTimes': [], 'TotalUserCpuTimeHistory': [0.0], 'TotalSysCpuTimeHistory': [0.0], 'WallDurations': [0], 'JobIds': ['119288863.0'], 'State': 'idle', 'RecordedSite': False}, '169': {'Retries': 0, 'Restarts': 0, 'SiteHistory': ['Unknown'], 'ResidentSetSize': [0], 'SubmitTimes': [1743122015.0], 'StartTimes': [], 'EndTimes': [], 'TotalUserCpuTimeHistory': [0.0], 'TotalSysCpuTimeHistory': [0.0], 'WallDurations': [0], 'JobIds': ['119288864.0'], 'State': 'idle', 'RecordedSite': False}, '170': {'Retries': 0, 'Restarts': 0, 'SiteHistory': ['Unknown'], 'ResidentSetSize': [0], 'SubmitTimes': [1743122015.0], 'StartTimes': [], 'EndTimes': [], 'TotalUserCpuTimeHistory': [0.0], 'TotalSysCpuTimeHistory': [0.0], 'WallDurations': [0], 'JobIds': ['119288865.0'], 'State': 'idle', 'RecordedSite': False}, '171': {'Retries': 0, 'Restarts': 0, 'SiteHistory': ['Unknown'], 'ResidentSetSize': [0], 'SubmitTimes': [1743122015.0], 'StartTimes': [], 'EndTimes': [], 'TotalUserCpuTimeHistory': [0.0], 'TotalSysCpuTimeHistory': [0.0], 'WallDurations': [0], 'JobIds': ['119288866.0'], 'State': 'idle', 'RecordedSite': False}, '172': {'Retries': 0, 'Restarts': 0, 'SiteHistory': ['Unknown'], 'ResidentSetSize': [0], 'SubmitTimes': [1743122015.0], 'StartTimes': [], 'EndTimes': [], 'TotalUserCpuTimeHistory': [0.0], 'TotalSysCpuTimeHistory': [0.0], 'WallDurations': [0], 'JobIds': ['119288867.0'], 'State': 'idle', 'RecordedSite': False}, '173': {'Retries': 0, 'Restarts': 0, 'SiteHistory': ['Unknown'], 'ResidentSetSize': [0], 'SubmitTimes': [1743122015.0], 'StartTimes': [], 'EndTimes': [], 'TotalUserCpuTimeHistory': [0.0], 'TotalSysCpuTimeHistory': [0.0], 'WallDurations': [0], 'JobIds': ['119288868.0'], 'State': 'idle', 'RecordedSite': False}, '174': {'Retries': 0, 'Restarts': 0, 'SiteHistory': ['Unknown'], 'ResidentSetSize': [0], 'SubmitTimes': [1743122015.0], 'StartTimes': [], 'EndTimes': [], 'TotalUserCpuTimeHistory': [0.0], 'TotalSysCpuTimeHistory': [0.0], 'WallDurations': [0], 'JobIds': ['119288869.0'], 'State': 'idle', 'RecordedSite': False}, '175': {'Retries': 0, 'Restarts': 0, 'SiteHistory': ['Unknown'], 'ResidentSetSize': [0], 'SubmitTimes': [1743122015.0], 'StartTimes': [], 'EndTimes': [], 'TotalUserCpuTimeHistory': [0.0], 'TotalSysCpuTimeHistory': [0.0], 'WallDurations': [0], 'JobIds': ['119288870.0'], 'State': 'idle', 'RecordedSite': False}, '176': {'Retries': 0, 'Restarts': 0, 'SiteHistory': ['Unknown'], 'ResidentSetSize': [0], 'SubmitTimes': [1743122015.0], 'StartTimes': [], 'EndTimes': [], 'TotalUserCpuTimeHistory': [0.0], 'TotalSysCpuTimeHistory': [0.0], 'WallDurations': [0], 'JobIds': ['119288871.0'], 'State': 'idle', 'RecordedSite': False}, '177': {'Retries': 0, 'Restarts': 0, 'SiteHistory': ['Unknown'], 'ResidentSetSize': [0], 'SubmitTimes': [1743122015.0], 'StartTimes': [], 'EndTimes': [], 'TotalUserCpuTimeHistory': [0.0], 'TotalSysCpuTimeHistory': [0.0], 'WallDurations': [0], 'JobIds': ['119288872.0'], 'State': 'idle', 'RecordedSite': False}, '178': {'Retries': 0, 'Restarts': 0, 'SiteHistory': ['Unknown'], 'ResidentSetSize': [0], 'SubmitTimes': [1743122015.0], 'StartTimes': [], 'EndTimes': [], 'TotalUserCpuTimeHistory': [0.0], 'TotalSysCpuTimeHistory': [0.0], 'WallDurations': [0], 'JobIds': ['119288873.0'], 'State': 'idle', 'RecordedSite': False}, '179': {'Retries': 0, 'Restarts': 0, 'SiteHistory': ['Unknown'], 'ResidentSetSize': [0], 'SubmitTimes': [1743122015.0], 'StartTimes': [], 'EndTimes': [], 'TotalUserCpuTimeHistory': [0.0], 'TotalSysCpuTimeHistory': [0.0], 'WallDurations': [0], 'JobIds': ['119288874.0'], 'State': 'idle', 'RecordedSite': False}, '180': {'Retries': 0, 'Restarts': 0, 'SiteHistory': ['Unknown'], 'ResidentSetSize': [0], 'SubmitTimes': [1743122015.0], 'StartTimes': [], 'EndTimes': [], 'TotalUserCpuTimeHistory': [0.0], 'TotalSysCpuTimeHistory': [0.0], 'WallDurations': [0], 'JobIds': ['119288875.0'], 'State': 'idle', 'RecordedSite': False}, '181': {'Retries': 0, 'Restarts': 0, 'SiteHistory': ['Unknown'], 'ResidentSetSize': [0], 'SubmitTimes': [1743122015.0], 'StartTimes': [], 'EndTimes': [], 'TotalUserCpuTimeHistory': [0.0], 'TotalSysCpuTimeHistory': [0.0], 'WallDurations': [0], 'JobIds': ['119288876.0'], 'State': 'idle', 'RecordedSite': False}, '183': {'Retries': 0, 'Restarts': 0, 'SiteHistory': ['Unknown'], 'ResidentSetSize': [0], 'SubmitTimes': [1743122015.0], 'StartTimes': [], 'EndTimes': [], 'TotalUserCpuTimeHistory': [0.0], 'TotalSysCpuTimeHistory': [0.0], 'WallDurations': [0], 'JobIds': ['119288877.0'], 'State': 'idle', 'RecordedSite': False}, '201': {'Retries': 0, 'Restarts': 0, 'SiteHistory': ['Unknown'], 'ResidentSetSize': [0], 'SubmitTimes': [1743122015.0], 'StartTimes': [], 'EndTimes': [], 'TotalUserCpuTimeHistory': [0.0], 'TotalSysCpuTimeHistory': [0.0], 'WallDurations': [0], 'JobIds': ['119288878.0'], 'State': 'idle', 'RecordedSite': False}, '186': {'Retries': 0, 'Restarts': 0, 'SiteHistory': ['Unknown'], 'ResidentSetSize': [0], 'SubmitTimes': [1743122015.0], 'StartTimes': [], 'EndTimes': [], 'TotalUserCpuTimeHistory': [0.0], 'TotalSysCpuTimeHistory': [0.0], 'WallDurations': [0], 'JobIds': ['119288879.0'], 'State': 'idle', 'RecordedSite': False}, '189': {'Retries': 0, 'Restarts': 0, 'SiteHistory': ['Unknown'], 'ResidentSetSize': [0], 'SubmitTimes': [1743122015.0], 'StartTimes': [], 'EndTimes': [], 'TotalUserCpuTimeHistory': [0.0], 'TotalSysCpuTimeHistory': [0.0], 'WallDurations': [0], 'JobIds': ['119288880.0'], 'State': 'idle', 'RecordedSite': False}, '187': {'Retries': 0, 'Restarts': 0, 'SiteHistory': ['Unknown'], 'ResidentSetSize': [0], 'SubmitTimes': [1743122015.0], 'StartTimes': [], 'EndTimes': [], 'TotalUserCpuTimeHistory': [0.0], 'TotalSysCpuTimeHistory': [0.0], 'WallDurations': [0], 'JobIds': ['119288881.0'], 'State': 'idle', 'RecordedSite': False}, '184': {'Retries': 0, 'Restarts': 0, 'SiteHistory': ['Unknown'], 'ResidentSetSize': [0], 'SubmitTimes': [1743122015.0], 'StartTimes': [], 'EndTimes': [], 'TotalUserCpuTimeHistory': [0.0], 'TotalSysCpuTimeHistory': [0.0], 'WallDurations': [0], 'JobIds': ['119288882.0'], 'State': 'idle', 'RecordedSite': False}, '195': {'Retries': 0, 'Restarts': 0, 'SiteHistory': ['Unknown'], 'ResidentSetSize': [0], 'SubmitTimes': [1743122015.0], 'StartTimes': [], 'EndTimes': [], 'TotalUserCpuTimeHistory': [0.0], 'TotalSysCpuTimeHistory': [0.0], 'WallDurations': [0], 'JobIds': ['119288883.0'], 'State': 'idle', 'RecordedSite': False}, '192': {'Retries': 0, 'Restarts': 0, 'SiteHistory': ['Unknown'], 'ResidentSetSize': [0], 'SubmitTimes': [1743122015.0], 'StartTimes': [], 'EndTimes': [], 'TotalUserCpuTimeHistory': [0.0], 'TotalSysCpuTimeHistory': [0.0], 'WallDurations': [0], 'JobIds': ['119288884.0'], 'State': 'idle', 'RecordedSite': False}, '185': {'Retries': 0, 'Restarts': 0, 'SiteHistory': ['Unknown'], 'ResidentSetSize': [0], 'SubmitTimes': [1743122015.0], 'StartTimes': [], 'EndTimes': [], 'TotalUserCpuTimeHistory': [0.0], 'TotalSysCpuTimeHistory': [0.0], 'WallDurations': [0], 'JobIds': ['119288885.0'], 'State': 'idle', 'RecordedSite': False}, '198': {'Retries': 0, 'Restarts': 0, 'SiteHistory': ['Unknown'], 'ResidentSetSize': [0], 'SubmitTimes': [1743122015.0], 'StartTimes': [], 'EndTimes': [], 'TotalUserCpuTimeHistory': [0.0], 'TotalSysCpuTimeHistory': [0.0], 'WallDurations': [0], 'JobIds': ['119288886.0'], 'State': 'idle', 'RecordedSite': False}, '188': {'Retries': 0, 'Restarts': 0, 'SiteHistory': ['Unknown'], 'ResidentSetSize': [0], 'SubmitTimes': [1743122015.0], 'StartTimes': [], 'EndTimes': [], 'TotalUserCpuTimeHistory': [0.0], 'TotalSysCpuTimeHistory': [0.0], 'WallDurations': [0], 'JobIds': ['119288887.0'], 'State': 'idle', 'RecordedSite': False}, '190': {'Retries': 0, 'Restarts': 0, 'SiteHistory': ['Unknown'], 'ResidentSetSize': [0], 'SubmitTimes': [1743122015.0], 'StartTimes': [], 'EndTimes': [], 'TotalUserCpuTimeHistory': [0.0], 'TotalSysCpuTimeHistory': [0.0], 'WallDurations': [0], 'JobIds': ['119288888.0'], 'State': 'idle', 'RecordedSite': False}, '191': {'Retries': 0, 'Restarts': 0, 'SiteHistory': ['Unknown'], 'ResidentSetSize': [0], 'SubmitTimes': [1743122015.0], 'StartTimes': [], 'EndTimes': [], 'TotalUserCpuTimeHistory': [0.0], 'TotalSysCpuTimeHistory': [0.0], 'WallDurations': [0], 'JobIds': ['119288889.0'], 'State': 'idle', 'RecordedSite': False}, '193': {'Retries': 0, 'Restarts': 0, 'SiteHistory': ['Unknown'], 'ResidentSetSize': [0], 'SubmitTimes': [1743122015.0], 'StartTimes': [], 'EndTimes': [], 'TotalUserCpuTimeHistory': [0.0], 'TotalSysCpuTimeHistory': [0.0], 'WallDurations': [0], 'JobIds': ['119288890.0'], 'State': 'idle', 'RecordedSite': False}, '194': {'Retries': 0, 'Restarts': 0, 'SiteHistory': ['Unknown'], 'ResidentSetSize': [0], 'SubmitTimes': [1743122015.0], 'StartTimes': [], 'EndTimes': [], 'TotalUserCpuTimeHistory': [0.0], 'TotalSysCpuTimeHistory': [0.0], 'WallDurations': [0], 'JobIds': ['119288891.0'], 'State': 'idle', 'RecordedSite': False}, '196': {'Retries': 0, 'Restarts': 0, 'SiteHistory': ['Unknown'], 'ResidentSetSize': [0], 'SubmitTimes': [1743122016.0], 'StartTimes': [], 'EndTimes': [], 'TotalUserCpuTimeHistory': [0.0], 'TotalSysCpuTimeHistory': [0.0], 'WallDurations': [0], 'JobIds': ['119288892.0'], 'State': 'idle', 'RecordedSite': False}, '197': {'Retries': 0, 'Restarts': 0, 'SiteHistory': ['Unknown'], 'ResidentSetSize': [0], 'SubmitTimes': [1743122016.0], 'StartTimes': [], 'EndTimes': [], 'TotalUserCpuTimeHistory': [0.0], 'TotalSysCpuTimeHistory': [0.0], 'WallDurations': [0], 'JobIds': ['119288893.0'], 'State': 'idle', 'RecordedSite': False}, '199': {'Retries': 0, 'Restarts': 0, 'SiteHistory': ['Unknown'], 'ResidentSetSize': [0], 'SubmitTimes': [1743122016.0], 'StartTimes': [], 'EndTimes': [], 'TotalUserCpuTimeHistory': [0.0], 'TotalSysCpuTimeHistory': [0.0], 'WallDurations': [0], 'JobIds': ['119288894.0'], 'State': 'idle', 'RecordedSite': False}, '200': {'Retries': 0, 'Restarts': 0, 'SiteHistory': ['Unknown'], 'ResidentSetSize': [0], 'SubmitTimes': [1743122016.0], 'StartTimes': [], 'EndTimes': [], 'TotalUserCpuTimeHistory': [0.0], 'TotalSysCpuTimeHistory': [0.0], 'WallDurations': [0], 'JobIds': ['119288895.0'], 'State': 'idle', 'RecordedSite': False}, '202': {'Retries': 0, 'Restarts': 0, 'SiteHistory': ['Unknown'], 'ResidentSetSize': [0], 'SubmitTimes': [1743122016.0], 'StartTimes': [], 'EndTimes': [], 'TotalUserCpuTimeHistory': [0.0], 'TotalSysCpuTimeHistory': [0.0], 'WallDurations': [0], 'JobIds': ['119288896.0'], 'State': 'idle', 'RecordedSite': False}, '205': {'Retries': 0, 'Restarts': 0, 'SiteHistory': ['Unknown'], 'ResidentSetSize': [0], 'SubmitTimes': [1743122016.0], 'StartTimes': [], 'EndTimes': [], 'TotalUserCpuTimeHistory': [0.0], 'TotalSysCpuTimeHistory': [0.0], 'WallDurations': [0], 'JobIds': ['119288897.0'], 'State': 'idle', 'RecordedSite': False}, '206': {'Retries': 0, 'Restarts': 0, 'SiteHistory': ['Unknown'], 'ResidentSetSize': [0], 'SubmitTimes': [1743122016.0], 'StartTimes': [], 'EndTimes': [], 'TotalUserCpuTimeHistory': [0.0], 'TotalSysCpuTimeHistory': [0.0], 'WallDurations': [0], 'JobIds': ['119288898.0'], 'State': 'idle', 'RecordedSite': False}, '204': {'Retries': 0, 'Restarts': 0, 'SiteHistory': ['Unknown'], 'ResidentSetSize': [0], 'SubmitTimes': [1743122016.0], 'StartTimes': [], 'EndTimes': [], 'TotalUserCpuTimeHistory': [0.0], 'TotalSysCpuTimeHistory': [0.0], 'WallDurations': [0], 'JobIds': ['119288899.0'], 'State': 'idle', 'RecordedSite': False}, '203': {'Retries': 0, 'Restarts': 0, 'SiteHistory': ['Unknown'], 'ResidentSetSize': [0], 'SubmitTimes': [1743122016.0], 'StartTimes': [], 'EndTimes': [], 'TotalUserCpuTimeHistory': [0.0], 'TotalSysCpuTimeHistory': [0.0], 'WallDurations': [0], 'JobIds': ['119288900.0'], 'State': 'idle', 'RecordedSite': False}, '208': {'Retries': 0, 'Restarts': 0, 'SiteHistory': ['Unknown'], 'ResidentSetSize': [0], 'SubmitTimes': [1743122016.0], 'StartTimes': [], 'EndTimes': [], 'TotalUserCpuTimeHistory': [0.0], 'TotalSysCpuTimeHistory': [0.0], 'WallDurations': [0], 'JobIds': ['119288901.0'], 'State': 'idle', 'RecordedSite': False}, '209': {'Retries': 0, 'Restarts': 0, 'SiteHistory': ['Unknown'], 'ResidentSetSize': [0], 'SubmitTimes': [1743122016.0], 'StartTimes': [], 'EndTimes': [], 'TotalUserCpuTimeHistory': [0.0], 'TotalSysCpuTimeHistory': [0.0], 'WallDurations': [0], 'JobIds': ['119288902.0'], 'State': 'idle', 'RecordedSite': False}, '211': {'Retries': 0, 'Restarts': 0, 'SiteHistory': ['Unknown'], 'ResidentSetSize': [0], 'SubmitTimes': [1743122016.0], 'StartTimes': [], 'EndTimes': [], 'TotalUserCpuTimeHistory': [0.0], 'TotalSysCpuTimeHistory': [0.0], 'WallDurations': [0], 'JobIds': ['119288903.0'], 'State': 'idle', 'RecordedSite': False}, '212': {'Retries': 0, 'Restarts': 0, 'SiteHistory': ['Unknown'], 'ResidentSetSize': [0], 'SubmitTimes': [1743122016.0], 'StartTimes': [], 'EndTimes': [], 'TotalUserCpuTimeHistory': [0.0], 'TotalSysCpuTimeHistory': [0.0], 'WallDurations': [0], 'JobIds': ['119288904.0'], 'State': 'idle', 'RecordedSite': False}, '213': {'Retries': 0, 'Restarts': 0, 'SiteHistory': ['Unknown'], 'ResidentSetSize': [0], 'SubmitTimes': [1743122016.0], 'StartTimes': [], 'EndTimes': [], 'TotalUserCpuTimeHistory': [0.0], 'TotalSysCpuTimeHistory': [0.0], 'WallDurations': [0], 'JobIds': ['119288905.0'], 'State': 'idle', 'RecordedSite': False}, '214': {'Retries': 0, 'Restarts': 0, 'SiteHistory': ['Unknown'], 'ResidentSetSize': [0], 'SubmitTimes': [1743122021.0], 'StartTimes': [], 'EndTimes': [], 'TotalUserCpuTimeHistory': [0.0], 'TotalSysCpuTimeHistory': [0.0], 'WallDurations': [0], 'JobIds': ['119288906.0'], 'State': 'idle', 'RecordedSite': False}, '207': {'Retries': 0, 'Restarts': 0, 'SiteHistory': ['Unknown'], 'ResidentSetSize': [0], 'SubmitTimes': [1743122021.0], 'StartTimes': [], 'EndTimes': [], 'TotalUserCpuTimeHistory': [0.0], 'TotalSysCpuTimeHistory': [0.0], 'WallDurations': [0], 'JobIds': ['119288907.0'], 'State': 'idle', 'RecordedSite': False}, '210': {'Retries': 0, 'Restarts': 0, 'SiteHistory': ['Unknown'], 'ResidentSetSize': [0], 'SubmitTimes': [1743122021.0], 'StartTimes': [], 'EndTimes': [], 'TotalUserCpuTimeHistory': [0.0], 'TotalSysCpuTimeHistory': [0.0], 'WallDurations': [0], 'JobIds': ['119288908.0'], 'State': 'idle', 'RecordedSite': False}, '215': {'Retries': 0, 'Restarts': 0, 'SiteHistory': ['Unknown'], 'ResidentSetSize': [0], 'SubmitTimes': [1743122021.0], 'StartTimes': [], 'EndTimes': [], 'TotalUserCpuTimeHistory': [0.0], 'TotalSysCpuTimeHistory': [0.0], 'WallDurations': [0], 'JobIds': ['119288909.0'], 'State': 'idle', 'RecordedSite': False}, '41': {'Retries': 0, 'Restarts': 0, 'SiteHistory': ['Unknown'], 'ResidentSetSize': [0], 'SubmitTimes': [1743122021.0], 'StartTimes': [], 'EndTimes': [], 'TotalUserCpuTimeHistory': [0.0], 'TotalSysCpuTimeHistory': [0.0], 'WallDurations': [0], 'JobIds': ['119288910.0'], 'State': 'idle', 'RecordedSite': False}, '182': {'Retries': 0, 'Restarts': 0, 'SiteHistory': ['Unknown'], 'ResidentSetSize': [0], 'SubmitTimes': [1743122021.0], 'StartTimes': [], 'EndTimes': [], 'TotalUserCpuTimeHistory': [0.0], 'TotalSysCpuTimeHistory': [0.0], 'WallDurations': [0], 'JobIds': ['119288911.0'], 'State': 'idle', 'RecordedSite': False}}
INFO 2025-03-28 02:36:09.349 UTC: 	 Status on the scheduler:	SUBMITTED
INFO 2025-03-28 02:36:09.350 UTC: 	 
Jobs status:                    idle         		100.0% (215/215)
INFO 2025-03-28 02:36:09.350 UTC: 	 
No publication information available yet
INFO 2025-03-28 02:36:09.359 UTC: 	 Log file is /afs/cern.ch/user/a/amalhotr/CMSSW_14_0_18_patch1/src/Run3ScoutingAnalysisTools/crab_projects/crab_DYto2Mu4Jets_Vertexer_100_EventAwareLumiBased/crab.log
DEBUG 2025-03-29 03:07:32.615 UTC: 	 CRAB Client version: v3.250318
DEBUG 2025-03-29 03:07:32.616 UTC: 	 Running on: Linux lxplus940.cern.ch 5.14.0-503.22.1.el9_5.x86_64 #1 SMP PREEMPT_DYNAMIC Wed Jan 15 08:02:15 EST 2025 x86_64 x86_64 x86_64 GNU/Linux
DEBUG 2025-03-29 03:07:32.616 UTC: 	 Not using Singularity
DEBUG 2025-03-29 03:07:32.616 UTC: 	 Operating System: Red Hat Enterprise Linux 9.5 (Plow)
DEBUG 2025-03-29 03:07:32.616 UTC: 	 Executing command: 'status'
DEBUG 2025-03-29 03:07:32.616 UTC: 	 Found CRAB cache file /afs/cern.ch/user/a/amalhotr/.crab3
DEBUG 2025-03-29 03:07:32.688 UTC: 	 Checking credentials
DEBUG 2025-03-29 03:07:32.688 UTC: 	 Found proxy file /tmp/x509up_u180451
DEBUG 2025-03-29 03:07:32.688 UTC: 	 Making sure it has proper VOMS extension
DEBUG 2025-03-29 03:07:32.688 UTC: 	 Executing command :
 voms-proxy-info --vo --file /tmp/x509up_u180451
DEBUG 2025-03-29 03:07:33.167 UTC: 	 output : cms

 error: 
 retcode : 0
DEBUG 2025-03-29 03:07:33.167 UTC: 	 Getting proxy life time left
DEBUG 2025-03-29 03:07:33.167 UTC: 	 Executing command :
 voms-proxy-info --actimeleft --timeleft --file /tmp/x509up_u180451
DEBUG 2025-03-29 03:07:33.493 UTC: 	 output : 594221
594221

 error: 
 retcode : 0
DEBUG 2025-03-29 03:07:33.493 UTC: 	 Proxy valid for 165:03:41 hours
DEBUG 2025-03-29 03:07:33.494 UTC: 	 Encoded data for curl request: subresource=delegatedn
DEBUG 2025-03-29 03:07:33.543 UTC: 	 Registering user credentials on myproxy for /DC=ch/DC=cern/OU=computers/CN=crab-(preprod|prod)-tw(01|02).cern.ch|/DC=ch/DC=cern/OU=computers/CN=crab-dev-tw(01|02|03|04).cern.ch|/DC=ch/DC=cern/OU=Organic Units/OU=Users/CN=cmscrab/CN=(817881|373708)/CN=Robot: cms crab|/DC=ch/DC=cern/OU=Organic Units/OU=Users/CN=crabint1/CN=373708/CN=Robot: CMS CRAB Integration 1
DEBUG 2025-03-29 03:07:33.544 UTC: 	 Executing command :
 voms-proxy-info --identity --file /tmp/x509up_u180451
DEBUG 2025-03-29 03:07:33.928 UTC: 	 output : /DC=ch/DC=cern/OU=Organic Units/OU=Users/CN=amalhotr/CN=884837/CN=Aryan Malhotra

 error: 
 retcode : 0
DEBUG 2025-03-29 03:07:33.928 UTC: 	 Getting myproxy life time left for 2382a3cf28fdeacb1de9b039908761ea517a5ed6
DEBUG 2025-03-29 03:07:33.928 UTC: 	 Executing command :
 myproxy-info -s myproxy.cern.ch -l 2382a3cf28fdeacb1de9b039908761ea517a5ed6
DEBUG 2025-03-29 03:07:34.249 UTC: 	 output : username: 2382a3cf28fdeacb1de9b039908761ea517a5ed6
owner: /DC=ch/DC=cern/OU=Organic Units/OU=Users/CN=amalhotr/CN=884837/CN=Aryan Malhotra
  renewal policy: /DC=ch/DC=cern/OU=computers/CN=crab-(preprod|prod)-tw(01|02).cern.ch|/DC=ch/DC=cern/OU=computers/CN=crab-dev-tw(01|02|03|04).cern.ch|/DC=ch/DC=cern/OU=Organic Units/OU=Users/CN=cmscrab/CN=(817881|373708)/CN=Robot: cms crab|/DC=ch/DC=cern/OU=Organic Units/OU=Users/CN=crabint1/CN=373708/CN=Robot: CMS CRAB Integration 1
  trusted retrieval policy: /DC=ch/DC=cern/OU=computers/CN=crab-(preprod|prod)-tw(01|02).cern.ch|/DC=ch/DC=cern/OU=computers/CN=crab-dev-tw(01|02|03|04).cern.ch|/DC=ch/DC=cern/OU=Organic Units/OU=Users/CN=cmscrab/CN=(817881|373708)/CN=Robot: cms crab|/DC=ch/DC=cern/OU=Organic Units/OU=Users/CN=crabint1/CN=373708/CN=Robot: CMS CRAB Integration 1
  timeleft: 481:12:44  (20.1 days)

 error: 
 retcode : 0
DEBUG 2025-03-29 03:07:34.249 UTC: 	 Myproxy is valid: 1732320
DEBUG 2025-03-29 03:07:34.249 UTC: 	 Result of myproxy credential check:
  Credential exists on myproxy: username: 2382a3cf28fdeacb1de9b039908761ea517a5ed6  - validity: 20 days, 1:12:00
DEBUG 2025-03-29 03:07:34.249 UTC: 	 Retrieving username ...
DEBUG 2025-03-29 03:07:34.249 UTC: 	 Retrieving username from CRIC...
DEBUG 2025-03-29 03:07:34.920 UTC: 	 username is amalhotr
INFO 2025-03-29 03:07:35.905 UTC: 	 Rucio client intialized for account amalhotr
DEBUG 2025-03-29 03:07:35.905 UTC: 	 Command use: status
DEBUG 2025-03-29 03:07:35.905 UTC: 	 Options use: ['-d', 'crab_projects/crab_DYto2Mu4Jets_Vertexer_100_EventAwareLumiBased']
DEBUG 2025-03-29 03:07:35.905 UTC: 	 Encoded data for curl request: subresource=version
DEBUG 2025-03-29 03:07:36.036 UTC: 	 CRABClient version: v3.250318
DEBUG 2025-03-29 03:07:36.036 UTC: 	 Instance is prod
DEBUG 2025-03-29 03:07:36.036 UTC: 	 Server base url is cmsweb.cern.ch
DEBUG 2025-03-29 03:07:36.036 UTC: 	 Command api workflow
DEBUG 2025-03-29 03:07:36.037 UTC: 	 Encoded data for curl request: subresource=search&workflow=250328_003104%3Aamalhotr_crab_DYto2Mu4Jets_Vertexer_100_EventAwareLumiBased
DEBUG 2025-03-29 03:07:36.099 UTC: 	 Got information from server oracle database: {'desc': {'columns': ['tm_taskname', 'tm_activity', 'tm_task_status', 'tm_task_command', 'tm_start_time', 'tm_start_injection', 'tm_end_injection', 'tm_task_failure', 'tm_job_sw', 'tm_job_arch', 'tm_input_dataset', 'tm_nonvalid_input_dataset', 'tm_use_parent', 'tm_site_whitelist', 'tm_site_blacklist', 'tm_split_algo', 'tm_split_args', 'tm_user_sandbox', 'tm_cache_url', 'tm_username', 'tm_user_dn', 'tm_user_vo', 'tm_user_role', 'tm_user_group', 'tm_publish_name', 'tm_publish_groupname', 'tm_asyncdest', 'tm_dbs_url', 'tm_publish_dbs_url', 'tm_publication', 'tm_outfiles', 'tm_tfile_outfiles', 'tm_edm_outfiles', 'tm_job_type', 'tm_generator', 'tm_events_per_lumi', 'tm_arguments', 'tm_save_logs', 'tw_name', 'tm_user_infiles', 'tm_maxjobruntime', 'tm_numcores', 'tm_maxmemory', 'tm_priority', 'tm_output_dataset', 'tm_task_warnings', 'tm_user_webdir', 'tm_scriptexe', 'tm_scriptargs', 'tm_extrajdl', 'tm_collector', 'tm_schedd', 'tm_dry_run', 'tm_user_files', 'tm_transfer_outputs', 'tm_output_lfn', 'tm_ignore_locality', 'tm_fail_limit', 'tm_one_event_mode', 'tm_secondary_input_dataset', 'tm_primary_dataset', 'tm_last_publication', 'tm_debug_files', 'clusterid', 'tm_ignore_global_blacklist', 'tm_submitter_ip_addr', 'tm_totalunits', 'tm_ddm_reqid', 'tm_user_config', 'tm_transfer_container', 'tm_transfer_rule', 'tm_publish_rule', 'tm_multipub_rule', 'tm_job_min_microarch', 'tm_dagman_status', 'tm_num_jobs', 'tm_uploaded']}, 'result': ['250328_003104:amalhotr_crab_DYto2Mu4Jets_Vertexer_100_EventAwareLumiBased', 'None', 'SUBMITTED', 'SUBMIT', '2025-03-28 00:31:04.613630', 'None', '2025-03-28 00:32:18.624032', 'None', 'CMSSW_14_0_18_patch1', 'el9_amd64_gcc12', '/DYto2Mu-4Jets_Bin-MLL-50_TuneCP5_13p6TeV_madgraphMLM-pythia8/amalhotr-DYto2Mu4Jets_Unpacker_100-49feb6938084587a06052f9676570a55/USER', 'F', '0', '[]', '[]', 'EventAwareLumiBased', "{'halt_job_on_file_boundaries': False, 'splitOnRun': False, 'events_per_job': 20000, 'runs': [], 'lumis': []}", 'c69e9220b4b67efce6c3d4ab97902bd8138835f4ff2c08c8112469e7d0015c74.tar.gz', 'https://cmsweb.cern.ch/S3/crabcache_prod', 'amalhotr', '/DC=ch/DC=cern/OU=Organic Units/OU=Users/CN=amalhotr/CN=884837/CN=Aryan Malhotra', 'cms', 'None', 'None', 'DYto2Mu4Jets_Vertexer_100_EventAwareLumiBased-00000000000000000000000000000000', 'F', 'T2_BR_SPRACE', 'https://cmsweb.cern.ch/dbs/prod/phys03/DBSReader', 'https://cmsweb.cern.ch/dbs/prod/phys03/DBSWriter', 'T', '[]', '[]', "['DY2M_VertexerOutput.root']", 'Analysis', 'pythia', 'None', '{}', 'T', 'crab-prod-tw01', '[]', '1250', '1', '2500', '10', "['/DYto2Mu-4Jets_Bin-MLL-50_TuneCP5_13p6TeV_madgraphMLM-pythia8/amalhotr-DYto2Mu4Jets_Vertexer_100_EventAwareLumiBased-8eb043b42a967140b9dd5cab43cfc767/USER']", '[]', 'http://vocms0121.cern.ch/mon/amalhotr/250328_003104:amalhotr_crab_DYto2Mu4Jets_Vertexer_100_EventAwareLumiBased', 'None', '[]', '[]', 'cmsgwms-collector-global.cern.ch:9620,cmsgwms-collector-global.fnal.gov:9620', 'crab3@vocms0121.cern.ch', 'F', '[]', 'T', '/store/user/amalhotr/', 'F', 'None', 'F', 'None', 'DYto2Mu-4Jets_Bin-MLL-50_TuneCP5_13p6TeV_madgraphMLM-pythia8', 'None', 'b7cb14b167fdb5609303f2e6d1589841b8e7db6c3bc8062164a35e4266da1a8d.tar.gz', '119288685', 'F', '188.184.73.32', '0.0', 'None', '{"partialdataset": false, "requireaccelerator": false, "acceleratorparams": null, "inputblocks": null}', 'None', 'None', 'None', 'None', 'any', 'NOT_READY', '0', 'F']}
INFO 2025-03-29 03:07:36.099 UTC: 	 CRAB project directory:		/afs/cern.ch/user/a/amalhotr/CMSSW_14_0_18_patch1/src/Run3ScoutingAnalysisTools/crab_projects/crab_DYto2Mu4Jets_Vertexer_100_EventAwareLumiBased
INFO 2025-03-29 03:07:36.100 UTC: 	 Task name:			250328_003104:amalhotr_crab_DYto2Mu4Jets_Vertexer_100_EventAwareLumiBased
INFO 2025-03-29 03:07:36.100 UTC: 	 Grid scheduler - Task Worker:	crab3@vocms0121.cern.ch - crab-prod-tw01
INFO 2025-03-29 03:07:36.100 UTC: 	 Status on the CRAB server:	SUBMITTED
INFO 2025-03-29 03:07:36.100 UTC: 	 Task URL to use for HELP:	https://cmsweb.cern.ch/crabserver/ui/task/250328_003104%3Aamalhotr_crab_DYto2Mu4Jets_Vertexer_100_EventAwareLumiBased
INFO 2025-03-29 03:07:36.106 UTC: 	 Dashboard monitoring URL:	https://monit-grafana.cern.ch/d/cmsTMDetail/cms-task-monitoring-task-view?orgId=11&var-user=amalhotr&var-task=250328_003104%3Aamalhotr_crab_DYto2Mu4Jets_Vertexer_100_EventAwareLumiBased&from=1743118264000&to=now
DEBUG 2025-03-29 03:07:36.107 UTC: 	 The CRAB server submitted your task to the Grid scheduler (cluster ID: 119288685)
DEBUG 2025-03-29 03:07:36.107 UTC: 	 Webdir is located at http://vocms0121.cern.ch/mon/amalhotr/250328_003104:amalhotr_crab_DYto2Mu4Jets_Vertexer_100_EventAwareLumiBased
DEBUG 2025-03-29 03:07:36.107 UTC: 	 Encoded data for curl request: subresource=webdirprx&workflow=250328_003104%3Aamalhotr_crab_DYto2Mu4Jets_Vertexer_100_EventAwareLumiBased
DEBUG 2025-03-29 03:07:36.150 UTC: 	 Proxied webdir is located at https://cmsweb.cern.ch:8443/scheddmon/0121/amalhotr/250328_003104:amalhotr_crab_DYto2Mu4Jets_Vertexer_100_EventAwareLumiBased
DEBUG 2025-03-29 03:07:36.150 UTC: 	 Retrieving 'status_cache' file from https://cmsweb.cern.ch:8443/scheddmon/0121/amalhotr/250328_003104:amalhotr_crab_DYto2Mu4Jets_Vertexer_100_EventAwareLumiBased/status_cache.pkl
DEBUG 2025-03-29 03:07:36.150 UTC: 	 Will execute:
curl -sS --capath /etc/grid-security/certificates --cert /tmp/x509up_u180451 --key /tmp/x509up_u180451 -o /tmp/crab_status-cache-zlmuujli.pkl -w %"{http_code}" "https://cmsweb.cern.ch:8443/scheddmon/0121/amalhotr/250328_003104:amalhotr_crab_DYto2Mu4Jets_Vertexer_100_EventAwareLumiBased/status_cache.pkl"
DEBUG 2025-03-29 03:07:36.151 UTC: 	 Executing command :
 curl -sS --capath /etc/grid-security/certificates --cert /tmp/x509up_u180451 --key /tmp/x509up_u180451 -o /tmp/crab_status-cache-zlmuujli.pkl -w %"{http_code}" "https://cmsweb.cern.ch:8443/scheddmon/0121/amalhotr/250328_003104:amalhotr_crab_DYto2Mu4Jets_Vertexer_100_EventAwareLumiBased/status_cache.pkl"
DEBUG 2025-03-29 03:07:36.194 UTC: 	 output : 200
 error: 
 retcode : 0
DEBUG 2025-03-29 03:07:36.194 UTC: 	 exitcode: 0
stdout: 200
stderr: 
error details: 
DEBUG 2025-03-29 03:07:36.197 UTC: 	 Got information from status cache file: {'13': {'Retries': 0, 'Restarts': 0, 'SiteHistory': ['Unknown', 'T2_BR_SPRACE', 'T2_BR_SPRACE'], 'ResidentSetSize': [1614892], 'SubmitTimes': [1743122002.0], 'StartTimes': [1743152624.0], 'EndTimes': [1743183603.0], 'TotalUserCpuTimeHistory': [21884], 'TotalSysCpuTimeHistory': [45], 'WallDurations': [10.0, 61.642844438552856, 30979.0], 'JobIds': ['119288695.0'], 'State': 'finished', 'RecordedSite': True}, '7': {'Retries': 0, 'Restarts': 0, 'SiteHistory': ['Unknown', 'T2_BR_SPRACE', 'T2_BR_SPRACE'], 'ResidentSetSize': [1626300], 'SubmitTimes': [1743122002.0], 'StartTimes': [1743152621.0], 'EndTimes': [1743184249.0], 'TotalUserCpuTimeHistory': [22269], 'TotalSysCpuTimeHistory': [57], 'WallDurations': [8.0, 64.64284443855286, 31628.0], 'JobIds': ['119288696.0'], 'State': 'finished', 'RecordedSite': True}, '9': {'Retries': 0, 'Restarts': 0, 'SiteHistory': ['Unknown', 'T2_BR_SPRACE', 'T2_BR_SPRACE'], 'ResidentSetSize': [1642672], 'SubmitTimes': [1743122002.0], 'StartTimes': [1743152620.0], 'EndTimes': [1743180806.0], 'TotalUserCpuTimeHistory': [21551], 'TotalSysCpuTimeHistory': [62], 'WallDurations': [10.0, 65.64284443855286, 28186.0], 'JobIds': ['119288697.0'], 'State': 'finished', 'RecordedSite': True}, '8': {'Retries': 0, 'Restarts': 0, 'SiteHistory': ['Unknown', 'T2_BR_SPRACE', 'T2_BR_SPRACE'], 'ResidentSetSize': [1558972], 'SubmitTimes': [1743122002.0], 'StartTimes': [1743152631.0], 'EndTimes': [1743179465.0], 'TotalUserCpuTimeHistory': [21298], 'TotalSysCpuTimeHistory': [101], 'WallDurations': [8.0, 54.642844438552856, 26834.0], 'JobIds': ['119288698.0'], 'State': 'finished', 'RecordedSite': True}, '4': {'Retries': 0, 'Restarts': 0, 'SiteHistory': ['Unknown', 'T2_BR_SPRACE', 'T2_BR_SPRACE'], 'ResidentSetSize': [1623560], 'SubmitTimes': [1743122002.0], 'StartTimes': [1743160675.0], 'EndTimes': [1743189010.0], 'TotalUserCpuTimeHistory': [21856], 'TotalSysCpuTimeHistory': [87], 'WallDurations': [9.0, 115.58671689033508, 28335.0], 'JobIds': ['119288699.0'], 'State': 'finished', 'RecordedSite': True}, '20': {'Retries': 0, 'Restarts': 0, 'SiteHistory': ['Unknown', 'T2_BR_SPRACE', 'T2_BR_SPRACE'], 'ResidentSetSize': [1594444], 'SubmitTimes': [1743122002.0], 'StartTimes': [1743152627.0], 'EndTimes': [1743181566.0], 'TotalUserCpuTimeHistory': [21218], 'TotalSysCpuTimeHistory': [162], 'WallDurations': [9.0, 58.642844438552856, 28939.0], 'JobIds': ['119288700.0'], 'State': 'finished', 'RecordedSite': True}, '10': {'Retries': 0, 'Restarts': 0, 'SiteHistory': ['Unknown', 'T2_BR_SPRACE', 'T2_BR_SPRACE'], 'ResidentSetSize': [1633020], 'SubmitTimes': [1743122002.0], 'StartTimes': [1743152627.0], 'EndTimes': [1743182662.0], 'TotalUserCpuTimeHistory': [21978], 'TotalSysCpuTimeHistory': [132], 'WallDurations': [8.0, 58.642844438552856, 30035.0], 'JobIds': ['119288701.0'], 'State': 'finished', 'RecordedSite': True}, '14': {'Retries': 0, 'Restarts': 0, 'SiteHistory': ['Unknown', 'T2_BR_SPRACE', 'T2_BR_SPRACE'], 'ResidentSetSize': [1574340], 'SubmitTimes': [1743122002.0], 'StartTimes': [1743152620.0], 'EndTimes': [1743180436.0], 'TotalUserCpuTimeHistory': [20861], 'TotalSysCpuTimeHistory': [136], 'WallDurations': [10.0, 65.64284443855286, 27816.0], 'JobIds': ['119288702.0'], 'State': 'finished', 'RecordedSite': True}, '18': {'Retries': 0, 'Restarts': 0, 'SiteHistory': ['Unknown', 'T2_BR_SPRACE', 'T2_BR_SPRACE'], 'ResidentSetSize': [1548744], 'SubmitTimes': [1743122002.0], 'StartTimes': [1743152624.0], 'EndTimes': [1743179635.0], 'TotalUserCpuTimeHistory': [21663], 'TotalSysCpuTimeHistory': [45], 'WallDurations': [9.0, 61.642844438552856, 27011.0], 'JobIds': ['119288703.0'], 'State': 'finished', 'RecordedSite': True}, '6': {'Retries': 0, 'Restarts': 0, 'SiteHistory': ['Unknown', 'T2_BR_SPRACE', 'T2_BR_SPRACE'], 'ResidentSetSize': [1642276], 'SubmitTimes': [1743122002.0], 'StartTimes': [1743152621.0], 'EndTimes': [1743183332.0], 'TotalUserCpuTimeHistory': [21840], 'TotalSysCpuTimeHistory': [45], 'WallDurations': [9.0, 64.64284443855286, 30711.0], 'JobIds': ['119288704.0'], 'State': 'finished', 'RecordedSite': True}, '11': {'Retries': 0, 'Restarts': 0, 'SiteHistory': ['Unknown', 'T2_BR_SPRACE', 'T2_BR_SPRACE'], 'ResidentSetSize': [1618840], 'SubmitTimes': [1743122002.0], 'StartTimes': [1743152620.0], 'EndTimes': [1743184112.0], 'TotalUserCpuTimeHistory': [22481], 'TotalSysCpuTimeHistory': [88], 'WallDurations': [9.0, 65.64284443855286, 31492.0], 'JobIds': ['119288705.0'], 'State': 'finished', 'RecordedSite': True}, '3': {'Retries': 0, 'Restarts': 0, 'SiteHistory': ['Unknown', 'T2_BR_SPRACE', 'T2_BR_SPRACE'], 'ResidentSetSize': [2059656], 'SubmitTimes': [1743122002.0], 'StartTimes': [1743160674.0], 'EndTimes': [1743189012.0], 'TotalUserCpuTimeHistory': [22166], 'TotalSysCpuTimeHistory': [51], 'WallDurations': [9.0, 116.58671689033508, 28338.0], 'JobIds': ['119288706.0'], 'State': 'finished', 'RecordedSite': True}, '2': {'Retries': 0, 'Restarts': 0, 'SiteHistory': ['Unknown', 'T2_BR_SPRACE', 'T2_BR_SPRACE'], 'ResidentSetSize': [1601828], 'SubmitTimes': [1743122002.0], 'StartTimes': [1743160675.0], 'EndTimes': [1743186453.0], 'TotalUserCpuTimeHistory': [23365], 'TotalSysCpuTimeHistory': [31], 'WallDurations': [8.0, 115.58671689033508, 25778.0], 'JobIds': ['119288707.0'], 'State': 'finished', 'RecordedSite': True}, '16': {'Retries': 0, 'Restarts': 0, 'SiteHistory': ['Unknown', 'T2_BR_SPRACE', 'T2_BR_SPRACE'], 'ResidentSetSize': [1556232], 'SubmitTimes': [1743122002.0], 'StartTimes': [1743152622.0], 'EndTimes': [1743179369.0], 'TotalUserCpuTimeHistory': [21815], 'TotalSysCpuTimeHistory': [63], 'WallDurations': [9.0, 63.642844438552856, 26747.0], 'JobIds': ['119288708.0'], 'State': 'finished', 'RecordedSite': True}, '12': {'Retries': 0, 'Restarts': 0, 'SiteHistory': ['Unknown', 'T2_BR_SPRACE', 'T2_BR_SPRACE'], 'ResidentSetSize': [1632292], 'SubmitTimes': [1743122002.0], 'StartTimes': [1743152621.0], 'EndTimes': [1743181603.0], 'TotalUserCpuTimeHistory': [21985], 'TotalSysCpuTimeHistory': [60], 'WallDurations': [9.0, 64.64284443855286, 28982.0], 'JobIds': ['119288709.0'], 'State': 'finished', 'RecordedSite': True}, '19': {'Retries': 0, 'Restarts': 0, 'SiteHistory': ['Unknown', 'T2_BR_SPRACE', 'T2_BR_SPRACE'], 'ResidentSetSize': [1498876], 'SubmitTimes': [1743122002.0], 'StartTimes': [1743152620.0], 'EndTimes': [1743181132.0], 'TotalUserCpuTimeHistory': [21439], 'TotalSysCpuTimeHistory': [85], 'WallDurations': [9.0, 65.64284443855286, 28512.0], 'JobIds': ['119288710.0'], 'State': 'finished', 'RecordedSite': True}, '1': {'Retries': 0, 'Restarts': 0, 'SiteHistory': ['Unknown', 'T2_BR_SPRACE', 'T2_BR_SPRACE'], 'ResidentSetSize': [1622388], 'SubmitTimes': [1743122002.0], 'StartTimes': [1743160675.0], 'EndTimes': [1743193278.0], 'TotalUserCpuTimeHistory': [29442], 'TotalSysCpuTimeHistory': [34], 'WallDurations': [8.0, 115.58671689033508, 32603.0], 'JobIds': ['119288711.0'], 'State': 'finished', 'RecordedSite': True}, '17': {'Retries': 0, 'Restarts': 0, 'SiteHistory': ['Unknown', 'T2_BR_SPRACE', 'T2_BR_SPRACE'], 'ResidentSetSize': [1561388], 'SubmitTimes': [1743122002.0], 'StartTimes': [1743152627.0], 'EndTimes': [1743180908.0], 'TotalUserCpuTimeHistory': [21431], 'TotalSysCpuTimeHistory': [80], 'WallDurations': [8.0, 58.642844438552856, 28281.0], 'JobIds': ['119288712.0'], 'State': 'finished', 'RecordedSite': True}, '5': {'Retries': 0, 'Restarts': 0, 'SiteHistory': ['Unknown', 'T2_BR_SPRACE', 'T2_BR_SPRACE'], 'ResidentSetSize': [1625148], 'SubmitTimes': [1743122002.0], 'StartTimes': [1743160675.0], 'EndTimes': [1743186823.0], 'TotalUserCpuTimeHistory': [24002], 'TotalSysCpuTimeHistory': [23], 'WallDurations': [9.0, 115.58671689033508, 26148.0], 'JobIds': ['119288713.0'], 'State': 'finished', 'RecordedSite': True}, '15': {'Retries': 0, 'Restarts': 0, 'SiteHistory': ['Unknown', 'T2_BR_SPRACE', 'T2_BR_SPRACE'], 'ResidentSetSize': [1573960], 'SubmitTimes': [1743122002.0], 'StartTimes': [1743152623.0], 'EndTimes': [1743178164.0], 'TotalUserCpuTimeHistory': [20617], 'TotalSysCpuTimeHistory': [55], 'WallDurations': [9.0, 62.642844438552856, 25541.0], 'JobIds': ['119288714.0'], 'State': 'finished', 'RecordedSite': True}, '24': {'Retries': 0, 'Restarts': 0, 'SiteHistory': ['Unknown', 'T2_BR_SPRACE', 'T2_BR_SPRACE'], 'ResidentSetSize': [1588464], 'SubmitTimes': [1743122007.0], 'StartTimes': [1743152624.0], 'EndTimes': [1743182991.0], 'TotalUserCpuTimeHistory': [21541], 'TotalSysCpuTimeHistory': [57], 'WallDurations': [8.0, 61.642844438552856, 30367.0], 'JobIds': ['119288717.0'], 'State': 'finished', 'RecordedSite': True}, '21': {'Retries': 0, 'Restarts': 0, 'SiteHistory': ['Unknown', 'T2_BR_SPRACE', 'T2_BR_SPRACE'], 'ResidentSetSize': [1597896], 'SubmitTimes': [1743122007.0], 'StartTimes': [1743152622.0], 'EndTimes': [1743181671.0], 'TotalUserCpuTimeHistory': [21825], 'TotalSysCpuTimeHistory': [79], 'WallDurations': [8.0, 63.642844438552856, 29049.0], 'JobIds': ['119288718.0'], 'State': 'finished', 'RecordedSite': True}, '22': {'Retries': 0, 'Restarts': 0, 'SiteHistory': ['Unknown', 'T2_BR_SPRACE', 'T2_BR_SPRACE'], 'ResidentSetSize': [1580916], 'SubmitTimes': [1743122007.0], 'StartTimes': [1743152623.0], 'EndTimes': [1743183498.0], 'TotalUserCpuTimeHistory': [21685], 'TotalSysCpuTimeHistory': [83], 'WallDurations': [9.0, 62.642844438552856, 30875.0], 'JobIds': ['119288719.0'], 'State': 'finished', 'RecordedSite': True}, '23': {'Retries': 0, 'Restarts': 0, 'SiteHistory': ['Unknown', 'T2_BR_SPRACE', 'T2_BR_SPRACE'], 'ResidentSetSize': [1620016], 'SubmitTimes': [1743122007.0], 'StartTimes': [1743152627.0], 'EndTimes': [1743179472.0], 'TotalUserCpuTimeHistory': [21309], 'TotalSysCpuTimeHistory': [58], 'WallDurations': [9.0, 58.642844438552856, 26845.0], 'JobIds': ['119288720.0'], 'State': 'finished', 'RecordedSite': True}, '25': {'Retries': 0, 'Restarts': 0, 'SiteHistory': ['Unknown', 'T2_BR_SPRACE', 'T2_BR_SPRACE'], 'ResidentSetSize': [1599940], 'SubmitTimes': [1743122007.0], 'StartTimes': [1743152622.0], 'EndTimes': [1743181666.0], 'TotalUserCpuTimeHistory': [21942], 'TotalSysCpuTimeHistory': [52], 'WallDurations': [8.0, 63.642844438552856, 29044.0], 'JobIds': ['119288721.0'], 'State': 'finished', 'RecordedSite': True}, '26': {'Retries': 0, 'Restarts': 0, 'SiteHistory': ['Unknown', 'T2_BR_SPRACE', 'T2_BR_SPRACE'], 'ResidentSetSize': [1594144], 'SubmitTimes': [1743122007.0], 'StartTimes': [1743152624.0], 'EndTimes': [1743180844.0], 'TotalUserCpuTimeHistory': [21471], 'TotalSysCpuTimeHistory': [60], 'WallDurations': [10.0, 61.642844438552856, 28220.0], 'JobIds': ['119288722.0'], 'State': 'finished', 'RecordedSite': True}, '27': {'Retries': 0, 'Restarts': 0, 'SiteHistory': ['Unknown', 'T2_BR_SPRACE', 'T2_BR_SPRACE'], 'ResidentSetSize': [1587892], 'SubmitTimes': [1743122007.0], 'StartTimes': [1743152624.0], 'EndTimes': [1743180981.0], 'TotalUserCpuTimeHistory': [21346], 'TotalSysCpuTimeHistory': [74], 'WallDurations': [10.0, 61.642844438552856, 28357.0], 'JobIds': ['119288723.0'], 'State': 'finished', 'RecordedSite': True}, '28': {'Retries': 0, 'Restarts': 0, 'SiteHistory': ['Unknown', 'T2_BR_SPRACE', 'T2_BR_SPRACE'], 'ResidentSetSize': [1581492], 'SubmitTimes': [1743122007.0], 'StartTimes': [1743152625.0], 'EndTimes': [1743179963.0], 'TotalUserCpuTimeHistory': [22187], 'TotalSysCpuTimeHistory': [90], 'WallDurations': [8.0, 60.642844438552856, 27338.0], 'JobIds': ['119288724.0'], 'State': 'finished', 'RecordedSite': True}, '29': {'Retries': 0, 'Restarts': 0, 'SiteHistory': ['Unknown', 'T2_BR_SPRACE', 'T2_BR_SPRACE'], 'ResidentSetSize': [1607216], 'SubmitTimes': [1743122007.0], 'StartTimes': [1743152624.0], 'EndTimes': [1743182667.0], 'TotalUserCpuTimeHistory': [21276], 'TotalSysCpuTimeHistory': [92], 'WallDurations': [10.0, 61.642844438552856, 30043.0], 'JobIds': ['119288725.0'], 'State': 'finished', 'RecordedSite': True}, '30': {'Retries': 0, 'Restarts': 0, 'SiteHistory': ['Unknown', 'T2_BR_SPRACE', 'T2_BR_SPRACE'], 'ResidentSetSize': [1581624], 'SubmitTimes': [1743122007.0], 'StartTimes': [1743152872.0], 'EndTimes': [1743181242.0], 'TotalUserCpuTimeHistory': [21037], 'TotalSysCpuTimeHistory': [110], 'WallDurations': [8.0, 113.76586365699768, 28370.0], 'JobIds': ['119288726.0'], 'State': 'finished', 'RecordedSite': True}, '31': {'Retries': 0, 'Restarts': 0, 'SiteHistory': ['Unknown', 'T2_BR_SPRACE', 'T2_BR_SPRACE'], 'ResidentSetSize': [1574456], 'SubmitTimes': [1743122007.0], 'StartTimes': [1743152871.0], 'EndTimes': [1743182133.0], 'TotalUserCpuTimeHistory': [21527], 'TotalSysCpuTimeHistory': [161], 'WallDurations': [9.0, 114.76586365699768, 29262.0], 'JobIds': ['119288727.0'], 'State': 'finished', 'RecordedSite': True}, '32': {'Retries': 0, 'Restarts': 0, 'SiteHistory': ['Unknown', 'T2_BR_SPRACE', 'T2_BR_SPRACE'], 'ResidentSetSize': [1572272], 'SubmitTimes': [1743122007.0], 'StartTimes': [1743152879.0], 'EndTimes': [1743182609.0], 'TotalUserCpuTimeHistory': [21227], 'TotalSysCpuTimeHistory': [65], 'WallDurations': [10.0, 106.76586365699768, 29730.0], 'JobIds': ['119288728.0'], 'State': 'finished', 'RecordedSite': True}, '33': {'Retries': 0, 'Restarts': 0, 'SiteHistory': ['Unknown', 'T2_BR_SPRACE', 'T2_BR_SPRACE'], 'ResidentSetSize': [1581512], 'SubmitTimes': [1743122007.0], 'StartTimes': [1743152873.0], 'EndTimes': [1743180305.0], 'TotalUserCpuTimeHistory': [21014], 'TotalSysCpuTimeHistory': [43], 'WallDurations': [8.0, 112.76586365699768, 27432.0], 'JobIds': ['119288729.0'], 'State': 'finished', 'RecordedSite': True}, '34': {'Retries': 0, 'Restarts': 0, 'SiteHistory': ['Unknown', 'T2_BR_SPRACE', 'T2_BR_SPRACE'], 'ResidentSetSize': [1607188], 'SubmitTimes': [1743122007.0], 'StartTimes': [1743152872.0], 'EndTimes': [1743179187.0], 'TotalUserCpuTimeHistory': [20998], 'TotalSysCpuTimeHistory': [60], 'WallDurations': [8.0, 113.76586365699768, 26315.0], 'JobIds': ['119288730.0'], 'State': 'finished', 'RecordedSite': True}, '35': {'Retries': 0, 'Restarts': 0, 'SiteHistory': ['Unknown', 'T2_BR_SPRACE', 'T2_BR_SPRACE'], 'ResidentSetSize': [1629452], 'SubmitTimes': [1743122007.0], 'StartTimes': [1743152873.0], 'EndTimes': [1743181592.0], 'TotalUserCpuTimeHistory': [21897], 'TotalSysCpuTimeHistory': [94], 'WallDurations': [9.0, 112.76586365699768, 28719.0], 'JobIds': ['119288731.0'], 'State': 'finished', 'RecordedSite': True}, '36': {'Retries': 0, 'Restarts': 0, 'SiteHistory': ['Unknown', 'T2_BR_SPRACE', 'T2_BR_SPRACE'], 'ResidentSetSize': [1596444], 'SubmitTimes': [1743122007.0], 'StartTimes': [1743152873.0], 'EndTimes': [1743179508.0], 'TotalUserCpuTimeHistory': [21654], 'TotalSysCpuTimeHistory': [56], 'WallDurations': [8.0, 112.76586365699768, 26635.0], 'JobIds': ['119288732.0'], 'State': 'finished', 'RecordedSite': True}, '37': {'Retries': 0, 'Restarts': 0, 'SiteHistory': ['Unknown', 'T2_BR_SPRACE', 'T2_BR_SPRACE'], 'ResidentSetSize': [1598264], 'SubmitTimes': [1743122007.0], 'StartTimes': [1743152875.0], 'EndTimes': [1743182897.0], 'TotalUserCpuTimeHistory': [22391], 'TotalSysCpuTimeHistory': [134], 'WallDurations': [8.0, 110.76586365699768, 30022.0], 'JobIds': ['119288733.0'], 'State': 'finished', 'RecordedSite': True}, '38': {'Retries': 0, 'Restarts': 0, 'SiteHistory': ['Unknown', 'T2_BR_SPRACE', 'T2_BR_SPRACE'], 'ResidentSetSize': [1626224], 'SubmitTimes': [1743122007.0], 'StartTimes': [1743152874.0], 'EndTimes': [1743179634.0], 'TotalUserCpuTimeHistory': [21468], 'TotalSysCpuTimeHistory': [68], 'WallDurations': [8.0, 111.76586365699768, 26760.0], 'JobIds': ['119288734.0'], 'State': 'finished', 'RecordedSite': True}, '39': {'Retries': 0, 'Restarts': 0, 'SiteHistory': ['Unknown', 'T2_BR_SPRACE', 'T2_BR_SPRACE'], 'ResidentSetSize': [1585672], 'SubmitTimes': [1743122007.0], 'StartTimes': [1743152875.0], 'EndTimes': [1743179742.0], 'TotalUserCpuTimeHistory': [21900], 'TotalSysCpuTimeHistory': [45], 'WallDurations': [8.0, 110.76586365699768, 26867.0], 'JobIds': ['119288735.0'], 'State': 'finished', 'RecordedSite': True}, '40': {'Retries': 0, 'Restarts': 0, 'SiteHistory': ['Unknown', 'T2_BR_SPRACE', 'T2_BR_SPRACE'], 'ResidentSetSize': [1605008], 'SubmitTimes': [1743122007.0], 'StartTimes': [1743152874.0], 'EndTimes': [1743181600.0], 'TotalUserCpuTimeHistory': [22117], 'TotalSysCpuTimeHistory': [73], 'WallDurations': [9.0, 111.76586365699768, 28726.0], 'JobIds': ['119288736.0'], 'State': 'finished', 'RecordedSite': True}, '44': {'Retries': 0, 'Restarts': 0, 'SiteHistory': ['Unknown', 'T2_BR_SPRACE', 'T2_BR_SPRACE'], 'ResidentSetSize': [1600920], 'SubmitTimes': [1743122007.0], 'StartTimes': [1743152876.0], 'EndTimes': [1743180290.0], 'TotalUserCpuTimeHistory': [22344], 'TotalSysCpuTimeHistory': [69], 'WallDurations': [9.0, 109.76586365699768, 27414.0], 'JobIds': ['119288737.0'], 'State': 'finished', 'RecordedSite': True}, '47': {'Retries': 0, 'Restarts': 0, 'SiteHistory': ['Unknown', 'T2_BR_SPRACE', 'T2_BR_SPRACE'], 'ResidentSetSize': [1626312], 'SubmitTimes': [1743122007.0], 'StartTimes': [1743153630.0], 'EndTimes': [1743184023.0], 'TotalUserCpuTimeHistory': [21619], 'TotalSysCpuTimeHistory': [55], 'WallDurations': [8.0, 256.1593391895294, 30393.0], 'JobIds': ['119288738.0'], 'State': 'finished', 'RecordedSite': True}, '50': {'Retries': 0, 'Restarts': 0, 'SiteHistory': ['Unknown', 'T2_BR_SPRACE', 'T2_BR_SPRACE'], 'ResidentSetSize': [1638116], 'SubmitTimes': [1743122007.0], 'StartTimes': [1743153626.0], 'EndTimes': [1743182324.0], 'TotalUserCpuTimeHistory': [21081], 'TotalSysCpuTimeHistory': [163], 'WallDurations': [8.0, 260.1593391895294, 28698.0], 'JobIds': ['119288739.0'], 'State': 'finished', 'RecordedSite': True}, '48': {'Retries': 0, 'Restarts': 0, 'SiteHistory': ['Unknown', 'T2_BR_SPRACE', 'T2_BR_SPRACE'], 'ResidentSetSize': [1604684], 'SubmitTimes': [1743122007.0], 'StartTimes': [1743153629.0], 'EndTimes': [1743184375.0], 'TotalUserCpuTimeHistory': [27934], 'TotalSysCpuTimeHistory': [32], 'WallDurations': [8.0, 257.1593391895294, 30746.0], 'JobIds': ['119288740.0'], 'State': 'finished', 'RecordedSite': True}, '53': {'Retries': 0, 'Restarts': 0, 'SiteHistory': ['Unknown', 'T2_BR_SPRACE', 'T2_BR_SPRACE'], 'ResidentSetSize': [1639644], 'SubmitTimes': [1743122007.0], 'StartTimes': [1743153626.0], 'EndTimes': [1743181093.0], 'TotalUserCpuTimeHistory': [21894], 'TotalSysCpuTimeHistory': [127], 'WallDurations': [9.0, 260.1593391895294, 27467.0], 'JobIds': ['119288741.0'], 'State': 'finished', 'RecordedSite': True}, '51': {'Retries': 0, 'Restarts': 0, 'SiteHistory': ['Unknown', 'T2_BR_SPRACE', 'T2_BR_SPRACE'], 'ResidentSetSize': [1649624], 'SubmitTimes': [1743122007.0], 'StartTimes': [1743153629.0], 'EndTimes': [1743180659.0], 'TotalUserCpuTimeHistory': [21645], 'TotalSysCpuTimeHistory': [114], 'WallDurations': [9.0, 257.1593391895294, 27030.0], 'JobIds': ['119288742.0'], 'State': 'finished', 'RecordedSite': True}, '59': {'Retries': 0, 'Restarts': 0, 'SiteHistory': ['Unknown', 'T2_BR_SPRACE', 'T2_BR_SPRACE'], 'ResidentSetSize': [1617284], 'SubmitTimes': [1743122008.0], 'StartTimes': [1743153627.0], 'EndTimes': [1743181210.0], 'TotalUserCpuTimeHistory': [21093], 'TotalSysCpuTimeHistory': [67], 'WallDurations': [8.0, 259.1593391895294, 27583.0], 'JobIds': ['119288743.0'], 'State': 'finished', 'RecordedSite': True}, '54': {'Retries': 0, 'Restarts': 0, 'SiteHistory': ['Unknown', 'T2_BR_SPRACE', 'T2_BR_SPRACE'], 'ResidentSetSize': [1646836], 'SubmitTimes': [1743122008.0], 'StartTimes': [1743153626.0], 'EndTimes': [1743179451.0], 'TotalUserCpuTimeHistory': [20735], 'TotalSysCpuTimeHistory': [50], 'WallDurations': [8.0, 260.1593391895294, 25825.0], 'JobIds': ['119288744.0'], 'State': 'finished', 'RecordedSite': True}, '61': {'Retries': 0, 'Restarts': 0, 'SiteHistory': ['Unknown', 'T2_BR_SPRACE', 'T2_BR_SPRACE'], 'ResidentSetSize': [1620972], 'SubmitTimes': [1743122008.0], 'StartTimes': [1743153628.0], 'EndTimes': [1743179970.0], 'TotalUserCpuTimeHistory': [20984], 'TotalSysCpuTimeHistory': [112], 'WallDurations': [8.0, 258.1593391895294, 26342.0], 'JobIds': ['119288745.0'], 'State': 'finished', 'RecordedSite': True}, '46': {'Retries': 0, 'Restarts': 0, 'SiteHistory': ['Unknown', 'T2_BR_SPRACE', 'T2_BR_SPRACE'], 'ResidentSetSize': [1641316], 'SubmitTimes': [1743122008.0], 'StartTimes': [1743153628.0], 'EndTimes': [1743180098.0], 'TotalUserCpuTimeHistory': [21395], 'TotalSysCpuTimeHistory': [49], 'WallDurations': [8.0, 258.1593391895294, 26470.0], 'JobIds': ['119288746.0'], 'State': 'finished', 'RecordedSite': True}, '60': {'Retries': 0, 'Restarts': 0, 'SiteHistory': ['Unknown', 'T2_BR_SPRACE', 'T2_BR_SPRACE'], 'ResidentSetSize': [1627668], 'SubmitTimes': [1743122008.0], 'StartTimes': [1743153629.0], 'EndTimes': [1743179940.0], 'TotalUserCpuTimeHistory': [20994], 'TotalSysCpuTimeHistory': [92], 'WallDurations': [9.0, 257.1593391895294, 26311.0], 'JobIds': ['119288747.0'], 'State': 'finished', 'RecordedSite': True}, '43': {'Retries': 0, 'Restarts': 0, 'SiteHistory': ['Unknown', 'T2_BR_SPRACE', 'T2_BR_SPRACE'], 'ResidentSetSize': [1591668], 'SubmitTimes': [1743122008.0], 'StartTimes': [1743153633.0], 'EndTimes': [1743181044.0], 'TotalUserCpuTimeHistory': [22009], 'TotalSysCpuTimeHistory': [97], 'WallDurations': [9.0, 253.15933918952942, 27411.0], 'JobIds': ['119288748.0'], 'State': 'finished', 'RecordedSite': True}, '45': {'Retries': 0, 'Restarts': 0, 'SiteHistory': ['Unknown', 'T2_BR_SPRACE', 'T2_BR_SPRACE'], 'ResidentSetSize': [1634492], 'SubmitTimes': [1743122008.0], 'StartTimes': [1743153629.0], 'EndTimes': [1743180497.0], 'TotalUserCpuTimeHistory': [21476], 'TotalSysCpuTimeHistory': [58], 'WallDurations': [9.0, 257.1593391895294, 26868.0], 'JobIds': ['119288749.0'], 'State': 'finished', 'RecordedSite': True}, '58': {'Retries': 0, 'Restarts': 0, 'SiteHistory': ['Unknown', 'T2_BR_SPRACE', 'T2_BR_SPRACE'], 'ResidentSetSize': [1642492], 'SubmitTimes': [1743122008.0], 'StartTimes': [1743153892.0], 'EndTimes': [1743182014.0], 'TotalUserCpuTimeHistory': [21751], 'TotalSysCpuTimeHistory': [45], 'WallDurations': [9.0, 294.279949426651, 28122.0], 'JobIds': ['119288750.0'], 'State': 'finished', 'RecordedSite': True}, '57': {'Retries': 0, 'Restarts': 0, 'SiteHistory': ['Unknown', 'T2_BR_SPRACE', 'T2_BR_SPRACE'], 'ResidentSetSize': [1622024], 'SubmitTimes': [1743122008.0], 'StartTimes': [1743153894.0], 'EndTimes': [1743180969.0], 'TotalUserCpuTimeHistory': [21513], 'TotalSysCpuTimeHistory': [120], 'WallDurations': [8.0, 292.279949426651, 27075.0], 'JobIds': ['119288751.0'], 'State': 'finished', 'RecordedSite': True}, '49': {'Retries': 0, 'Restarts': 0, 'SiteHistory': ['Unknown', 'T2_BR_SPRACE', 'T2_BR_SPRACE'], 'ResidentSetSize': [1624588], 'SubmitTimes': [1743122008.0], 'StartTimes': [1743153891.0], 'EndTimes': [1743183480.0], 'TotalUserCpuTimeHistory': [22781], 'TotalSysCpuTimeHistory': [84], 'WallDurations': [8.0, 295.279949426651, 29589.0], 'JobIds': ['119288752.0'], 'State': 'finished', 'RecordedSite': True}, '42': {'Retries': 0, 'Restarts': 0, 'SiteHistory': ['Unknown', 'T2_BR_SPRACE', 'T2_BR_SPRACE'], 'ResidentSetSize': [1588820], 'SubmitTimes': [1743122008.0], 'StartTimes': [1743154167.0], 'EndTimes': [1743181979.0], 'TotalUserCpuTimeHistory': [22157], 'TotalSysCpuTimeHistory': [126], 'WallDurations': [10.0, 19.279949426651, 27812.0], 'JobIds': ['119288753.0'], 'State': 'finished', 'RecordedSite': True}, '55': {'Retries': 0, 'Restarts': 0, 'SiteHistory': ['Unknown', 'T2_BR_SPRACE', 'T2_BR_SPRACE'], 'ResidentSetSize': [1608728], 'SubmitTimes': [1743122008.0], 'StartTimes': [1743154167.0], 'EndTimes': [1743184877.0], 'TotalUserCpuTimeHistory': [21804], 'TotalSysCpuTimeHistory': [52], 'WallDurations': [9.0, 19.279949426651, 30710.0], 'JobIds': ['119288754.0'], 'State': 'finished', 'RecordedSite': True}, '56': {'Retries': 0, 'Restarts': 0, 'SiteHistory': ['Unknown', 'T2_BR_SPRACE', 'T2_BR_SPRACE'], 'ResidentSetSize': [1604016], 'SubmitTimes': [1743122008.0], 'StartTimes': [1743154640.0], 'EndTimes': [1743186545.0], 'TotalUserCpuTimeHistory': [29160], 'TotalSysCpuTimeHistory': [27], 'WallDurations': [8.0, 147.1830096244812, 31905.0], 'JobIds': ['119288755.0'], 'State': 'finished', 'RecordedSite': True}, '52': {'Retries': 0, 'Restarts': 0, 'SiteHistory': ['Unknown', 'T2_BR_SPRACE', 'T2_BR_SPRACE'], 'ResidentSetSize': [1620548], 'SubmitTimes': [1743122008.0], 'StartTimes': [1743154638.0], 'EndTimes': [1743182085.0], 'TotalUserCpuTimeHistory': [20772], 'TotalSysCpuTimeHistory': [84], 'WallDurations': [9.0, 149.1830096244812, 27447.0], 'JobIds': ['119288756.0'], 'State': 'finished', 'RecordedSite': True}, '65': {'Retries': 0, 'Restarts': 0, 'SiteHistory': ['Unknown', 'T2_BR_SPRACE', 'T2_BR_SPRACE'], 'ResidentSetSize': [1614528], 'SubmitTimes': [1743122008.0], 'StartTimes': [1743154641.0], 'EndTimes': [1743187549.0], 'TotalUserCpuTimeHistory': [30066], 'TotalSysCpuTimeHistory': [28], 'WallDurations': [8.0, 146.1830096244812, 32908.0], 'JobIds': ['119288757.0'], 'State': 'finished', 'RecordedSite': True}, '64': {'Retries': 0, 'Restarts': 0, 'SiteHistory': ['Unknown', 'T2_BR_SPRACE', 'T2_BR_SPRACE'], 'ResidentSetSize': [1596040], 'SubmitTimes': [1743122008.0], 'StartTimes': [1743154640.0], 'EndTimes': [1743182298.0], 'TotalUserCpuTimeHistory': [21179], 'TotalSysCpuTimeHistory': [56], 'WallDurations': [10.0, 147.1830096244812, 27658.0], 'JobIds': ['119288758.0'], 'State': 'finished', 'RecordedSite': True}, '62': {'Retries': 0, 'Restarts': 0, 'SiteHistory': ['Unknown', 'T2_BR_SPRACE', 'T2_BR_SPRACE'], 'ResidentSetSize': [1599828], 'SubmitTimes': [1743122008.0], 'StartTimes': [1743154644.0], 'EndTimes': [1743186748.0], 'TotalUserCpuTimeHistory': [29343], 'TotalSysCpuTimeHistory': [29], 'WallDurations': [9.0, 143.1830096244812, 32104.0], 'JobIds': ['119288759.0'], 'State': 'finished', 'RecordedSite': True}, '63': {'Retries': 0, 'Restarts': 0, 'SiteHistory': ['Unknown', 'T2_BR_SPRACE', 'T2_BR_SPRACE'], 'ResidentSetSize': [1621116], 'SubmitTimes': [1743122008.0], 'StartTimes': [1743154643.0], 'EndTimes': [1743182645.0], 'TotalUserCpuTimeHistory': [21349], 'TotalSysCpuTimeHistory': [66], 'WallDurations': [9.0, 144.1830096244812, 28002.0], 'JobIds': ['119288760.0'], 'State': 'finished', 'RecordedSite': True}, '66': {'Retries': 0, 'Restarts': 0, 'SiteHistory': ['Unknown', 'T2_BR_SPRACE', 'T2_BR_SPRACE'], 'ResidentSetSize': [1505632], 'SubmitTimes': [1743122008.0], 'StartTimes': [1743154889.0], 'EndTimes': [1743185580.0], 'TotalUserCpuTimeHistory': [22200], 'TotalSysCpuTimeHistory': [53], 'WallDurations': [9.0, 198.33110880851746, 30691.0], 'JobIds': ['119288761.0'], 'State': 'finished', 'RecordedSite': True}, '71': {'Retries': 0, 'Restarts': 0, 'SiteHistory': ['Unknown', 'T2_BR_SPRACE', 'T2_BR_SPRACE'], 'ResidentSetSize': [1605808], 'SubmitTimes': [1743122008.0], 'StartTimes': [1743154887.0], 'EndTimes': [1743184710.0], 'TotalUserCpuTimeHistory': [20906], 'TotalSysCpuTimeHistory': [81], 'WallDurations': [8.0, 200.33110880851746, 29823.0], 'JobIds': ['119288762.0'], 'State': 'finished', 'RecordedSite': True}, '69': {'Retries': 0, 'Restarts': 0, 'SiteHistory': ['Unknown', 'T2_BR_SPRACE', 'T2_BR_SPRACE'], 'ResidentSetSize': [1627296], 'SubmitTimes': [1743122008.0], 'StartTimes': [1743154889.0], 'EndTimes': [1743184943.0], 'TotalUserCpuTimeHistory': [21577], 'TotalSysCpuTimeHistory': [44], 'WallDurations': [9.0, 198.33110880851746, 30054.0], 'JobIds': ['119288763.0'], 'State': 'finished', 'RecordedSite': True}, '67': {'Retries': 0, 'Restarts': 0, 'SiteHistory': ['Unknown', 'T2_BR_SPRACE', 'T2_BR_SPRACE'], 'ResidentSetSize': [1498332], 'SubmitTimes': [1743122008.0], 'StartTimes': [1743155385.0], 'EndTimes': [1743183943.0], 'TotalUserCpuTimeHistory': [21176], 'TotalSysCpuTimeHistory': [115], 'WallDurations': [0, 2.464200258255005, 28558.0], 'JobIds': ['119288764.0'], 'State': 'finished', 'RecordedSite': True}, '75': {'Retries': 0, 'Restarts': 0, 'SiteHistory': ['Unknown', 'T2_BR_SPRACE', 'T2_BR_SPRACE'], 'ResidentSetSize': [1513716], 'SubmitTimes': [1743122008.0], 'StartTimes': [1743155385.0], 'EndTimes': [1743181409.0], 'TotalUserCpuTimeHistory': [20697], 'TotalSysCpuTimeHistory': [148], 'WallDurations': [0, 2.464200258255005, 26024.0], 'JobIds': ['119288765.0'], 'State': 'finished', 'RecordedSite': True}, '68': {'Retries': 0, 'Restarts': 0, 'SiteHistory': ['Unknown', 'T2_BR_SPRACE', 'T2_BR_SPRACE'], 'ResidentSetSize': [1513512], 'SubmitTimes': [1743122008.0], 'StartTimes': [1743155386.0], 'EndTimes': [1743182552.0], 'TotalUserCpuTimeHistory': [20936], 'TotalSysCpuTimeHistory': [47], 'WallDurations': [0, 1.4642002582550049, 27166.0], 'JobIds': ['119288766.0'], 'State': 'finished', 'RecordedSite': True}, '74': {'Retries': 0, 'Restarts': 0, 'SiteHistory': ['Unknown', 'T2_BR_SPRACE', 'T2_BR_SPRACE'], 'ResidentSetSize': [1509540], 'SubmitTimes': [1743122008.0], 'StartTimes': [1743155386.0], 'EndTimes': [1743184074.0], 'TotalUserCpuTimeHistory': [21606], 'TotalSysCpuTimeHistory': [92], 'WallDurations': [0, 1.4642002582550049, 28688.0], 'JobIds': ['119288767.0'], 'State': 'finished', 'RecordedSite': True}, '70': {'Retries': 0, 'Restarts': 0, 'SiteHistory': ['Unknown', 'T2_BR_SPRACE', 'T2_BR_SPRACE'], 'ResidentSetSize': [1507952], 'SubmitTimes': [1743122008.0], 'StartTimes': [1743155386.0], 'EndTimes': [1743181289.0], 'TotalUserCpuTimeHistory': [21279], 'TotalSysCpuTimeHistory': [58], 'WallDurations': [0, 1.4642002582550049, 25903.0], 'JobIds': ['119288768.0'], 'State': 'finished', 'RecordedSite': True}, '72': {'Retries': 0, 'Restarts': 0, 'SiteHistory': ['Unknown', 'T2_BR_SPRACE', 'T2_BR_SPRACE'], 'ResidentSetSize': [1494444], 'SubmitTimes': [1743122008.0], 'StartTimes': [1743155385.0], 'EndTimes': [1743183271.0], 'TotalUserCpuTimeHistory': [21075], 'TotalSysCpuTimeHistory': [61], 'WallDurations': [0, 2.464200258255005, 27886.0], 'JobIds': ['119288769.0'], 'State': 'finished', 'RecordedSite': True}, '82': {'Retries': 0, 'Restarts': 0, 'SiteHistory': ['Unknown', 'T2_BR_SPRACE', 'T2_BR_SPRACE'], 'ResidentSetSize': [1511256], 'SubmitTimes': [1743122008.0], 'StartTimes': [1743155387.0], 'EndTimes': [1743183891.0], 'TotalUserCpuTimeHistory': [21756], 'TotalSysCpuTimeHistory': [78], 'WallDurations': [0, 0.4642002582550049, 28504.0], 'JobIds': ['119288770.0'], 'State': 'finished', 'RecordedSite': True}, '76': {'Retries': 0, 'Restarts': 0, 'SiteHistory': ['Unknown', 'T2_BR_SPRACE', 'T2_BR_SPRACE'], 'ResidentSetSize': [1525420], 'SubmitTimes': [1743122008.0], 'StartTimes': [1743155386.0], 'EndTimes': [1743184236.0], 'TotalUserCpuTimeHistory': [21555], 'TotalSysCpuTimeHistory': [114], 'WallDurations': [0, 1.4642002582550049, 28850.0], 'JobIds': ['119288771.0'], 'State': 'finished', 'RecordedSite': True}, '73': {'Retries': 0, 'Restarts': 0, 'SiteHistory': ['Unknown', 'T2_BR_SPRACE', 'T2_BR_SPRACE'], 'ResidentSetSize': [1603840], 'SubmitTimes': [1743122008.0], 'StartTimes': [1743155385.0], 'EndTimes': [1743181929.0], 'TotalUserCpuTimeHistory': [20971], 'TotalSysCpuTimeHistory': [56], 'WallDurations': [0, 2.464200258255005, 26544.0], 'JobIds': ['119288772.0'], 'State': 'finished', 'RecordedSite': True}, '78': {'Retries': 0, 'Restarts': 0, 'SiteHistory': ['Unknown', 'T2_BR_SPRACE', 'T2_BR_SPRACE'], 'ResidentSetSize': [1609544], 'SubmitTimes': [1743122008.0], 'StartTimes': [1743155385.0], 'EndTimes': [1743181553.0], 'TotalUserCpuTimeHistory': [21146], 'TotalSysCpuTimeHistory': [60], 'WallDurations': [0, 2.464200258255005, 26168.0], 'JobIds': ['119288773.0'], 'State': 'finished', 'RecordedSite': True}, '77': {'Retries': 0, 'Restarts': 0, 'SiteHistory': ['Unknown', 'T2_BR_SPRACE', 'T2_BR_SPRACE'], 'ResidentSetSize': [1504808], 'SubmitTimes': [1743122008.0], 'StartTimes': [1743155385.0], 'EndTimes': [1743181863.0], 'TotalUserCpuTimeHistory': [20682], 'TotalSysCpuTimeHistory': [42], 'WallDurations': [0, 2.464200258255005, 26478.0], 'JobIds': ['119288774.0'], 'State': 'finished', 'RecordedSite': True}, '79': {'Retries': 0, 'Restarts': 0, 'SiteHistory': ['Unknown', 'T2_BR_SPRACE', 'T2_BR_SPRACE'], 'ResidentSetSize': [1500972], 'SubmitTimes': [1743122009.0], 'StartTimes': [1743155385.0], 'EndTimes': [1743184854.0], 'TotalUserCpuTimeHistory': [21908], 'TotalSysCpuTimeHistory': [49], 'WallDurations': [0, 2.464200258255005, 29469.0], 'JobIds': ['119288775.0'], 'State': 'finished', 'RecordedSite': True}, '80': {'Retries': 0, 'Restarts': 0, 'SiteHistory': ['Unknown', 'T2_BR_SPRACE', 'T2_BR_SPRACE'], 'ResidentSetSize': [1501948], 'SubmitTimes': [1743122009.0], 'StartTimes': [1743155386.0], 'EndTimes': [1743184352.0], 'TotalUserCpuTimeHistory': [21723], 'TotalSysCpuTimeHistory': [104], 'WallDurations': [0, 1.4642002582550049, 28966.0], 'JobIds': ['119288776.0'], 'State': 'finished', 'RecordedSite': True}, '83': {'Retries': 0, 'Restarts': 0, 'SiteHistory': ['Unknown', 'T2_BR_SPRACE', 'T2_BR_SPRACE'], 'ResidentSetSize': [1502680], 'SubmitTimes': [1743122009.0], 'StartTimes': [1743155388.0], 'EndTimes': [1743180275.0], 'TotalUserCpuTimeHistory': [20438], 'TotalSysCpuTimeHistory': [71], 'WallDurations': [0, 9.0, 24887.0], 'JobIds': ['119288777.0'], 'State': 'finished', 'RecordedSite': True}, '81': {'Retries': 0, 'Restarts': 0, 'SiteHistory': ['Unknown', 'T2_BR_SPRACE', 'T2_BR_SPRACE'], 'ResidentSetSize': [1497948], 'SubmitTimes': [1743122009.0], 'StartTimes': [1743155386.0], 'EndTimes': [1743183658.0], 'TotalUserCpuTimeHistory': [21215], 'TotalSysCpuTimeHistory': [59], 'WallDurations': [0, 1.4642002582550049, 28272.0], 'JobIds': ['119288778.0'], 'State': 'finished', 'RecordedSite': True}, '85': {'Retries': 0, 'Restarts': 0, 'SiteHistory': ['Unknown', 'T2_BR_SPRACE', 'T2_BR_SPRACE'], 'ResidentSetSize': [1511720], 'SubmitTimes': [1743122009.0], 'StartTimes': [1743155386.0], 'EndTimes': [1743182790.0], 'TotalUserCpuTimeHistory': [20774], 'TotalSysCpuTimeHistory': [51], 'WallDurations': [0, 1.4642002582550049, 27404.0], 'JobIds': ['119288779.0'], 'State': 'finished', 'RecordedSite': True}, '84': {'Retries': 0, 'Restarts': 0, 'SiteHistory': ['Unknown', 'T2_BR_SPRACE', 'T2_BR_SPRACE'], 'ResidentSetSize': [1396332], 'SubmitTimes': [1743122009.0], 'StartTimes': [1743155620.0], 'EndTimes': [1743182624.0], 'TotalUserCpuTimeHistory': [22007], 'TotalSysCpuTimeHistory': [54], 'WallDurations': [8.0, 67.85210251808167, 27004.0], 'JobIds': ['119288780.0'], 'State': 'finished', 'RecordedSite': True}, '86': {'Retries': 0, 'Restarts': 0, 'SiteHistory': ['Unknown', 'T2_BR_SPRACE', 'T2_BR_SPRACE'], 'ResidentSetSize': [1501252], 'SubmitTimes': [1743122009.0], 'StartTimes': [1743155387.0], 'EndTimes': [1743183278.0], 'TotalUserCpuTimeHistory': [20871], 'TotalSysCpuTimeHistory': [52], 'WallDurations': [0, 0.4642002582550049, 27891.0], 'JobIds': ['119288781.0'], 'State': 'finished', 'RecordedSite': True}, '88': {'Retries': 0, 'Restarts': 0, 'SiteHistory': ['Unknown', 'T2_BR_SPRACE', 'T2_BR_SPRACE'], 'ResidentSetSize': [1497964], 'SubmitTimes': [1743122009.0], 'StartTimes': [1743155386.0], 'EndTimes': [1743182357.0], 'TotalUserCpuTimeHistory': [20915], 'TotalSysCpuTimeHistory': [55], 'WallDurations': [0, 1.4642002582550049, 26971.0], 'JobIds': ['119288782.0'], 'State': 'finished', 'RecordedSite': True}, '89': {'Retries': 0, 'Restarts': 0, 'SiteHistory': ['Unknown', 'T2_BR_SPRACE', 'T2_BR_SPRACE'], 'ResidentSetSize': [1482340], 'SubmitTimes': [1743122009.0], 'StartTimes': [1743155388.0], 'EndTimes': [1743182567.0], 'TotalUserCpuTimeHistory': [21728], 'TotalSysCpuTimeHistory': [51], 'WallDurations': [0, 10.0, 27179.0], 'JobIds': ['119288783.0'], 'State': 'finished', 'RecordedSite': True}, '91': {'Retries': 0, 'Restarts': 0, 'SiteHistory': ['Unknown', 'T2_BR_SPRACE', 'T2_BR_SPRACE'], 'ResidentSetSize': [1504456], 'SubmitTimes': [1743122009.0], 'StartTimes': [1743155386.0], 'EndTimes': [1743183518.0], 'TotalUserCpuTimeHistory': [21635], 'TotalSysCpuTimeHistory': [55], 'WallDurations': [0, 1.4642002582550049, 28132.0], 'JobIds': ['119288784.0'], 'State': 'finished', 'RecordedSite': True}, '94': {'Retries': 0, 'Restarts': 0, 'SiteHistory': ['Unknown', 'T2_BR_SPRACE', 'T2_BR_SPRACE'], 'ResidentSetSize': [1499780], 'SubmitTimes': [1743122009.0], 'StartTimes': [1743155388.0], 'EndTimes': [1743184238.0], 'TotalUserCpuTimeHistory': [21414], 'TotalSysCpuTimeHistory': [159], 'WallDurations': [0, 9.0, 28850.0], 'JobIds': ['119288785.0'], 'State': 'finished', 'RecordedSite': True}, '96': {'Retries': 0, 'Restarts': 0, 'SiteHistory': ['Unknown', 'T2_BR_SPRACE', 'T2_BR_SPRACE'], 'ResidentSetSize': [1507672], 'SubmitTimes': [1743122009.0], 'StartTimes': [1743155387.0], 'EndTimes': [1743182076.0], 'TotalUserCpuTimeHistory': [20908], 'TotalSysCpuTimeHistory': [61], 'WallDurations': [0, 9.0, 26689.0], 'JobIds': ['119288786.0'], 'State': 'finished', 'RecordedSite': True}, '87': {'Retries': 0, 'Restarts': 0, 'SiteHistory': ['Unknown', 'T2_BR_SPRACE', 'T2_BR_SPRACE'], 'ResidentSetSize': [1512796], 'SubmitTimes': [1743122009.0], 'StartTimes': [1743155388.0], 'EndTimes': [1743183494.0], 'TotalUserCpuTimeHistory': [21095], 'TotalSysCpuTimeHistory': [38], 'WallDurations': [0, 8.0, 28106.0], 'JobIds': ['119288787.0'], 'State': 'finished', 'RecordedSite': True}, '90': {'Retries': 0, 'Restarts': 0, 'SiteHistory': ['Unknown', 'T2_BR_SPRACE', 'T2_BR_SPRACE'], 'ResidentSetSize': [1387380], 'SubmitTimes': [1743122009.0], 'StartTimes': [1743155620.0], 'EndTimes': [1743184336.0], 'TotalUserCpuTimeHistory': [21354], 'TotalSysCpuTimeHistory': [93], 'WallDurations': [9.0, 67.85210251808167, 28716.0], 'JobIds': ['119288788.0'], 'State': 'finished', 'RecordedSite': True}, '98': {'Retries': 0, 'Restarts': 0, 'SiteHistory': ['Unknown', 'T2_BR_SPRACE', 'T2_BR_SPRACE'], 'ResidentSetSize': [1506216], 'SubmitTimes': [1743122009.0], 'StartTimes': [1743155619.0], 'EndTimes': [1743182313.0], 'TotalUserCpuTimeHistory': [21613], 'TotalSysCpuTimeHistory': [55], 'WallDurations': [10.0, 68.85210251808167, 26694.0], 'JobIds': ['119288789.0'], 'State': 'finished', 'RecordedSite': True}, '92': {'Retries': 0, 'Restarts': 0, 'SiteHistory': ['Unknown', 'T2_BR_SPRACE', 'T2_BR_SPRACE'], 'ResidentSetSize': [1353716], 'SubmitTimes': [1743122009.0], 'StartTimes': [1743156127.0], 'EndTimes': [1743185969.0], 'TotalUserCpuTimeHistory': [21237], 'TotalSysCpuTimeHistory': [54], 'WallDurations': [8.0, 161.09809756278992, 29842.0], 'JobIds': ['119288790.0'], 'State': 'finished', 'RecordedSite': True}, '93': {'Retries': 0, 'Restarts': 0, 'SiteHistory': ['Unknown', 'T2_BR_SPRACE', 'T2_BR_SPRACE'], 'ResidentSetSize': [1387088], 'SubmitTimes': [1743122009.0], 'StartTimes': [1743156127.0], 'EndTimes': [1743182894.0], 'TotalUserCpuTimeHistory': [21603], 'TotalSysCpuTimeHistory': [74], 'WallDurations': [8.0, 161.09809756278992, 26767.0], 'JobIds': ['119288791.0'], 'State': 'finished', 'RecordedSite': True}, '99': {'Retries': 0, 'Restarts': 0, 'SiteHistory': ['Unknown', 'T2_BR_SPRACE', 'T2_BR_SPRACE'], 'ResidentSetSize': [1385604], 'SubmitTimes': [1743122009.0], 'StartTimes': [1743156126.0], 'EndTimes': [1743182106.0], 'TotalUserCpuTimeHistory': [20529], 'TotalSysCpuTimeHistory': [46], 'WallDurations': [10.0, 162.09809756278992, 25980.0], 'JobIds': ['119288792.0'], 'State': 'finished', 'RecordedSite': True}, '100': {'Retries': 0, 'Restarts': 0, 'SiteHistory': ['Unknown', 'T2_BR_SPRACE', 'T2_BR_SPRACE'], 'ResidentSetSize': [1361676], 'SubmitTimes': [1743122009.0], 'StartTimes': [1743156127.0], 'EndTimes': [1743177532.0], 'TotalUserCpuTimeHistory': [19744], 'TotalSysCpuTimeHistory': [29], 'WallDurations': [9.0, 161.09809756278992, 21405.0], 'JobIds': ['119288793.0'], 'State': 'finished', 'RecordedSite': True}, '101': {'Retries': 0, 'Restarts': 0, 'SiteHistory': ['Unknown', 'T2_BR_SPRACE', 'T2_BR_SPRACE'], 'ResidentSetSize': [1376296], 'SubmitTimes': [1743122009.0], 'StartTimes': [1743156128.0], 'EndTimes': [1743177021.0], 'TotalUserCpuTimeHistory': [19233], 'TotalSysCpuTimeHistory': [44], 'WallDurations': [8.0, 160.09809756278992, 20893.0], 'JobIds': ['119288794.0'], 'State': 'finished', 'RecordedSite': True}, '95': {'Retries': 0, 'Restarts': 0, 'SiteHistory': ['Unknown', 'T2_BR_SPRACE', 'T2_BR_SPRACE'], 'ResidentSetSize': [1370384], 'SubmitTimes': [1743122009.0], 'StartTimes': [1743156127.0], 'EndTimes': [1743183902.0], 'TotalUserCpuTimeHistory': [24999], 'TotalSysCpuTimeHistory': [34], 'WallDurations': [9.0, 161.09809756278992, 27775.0], 'JobIds': ['119288795.0'], 'State': 'finished', 'RecordedSite': True}, '105': {'Retries': 0, 'Restarts': 0, 'SiteHistory': ['Unknown', 'T2_BR_SPRACE', 'T2_BR_SPRACE'], 'ResidentSetSize': [1374868], 'SubmitTimes': [1743122009.0], 'StartTimes': [1743156129.0], 'EndTimes': [1743182689.0], 'TotalUserCpuTimeHistory': [21463], 'TotalSysCpuTimeHistory': [51], 'WallDurations': [8.0, 159.09809756278992, 26560.0], 'JobIds': ['119288796.0'], 'State': 'finished', 'RecordedSite': True}, '102': {'Retries': 0, 'Restarts': 0, 'SiteHistory': ['Unknown', 'T2_BR_SPRACE', 'T2_BR_SPRACE'], 'ResidentSetSize': [1368648], 'SubmitTimes': [1743122009.0], 'StartTimes': [1743156129.0], 'EndTimes': [1743176578.0], 'TotalUserCpuTimeHistory': [18817], 'TotalSysCpuTimeHistory': [41], 'WallDurations': [8.0, 159.09809756278992, 20449.0], 'JobIds': ['119288797.0'], 'State': 'finished', 'RecordedSite': True}, '112': {'Retries': 0, 'Restarts': 0, 'SiteHistory': ['Unknown', 'T2_BR_SPRACE', 'T2_BR_SPRACE'], 'ResidentSetSize': [1394024], 'SubmitTimes': [1743122009.0], 'StartTimes': [1743156129.0], 'EndTimes': [1743184167.0], 'TotalUserCpuTimeHistory': [22392], 'TotalSysCpuTimeHistory': [45], 'WallDurations': [9.0, 159.09809756278992, 28038.0], 'JobIds': ['119288798.0'], 'State': 'finished', 'RecordedSite': True}, '97': {'Retries': 0, 'Restarts': 0, 'SiteHistory': ['Unknown', 'T2_BR_SPRACE', 'T2_BR_SPRACE'], 'ResidentSetSize': [1378972], 'SubmitTimes': [1743122009.0], 'StartTimes': [1743156128.0], 'EndTimes': [1743176954.0], 'TotalUserCpuTimeHistory': [19252], 'TotalSysCpuTimeHistory': [13], 'WallDurations': [10.0, 160.09809756278992, 20826.0], 'JobIds': ['119288799.0'], 'State': 'finished', 'RecordedSite': True}, '104': {'Retries': 0, 'Restarts': 0, 'SiteHistory': ['Unknown', 'T2_BR_SPRACE', 'T2_BR_SPRACE'], 'ResidentSetSize': [1366260], 'SubmitTimes': [1743122009.0], 'StartTimes': [1743156128.0], 'EndTimes': [1743183723.0], 'TotalUserCpuTimeHistory': [24861], 'TotalSysCpuTimeHistory': [20], 'WallDurations': [9.0, 160.09809756278992, 27595.0], 'JobIds': ['119288800.0'], 'State': 'finished', 'RecordedSite': True}, '113': {'Retries': 0, 'Restarts': 0, 'SiteHistory': ['Unknown', 'T2_BR_SPRACE', 'T2_BR_SPRACE'], 'ResidentSetSize': [1394036], 'SubmitTimes': [1743122009.0], 'StartTimes': [1743156130.0], 'EndTimes': [1743177983.0], 'TotalUserCpuTimeHistory': [20192], 'TotalSysCpuTimeHistory': [24], 'WallDurations': [9.0, 158.09809756278992, 21853.0], 'JobIds': ['119288801.0'], 'State': 'finished', 'RecordedSite': True}, '103': {'Retries': 0, 'Restarts': 0, 'SiteHistory': ['Unknown', 'T2_BR_SPRACE', 'T2_BR_SPRACE'], 'ResidentSetSize': [1369928], 'SubmitTimes': [1743122009.0], 'StartTimes': [1743156130.0], 'EndTimes': [1743183785.0], 'TotalUserCpuTimeHistory': [24914], 'TotalSysCpuTimeHistory': [26], 'WallDurations': [9.0, 158.09809756278992, 27655.0], 'JobIds': ['119288802.0'], 'State': 'finished', 'RecordedSite': True}, '110': {'Retries': 0, 'Restarts': 0, 'SiteHistory': ['Unknown', 'T2_BR_SPRACE', 'T2_BR_SPRACE'], 'ResidentSetSize': [1633480], 'SubmitTimes': [1743122009.0], 'StartTimes': [1743156373.0], 'EndTimes': [1743184595.0], 'TotalUserCpuTimeHistory': [21297], 'TotalSysCpuTimeHistory': [70], 'WallDurations': [8.0, 215.2254467010498, 28222.0], 'JobIds': ['119288803.0'], 'State': 'finished', 'RecordedSite': True}, '115': {'Retries': 0, 'Restarts': 0, 'SiteHistory': ['Unknown', 'T2_BR_SPRACE', 'T2_BR_SPRACE'], 'ResidentSetSize': [1303764], 'SubmitTimes': [1743122009.0], 'StartTimes': [1743156373.0], 'EndTimes': [1743182494.0], 'TotalUserCpuTimeHistory': [21468], 'TotalSysCpuTimeHistory': [70], 'WallDurations': [9.0, 215.2254467010498, 26121.0], 'JobIds': ['119288804.0'], 'State': 'finished', 'RecordedSite': True}, '107': {'Retries': 0, 'Restarts': 0, 'SiteHistory': ['Unknown', 'T2_BR_SPRACE', 'T2_BR_SPRACE'], 'ResidentSetSize': [1431736], 'SubmitTimes': [1743122009.0], 'StartTimes': [1743156373.0], 'EndTimes': [1743187051.0], 'TotalUserCpuTimeHistory': [21938], 'TotalSysCpuTimeHistory': [60], 'WallDurations': [8.0, 215.2254467010498, 30678.0], 'JobIds': ['119288805.0'], 'State': 'finished', 'RecordedSite': True}, '106': {'Retries': 0, 'Restarts': 0, 'SiteHistory': ['Unknown', 'T2_BR_SPRACE', 'T2_BR_SPRACE'], 'ResidentSetSize': [1594976], 'SubmitTimes': [1743122009.0], 'StartTimes': [1743156373.0], 'EndTimes': [1743182575.0], 'TotalUserCpuTimeHistory': [21707], 'TotalSysCpuTimeHistory': [44], 'WallDurations': [9.0, 215.2254467010498, 26202.0], 'JobIds': ['119288806.0'], 'State': 'finished', 'RecordedSite': True}, '114': {'Retries': 0, 'Restarts': 0, 'SiteHistory': ['Unknown', 'T2_BR_SPRACE', 'T2_BR_SPRACE'], 'ResidentSetSize': [1609304], 'SubmitTimes': [1743122009.0], 'StartTimes': [1743156374.0], 'EndTimes': [1743182387.0], 'TotalUserCpuTimeHistory': [21708], 'TotalSysCpuTimeHistory': [44], 'WallDurations': [8.0, 214.2254467010498, 26013.0], 'JobIds': ['119288807.0'], 'State': 'finished', 'RecordedSite': True}, '108': {'Retries': 0, 'Restarts': 0, 'SiteHistory': ['Unknown', 'T2_BR_SPRACE', 'T2_BR_SPRACE'], 'ResidentSetSize': [1605928], 'SubmitTimes': [1743122009.0], 'StartTimes': [1743156619.0], 'EndTimes': [1743177278.0], 'TotalUserCpuTimeHistory': [19088], 'TotalSysCpuTimeHistory': [36], 'WallDurations': [9.0, 269.3484251499176, 20659.0], 'JobIds': ['119288808.0'], 'State': 'finished', 'RecordedSite': True}, '109': {'Retries': 0, 'Restarts': 0, 'SiteHistory': ['Unknown', 'T2_BR_SPRACE', 'T2_BR_SPRACE'], 'ResidentSetSize': [1608356], 'SubmitTimes': [1743122009.0], 'StartTimes': [1743156618.0], 'EndTimes': [1743186574.0], 'TotalUserCpuTimeHistory': [22718], 'TotalSysCpuTimeHistory': [96], 'WallDurations': [10.0, 270.3484251499176, 29956.0], 'JobIds': ['119288809.0'], 'State': 'finished', 'RecordedSite': True}, '111': {'Retries': 0, 'Restarts': 0, 'SiteHistory': ['Unknown', 'T2_BR_SPRACE', 'T2_BR_SPRACE'], 'ResidentSetSize': [1615196], 'SubmitTimes': [1743122009.0], 'StartTimes': [1743156618.0], 'EndTimes': [1743185357.0], 'TotalUserCpuTimeHistory': [21576], 'TotalSysCpuTimeHistory': [49], 'WallDurations': [9.0, 270.3484251499176, 28739.0], 'JobIds': ['119288810.0'], 'State': 'finished', 'RecordedSite': True}, '116': {'Retries': 0, 'Restarts': 0, 'SiteHistory': ['Unknown', 'T2_BR_SPRACE', 'T2_BR_SPRACE'], 'ResidentSetSize': [1598784], 'SubmitTimes': [1743122009.0], 'StartTimes': [1743156619.0], 'EndTimes': [1743183702.0], 'TotalUserCpuTimeHistory': [22285], 'TotalSysCpuTimeHistory': [93], 'WallDurations': [9.0, 269.3484251499176, 27083.0], 'JobIds': ['119288811.0'], 'State': 'finished', 'RecordedSite': True}, '117': {'Retries': 0, 'Restarts': 0, 'SiteHistory': ['Unknown', 'T2_BR_SPRACE', 'T2_BR_SPRACE'], 'ResidentSetSize': [1608292], 'SubmitTimes': [1743122009.0], 'StartTimes': [1743156620.0], 'EndTimes': [1743185392.0], 'TotalUserCpuTimeHistory': [22044], 'TotalSysCpuTimeHistory': [57], 'WallDurations': [8.0, 268.3484251499176, 28772.0], 'JobIds': ['119288812.0'], 'State': 'finished', 'RecordedSite': True}, '118': {'Retries': 0, 'Restarts': 0, 'SiteHistory': ['Unknown', 'T2_BR_SPRACE', 'T2_BR_SPRACE'], 'ResidentSetSize': [1491728], 'SubmitTimes': [1743122009.0], 'StartTimes': [1743156620.0], 'EndTimes': [1743185283.0], 'TotalUserCpuTimeHistory': [21805], 'TotalSysCpuTimeHistory': [80], 'WallDurations': [8.0, 268.3484251499176, 28663.0], 'JobIds': ['119288813.0'], 'State': 'finished', 'RecordedSite': True}, '120': {'Retries': 0, 'Restarts': 0, 'SiteHistory': ['Unknown', 'T2_BR_SPRACE', 'T2_BR_SPRACE'], 'ResidentSetSize': [1585152], 'SubmitTimes': [1743122009.0], 'StartTimes': [1743157138.0], 'EndTimes': [1743185572.0], 'TotalUserCpuTimeHistory': [21231], 'TotalSysCpuTimeHistory': [110], 'WallDurations': [9.0, 50.50550365447998, 28434.0], 'JobIds': ['119288814.0'], 'State': 'finished', 'RecordedSite': True}, '129': {'Retries': 0, 'Restarts': 0, 'SiteHistory': ['Unknown', 'T2_BR_SPRACE', 'T2_BR_SPRACE'], 'ResidentSetSize': [1593292], 'SubmitTimes': [1743122009.0], 'StartTimes': [1743157145.0], 'EndTimes': [1743179454.0], 'TotalUserCpuTimeHistory': [20531], 'TotalSysCpuTimeHistory': [26], 'WallDurations': [8.0, 43.50550365447998, 22309.0], 'JobIds': ['119288815.0'], 'State': 'finished', 'RecordedSite': True}, '119': {'Retries': 0, 'Restarts': 0, 'SiteHistory': ['Unknown', 'T2_BR_SPRACE', 'T2_BR_SPRACE'], 'ResidentSetSize': [1505084], 'SubmitTimes': [1743122009.0], 'StartTimes': [1743157137.0], 'EndTimes': [1743184641.0], 'TotalUserCpuTimeHistory': [24801], 'TotalSysCpuTimeHistory': [24], 'WallDurations': [8.0, 51.50550365447998, 27504.0], 'JobIds': ['119288816.0'], 'State': 'finished', 'RecordedSite': True}, '128': {'Retries': 0, 'Restarts': 0, 'SiteHistory': ['Unknown', 'T2_BR_SPRACE', 'T2_BR_SPRACE'], 'ResidentSetSize': [1580316], 'SubmitTimes': [1743122014.0], 'StartTimes': [1743157150.0], 'EndTimes': [1743178971.0], 'TotalUserCpuTimeHistory': [20034], 'TotalSysCpuTimeHistory': [18], 'WallDurations': [9.0, 38.50550365447998, 21821.0], 'JobIds': ['119288817.0'], 'State': 'finished', 'RecordedSite': True}, '123': {'Retries': 0, 'Restarts': 0, 'SiteHistory': ['Unknown', 'T2_BR_SPRACE', 'T2_BR_SPRACE'], 'ResidentSetSize': [1580068], 'SubmitTimes': [1743122014.0], 'StartTimes': [1743157138.0], 'EndTimes': [1743183387.0], 'TotalUserCpuTimeHistory': [23771], 'TotalSysCpuTimeHistory': [25], 'WallDurations': [10.0, 50.50550365447998, 26249.0], 'JobIds': ['119288818.0'], 'State': 'finished', 'RecordedSite': True}, '122': {'Retries': 0, 'Restarts': 0, 'SiteHistory': ['Unknown', 'T2_BR_SPRACE', 'T2_BR_SPRACE'], 'ResidentSetSize': [1567536], 'SubmitTimes': [1743122014.0], 'StartTimes': [1743157140.0], 'EndTimes': [1743179414.0], 'TotalUserCpuTimeHistory': [20455], 'TotalSysCpuTimeHistory': [43], 'WallDurations': [8.0, 48.50550365447998, 22274.0], 'JobIds': ['119288819.0'], 'State': 'finished', 'RecordedSite': True}, '127': {'Retries': 0, 'Restarts': 0, 'SiteHistory': ['Unknown', 'T2_BR_SPRACE', 'T2_BR_SPRACE'], 'ResidentSetSize': [1595868], 'SubmitTimes': [1743122014.0], 'StartTimes': [1743157138.0], 'EndTimes': [1743177640.0], 'TotalUserCpuTimeHistory': [18935], 'TotalSysCpuTimeHistory': [18], 'WallDurations': [9.0, 50.50550365447998, 20502.0], 'JobIds': ['119288820.0'], 'State': 'finished', 'RecordedSite': True}, '121': {'Retries': 0, 'Restarts': 0, 'SiteHistory': ['Unknown', 'T2_BR_SPRACE', 'T2_BR_SPRACE'], 'ResidentSetSize': [1468000], 'SubmitTimes': [1743122014.0], 'StartTimes': [1743157137.0], 'EndTimes': [1743186020.0], 'TotalUserCpuTimeHistory': [21543], 'TotalSysCpuTimeHistory': [131], 'WallDurations': [8.0, 51.50550365447998, 28883.0], 'JobIds': ['119288821.0'], 'State': 'finished', 'RecordedSite': True}, '125': {'Retries': 0, 'Restarts': 0, 'SiteHistory': ['Unknown', 'T2_BR_SPRACE', 'T2_BR_SPRACE'], 'ResidentSetSize': [1485188], 'SubmitTimes': [1743122014.0], 'StartTimes': [1743157138.0], 'EndTimes': [1743183744.0], 'TotalUserCpuTimeHistory': [21409], 'TotalSysCpuTimeHistory': [54], 'WallDurations': [9.0, 50.50550365447998, 26606.0], 'JobIds': ['119288822.0'], 'State': 'finished', 'RecordedSite': True}, '131': {'Retries': 0, 'Restarts': 0, 'SiteHistory': ['Unknown', 'T2_BR_SPRACE', 'T2_BR_SPRACE'], 'ResidentSetSize': [1608712], 'SubmitTimes': [1743122014.0], 'StartTimes': [1743157138.0], 'EndTimes': [1743179741.0], 'TotalUserCpuTimeHistory': [20831], 'TotalSysCpuTimeHistory': [13], 'WallDurations': [9.0, 50.50550365447998, 22603.0], 'JobIds': ['119288823.0'], 'State': 'finished', 'RecordedSite': True}, '136': {'Retries': 0, 'Restarts': 0, 'SiteHistory': ['Unknown', 'T2_BR_SPRACE', 'T2_BR_SPRACE'], 'ResidentSetSize': [1604344], 'SubmitTimes': [1743122014.0], 'StartTimes': [1743157138.0], 'EndTimes': [1743180309.0], 'TotalUserCpuTimeHistory': [21377], 'TotalSysCpuTimeHistory': [14], 'WallDurations': [9.0, 50.50550365447998, 23171.0], 'JobIds': ['119288824.0'], 'State': 'finished', 'RecordedSite': True}, '130': {'Retries': 0, 'Restarts': 0, 'SiteHistory': ['Unknown', 'T2_BR_SPRACE', 'T2_BR_SPRACE'], 'ResidentSetSize': [1586784], 'SubmitTimes': [1743122014.0], 'StartTimes': [1743157138.0], 'EndTimes': [1743178479.0], 'TotalUserCpuTimeHistory': [19686], 'TotalSysCpuTimeHistory': [31], 'WallDurations': [9.0, 50.50550365447998, 21341.0], 'JobIds': ['119288825.0'], 'State': 'finished', 'RecordedSite': True}, '133': {'Retries': 0, 'Restarts': 0, 'SiteHistory': ['Unknown', 'T2_BR_SPRACE', 'T2_BR_SPRACE'], 'ResidentSetSize': [1600424], 'SubmitTimes': [1743122014.0], 'StartTimes': [1743157145.0], 'EndTimes': [1743178736.0], 'TotalUserCpuTimeHistory': [20013], 'TotalSysCpuTimeHistory': [17], 'WallDurations': [8.0, 43.50550365447998, 21591.0], 'JobIds': ['119288826.0'], 'State': 'finished', 'RecordedSite': True}, '124': {'Retries': 0, 'Restarts': 0, 'SiteHistory': ['Unknown', 'T2_BR_SPRACE', 'T2_BR_SPRACE'], 'ResidentSetSize': [1590580], 'SubmitTimes': [1743122014.0], 'StartTimes': [1743157138.0], 'EndTimes': [1743178349.0], 'TotalUserCpuTimeHistory': [19609], 'TotalSysCpuTimeHistory': [27], 'WallDurations': [9.0, 50.50550365447998, 21211.0], 'JobIds': ['119288827.0'], 'State': 'finished', 'RecordedSite': True}, '126': {'Retries': 0, 'Restarts': 0, 'SiteHistory': ['Unknown', 'T2_BR_SPRACE', 'T2_BR_SPRACE'], 'ResidentSetSize': [1573340], 'SubmitTimes': [1743122014.0], 'StartTimes': [1743157146.0], 'EndTimes': [1743178784.0], 'TotalUserCpuTimeHistory': [19927], 'TotalSysCpuTimeHistory': [36], 'WallDurations': [9.0, 42.50550365447998, 21638.0], 'JobIds': ['119288828.0'], 'State': 'finished', 'RecordedSite': True}, '132': {'Retries': 0, 'Restarts': 0, 'SiteHistory': ['Unknown', 'T2_BR_SPRACE', 'T2_BR_SPRACE'], 'ResidentSetSize': [1467212], 'SubmitTimes': [1743122014.0], 'StartTimes': [1743157140.0], 'EndTimes': [1743186233.0], 'TotalUserCpuTimeHistory': [21722], 'TotalSysCpuTimeHistory': [142], 'WallDurations': [8.0, 48.50550365447998, 29093.0], 'JobIds': ['119288829.0'], 'State': 'finished', 'RecordedSite': True}, '134': {'Retries': 0, 'Restarts': 0, 'SiteHistory': ['Unknown', 'T2_BR_SPRACE', 'T2_BR_SPRACE'], 'ResidentSetSize': [1585064], 'SubmitTimes': [1743122014.0], 'StartTimes': [1743157141.0], 'EndTimes': [1743177607.0], 'TotalUserCpuTimeHistory': [18829], 'TotalSysCpuTimeHistory': [44], 'WallDurations': [9.0, 47.50550365447998, 20466.0], 'JobIds': ['119288830.0'], 'State': 'finished', 'RecordedSite': True}, '138': {'Retries': 0, 'Restarts': 0, 'SiteHistory': ['Unknown', 'T2_BR_SPRACE', 'T2_BR_SPRACE'], 'ResidentSetSize': [1620596], 'SubmitTimes': [1743122014.0], 'StartTimes': [1743157140.0], 'EndTimes': [1743178508.0], 'TotalUserCpuTimeHistory': [19705], 'TotalSysCpuTimeHistory': [45], 'WallDurations': [8.0, 48.50550365447998, 21368.0], 'JobIds': ['119288831.0'], 'State': 'finished', 'RecordedSite': True}, '137': {'Retries': 0, 'Restarts': 0, 'SiteHistory': ['Unknown', 'T2_BR_SPRACE', 'T2_BR_SPRACE'], 'ResidentSetSize': [1577752], 'SubmitTimes': [1743122014.0], 'StartTimes': [1743157151.0], 'EndTimes': [1743179044.0], 'TotalUserCpuTimeHistory': [20157], 'TotalSysCpuTimeHistory': [38], 'WallDurations': [8.0, 37.50550365447998, 21893.0], 'JobIds': ['119288832.0'], 'State': 'finished', 'RecordedSite': True}, '142': {'Retries': 0, 'Restarts': 0, 'SiteHistory': ['Unknown', 'T2_BR_SPRACE', 'T2_BR_SPRACE'], 'ResidentSetSize': [1515928], 'SubmitTimes': [1743122014.0], 'StartTimes': [1743157140.0], 'EndTimes': [1743184097.0], 'TotalUserCpuTimeHistory': [24502], 'TotalSysCpuTimeHistory': [24], 'WallDurations': [8.0, 48.50550365447998, 26957.0], 'JobIds': ['119288833.0'], 'State': 'finished', 'RecordedSite': True}, '135': {'Retries': 0, 'Restarts': 0, 'SiteHistory': ['Unknown', 'T2_BR_SPRACE', 'T2_BR_SPRACE'], 'ResidentSetSize': [1592464], 'SubmitTimes': [1743122014.0], 'StartTimes': [1743157139.0], 'EndTimes': [1743179432.0], 'TotalUserCpuTimeHistory': [20497], 'TotalSysCpuTimeHistory': [21], 'WallDurations': [8.0, 49.50550365447998, 22293.0], 'JobIds': ['119288834.0'], 'State': 'finished', 'RecordedSite': True}, '146': {'Retries': 0, 'Restarts': 0, 'SiteHistory': ['Unknown', 'T2_BR_SPRACE', 'T2_BR_SPRACE'], 'ResidentSetSize': [1620788], 'SubmitTimes': [1743122014.0], 'StartTimes': [1743157140.0], 'EndTimes': [1743182984.0], 'TotalUserCpuTimeHistory': [20722], 'TotalSysCpuTimeHistory': [58], 'WallDurations': [8.0, 48.50550365447998, 25844.0], 'JobIds': ['119288835.0'], 'State': 'finished', 'RecordedSite': True}, '139': {'Retries': 0, 'Restarts': 0, 'SiteHistory': ['Unknown', 'T2_BR_SPRACE', 'T2_BR_SPRACE'], 'ResidentSetSize': [1602720], 'SubmitTimes': [1743122014.0], 'StartTimes': [1743157140.0], 'EndTimes': [1743179489.0], 'TotalUserCpuTimeHistory': [20525], 'TotalSysCpuTimeHistory': [17], 'WallDurations': [9.0, 48.50550365447998, 22349.0], 'JobIds': ['119288836.0'], 'State': 'finished', 'RecordedSite': True}, '141': {'Retries': 0, 'Restarts': 0, 'SiteHistory': ['Unknown', 'T2_BR_SPRACE', 'T2_BR_SPRACE'], 'ResidentSetSize': [1502136], 'SubmitTimes': [1743122014.0], 'StartTimes': [1743157145.0], 'EndTimes': [1743179593.0], 'TotalUserCpuTimeHistory': [20624], 'TotalSysCpuTimeHistory': [27], 'WallDurations': [8.0, 43.50550365447998, 22448.0], 'JobIds': ['119288837.0'], 'State': 'finished', 'RecordedSite': True}, '144': {'Retries': 0, 'Restarts': 0, 'SiteHistory': ['Unknown', 'T2_BR_SPRACE', 'T2_BR_SPRACE'], 'ResidentSetSize': [1611308], 'SubmitTimes': [1743122014.0], 'StartTimes': [1743157140.0], 'EndTimes': [1743178594.0], 'TotalUserCpuTimeHistory': [19785], 'TotalSysCpuTimeHistory': [33], 'WallDurations': [9.0, 48.50550365447998, 21454.0], 'JobIds': ['119288838.0'], 'State': 'finished', 'RecordedSite': True}, '149': {'Retries': 0, 'Restarts': 0, 'SiteHistory': ['Unknown', 'T2_BR_SPRACE', 'T2_BR_SPRACE'], 'ResidentSetSize': [1596332], 'SubmitTimes': [1743122014.0], 'StartTimes': [1743157140.0], 'EndTimes': [1743178121.0], 'TotalUserCpuTimeHistory': [19379], 'TotalSysCpuTimeHistory': [32], 'WallDurations': [10.0, 48.50550365447998, 20981.0], 'JobIds': ['119288839.0'], 'State': 'finished', 'RecordedSite': True}, '143': {'Retries': 0, 'Restarts': 0, 'SiteHistory': ['Unknown', 'T2_BR_SPRACE', 'T2_BR_SPRACE'], 'ResidentSetSize': [1496524], 'SubmitTimes': [1743122014.0], 'StartTimes': [1743157143.0], 'EndTimes': [1743177551.0], 'TotalUserCpuTimeHistory': [18884], 'TotalSysCpuTimeHistory': [17], 'WallDurations': [9.0, 45.50550365447998, 20408.0], 'JobIds': ['119288840.0'], 'State': 'finished', 'RecordedSite': True}, '152': {'Retries': 0, 'Restarts': 0, 'SiteHistory': ['Unknown', 'T2_BR_SPRACE', 'T2_BR_SPRACE'], 'ResidentSetSize': [1623096], 'SubmitTimes': [1743122014.0], 'StartTimes': [1743157142.0], 'EndTimes': [1743180057.0], 'TotalUserCpuTimeHistory': [21110], 'TotalSysCpuTimeHistory': [25], 'WallDurations': [9.0, 46.50550365447998, 22915.0], 'JobIds': ['119288841.0'], 'State': 'finished', 'RecordedSite': True}, '140': {'Retries': 0, 'Restarts': 0, 'SiteHistory': ['Unknown', 'T2_BR_SPRACE', 'T2_BR_SPRACE'], 'ResidentSetSize': [1485936], 'SubmitTimes': [1743122014.0], 'StartTimes': [1743157140.0], 'EndTimes': [1743183678.0], 'TotalUserCpuTimeHistory': [21249], 'TotalSysCpuTimeHistory': [71], 'WallDurations': [10.0, 48.50550365447998, 26538.0], 'JobIds': ['119288842.0'], 'State': 'finished', 'RecordedSite': True}, '148': {'Retries': 0, 'Restarts': 0, 'SiteHistory': ['Unknown', 'T2_BR_SPRACE', 'T2_BR_SPRACE'], 'ResidentSetSize': [1619564], 'SubmitTimes': [1743122014.0], 'StartTimes': [1743157143.0], 'EndTimes': [1743179819.0], 'TotalUserCpuTimeHistory': [20900], 'TotalSysCpuTimeHistory': [14], 'WallDurations': [9.0, 45.50550365447998, 22676.0], 'JobIds': ['119288843.0'], 'State': 'finished', 'RecordedSite': True}, '145': {'Retries': 0, 'Restarts': 0, 'SiteHistory': ['Unknown', 'T2_BR_SPRACE', 'T2_BR_SPRACE'], 'ResidentSetSize': [1615600], 'SubmitTimes': [1743122014.0], 'StartTimes': [1743157143.0], 'EndTimes': [1743178553.0], 'TotalUserCpuTimeHistory': [19820], 'TotalSysCpuTimeHistory': [19], 'WallDurations': [8.0, 45.50550365447998, 21410.0], 'JobIds': ['119288844.0'], 'State': 'finished', 'RecordedSite': True}, '147': {'Retries': 0, 'Restarts': 0, 'SiteHistory': ['Unknown', 'T2_BR_SPRACE', 'T2_BR_SPRACE'], 'ResidentSetSize': [1590528], 'SubmitTimes': [1743122014.0], 'StartTimes': [1743157153.0], 'EndTimes': [1743178420.0], 'TotalUserCpuTimeHistory': [19607], 'TotalSysCpuTimeHistory': [19], 'WallDurations': [9.0, 35.50550365447998, 21267.0], 'JobIds': ['119288845.0'], 'State': 'finished', 'RecordedSite': True}, '150': {'Retries': 0, 'Restarts': 0, 'SiteHistory': ['Unknown', 'T2_BR_SPRACE', 'T2_BR_SPRACE'], 'ResidentSetSize': [1607672], 'SubmitTimes': [1743122014.0], 'StartTimes': [1743157143.0], 'EndTimes': [1743178119.0], 'TotalUserCpuTimeHistory': [19354], 'TotalSysCpuTimeHistory': [31], 'WallDurations': [9.0, 45.50550365447998, 20976.0], 'JobIds': ['119288846.0'], 'State': 'finished', 'RecordedSite': True}, '151': {'Retries': 0, 'Restarts': 0, 'SiteHistory': ['Unknown', 'T2_BR_SPRACE', 'T2_BR_SPRACE'], 'ResidentSetSize': [1501452], 'SubmitTimes': [1743122014.0], 'StartTimes': [1743157645.0], 'EndTimes': [1743185467.0], 'TotalUserCpuTimeHistory': [20752], 'TotalSysCpuTimeHistory': [49], 'WallDurations': [10.0, 143.7735300064087, 27822.0], 'JobIds': ['119288847.0'], 'State': 'finished', 'RecordedSite': True}, '159': {'Retries': 0, 'Restarts': 0, 'SiteHistory': ['Unknown', 'T2_BR_SPRACE', 'T2_BR_SPRACE'], 'ResidentSetSize': [1250524], 'SubmitTimes': [1743122014.0], 'StartTimes': [1743158149.0], 'EndTimes': [1743179224.0], 'TotalUserCpuTimeHistory': [19468], 'TotalSysCpuTimeHistory': [30], 'WallDurations': [9.0, 240.0302221775055, 21075.0], 'JobIds': ['119288848.0'], 'State': 'finished', 'RecordedSite': True}, '158': {'Retries': 0, 'Restarts': 0, 'SiteHistory': ['Unknown', 'T2_BR_SPRACE', 'T2_BR_SPRACE'], 'ResidentSetSize': [1258888], 'SubmitTimes': [1743122014.0], 'StartTimes': [1743158156.0], 'EndTimes': [1743180377.0], 'TotalUserCpuTimeHistory': [20451], 'TotalSysCpuTimeHistory': [18], 'WallDurations': [9.0, 233.0302221775055, 22221.0], 'JobIds': ['119288849.0'], 'State': 'finished', 'RecordedSite': True}, '153': {'Retries': 0, 'Restarts': 0, 'SiteHistory': ['Unknown', 'T2_BR_SPRACE', 'T2_BR_SPRACE'], 'ResidentSetSize': [1405720], 'SubmitTimes': [1743122014.0], 'StartTimes': [1743158148.0], 'EndTimes': [1743186661.0], 'TotalUserCpuTimeHistory': [21664], 'TotalSysCpuTimeHistory': [93], 'WallDurations': [9.0, 241.0302221775055, 28513.0], 'JobIds': ['119288850.0'], 'State': 'finished', 'RecordedSite': True}, '156': {'Retries': 0, 'Restarts': 0, 'SiteHistory': ['Unknown', 'T2_BR_SPRACE', 'T2_BR_SPRACE'], 'ResidentSetSize': [1281644], 'SubmitTimes': [1743122014.0], 'StartTimes': [1743158149.0], 'EndTimes': [1743180326.0], 'TotalUserCpuTimeHistory': [20461], 'TotalSysCpuTimeHistory': [15], 'WallDurations': [8.0, 240.0302221775055, 22177.0], 'JobIds': ['119288851.0'], 'State': 'finished', 'RecordedSite': True}, '161': {'Retries': 0, 'Restarts': 0, 'SiteHistory': ['Unknown', 'T2_BR_SPRACE', 'T2_BR_SPRACE'], 'ResidentSetSize': [1385940], 'SubmitTimes': [1743122015.0], 'StartTimes': [1743158161.0], 'EndTimes': [1743181286.0], 'TotalUserCpuTimeHistory': [21253], 'TotalSysCpuTimeHistory': [32], 'WallDurations': [8.0, 228.0302221775055, 23125.0], 'JobIds': ['119288852.0'], 'State': 'finished', 'RecordedSite': True}, '155': {'Retries': 0, 'Restarts': 0, 'SiteHistory': ['Unknown', 'T2_BR_SPRACE', 'T2_BR_SPRACE'], 'ResidentSetSize': [1371304], 'SubmitTimes': [1743122015.0], 'StartTimes': [1743158152.0], 'EndTimes': [1743181253.0], 'TotalUserCpuTimeHistory': [21262], 'TotalSysCpuTimeHistory': [21], 'WallDurations': [8.0, 237.0302221775055, 23101.0], 'JobIds': ['119288853.0'], 'State': 'finished', 'RecordedSite': True}, '162': {'Retries': 0, 'Restarts': 0, 'SiteHistory': ['Unknown', 'T2_BR_SPRACE', 'T2_BR_SPRACE'], 'ResidentSetSize': [1382392], 'SubmitTimes': [1743122015.0], 'StartTimes': [1743158151.0], 'EndTimes': [1743180373.0], 'TotalUserCpuTimeHistory': [20539], 'TotalSysCpuTimeHistory': [14], 'WallDurations': [8.0, 238.0302221775055, 22222.0], 'JobIds': ['119288854.0'], 'State': 'finished', 'RecordedSite': True}, '167': {'Retries': 0, 'Restarts': 0, 'SiteHistory': ['Unknown', 'T2_BR_SPRACE', 'T2_BR_SPRACE'], 'ResidentSetSize': [1376840], 'SubmitTimes': [1743122015.0], 'StartTimes': [1743158151.0], 'EndTimes': [1743180603.0], 'TotalUserCpuTimeHistory': [20642], 'TotalSysCpuTimeHistory': [20], 'WallDurations': [9.0, 238.0302221775055, 22452.0], 'JobIds': ['119288855.0'], 'State': 'finished', 'RecordedSite': True}, '157': {'Retries': 0, 'Restarts': 0, 'SiteHistory': ['Unknown', 'T2_BR_SPRACE', 'T2_BR_SPRACE'], 'ResidentSetSize': [1243532], 'SubmitTimes': [1743122015.0], 'StartTimes': [1743158152.0], 'EndTimes': [1743181026.0], 'TotalUserCpuTimeHistory': [21031], 'TotalSysCpuTimeHistory': [20], 'WallDurations': [8.0, 237.0302221775055, 22874.0], 'JobIds': ['119288856.0'], 'State': 'finished', 'RecordedSite': True}, '154': {'Retries': 0, 'Restarts': 0, 'SiteHistory': ['Unknown', 'T2_BR_SPRACE', 'T2_BR_SPRACE'], 'ResidentSetSize': [1366240], 'SubmitTimes': [1743122015.0], 'StartTimes': [1743158153.0], 'EndTimes': [1743181145.0], 'TotalUserCpuTimeHistory': [21181], 'TotalSysCpuTimeHistory': [20], 'WallDurations': [9.0, 236.0302221775055, 22992.0], 'JobIds': ['119288857.0'], 'State': 'finished', 'RecordedSite': True}, '160': {'Retries': 0, 'Restarts': 0, 'SiteHistory': ['Unknown', 'T2_BR_SPRACE', 'T2_BR_SPRACE'], 'ResidentSetSize': [1388716], 'SubmitTimes': [1743122015.0], 'StartTimes': [1743158156.0], 'EndTimes': [1743181823.0], 'TotalUserCpuTimeHistory': [21775], 'TotalSysCpuTimeHistory': [22], 'WallDurations': [8.0, 233.0302221775055, 23667.0], 'JobIds': ['119288858.0'], 'State': 'finished', 'RecordedSite': True}, '163': {'Retries': 0, 'Restarts': 0, 'SiteHistory': ['Unknown', 'T2_BR_SPRACE', 'T2_BR_SPRACE'], 'ResidentSetSize': [2141688], 'SubmitTimes': [1743122015.0], 'StartTimes': [1743158404.0], 'EndTimes': [1743186060.0], 'TotalUserCpuTimeHistory': [21213], 'TotalSysCpuTimeHistory': [80], 'WallDurations': [9.0, 285.1857717037201, 27656.0], 'JobIds': ['119288859.0'], 'State': 'finished', 'RecordedSite': True}, '164': {'Retries': 0, 'Restarts': 0, 'SiteHistory': ['Unknown', 'T2_BR_SPRACE', 'T2_BR_SPRACE'], 'ResidentSetSize': [1099768], 'SubmitTimes': [1743122015.0], 'StartTimes': [1743158404.0], 'EndTimes': [1743179890.0], 'TotalUserCpuTimeHistory': [19810], 'TotalSysCpuTimeHistory': [30], 'WallDurations': [10.0, 285.1857717037201, 21486.0], 'JobIds': ['119288860.0'], 'State': 'finished', 'RecordedSite': True}, '165': {'Retries': 0, 'Restarts': 0, 'SiteHistory': ['Unknown', 'T2_BR_SPRACE', 'T2_BR_SPRACE'], 'ResidentSetSize': [1143612], 'SubmitTimes': [1743122015.0], 'StartTimes': [1743158406.0], 'EndTimes': [1743178938.0], 'TotalUserCpuTimeHistory': [18951], 'TotalSysCpuTimeHistory': [25], 'WallDurations': [9.0, 283.1857717037201, 20532.0], 'JobIds': ['119288861.0'], 'State': 'finished', 'RecordedSite': True}, '166': {'Retries': 0, 'Restarts': 0, 'SiteHistory': ['Unknown', 'T2_BR_SPRACE', 'T2_BR_SPRACE'], 'ResidentSetSize': [1138364], 'SubmitTimes': [1743122015.0], 'StartTimes': [1743158404.0], 'EndTimes': [1743185370.0], 'TotalUserCpuTimeHistory': [24464], 'TotalSysCpuTimeHistory': [22], 'WallDurations': [9.0, 285.1857717037201, 26966.0], 'JobIds': ['119288862.0'], 'State': 'finished', 'RecordedSite': True}, '168': {'Retries': 0, 'Restarts': 0, 'SiteHistory': ['Unknown', 'T2_BR_SPRACE', 'T2_BR_SPRACE'], 'ResidentSetSize': [1137528], 'SubmitTimes': [1743122015.0], 'StartTimes': [1743158410.0], 'EndTimes': [1743179580.0], 'TotalUserCpuTimeHistory': [19587], 'TotalSysCpuTimeHistory': [20], 'WallDurations': [10.0, 279.1857717037201, 21170.0], 'JobIds': ['119288863.0'], 'State': 'finished', 'RecordedSite': True}, '169': {'Retries': 0, 'Restarts': 0, 'SiteHistory': ['Unknown', 'T2_BR_SPRACE', 'T2_BR_SPRACE'], 'ResidentSetSize': [1143460], 'SubmitTimes': [1743122015.0], 'StartTimes': [1743158404.0], 'EndTimes': [1743186599.0], 'TotalUserCpuTimeHistory': [21710], 'TotalSysCpuTimeHistory': [60], 'WallDurations': [10.0, 285.1857717037201, 28195.0], 'JobIds': ['119288864.0'], 'State': 'finished', 'RecordedSite': True}, '170': {'Retries': 0, 'Restarts': 0, 'SiteHistory': ['Unknown', 'T2_BR_SPRACE', 'T2_BR_SPRACE'], 'ResidentSetSize': [1615680], 'SubmitTimes': [1743122015.0], 'StartTimes': [1743158628.0], 'EndTimes': [1743181898.0], 'TotalUserCpuTimeHistory': [21471], 'TotalSysCpuTimeHistory': [19], 'WallDurations': [9.0, 61.18577170372009, 23270.0], 'JobIds': ['119288865.0'], 'State': 'finished', 'RecordedSite': True}, '171': {'Retries': 0, 'Restarts': 0, 'SiteHistory': ['Unknown', 'T2_BR_SPRACE', 'T2_BR_SPRACE'], 'ResidentSetSize': [1631012], 'SubmitTimes': [1743122015.0], 'StartTimes': [1743158627.0], 'EndTimes': [1743184697.0], 'TotalUserCpuTimeHistory': [21117], 'TotalSysCpuTimeHistory': [72], 'WallDurations': [8.0, 62.18577170372009, 26070.0], 'JobIds': ['119288866.0'], 'State': 'finished', 'RecordedSite': True}, '172': {'Retries': 0, 'Restarts': 0, 'SiteHistory': ['Unknown', 'T2_BR_SPRACE', 'T2_BR_SPRACE'], 'ResidentSetSize': [1622144], 'SubmitTimes': [1743122015.0], 'StartTimes': [1743159127.0], 'EndTimes': [1743184997.0], 'TotalUserCpuTimeHistory': [23694], 'TotalSysCpuTimeHistory': [37], 'WallDurations': [9.0, 162.45963144302368, 25870.0], 'JobIds': ['119288867.0'], 'State': 'finished', 'RecordedSite': True}, '173': {'Retries': 0, 'Restarts': 0, 'SiteHistory': ['Unknown', 'T2_BR_SPRACE', 'T2_BR_SPRACE'], 'ResidentSetSize': [1638460], 'SubmitTimes': [1743122015.0], 'StartTimes': [1743159126.0], 'EndTimes': [1743194331.0], 'TotalUserCpuTimeHistory': [31834], 'TotalSysCpuTimeHistory': [30], 'WallDurations': [8.0, 163.45963144302368, 35205.0], 'JobIds': ['119288868.0'], 'State': 'finished', 'RecordedSite': True}, '174': {'Retries': 0, 'Restarts': 0, 'SiteHistory': ['Unknown', 'T2_BR_SPRACE', 'T2_BR_SPRACE'], 'ResidentSetSize': [1625076], 'SubmitTimes': [1743122015.0], 'StartTimes': [1743159126.0], 'EndTimes': [1743179670.0], 'TotalUserCpuTimeHistory': [18951], 'TotalSysCpuTimeHistory': [25], 'WallDurations': [8.0, 163.45963144302368, 20544.0], 'JobIds': ['119288869.0'], 'State': 'finished', 'RecordedSite': True}, '175': {'Retries': 0, 'Restarts': 0, 'SiteHistory': ['Unknown', 'T2_BR_SPRACE', 'T2_BR_SPRACE'], 'ResidentSetSize': [1615216], 'SubmitTimes': [1743122015.0], 'StartTimes': [1743159128.0], 'EndTimes': [1743180482.0], 'TotalUserCpuTimeHistory': [19677], 'TotalSysCpuTimeHistory': [18], 'WallDurations': [8.0, 161.45963144302368, 21354.0], 'JobIds': ['119288870.0'], 'State': 'finished', 'RecordedSite': True}, '176': {'Retries': 0, 'Restarts': 0, 'SiteHistory': ['Unknown', 'T2_BR_SPRACE', 'T2_BR_SPRACE'], 'ResidentSetSize': [1613456], 'SubmitTimes': [1743122015.0], 'StartTimes': [1743159126.0], 'EndTimes': [1743179095.0], 'TotalUserCpuTimeHistory': [18461], 'TotalSysCpuTimeHistory': [18], 'WallDurations': [10.0, 163.45963144302368, 19969.0], 'JobIds': ['119288871.0'], 'State': 'finished', 'RecordedSite': True}, '177': {'Retries': 0, 'Restarts': 0, 'SiteHistory': ['Unknown', 'T2_BR_SPRACE', 'T2_BR_SPRACE'], 'ResidentSetSize': [1627584], 'SubmitTimes': [1743122015.0], 'StartTimes': [1743159126.0], 'EndTimes': [1743181142.0], 'TotalUserCpuTimeHistory': [20295], 'TotalSysCpuTimeHistory': [25], 'WallDurations': [8.0, 163.45963144302368, 22016.0], 'JobIds': ['119288872.0'], 'State': 'finished', 'RecordedSite': True}, '178': {'Retries': 0, 'Restarts': 0, 'SiteHistory': ['Unknown', 'T2_BR_SPRACE', 'T2_BR_SPRACE'], 'ResidentSetSize': [1638572], 'SubmitTimes': [1743122015.0], 'StartTimes': [1743159127.0], 'EndTimes': [1743192714.0], 'TotalUserCpuTimeHistory': [30530], 'TotalSysCpuTimeHistory': [33], 'WallDurations': [8.0, 162.45963144302368, 33587.0], 'JobIds': ['119288873.0'], 'State': 'finished', 'RecordedSite': True}, '179': {'Retries': 0, 'Restarts': 0, 'SiteHistory': ['Unknown', 'T2_BR_SPRACE', 'T2_BR_SPRACE'], 'ResidentSetSize': [1625600], 'SubmitTimes': [1743122015.0], 'StartTimes': [1743159128.0], 'EndTimes': [1743179517.0], 'TotalUserCpuTimeHistory': [18782], 'TotalSysCpuTimeHistory': [35], 'WallDurations': [9.0, 161.45963144302368, 20389.0], 'JobIds': ['119288874.0'], 'State': 'finished', 'RecordedSite': True}, '180': {'Retries': 0, 'Restarts': 0, 'SiteHistory': ['Unknown', 'T2_BR_SPRACE', 'T2_BR_SPRACE'], 'ResidentSetSize': [1647488], 'SubmitTimes': [1743122015.0], 'StartTimes': [1743159128.0], 'EndTimes': [1743192988.0], 'TotalUserCpuTimeHistory': [30755], 'TotalSysCpuTimeHistory': [36], 'WallDurations': [10.0, 161.45963144302368, 33860.0], 'JobIds': ['119288875.0'], 'State': 'finished', 'RecordedSite': True}, '181': {'Retries': 0, 'Restarts': 0, 'SiteHistory': ['Unknown', 'T2_BR_SPRACE', 'T2_BR_SPRACE'], 'ResidentSetSize': [1661512], 'SubmitTimes': [1743122015.0], 'StartTimes': [1743159128.0], 'EndTimes': [1743193714.0], 'TotalUserCpuTimeHistory': [31264], 'TotalSysCpuTimeHistory': [33], 'WallDurations': [10.0, 161.45963144302368, 34586.0], 'JobIds': ['119288876.0'], 'State': 'finished', 'RecordedSite': True}, '183': {'Retries': 0, 'Restarts': 0, 'SiteHistory': ['Unknown', 'T2_BR_SPRACE', 'T2_BR_SPRACE'], 'ResidentSetSize': [1614104], 'SubmitTimes': [1743122015.0], 'StartTimes': [1743159128.0], 'EndTimes': [1743179854.0], 'TotalUserCpuTimeHistory': [19186], 'TotalSysCpuTimeHistory': [15], 'WallDurations': [8.0, 161.45963144302368, 20726.0], 'JobIds': ['119288877.0'], 'State': 'finished', 'RecordedSite': True}, '201': {'Retries': 0, 'Restarts': 0, 'SiteHistory': ['Unknown', 'T2_BR_SPRACE', 'T2_BR_SPRACE'], 'ResidentSetSize': [1510012], 'SubmitTimes': [1743122015.0], 'StartTimes': [1743159129.0], 'EndTimes': [1743180336.0], 'TotalUserCpuTimeHistory': [19557], 'TotalSysCpuTimeHistory': [14], 'WallDurations': [8.0, 160.45963144302368, 21207.0], 'JobIds': ['119288878.0'], 'State': 'finished', 'RecordedSite': True}, '186': {'Retries': 0, 'Restarts': 0, 'SiteHistory': ['Unknown', 'T2_BR_SPRACE', 'T2_BR_SPRACE'], 'ResidentSetSize': [1655304], 'SubmitTimes': [1743122015.0], 'StartTimes': [1743159127.0], 'EndTimes': [1743180372.0], 'TotalUserCpuTimeHistory': [19552], 'TotalSysCpuTimeHistory': [38], 'WallDurations': [10.0, 162.45963144302368, 21245.0], 'JobIds': ['119288879.0'], 'State': 'finished', 'RecordedSite': True}, '189': {'Retries': 0, 'Restarts': 0, 'SiteHistory': ['Unknown', 'T2_BR_SPRACE', 'T2_BR_SPRACE'], 'ResidentSetSize': [1649016], 'SubmitTimes': [1743122015.0], 'StartTimes': [1743159128.0], 'EndTimes': [1743185775.0], 'TotalUserCpuTimeHistory': [24465], 'TotalSysCpuTimeHistory': [25], 'WallDurations': [8.0, 161.45963144302368, 26647.0], 'JobIds': ['119288880.0'], 'State': 'finished', 'RecordedSite': True}, '187': {'Retries': 0, 'Restarts': 0, 'SiteHistory': ['Unknown', 'T2_BR_SPRACE', 'T2_BR_SPRACE'], 'ResidentSetSize': [1612480], 'SubmitTimes': [1743122015.0], 'StartTimes': [1743159132.0], 'EndTimes': [1743179921.0], 'TotalUserCpuTimeHistory': [19148], 'TotalSysCpuTimeHistory': [39], 'WallDurations': [9.0, 157.45963144302368, 20789.0], 'JobIds': ['119288881.0'], 'State': 'finished', 'RecordedSite': True}, '184': {'Retries': 0, 'Restarts': 0, 'SiteHistory': ['Unknown', 'T2_BR_SPRACE', 'T2_BR_SPRACE'], 'ResidentSetSize': [1516232], 'SubmitTimes': [1743122015.0], 'StartTimes': [1743159137.0], 'EndTimes': [1743181044.0], 'TotalUserCpuTimeHistory': [20201], 'TotalSysCpuTimeHistory': [29], 'WallDurations': [8.0, 152.45963144302368, 21907.0], 'JobIds': ['119288882.0'], 'State': 'finished', 'RecordedSite': True}, '195': {'Retries': 0, 'Restarts': 0, 'SiteHistory': ['Unknown', 'T2_BR_SPRACE', 'T2_BR_SPRACE'], 'ResidentSetSize': [1625516], 'SubmitTimes': [1743122015.0], 'StartTimes': [1743159137.0], 'EndTimes': [1743180412.0], 'TotalUserCpuTimeHistory': [19678], 'TotalSysCpuTimeHistory': [23], 'WallDurations': [9.0, 152.45963144302368, 21275.0], 'JobIds': ['119288883.0'], 'State': 'finished', 'RecordedSite': True}, '192': {'Retries': 0, 'Restarts': 0, 'SiteHistory': ['Unknown', 'T2_BR_SPRACE', 'T2_BR_SPRACE'], 'ResidentSetSize': [1630628], 'SubmitTimes': [1743122015.0], 'StartTimes': [1743159137.0], 'EndTimes': [1743192249.0], 'TotalUserCpuTimeHistory': [30093], 'TotalSysCpuTimeHistory': [27], 'WallDurations': [8.0, 152.45963144302368, 33112.0], 'JobIds': ['119288884.0'], 'State': 'finished', 'RecordedSite': True}, '185': {'Retries': 0, 'Restarts': 0, 'SiteHistory': ['Unknown', 'T2_BR_SPRACE', 'T2_BR_SPRACE'], 'ResidentSetSize': [1496508], 'SubmitTimes': [1743122015.0], 'StartTimes': [1743159133.0], 'EndTimes': [1743180858.0], 'TotalUserCpuTimeHistory': [19988], 'TotalSysCpuTimeHistory': [39], 'WallDurations': [8.0, 156.45963144302368, 21725.0], 'JobIds': ['119288885.0'], 'State': 'finished', 'RecordedSite': True}, '198': {'Retries': 0, 'Restarts': 0, 'SiteHistory': ['Unknown', 'T2_BR_SPRACE', 'T2_BR_SPRACE'], 'ResidentSetSize': [1494532], 'SubmitTimes': [1743122015.0], 'StartTimes': [1743159622.0], 'EndTimes': [1743182725.0], 'TotalUserCpuTimeHistory': [21301], 'TotalSysCpuTimeHistory': [16], 'WallDurations': [10.0, 267.7117648124695, 23103.0], 'JobIds': ['119288886.0'], 'State': 'finished', 'RecordedSite': True}, '188': {'Retries': 0, 'Restarts': 0, 'SiteHistory': ['Unknown', 'T2_BR_SPRACE', 'T2_BR_SPRACE'], 'ResidentSetSize': [1622064], 'SubmitTimes': [1743122015.0], 'StartTimes': [1743159622.0], 'EndTimes': [1743180116.0], 'TotalUserCpuTimeHistory': [18942], 'TotalSysCpuTimeHistory': [29], 'WallDurations': [8.0, 267.7117648124695, 20494.0], 'JobIds': ['119288887.0'], 'State': 'finished', 'RecordedSite': True}, '190': {'Retries': 0, 'Restarts': 0, 'SiteHistory': ['Unknown', 'T2_BR_SPRACE', 'T2_BR_SPRACE'], 'ResidentSetSize': [1623460], 'SubmitTimes': [1743122015.0], 'StartTimes': [1743159622.0], 'EndTimes': [1743186615.0], 'TotalUserCpuTimeHistory': [20923], 'TotalSysCpuTimeHistory': [57], 'WallDurations': [8.0, 267.7117648124695, 26993.0], 'JobIds': ['119288888.0'], 'State': 'finished', 'RecordedSite': True}, '191': {'Retries': 0, 'Restarts': 0, 'SiteHistory': ['Unknown', 'T2_BR_SPRACE', 'T2_BR_SPRACE'], 'ResidentSetSize': [1635324], 'SubmitTimes': [1743122015.0], 'StartTimes': [1743160166.0], 'EndTimes': [1743193920.0], 'TotalUserCpuTimeHistory': [30295], 'TotalSysCpuTimeHistory': [26], 'WallDurations': [8.0, 24.33103370666504, 33754.0], 'JobIds': ['119288889.0'], 'State': 'finished', 'RecordedSite': True}, '193': {'Retries': 0, 'Restarts': 0, 'SiteHistory': ['Unknown', 'T2_BR_SPRACE', 'T2_BR_SPRACE'], 'ResidentSetSize': [1599484], 'SubmitTimes': [1743122015.0], 'StartTimes': [1743160170.0], 'EndTimes': [1743193428.0], 'TotalUserCpuTimeHistory': [30108], 'TotalSysCpuTimeHistory': [27], 'WallDurations': [9.0, 20.33103370666504, 33258.0], 'JobIds': ['119288890.0'], 'State': 'finished', 'RecordedSite': True}, '194': {'Retries': 0, 'Restarts': 0, 'SiteHistory': ['Unknown', 'T2_BR_SPRACE', 'T2_BR_SPRACE'], 'ResidentSetSize': [1626236], 'SubmitTimes': [1743122015.0], 'StartTimes': [1743160163.0], 'EndTimes': [1743188751.0], 'TotalUserCpuTimeHistory': [21166], 'TotalSysCpuTimeHistory': [47], 'WallDurations': [9.0, 27.33103370666504, 28588.0], 'JobIds': ['119288891.0'], 'State': 'finished', 'RecordedSite': True}, '196': {'Retries': 0, 'Restarts': 0, 'SiteHistory': ['Unknown', 'T2_BR_SPRACE', 'T2_BR_SPRACE'], 'ResidentSetSize': [1624916], 'SubmitTimes': [1743122016.0], 'StartTimes': [1743160175.0], 'EndTimes': [1743195135.0], 'TotalUserCpuTimeHistory': [31455], 'TotalSysCpuTimeHistory': [24], 'WallDurations': [8.0, 15.331033706665039, 34960.0], 'JobIds': ['119288892.0'], 'State': 'finished', 'RecordedSite': True}, '197': {'Retries': 0, 'Restarts': 1, 'SiteHistory': ['Unknown', 'T2_BR_SPRACE', 'T2_BR_SPRACE', 'Unknown', 'T2_BR_SPRACE'], 'ResidentSetSize': [1588412, 1750000], 'SubmitTimes': [1743122016.0, -1], 'StartTimes': [1743160169.0, 1743191267.0], 'EndTimes': [1743191000.0, 1743207365.0], 'TotalUserCpuTimeHistory': [25060.0, 39691], 'TotalSysCpuTimeHistory': [33.0, 57], 'WallDurations': [8.0, 21.33103370666504, 30831.0, 0, 16098.0], 'JobIds': ['119288893.0', '119288893.0'], 'State': 'finished', 'RecordedSite': True}, '199': {'Retries': 0, 'Restarts': 0, 'SiteHistory': ['Unknown', 'T2_BR_SPRACE', 'T2_BR_SPRACE'], 'ResidentSetSize': [1541212], 'SubmitTimes': [1743122016.0], 'StartTimes': [1743160163.0], 'EndTimes': [1743190012.0], 'TotalUserCpuTimeHistory': [21363], 'TotalSysCpuTimeHistory': [54], 'WallDurations': [9.0, 27.33103370666504, 29849.0], 'JobIds': ['119288894.0'], 'State': 'finished', 'RecordedSite': True}, '200': {'Retries': 0, 'Restarts': 0, 'SiteHistory': ['Unknown', 'T2_BR_SPRACE', 'T2_BR_SPRACE'], 'ResidentSetSize': [1490136], 'SubmitTimes': [1743122016.0], 'StartTimes': [1743160164.0], 'EndTimes': [1743195958.0], 'TotalUserCpuTimeHistory': [32372], 'TotalSysCpuTimeHistory': [35], 'WallDurations': [9.0, 26.33103370666504, 35794.0], 'JobIds': ['119288895.0'], 'State': 'finished', 'RecordedSite': True}, '202': {'Retries': 0, 'Restarts': 0, 'SiteHistory': ['Unknown', 'T2_BR_SPRACE', 'T2_BR_SPRACE'], 'ResidentSetSize': [1507484], 'SubmitTimes': [1743122016.0], 'StartTimes': [1743160165.0], 'EndTimes': [1743195692.0], 'TotalUserCpuTimeHistory': [32172], 'TotalSysCpuTimeHistory': [31], 'WallDurations': [10.0, 25.33103370666504, 35527.0], 'JobIds': ['119288896.0'], 'State': 'finished', 'RecordedSite': True}, '205': {'Retries': 0, 'Restarts': 0, 'SiteHistory': ['Unknown', 'T2_BR_SPRACE', 'T2_BR_SPRACE'], 'ResidentSetSize': [1574812], 'SubmitTimes': [1743122016.0], 'StartTimes': [1743160166.0], 'EndTimes': [1743190435.0], 'TotalUserCpuTimeHistory': [21972], 'TotalSysCpuTimeHistory': [51], 'WallDurations': [8.0, 24.33103370666504, 30269.0], 'JobIds': ['119288897.0'], 'State': 'finished', 'RecordedSite': True}, '206': {'Retries': 0, 'Restarts': 1, 'SiteHistory': ['Unknown', 'T2_BR_SPRACE', 'T2_BR_SPRACE', 'Unknown', 'T2_BR_SPRACE'], 'ResidentSetSize': [1504192, 1750000], 'SubmitTimes': [1743122016.0, -1], 'StartTimes': [1743160172.0, 1743191267.0], 'EndTimes': [1743191000.0, 1743217269.0], 'TotalUserCpuTimeHistory': [25052.0, 46117], 'TotalSysCpuTimeHistory': [26.0, 80], 'WallDurations': [9.0, 18.33103370666504, 30828.0, 0, 26002.0], 'JobIds': ['119288898.0', '119288898.0'], 'State': 'finished', 'RecordedSite': True}, '204': {'Retries': 0, 'Restarts': 0, 'SiteHistory': ['Unknown', 'T2_BR_SPRACE', 'T2_BR_SPRACE'], 'ResidentSetSize': [1502620], 'SubmitTimes': [1743122016.0], 'StartTimes': [1743160169.0], 'EndTimes': [1743196056.0], 'TotalUserCpuTimeHistory': [32433], 'TotalSysCpuTimeHistory': [38], 'WallDurations': [8.0, 21.33103370666504, 35887.0], 'JobIds': ['119288899.0'], 'State': 'finished', 'RecordedSite': True}, '203': {'Retries': 0, 'Restarts': 0, 'SiteHistory': ['Unknown', 'T2_BR_SPRACE', 'T2_BR_SPRACE'], 'ResidentSetSize': [1518696], 'SubmitTimes': [1743122016.0], 'StartTimes': [1743160172.0], 'EndTimes': [1743193480.0], 'TotalUserCpuTimeHistory': [29827], 'TotalSysCpuTimeHistory': [50], 'WallDurations': [9.0, 18.33103370666504, 33308.0], 'JobIds': ['119288900.0'], 'State': 'finished', 'RecordedSite': True}, '208': {'Retries': 0, 'Restarts': 0, 'SiteHistory': ['Unknown', 'T2_BR_SPRACE', 'T2_BR_SPRACE'], 'ResidentSetSize': [1531144], 'SubmitTimes': [1743122016.0], 'StartTimes': [1743160170.0], 'EndTimes': [1743194856.0], 'TotalUserCpuTimeHistory': [31449], 'TotalSysCpuTimeHistory': [25], 'WallDurations': [8.0, 20.33103370666504, 34686.0], 'JobIds': ['119288901.0'], 'State': 'finished', 'RecordedSite': True}, '209': {'Retries': 0, 'Restarts': 0, 'SiteHistory': ['Unknown', 'T2_BR_SPRACE', 'T2_BR_SPRACE'], 'ResidentSetSize': [1534064], 'SubmitTimes': [1743122016.0], 'StartTimes': [1743160436.0], 'EndTimes': [1743194798.0], 'TotalUserCpuTimeHistory': [30895], 'TotalSysCpuTimeHistory': [44], 'WallDurations': [9.0, 54.460952281951904, 34362.0], 'JobIds': ['119288902.0'], 'State': 'finished', 'RecordedSite': True}, '211': {'Retries': 0, 'Restarts': 0, 'SiteHistory': ['Unknown', 'T2_BR_SPRACE', 'T2_BR_SPRACE'], 'ResidentSetSize': [1539652], 'SubmitTimes': [1743122016.0], 'StartTimes': [1743160434.0], 'EndTimes': [1743181184.0], 'TotalUserCpuTimeHistory': [19213], 'TotalSysCpuTimeHistory': [19], 'WallDurations': [9.0, 56.460952281951904, 20750.0], 'JobIds': ['119288903.0'], 'State': 'finished', 'RecordedSite': True}, '212': {'Retries': 0, 'Restarts': 0, 'SiteHistory': ['Unknown', 'T2_BR_SPRACE', 'T2_BR_SPRACE'], 'ResidentSetSize': [1534632], 'SubmitTimes': [1743122016.0], 'StartTimes': [1743160434.0], 'EndTimes': [1743194959.0], 'TotalUserCpuTimeHistory': [31202], 'TotalSysCpuTimeHistory': [33], 'WallDurations': [9.0, 56.460952281951904, 34525.0], 'JobIds': ['119288904.0'], 'State': 'finished', 'RecordedSite': True}, '213': {'Retries': 0, 'Restarts': 0, 'SiteHistory': ['Unknown', 'T2_BR_SPRACE', 'T2_BR_SPRACE'], 'ResidentSetSize': [1542440], 'SubmitTimes': [1743122016.0], 'StartTimes': [1743160441.0], 'EndTimes': [1743194714.0], 'TotalUserCpuTimeHistory': [30967], 'TotalSysCpuTimeHistory': [35], 'WallDurations': [9.0, 49.460952281951904, 34273.0], 'JobIds': ['119288905.0'], 'State': 'finished', 'RecordedSite': True}, '214': {'Retries': 0, 'Restarts': 0, 'SiteHistory': ['Unknown', 'T2_BR_SPRACE', 'T2_BR_SPRACE'], 'ResidentSetSize': [1540416], 'SubmitTimes': [1743122021.0], 'StartTimes': [1743160433.0], 'EndTimes': [1743194762.0], 'TotalUserCpuTimeHistory': [31171], 'TotalSysCpuTimeHistory': [32], 'WallDurations': [9.0, 57.460952281951904, 34329.0], 'JobIds': ['119288906.0'], 'State': 'finished', 'RecordedSite': True}, '207': {'Retries': 0, 'Restarts': 0, 'SiteHistory': ['Unknown', 'T2_BR_SPRACE', 'T2_BR_SPRACE'], 'ResidentSetSize': [1564872], 'SubmitTimes': [1743122021.0], 'StartTimes': [1743160433.0], 'EndTimes': [1743180757.0], 'TotalUserCpuTimeHistory': [18761], 'TotalSysCpuTimeHistory': [23], 'WallDurations': [9.0, 57.460952281951904, 20324.0], 'JobIds': ['119288907.0'], 'State': 'finished', 'RecordedSite': True}, '210': {'Retries': 0, 'Restarts': 0, 'SiteHistory': ['Unknown', 'T2_BR_SPRACE', 'T2_BR_SPRACE'], 'ResidentSetSize': [1511876], 'SubmitTimes': [1743122021.0], 'StartTimes': [1743160433.0], 'EndTimes': [1743195550.0], 'TotalUserCpuTimeHistory': [31729], 'TotalSysCpuTimeHistory': [29], 'WallDurations': [10.0, 57.460952281951904, 35117.0], 'JobIds': ['119288908.0'], 'State': 'finished', 'RecordedSite': True}, '215': {'Retries': 0, 'Restarts': 0, 'SiteHistory': ['Unknown', 'T2_BR_SPRACE', 'T2_BR_SPRACE'], 'ResidentSetSize': [1480196], 'SubmitTimes': [1743122021.0], 'StartTimes': [1743160436.0], 'EndTimes': [1743183516.0], 'TotalUserCpuTimeHistory': [20748], 'TotalSysCpuTimeHistory': [24], 'WallDurations': [9.0, 54.460952281951904, 23080.0], 'JobIds': ['119288909.0'], 'State': 'finished', 'RecordedSite': True}, '41': {'Retries': 0, 'Restarts': 0, 'SiteHistory': ['Unknown', 'T2_BR_SPRACE', 'T2_BR_SPRACE'], 'ResidentSetSize': [1545224], 'SubmitTimes': [1743122021.0], 'StartTimes': [1743160437.0], 'EndTimes': [1743194954.0], 'TotalUserCpuTimeHistory': [31164], 'TotalSysCpuTimeHistory': [38], 'WallDurations': [8.0, 53.460952281951904, 34517.0], 'JobIds': ['119288910.0'], 'State': 'finished', 'RecordedSite': True}, '182': {'Retries': 0, 'Restarts': 0, 'SiteHistory': ['Unknown', 'T2_BR_SPRACE', 'T2_BR_SPRACE'], 'ResidentSetSize': [1609840], 'SubmitTimes': [1743122021.0], 'StartTimes': [1743160436.0], 'EndTimes': [1743194104.0], 'TotalUserCpuTimeHistory': [30424], 'TotalSysCpuTimeHistory': [33], 'WallDurations': [10.0, 54.460952281951904, 33668.0], 'JobIds': ['119288911.0'], 'State': 'finished', 'RecordedSite': True}}
INFO 2025-03-29 03:07:36.197 UTC: 	 Status on the scheduler:	COMPLETED
INFO 2025-03-29 03:07:36.197 UTC: 	 
Jobs status:                    finished     		100.0% (215/215)
DEBUG 2025-03-29 03:07:36.198 UTC: 	 Encoded data for curl request: subresource=publicationstatus&workflow=250328_003104%3Aamalhotr_crab_DYto2Mu4Jets_Vertexer_100_EventAwareLumiBased&username=amalhotr
INFO 2025-03-29 03:07:36.243 UTC: 	 
Publication status of 1 dataset(s):	done         		100.0% (215/215)
(from CRAB internal bookkeeping in transferdb)
INFO 2025-03-29 03:07:36.244 UTC: 	 
Output dataset:			/DYto2Mu-4Jets_Bin-MLL-50_TuneCP5_13p6TeV_madgraphMLM-pythia8/amalhotr-DYto2Mu4Jets_Vertexer_100_EventAwareLumiBased-8eb043b42a967140b9dd5cab43cfc767/USER
Output dataset DAS URL:		https://cmsweb.cern.ch/das/request?input=%2FDYto2Mu-4Jets_Bin-MLL-50_TuneCP5_13p6TeV_madgraphMLM-pythia8%2Famalhotr-DYto2Mu4Jets_Vertexer_100_EventAwareLumiBased-8eb043b42a967140b9dd5cab43cfc767%2FUSER&instance=prod%2Fphys03
INFO 2025-03-29 03:07:36.246 UTC: 	 
Summary of run jobs:
 * Memory: 1584MB min, 2091MB max, 1511MB ave
 * Runtime: 4:28:18 min, 9:58:07 max, 7:26:38 ave
 * CPU eff: 70% min, 247% max, 84% ave
 * Waste: 24:28:21 (2% of total)

INFO 2025-03-29 03:07:36.286 UTC: 	 Log file is /afs/cern.ch/user/a/amalhotr/CMSSW_14_0_18_patch1/src/Run3ScoutingAnalysisTools/crab_projects/crab_DYto2Mu4Jets_Vertexer_100_EventAwareLumiBased/crab.log
DEBUG 2025-03-29 04:21:55.437 UTC: 	 CRAB Client version: v3.250318
DEBUG 2025-03-29 04:21:55.438 UTC: 	 Running on: Linux lxplus940.cern.ch 5.14.0-503.22.1.el9_5.x86_64 #1 SMP PREEMPT_DYNAMIC Wed Jan 15 08:02:15 EST 2025 x86_64 x86_64 x86_64 GNU/Linux
DEBUG 2025-03-29 04:21:55.438 UTC: 	 Not using Singularity
DEBUG 2025-03-29 04:21:55.438 UTC: 	 Operating System: Red Hat Enterprise Linux 9.5 (Plow)
DEBUG 2025-03-29 04:21:55.438 UTC: 	 Executing command: 'status'
DEBUG 2025-03-29 04:21:55.438 UTC: 	 Found CRAB cache file /afs/cern.ch/user/a/amalhotr/.crab3
DEBUG 2025-03-29 04:21:55.444 UTC: 	 Checking credentials
DEBUG 2025-03-29 04:21:55.444 UTC: 	 Found proxy file /tmp/x509up_u180451
DEBUG 2025-03-29 04:21:55.444 UTC: 	 Making sure it has proper VOMS extension
DEBUG 2025-03-29 04:21:55.444 UTC: 	 Executing command :
 voms-proxy-info --vo --file /tmp/x509up_u180451
DEBUG 2025-03-29 04:21:55.811 UTC: 	 output : cms

 error: 
 retcode : 0
DEBUG 2025-03-29 04:21:55.811 UTC: 	 Getting proxy life time left
DEBUG 2025-03-29 04:21:55.811 UTC: 	 Executing command :
 voms-proxy-info --actimeleft --timeleft --file /tmp/x509up_u180451
DEBUG 2025-03-29 04:21:56.129 UTC: 	 output : 589758
589758

 error: 
 retcode : 0
DEBUG 2025-03-29 04:21:56.129 UTC: 	 Proxy valid for 163:49:18 hours
DEBUG 2025-03-29 04:21:56.130 UTC: 	 Encoded data for curl request: subresource=delegatedn
DEBUG 2025-03-29 04:21:56.234 UTC: 	 Registering user credentials on myproxy for /DC=ch/DC=cern/OU=computers/CN=crab-(preprod|prod)-tw(01|02).cern.ch|/DC=ch/DC=cern/OU=computers/CN=crab-dev-tw(01|02|03|04).cern.ch|/DC=ch/DC=cern/OU=Organic Units/OU=Users/CN=cmscrab/CN=(817881|373708)/CN=Robot: cms crab|/DC=ch/DC=cern/OU=Organic Units/OU=Users/CN=crabint1/CN=373708/CN=Robot: CMS CRAB Integration 1
DEBUG 2025-03-29 04:21:56.234 UTC: 	 Executing command :
 voms-proxy-info --identity --file /tmp/x509up_u180451
DEBUG 2025-03-29 04:21:56.585 UTC: 	 output : /DC=ch/DC=cern/OU=Organic Units/OU=Users/CN=amalhotr/CN=884837/CN=Aryan Malhotra

 error: 
 retcode : 0
DEBUG 2025-03-29 04:21:56.586 UTC: 	 Getting myproxy life time left for 2382a3cf28fdeacb1de9b039908761ea517a5ed6
DEBUG 2025-03-29 04:21:56.586 UTC: 	 Executing command :
 myproxy-info -s myproxy.cern.ch -l 2382a3cf28fdeacb1de9b039908761ea517a5ed6
DEBUG 2025-03-29 04:21:56.855 UTC: 	 output : username: 2382a3cf28fdeacb1de9b039908761ea517a5ed6
owner: /DC=ch/DC=cern/OU=Organic Units/OU=Users/CN=amalhotr/CN=884837/CN=Aryan Malhotra
  renewal policy: /DC=ch/DC=cern/OU=computers/CN=crab-(preprod|prod)-tw(01|02).cern.ch|/DC=ch/DC=cern/OU=computers/CN=crab-dev-tw(01|02|03|04).cern.ch|/DC=ch/DC=cern/OU=Organic Units/OU=Users/CN=cmscrab/CN=(817881|373708)/CN=Robot: cms crab|/DC=ch/DC=cern/OU=Organic Units/OU=Users/CN=crabint1/CN=373708/CN=Robot: CMS CRAB Integration 1
  trusted retrieval policy: /DC=ch/DC=cern/OU=computers/CN=crab-(preprod|prod)-tw(01|02).cern.ch|/DC=ch/DC=cern/OU=computers/CN=crab-dev-tw(01|02|03|04).cern.ch|/DC=ch/DC=cern/OU=Organic Units/OU=Users/CN=cmscrab/CN=(817881|373708)/CN=Robot: cms crab|/DC=ch/DC=cern/OU=Organic Units/OU=Users/CN=crabint1/CN=373708/CN=Robot: CMS CRAB Integration 1
  timeleft: 479:58:22  (20.0 days)

 error: 
 retcode : 0
DEBUG 2025-03-29 04:21:56.855 UTC: 	 Myproxy is valid: 1727880
DEBUG 2025-03-29 04:21:56.855 UTC: 	 Result of myproxy credential check:
  Credential exists on myproxy: username: 2382a3cf28fdeacb1de9b039908761ea517a5ed6  - validity: 19 days, 23:58:00
DEBUG 2025-03-29 04:21:56.855 UTC: 	 Retrieving username ...
DEBUG 2025-03-29 04:21:56.855 UTC: 	 Retrieving username from CRIC...
DEBUG 2025-03-29 04:21:57.706 UTC: 	 username is amalhotr
INFO 2025-03-29 04:21:58.229 UTC: 	 Rucio client intialized for account amalhotr
DEBUG 2025-03-29 04:21:58.230 UTC: 	 Command use: status
DEBUG 2025-03-29 04:21:58.230 UTC: 	 Options use: ['-d', 'crab_projects/crab_DYto2Mu4Jets_Vertexer_100_EventAwareLumiBased']
DEBUG 2025-03-29 04:21:58.230 UTC: 	 Encoded data for curl request: subresource=version
DEBUG 2025-03-29 04:21:58.265 UTC: 	 CRABClient version: v3.250318
DEBUG 2025-03-29 04:21:58.265 UTC: 	 Instance is prod
DEBUG 2025-03-29 04:21:58.266 UTC: 	 Server base url is cmsweb.cern.ch
DEBUG 2025-03-29 04:21:58.266 UTC: 	 Command api workflow
DEBUG 2025-03-29 04:21:58.266 UTC: 	 Encoded data for curl request: subresource=search&workflow=250328_003104%3Aamalhotr_crab_DYto2Mu4Jets_Vertexer_100_EventAwareLumiBased
DEBUG 2025-03-29 04:21:58.314 UTC: 	 Got information from server oracle database: {'desc': {'columns': ['tm_taskname', 'tm_activity', 'tm_task_status', 'tm_task_command', 'tm_start_time', 'tm_start_injection', 'tm_end_injection', 'tm_task_failure', 'tm_job_sw', 'tm_job_arch', 'tm_input_dataset', 'tm_nonvalid_input_dataset', 'tm_use_parent', 'tm_site_whitelist', 'tm_site_blacklist', 'tm_split_algo', 'tm_split_args', 'tm_user_sandbox', 'tm_cache_url', 'tm_username', 'tm_user_dn', 'tm_user_vo', 'tm_user_role', 'tm_user_group', 'tm_publish_name', 'tm_publish_groupname', 'tm_asyncdest', 'tm_dbs_url', 'tm_publish_dbs_url', 'tm_publication', 'tm_outfiles', 'tm_tfile_outfiles', 'tm_edm_outfiles', 'tm_job_type', 'tm_generator', 'tm_events_per_lumi', 'tm_arguments', 'tm_save_logs', 'tw_name', 'tm_user_infiles', 'tm_maxjobruntime', 'tm_numcores', 'tm_maxmemory', 'tm_priority', 'tm_output_dataset', 'tm_task_warnings', 'tm_user_webdir', 'tm_scriptexe', 'tm_scriptargs', 'tm_extrajdl', 'tm_collector', 'tm_schedd', 'tm_dry_run', 'tm_user_files', 'tm_transfer_outputs', 'tm_output_lfn', 'tm_ignore_locality', 'tm_fail_limit', 'tm_one_event_mode', 'tm_secondary_input_dataset', 'tm_primary_dataset', 'tm_last_publication', 'tm_debug_files', 'clusterid', 'tm_ignore_global_blacklist', 'tm_submitter_ip_addr', 'tm_totalunits', 'tm_ddm_reqid', 'tm_user_config', 'tm_transfer_container', 'tm_transfer_rule', 'tm_publish_rule', 'tm_multipub_rule', 'tm_job_min_microarch', 'tm_dagman_status', 'tm_num_jobs', 'tm_uploaded']}, 'result': ['250328_003104:amalhotr_crab_DYto2Mu4Jets_Vertexer_100_EventAwareLumiBased', 'None', 'SUBMITTED', 'SUBMIT', '2025-03-28 00:31:04.613630', 'None', '2025-03-28 00:32:18.624032', 'None', 'CMSSW_14_0_18_patch1', 'el9_amd64_gcc12', '/DYto2Mu-4Jets_Bin-MLL-50_TuneCP5_13p6TeV_madgraphMLM-pythia8/amalhotr-DYto2Mu4Jets_Unpacker_100-49feb6938084587a06052f9676570a55/USER', 'F', '0', '[]', '[]', 'EventAwareLumiBased', "{'halt_job_on_file_boundaries': False, 'splitOnRun': False, 'events_per_job': 20000, 'runs': [], 'lumis': []}", 'c69e9220b4b67efce6c3d4ab97902bd8138835f4ff2c08c8112469e7d0015c74.tar.gz', 'https://cmsweb.cern.ch/S3/crabcache_prod', 'amalhotr', '/DC=ch/DC=cern/OU=Organic Units/OU=Users/CN=amalhotr/CN=884837/CN=Aryan Malhotra', 'cms', 'None', 'None', 'DYto2Mu4Jets_Vertexer_100_EventAwareLumiBased-00000000000000000000000000000000', 'F', 'T2_BR_SPRACE', 'https://cmsweb.cern.ch/dbs/prod/phys03/DBSReader', 'https://cmsweb.cern.ch/dbs/prod/phys03/DBSWriter', 'T', '[]', '[]', "['DY2M_VertexerOutput.root']", 'Analysis', 'pythia', 'None', '{}', 'T', 'crab-prod-tw01', '[]', '1250', '1', '2500', '10', "['/DYto2Mu-4Jets_Bin-MLL-50_TuneCP5_13p6TeV_madgraphMLM-pythia8/amalhotr-DYto2Mu4Jets_Vertexer_100_EventAwareLumiBased-8eb043b42a967140b9dd5cab43cfc767/USER']", '[]', 'http://vocms0121.cern.ch/mon/amalhotr/250328_003104:amalhotr_crab_DYto2Mu4Jets_Vertexer_100_EventAwareLumiBased', 'None', '[]', '[]', 'cmsgwms-collector-global.cern.ch:9620,cmsgwms-collector-global.fnal.gov:9620', 'crab3@vocms0121.cern.ch', 'F', '[]', 'T', '/store/user/amalhotr/', 'F', 'None', 'F', 'None', 'DYto2Mu-4Jets_Bin-MLL-50_TuneCP5_13p6TeV_madgraphMLM-pythia8', 'None', 'b7cb14b167fdb5609303f2e6d1589841b8e7db6c3bc8062164a35e4266da1a8d.tar.gz', '119288685', 'F', '188.184.73.32', '0.0', 'None', '{"partialdataset": false, "requireaccelerator": false, "acceleratorparams": null, "inputblocks": null}', 'None', 'None', 'None', 'None', 'any', 'NOT_READY', '0', 'F']}
INFO 2025-03-29 04:21:58.314 UTC: 	 CRAB project directory:		/afs/cern.ch/user/a/amalhotr/CMSSW_14_0_18_patch1/src/Run3ScoutingAnalysisTools/crab_projects/crab_DYto2Mu4Jets_Vertexer_100_EventAwareLumiBased
INFO 2025-03-29 04:21:58.314 UTC: 	 Task name:			250328_003104:amalhotr_crab_DYto2Mu4Jets_Vertexer_100_EventAwareLumiBased
INFO 2025-03-29 04:21:58.314 UTC: 	 Grid scheduler - Task Worker:	crab3@vocms0121.cern.ch - crab-prod-tw01
INFO 2025-03-29 04:21:58.314 UTC: 	 Status on the CRAB server:	SUBMITTED
INFO 2025-03-29 04:21:58.315 UTC: 	 Task URL to use for HELP:	https://cmsweb.cern.ch/crabserver/ui/task/250328_003104%3Aamalhotr_crab_DYto2Mu4Jets_Vertexer_100_EventAwareLumiBased
INFO 2025-03-29 04:21:58.321 UTC: 	 Dashboard monitoring URL:	https://monit-grafana.cern.ch/d/cmsTMDetail/cms-task-monitoring-task-view?orgId=11&var-user=amalhotr&var-task=250328_003104%3Aamalhotr_crab_DYto2Mu4Jets_Vertexer_100_EventAwareLumiBased&from=1743118264000&to=now
DEBUG 2025-03-29 04:21:58.321 UTC: 	 The CRAB server submitted your task to the Grid scheduler (cluster ID: 119288685)
DEBUG 2025-03-29 04:21:58.321 UTC: 	 Webdir is located at http://vocms0121.cern.ch/mon/amalhotr/250328_003104:amalhotr_crab_DYto2Mu4Jets_Vertexer_100_EventAwareLumiBased
DEBUG 2025-03-29 04:21:58.322 UTC: 	 Encoded data for curl request: subresource=webdirprx&workflow=250328_003104%3Aamalhotr_crab_DYto2Mu4Jets_Vertexer_100_EventAwareLumiBased
DEBUG 2025-03-29 04:21:58.363 UTC: 	 Proxied webdir is located at https://cmsweb.cern.ch:8443/scheddmon/0121/amalhotr/250328_003104:amalhotr_crab_DYto2Mu4Jets_Vertexer_100_EventAwareLumiBased
DEBUG 2025-03-29 04:21:58.364 UTC: 	 Retrieving 'status_cache' file from https://cmsweb.cern.ch:8443/scheddmon/0121/amalhotr/250328_003104:amalhotr_crab_DYto2Mu4Jets_Vertexer_100_EventAwareLumiBased/status_cache.pkl
DEBUG 2025-03-29 04:21:58.364 UTC: 	 Will execute:
curl -sS --capath /etc/grid-security/certificates --cert /tmp/x509up_u180451 --key /tmp/x509up_u180451 -o /tmp/crab_status-cache-d394_4qm.pkl -w %"{http_code}" "https://cmsweb.cern.ch:8443/scheddmon/0121/amalhotr/250328_003104:amalhotr_crab_DYto2Mu4Jets_Vertexer_100_EventAwareLumiBased/status_cache.pkl"
DEBUG 2025-03-29 04:21:58.364 UTC: 	 Executing command :
 curl -sS --capath /etc/grid-security/certificates --cert /tmp/x509up_u180451 --key /tmp/x509up_u180451 -o /tmp/crab_status-cache-d394_4qm.pkl -w %"{http_code}" "https://cmsweb.cern.ch:8443/scheddmon/0121/amalhotr/250328_003104:amalhotr_crab_DYto2Mu4Jets_Vertexer_100_EventAwareLumiBased/status_cache.pkl"
DEBUG 2025-03-29 04:21:58.398 UTC: 	 output : 200
 error: 
 retcode : 0
DEBUG 2025-03-29 04:21:58.398 UTC: 	 exitcode: 0
stdout: 200
stderr: 
error details: 
DEBUG 2025-03-29 04:21:58.400 UTC: 	 Got information from status cache file: {'13': {'Retries': 0, 'Restarts': 0, 'SiteHistory': ['Unknown', 'T2_BR_SPRACE', 'T2_BR_SPRACE'], 'ResidentSetSize': [1614892], 'SubmitTimes': [1743122002.0], 'StartTimes': [1743152624.0], 'EndTimes': [1743183603.0], 'TotalUserCpuTimeHistory': [21884], 'TotalSysCpuTimeHistory': [45], 'WallDurations': [10.0, 61.642844438552856, 30979.0], 'JobIds': ['119288695.0'], 'State': 'finished', 'RecordedSite': True}, '7': {'Retries': 0, 'Restarts': 0, 'SiteHistory': ['Unknown', 'T2_BR_SPRACE', 'T2_BR_SPRACE'], 'ResidentSetSize': [1626300], 'SubmitTimes': [1743122002.0], 'StartTimes': [1743152621.0], 'EndTimes': [1743184249.0], 'TotalUserCpuTimeHistory': [22269], 'TotalSysCpuTimeHistory': [57], 'WallDurations': [8.0, 64.64284443855286, 31628.0], 'JobIds': ['119288696.0'], 'State': 'finished', 'RecordedSite': True}, '9': {'Retries': 0, 'Restarts': 0, 'SiteHistory': ['Unknown', 'T2_BR_SPRACE', 'T2_BR_SPRACE'], 'ResidentSetSize': [1642672], 'SubmitTimes': [1743122002.0], 'StartTimes': [1743152620.0], 'EndTimes': [1743180806.0], 'TotalUserCpuTimeHistory': [21551], 'TotalSysCpuTimeHistory': [62], 'WallDurations': [10.0, 65.64284443855286, 28186.0], 'JobIds': ['119288697.0'], 'State': 'finished', 'RecordedSite': True}, '8': {'Retries': 0, 'Restarts': 0, 'SiteHistory': ['Unknown', 'T2_BR_SPRACE', 'T2_BR_SPRACE'], 'ResidentSetSize': [1558972], 'SubmitTimes': [1743122002.0], 'StartTimes': [1743152631.0], 'EndTimes': [1743179465.0], 'TotalUserCpuTimeHistory': [21298], 'TotalSysCpuTimeHistory': [101], 'WallDurations': [8.0, 54.642844438552856, 26834.0], 'JobIds': ['119288698.0'], 'State': 'finished', 'RecordedSite': True}, '4': {'Retries': 0, 'Restarts': 0, 'SiteHistory': ['Unknown', 'T2_BR_SPRACE', 'T2_BR_SPRACE'], 'ResidentSetSize': [1623560], 'SubmitTimes': [1743122002.0], 'StartTimes': [1743160675.0], 'EndTimes': [1743189010.0], 'TotalUserCpuTimeHistory': [21856], 'TotalSysCpuTimeHistory': [87], 'WallDurations': [9.0, 115.58671689033508, 28335.0], 'JobIds': ['119288699.0'], 'State': 'finished', 'RecordedSite': True}, '20': {'Retries': 0, 'Restarts': 0, 'SiteHistory': ['Unknown', 'T2_BR_SPRACE', 'T2_BR_SPRACE'], 'ResidentSetSize': [1594444], 'SubmitTimes': [1743122002.0], 'StartTimes': [1743152627.0], 'EndTimes': [1743181566.0], 'TotalUserCpuTimeHistory': [21218], 'TotalSysCpuTimeHistory': [162], 'WallDurations': [9.0, 58.642844438552856, 28939.0], 'JobIds': ['119288700.0'], 'State': 'finished', 'RecordedSite': True}, '10': {'Retries': 0, 'Restarts': 0, 'SiteHistory': ['Unknown', 'T2_BR_SPRACE', 'T2_BR_SPRACE'], 'ResidentSetSize': [1633020], 'SubmitTimes': [1743122002.0], 'StartTimes': [1743152627.0], 'EndTimes': [1743182662.0], 'TotalUserCpuTimeHistory': [21978], 'TotalSysCpuTimeHistory': [132], 'WallDurations': [8.0, 58.642844438552856, 30035.0], 'JobIds': ['119288701.0'], 'State': 'finished', 'RecordedSite': True}, '14': {'Retries': 0, 'Restarts': 0, 'SiteHistory': ['Unknown', 'T2_BR_SPRACE', 'T2_BR_SPRACE'], 'ResidentSetSize': [1574340], 'SubmitTimes': [1743122002.0], 'StartTimes': [1743152620.0], 'EndTimes': [1743180436.0], 'TotalUserCpuTimeHistory': [20861], 'TotalSysCpuTimeHistory': [136], 'WallDurations': [10.0, 65.64284443855286, 27816.0], 'JobIds': ['119288702.0'], 'State': 'finished', 'RecordedSite': True}, '18': {'Retries': 0, 'Restarts': 0, 'SiteHistory': ['Unknown', 'T2_BR_SPRACE', 'T2_BR_SPRACE'], 'ResidentSetSize': [1548744], 'SubmitTimes': [1743122002.0], 'StartTimes': [1743152624.0], 'EndTimes': [1743179635.0], 'TotalUserCpuTimeHistory': [21663], 'TotalSysCpuTimeHistory': [45], 'WallDurations': [9.0, 61.642844438552856, 27011.0], 'JobIds': ['119288703.0'], 'State': 'finished', 'RecordedSite': True}, '6': {'Retries': 0, 'Restarts': 0, 'SiteHistory': ['Unknown', 'T2_BR_SPRACE', 'T2_BR_SPRACE'], 'ResidentSetSize': [1642276], 'SubmitTimes': [1743122002.0], 'StartTimes': [1743152621.0], 'EndTimes': [1743183332.0], 'TotalUserCpuTimeHistory': [21840], 'TotalSysCpuTimeHistory': [45], 'WallDurations': [9.0, 64.64284443855286, 30711.0], 'JobIds': ['119288704.0'], 'State': 'finished', 'RecordedSite': True}, '11': {'Retries': 0, 'Restarts': 0, 'SiteHistory': ['Unknown', 'T2_BR_SPRACE', 'T2_BR_SPRACE'], 'ResidentSetSize': [1618840], 'SubmitTimes': [1743122002.0], 'StartTimes': [1743152620.0], 'EndTimes': [1743184112.0], 'TotalUserCpuTimeHistory': [22481], 'TotalSysCpuTimeHistory': [88], 'WallDurations': [9.0, 65.64284443855286, 31492.0], 'JobIds': ['119288705.0'], 'State': 'finished', 'RecordedSite': True}, '3': {'Retries': 0, 'Restarts': 0, 'SiteHistory': ['Unknown', 'T2_BR_SPRACE', 'T2_BR_SPRACE'], 'ResidentSetSize': [2059656], 'SubmitTimes': [1743122002.0], 'StartTimes': [1743160674.0], 'EndTimes': [1743189012.0], 'TotalUserCpuTimeHistory': [22166], 'TotalSysCpuTimeHistory': [51], 'WallDurations': [9.0, 116.58671689033508, 28338.0], 'JobIds': ['119288706.0'], 'State': 'finished', 'RecordedSite': True}, '2': {'Retries': 0, 'Restarts': 0, 'SiteHistory': ['Unknown', 'T2_BR_SPRACE', 'T2_BR_SPRACE'], 'ResidentSetSize': [1601828], 'SubmitTimes': [1743122002.0], 'StartTimes': [1743160675.0], 'EndTimes': [1743186453.0], 'TotalUserCpuTimeHistory': [23365], 'TotalSysCpuTimeHistory': [31], 'WallDurations': [8.0, 115.58671689033508, 25778.0], 'JobIds': ['119288707.0'], 'State': 'finished', 'RecordedSite': True}, '16': {'Retries': 0, 'Restarts': 0, 'SiteHistory': ['Unknown', 'T2_BR_SPRACE', 'T2_BR_SPRACE'], 'ResidentSetSize': [1556232], 'SubmitTimes': [1743122002.0], 'StartTimes': [1743152622.0], 'EndTimes': [1743179369.0], 'TotalUserCpuTimeHistory': [21815], 'TotalSysCpuTimeHistory': [63], 'WallDurations': [9.0, 63.642844438552856, 26747.0], 'JobIds': ['119288708.0'], 'State': 'finished', 'RecordedSite': True}, '12': {'Retries': 0, 'Restarts': 0, 'SiteHistory': ['Unknown', 'T2_BR_SPRACE', 'T2_BR_SPRACE'], 'ResidentSetSize': [1632292], 'SubmitTimes': [1743122002.0], 'StartTimes': [1743152621.0], 'EndTimes': [1743181603.0], 'TotalUserCpuTimeHistory': [21985], 'TotalSysCpuTimeHistory': [60], 'WallDurations': [9.0, 64.64284443855286, 28982.0], 'JobIds': ['119288709.0'], 'State': 'finished', 'RecordedSite': True}, '19': {'Retries': 0, 'Restarts': 0, 'SiteHistory': ['Unknown', 'T2_BR_SPRACE', 'T2_BR_SPRACE'], 'ResidentSetSize': [1498876], 'SubmitTimes': [1743122002.0], 'StartTimes': [1743152620.0], 'EndTimes': [1743181132.0], 'TotalUserCpuTimeHistory': [21439], 'TotalSysCpuTimeHistory': [85], 'WallDurations': [9.0, 65.64284443855286, 28512.0], 'JobIds': ['119288710.0'], 'State': 'finished', 'RecordedSite': True}, '1': {'Retries': 0, 'Restarts': 0, 'SiteHistory': ['Unknown', 'T2_BR_SPRACE', 'T2_BR_SPRACE'], 'ResidentSetSize': [1622388], 'SubmitTimes': [1743122002.0], 'StartTimes': [1743160675.0], 'EndTimes': [1743193278.0], 'TotalUserCpuTimeHistory': [29442], 'TotalSysCpuTimeHistory': [34], 'WallDurations': [8.0, 115.58671689033508, 32603.0], 'JobIds': ['119288711.0'], 'State': 'finished', 'RecordedSite': True}, '17': {'Retries': 0, 'Restarts': 0, 'SiteHistory': ['Unknown', 'T2_BR_SPRACE', 'T2_BR_SPRACE'], 'ResidentSetSize': [1561388], 'SubmitTimes': [1743122002.0], 'StartTimes': [1743152627.0], 'EndTimes': [1743180908.0], 'TotalUserCpuTimeHistory': [21431], 'TotalSysCpuTimeHistory': [80], 'WallDurations': [8.0, 58.642844438552856, 28281.0], 'JobIds': ['119288712.0'], 'State': 'finished', 'RecordedSite': True}, '5': {'Retries': 0, 'Restarts': 0, 'SiteHistory': ['Unknown', 'T2_BR_SPRACE', 'T2_BR_SPRACE'], 'ResidentSetSize': [1625148], 'SubmitTimes': [1743122002.0], 'StartTimes': [1743160675.0], 'EndTimes': [1743186823.0], 'TotalUserCpuTimeHistory': [24002], 'TotalSysCpuTimeHistory': [23], 'WallDurations': [9.0, 115.58671689033508, 26148.0], 'JobIds': ['119288713.0'], 'State': 'finished', 'RecordedSite': True}, '15': {'Retries': 0, 'Restarts': 0, 'SiteHistory': ['Unknown', 'T2_BR_SPRACE', 'T2_BR_SPRACE'], 'ResidentSetSize': [1573960], 'SubmitTimes': [1743122002.0], 'StartTimes': [1743152623.0], 'EndTimes': [1743178164.0], 'TotalUserCpuTimeHistory': [20617], 'TotalSysCpuTimeHistory': [55], 'WallDurations': [9.0, 62.642844438552856, 25541.0], 'JobIds': ['119288714.0'], 'State': 'finished', 'RecordedSite': True}, '24': {'Retries': 0, 'Restarts': 0, 'SiteHistory': ['Unknown', 'T2_BR_SPRACE', 'T2_BR_SPRACE'], 'ResidentSetSize': [1588464], 'SubmitTimes': [1743122007.0], 'StartTimes': [1743152624.0], 'EndTimes': [1743182991.0], 'TotalUserCpuTimeHistory': [21541], 'TotalSysCpuTimeHistory': [57], 'WallDurations': [8.0, 61.642844438552856, 30367.0], 'JobIds': ['119288717.0'], 'State': 'finished', 'RecordedSite': True}, '21': {'Retries': 0, 'Restarts': 0, 'SiteHistory': ['Unknown', 'T2_BR_SPRACE', 'T2_BR_SPRACE'], 'ResidentSetSize': [1597896], 'SubmitTimes': [1743122007.0], 'StartTimes': [1743152622.0], 'EndTimes': [1743181671.0], 'TotalUserCpuTimeHistory': [21825], 'TotalSysCpuTimeHistory': [79], 'WallDurations': [8.0, 63.642844438552856, 29049.0], 'JobIds': ['119288718.0'], 'State': 'finished', 'RecordedSite': True}, '22': {'Retries': 0, 'Restarts': 0, 'SiteHistory': ['Unknown', 'T2_BR_SPRACE', 'T2_BR_SPRACE'], 'ResidentSetSize': [1580916], 'SubmitTimes': [1743122007.0], 'StartTimes': [1743152623.0], 'EndTimes': [1743183498.0], 'TotalUserCpuTimeHistory': [21685], 'TotalSysCpuTimeHistory': [83], 'WallDurations': [9.0, 62.642844438552856, 30875.0], 'JobIds': ['119288719.0'], 'State': 'finished', 'RecordedSite': True}, '23': {'Retries': 0, 'Restarts': 0, 'SiteHistory': ['Unknown', 'T2_BR_SPRACE', 'T2_BR_SPRACE'], 'ResidentSetSize': [1620016], 'SubmitTimes': [1743122007.0], 'StartTimes': [1743152627.0], 'EndTimes': [1743179472.0], 'TotalUserCpuTimeHistory': [21309], 'TotalSysCpuTimeHistory': [58], 'WallDurations': [9.0, 58.642844438552856, 26845.0], 'JobIds': ['119288720.0'], 'State': 'finished', 'RecordedSite': True}, '25': {'Retries': 0, 'Restarts': 0, 'SiteHistory': ['Unknown', 'T2_BR_SPRACE', 'T2_BR_SPRACE'], 'ResidentSetSize': [1599940], 'SubmitTimes': [1743122007.0], 'StartTimes': [1743152622.0], 'EndTimes': [1743181666.0], 'TotalUserCpuTimeHistory': [21942], 'TotalSysCpuTimeHistory': [52], 'WallDurations': [8.0, 63.642844438552856, 29044.0], 'JobIds': ['119288721.0'], 'State': 'finished', 'RecordedSite': True}, '26': {'Retries': 0, 'Restarts': 0, 'SiteHistory': ['Unknown', 'T2_BR_SPRACE', 'T2_BR_SPRACE'], 'ResidentSetSize': [1594144], 'SubmitTimes': [1743122007.0], 'StartTimes': [1743152624.0], 'EndTimes': [1743180844.0], 'TotalUserCpuTimeHistory': [21471], 'TotalSysCpuTimeHistory': [60], 'WallDurations': [10.0, 61.642844438552856, 28220.0], 'JobIds': ['119288722.0'], 'State': 'finished', 'RecordedSite': True}, '27': {'Retries': 0, 'Restarts': 0, 'SiteHistory': ['Unknown', 'T2_BR_SPRACE', 'T2_BR_SPRACE'], 'ResidentSetSize': [1587892], 'SubmitTimes': [1743122007.0], 'StartTimes': [1743152624.0], 'EndTimes': [1743180981.0], 'TotalUserCpuTimeHistory': [21346], 'TotalSysCpuTimeHistory': [74], 'WallDurations': [10.0, 61.642844438552856, 28357.0], 'JobIds': ['119288723.0'], 'State': 'finished', 'RecordedSite': True}, '28': {'Retries': 0, 'Restarts': 0, 'SiteHistory': ['Unknown', 'T2_BR_SPRACE', 'T2_BR_SPRACE'], 'ResidentSetSize': [1581492], 'SubmitTimes': [1743122007.0], 'StartTimes': [1743152625.0], 'EndTimes': [1743179963.0], 'TotalUserCpuTimeHistory': [22187], 'TotalSysCpuTimeHistory': [90], 'WallDurations': [8.0, 60.642844438552856, 27338.0], 'JobIds': ['119288724.0'], 'State': 'finished', 'RecordedSite': True}, '29': {'Retries': 0, 'Restarts': 0, 'SiteHistory': ['Unknown', 'T2_BR_SPRACE', 'T2_BR_SPRACE'], 'ResidentSetSize': [1607216], 'SubmitTimes': [1743122007.0], 'StartTimes': [1743152624.0], 'EndTimes': [1743182667.0], 'TotalUserCpuTimeHistory': [21276], 'TotalSysCpuTimeHistory': [92], 'WallDurations': [10.0, 61.642844438552856, 30043.0], 'JobIds': ['119288725.0'], 'State': 'finished', 'RecordedSite': True}, '30': {'Retries': 0, 'Restarts': 0, 'SiteHistory': ['Unknown', 'T2_BR_SPRACE', 'T2_BR_SPRACE'], 'ResidentSetSize': [1581624], 'SubmitTimes': [1743122007.0], 'StartTimes': [1743152872.0], 'EndTimes': [1743181242.0], 'TotalUserCpuTimeHistory': [21037], 'TotalSysCpuTimeHistory': [110], 'WallDurations': [8.0, 113.76586365699768, 28370.0], 'JobIds': ['119288726.0'], 'State': 'finished', 'RecordedSite': True}, '31': {'Retries': 0, 'Restarts': 0, 'SiteHistory': ['Unknown', 'T2_BR_SPRACE', 'T2_BR_SPRACE'], 'ResidentSetSize': [1574456], 'SubmitTimes': [1743122007.0], 'StartTimes': [1743152871.0], 'EndTimes': [1743182133.0], 'TotalUserCpuTimeHistory': [21527], 'TotalSysCpuTimeHistory': [161], 'WallDurations': [9.0, 114.76586365699768, 29262.0], 'JobIds': ['119288727.0'], 'State': 'finished', 'RecordedSite': True}, '32': {'Retries': 0, 'Restarts': 0, 'SiteHistory': ['Unknown', 'T2_BR_SPRACE', 'T2_BR_SPRACE'], 'ResidentSetSize': [1572272], 'SubmitTimes': [1743122007.0], 'StartTimes': [1743152879.0], 'EndTimes': [1743182609.0], 'TotalUserCpuTimeHistory': [21227], 'TotalSysCpuTimeHistory': [65], 'WallDurations': [10.0, 106.76586365699768, 29730.0], 'JobIds': ['119288728.0'], 'State': 'finished', 'RecordedSite': True}, '33': {'Retries': 0, 'Restarts': 0, 'SiteHistory': ['Unknown', 'T2_BR_SPRACE', 'T2_BR_SPRACE'], 'ResidentSetSize': [1581512], 'SubmitTimes': [1743122007.0], 'StartTimes': [1743152873.0], 'EndTimes': [1743180305.0], 'TotalUserCpuTimeHistory': [21014], 'TotalSysCpuTimeHistory': [43], 'WallDurations': [8.0, 112.76586365699768, 27432.0], 'JobIds': ['119288729.0'], 'State': 'finished', 'RecordedSite': True}, '34': {'Retries': 0, 'Restarts': 0, 'SiteHistory': ['Unknown', 'T2_BR_SPRACE', 'T2_BR_SPRACE'], 'ResidentSetSize': [1607188], 'SubmitTimes': [1743122007.0], 'StartTimes': [1743152872.0], 'EndTimes': [1743179187.0], 'TotalUserCpuTimeHistory': [20998], 'TotalSysCpuTimeHistory': [60], 'WallDurations': [8.0, 113.76586365699768, 26315.0], 'JobIds': ['119288730.0'], 'State': 'finished', 'RecordedSite': True}, '35': {'Retries': 0, 'Restarts': 0, 'SiteHistory': ['Unknown', 'T2_BR_SPRACE', 'T2_BR_SPRACE'], 'ResidentSetSize': [1629452], 'SubmitTimes': [1743122007.0], 'StartTimes': [1743152873.0], 'EndTimes': [1743181592.0], 'TotalUserCpuTimeHistory': [21897], 'TotalSysCpuTimeHistory': [94], 'WallDurations': [9.0, 112.76586365699768, 28719.0], 'JobIds': ['119288731.0'], 'State': 'finished', 'RecordedSite': True}, '36': {'Retries': 0, 'Restarts': 0, 'SiteHistory': ['Unknown', 'T2_BR_SPRACE', 'T2_BR_SPRACE'], 'ResidentSetSize': [1596444], 'SubmitTimes': [1743122007.0], 'StartTimes': [1743152873.0], 'EndTimes': [1743179508.0], 'TotalUserCpuTimeHistory': [21654], 'TotalSysCpuTimeHistory': [56], 'WallDurations': [8.0, 112.76586365699768, 26635.0], 'JobIds': ['119288732.0'], 'State': 'finished', 'RecordedSite': True}, '37': {'Retries': 0, 'Restarts': 0, 'SiteHistory': ['Unknown', 'T2_BR_SPRACE', 'T2_BR_SPRACE'], 'ResidentSetSize': [1598264], 'SubmitTimes': [1743122007.0], 'StartTimes': [1743152875.0], 'EndTimes': [1743182897.0], 'TotalUserCpuTimeHistory': [22391], 'TotalSysCpuTimeHistory': [134], 'WallDurations': [8.0, 110.76586365699768, 30022.0], 'JobIds': ['119288733.0'], 'State': 'finished', 'RecordedSite': True}, '38': {'Retries': 0, 'Restarts': 0, 'SiteHistory': ['Unknown', 'T2_BR_SPRACE', 'T2_BR_SPRACE'], 'ResidentSetSize': [1626224], 'SubmitTimes': [1743122007.0], 'StartTimes': [1743152874.0], 'EndTimes': [1743179634.0], 'TotalUserCpuTimeHistory': [21468], 'TotalSysCpuTimeHistory': [68], 'WallDurations': [8.0, 111.76586365699768, 26760.0], 'JobIds': ['119288734.0'], 'State': 'finished', 'RecordedSite': True}, '39': {'Retries': 0, 'Restarts': 0, 'SiteHistory': ['Unknown', 'T2_BR_SPRACE', 'T2_BR_SPRACE'], 'ResidentSetSize': [1585672], 'SubmitTimes': [1743122007.0], 'StartTimes': [1743152875.0], 'EndTimes': [1743179742.0], 'TotalUserCpuTimeHistory': [21900], 'TotalSysCpuTimeHistory': [45], 'WallDurations': [8.0, 110.76586365699768, 26867.0], 'JobIds': ['119288735.0'], 'State': 'finished', 'RecordedSite': True}, '40': {'Retries': 0, 'Restarts': 0, 'SiteHistory': ['Unknown', 'T2_BR_SPRACE', 'T2_BR_SPRACE'], 'ResidentSetSize': [1605008], 'SubmitTimes': [1743122007.0], 'StartTimes': [1743152874.0], 'EndTimes': [1743181600.0], 'TotalUserCpuTimeHistory': [22117], 'TotalSysCpuTimeHistory': [73], 'WallDurations': [9.0, 111.76586365699768, 28726.0], 'JobIds': ['119288736.0'], 'State': 'finished', 'RecordedSite': True}, '44': {'Retries': 0, 'Restarts': 0, 'SiteHistory': ['Unknown', 'T2_BR_SPRACE', 'T2_BR_SPRACE'], 'ResidentSetSize': [1600920], 'SubmitTimes': [1743122007.0], 'StartTimes': [1743152876.0], 'EndTimes': [1743180290.0], 'TotalUserCpuTimeHistory': [22344], 'TotalSysCpuTimeHistory': [69], 'WallDurations': [9.0, 109.76586365699768, 27414.0], 'JobIds': ['119288737.0'], 'State': 'finished', 'RecordedSite': True}, '47': {'Retries': 0, 'Restarts': 0, 'SiteHistory': ['Unknown', 'T2_BR_SPRACE', 'T2_BR_SPRACE'], 'ResidentSetSize': [1626312], 'SubmitTimes': [1743122007.0], 'StartTimes': [1743153630.0], 'EndTimes': [1743184023.0], 'TotalUserCpuTimeHistory': [21619], 'TotalSysCpuTimeHistory': [55], 'WallDurations': [8.0, 256.1593391895294, 30393.0], 'JobIds': ['119288738.0'], 'State': 'finished', 'RecordedSite': True}, '50': {'Retries': 0, 'Restarts': 0, 'SiteHistory': ['Unknown', 'T2_BR_SPRACE', 'T2_BR_SPRACE'], 'ResidentSetSize': [1638116], 'SubmitTimes': [1743122007.0], 'StartTimes': [1743153626.0], 'EndTimes': [1743182324.0], 'TotalUserCpuTimeHistory': [21081], 'TotalSysCpuTimeHistory': [163], 'WallDurations': [8.0, 260.1593391895294, 28698.0], 'JobIds': ['119288739.0'], 'State': 'finished', 'RecordedSite': True}, '48': {'Retries': 0, 'Restarts': 0, 'SiteHistory': ['Unknown', 'T2_BR_SPRACE', 'T2_BR_SPRACE'], 'ResidentSetSize': [1604684], 'SubmitTimes': [1743122007.0], 'StartTimes': [1743153629.0], 'EndTimes': [1743184375.0], 'TotalUserCpuTimeHistory': [27934], 'TotalSysCpuTimeHistory': [32], 'WallDurations': [8.0, 257.1593391895294, 30746.0], 'JobIds': ['119288740.0'], 'State': 'finished', 'RecordedSite': True}, '53': {'Retries': 0, 'Restarts': 0, 'SiteHistory': ['Unknown', 'T2_BR_SPRACE', 'T2_BR_SPRACE'], 'ResidentSetSize': [1639644], 'SubmitTimes': [1743122007.0], 'StartTimes': [1743153626.0], 'EndTimes': [1743181093.0], 'TotalUserCpuTimeHistory': [21894], 'TotalSysCpuTimeHistory': [127], 'WallDurations': [9.0, 260.1593391895294, 27467.0], 'JobIds': ['119288741.0'], 'State': 'finished', 'RecordedSite': True}, '51': {'Retries': 0, 'Restarts': 0, 'SiteHistory': ['Unknown', 'T2_BR_SPRACE', 'T2_BR_SPRACE'], 'ResidentSetSize': [1649624], 'SubmitTimes': [1743122007.0], 'StartTimes': [1743153629.0], 'EndTimes': [1743180659.0], 'TotalUserCpuTimeHistory': [21645], 'TotalSysCpuTimeHistory': [114], 'WallDurations': [9.0, 257.1593391895294, 27030.0], 'JobIds': ['119288742.0'], 'State': 'finished', 'RecordedSite': True}, '59': {'Retries': 0, 'Restarts': 0, 'SiteHistory': ['Unknown', 'T2_BR_SPRACE', 'T2_BR_SPRACE'], 'ResidentSetSize': [1617284], 'SubmitTimes': [1743122008.0], 'StartTimes': [1743153627.0], 'EndTimes': [1743181210.0], 'TotalUserCpuTimeHistory': [21093], 'TotalSysCpuTimeHistory': [67], 'WallDurations': [8.0, 259.1593391895294, 27583.0], 'JobIds': ['119288743.0'], 'State': 'finished', 'RecordedSite': True}, '54': {'Retries': 0, 'Restarts': 0, 'SiteHistory': ['Unknown', 'T2_BR_SPRACE', 'T2_BR_SPRACE'], 'ResidentSetSize': [1646836], 'SubmitTimes': [1743122008.0], 'StartTimes': [1743153626.0], 'EndTimes': [1743179451.0], 'TotalUserCpuTimeHistory': [20735], 'TotalSysCpuTimeHistory': [50], 'WallDurations': [8.0, 260.1593391895294, 25825.0], 'JobIds': ['119288744.0'], 'State': 'finished', 'RecordedSite': True}, '61': {'Retries': 0, 'Restarts': 0, 'SiteHistory': ['Unknown', 'T2_BR_SPRACE', 'T2_BR_SPRACE'], 'ResidentSetSize': [1620972], 'SubmitTimes': [1743122008.0], 'StartTimes': [1743153628.0], 'EndTimes': [1743179970.0], 'TotalUserCpuTimeHistory': [20984], 'TotalSysCpuTimeHistory': [112], 'WallDurations': [8.0, 258.1593391895294, 26342.0], 'JobIds': ['119288745.0'], 'State': 'finished', 'RecordedSite': True}, '46': {'Retries': 0, 'Restarts': 0, 'SiteHistory': ['Unknown', 'T2_BR_SPRACE', 'T2_BR_SPRACE'], 'ResidentSetSize': [1641316], 'SubmitTimes': [1743122008.0], 'StartTimes': [1743153628.0], 'EndTimes': [1743180098.0], 'TotalUserCpuTimeHistory': [21395], 'TotalSysCpuTimeHistory': [49], 'WallDurations': [8.0, 258.1593391895294, 26470.0], 'JobIds': ['119288746.0'], 'State': 'finished', 'RecordedSite': True}, '60': {'Retries': 0, 'Restarts': 0, 'SiteHistory': ['Unknown', 'T2_BR_SPRACE', 'T2_BR_SPRACE'], 'ResidentSetSize': [1627668], 'SubmitTimes': [1743122008.0], 'StartTimes': [1743153629.0], 'EndTimes': [1743179940.0], 'TotalUserCpuTimeHistory': [20994], 'TotalSysCpuTimeHistory': [92], 'WallDurations': [9.0, 257.1593391895294, 26311.0], 'JobIds': ['119288747.0'], 'State': 'finished', 'RecordedSite': True}, '43': {'Retries': 0, 'Restarts': 0, 'SiteHistory': ['Unknown', 'T2_BR_SPRACE', 'T2_BR_SPRACE'], 'ResidentSetSize': [1591668], 'SubmitTimes': [1743122008.0], 'StartTimes': [1743153633.0], 'EndTimes': [1743181044.0], 'TotalUserCpuTimeHistory': [22009], 'TotalSysCpuTimeHistory': [97], 'WallDurations': [9.0, 253.15933918952942, 27411.0], 'JobIds': ['119288748.0'], 'State': 'finished', 'RecordedSite': True}, '45': {'Retries': 0, 'Restarts': 0, 'SiteHistory': ['Unknown', 'T2_BR_SPRACE', 'T2_BR_SPRACE'], 'ResidentSetSize': [1634492], 'SubmitTimes': [1743122008.0], 'StartTimes': [1743153629.0], 'EndTimes': [1743180497.0], 'TotalUserCpuTimeHistory': [21476], 'TotalSysCpuTimeHistory': [58], 'WallDurations': [9.0, 257.1593391895294, 26868.0], 'JobIds': ['119288749.0'], 'State': 'finished', 'RecordedSite': True}, '58': {'Retries': 0, 'Restarts': 0, 'SiteHistory': ['Unknown', 'T2_BR_SPRACE', 'T2_BR_SPRACE'], 'ResidentSetSize': [1642492], 'SubmitTimes': [1743122008.0], 'StartTimes': [1743153892.0], 'EndTimes': [1743182014.0], 'TotalUserCpuTimeHistory': [21751], 'TotalSysCpuTimeHistory': [45], 'WallDurations': [9.0, 294.279949426651, 28122.0], 'JobIds': ['119288750.0'], 'State': 'finished', 'RecordedSite': True}, '57': {'Retries': 0, 'Restarts': 0, 'SiteHistory': ['Unknown', 'T2_BR_SPRACE', 'T2_BR_SPRACE'], 'ResidentSetSize': [1622024], 'SubmitTimes': [1743122008.0], 'StartTimes': [1743153894.0], 'EndTimes': [1743180969.0], 'TotalUserCpuTimeHistory': [21513], 'TotalSysCpuTimeHistory': [120], 'WallDurations': [8.0, 292.279949426651, 27075.0], 'JobIds': ['119288751.0'], 'State': 'finished', 'RecordedSite': True}, '49': {'Retries': 0, 'Restarts': 0, 'SiteHistory': ['Unknown', 'T2_BR_SPRACE', 'T2_BR_SPRACE'], 'ResidentSetSize': [1624588], 'SubmitTimes': [1743122008.0], 'StartTimes': [1743153891.0], 'EndTimes': [1743183480.0], 'TotalUserCpuTimeHistory': [22781], 'TotalSysCpuTimeHistory': [84], 'WallDurations': [8.0, 295.279949426651, 29589.0], 'JobIds': ['119288752.0'], 'State': 'finished', 'RecordedSite': True}, '42': {'Retries': 0, 'Restarts': 0, 'SiteHistory': ['Unknown', 'T2_BR_SPRACE', 'T2_BR_SPRACE'], 'ResidentSetSize': [1588820], 'SubmitTimes': [1743122008.0], 'StartTimes': [1743154167.0], 'EndTimes': [1743181979.0], 'TotalUserCpuTimeHistory': [22157], 'TotalSysCpuTimeHistory': [126], 'WallDurations': [10.0, 19.279949426651, 27812.0], 'JobIds': ['119288753.0'], 'State': 'finished', 'RecordedSite': True}, '55': {'Retries': 0, 'Restarts': 0, 'SiteHistory': ['Unknown', 'T2_BR_SPRACE', 'T2_BR_SPRACE'], 'ResidentSetSize': [1608728], 'SubmitTimes': [1743122008.0], 'StartTimes': [1743154167.0], 'EndTimes': [1743184877.0], 'TotalUserCpuTimeHistory': [21804], 'TotalSysCpuTimeHistory': [52], 'WallDurations': [9.0, 19.279949426651, 30710.0], 'JobIds': ['119288754.0'], 'State': 'finished', 'RecordedSite': True}, '56': {'Retries': 0, 'Restarts': 0, 'SiteHistory': ['Unknown', 'T2_BR_SPRACE', 'T2_BR_SPRACE'], 'ResidentSetSize': [1604016], 'SubmitTimes': [1743122008.0], 'StartTimes': [1743154640.0], 'EndTimes': [1743186545.0], 'TotalUserCpuTimeHistory': [29160], 'TotalSysCpuTimeHistory': [27], 'WallDurations': [8.0, 147.1830096244812, 31905.0], 'JobIds': ['119288755.0'], 'State': 'finished', 'RecordedSite': True}, '52': {'Retries': 0, 'Restarts': 0, 'SiteHistory': ['Unknown', 'T2_BR_SPRACE', 'T2_BR_SPRACE'], 'ResidentSetSize': [1620548], 'SubmitTimes': [1743122008.0], 'StartTimes': [1743154638.0], 'EndTimes': [1743182085.0], 'TotalUserCpuTimeHistory': [20772], 'TotalSysCpuTimeHistory': [84], 'WallDurations': [9.0, 149.1830096244812, 27447.0], 'JobIds': ['119288756.0'], 'State': 'finished', 'RecordedSite': True}, '65': {'Retries': 0, 'Restarts': 0, 'SiteHistory': ['Unknown', 'T2_BR_SPRACE', 'T2_BR_SPRACE'], 'ResidentSetSize': [1614528], 'SubmitTimes': [1743122008.0], 'StartTimes': [1743154641.0], 'EndTimes': [1743187549.0], 'TotalUserCpuTimeHistory': [30066], 'TotalSysCpuTimeHistory': [28], 'WallDurations': [8.0, 146.1830096244812, 32908.0], 'JobIds': ['119288757.0'], 'State': 'finished', 'RecordedSite': True}, '64': {'Retries': 0, 'Restarts': 0, 'SiteHistory': ['Unknown', 'T2_BR_SPRACE', 'T2_BR_SPRACE'], 'ResidentSetSize': [1596040], 'SubmitTimes': [1743122008.0], 'StartTimes': [1743154640.0], 'EndTimes': [1743182298.0], 'TotalUserCpuTimeHistory': [21179], 'TotalSysCpuTimeHistory': [56], 'WallDurations': [10.0, 147.1830096244812, 27658.0], 'JobIds': ['119288758.0'], 'State': 'finished', 'RecordedSite': True}, '62': {'Retries': 0, 'Restarts': 0, 'SiteHistory': ['Unknown', 'T2_BR_SPRACE', 'T2_BR_SPRACE'], 'ResidentSetSize': [1599828], 'SubmitTimes': [1743122008.0], 'StartTimes': [1743154644.0], 'EndTimes': [1743186748.0], 'TotalUserCpuTimeHistory': [29343], 'TotalSysCpuTimeHistory': [29], 'WallDurations': [9.0, 143.1830096244812, 32104.0], 'JobIds': ['119288759.0'], 'State': 'finished', 'RecordedSite': True}, '63': {'Retries': 0, 'Restarts': 0, 'SiteHistory': ['Unknown', 'T2_BR_SPRACE', 'T2_BR_SPRACE'], 'ResidentSetSize': [1621116], 'SubmitTimes': [1743122008.0], 'StartTimes': [1743154643.0], 'EndTimes': [1743182645.0], 'TotalUserCpuTimeHistory': [21349], 'TotalSysCpuTimeHistory': [66], 'WallDurations': [9.0, 144.1830096244812, 28002.0], 'JobIds': ['119288760.0'], 'State': 'finished', 'RecordedSite': True}, '66': {'Retries': 0, 'Restarts': 0, 'SiteHistory': ['Unknown', 'T2_BR_SPRACE', 'T2_BR_SPRACE'], 'ResidentSetSize': [1505632], 'SubmitTimes': [1743122008.0], 'StartTimes': [1743154889.0], 'EndTimes': [1743185580.0], 'TotalUserCpuTimeHistory': [22200], 'TotalSysCpuTimeHistory': [53], 'WallDurations': [9.0, 198.33110880851746, 30691.0], 'JobIds': ['119288761.0'], 'State': 'finished', 'RecordedSite': True}, '71': {'Retries': 0, 'Restarts': 0, 'SiteHistory': ['Unknown', 'T2_BR_SPRACE', 'T2_BR_SPRACE'], 'ResidentSetSize': [1605808], 'SubmitTimes': [1743122008.0], 'StartTimes': [1743154887.0], 'EndTimes': [1743184710.0], 'TotalUserCpuTimeHistory': [20906], 'TotalSysCpuTimeHistory': [81], 'WallDurations': [8.0, 200.33110880851746, 29823.0], 'JobIds': ['119288762.0'], 'State': 'finished', 'RecordedSite': True}, '69': {'Retries': 0, 'Restarts': 0, 'SiteHistory': ['Unknown', 'T2_BR_SPRACE', 'T2_BR_SPRACE'], 'ResidentSetSize': [1627296], 'SubmitTimes': [1743122008.0], 'StartTimes': [1743154889.0], 'EndTimes': [1743184943.0], 'TotalUserCpuTimeHistory': [21577], 'TotalSysCpuTimeHistory': [44], 'WallDurations': [9.0, 198.33110880851746, 30054.0], 'JobIds': ['119288763.0'], 'State': 'finished', 'RecordedSite': True}, '67': {'Retries': 0, 'Restarts': 0, 'SiteHistory': ['Unknown', 'T2_BR_SPRACE', 'T2_BR_SPRACE'], 'ResidentSetSize': [1498332], 'SubmitTimes': [1743122008.0], 'StartTimes': [1743155385.0], 'EndTimes': [1743183943.0], 'TotalUserCpuTimeHistory': [21176], 'TotalSysCpuTimeHistory': [115], 'WallDurations': [0, 2.464200258255005, 28558.0], 'JobIds': ['119288764.0'], 'State': 'finished', 'RecordedSite': True}, '75': {'Retries': 0, 'Restarts': 0, 'SiteHistory': ['Unknown', 'T2_BR_SPRACE', 'T2_BR_SPRACE'], 'ResidentSetSize': [1513716], 'SubmitTimes': [1743122008.0], 'StartTimes': [1743155385.0], 'EndTimes': [1743181409.0], 'TotalUserCpuTimeHistory': [20697], 'TotalSysCpuTimeHistory': [148], 'WallDurations': [0, 2.464200258255005, 26024.0], 'JobIds': ['119288765.0'], 'State': 'finished', 'RecordedSite': True}, '68': {'Retries': 0, 'Restarts': 0, 'SiteHistory': ['Unknown', 'T2_BR_SPRACE', 'T2_BR_SPRACE'], 'ResidentSetSize': [1513512], 'SubmitTimes': [1743122008.0], 'StartTimes': [1743155386.0], 'EndTimes': [1743182552.0], 'TotalUserCpuTimeHistory': [20936], 'TotalSysCpuTimeHistory': [47], 'WallDurations': [0, 1.4642002582550049, 27166.0], 'JobIds': ['119288766.0'], 'State': 'finished', 'RecordedSite': True}, '74': {'Retries': 0, 'Restarts': 0, 'SiteHistory': ['Unknown', 'T2_BR_SPRACE', 'T2_BR_SPRACE'], 'ResidentSetSize': [1509540], 'SubmitTimes': [1743122008.0], 'StartTimes': [1743155386.0], 'EndTimes': [1743184074.0], 'TotalUserCpuTimeHistory': [21606], 'TotalSysCpuTimeHistory': [92], 'WallDurations': [0, 1.4642002582550049, 28688.0], 'JobIds': ['119288767.0'], 'State': 'finished', 'RecordedSite': True}, '70': {'Retries': 0, 'Restarts': 0, 'SiteHistory': ['Unknown', 'T2_BR_SPRACE', 'T2_BR_SPRACE'], 'ResidentSetSize': [1507952], 'SubmitTimes': [1743122008.0], 'StartTimes': [1743155386.0], 'EndTimes': [1743181289.0], 'TotalUserCpuTimeHistory': [21279], 'TotalSysCpuTimeHistory': [58], 'WallDurations': [0, 1.4642002582550049, 25903.0], 'JobIds': ['119288768.0'], 'State': 'finished', 'RecordedSite': True}, '72': {'Retries': 0, 'Restarts': 0, 'SiteHistory': ['Unknown', 'T2_BR_SPRACE', 'T2_BR_SPRACE'], 'ResidentSetSize': [1494444], 'SubmitTimes': [1743122008.0], 'StartTimes': [1743155385.0], 'EndTimes': [1743183271.0], 'TotalUserCpuTimeHistory': [21075], 'TotalSysCpuTimeHistory': [61], 'WallDurations': [0, 2.464200258255005, 27886.0], 'JobIds': ['119288769.0'], 'State': 'finished', 'RecordedSite': True}, '82': {'Retries': 0, 'Restarts': 0, 'SiteHistory': ['Unknown', 'T2_BR_SPRACE', 'T2_BR_SPRACE'], 'ResidentSetSize': [1511256], 'SubmitTimes': [1743122008.0], 'StartTimes': [1743155387.0], 'EndTimes': [1743183891.0], 'TotalUserCpuTimeHistory': [21756], 'TotalSysCpuTimeHistory': [78], 'WallDurations': [0, 0.4642002582550049, 28504.0], 'JobIds': ['119288770.0'], 'State': 'finished', 'RecordedSite': True}, '76': {'Retries': 0, 'Restarts': 0, 'SiteHistory': ['Unknown', 'T2_BR_SPRACE', 'T2_BR_SPRACE'], 'ResidentSetSize': [1525420], 'SubmitTimes': [1743122008.0], 'StartTimes': [1743155386.0], 'EndTimes': [1743184236.0], 'TotalUserCpuTimeHistory': [21555], 'TotalSysCpuTimeHistory': [114], 'WallDurations': [0, 1.4642002582550049, 28850.0], 'JobIds': ['119288771.0'], 'State': 'finished', 'RecordedSite': True}, '73': {'Retries': 0, 'Restarts': 0, 'SiteHistory': ['Unknown', 'T2_BR_SPRACE', 'T2_BR_SPRACE'], 'ResidentSetSize': [1603840], 'SubmitTimes': [1743122008.0], 'StartTimes': [1743155385.0], 'EndTimes': [1743181929.0], 'TotalUserCpuTimeHistory': [20971], 'TotalSysCpuTimeHistory': [56], 'WallDurations': [0, 2.464200258255005, 26544.0], 'JobIds': ['119288772.0'], 'State': 'finished', 'RecordedSite': True}, '78': {'Retries': 0, 'Restarts': 0, 'SiteHistory': ['Unknown', 'T2_BR_SPRACE', 'T2_BR_SPRACE'], 'ResidentSetSize': [1609544], 'SubmitTimes': [1743122008.0], 'StartTimes': [1743155385.0], 'EndTimes': [1743181553.0], 'TotalUserCpuTimeHistory': [21146], 'TotalSysCpuTimeHistory': [60], 'WallDurations': [0, 2.464200258255005, 26168.0], 'JobIds': ['119288773.0'], 'State': 'finished', 'RecordedSite': True}, '77': {'Retries': 0, 'Restarts': 0, 'SiteHistory': ['Unknown', 'T2_BR_SPRACE', 'T2_BR_SPRACE'], 'ResidentSetSize': [1504808], 'SubmitTimes': [1743122008.0], 'StartTimes': [1743155385.0], 'EndTimes': [1743181863.0], 'TotalUserCpuTimeHistory': [20682], 'TotalSysCpuTimeHistory': [42], 'WallDurations': [0, 2.464200258255005, 26478.0], 'JobIds': ['119288774.0'], 'State': 'finished', 'RecordedSite': True}, '79': {'Retries': 0, 'Restarts': 0, 'SiteHistory': ['Unknown', 'T2_BR_SPRACE', 'T2_BR_SPRACE'], 'ResidentSetSize': [1500972], 'SubmitTimes': [1743122009.0], 'StartTimes': [1743155385.0], 'EndTimes': [1743184854.0], 'TotalUserCpuTimeHistory': [21908], 'TotalSysCpuTimeHistory': [49], 'WallDurations': [0, 2.464200258255005, 29469.0], 'JobIds': ['119288775.0'], 'State': 'finished', 'RecordedSite': True}, '80': {'Retries': 0, 'Restarts': 0, 'SiteHistory': ['Unknown', 'T2_BR_SPRACE', 'T2_BR_SPRACE'], 'ResidentSetSize': [1501948], 'SubmitTimes': [1743122009.0], 'StartTimes': [1743155386.0], 'EndTimes': [1743184352.0], 'TotalUserCpuTimeHistory': [21723], 'TotalSysCpuTimeHistory': [104], 'WallDurations': [0, 1.4642002582550049, 28966.0], 'JobIds': ['119288776.0'], 'State': 'finished', 'RecordedSite': True}, '83': {'Retries': 0, 'Restarts': 0, 'SiteHistory': ['Unknown', 'T2_BR_SPRACE', 'T2_BR_SPRACE'], 'ResidentSetSize': [1502680], 'SubmitTimes': [1743122009.0], 'StartTimes': [1743155388.0], 'EndTimes': [1743180275.0], 'TotalUserCpuTimeHistory': [20438], 'TotalSysCpuTimeHistory': [71], 'WallDurations': [0, 9.0, 24887.0], 'JobIds': ['119288777.0'], 'State': 'finished', 'RecordedSite': True}, '81': {'Retries': 0, 'Restarts': 0, 'SiteHistory': ['Unknown', 'T2_BR_SPRACE', 'T2_BR_SPRACE'], 'ResidentSetSize': [1497948], 'SubmitTimes': [1743122009.0], 'StartTimes': [1743155386.0], 'EndTimes': [1743183658.0], 'TotalUserCpuTimeHistory': [21215], 'TotalSysCpuTimeHistory': [59], 'WallDurations': [0, 1.4642002582550049, 28272.0], 'JobIds': ['119288778.0'], 'State': 'finished', 'RecordedSite': True}, '85': {'Retries': 0, 'Restarts': 0, 'SiteHistory': ['Unknown', 'T2_BR_SPRACE', 'T2_BR_SPRACE'], 'ResidentSetSize': [1511720], 'SubmitTimes': [1743122009.0], 'StartTimes': [1743155386.0], 'EndTimes': [1743182790.0], 'TotalUserCpuTimeHistory': [20774], 'TotalSysCpuTimeHistory': [51], 'WallDurations': [0, 1.4642002582550049, 27404.0], 'JobIds': ['119288779.0'], 'State': 'finished', 'RecordedSite': True}, '84': {'Retries': 0, 'Restarts': 0, 'SiteHistory': ['Unknown', 'T2_BR_SPRACE', 'T2_BR_SPRACE'], 'ResidentSetSize': [1396332], 'SubmitTimes': [1743122009.0], 'StartTimes': [1743155620.0], 'EndTimes': [1743182624.0], 'TotalUserCpuTimeHistory': [22007], 'TotalSysCpuTimeHistory': [54], 'WallDurations': [8.0, 67.85210251808167, 27004.0], 'JobIds': ['119288780.0'], 'State': 'finished', 'RecordedSite': True}, '86': {'Retries': 0, 'Restarts': 0, 'SiteHistory': ['Unknown', 'T2_BR_SPRACE', 'T2_BR_SPRACE'], 'ResidentSetSize': [1501252], 'SubmitTimes': [1743122009.0], 'StartTimes': [1743155387.0], 'EndTimes': [1743183278.0], 'TotalUserCpuTimeHistory': [20871], 'TotalSysCpuTimeHistory': [52], 'WallDurations': [0, 0.4642002582550049, 27891.0], 'JobIds': ['119288781.0'], 'State': 'finished', 'RecordedSite': True}, '88': {'Retries': 0, 'Restarts': 0, 'SiteHistory': ['Unknown', 'T2_BR_SPRACE', 'T2_BR_SPRACE'], 'ResidentSetSize': [1497964], 'SubmitTimes': [1743122009.0], 'StartTimes': [1743155386.0], 'EndTimes': [1743182357.0], 'TotalUserCpuTimeHistory': [20915], 'TotalSysCpuTimeHistory': [55], 'WallDurations': [0, 1.4642002582550049, 26971.0], 'JobIds': ['119288782.0'], 'State': 'finished', 'RecordedSite': True}, '89': {'Retries': 0, 'Restarts': 0, 'SiteHistory': ['Unknown', 'T2_BR_SPRACE', 'T2_BR_SPRACE'], 'ResidentSetSize': [1482340], 'SubmitTimes': [1743122009.0], 'StartTimes': [1743155388.0], 'EndTimes': [1743182567.0], 'TotalUserCpuTimeHistory': [21728], 'TotalSysCpuTimeHistory': [51], 'WallDurations': [0, 10.0, 27179.0], 'JobIds': ['119288783.0'], 'State': 'finished', 'RecordedSite': True}, '91': {'Retries': 0, 'Restarts': 0, 'SiteHistory': ['Unknown', 'T2_BR_SPRACE', 'T2_BR_SPRACE'], 'ResidentSetSize': [1504456], 'SubmitTimes': [1743122009.0], 'StartTimes': [1743155386.0], 'EndTimes': [1743183518.0], 'TotalUserCpuTimeHistory': [21635], 'TotalSysCpuTimeHistory': [55], 'WallDurations': [0, 1.4642002582550049, 28132.0], 'JobIds': ['119288784.0'], 'State': 'finished', 'RecordedSite': True}, '94': {'Retries': 0, 'Restarts': 0, 'SiteHistory': ['Unknown', 'T2_BR_SPRACE', 'T2_BR_SPRACE'], 'ResidentSetSize': [1499780], 'SubmitTimes': [1743122009.0], 'StartTimes': [1743155388.0], 'EndTimes': [1743184238.0], 'TotalUserCpuTimeHistory': [21414], 'TotalSysCpuTimeHistory': [159], 'WallDurations': [0, 9.0, 28850.0], 'JobIds': ['119288785.0'], 'State': 'finished', 'RecordedSite': True}, '96': {'Retries': 0, 'Restarts': 0, 'SiteHistory': ['Unknown', 'T2_BR_SPRACE', 'T2_BR_SPRACE'], 'ResidentSetSize': [1507672], 'SubmitTimes': [1743122009.0], 'StartTimes': [1743155387.0], 'EndTimes': [1743182076.0], 'TotalUserCpuTimeHistory': [20908], 'TotalSysCpuTimeHistory': [61], 'WallDurations': [0, 9.0, 26689.0], 'JobIds': ['119288786.0'], 'State': 'finished', 'RecordedSite': True}, '87': {'Retries': 0, 'Restarts': 0, 'SiteHistory': ['Unknown', 'T2_BR_SPRACE', 'T2_BR_SPRACE'], 'ResidentSetSize': [1512796], 'SubmitTimes': [1743122009.0], 'StartTimes': [1743155388.0], 'EndTimes': [1743183494.0], 'TotalUserCpuTimeHistory': [21095], 'TotalSysCpuTimeHistory': [38], 'WallDurations': [0, 8.0, 28106.0], 'JobIds': ['119288787.0'], 'State': 'finished', 'RecordedSite': True}, '90': {'Retries': 0, 'Restarts': 0, 'SiteHistory': ['Unknown', 'T2_BR_SPRACE', 'T2_BR_SPRACE'], 'ResidentSetSize': [1387380], 'SubmitTimes': [1743122009.0], 'StartTimes': [1743155620.0], 'EndTimes': [1743184336.0], 'TotalUserCpuTimeHistory': [21354], 'TotalSysCpuTimeHistory': [93], 'WallDurations': [9.0, 67.85210251808167, 28716.0], 'JobIds': ['119288788.0'], 'State': 'finished', 'RecordedSite': True}, '98': {'Retries': 0, 'Restarts': 0, 'SiteHistory': ['Unknown', 'T2_BR_SPRACE', 'T2_BR_SPRACE'], 'ResidentSetSize': [1506216], 'SubmitTimes': [1743122009.0], 'StartTimes': [1743155619.0], 'EndTimes': [1743182313.0], 'TotalUserCpuTimeHistory': [21613], 'TotalSysCpuTimeHistory': [55], 'WallDurations': [10.0, 68.85210251808167, 26694.0], 'JobIds': ['119288789.0'], 'State': 'finished', 'RecordedSite': True}, '92': {'Retries': 0, 'Restarts': 0, 'SiteHistory': ['Unknown', 'T2_BR_SPRACE', 'T2_BR_SPRACE'], 'ResidentSetSize': [1353716], 'SubmitTimes': [1743122009.0], 'StartTimes': [1743156127.0], 'EndTimes': [1743185969.0], 'TotalUserCpuTimeHistory': [21237], 'TotalSysCpuTimeHistory': [54], 'WallDurations': [8.0, 161.09809756278992, 29842.0], 'JobIds': ['119288790.0'], 'State': 'finished', 'RecordedSite': True}, '93': {'Retries': 0, 'Restarts': 0, 'SiteHistory': ['Unknown', 'T2_BR_SPRACE', 'T2_BR_SPRACE'], 'ResidentSetSize': [1387088], 'SubmitTimes': [1743122009.0], 'StartTimes': [1743156127.0], 'EndTimes': [1743182894.0], 'TotalUserCpuTimeHistory': [21603], 'TotalSysCpuTimeHistory': [74], 'WallDurations': [8.0, 161.09809756278992, 26767.0], 'JobIds': ['119288791.0'], 'State': 'finished', 'RecordedSite': True}, '99': {'Retries': 0, 'Restarts': 0, 'SiteHistory': ['Unknown', 'T2_BR_SPRACE', 'T2_BR_SPRACE'], 'ResidentSetSize': [1385604], 'SubmitTimes': [1743122009.0], 'StartTimes': [1743156126.0], 'EndTimes': [1743182106.0], 'TotalUserCpuTimeHistory': [20529], 'TotalSysCpuTimeHistory': [46], 'WallDurations': [10.0, 162.09809756278992, 25980.0], 'JobIds': ['119288792.0'], 'State': 'finished', 'RecordedSite': True}, '100': {'Retries': 0, 'Restarts': 0, 'SiteHistory': ['Unknown', 'T2_BR_SPRACE', 'T2_BR_SPRACE'], 'ResidentSetSize': [1361676], 'SubmitTimes': [1743122009.0], 'StartTimes': [1743156127.0], 'EndTimes': [1743177532.0], 'TotalUserCpuTimeHistory': [19744], 'TotalSysCpuTimeHistory': [29], 'WallDurations': [9.0, 161.09809756278992, 21405.0], 'JobIds': ['119288793.0'], 'State': 'finished', 'RecordedSite': True}, '101': {'Retries': 0, 'Restarts': 0, 'SiteHistory': ['Unknown', 'T2_BR_SPRACE', 'T2_BR_SPRACE'], 'ResidentSetSize': [1376296], 'SubmitTimes': [1743122009.0], 'StartTimes': [1743156128.0], 'EndTimes': [1743177021.0], 'TotalUserCpuTimeHistory': [19233], 'TotalSysCpuTimeHistory': [44], 'WallDurations': [8.0, 160.09809756278992, 20893.0], 'JobIds': ['119288794.0'], 'State': 'finished', 'RecordedSite': True}, '95': {'Retries': 0, 'Restarts': 0, 'SiteHistory': ['Unknown', 'T2_BR_SPRACE', 'T2_BR_SPRACE'], 'ResidentSetSize': [1370384], 'SubmitTimes': [1743122009.0], 'StartTimes': [1743156127.0], 'EndTimes': [1743183902.0], 'TotalUserCpuTimeHistory': [24999], 'TotalSysCpuTimeHistory': [34], 'WallDurations': [9.0, 161.09809756278992, 27775.0], 'JobIds': ['119288795.0'], 'State': 'finished', 'RecordedSite': True}, '105': {'Retries': 0, 'Restarts': 0, 'SiteHistory': ['Unknown', 'T2_BR_SPRACE', 'T2_BR_SPRACE'], 'ResidentSetSize': [1374868], 'SubmitTimes': [1743122009.0], 'StartTimes': [1743156129.0], 'EndTimes': [1743182689.0], 'TotalUserCpuTimeHistory': [21463], 'TotalSysCpuTimeHistory': [51], 'WallDurations': [8.0, 159.09809756278992, 26560.0], 'JobIds': ['119288796.0'], 'State': 'finished', 'RecordedSite': True}, '102': {'Retries': 0, 'Restarts': 0, 'SiteHistory': ['Unknown', 'T2_BR_SPRACE', 'T2_BR_SPRACE'], 'ResidentSetSize': [1368648], 'SubmitTimes': [1743122009.0], 'StartTimes': [1743156129.0], 'EndTimes': [1743176578.0], 'TotalUserCpuTimeHistory': [18817], 'TotalSysCpuTimeHistory': [41], 'WallDurations': [8.0, 159.09809756278992, 20449.0], 'JobIds': ['119288797.0'], 'State': 'finished', 'RecordedSite': True}, '112': {'Retries': 0, 'Restarts': 0, 'SiteHistory': ['Unknown', 'T2_BR_SPRACE', 'T2_BR_SPRACE'], 'ResidentSetSize': [1394024], 'SubmitTimes': [1743122009.0], 'StartTimes': [1743156129.0], 'EndTimes': [1743184167.0], 'TotalUserCpuTimeHistory': [22392], 'TotalSysCpuTimeHistory': [45], 'WallDurations': [9.0, 159.09809756278992, 28038.0], 'JobIds': ['119288798.0'], 'State': 'finished', 'RecordedSite': True}, '97': {'Retries': 0, 'Restarts': 0, 'SiteHistory': ['Unknown', 'T2_BR_SPRACE', 'T2_BR_SPRACE'], 'ResidentSetSize': [1378972], 'SubmitTimes': [1743122009.0], 'StartTimes': [1743156128.0], 'EndTimes': [1743176954.0], 'TotalUserCpuTimeHistory': [19252], 'TotalSysCpuTimeHistory': [13], 'WallDurations': [10.0, 160.09809756278992, 20826.0], 'JobIds': ['119288799.0'], 'State': 'finished', 'RecordedSite': True}, '104': {'Retries': 0, 'Restarts': 0, 'SiteHistory': ['Unknown', 'T2_BR_SPRACE', 'T2_BR_SPRACE'], 'ResidentSetSize': [1366260], 'SubmitTimes': [1743122009.0], 'StartTimes': [1743156128.0], 'EndTimes': [1743183723.0], 'TotalUserCpuTimeHistory': [24861], 'TotalSysCpuTimeHistory': [20], 'WallDurations': [9.0, 160.09809756278992, 27595.0], 'JobIds': ['119288800.0'], 'State': 'finished', 'RecordedSite': True}, '113': {'Retries': 0, 'Restarts': 0, 'SiteHistory': ['Unknown', 'T2_BR_SPRACE', 'T2_BR_SPRACE'], 'ResidentSetSize': [1394036], 'SubmitTimes': [1743122009.0], 'StartTimes': [1743156130.0], 'EndTimes': [1743177983.0], 'TotalUserCpuTimeHistory': [20192], 'TotalSysCpuTimeHistory': [24], 'WallDurations': [9.0, 158.09809756278992, 21853.0], 'JobIds': ['119288801.0'], 'State': 'finished', 'RecordedSite': True}, '103': {'Retries': 0, 'Restarts': 0, 'SiteHistory': ['Unknown', 'T2_BR_SPRACE', 'T2_BR_SPRACE'], 'ResidentSetSize': [1369928], 'SubmitTimes': [1743122009.0], 'StartTimes': [1743156130.0], 'EndTimes': [1743183785.0], 'TotalUserCpuTimeHistory': [24914], 'TotalSysCpuTimeHistory': [26], 'WallDurations': [9.0, 158.09809756278992, 27655.0], 'JobIds': ['119288802.0'], 'State': 'finished', 'RecordedSite': True}, '110': {'Retries': 0, 'Restarts': 0, 'SiteHistory': ['Unknown', 'T2_BR_SPRACE', 'T2_BR_SPRACE'], 'ResidentSetSize': [1633480], 'SubmitTimes': [1743122009.0], 'StartTimes': [1743156373.0], 'EndTimes': [1743184595.0], 'TotalUserCpuTimeHistory': [21297], 'TotalSysCpuTimeHistory': [70], 'WallDurations': [8.0, 215.2254467010498, 28222.0], 'JobIds': ['119288803.0'], 'State': 'finished', 'RecordedSite': True}, '115': {'Retries': 0, 'Restarts': 0, 'SiteHistory': ['Unknown', 'T2_BR_SPRACE', 'T2_BR_SPRACE'], 'ResidentSetSize': [1303764], 'SubmitTimes': [1743122009.0], 'StartTimes': [1743156373.0], 'EndTimes': [1743182494.0], 'TotalUserCpuTimeHistory': [21468], 'TotalSysCpuTimeHistory': [70], 'WallDurations': [9.0, 215.2254467010498, 26121.0], 'JobIds': ['119288804.0'], 'State': 'finished', 'RecordedSite': True}, '107': {'Retries': 0, 'Restarts': 0, 'SiteHistory': ['Unknown', 'T2_BR_SPRACE', 'T2_BR_SPRACE'], 'ResidentSetSize': [1431736], 'SubmitTimes': [1743122009.0], 'StartTimes': [1743156373.0], 'EndTimes': [1743187051.0], 'TotalUserCpuTimeHistory': [21938], 'TotalSysCpuTimeHistory': [60], 'WallDurations': [8.0, 215.2254467010498, 30678.0], 'JobIds': ['119288805.0'], 'State': 'finished', 'RecordedSite': True}, '106': {'Retries': 0, 'Restarts': 0, 'SiteHistory': ['Unknown', 'T2_BR_SPRACE', 'T2_BR_SPRACE'], 'ResidentSetSize': [1594976], 'SubmitTimes': [1743122009.0], 'StartTimes': [1743156373.0], 'EndTimes': [1743182575.0], 'TotalUserCpuTimeHistory': [21707], 'TotalSysCpuTimeHistory': [44], 'WallDurations': [9.0, 215.2254467010498, 26202.0], 'JobIds': ['119288806.0'], 'State': 'finished', 'RecordedSite': True}, '114': {'Retries': 0, 'Restarts': 0, 'SiteHistory': ['Unknown', 'T2_BR_SPRACE', 'T2_BR_SPRACE'], 'ResidentSetSize': [1609304], 'SubmitTimes': [1743122009.0], 'StartTimes': [1743156374.0], 'EndTimes': [1743182387.0], 'TotalUserCpuTimeHistory': [21708], 'TotalSysCpuTimeHistory': [44], 'WallDurations': [8.0, 214.2254467010498, 26013.0], 'JobIds': ['119288807.0'], 'State': 'finished', 'RecordedSite': True}, '108': {'Retries': 0, 'Restarts': 0, 'SiteHistory': ['Unknown', 'T2_BR_SPRACE', 'T2_BR_SPRACE'], 'ResidentSetSize': [1605928], 'SubmitTimes': [1743122009.0], 'StartTimes': [1743156619.0], 'EndTimes': [1743177278.0], 'TotalUserCpuTimeHistory': [19088], 'TotalSysCpuTimeHistory': [36], 'WallDurations': [9.0, 269.3484251499176, 20659.0], 'JobIds': ['119288808.0'], 'State': 'finished', 'RecordedSite': True}, '109': {'Retries': 0, 'Restarts': 0, 'SiteHistory': ['Unknown', 'T2_BR_SPRACE', 'T2_BR_SPRACE'], 'ResidentSetSize': [1608356], 'SubmitTimes': [1743122009.0], 'StartTimes': [1743156618.0], 'EndTimes': [1743186574.0], 'TotalUserCpuTimeHistory': [22718], 'TotalSysCpuTimeHistory': [96], 'WallDurations': [10.0, 270.3484251499176, 29956.0], 'JobIds': ['119288809.0'], 'State': 'finished', 'RecordedSite': True}, '111': {'Retries': 0, 'Restarts': 0, 'SiteHistory': ['Unknown', 'T2_BR_SPRACE', 'T2_BR_SPRACE'], 'ResidentSetSize': [1615196], 'SubmitTimes': [1743122009.0], 'StartTimes': [1743156618.0], 'EndTimes': [1743185357.0], 'TotalUserCpuTimeHistory': [21576], 'TotalSysCpuTimeHistory': [49], 'WallDurations': [9.0, 270.3484251499176, 28739.0], 'JobIds': ['119288810.0'], 'State': 'finished', 'RecordedSite': True}, '116': {'Retries': 0, 'Restarts': 0, 'SiteHistory': ['Unknown', 'T2_BR_SPRACE', 'T2_BR_SPRACE'], 'ResidentSetSize': [1598784], 'SubmitTimes': [1743122009.0], 'StartTimes': [1743156619.0], 'EndTimes': [1743183702.0], 'TotalUserCpuTimeHistory': [22285], 'TotalSysCpuTimeHistory': [93], 'WallDurations': [9.0, 269.3484251499176, 27083.0], 'JobIds': ['119288811.0'], 'State': 'finished', 'RecordedSite': True}, '117': {'Retries': 0, 'Restarts': 0, 'SiteHistory': ['Unknown', 'T2_BR_SPRACE', 'T2_BR_SPRACE'], 'ResidentSetSize': [1608292], 'SubmitTimes': [1743122009.0], 'StartTimes': [1743156620.0], 'EndTimes': [1743185392.0], 'TotalUserCpuTimeHistory': [22044], 'TotalSysCpuTimeHistory': [57], 'WallDurations': [8.0, 268.3484251499176, 28772.0], 'JobIds': ['119288812.0'], 'State': 'finished', 'RecordedSite': True}, '118': {'Retries': 0, 'Restarts': 0, 'SiteHistory': ['Unknown', 'T2_BR_SPRACE', 'T2_BR_SPRACE'], 'ResidentSetSize': [1491728], 'SubmitTimes': [1743122009.0], 'StartTimes': [1743156620.0], 'EndTimes': [1743185283.0], 'TotalUserCpuTimeHistory': [21805], 'TotalSysCpuTimeHistory': [80], 'WallDurations': [8.0, 268.3484251499176, 28663.0], 'JobIds': ['119288813.0'], 'State': 'finished', 'RecordedSite': True}, '120': {'Retries': 0, 'Restarts': 0, 'SiteHistory': ['Unknown', 'T2_BR_SPRACE', 'T2_BR_SPRACE'], 'ResidentSetSize': [1585152], 'SubmitTimes': [1743122009.0], 'StartTimes': [1743157138.0], 'EndTimes': [1743185572.0], 'TotalUserCpuTimeHistory': [21231], 'TotalSysCpuTimeHistory': [110], 'WallDurations': [9.0, 50.50550365447998, 28434.0], 'JobIds': ['119288814.0'], 'State': 'finished', 'RecordedSite': True}, '129': {'Retries': 0, 'Restarts': 0, 'SiteHistory': ['Unknown', 'T2_BR_SPRACE', 'T2_BR_SPRACE'], 'ResidentSetSize': [1593292], 'SubmitTimes': [1743122009.0], 'StartTimes': [1743157145.0], 'EndTimes': [1743179454.0], 'TotalUserCpuTimeHistory': [20531], 'TotalSysCpuTimeHistory': [26], 'WallDurations': [8.0, 43.50550365447998, 22309.0], 'JobIds': ['119288815.0'], 'State': 'finished', 'RecordedSite': True}, '119': {'Retries': 0, 'Restarts': 0, 'SiteHistory': ['Unknown', 'T2_BR_SPRACE', 'T2_BR_SPRACE'], 'ResidentSetSize': [1505084], 'SubmitTimes': [1743122009.0], 'StartTimes': [1743157137.0], 'EndTimes': [1743184641.0], 'TotalUserCpuTimeHistory': [24801], 'TotalSysCpuTimeHistory': [24], 'WallDurations': [8.0, 51.50550365447998, 27504.0], 'JobIds': ['119288816.0'], 'State': 'finished', 'RecordedSite': True}, '128': {'Retries': 0, 'Restarts': 0, 'SiteHistory': ['Unknown', 'T2_BR_SPRACE', 'T2_BR_SPRACE'], 'ResidentSetSize': [1580316], 'SubmitTimes': [1743122014.0], 'StartTimes': [1743157150.0], 'EndTimes': [1743178971.0], 'TotalUserCpuTimeHistory': [20034], 'TotalSysCpuTimeHistory': [18], 'WallDurations': [9.0, 38.50550365447998, 21821.0], 'JobIds': ['119288817.0'], 'State': 'finished', 'RecordedSite': True}, '123': {'Retries': 0, 'Restarts': 0, 'SiteHistory': ['Unknown', 'T2_BR_SPRACE', 'T2_BR_SPRACE'], 'ResidentSetSize': [1580068], 'SubmitTimes': [1743122014.0], 'StartTimes': [1743157138.0], 'EndTimes': [1743183387.0], 'TotalUserCpuTimeHistory': [23771], 'TotalSysCpuTimeHistory': [25], 'WallDurations': [10.0, 50.50550365447998, 26249.0], 'JobIds': ['119288818.0'], 'State': 'finished', 'RecordedSite': True}, '122': {'Retries': 0, 'Restarts': 0, 'SiteHistory': ['Unknown', 'T2_BR_SPRACE', 'T2_BR_SPRACE'], 'ResidentSetSize': [1567536], 'SubmitTimes': [1743122014.0], 'StartTimes': [1743157140.0], 'EndTimes': [1743179414.0], 'TotalUserCpuTimeHistory': [20455], 'TotalSysCpuTimeHistory': [43], 'WallDurations': [8.0, 48.50550365447998, 22274.0], 'JobIds': ['119288819.0'], 'State': 'finished', 'RecordedSite': True}, '127': {'Retries': 0, 'Restarts': 0, 'SiteHistory': ['Unknown', 'T2_BR_SPRACE', 'T2_BR_SPRACE'], 'ResidentSetSize': [1595868], 'SubmitTimes': [1743122014.0], 'StartTimes': [1743157138.0], 'EndTimes': [1743177640.0], 'TotalUserCpuTimeHistory': [18935], 'TotalSysCpuTimeHistory': [18], 'WallDurations': [9.0, 50.50550365447998, 20502.0], 'JobIds': ['119288820.0'], 'State': 'finished', 'RecordedSite': True}, '121': {'Retries': 0, 'Restarts': 0, 'SiteHistory': ['Unknown', 'T2_BR_SPRACE', 'T2_BR_SPRACE'], 'ResidentSetSize': [1468000], 'SubmitTimes': [1743122014.0], 'StartTimes': [1743157137.0], 'EndTimes': [1743186020.0], 'TotalUserCpuTimeHistory': [21543], 'TotalSysCpuTimeHistory': [131], 'WallDurations': [8.0, 51.50550365447998, 28883.0], 'JobIds': ['119288821.0'], 'State': 'finished', 'RecordedSite': True}, '125': {'Retries': 0, 'Restarts': 0, 'SiteHistory': ['Unknown', 'T2_BR_SPRACE', 'T2_BR_SPRACE'], 'ResidentSetSize': [1485188], 'SubmitTimes': [1743122014.0], 'StartTimes': [1743157138.0], 'EndTimes': [1743183744.0], 'TotalUserCpuTimeHistory': [21409], 'TotalSysCpuTimeHistory': [54], 'WallDurations': [9.0, 50.50550365447998, 26606.0], 'JobIds': ['119288822.0'], 'State': 'finished', 'RecordedSite': True}, '131': {'Retries': 0, 'Restarts': 0, 'SiteHistory': ['Unknown', 'T2_BR_SPRACE', 'T2_BR_SPRACE'], 'ResidentSetSize': [1608712], 'SubmitTimes': [1743122014.0], 'StartTimes': [1743157138.0], 'EndTimes': [1743179741.0], 'TotalUserCpuTimeHistory': [20831], 'TotalSysCpuTimeHistory': [13], 'WallDurations': [9.0, 50.50550365447998, 22603.0], 'JobIds': ['119288823.0'], 'State': 'finished', 'RecordedSite': True}, '136': {'Retries': 0, 'Restarts': 0, 'SiteHistory': ['Unknown', 'T2_BR_SPRACE', 'T2_BR_SPRACE'], 'ResidentSetSize': [1604344], 'SubmitTimes': [1743122014.0], 'StartTimes': [1743157138.0], 'EndTimes': [1743180309.0], 'TotalUserCpuTimeHistory': [21377], 'TotalSysCpuTimeHistory': [14], 'WallDurations': [9.0, 50.50550365447998, 23171.0], 'JobIds': ['119288824.0'], 'State': 'finished', 'RecordedSite': True}, '130': {'Retries': 0, 'Restarts': 0, 'SiteHistory': ['Unknown', 'T2_BR_SPRACE', 'T2_BR_SPRACE'], 'ResidentSetSize': [1586784], 'SubmitTimes': [1743122014.0], 'StartTimes': [1743157138.0], 'EndTimes': [1743178479.0], 'TotalUserCpuTimeHistory': [19686], 'TotalSysCpuTimeHistory': [31], 'WallDurations': [9.0, 50.50550365447998, 21341.0], 'JobIds': ['119288825.0'], 'State': 'finished', 'RecordedSite': True}, '133': {'Retries': 0, 'Restarts': 0, 'SiteHistory': ['Unknown', 'T2_BR_SPRACE', 'T2_BR_SPRACE'], 'ResidentSetSize': [1600424], 'SubmitTimes': [1743122014.0], 'StartTimes': [1743157145.0], 'EndTimes': [1743178736.0], 'TotalUserCpuTimeHistory': [20013], 'TotalSysCpuTimeHistory': [17], 'WallDurations': [8.0, 43.50550365447998, 21591.0], 'JobIds': ['119288826.0'], 'State': 'finished', 'RecordedSite': True}, '124': {'Retries': 0, 'Restarts': 0, 'SiteHistory': ['Unknown', 'T2_BR_SPRACE', 'T2_BR_SPRACE'], 'ResidentSetSize': [1590580], 'SubmitTimes': [1743122014.0], 'StartTimes': [1743157138.0], 'EndTimes': [1743178349.0], 'TotalUserCpuTimeHistory': [19609], 'TotalSysCpuTimeHistory': [27], 'WallDurations': [9.0, 50.50550365447998, 21211.0], 'JobIds': ['119288827.0'], 'State': 'finished', 'RecordedSite': True}, '126': {'Retries': 0, 'Restarts': 0, 'SiteHistory': ['Unknown', 'T2_BR_SPRACE', 'T2_BR_SPRACE'], 'ResidentSetSize': [1573340], 'SubmitTimes': [1743122014.0], 'StartTimes': [1743157146.0], 'EndTimes': [1743178784.0], 'TotalUserCpuTimeHistory': [19927], 'TotalSysCpuTimeHistory': [36], 'WallDurations': [9.0, 42.50550365447998, 21638.0], 'JobIds': ['119288828.0'], 'State': 'finished', 'RecordedSite': True}, '132': {'Retries': 0, 'Restarts': 0, 'SiteHistory': ['Unknown', 'T2_BR_SPRACE', 'T2_BR_SPRACE'], 'ResidentSetSize': [1467212], 'SubmitTimes': [1743122014.0], 'StartTimes': [1743157140.0], 'EndTimes': [1743186233.0], 'TotalUserCpuTimeHistory': [21722], 'TotalSysCpuTimeHistory': [142], 'WallDurations': [8.0, 48.50550365447998, 29093.0], 'JobIds': ['119288829.0'], 'State': 'finished', 'RecordedSite': True}, '134': {'Retries': 0, 'Restarts': 0, 'SiteHistory': ['Unknown', 'T2_BR_SPRACE', 'T2_BR_SPRACE'], 'ResidentSetSize': [1585064], 'SubmitTimes': [1743122014.0], 'StartTimes': [1743157141.0], 'EndTimes': [1743177607.0], 'TotalUserCpuTimeHistory': [18829], 'TotalSysCpuTimeHistory': [44], 'WallDurations': [9.0, 47.50550365447998, 20466.0], 'JobIds': ['119288830.0'], 'State': 'finished', 'RecordedSite': True}, '138': {'Retries': 0, 'Restarts': 0, 'SiteHistory': ['Unknown', 'T2_BR_SPRACE', 'T2_BR_SPRACE'], 'ResidentSetSize': [1620596], 'SubmitTimes': [1743122014.0], 'StartTimes': [1743157140.0], 'EndTimes': [1743178508.0], 'TotalUserCpuTimeHistory': [19705], 'TotalSysCpuTimeHistory': [45], 'WallDurations': [8.0, 48.50550365447998, 21368.0], 'JobIds': ['119288831.0'], 'State': 'finished', 'RecordedSite': True}, '137': {'Retries': 0, 'Restarts': 0, 'SiteHistory': ['Unknown', 'T2_BR_SPRACE', 'T2_BR_SPRACE'], 'ResidentSetSize': [1577752], 'SubmitTimes': [1743122014.0], 'StartTimes': [1743157151.0], 'EndTimes': [1743179044.0], 'TotalUserCpuTimeHistory': [20157], 'TotalSysCpuTimeHistory': [38], 'WallDurations': [8.0, 37.50550365447998, 21893.0], 'JobIds': ['119288832.0'], 'State': 'finished', 'RecordedSite': True}, '142': {'Retries': 0, 'Restarts': 0, 'SiteHistory': ['Unknown', 'T2_BR_SPRACE', 'T2_BR_SPRACE'], 'ResidentSetSize': [1515928], 'SubmitTimes': [1743122014.0], 'StartTimes': [1743157140.0], 'EndTimes': [1743184097.0], 'TotalUserCpuTimeHistory': [24502], 'TotalSysCpuTimeHistory': [24], 'WallDurations': [8.0, 48.50550365447998, 26957.0], 'JobIds': ['119288833.0'], 'State': 'finished', 'RecordedSite': True}, '135': {'Retries': 0, 'Restarts': 0, 'SiteHistory': ['Unknown', 'T2_BR_SPRACE', 'T2_BR_SPRACE'], 'ResidentSetSize': [1592464], 'SubmitTimes': [1743122014.0], 'StartTimes': [1743157139.0], 'EndTimes': [1743179432.0], 'TotalUserCpuTimeHistory': [20497], 'TotalSysCpuTimeHistory': [21], 'WallDurations': [8.0, 49.50550365447998, 22293.0], 'JobIds': ['119288834.0'], 'State': 'finished', 'RecordedSite': True}, '146': {'Retries': 0, 'Restarts': 0, 'SiteHistory': ['Unknown', 'T2_BR_SPRACE', 'T2_BR_SPRACE'], 'ResidentSetSize': [1620788], 'SubmitTimes': [1743122014.0], 'StartTimes': [1743157140.0], 'EndTimes': [1743182984.0], 'TotalUserCpuTimeHistory': [20722], 'TotalSysCpuTimeHistory': [58], 'WallDurations': [8.0, 48.50550365447998, 25844.0], 'JobIds': ['119288835.0'], 'State': 'finished', 'RecordedSite': True}, '139': {'Retries': 0, 'Restarts': 0, 'SiteHistory': ['Unknown', 'T2_BR_SPRACE', 'T2_BR_SPRACE'], 'ResidentSetSize': [1602720], 'SubmitTimes': [1743122014.0], 'StartTimes': [1743157140.0], 'EndTimes': [1743179489.0], 'TotalUserCpuTimeHistory': [20525], 'TotalSysCpuTimeHistory': [17], 'WallDurations': [9.0, 48.50550365447998, 22349.0], 'JobIds': ['119288836.0'], 'State': 'finished', 'RecordedSite': True}, '141': {'Retries': 0, 'Restarts': 0, 'SiteHistory': ['Unknown', 'T2_BR_SPRACE', 'T2_BR_SPRACE'], 'ResidentSetSize': [1502136], 'SubmitTimes': [1743122014.0], 'StartTimes': [1743157145.0], 'EndTimes': [1743179593.0], 'TotalUserCpuTimeHistory': [20624], 'TotalSysCpuTimeHistory': [27], 'WallDurations': [8.0, 43.50550365447998, 22448.0], 'JobIds': ['119288837.0'], 'State': 'finished', 'RecordedSite': True}, '144': {'Retries': 0, 'Restarts': 0, 'SiteHistory': ['Unknown', 'T2_BR_SPRACE', 'T2_BR_SPRACE'], 'ResidentSetSize': [1611308], 'SubmitTimes': [1743122014.0], 'StartTimes': [1743157140.0], 'EndTimes': [1743178594.0], 'TotalUserCpuTimeHistory': [19785], 'TotalSysCpuTimeHistory': [33], 'WallDurations': [9.0, 48.50550365447998, 21454.0], 'JobIds': ['119288838.0'], 'State': 'finished', 'RecordedSite': True}, '149': {'Retries': 0, 'Restarts': 0, 'SiteHistory': ['Unknown', 'T2_BR_SPRACE', 'T2_BR_SPRACE'], 'ResidentSetSize': [1596332], 'SubmitTimes': [1743122014.0], 'StartTimes': [1743157140.0], 'EndTimes': [1743178121.0], 'TotalUserCpuTimeHistory': [19379], 'TotalSysCpuTimeHistory': [32], 'WallDurations': [10.0, 48.50550365447998, 20981.0], 'JobIds': ['119288839.0'], 'State': 'finished', 'RecordedSite': True}, '143': {'Retries': 0, 'Restarts': 0, 'SiteHistory': ['Unknown', 'T2_BR_SPRACE', 'T2_BR_SPRACE'], 'ResidentSetSize': [1496524], 'SubmitTimes': [1743122014.0], 'StartTimes': [1743157143.0], 'EndTimes': [1743177551.0], 'TotalUserCpuTimeHistory': [18884], 'TotalSysCpuTimeHistory': [17], 'WallDurations': [9.0, 45.50550365447998, 20408.0], 'JobIds': ['119288840.0'], 'State': 'finished', 'RecordedSite': True}, '152': {'Retries': 0, 'Restarts': 0, 'SiteHistory': ['Unknown', 'T2_BR_SPRACE', 'T2_BR_SPRACE'], 'ResidentSetSize': [1623096], 'SubmitTimes': [1743122014.0], 'StartTimes': [1743157142.0], 'EndTimes': [1743180057.0], 'TotalUserCpuTimeHistory': [21110], 'TotalSysCpuTimeHistory': [25], 'WallDurations': [9.0, 46.50550365447998, 22915.0], 'JobIds': ['119288841.0'], 'State': 'finished', 'RecordedSite': True}, '140': {'Retries': 0, 'Restarts': 0, 'SiteHistory': ['Unknown', 'T2_BR_SPRACE', 'T2_BR_SPRACE'], 'ResidentSetSize': [1485936], 'SubmitTimes': [1743122014.0], 'StartTimes': [1743157140.0], 'EndTimes': [1743183678.0], 'TotalUserCpuTimeHistory': [21249], 'TotalSysCpuTimeHistory': [71], 'WallDurations': [10.0, 48.50550365447998, 26538.0], 'JobIds': ['119288842.0'], 'State': 'finished', 'RecordedSite': True}, '148': {'Retries': 0, 'Restarts': 0, 'SiteHistory': ['Unknown', 'T2_BR_SPRACE', 'T2_BR_SPRACE'], 'ResidentSetSize': [1619564], 'SubmitTimes': [1743122014.0], 'StartTimes': [1743157143.0], 'EndTimes': [1743179819.0], 'TotalUserCpuTimeHistory': [20900], 'TotalSysCpuTimeHistory': [14], 'WallDurations': [9.0, 45.50550365447998, 22676.0], 'JobIds': ['119288843.0'], 'State': 'finished', 'RecordedSite': True}, '145': {'Retries': 0, 'Restarts': 0, 'SiteHistory': ['Unknown', 'T2_BR_SPRACE', 'T2_BR_SPRACE'], 'ResidentSetSize': [1615600], 'SubmitTimes': [1743122014.0], 'StartTimes': [1743157143.0], 'EndTimes': [1743178553.0], 'TotalUserCpuTimeHistory': [19820], 'TotalSysCpuTimeHistory': [19], 'WallDurations': [8.0, 45.50550365447998, 21410.0], 'JobIds': ['119288844.0'], 'State': 'finished', 'RecordedSite': True}, '147': {'Retries': 0, 'Restarts': 0, 'SiteHistory': ['Unknown', 'T2_BR_SPRACE', 'T2_BR_SPRACE'], 'ResidentSetSize': [1590528], 'SubmitTimes': [1743122014.0], 'StartTimes': [1743157153.0], 'EndTimes': [1743178420.0], 'TotalUserCpuTimeHistory': [19607], 'TotalSysCpuTimeHistory': [19], 'WallDurations': [9.0, 35.50550365447998, 21267.0], 'JobIds': ['119288845.0'], 'State': 'finished', 'RecordedSite': True}, '150': {'Retries': 0, 'Restarts': 0, 'SiteHistory': ['Unknown', 'T2_BR_SPRACE', 'T2_BR_SPRACE'], 'ResidentSetSize': [1607672], 'SubmitTimes': [1743122014.0], 'StartTimes': [1743157143.0], 'EndTimes': [1743178119.0], 'TotalUserCpuTimeHistory': [19354], 'TotalSysCpuTimeHistory': [31], 'WallDurations': [9.0, 45.50550365447998, 20976.0], 'JobIds': ['119288846.0'], 'State': 'finished', 'RecordedSite': True}, '151': {'Retries': 0, 'Restarts': 0, 'SiteHistory': ['Unknown', 'T2_BR_SPRACE', 'T2_BR_SPRACE'], 'ResidentSetSize': [1501452], 'SubmitTimes': [1743122014.0], 'StartTimes': [1743157645.0], 'EndTimes': [1743185467.0], 'TotalUserCpuTimeHistory': [20752], 'TotalSysCpuTimeHistory': [49], 'WallDurations': [10.0, 143.7735300064087, 27822.0], 'JobIds': ['119288847.0'], 'State': 'finished', 'RecordedSite': True}, '159': {'Retries': 0, 'Restarts': 0, 'SiteHistory': ['Unknown', 'T2_BR_SPRACE', 'T2_BR_SPRACE'], 'ResidentSetSize': [1250524], 'SubmitTimes': [1743122014.0], 'StartTimes': [1743158149.0], 'EndTimes': [1743179224.0], 'TotalUserCpuTimeHistory': [19468], 'TotalSysCpuTimeHistory': [30], 'WallDurations': [9.0, 240.0302221775055, 21075.0], 'JobIds': ['119288848.0'], 'State': 'finished', 'RecordedSite': True}, '158': {'Retries': 0, 'Restarts': 0, 'SiteHistory': ['Unknown', 'T2_BR_SPRACE', 'T2_BR_SPRACE'], 'ResidentSetSize': [1258888], 'SubmitTimes': [1743122014.0], 'StartTimes': [1743158156.0], 'EndTimes': [1743180377.0], 'TotalUserCpuTimeHistory': [20451], 'TotalSysCpuTimeHistory': [18], 'WallDurations': [9.0, 233.0302221775055, 22221.0], 'JobIds': ['119288849.0'], 'State': 'finished', 'RecordedSite': True}, '153': {'Retries': 0, 'Restarts': 0, 'SiteHistory': ['Unknown', 'T2_BR_SPRACE', 'T2_BR_SPRACE'], 'ResidentSetSize': [1405720], 'SubmitTimes': [1743122014.0], 'StartTimes': [1743158148.0], 'EndTimes': [1743186661.0], 'TotalUserCpuTimeHistory': [21664], 'TotalSysCpuTimeHistory': [93], 'WallDurations': [9.0, 241.0302221775055, 28513.0], 'JobIds': ['119288850.0'], 'State': 'finished', 'RecordedSite': True}, '156': {'Retries': 0, 'Restarts': 0, 'SiteHistory': ['Unknown', 'T2_BR_SPRACE', 'T2_BR_SPRACE'], 'ResidentSetSize': [1281644], 'SubmitTimes': [1743122014.0], 'StartTimes': [1743158149.0], 'EndTimes': [1743180326.0], 'TotalUserCpuTimeHistory': [20461], 'TotalSysCpuTimeHistory': [15], 'WallDurations': [8.0, 240.0302221775055, 22177.0], 'JobIds': ['119288851.0'], 'State': 'finished', 'RecordedSite': True}, '161': {'Retries': 0, 'Restarts': 0, 'SiteHistory': ['Unknown', 'T2_BR_SPRACE', 'T2_BR_SPRACE'], 'ResidentSetSize': [1385940], 'SubmitTimes': [1743122015.0], 'StartTimes': [1743158161.0], 'EndTimes': [1743181286.0], 'TotalUserCpuTimeHistory': [21253], 'TotalSysCpuTimeHistory': [32], 'WallDurations': [8.0, 228.0302221775055, 23125.0], 'JobIds': ['119288852.0'], 'State': 'finished', 'RecordedSite': True}, '155': {'Retries': 0, 'Restarts': 0, 'SiteHistory': ['Unknown', 'T2_BR_SPRACE', 'T2_BR_SPRACE'], 'ResidentSetSize': [1371304], 'SubmitTimes': [1743122015.0], 'StartTimes': [1743158152.0], 'EndTimes': [1743181253.0], 'TotalUserCpuTimeHistory': [21262], 'TotalSysCpuTimeHistory': [21], 'WallDurations': [8.0, 237.0302221775055, 23101.0], 'JobIds': ['119288853.0'], 'State': 'finished', 'RecordedSite': True}, '162': {'Retries': 0, 'Restarts': 0, 'SiteHistory': ['Unknown', 'T2_BR_SPRACE', 'T2_BR_SPRACE'], 'ResidentSetSize': [1382392], 'SubmitTimes': [1743122015.0], 'StartTimes': [1743158151.0], 'EndTimes': [1743180373.0], 'TotalUserCpuTimeHistory': [20539], 'TotalSysCpuTimeHistory': [14], 'WallDurations': [8.0, 238.0302221775055, 22222.0], 'JobIds': ['119288854.0'], 'State': 'finished', 'RecordedSite': True}, '167': {'Retries': 0, 'Restarts': 0, 'SiteHistory': ['Unknown', 'T2_BR_SPRACE', 'T2_BR_SPRACE'], 'ResidentSetSize': [1376840], 'SubmitTimes': [1743122015.0], 'StartTimes': [1743158151.0], 'EndTimes': [1743180603.0], 'TotalUserCpuTimeHistory': [20642], 'TotalSysCpuTimeHistory': [20], 'WallDurations': [9.0, 238.0302221775055, 22452.0], 'JobIds': ['119288855.0'], 'State': 'finished', 'RecordedSite': True}, '157': {'Retries': 0, 'Restarts': 0, 'SiteHistory': ['Unknown', 'T2_BR_SPRACE', 'T2_BR_SPRACE'], 'ResidentSetSize': [1243532], 'SubmitTimes': [1743122015.0], 'StartTimes': [1743158152.0], 'EndTimes': [1743181026.0], 'TotalUserCpuTimeHistory': [21031], 'TotalSysCpuTimeHistory': [20], 'WallDurations': [8.0, 237.0302221775055, 22874.0], 'JobIds': ['119288856.0'], 'State': 'finished', 'RecordedSite': True}, '154': {'Retries': 0, 'Restarts': 0, 'SiteHistory': ['Unknown', 'T2_BR_SPRACE', 'T2_BR_SPRACE'], 'ResidentSetSize': [1366240], 'SubmitTimes': [1743122015.0], 'StartTimes': [1743158153.0], 'EndTimes': [1743181145.0], 'TotalUserCpuTimeHistory': [21181], 'TotalSysCpuTimeHistory': [20], 'WallDurations': [9.0, 236.0302221775055, 22992.0], 'JobIds': ['119288857.0'], 'State': 'finished', 'RecordedSite': True}, '160': {'Retries': 0, 'Restarts': 0, 'SiteHistory': ['Unknown', 'T2_BR_SPRACE', 'T2_BR_SPRACE'], 'ResidentSetSize': [1388716], 'SubmitTimes': [1743122015.0], 'StartTimes': [1743158156.0], 'EndTimes': [1743181823.0], 'TotalUserCpuTimeHistory': [21775], 'TotalSysCpuTimeHistory': [22], 'WallDurations': [8.0, 233.0302221775055, 23667.0], 'JobIds': ['119288858.0'], 'State': 'finished', 'RecordedSite': True}, '163': {'Retries': 0, 'Restarts': 0, 'SiteHistory': ['Unknown', 'T2_BR_SPRACE', 'T2_BR_SPRACE'], 'ResidentSetSize': [2141688], 'SubmitTimes': [1743122015.0], 'StartTimes': [1743158404.0], 'EndTimes': [1743186060.0], 'TotalUserCpuTimeHistory': [21213], 'TotalSysCpuTimeHistory': [80], 'WallDurations': [9.0, 285.1857717037201, 27656.0], 'JobIds': ['119288859.0'], 'State': 'finished', 'RecordedSite': True}, '164': {'Retries': 0, 'Restarts': 0, 'SiteHistory': ['Unknown', 'T2_BR_SPRACE', 'T2_BR_SPRACE'], 'ResidentSetSize': [1099768], 'SubmitTimes': [1743122015.0], 'StartTimes': [1743158404.0], 'EndTimes': [1743179890.0], 'TotalUserCpuTimeHistory': [19810], 'TotalSysCpuTimeHistory': [30], 'WallDurations': [10.0, 285.1857717037201, 21486.0], 'JobIds': ['119288860.0'], 'State': 'finished', 'RecordedSite': True}, '165': {'Retries': 0, 'Restarts': 0, 'SiteHistory': ['Unknown', 'T2_BR_SPRACE', 'T2_BR_SPRACE'], 'ResidentSetSize': [1143612], 'SubmitTimes': [1743122015.0], 'StartTimes': [1743158406.0], 'EndTimes': [1743178938.0], 'TotalUserCpuTimeHistory': [18951], 'TotalSysCpuTimeHistory': [25], 'WallDurations': [9.0, 283.1857717037201, 20532.0], 'JobIds': ['119288861.0'], 'State': 'finished', 'RecordedSite': True}, '166': {'Retries': 0, 'Restarts': 0, 'SiteHistory': ['Unknown', 'T2_BR_SPRACE', 'T2_BR_SPRACE'], 'ResidentSetSize': [1138364], 'SubmitTimes': [1743122015.0], 'StartTimes': [1743158404.0], 'EndTimes': [1743185370.0], 'TotalUserCpuTimeHistory': [24464], 'TotalSysCpuTimeHistory': [22], 'WallDurations': [9.0, 285.1857717037201, 26966.0], 'JobIds': ['119288862.0'], 'State': 'finished', 'RecordedSite': True}, '168': {'Retries': 0, 'Restarts': 0, 'SiteHistory': ['Unknown', 'T2_BR_SPRACE', 'T2_BR_SPRACE'], 'ResidentSetSize': [1137528], 'SubmitTimes': [1743122015.0], 'StartTimes': [1743158410.0], 'EndTimes': [1743179580.0], 'TotalUserCpuTimeHistory': [19587], 'TotalSysCpuTimeHistory': [20], 'WallDurations': [10.0, 279.1857717037201, 21170.0], 'JobIds': ['119288863.0'], 'State': 'finished', 'RecordedSite': True}, '169': {'Retries': 0, 'Restarts': 0, 'SiteHistory': ['Unknown', 'T2_BR_SPRACE', 'T2_BR_SPRACE'], 'ResidentSetSize': [1143460], 'SubmitTimes': [1743122015.0], 'StartTimes': [1743158404.0], 'EndTimes': [1743186599.0], 'TotalUserCpuTimeHistory': [21710], 'TotalSysCpuTimeHistory': [60], 'WallDurations': [10.0, 285.1857717037201, 28195.0], 'JobIds': ['119288864.0'], 'State': 'finished', 'RecordedSite': True}, '170': {'Retries': 0, 'Restarts': 0, 'SiteHistory': ['Unknown', 'T2_BR_SPRACE', 'T2_BR_SPRACE'], 'ResidentSetSize': [1615680], 'SubmitTimes': [1743122015.0], 'StartTimes': [1743158628.0], 'EndTimes': [1743181898.0], 'TotalUserCpuTimeHistory': [21471], 'TotalSysCpuTimeHistory': [19], 'WallDurations': [9.0, 61.18577170372009, 23270.0], 'JobIds': ['119288865.0'], 'State': 'finished', 'RecordedSite': True}, '171': {'Retries': 0, 'Restarts': 0, 'SiteHistory': ['Unknown', 'T2_BR_SPRACE', 'T2_BR_SPRACE'], 'ResidentSetSize': [1631012], 'SubmitTimes': [1743122015.0], 'StartTimes': [1743158627.0], 'EndTimes': [1743184697.0], 'TotalUserCpuTimeHistory': [21117], 'TotalSysCpuTimeHistory': [72], 'WallDurations': [8.0, 62.18577170372009, 26070.0], 'JobIds': ['119288866.0'], 'State': 'finished', 'RecordedSite': True}, '172': {'Retries': 0, 'Restarts': 0, 'SiteHistory': ['Unknown', 'T2_BR_SPRACE', 'T2_BR_SPRACE'], 'ResidentSetSize': [1622144], 'SubmitTimes': [1743122015.0], 'StartTimes': [1743159127.0], 'EndTimes': [1743184997.0], 'TotalUserCpuTimeHistory': [23694], 'TotalSysCpuTimeHistory': [37], 'WallDurations': [9.0, 162.45963144302368, 25870.0], 'JobIds': ['119288867.0'], 'State': 'finished', 'RecordedSite': True}, '173': {'Retries': 0, 'Restarts': 0, 'SiteHistory': ['Unknown', 'T2_BR_SPRACE', 'T2_BR_SPRACE'], 'ResidentSetSize': [1638460], 'SubmitTimes': [1743122015.0], 'StartTimes': [1743159126.0], 'EndTimes': [1743194331.0], 'TotalUserCpuTimeHistory': [31834], 'TotalSysCpuTimeHistory': [30], 'WallDurations': [8.0, 163.45963144302368, 35205.0], 'JobIds': ['119288868.0'], 'State': 'finished', 'RecordedSite': True}, '174': {'Retries': 0, 'Restarts': 0, 'SiteHistory': ['Unknown', 'T2_BR_SPRACE', 'T2_BR_SPRACE'], 'ResidentSetSize': [1625076], 'SubmitTimes': [1743122015.0], 'StartTimes': [1743159126.0], 'EndTimes': [1743179670.0], 'TotalUserCpuTimeHistory': [18951], 'TotalSysCpuTimeHistory': [25], 'WallDurations': [8.0, 163.45963144302368, 20544.0], 'JobIds': ['119288869.0'], 'State': 'finished', 'RecordedSite': True}, '175': {'Retries': 0, 'Restarts': 0, 'SiteHistory': ['Unknown', 'T2_BR_SPRACE', 'T2_BR_SPRACE'], 'ResidentSetSize': [1615216], 'SubmitTimes': [1743122015.0], 'StartTimes': [1743159128.0], 'EndTimes': [1743180482.0], 'TotalUserCpuTimeHistory': [19677], 'TotalSysCpuTimeHistory': [18], 'WallDurations': [8.0, 161.45963144302368, 21354.0], 'JobIds': ['119288870.0'], 'State': 'finished', 'RecordedSite': True}, '176': {'Retries': 0, 'Restarts': 0, 'SiteHistory': ['Unknown', 'T2_BR_SPRACE', 'T2_BR_SPRACE'], 'ResidentSetSize': [1613456], 'SubmitTimes': [1743122015.0], 'StartTimes': [1743159126.0], 'EndTimes': [1743179095.0], 'TotalUserCpuTimeHistory': [18461], 'TotalSysCpuTimeHistory': [18], 'WallDurations': [10.0, 163.45963144302368, 19969.0], 'JobIds': ['119288871.0'], 'State': 'finished', 'RecordedSite': True}, '177': {'Retries': 0, 'Restarts': 0, 'SiteHistory': ['Unknown', 'T2_BR_SPRACE', 'T2_BR_SPRACE'], 'ResidentSetSize': [1627584], 'SubmitTimes': [1743122015.0], 'StartTimes': [1743159126.0], 'EndTimes': [1743181142.0], 'TotalUserCpuTimeHistory': [20295], 'TotalSysCpuTimeHistory': [25], 'WallDurations': [8.0, 163.45963144302368, 22016.0], 'JobIds': ['119288872.0'], 'State': 'finished', 'RecordedSite': True}, '178': {'Retries': 0, 'Restarts': 0, 'SiteHistory': ['Unknown', 'T2_BR_SPRACE', 'T2_BR_SPRACE'], 'ResidentSetSize': [1638572], 'SubmitTimes': [1743122015.0], 'StartTimes': [1743159127.0], 'EndTimes': [1743192714.0], 'TotalUserCpuTimeHistory': [30530], 'TotalSysCpuTimeHistory': [33], 'WallDurations': [8.0, 162.45963144302368, 33587.0], 'JobIds': ['119288873.0'], 'State': 'finished', 'RecordedSite': True}, '179': {'Retries': 0, 'Restarts': 0, 'SiteHistory': ['Unknown', 'T2_BR_SPRACE', 'T2_BR_SPRACE'], 'ResidentSetSize': [1625600], 'SubmitTimes': [1743122015.0], 'StartTimes': [1743159128.0], 'EndTimes': [1743179517.0], 'TotalUserCpuTimeHistory': [18782], 'TotalSysCpuTimeHistory': [35], 'WallDurations': [9.0, 161.45963144302368, 20389.0], 'JobIds': ['119288874.0'], 'State': 'finished', 'RecordedSite': True}, '180': {'Retries': 0, 'Restarts': 0, 'SiteHistory': ['Unknown', 'T2_BR_SPRACE', 'T2_BR_SPRACE'], 'ResidentSetSize': [1647488], 'SubmitTimes': [1743122015.0], 'StartTimes': [1743159128.0], 'EndTimes': [1743192988.0], 'TotalUserCpuTimeHistory': [30755], 'TotalSysCpuTimeHistory': [36], 'WallDurations': [10.0, 161.45963144302368, 33860.0], 'JobIds': ['119288875.0'], 'State': 'finished', 'RecordedSite': True}, '181': {'Retries': 0, 'Restarts': 0, 'SiteHistory': ['Unknown', 'T2_BR_SPRACE', 'T2_BR_SPRACE'], 'ResidentSetSize': [1661512], 'SubmitTimes': [1743122015.0], 'StartTimes': [1743159128.0], 'EndTimes': [1743193714.0], 'TotalUserCpuTimeHistory': [31264], 'TotalSysCpuTimeHistory': [33], 'WallDurations': [10.0, 161.45963144302368, 34586.0], 'JobIds': ['119288876.0'], 'State': 'finished', 'RecordedSite': True}, '183': {'Retries': 0, 'Restarts': 0, 'SiteHistory': ['Unknown', 'T2_BR_SPRACE', 'T2_BR_SPRACE'], 'ResidentSetSize': [1614104], 'SubmitTimes': [1743122015.0], 'StartTimes': [1743159128.0], 'EndTimes': [1743179854.0], 'TotalUserCpuTimeHistory': [19186], 'TotalSysCpuTimeHistory': [15], 'WallDurations': [8.0, 161.45963144302368, 20726.0], 'JobIds': ['119288877.0'], 'State': 'finished', 'RecordedSite': True}, '201': {'Retries': 0, 'Restarts': 0, 'SiteHistory': ['Unknown', 'T2_BR_SPRACE', 'T2_BR_SPRACE'], 'ResidentSetSize': [1510012], 'SubmitTimes': [1743122015.0], 'StartTimes': [1743159129.0], 'EndTimes': [1743180336.0], 'TotalUserCpuTimeHistory': [19557], 'TotalSysCpuTimeHistory': [14], 'WallDurations': [8.0, 160.45963144302368, 21207.0], 'JobIds': ['119288878.0'], 'State': 'finished', 'RecordedSite': True}, '186': {'Retries': 0, 'Restarts': 0, 'SiteHistory': ['Unknown', 'T2_BR_SPRACE', 'T2_BR_SPRACE'], 'ResidentSetSize': [1655304], 'SubmitTimes': [1743122015.0], 'StartTimes': [1743159127.0], 'EndTimes': [1743180372.0], 'TotalUserCpuTimeHistory': [19552], 'TotalSysCpuTimeHistory': [38], 'WallDurations': [10.0, 162.45963144302368, 21245.0], 'JobIds': ['119288879.0'], 'State': 'finished', 'RecordedSite': True}, '189': {'Retries': 0, 'Restarts': 0, 'SiteHistory': ['Unknown', 'T2_BR_SPRACE', 'T2_BR_SPRACE'], 'ResidentSetSize': [1649016], 'SubmitTimes': [1743122015.0], 'StartTimes': [1743159128.0], 'EndTimes': [1743185775.0], 'TotalUserCpuTimeHistory': [24465], 'TotalSysCpuTimeHistory': [25], 'WallDurations': [8.0, 161.45963144302368, 26647.0], 'JobIds': ['119288880.0'], 'State': 'finished', 'RecordedSite': True}, '187': {'Retries': 0, 'Restarts': 0, 'SiteHistory': ['Unknown', 'T2_BR_SPRACE', 'T2_BR_SPRACE'], 'ResidentSetSize': [1612480], 'SubmitTimes': [1743122015.0], 'StartTimes': [1743159132.0], 'EndTimes': [1743179921.0], 'TotalUserCpuTimeHistory': [19148], 'TotalSysCpuTimeHistory': [39], 'WallDurations': [9.0, 157.45963144302368, 20789.0], 'JobIds': ['119288881.0'], 'State': 'finished', 'RecordedSite': True}, '184': {'Retries': 0, 'Restarts': 0, 'SiteHistory': ['Unknown', 'T2_BR_SPRACE', 'T2_BR_SPRACE'], 'ResidentSetSize': [1516232], 'SubmitTimes': [1743122015.0], 'StartTimes': [1743159137.0], 'EndTimes': [1743181044.0], 'TotalUserCpuTimeHistory': [20201], 'TotalSysCpuTimeHistory': [29], 'WallDurations': [8.0, 152.45963144302368, 21907.0], 'JobIds': ['119288882.0'], 'State': 'finished', 'RecordedSite': True}, '195': {'Retries': 0, 'Restarts': 0, 'SiteHistory': ['Unknown', 'T2_BR_SPRACE', 'T2_BR_SPRACE'], 'ResidentSetSize': [1625516], 'SubmitTimes': [1743122015.0], 'StartTimes': [1743159137.0], 'EndTimes': [1743180412.0], 'TotalUserCpuTimeHistory': [19678], 'TotalSysCpuTimeHistory': [23], 'WallDurations': [9.0, 152.45963144302368, 21275.0], 'JobIds': ['119288883.0'], 'State': 'finished', 'RecordedSite': True}, '192': {'Retries': 0, 'Restarts': 0, 'SiteHistory': ['Unknown', 'T2_BR_SPRACE', 'T2_BR_SPRACE'], 'ResidentSetSize': [1630628], 'SubmitTimes': [1743122015.0], 'StartTimes': [1743159137.0], 'EndTimes': [1743192249.0], 'TotalUserCpuTimeHistory': [30093], 'TotalSysCpuTimeHistory': [27], 'WallDurations': [8.0, 152.45963144302368, 33112.0], 'JobIds': ['119288884.0'], 'State': 'finished', 'RecordedSite': True}, '185': {'Retries': 0, 'Restarts': 0, 'SiteHistory': ['Unknown', 'T2_BR_SPRACE', 'T2_BR_SPRACE'], 'ResidentSetSize': [1496508], 'SubmitTimes': [1743122015.0], 'StartTimes': [1743159133.0], 'EndTimes': [1743180858.0], 'TotalUserCpuTimeHistory': [19988], 'TotalSysCpuTimeHistory': [39], 'WallDurations': [8.0, 156.45963144302368, 21725.0], 'JobIds': ['119288885.0'], 'State': 'finished', 'RecordedSite': True}, '198': {'Retries': 0, 'Restarts': 0, 'SiteHistory': ['Unknown', 'T2_BR_SPRACE', 'T2_BR_SPRACE'], 'ResidentSetSize': [1494532], 'SubmitTimes': [1743122015.0], 'StartTimes': [1743159622.0], 'EndTimes': [1743182725.0], 'TotalUserCpuTimeHistory': [21301], 'TotalSysCpuTimeHistory': [16], 'WallDurations': [10.0, 267.7117648124695, 23103.0], 'JobIds': ['119288886.0'], 'State': 'finished', 'RecordedSite': True}, '188': {'Retries': 0, 'Restarts': 0, 'SiteHistory': ['Unknown', 'T2_BR_SPRACE', 'T2_BR_SPRACE'], 'ResidentSetSize': [1622064], 'SubmitTimes': [1743122015.0], 'StartTimes': [1743159622.0], 'EndTimes': [1743180116.0], 'TotalUserCpuTimeHistory': [18942], 'TotalSysCpuTimeHistory': [29], 'WallDurations': [8.0, 267.7117648124695, 20494.0], 'JobIds': ['119288887.0'], 'State': 'finished', 'RecordedSite': True}, '190': {'Retries': 0, 'Restarts': 0, 'SiteHistory': ['Unknown', 'T2_BR_SPRACE', 'T2_BR_SPRACE'], 'ResidentSetSize': [1623460], 'SubmitTimes': [1743122015.0], 'StartTimes': [1743159622.0], 'EndTimes': [1743186615.0], 'TotalUserCpuTimeHistory': [20923], 'TotalSysCpuTimeHistory': [57], 'WallDurations': [8.0, 267.7117648124695, 26993.0], 'JobIds': ['119288888.0'], 'State': 'finished', 'RecordedSite': True}, '191': {'Retries': 0, 'Restarts': 0, 'SiteHistory': ['Unknown', 'T2_BR_SPRACE', 'T2_BR_SPRACE'], 'ResidentSetSize': [1635324], 'SubmitTimes': [1743122015.0], 'StartTimes': [1743160166.0], 'EndTimes': [1743193920.0], 'TotalUserCpuTimeHistory': [30295], 'TotalSysCpuTimeHistory': [26], 'WallDurations': [8.0, 24.33103370666504, 33754.0], 'JobIds': ['119288889.0'], 'State': 'finished', 'RecordedSite': True}, '193': {'Retries': 0, 'Restarts': 0, 'SiteHistory': ['Unknown', 'T2_BR_SPRACE', 'T2_BR_SPRACE'], 'ResidentSetSize': [1599484], 'SubmitTimes': [1743122015.0], 'StartTimes': [1743160170.0], 'EndTimes': [1743193428.0], 'TotalUserCpuTimeHistory': [30108], 'TotalSysCpuTimeHistory': [27], 'WallDurations': [9.0, 20.33103370666504, 33258.0], 'JobIds': ['119288890.0'], 'State': 'finished', 'RecordedSite': True}, '194': {'Retries': 0, 'Restarts': 0, 'SiteHistory': ['Unknown', 'T2_BR_SPRACE', 'T2_BR_SPRACE'], 'ResidentSetSize': [1626236], 'SubmitTimes': [1743122015.0], 'StartTimes': [1743160163.0], 'EndTimes': [1743188751.0], 'TotalUserCpuTimeHistory': [21166], 'TotalSysCpuTimeHistory': [47], 'WallDurations': [9.0, 27.33103370666504, 28588.0], 'JobIds': ['119288891.0'], 'State': 'finished', 'RecordedSite': True}, '196': {'Retries': 0, 'Restarts': 0, 'SiteHistory': ['Unknown', 'T2_BR_SPRACE', 'T2_BR_SPRACE'], 'ResidentSetSize': [1624916], 'SubmitTimes': [1743122016.0], 'StartTimes': [1743160175.0], 'EndTimes': [1743195135.0], 'TotalUserCpuTimeHistory': [31455], 'TotalSysCpuTimeHistory': [24], 'WallDurations': [8.0, 15.331033706665039, 34960.0], 'JobIds': ['119288892.0'], 'State': 'finished', 'RecordedSite': True}, '197': {'Retries': 0, 'Restarts': 1, 'SiteHistory': ['Unknown', 'T2_BR_SPRACE', 'T2_BR_SPRACE', 'Unknown', 'T2_BR_SPRACE'], 'ResidentSetSize': [1588412, 1750000], 'SubmitTimes': [1743122016.0, -1], 'StartTimes': [1743160169.0, 1743191267.0], 'EndTimes': [1743191000.0, 1743207365.0], 'TotalUserCpuTimeHistory': [25060.0, 39691], 'TotalSysCpuTimeHistory': [33.0, 57], 'WallDurations': [8.0, 21.33103370666504, 30831.0, 0, 16098.0], 'JobIds': ['119288893.0', '119288893.0'], 'State': 'finished', 'RecordedSite': True}, '199': {'Retries': 0, 'Restarts': 0, 'SiteHistory': ['Unknown', 'T2_BR_SPRACE', 'T2_BR_SPRACE'], 'ResidentSetSize': [1541212], 'SubmitTimes': [1743122016.0], 'StartTimes': [1743160163.0], 'EndTimes': [1743190012.0], 'TotalUserCpuTimeHistory': [21363], 'TotalSysCpuTimeHistory': [54], 'WallDurations': [9.0, 27.33103370666504, 29849.0], 'JobIds': ['119288894.0'], 'State': 'finished', 'RecordedSite': True}, '200': {'Retries': 0, 'Restarts': 0, 'SiteHistory': ['Unknown', 'T2_BR_SPRACE', 'T2_BR_SPRACE'], 'ResidentSetSize': [1490136], 'SubmitTimes': [1743122016.0], 'StartTimes': [1743160164.0], 'EndTimes': [1743195958.0], 'TotalUserCpuTimeHistory': [32372], 'TotalSysCpuTimeHistory': [35], 'WallDurations': [9.0, 26.33103370666504, 35794.0], 'JobIds': ['119288895.0'], 'State': 'finished', 'RecordedSite': True}, '202': {'Retries': 0, 'Restarts': 0, 'SiteHistory': ['Unknown', 'T2_BR_SPRACE', 'T2_BR_SPRACE'], 'ResidentSetSize': [1507484], 'SubmitTimes': [1743122016.0], 'StartTimes': [1743160165.0], 'EndTimes': [1743195692.0], 'TotalUserCpuTimeHistory': [32172], 'TotalSysCpuTimeHistory': [31], 'WallDurations': [10.0, 25.33103370666504, 35527.0], 'JobIds': ['119288896.0'], 'State': 'finished', 'RecordedSite': True}, '205': {'Retries': 0, 'Restarts': 0, 'SiteHistory': ['Unknown', 'T2_BR_SPRACE', 'T2_BR_SPRACE'], 'ResidentSetSize': [1574812], 'SubmitTimes': [1743122016.0], 'StartTimes': [1743160166.0], 'EndTimes': [1743190435.0], 'TotalUserCpuTimeHistory': [21972], 'TotalSysCpuTimeHistory': [51], 'WallDurations': [8.0, 24.33103370666504, 30269.0], 'JobIds': ['119288897.0'], 'State': 'finished', 'RecordedSite': True}, '206': {'Retries': 0, 'Restarts': 1, 'SiteHistory': ['Unknown', 'T2_BR_SPRACE', 'T2_BR_SPRACE', 'Unknown', 'T2_BR_SPRACE'], 'ResidentSetSize': [1504192, 1750000], 'SubmitTimes': [1743122016.0, -1], 'StartTimes': [1743160172.0, 1743191267.0], 'EndTimes': [1743191000.0, 1743217269.0], 'TotalUserCpuTimeHistory': [25052.0, 46117], 'TotalSysCpuTimeHistory': [26.0, 80], 'WallDurations': [9.0, 18.33103370666504, 30828.0, 0, 26002.0], 'JobIds': ['119288898.0', '119288898.0'], 'State': 'finished', 'RecordedSite': True}, '204': {'Retries': 0, 'Restarts': 0, 'SiteHistory': ['Unknown', 'T2_BR_SPRACE', 'T2_BR_SPRACE'], 'ResidentSetSize': [1502620], 'SubmitTimes': [1743122016.0], 'StartTimes': [1743160169.0], 'EndTimes': [1743196056.0], 'TotalUserCpuTimeHistory': [32433], 'TotalSysCpuTimeHistory': [38], 'WallDurations': [8.0, 21.33103370666504, 35887.0], 'JobIds': ['119288899.0'], 'State': 'finished', 'RecordedSite': True}, '203': {'Retries': 0, 'Restarts': 0, 'SiteHistory': ['Unknown', 'T2_BR_SPRACE', 'T2_BR_SPRACE'], 'ResidentSetSize': [1518696], 'SubmitTimes': [1743122016.0], 'StartTimes': [1743160172.0], 'EndTimes': [1743193480.0], 'TotalUserCpuTimeHistory': [29827], 'TotalSysCpuTimeHistory': [50], 'WallDurations': [9.0, 18.33103370666504, 33308.0], 'JobIds': ['119288900.0'], 'State': 'finished', 'RecordedSite': True}, '208': {'Retries': 0, 'Restarts': 0, 'SiteHistory': ['Unknown', 'T2_BR_SPRACE', 'T2_BR_SPRACE'], 'ResidentSetSize': [1531144], 'SubmitTimes': [1743122016.0], 'StartTimes': [1743160170.0], 'EndTimes': [1743194856.0], 'TotalUserCpuTimeHistory': [31449], 'TotalSysCpuTimeHistory': [25], 'WallDurations': [8.0, 20.33103370666504, 34686.0], 'JobIds': ['119288901.0'], 'State': 'finished', 'RecordedSite': True}, '209': {'Retries': 0, 'Restarts': 0, 'SiteHistory': ['Unknown', 'T2_BR_SPRACE', 'T2_BR_SPRACE'], 'ResidentSetSize': [1534064], 'SubmitTimes': [1743122016.0], 'StartTimes': [1743160436.0], 'EndTimes': [1743194798.0], 'TotalUserCpuTimeHistory': [30895], 'TotalSysCpuTimeHistory': [44], 'WallDurations': [9.0, 54.460952281951904, 34362.0], 'JobIds': ['119288902.0'], 'State': 'finished', 'RecordedSite': True}, '211': {'Retries': 0, 'Restarts': 0, 'SiteHistory': ['Unknown', 'T2_BR_SPRACE', 'T2_BR_SPRACE'], 'ResidentSetSize': [1539652], 'SubmitTimes': [1743122016.0], 'StartTimes': [1743160434.0], 'EndTimes': [1743181184.0], 'TotalUserCpuTimeHistory': [19213], 'TotalSysCpuTimeHistory': [19], 'WallDurations': [9.0, 56.460952281951904, 20750.0], 'JobIds': ['119288903.0'], 'State': 'finished', 'RecordedSite': True}, '212': {'Retries': 0, 'Restarts': 0, 'SiteHistory': ['Unknown', 'T2_BR_SPRACE', 'T2_BR_SPRACE'], 'ResidentSetSize': [1534632], 'SubmitTimes': [1743122016.0], 'StartTimes': [1743160434.0], 'EndTimes': [1743194959.0], 'TotalUserCpuTimeHistory': [31202], 'TotalSysCpuTimeHistory': [33], 'WallDurations': [9.0, 56.460952281951904, 34525.0], 'JobIds': ['119288904.0'], 'State': 'finished', 'RecordedSite': True}, '213': {'Retries': 0, 'Restarts': 0, 'SiteHistory': ['Unknown', 'T2_BR_SPRACE', 'T2_BR_SPRACE'], 'ResidentSetSize': [1542440], 'SubmitTimes': [1743122016.0], 'StartTimes': [1743160441.0], 'EndTimes': [1743194714.0], 'TotalUserCpuTimeHistory': [30967], 'TotalSysCpuTimeHistory': [35], 'WallDurations': [9.0, 49.460952281951904, 34273.0], 'JobIds': ['119288905.0'], 'State': 'finished', 'RecordedSite': True}, '214': {'Retries': 0, 'Restarts': 0, 'SiteHistory': ['Unknown', 'T2_BR_SPRACE', 'T2_BR_SPRACE'], 'ResidentSetSize': [1540416], 'SubmitTimes': [1743122021.0], 'StartTimes': [1743160433.0], 'EndTimes': [1743194762.0], 'TotalUserCpuTimeHistory': [31171], 'TotalSysCpuTimeHistory': [32], 'WallDurations': [9.0, 57.460952281951904, 34329.0], 'JobIds': ['119288906.0'], 'State': 'finished', 'RecordedSite': True}, '207': {'Retries': 0, 'Restarts': 0, 'SiteHistory': ['Unknown', 'T2_BR_SPRACE', 'T2_BR_SPRACE'], 'ResidentSetSize': [1564872], 'SubmitTimes': [1743122021.0], 'StartTimes': [1743160433.0], 'EndTimes': [1743180757.0], 'TotalUserCpuTimeHistory': [18761], 'TotalSysCpuTimeHistory': [23], 'WallDurations': [9.0, 57.460952281951904, 20324.0], 'JobIds': ['119288907.0'], 'State': 'finished', 'RecordedSite': True}, '210': {'Retries': 0, 'Restarts': 0, 'SiteHistory': ['Unknown', 'T2_BR_SPRACE', 'T2_BR_SPRACE'], 'ResidentSetSize': [1511876], 'SubmitTimes': [1743122021.0], 'StartTimes': [1743160433.0], 'EndTimes': [1743195550.0], 'TotalUserCpuTimeHistory': [31729], 'TotalSysCpuTimeHistory': [29], 'WallDurations': [10.0, 57.460952281951904, 35117.0], 'JobIds': ['119288908.0'], 'State': 'finished', 'RecordedSite': True}, '215': {'Retries': 0, 'Restarts': 0, 'SiteHistory': ['Unknown', 'T2_BR_SPRACE', 'T2_BR_SPRACE'], 'ResidentSetSize': [1480196], 'SubmitTimes': [1743122021.0], 'StartTimes': [1743160436.0], 'EndTimes': [1743183516.0], 'TotalUserCpuTimeHistory': [20748], 'TotalSysCpuTimeHistory': [24], 'WallDurations': [9.0, 54.460952281951904, 23080.0], 'JobIds': ['119288909.0'], 'State': 'finished', 'RecordedSite': True}, '41': {'Retries': 0, 'Restarts': 0, 'SiteHistory': ['Unknown', 'T2_BR_SPRACE', 'T2_BR_SPRACE'], 'ResidentSetSize': [1545224], 'SubmitTimes': [1743122021.0], 'StartTimes': [1743160437.0], 'EndTimes': [1743194954.0], 'TotalUserCpuTimeHistory': [31164], 'TotalSysCpuTimeHistory': [38], 'WallDurations': [8.0, 53.460952281951904, 34517.0], 'JobIds': ['119288910.0'], 'State': 'finished', 'RecordedSite': True}, '182': {'Retries': 0, 'Restarts': 0, 'SiteHistory': ['Unknown', 'T2_BR_SPRACE', 'T2_BR_SPRACE'], 'ResidentSetSize': [1609840], 'SubmitTimes': [1743122021.0], 'StartTimes': [1743160436.0], 'EndTimes': [1743194104.0], 'TotalUserCpuTimeHistory': [30424], 'TotalSysCpuTimeHistory': [33], 'WallDurations': [10.0, 54.460952281951904, 33668.0], 'JobIds': ['119288911.0'], 'State': 'finished', 'RecordedSite': True}}
INFO 2025-03-29 04:21:58.400 UTC: 	 Status on the scheduler:	COMPLETED
INFO 2025-03-29 04:21:58.401 UTC: 	 
Jobs status:                    finished     		100.0% (215/215)
DEBUG 2025-03-29 04:21:58.401 UTC: 	 Encoded data for curl request: subresource=publicationstatus&workflow=250328_003104%3Aamalhotr_crab_DYto2Mu4Jets_Vertexer_100_EventAwareLumiBased&username=amalhotr
INFO 2025-03-29 04:21:58.458 UTC: 	 
Publication status of 1 dataset(s):	done         		100.0% (215/215)
(from CRAB internal bookkeeping in transferdb)
INFO 2025-03-29 04:21:58.458 UTC: 	 
Output dataset:			/DYto2Mu-4Jets_Bin-MLL-50_TuneCP5_13p6TeV_madgraphMLM-pythia8/amalhotr-DYto2Mu4Jets_Vertexer_100_EventAwareLumiBased-8eb043b42a967140b9dd5cab43cfc767/USER
Output dataset DAS URL:		https://cmsweb.cern.ch/das/request?input=%2FDYto2Mu-4Jets_Bin-MLL-50_TuneCP5_13p6TeV_madgraphMLM-pythia8%2Famalhotr-DYto2Mu4Jets_Vertexer_100_EventAwareLumiBased-8eb043b42a967140b9dd5cab43cfc767%2FUSER&instance=prod%2Fphys03
INFO 2025-03-29 04:21:58.461 UTC: 	 
Summary of run jobs:
 * Memory: 1584MB min, 2091MB max, 1511MB ave
 * Runtime: 4:28:18 min, 9:58:07 max, 7:26:38 ave
 * CPU eff: 70% min, 247% max, 84% ave
 * Waste: 24:28:21 (2% of total)

INFO 2025-03-29 04:21:58.475 UTC: 	 Log file is /afs/cern.ch/user/a/amalhotr/CMSSW_14_0_18_patch1/src/Run3ScoutingAnalysisTools/crab_projects/crab_DYto2Mu4Jets_Vertexer_100_EventAwareLumiBased/crab.log
