DEBUG 2025-11-04 17:47:51.898 UTC: 	 CRAB Client version: v3.251020
DEBUG 2025-11-04 17:47:51.898 UTC: 	 Running on: Linux lxplus969.cern.ch 5.14.0-570.49.1.el9_6.x86_64 #1 SMP PREEMPT_DYNAMIC Tue Sep 23 01:11:18 EDT 2025 x86_64 x86_64 x86_64 GNU/Linux
DEBUG 2025-11-04 17:47:51.898 UTC: 	 Not using Singularity
DEBUG 2025-11-04 17:47:51.898 UTC: 	 Operating System: Red Hat Enterprise Linux 9.6 (Plow)
DEBUG 2025-11-04 17:47:51.898 UTC: 	 Executing command: 'submit'
DEBUG 2025-11-04 17:47:51.898 UTC: 	 Found CRAB cache file /afs/cern.ch/user/a/amalhotr/.crab3
INFO 2025-11-04 17:47:51.912 UTC: 	 Will use CRAB configuration file chainedCrabConfig.py
DEBUG 2025-11-04 17:47:51.912 UTC: 	 Loading CRAB configuration file.
DEBUG 2025-11-04 17:47:51.916 UTC: 	 Will use CRAB plugin ANALYSIS (i.e. will run an analysis job type).
DEBUG 2025-11-04 17:47:51.942 UTC: 	 Checking credentials
DEBUG 2025-11-04 17:47:51.942 UTC: 	 Found proxy file /tmp/x509up_u180451
DEBUG 2025-11-04 17:47:51.942 UTC: 	 Making sure it has proper VOMS extension
DEBUG 2025-11-04 17:47:51.942 UTC: 	 Executing command :
 voms-proxy-info --vo --file /tmp/x509up_u180451
DEBUG 2025-11-04 17:47:51.975 UTC: 	 output : cms

 error: 
 retcode : 0
DEBUG 2025-11-04 17:47:51.975 UTC: 	 Getting proxy life time left
DEBUG 2025-11-04 17:47:51.975 UTC: 	 Executing command :
 voms-proxy-info --actimeleft --timeleft --file /tmp/x509up_u180451
DEBUG 2025-11-04 17:47:52.006 UTC: 	 output : 691189
691189

 error: 
 retcode : 0
DEBUG 2025-11-04 17:47:52.006 UTC: 	 Proxy valid for 191:59:49 hours
DEBUG 2025-11-04 17:47:52.007 UTC: 	 Encoded data for curl request: subresource=delegatedn
DEBUG 2025-11-04 17:47:52.085 UTC: 	 Registering user credentials on myproxy for /DC=ch/DC=cern/OU=Organic Units/OU=Users/CN=cmscrab/CN=(817881|373708)/CN=Robot: cms crab|/DC=ch/DC=cern/OU=Organic Units/OU=Users/CN=crabint1/CN=373708/CN=Robot: CMS CRAB Integration 1
DEBUG 2025-11-04 17:47:52.085 UTC: 	 Executing command :
 voms-proxy-info --identity --file /tmp/x509up_u180451
DEBUG 2025-11-04 17:47:52.123 UTC: 	 output : /DC=ch/DC=cern/OU=Organic Units/OU=Users/CN=amalhotr/CN=884837/CN=Aryan Malhotra

 error: 
 retcode : 0
DEBUG 2025-11-04 17:47:52.124 UTC: 	 Getting myproxy life time left for 2382a3cf28fdeacb1de9b039908761ea517a5ed6
DEBUG 2025-11-04 17:47:52.124 UTC: 	 Executing command :
 myproxy-info -s myproxy.cern.ch -l 2382a3cf28fdeacb1de9b039908761ea517a5ed6
DEBUG 2025-11-04 17:47:52.470 UTC: 	 output : username: 2382a3cf28fdeacb1de9b039908761ea517a5ed6
owner: /DC=ch/DC=cern/OU=Organic Units/OU=Users/CN=amalhotr/CN=884837/CN=Aryan Malhotra
  renewal policy: /DC=ch/DC=cern/OU=Organic Units/OU=Users/CN=cmscrab/CN=(817881|373708)/CN=Robot: cms crab|/DC=ch/DC=cern/OU=Organic Units/OU=Users/CN=crabint1/CN=373708/CN=Robot: CMS CRAB Integration 1
  trusted retrieval policy: /DC=ch/DC=cern/OU=Organic Units/OU=Users/CN=cmscrab/CN=(817881|373708)/CN=Robot: cms crab|/DC=ch/DC=cern/OU=Organic Units/OU=Users/CN=crabint1/CN=373708/CN=Robot: CMS CRAB Integration 1
  timeleft: 581:01:23  (24.2 days)

 error: 
 retcode : 0
DEBUG 2025-11-04 17:47:52.470 UTC: 	 Myproxy is valid: 2091660
DEBUG 2025-11-04 17:47:52.470 UTC: 	 Result of myproxy credential check:
  Credential exists on myproxy: username: 2382a3cf28fdeacb1de9b039908761ea517a5ed6  - validity: 24 days, 5:01:00
DEBUG 2025-11-04 17:47:52.470 UTC: 	 Command use: submit
DEBUG 2025-11-04 17:47:52.470 UTC: 	 Options use: ['-c', 'chainedCrabConfig.py']
DEBUG 2025-11-04 17:47:52.470 UTC: 	 Encoded data for curl request: subresource=version
DEBUG 2025-11-04 17:47:52.515 UTC: 	 CRABClient version: v3.251020
DEBUG 2025-11-04 17:47:52.515 UTC: 	 Instance is prod
DEBUG 2025-11-04 17:47:52.515 UTC: 	 Server base url is cmsweb.cern.ch
DEBUG 2025-11-04 17:47:52.515 UTC: 	 Command api workflow
DEBUG 2025-11-04 17:47:52.515 UTC: 	 Started submission
DEBUG 2025-11-04 17:47:52.515 UTC: 	 Working on /afs/cern.ch/user/a/amalhotr/CMSSW_14_0_18_patch1/src/Run3ScoutingAnalysisTools/crab_ScoutingData_Redone_v5
DEBUG 2025-11-04 17:47:52.559 UTC: 	 Loading required information from the environment
DEBUG 2025-11-04 17:47:52.559 UTC: 	 Found CMSSW_14_0_18_patch1 for el9_amd64_gcc12 with base /afs/cern.ch/user/a/amalhotr/CMSSW_14_0_18_patch1
DEBUG 2025-11-04 17:47:52.559 UTC: 	 Loading required information from the environment
DEBUG 2025-11-04 17:47:52.559 UTC: 	 Found CMSSW_14_0_18_patch1 for el9_amd64_gcc12 with base /afs/cern.ch/user/a/amalhotr/CMSSW_14_0_18_patch1
DEBUG 2025-11-04 17:47:52.559 UTC: 	 UNIQUE NAME: tarUUID e25ad937-8da8-4c42-817c-3851cbd2977b 
DEBUG 2025-11-04 17:47:52.559 UTC: 	 self.config: from WMCore.Configuration import Configuration
config = Configuration()
config.section_('General')
config.General.transferLogs = True
config.General.transferOutputs = True
config.General.requestName = 'ScoutingData_Redone_v5'
config.section_('JobType')
config.JobType.maxJobRuntimeMin = 2750
config.JobType.pluginName = 'Analysis'
config.JobType.outputFiles = ['ScoutingTree_Output.root']
config.JobType.maxMemoryMB = 3000
config.JobType.psetName = 'UnifiedScoutingVertexingTreeMaker.py'
config.section_('Data')
config.Data.splitting = 'FileBased'
config.Data.inputDBS = 'global'
config.Data.inputDataset = '/ScoutingPFRun3/Run2024H-v1/HLTSCOUT'
config.Data.unitsPerJob = 30
config.Data.allowNonValidInputDataset = True
config.Data.publication = False
config.Data.outputDatasetTag = 'ScoutingData_Redone_v5'
config.section_('Site')
config.Site.storageSite = 'T3_CH_CERNBOX'
config.section_('User')
config.section_('Debug')

DEBUG 2025-11-04 17:47:52.559 UTC: 	 self.config.JobType.psetName: UnifiedScoutingVertexingTreeMaker.py
INFO 2025-11-04 17:47:52.559 UTC: 	 Importing CMSSW configuration UnifiedScoutingVertexingTreeMaker.py
INFO 2025-11-04 17:47:56.776 UTC: 	 Finished importing CMSSW configuration UnifiedScoutingVertexingTreeMaker.py
DEBUG 2025-11-04 17:47:56.776 UTC: 	 Writing CMSSW configuration to /afs/cern.ch/user/a/amalhotr/CMSSW_14_0_18_patch1/src/Run3ScoutingAnalysisTools/crab_ScoutingData_Redone_v5/inputs/PSet.py
DEBUG 2025-11-04 17:47:56.812 UTC: 	 The following EDM output files will be collected: []
DEBUG 2025-11-04 17:47:56.812 UTC: 	 The following TFile output files will be collected: ['ScoutingTree_Output.root']
DEBUG 2025-11-04 17:47:56.812 UTC: 	 The following user output files (not listed as PoolOuputModule or TFileService in the CMSSW PSet) will be collected: 
DEBUG 2025-11-04 17:47:56.812 UTC: 	 Loading required information from the environment
DEBUG 2025-11-04 17:47:56.812 UTC: 	 Found CMSSW_14_0_18_patch1 for el9_amd64_gcc12 with base /afs/cern.ch/user/a/amalhotr/CMSSW_14_0_18_patch1
DEBUG 2025-11-04 17:47:56.812 UTC: 	 Making tarball in /afs/cern.ch/user/a/amalhotr/CMSSW_14_0_18_patch1/src/Run3ScoutingAnalysisTools/crab_ScoutingData_Redone_v5/inputs/e25ad937-8da8-4c42-817c-3851cbd2977bdefault.tgz
DEBUG 2025-11-04 17:47:56.813 UTC: 	 Checking directory /afs/cern.ch/user/a/amalhotr/CMSSW_14_0_18_patch1/bin
DEBUG 2025-11-04 17:47:56.813 UTC: 	 Adding directory /afs/cern.ch/user/a/amalhotr/CMSSW_14_0_18_patch1/bin to tarball
DEBUG 2025-11-04 17:47:56.823 UTC: 	 Checking directory /afs/cern.ch/user/a/amalhotr/CMSSW_14_0_18_patch1/python
DEBUG 2025-11-04 17:47:56.823 UTC: 	 Adding directory /afs/cern.ch/user/a/amalhotr/CMSSW_14_0_18_patch1/python to tarball
DEBUG 2025-11-04 17:48:02.518 UTC: 	 Checking directory /afs/cern.ch/user/a/amalhotr/CMSSW_14_0_18_patch1/cfipython
DEBUG 2025-11-04 17:48:02.519 UTC: 	 Adding directory /afs/cern.ch/user/a/amalhotr/CMSSW_14_0_18_patch1/cfipython to tarball
DEBUG 2025-11-04 17:48:02.724 UTC: 	 Checking directory /afs/cern.ch/user/a/amalhotr/CMSSW_14_0_18_patch1/lib
DEBUG 2025-11-04 17:48:02.724 UTC: 	 Adding directory /afs/cern.ch/user/a/amalhotr/CMSSW_14_0_18_patch1/lib to tarball
DEBUG 2025-11-04 17:48:05.375 UTC: 	 Checking directory /afs/cern.ch/user/a/amalhotr/CMSSW_14_0_18_patch1/biglib
DEBUG 2025-11-04 17:48:05.375 UTC: 	 Adding directory /afs/cern.ch/user/a/amalhotr/CMSSW_14_0_18_patch1/biglib to tarball
DEBUG 2025-11-04 17:48:05.379 UTC: 	 Checking directory /afs/cern.ch/user/a/amalhotr/CMSSW_14_0_18_patch1/module
DEBUG 2025-11-04 17:48:05.380 UTC: 	 Checking directory /afs/cern.ch/user/a/amalhotr/CMSSW_14_0_18_patch1/config/SCRAM/hooks
DEBUG 2025-11-04 17:48:05.380 UTC: 	 Adding directory /afs/cern.ch/user/a/amalhotr/CMSSW_14_0_18_patch1/config/SCRAM/hooks to tarball
DEBUG 2025-11-04 17:48:10.700 UTC: 	 Adding directory /afs/cern.ch/user/a/amalhotr/CMSSW_14_0_18_patch1/src/Run3ScoutingAnalysisTools/DataFormats/Scouting/interface to tarball
DEBUG 2025-11-04 17:48:10.872 UTC: 	 Adding directory /afs/cern.ch/user/a/amalhotr/CMSSW_14_0_18_patch1/src/Run3ScoutingAnalysisTools/ScoutingTreeMakerRun3/python to tarball
DEBUG 2025-11-04 17:48:10.909 UTC: 	 Adding directory /afs/cern.ch/user/a/amalhotr/CMSSW_14_0_18_patch1/src/DataFormats/Scouting/interface to tarball
DEBUG 2025-11-04 17:48:11.029 UTC: 	 Adding directory /afs/cern.ch/user/a/amalhotr/CMSSW_14_0_18_patch1/src/Configuration/GenProduction/python to tarball
DEBUG 2025-11-04 17:48:11.196 UTC: 	 Uploading archive /afs/cern.ch/user/a/amalhotr/CMSSW_14_0_18_patch1/src/Run3ScoutingAnalysisTools/crab_ScoutingData_Redone_v5/inputs/e25ad937-8da8-4c42-817c-3851cbd2977bdefault.tgz (489 KB) to the CRAB cache.
DEBUG 2025-11-04 17:48:11.523 UTC: 	 Encoded data for curl request: subresource=upload&objecttype=sandbox&tarballname=dae1b9663fdec6c9a39d8a57688f5414f775f4428023e59b79d2dbdc04ede878.tar.gz
DEBUG 2025-11-04 17:48:11.616 UTC: 	 Will execute:
curl -f -v -X POST  -H "User-Agent: CRAB" -F "key=amalhotr/sandboxes/dae1b9663fdec6c9a39d8a57688f5414f775f4428023e59b79d2dbdc04ede878.tar.gz" -F "AWSAccessKeyId=715203df6482458ba839e73e6dab634b" -F "policy=eyJleHBpcmF0aW9uIjogIjIwMjUtMTEtMDRUMTg6NDg6MTFaIiwgImNvbmRpdGlvbnMiOiBbeyJidWNrZXQiOiAiY3JhYmNhY2hlX3Byb2QifSwgeyJrZXkiOiAiYW1hbGhvdHIvc2FuZGJveGVzL2RhZTFiOTY2M2ZkZWM2YzlhMzlkOGE1NzY4OGY1NDE0Zjc3NWY0NDI4MDIzZTU5Yjc5ZDJkYmRjMDRlZGU4NzgudGFyLmd6In1dfQ==" -F "signature=eSb339lrOf9xHPU2Zvex+o199bs=" -F "file=@/afs/cern.ch/user/a/amalhotr/CMSSW_14_0_18_patch1/src/Run3ScoutingAnalysisTools/crab_ScoutingData_Redone_v5/inputs/e25ad937-8da8-4c42-817c-3851cbd2977bdefault.tgz" "https://s3.cern.ch/crabcache_prod"
DEBUG 2025-11-04 17:48:11.680 UTC: 	 exitcode: 0
stdout: b''
DEBUG 2025-11-04 17:48:11.680 UTC: 	 upload to S3 of sandbox /afs/cern.ch/user/a/amalhotr/CMSSW_14_0_18_patch1/src/Run3ScoutingAnalysisTools/crab_ScoutingData_Redone_v5/inputs/e25ad937-8da8-4c42-817c-3851cbd2977bdefault.tgz completed
DEBUG 2025-11-04 17:48:11.680 UTC: 	 make sure that object is ready for retrieve
DEBUG 2025-11-04 17:48:12.681 UTC: 	 Encoded data for curl request: subresource=download&objecttype=sandbox&tarballname=dae1b9663fdec6c9a39d8a57688f5414f775f4428023e59b79d2dbdc04ede878.tar.gz&clientmethod=head_object
DEBUG 2025-11-04 17:48:12.729 UTC: 	 PreSignedUrl to download sandbox received OK
DEBUG 2025-11-04 17:48:12.733 UTC: 	 Will execute:
 curl -v -s -f -o /dev/null --head  "https://s3.cern.ch/crabcache_prod/amalhotr/sandboxes/dae1b9663fdec6c9a39d8a57688f5414f775f4428023e59b79d2dbdc04ede878.tar.gz?AWSAccessKeyId=715203df6482458ba839e73e6dab634b&Signature=TFlONEqgzYcJpBrR3evDPDFucUw%3D&Expires=1762282092"
DEBUG 2025-11-04 17:48:12.769 UTC: 	 exitcode: 0
stdout: b''
DEBUG 2025-11-04 17:48:12.769 UTC: 	 sandbox /afs/cern.ch/user/a/amalhotr/CMSSW_14_0_18_patch1/src/Run3ScoutingAnalysisTools/crab_ScoutingData_Redone_v5/inputs/e25ad937-8da8-4c42-817c-3851cbd2977bdefault.tgz successfully uploaded to S3
DEBUG 2025-11-04 17:48:12.769 UTC: 	 Loading required information from the environment
DEBUG 2025-11-04 17:48:12.770 UTC: 	 Found CMSSW_14_0_18_patch1 for el9_amd64_gcc12 with base /afs/cern.ch/user/a/amalhotr/CMSSW_14_0_18_patch1
DEBUG 2025-11-04 17:48:12.770 UTC: 	 Making tarball in /afs/cern.ch/user/a/amalhotr/CMSSW_14_0_18_patch1/src/Run3ScoutingAnalysisTools/crab_ScoutingData_Redone_v5/inputs/debugFiles.tgz
DEBUG 2025-11-04 17:48:12.780 UTC: 	 Uploading archive /afs/cern.ch/user/a/amalhotr/CMSSW_14_0_18_patch1/src/Run3ScoutingAnalysisTools/crab_ScoutingData_Redone_v5/inputs/debugFiles.tgz (4 KB) to the CRAB cache.
DEBUG 2025-11-04 17:48:12.783 UTC: 	 Encoded data for curl request: subresource=upload&objecttype=sandbox&tarballname=b70c40e8b489d0c5ca1c5f92ff946d48d4727034d109395e3dd2bba68bf253f6.tar.gz
DEBUG 2025-11-04 17:48:12.931 UTC: 	 Will execute:
curl -f -v -X POST  -H "User-Agent: CRAB" -F "key=amalhotr/sandboxes/b70c40e8b489d0c5ca1c5f92ff946d48d4727034d109395e3dd2bba68bf253f6.tar.gz" -F "AWSAccessKeyId=715203df6482458ba839e73e6dab634b" -F "policy=eyJleHBpcmF0aW9uIjogIjIwMjUtMTEtMDRUMTg6NDg6MTJaIiwgImNvbmRpdGlvbnMiOiBbeyJidWNrZXQiOiAiY3JhYmNhY2hlX3Byb2QifSwgeyJrZXkiOiAiYW1hbGhvdHIvc2FuZGJveGVzL2I3MGM0MGU4YjQ4OWQwYzVjYTFjNWY5MmZmOTQ2ZDQ4ZDQ3MjcwMzRkMTA5Mzk1ZTNkZDJiYmE2OGJmMjUzZjYudGFyLmd6In1dfQ==" -F "signature=YZtSe/4jgnYeaV3Y02iVhIDJf14=" -F "file=@/afs/cern.ch/user/a/amalhotr/CMSSW_14_0_18_patch1/src/Run3ScoutingAnalysisTools/crab_ScoutingData_Redone_v5/inputs/debugFiles.tgz" "https://s3.cern.ch/crabcache_prod"
DEBUG 2025-11-04 17:48:13.020 UTC: 	 exitcode: 0
stdout: b''
DEBUG 2025-11-04 17:48:13.021 UTC: 	 upload to S3 of sandbox /afs/cern.ch/user/a/amalhotr/CMSSW_14_0_18_patch1/src/Run3ScoutingAnalysisTools/crab_ScoutingData_Redone_v5/inputs/debugFiles.tgz completed
DEBUG 2025-11-04 17:48:13.021 UTC: 	 make sure that object is ready for retrieve
DEBUG 2025-11-04 17:48:14.022 UTC: 	 Encoded data for curl request: subresource=download&objecttype=sandbox&tarballname=b70c40e8b489d0c5ca1c5f92ff946d48d4727034d109395e3dd2bba68bf253f6.tar.gz&clientmethod=head_object
DEBUG 2025-11-04 17:48:14.078 UTC: 	 PreSignedUrl to download sandbox received OK
DEBUG 2025-11-04 17:48:14.081 UTC: 	 Will execute:
 curl -v -s -f -o /dev/null --head  "https://s3.cern.ch/crabcache_prod/amalhotr/sandboxes/b70c40e8b489d0c5ca1c5f92ff946d48d4727034d109395e3dd2bba68bf253f6.tar.gz?AWSAccessKeyId=715203df6482458ba839e73e6dab634b&Signature=gIARZWF%2BfE3UVr0hAemLI5CSRDY%3D&Expires=1762282094"
DEBUG 2025-11-04 17:48:14.112 UTC: 	 exitcode: 0
stdout: b''
DEBUG 2025-11-04 17:48:14.113 UTC: 	 sandbox /afs/cern.ch/user/a/amalhotr/CMSSW_14_0_18_patch1/src/Run3ScoutingAnalysisTools/crab_ScoutingData_Redone_v5/inputs/debugFiles.tgz successfully uploaded to S3
DEBUG 2025-11-04 17:48:14.113 UTC: 	 Result uploading input files: dae1b9663fdec6c9a39d8a57688f5414f775f4428023e59b79d2dbdc04ede878.tar.gz 
DEBUG 2025-11-04 17:48:14.113 UTC: 	 submit() - self.configuration from WMCore.Configuration import Configuration
config = Configuration()
config.section_('General')
config.General.transferLogs = True
config.General.transferOutputs = True
config.General.requestName = 'ScoutingData_Redone_v5'
config.section_('JobType')
config.JobType.maxJobRuntimeMin = 2750
config.JobType.pluginName = 'Analysis'
config.JobType.outputFiles = ['ScoutingTree_Output.root']
config.JobType.maxMemoryMB = 3000
config.JobType.psetName = 'UnifiedScoutingVertexingTreeMaker.py'
config.section_('Data')
config.Data.splitting = 'FileBased'
config.Data.inputDBS = 'global'
config.Data.inputDataset = '/ScoutingPFRun3/Run2024H-v1/HLTSCOUT'
config.Data.unitsPerJob = 30
config.Data.allowNonValidInputDataset = True
config.Data.publication = False
config.Data.outputDatasetTag = 'ScoutingData_Redone_v5'
config.section_('Site')
config.Site.storageSite = 'T3_CH_CERNBOX'
config.section_('User')
config.section_('Debug')

DEBUG 2025-11-04 17:48:14.113 UTC: 	 submit() - self.configreq {'dryrun': 0, 'workflow': 'crab_ScoutingData_Redone_v5', 'saveoutput': 1, 'savelogsflag': 1, 'inputdata': '/ScoutingPFRun3/Run2024H-v1/HLTSCOUT', 'nonvaliddata': 1, 'userfiles': [], 'dbsurl': 'https://cmsweb.cern.ch/dbs/prod/global/DBSReader', 'useparent': 0, 'ignorelocality': 0, 'splitalgo': 'FileBased', 'algoargs': 30, 'totalunits': 0, 'publication': 0, 'publishdbsurl': 'https://cmsweb.cern.ch/dbs/prod/phys03/DBSWriter', 'publishname2': 'ScoutingData_Redone_v5', 'jobtype': 'Analysis', 'generator': 'pythia', 'addoutputfiles': ['ScoutingTree_Output.root'], 'maxjobruntime': 2750, 'numcores': 1, 'maxmemory': 3000, 'priority': 10, 'nonprodsw': 0, 'asyncdest': 'T3_CH_CERNBOX', 'requireaccelerator': 0, 'oneEventMode': 0, 'extrajdl': [], 'ignoreglobalblacklist': 0, 'partialdataset': 0, 'inputblocks': []}
DEBUG 2025-11-04 17:48:14.113 UTC: 	 submit() - jobconfig {'addoutputfiles': [], 'tfileoutfiles': ['ScoutingTree_Output.root'], 'edmoutfiles': [], 'jobarch': 'el9_amd64_gcc12', 'jobminuarch': 'any', 'jobsw': 'CMSSW_14_0_18_patch1', 'inputdata': '/ScoutingPFRun3/Run2024H-v1/HLTSCOUT', 'cachefilename': 'dae1b9663fdec6c9a39d8a57688f5414f775f4428023e59b79d2dbdc04ede878.tar.gz', 'debugfilename': 'b70c40e8b489d0c5ca1c5f92ff946d48d4727034d109395e3dd2bba68bf253f6.tar.gz', 'jobtype': 'Analysis'}
INFO 2025-11-04 17:48:14.113 UTC: 	 Sending the request to the server at cmsweb.cern.ch
DEBUG 2025-11-04 17:48:14.113 UTC: 	 Submitting {'dryrun': 0, 'workflow': 'crab_ScoutingData_Redone_v5', 'saveoutput': 1, 'savelogsflag': 1, 'inputdata': '/ScoutingPFRun3/Run2024H-v1/HLTSCOUT', 'nonvaliddata': 1, 'userfiles': [], 'dbsurl': 'https://cmsweb.cern.ch/dbs/prod/global/DBSReader', 'useparent': 0, 'ignorelocality': 0, 'splitalgo': 'FileBased', 'algoargs': 30, 'totalunits': 0, 'publication': 0, 'publishdbsurl': 'https://cmsweb.cern.ch/dbs/prod/phys03/DBSWriter', 'publishname2': 'ScoutingData_Redone_v5', 'jobtype': 'Analysis', 'generator': 'pythia', 'addoutputfiles': [], 'maxjobruntime': 2750, 'numcores': 1, 'maxmemory': 3000, 'priority': 10, 'nonprodsw': 0, 'asyncdest': 'T3_CH_CERNBOX', 'requireaccelerator': 0, 'oneEventMode': 0, 'extrajdl': [], 'ignoreglobalblacklist': 0, 'partialdataset': 0, 'inputblocks': [], 'tfileoutfiles': ['ScoutingTree_Output.root'], 'edmoutfiles': [], 'jobarch': 'el9_amd64_gcc12', 'jobminuarch': 'any', 'jobsw': 'CMSSW_14_0_18_patch1', 'cachefilename': 'dae1b9663fdec6c9a39d8a57688f5414f775f4428023e59b79d2dbdc04ede878.tar.gz', 'debugfilename': 'b70c40e8b489d0c5ca1c5f92ff946d48d4727034d109395e3dd2bba68bf253f6.tar.gz'} 
DEBUG 2025-11-04 17:48:14.114 UTC: 	 Encoded data for curl request: dryrun=0&workflow=crab_ScoutingData_Redone_v5&saveoutput=1&savelogsflag=1&inputdata=%2FScoutingPFRun3%2FRun2024H-v1%2FHLTSCOUT&nonvaliddata=1&dbsurl=https%3A%2F%2Fcmsweb.cern.ch%2Fdbs%2Fprod%2Fglobal%2FDBSReader&useparent=0&ignorelocality=0&splitalgo=FileBased&algoargs=30&totalunits=0&publication=0&publishdbsurl=https%3A%2F%2Fcmsweb.cern.ch%2Fdbs%2Fprod%2Fphys03%2FDBSWriter&publishname2=ScoutingData_Redone_v5&jobtype=Analysis&generator=pythia&maxjobruntime=2750&numcores=1&maxmemory=3000&priority=10&nonprodsw=0&asyncdest=T3_CH_CERNBOX&requireaccelerator=0&oneEventMode=0&ignoreglobalblacklist=0&partialdataset=0&jobarch=el9_amd64_gcc12&jobminuarch=any&jobsw=CMSSW_14_0_18_patch1&cachefilename=dae1b9663fdec6c9a39d8a57688f5414f775f4428023e59b79d2dbdc04ede878.tar.gz&debugfilename=b70c40e8b489d0c5ca1c5f92ff946d48d4727034d109395e3dd2bba68bf253f6.tar.gz&tfileoutfiles=ScoutingTree_Output.root
DEBUG 2025-11-04 17:48:14.501 UTC: 	 Result: {'result': [{'RequestName': '251104_174814:amalhotr_crab_ScoutingData_Redone_v5'}]}
INFO 2025-11-04 17:48:14.504 UTC: 	 Success: Your task has been delivered to the prod CRAB3 server.
INFO 2025-11-04 17:48:14.504 UTC: 	 Task name: 251104_174814:amalhotr_crab_ScoutingData_Redone_v5
INFO 2025-11-04 17:48:14.504 UTC: 	 Project dir: ./crab_ScoutingData_Redone_v5
INFO 2025-11-04 17:48:14.504 UTC: 	 Please use ' crab status -d ./crab_ScoutingData_Redone_v5 ' to check how the submission process proceeds.
DEBUG 2025-11-04 17:48:14.504 UTC: 	 About to return
INFO 2025-11-04 17:48:14.510 UTC: 	 Log file is /afs/cern.ch/user/a/amalhotr/CMSSW_14_0_18_patch1/src/Run3ScoutingAnalysisTools/crab_ScoutingData_Redone_v5/crab.log
DEBUG 2025-11-04 18:06:02.357 UTC: 	 CRAB Client version: v3.251020
DEBUG 2025-11-04 18:06:02.357 UTC: 	 Running on: Linux lxplus969.cern.ch 5.14.0-570.49.1.el9_6.x86_64 #1 SMP PREEMPT_DYNAMIC Tue Sep 23 01:11:18 EDT 2025 x86_64 x86_64 x86_64 GNU/Linux
DEBUG 2025-11-04 18:06:02.358 UTC: 	 Not using Singularity
DEBUG 2025-11-04 18:06:02.358 UTC: 	 Operating System: Red Hat Enterprise Linux 9.6 (Plow)
DEBUG 2025-11-04 18:06:02.358 UTC: 	 Executing command: 'status'
DEBUG 2025-11-04 18:06:02.358 UTC: 	 Found CRAB cache file /afs/cern.ch/user/a/amalhotr/.crab3
DEBUG 2025-11-04 18:06:02.704 UTC: 	 Checking credentials
DEBUG 2025-11-04 18:06:02.704 UTC: 	 Found proxy file /tmp/x509up_u180451
DEBUG 2025-11-04 18:06:02.704 UTC: 	 Making sure it has proper VOMS extension
DEBUG 2025-11-04 18:06:02.704 UTC: 	 Executing command :
 voms-proxy-info --vo --file /tmp/x509up_u180451
DEBUG 2025-11-04 18:06:02.779 UTC: 	 output : cms

 error: 
 retcode : 0
DEBUG 2025-11-04 18:06:02.779 UTC: 	 Getting proxy life time left
DEBUG 2025-11-04 18:06:02.780 UTC: 	 Executing command :
 voms-proxy-info --actimeleft --timeleft --file /tmp/x509up_u180451
DEBUG 2025-11-04 18:06:02.806 UTC: 	 output : 690099
690099

 error: 
 retcode : 0
DEBUG 2025-11-04 18:06:02.806 UTC: 	 Proxy valid for 191:41:39 hours
DEBUG 2025-11-04 18:06:02.806 UTC: 	 Encoded data for curl request: subresource=delegatedn
DEBUG 2025-11-04 18:06:02.884 UTC: 	 Registering user credentials on myproxy for /DC=ch/DC=cern/OU=Organic Units/OU=Users/CN=cmscrab/CN=(817881|373708)/CN=Robot: cms crab|/DC=ch/DC=cern/OU=Organic Units/OU=Users/CN=crabint1/CN=373708/CN=Robot: CMS CRAB Integration 1
DEBUG 2025-11-04 18:06:02.884 UTC: 	 Executing command :
 voms-proxy-info --identity --file /tmp/x509up_u180451
DEBUG 2025-11-04 18:06:02.924 UTC: 	 output : /DC=ch/DC=cern/OU=Organic Units/OU=Users/CN=amalhotr/CN=884837/CN=Aryan Malhotra

 error: 
 retcode : 0
DEBUG 2025-11-04 18:06:02.924 UTC: 	 Getting myproxy life time left for 2382a3cf28fdeacb1de9b039908761ea517a5ed6
DEBUG 2025-11-04 18:06:02.924 UTC: 	 Executing command :
 myproxy-info -s myproxy.cern.ch -l 2382a3cf28fdeacb1de9b039908761ea517a5ed6
DEBUG 2025-11-04 18:06:03.210 UTC: 	 output : username: 2382a3cf28fdeacb1de9b039908761ea517a5ed6
owner: /DC=ch/DC=cern/OU=Organic Units/OU=Users/CN=amalhotr/CN=884837/CN=Aryan Malhotra
  renewal policy: /DC=ch/DC=cern/OU=Organic Units/OU=Users/CN=cmscrab/CN=(817881|373708)/CN=Robot: cms crab|/DC=ch/DC=cern/OU=Organic Units/OU=Users/CN=crabint1/CN=373708/CN=Robot: CMS CRAB Integration 1
  trusted retrieval policy: /DC=ch/DC=cern/OU=Organic Units/OU=Users/CN=cmscrab/CN=(817881|373708)/CN=Robot: cms crab|/DC=ch/DC=cern/OU=Organic Units/OU=Users/CN=crabint1/CN=373708/CN=Robot: CMS CRAB Integration 1
  timeleft: 580:43:12  (24.2 days)

 error: 
 retcode : 0
DEBUG 2025-11-04 18:06:03.210 UTC: 	 Myproxy is valid: 2090580
DEBUG 2025-11-04 18:06:03.210 UTC: 	 Result of myproxy credential check:
  Credential exists on myproxy: username: 2382a3cf28fdeacb1de9b039908761ea517a5ed6  - validity: 24 days, 4:43:00
DEBUG 2025-11-04 18:06:03.210 UTC: 	 Retrieving username ...
DEBUG 2025-11-04 18:06:03.211 UTC: 	 Retrieving username from CRIC...
DEBUG 2025-11-04 18:06:03.971 UTC: 	 username is amalhotr
INFO 2025-11-04 18:06:05.000 UTC: 	 Rucio client intialized for account amalhotr
DEBUG 2025-11-04 18:06:05.001 UTC: 	 Command use: status
DEBUG 2025-11-04 18:06:05.001 UTC: 	 Options use: ['-d', './crab_ScoutingData_Redone_v5']
DEBUG 2025-11-04 18:06:05.001 UTC: 	 Encoded data for curl request: subresource=version
DEBUG 2025-11-04 18:06:05.060 UTC: 	 CRABClient version: v3.251020
DEBUG 2025-11-04 18:06:05.060 UTC: 	 Instance is prod
DEBUG 2025-11-04 18:06:05.060 UTC: 	 Server base url is cmsweb.cern.ch
DEBUG 2025-11-04 18:06:05.060 UTC: 	 Command api workflow
DEBUG 2025-11-04 18:06:05.061 UTC: 	 Encoded data for curl request: subresource=search&workflow=251104_174814%3Aamalhotr_crab_ScoutingData_Redone_v5
DEBUG 2025-11-04 18:06:05.122 UTC: 	 Got information from server oracle database: {'desc': {'columns': ['tm_taskname', 'tm_activity', 'tm_task_status', 'tm_task_command', 'tm_start_time', 'tm_start_injection', 'tm_end_injection', 'tm_task_failure', 'tm_job_sw', 'tm_job_arch', 'tm_input_dataset', 'tm_nonvalid_input_dataset', 'tm_use_parent', 'tm_site_whitelist', 'tm_site_blacklist', 'tm_split_algo', 'tm_split_args', 'tm_user_sandbox', 'tm_cache_url', 'tm_username', 'tm_user_dn', 'tm_user_vo', 'tm_user_role', 'tm_user_group', 'tm_publish_name', 'tm_publish_groupname', 'tm_asyncdest', 'tm_dbs_url', 'tm_publish_dbs_url', 'tm_publication', 'tm_outfiles', 'tm_tfile_outfiles', 'tm_edm_outfiles', 'tm_job_type', 'tm_generator', 'tm_events_per_lumi', 'tm_arguments', 'tm_save_logs', 'tw_name', 'tm_user_infiles', 'tm_maxjobruntime', 'tm_numcores', 'tm_maxmemory', 'tm_priority', 'tm_output_dataset', 'tm_task_warnings', 'tm_user_webdir', 'tm_scriptexe', 'tm_scriptargs', 'tm_extrajdl', 'tm_collector', 'tm_schedd', 'tm_dry_run', 'tm_user_files', 'tm_transfer_outputs', 'tm_output_lfn', 'tm_ignore_locality', 'tm_fail_limit', 'tm_one_event_mode', 'tm_secondary_input_dataset', 'tm_primary_dataset', 'tm_last_publication', 'tm_debug_files', 'clusterid', 'tm_ignore_global_blacklist', 'tm_submitter_ip_addr', 'tm_totalunits', 'tm_ddm_reqid', 'tm_user_config', 'tm_transfer_container', 'tm_transfer_rule', 'tm_publish_rule', 'tm_multipub_rule', 'tm_job_min_microarch', 'tm_dagman_status', 'tm_num_jobs', 'tm_uploaded']}, 'result': ['251104_174814:amalhotr_crab_ScoutingData_Redone_v5', 'None', 'SUBMITTED', 'SUBMIT', '2025-11-04 17:48:14.491301', 'None', '2025-11-04 17:49:56.515309', 'None', 'CMSSW_14_0_18_patch1', 'el9_amd64_gcc12', '/ScoutingPFRun3/Run2024H-v1/HLTSCOUT', 'T', '0', '[]', '[]', 'FileBased', "{'halt_job_on_file_boundaries': False, 'splitOnRun': False, 'files_per_job': 30, 'runs': [], 'lumis': []}", 'dae1b9663fdec6c9a39d8a57688f5414f775f4428023e59b79d2dbdc04ede878.tar.gz', 'S3/crabcache_prod', 'amalhotr', '/DC=ch/DC=cern/OU=Organic Units/OU=Users/CN=amalhotr/CN=884837/CN=Aryan Malhotra', 'cms', 'None', 'None', 'ScoutingData_Redone_v5-00000000000000000000000000000000', 'F', 'T3_CH_CERNBOX', 'https://cmsweb.cern.ch/dbs/prod/global/DBSReader', 'https://cmsweb.cern.ch/dbs/prod/phys03/DBSWriter', 'F', '[]', "['ScoutingTree_Output.root']", '[]', 'Analysis', 'pythia', 'None', '{}', 'T', 'crab-prod-tw01', '[]', '2750', '1', '3000', '10', 'None', "['Task requests 3000 MB of memory, but only 2500 are guaranteed to be available. Jobs may not find a site where to run and stay idle forever.']", 'http://vocms0155.cern.ch/mon/amalhotr/251104_174814:amalhotr_crab_ScoutingData_Redone_v5', 'None', '[]', '[]', 'cmsgwms-collector-global.cern.ch:9620,cmsgwms-collector-global.fnal.gov:9620', 'crab3@vocms0155.cern.ch', 'F', '[]', 'T', '/store/user/amalhotr/', 'F', 'None', 'F', 'None', 'ScoutingPFRun3', 'None', 'b70c40e8b489d0c5ca1c5f92ff946d48d4727034d109395e3dd2bba68bf253f6.tar.gz', '137313877', 'F', '188.184.75.82', '0.0', 'None', '{"partialdataset": false, "requireaccelerator": false, "acceleratorparams": null, "inputblocks": null}', 'None', 'None', 'None', 'None', 'any', 'RUNNING', '461', 'T']}
INFO 2025-11-04 18:06:05.122 UTC: 	 CRAB project directory:		/afs/cern.ch/user/a/amalhotr/CMSSW_14_0_18_patch1/src/Run3ScoutingAnalysisTools/crab_ScoutingData_Redone_v5
INFO 2025-11-04 18:06:05.122 UTC: 	 Task name:			251104_174814:amalhotr_crab_ScoutingData_Redone_v5
INFO 2025-11-04 18:06:05.122 UTC: 	 Grid scheduler - Task Worker:	crab3@vocms0155.cern.ch - crab-prod-tw01
INFO 2025-11-04 18:06:05.122 UTC: 	 Status on the CRAB server:	SUBMITTED
INFO 2025-11-04 18:06:05.123 UTC: 	 Task URL to use for HELP:	https://cmsweb.cern.ch/crabserver/ui/task/251104_174814%3Aamalhotr_crab_ScoutingData_Redone_v5
INFO 2025-11-04 18:06:05.132 UTC: 	 Dashboard monitoring URL:	https://monit-grafana.cern.ch/d/cmsTMDetail/cms-task-monitoring-task-view?orgId=11&var-user=amalhotr&var-task=251104_174814%3Aamalhotr_crab_ScoutingData_Redone_v5&from=1762274894000&to=now
WARNING 2025-11-04 18:06:05.132 UTC: 	 Warning:			Task requests 3000 MB of memory, but only 2500 are guaranteed to be available. Jobs may not find a site where to run and stay idle forever.
DEBUG 2025-11-04 18:06:05.132 UTC: 	 The CRAB server submitted your task to the Grid scheduler (cluster ID: 137313877)
DEBUG 2025-11-04 18:06:05.132 UTC: 	 Webdir is located at http://vocms0155.cern.ch/mon/amalhotr/251104_174814:amalhotr_crab_ScoutingData_Redone_v5
DEBUG 2025-11-04 18:06:05.132 UTC: 	 Encoded data for curl request: subresource=webdirprx&workflow=251104_174814%3Aamalhotr_crab_ScoutingData_Redone_v5
DEBUG 2025-11-04 18:06:05.191 UTC: 	 Proxied webdir is located at https://cmsweb.cern.ch/scheddmon/0155/amalhotr/251104_174814:amalhotr_crab_ScoutingData_Redone_v5
DEBUG 2025-11-04 18:06:05.191 UTC: 	 Retrieving 'status_cache' file from https://cmsweb.cern.ch/scheddmon/0155/amalhotr/251104_174814:amalhotr_crab_ScoutingData_Redone_v5/status_cache.pkl
DEBUG 2025-11-04 18:06:05.191 UTC: 	 Will execute:
curl -sS --capath /etc/grid-security/certificates --cert /tmp/x509up_u180451 --key /tmp/x509up_u180451 -o /tmp/crab_status-cache-g6fskguy.pkl -w %"{http_code}" "https://cmsweb.cern.ch/scheddmon/0155/amalhotr/251104_174814:amalhotr_crab_ScoutingData_Redone_v5/status_cache.pkl"
DEBUG 2025-11-04 18:06:05.191 UTC: 	 Executing command :
 curl -sS --capath /etc/grid-security/certificates --cert /tmp/x509up_u180451 --key /tmp/x509up_u180451 -o /tmp/crab_status-cache-g6fskguy.pkl -w %"{http_code}" "https://cmsweb.cern.ch/scheddmon/0155/amalhotr/251104_174814:amalhotr_crab_ScoutingData_Redone_v5/status_cache.pkl"
DEBUG 2025-11-04 18:06:05.234 UTC: 	 output : 200
 error: 
 retcode : 0
DEBUG 2025-11-04 18:06:05.234 UTC: 	 exitcode: 0
stdout: 200
stderr: 
error details: 
DEBUG 2025-11-04 18:06:05.237 UTC: 	 Got information from status cache file: {'3': {'Retries': 0, 'Restarts': 0, 'SiteHistory': ['Unknown'], 'ResidentSetSize': [0], 'SubmitTimes': [1762278660.0], 'StartTimes': [], 'EndTimes': [], 'TotalUserCpuTimeHistory': [0.0], 'TotalSysCpuTimeHistory': [0.0], 'WallDurations': [0], 'JobIds': ['137313882.0'], 'State': 'idle', 'RecordedSite': False}, '2': {'Retries': 0, 'Restarts': 0, 'SiteHistory': ['Unknown'], 'ResidentSetSize': [0], 'SubmitTimes': [1762278660.0], 'StartTimes': [], 'EndTimes': [], 'TotalUserCpuTimeHistory': [0.0], 'TotalSysCpuTimeHistory': [0.0], 'WallDurations': [0], 'JobIds': ['137313883.0'], 'State': 'idle', 'RecordedSite': False}, '10': {'Retries': 0, 'Restarts': 0, 'SiteHistory': ['Unknown'], 'ResidentSetSize': [0], 'SubmitTimes': [1762278660.0], 'StartTimes': [], 'EndTimes': [], 'TotalUserCpuTimeHistory': [0.0], 'TotalSysCpuTimeHistory': [0.0], 'WallDurations': [0], 'JobIds': ['137313884.0'], 'State': 'idle', 'RecordedSite': False}, '14': {'Retries': 0, 'Restarts': 0, 'SiteHistory': ['Unknown'], 'ResidentSetSize': [0], 'SubmitTimes': [1762278660.0], 'StartTimes': [], 'EndTimes': [], 'TotalUserCpuTimeHistory': [0.0], 'TotalSysCpuTimeHistory': [0.0], 'WallDurations': [0], 'JobIds': ['137313885.0'], 'State': 'idle', 'RecordedSite': False}, '4': {'Retries': 0, 'Restarts': 0, 'SiteHistory': ['Unknown'], 'ResidentSetSize': [0], 'SubmitTimes': [1762278660.0], 'StartTimes': [], 'EndTimes': [], 'TotalUserCpuTimeHistory': [0.0], 'TotalSysCpuTimeHistory': [0.0], 'WallDurations': [0], 'JobIds': ['137313886.0'], 'State': 'idle', 'RecordedSite': False}, '19': {'Retries': 0, 'Restarts': 0, 'SiteHistory': ['Unknown'], 'ResidentSetSize': [0], 'SubmitTimes': [1762278660.0], 'StartTimes': [], 'EndTimes': [], 'TotalUserCpuTimeHistory': [0.0], 'TotalSysCpuTimeHistory': [0.0], 'WallDurations': [0], 'JobIds': ['137313887.0'], 'State': 'idle', 'RecordedSite': False}, '20': {'Retries': 0, 'Restarts': 0, 'SiteHistory': ['Unknown'], 'ResidentSetSize': [0], 'SubmitTimes': [1762278661.0], 'StartTimes': [], 'EndTimes': [], 'TotalUserCpuTimeHistory': [0.0], 'TotalSysCpuTimeHistory': [0.0], 'WallDurations': [0], 'JobIds': ['137313888.0'], 'State': 'idle', 'RecordedSite': False}, '15': {'Retries': 0, 'Restarts': 0, 'SiteHistory': ['Unknown'], 'ResidentSetSize': [0], 'SubmitTimes': [1762278661.0], 'StartTimes': [], 'EndTimes': [], 'TotalUserCpuTimeHistory': [0.0], 'TotalSysCpuTimeHistory': [0.0], 'WallDurations': [0], 'JobIds': ['137313889.0'], 'State': 'idle', 'RecordedSite': False}, '11': {'Retries': 0, 'Restarts': 0, 'SiteHistory': ['Unknown'], 'ResidentSetSize': [0], 'SubmitTimes': [1762278661.0], 'StartTimes': [], 'EndTimes': [], 'TotalUserCpuTimeHistory': [0.0], 'TotalSysCpuTimeHistory': [0.0], 'WallDurations': [0], 'JobIds': ['137313890.0'], 'State': 'idle', 'RecordedSite': False}, '5': {'Retries': 0, 'Restarts': 0, 'SiteHistory': ['Unknown'], 'ResidentSetSize': [0], 'SubmitTimes': [1762278661.0], 'StartTimes': [], 'EndTimes': [], 'TotalUserCpuTimeHistory': [0.0], 'TotalSysCpuTimeHistory': [0.0], 'WallDurations': [0], 'JobIds': ['137313891.0'], 'State': 'idle', 'RecordedSite': False}, '9': {'Retries': 0, 'Restarts': 0, 'SiteHistory': ['Unknown'], 'ResidentSetSize': [0], 'SubmitTimes': [1762278661.0], 'StartTimes': [], 'EndTimes': [], 'TotalUserCpuTimeHistory': [0.0], 'TotalSysCpuTimeHistory': [0.0], 'WallDurations': [0], 'JobIds': ['137313892.0'], 'State': 'idle', 'RecordedSite': False}, '16': {'Retries': 0, 'Restarts': 0, 'SiteHistory': ['Unknown'], 'ResidentSetSize': [0], 'SubmitTimes': [1762278661.0], 'StartTimes': [], 'EndTimes': [], 'TotalUserCpuTimeHistory': [0.0], 'TotalSysCpuTimeHistory': [0.0], 'WallDurations': [0], 'JobIds': ['137313893.0'], 'State': 'idle', 'RecordedSite': False}, '7': {'Retries': 0, 'Restarts': 0, 'SiteHistory': ['Unknown'], 'ResidentSetSize': [0], 'SubmitTimes': [1762278661.0], 'StartTimes': [], 'EndTimes': [], 'TotalUserCpuTimeHistory': [0.0], 'TotalSysCpuTimeHistory': [0.0], 'WallDurations': [0], 'JobIds': ['137313894.0'], 'State': 'idle', 'RecordedSite': False}, '6': {'Retries': 0, 'Restarts': 0, 'SiteHistory': ['Unknown'], 'ResidentSetSize': [0], 'SubmitTimes': [1762278666.0], 'StartTimes': [], 'EndTimes': [], 'TotalUserCpuTimeHistory': [0.0], 'TotalSysCpuTimeHistory': [0.0], 'WallDurations': [0], 'JobIds': ['137313895.0'], 'State': 'idle', 'RecordedSite': False}, '1': {'Retries': 0, 'Restarts': 0, 'SiteHistory': ['Unknown'], 'ResidentSetSize': [0], 'SubmitTimes': [1762278666.0], 'StartTimes': [], 'EndTimes': [], 'TotalUserCpuTimeHistory': [0.0], 'TotalSysCpuTimeHistory': [0.0], 'WallDurations': [0], 'JobIds': ['137313896.0'], 'State': 'idle', 'RecordedSite': False}, '8': {'Retries': 0, 'Restarts': 0, 'SiteHistory': ['Unknown'], 'ResidentSetSize': [0], 'SubmitTimes': [1762278666.0], 'StartTimes': [], 'EndTimes': [], 'TotalUserCpuTimeHistory': [0.0], 'TotalSysCpuTimeHistory': [0.0], 'WallDurations': [0], 'JobIds': ['137313897.0'], 'State': 'idle', 'RecordedSite': False}, '12': {'Retries': 0, 'Restarts': 0, 'SiteHistory': ['Unknown'], 'ResidentSetSize': [0], 'SubmitTimes': [1762278666.0], 'StartTimes': [], 'EndTimes': [], 'TotalUserCpuTimeHistory': [0.0], 'TotalSysCpuTimeHistory': [0.0], 'WallDurations': [0], 'JobIds': ['137313898.0'], 'State': 'idle', 'RecordedSite': False}, '13': {'Retries': 0, 'Restarts': 0, 'SiteHistory': ['Unknown'], 'ResidentSetSize': [0], 'SubmitTimes': [1762278666.0], 'StartTimes': [], 'EndTimes': [], 'TotalUserCpuTimeHistory': [0.0], 'TotalSysCpuTimeHistory': [0.0], 'WallDurations': [0], 'JobIds': ['137313899.0'], 'State': 'idle', 'RecordedSite': False}, '17': {'Retries': 0, 'Restarts': 0, 'SiteHistory': ['Unknown'], 'ResidentSetSize': [0], 'SubmitTimes': [1762278666.0], 'StartTimes': [], 'EndTimes': [], 'TotalUserCpuTimeHistory': [0.0], 'TotalSysCpuTimeHistory': [0.0], 'WallDurations': [0], 'JobIds': ['137313900.0'], 'State': 'idle', 'RecordedSite': False}, '18': {'Retries': 0, 'Restarts': 0, 'SiteHistory': ['Unknown'], 'ResidentSetSize': [0], 'SubmitTimes': [1762278666.0], 'StartTimes': [], 'EndTimes': [], 'TotalUserCpuTimeHistory': [0.0], 'TotalSysCpuTimeHistory': [0.0], 'WallDurations': [0], 'JobIds': ['137313901.0'], 'State': 'idle', 'RecordedSite': False}, '21': {'Retries': 0, 'Restarts': 0, 'SiteHistory': ['Unknown'], 'ResidentSetSize': [0], 'SubmitTimes': [1762278666.0], 'StartTimes': [], 'EndTimes': [], 'TotalUserCpuTimeHistory': [0.0], 'TotalSysCpuTimeHistory': [0.0], 'WallDurations': [0], 'JobIds': ['137313902.0'], 'State': 'idle', 'RecordedSite': False}, '22': {'Retries': 0, 'Restarts': 0, 'SiteHistory': ['Unknown'], 'ResidentSetSize': [0], 'SubmitTimes': [1762278666.0], 'StartTimes': [], 'EndTimes': [], 'TotalUserCpuTimeHistory': [0.0], 'TotalSysCpuTimeHistory': [0.0], 'WallDurations': [0], 'JobIds': ['137313903.0'], 'State': 'idle', 'RecordedSite': False}, '23': {'Retries': 0, 'Restarts': 0, 'SiteHistory': ['Unknown'], 'ResidentSetSize': [0], 'SubmitTimes': [1762278666.0], 'StartTimes': [], 'EndTimes': [], 'TotalUserCpuTimeHistory': [0.0], 'TotalSysCpuTimeHistory': [0.0], 'WallDurations': [0], 'JobIds': ['137313904.0'], 'State': 'idle', 'RecordedSite': False}, '24': {'Retries': 0, 'Restarts': 0, 'SiteHistory': ['Unknown'], 'ResidentSetSize': [0], 'SubmitTimes': [1762278666.0], 'StartTimes': [], 'EndTimes': [], 'TotalUserCpuTimeHistory': [0.0], 'TotalSysCpuTimeHistory': [0.0], 'WallDurations': [0], 'JobIds': ['137313905.0'], 'State': 'idle', 'RecordedSite': False}, '25': {'Retries': 0, 'Restarts': 0, 'SiteHistory': ['Unknown'], 'ResidentSetSize': [0], 'SubmitTimes': [1762278666.0], 'StartTimes': [], 'EndTimes': [], 'TotalUserCpuTimeHistory': [0.0], 'TotalSysCpuTimeHistory': [0.0], 'WallDurations': [0], 'JobIds': ['137313906.0'], 'State': 'idle', 'RecordedSite': False}, '26': {'Retries': 0, 'Restarts': 0, 'SiteHistory': ['Unknown'], 'ResidentSetSize': [0], 'SubmitTimes': [1762278666.0], 'StartTimes': [], 'EndTimes': [], 'TotalUserCpuTimeHistory': [0.0], 'TotalSysCpuTimeHistory': [0.0], 'WallDurations': [0], 'JobIds': ['137313907.0'], 'State': 'idle', 'RecordedSite': False}, '27': {'Retries': 0, 'Restarts': 0, 'SiteHistory': ['Unknown'], 'ResidentSetSize': [0], 'SubmitTimes': [1762278666.0], 'StartTimes': [], 'EndTimes': [], 'TotalUserCpuTimeHistory': [0.0], 'TotalSysCpuTimeHistory': [0.0], 'WallDurations': [0], 'JobIds': ['137313908.0'], 'State': 'idle', 'RecordedSite': False}, '28': {'Retries': 0, 'Restarts': 0, 'SiteHistory': ['Unknown'], 'ResidentSetSize': [0], 'SubmitTimes': [1762278666.0], 'StartTimes': [], 'EndTimes': [], 'TotalUserCpuTimeHistory': [0.0], 'TotalSysCpuTimeHistory': [0.0], 'WallDurations': [0], 'JobIds': ['137313909.0'], 'State': 'idle', 'RecordedSite': False}, '29': {'Retries': 0, 'Restarts': 0, 'SiteHistory': ['Unknown'], 'ResidentSetSize': [0], 'SubmitTimes': [1762278666.0], 'StartTimes': [], 'EndTimes': [], 'TotalUserCpuTimeHistory': [0.0], 'TotalSysCpuTimeHistory': [0.0], 'WallDurations': [0], 'JobIds': ['137313910.0'], 'State': 'idle', 'RecordedSite': False}, '30': {'Retries': 0, 'Restarts': 0, 'SiteHistory': ['Unknown'], 'ResidentSetSize': [0], 'SubmitTimes': [1762278666.0], 'StartTimes': [], 'EndTimes': [], 'TotalUserCpuTimeHistory': [0.0], 'TotalSysCpuTimeHistory': [0.0], 'WallDurations': [0], 'JobIds': ['137313911.0'], 'State': 'idle', 'RecordedSite': False}, '31': {'Retries': 0, 'Restarts': 0, 'SiteHistory': ['Unknown'], 'ResidentSetSize': [0], 'SubmitTimes': [1762278666.0], 'StartTimes': [], 'EndTimes': [], 'TotalUserCpuTimeHistory': [0.0], 'TotalSysCpuTimeHistory': [0.0], 'WallDurations': [0], 'JobIds': ['137313912.0'], 'State': 'idle', 'RecordedSite': False}, '32': {'Retries': 0, 'Restarts': 0, 'SiteHistory': ['Unknown'], 'ResidentSetSize': [0], 'SubmitTimes': [1762278666.0], 'StartTimes': [], 'EndTimes': [], 'TotalUserCpuTimeHistory': [0.0], 'TotalSysCpuTimeHistory': [0.0], 'WallDurations': [0], 'JobIds': ['137313913.0'], 'State': 'idle', 'RecordedSite': False}, '33': {'Retries': 0, 'Restarts': 0, 'SiteHistory': ['Unknown'], 'ResidentSetSize': [0], 'SubmitTimes': [1762278666.0], 'StartTimes': [], 'EndTimes': [], 'TotalUserCpuTimeHistory': [0.0], 'TotalSysCpuTimeHistory': [0.0], 'WallDurations': [0], 'JobIds': ['137313914.0'], 'State': 'idle', 'RecordedSite': False}, '38': {'Retries': 0, 'Restarts': 0, 'SiteHistory': ['Unknown'], 'ResidentSetSize': [0], 'SubmitTimes': [1762278666.0], 'StartTimes': [], 'EndTimes': [], 'TotalUserCpuTimeHistory': [0.0], 'TotalSysCpuTimeHistory': [0.0], 'WallDurations': [0], 'JobIds': ['137313915.0'], 'State': 'idle', 'RecordedSite': False}, '40': {'Retries': 0, 'Restarts': 0, 'SiteHistory': ['Unknown'], 'ResidentSetSize': [0], 'SubmitTimes': [1762278666.0], 'StartTimes': [], 'EndTimes': [], 'TotalUserCpuTimeHistory': [0.0], 'TotalSysCpuTimeHistory': [0.0], 'WallDurations': [0], 'JobIds': ['137313916.0'], 'State': 'idle', 'RecordedSite': False}, '52': {'Retries': 0, 'Restarts': 0, 'SiteHistory': ['Unknown'], 'ResidentSetSize': [0], 'SubmitTimes': [1762278666.0], 'StartTimes': [], 'EndTimes': [], 'TotalUserCpuTimeHistory': [0.0], 'TotalSysCpuTimeHistory': [0.0], 'WallDurations': [0], 'JobIds': ['137313917.0'], 'State': 'idle', 'RecordedSite': False}, '36': {'Retries': 0, 'Restarts': 0, 'SiteHistory': ['Unknown'], 'ResidentSetSize': [0], 'SubmitTimes': [1762278666.0], 'StartTimes': [], 'EndTimes': [], 'TotalUserCpuTimeHistory': [0.0], 'TotalSysCpuTimeHistory': [0.0], 'WallDurations': [0], 'JobIds': ['137313918.0'], 'State': 'idle', 'RecordedSite': False}, '54': {'Retries': 0, 'Restarts': 0, 'SiteHistory': ['Unknown'], 'ResidentSetSize': [0], 'SubmitTimes': [1762278666.0], 'StartTimes': [], 'EndTimes': [], 'TotalUserCpuTimeHistory': [0.0], 'TotalSysCpuTimeHistory': [0.0], 'WallDurations': [0], 'JobIds': ['137313919.0'], 'State': 'idle', 'RecordedSite': False}, '41': {'Retries': 0, 'Restarts': 0, 'SiteHistory': ['Unknown'], 'ResidentSetSize': [0], 'SubmitTimes': [1762278666.0], 'StartTimes': [], 'EndTimes': [], 'TotalUserCpuTimeHistory': [0.0], 'TotalSysCpuTimeHistory': [0.0], 'WallDurations': [0], 'JobIds': ['137313920.0'], 'State': 'idle', 'RecordedSite': False}, '50': {'Retries': 0, 'Restarts': 0, 'SiteHistory': ['Unknown'], 'ResidentSetSize': [0], 'SubmitTimes': [1762278666.0], 'StartTimes': [], 'EndTimes': [], 'TotalUserCpuTimeHistory': [0.0], 'TotalSysCpuTimeHistory': [0.0], 'WallDurations': [0], 'JobIds': ['137313921.0'], 'State': 'idle', 'RecordedSite': False}, '42': {'Retries': 0, 'Restarts': 0, 'SiteHistory': ['Unknown'], 'ResidentSetSize': [0], 'SubmitTimes': [1762278666.0], 'StartTimes': [], 'EndTimes': [], 'TotalUserCpuTimeHistory': [0.0], 'TotalSysCpuTimeHistory': [0.0], 'WallDurations': [0], 'JobIds': ['137313922.0'], 'State': 'idle', 'RecordedSite': False}, '49': {'Retries': 0, 'Restarts': 0, 'SiteHistory': ['Unknown'], 'ResidentSetSize': [0], 'SubmitTimes': [1762278666.0], 'StartTimes': [], 'EndTimes': [], 'TotalUserCpuTimeHistory': [0.0], 'TotalSysCpuTimeHistory': [0.0], 'WallDurations': [0], 'JobIds': ['137313923.0'], 'State': 'idle', 'RecordedSite': False}, '35': {'Retries': 0, 'Restarts': 0, 'SiteHistory': ['Unknown'], 'ResidentSetSize': [0], 'SubmitTimes': [1762278666.0], 'StartTimes': [], 'EndTimes': [], 'TotalUserCpuTimeHistory': [0.0], 'TotalSysCpuTimeHistory': [0.0], 'WallDurations': [0], 'JobIds': ['137313924.0'], 'State': 'idle', 'RecordedSite': False}, '37': {'Retries': 0, 'Restarts': 0, 'SiteHistory': ['Unknown'], 'ResidentSetSize': [0], 'SubmitTimes': [1762278666.0], 'StartTimes': [], 'EndTimes': [], 'TotalUserCpuTimeHistory': [0.0], 'TotalSysCpuTimeHistory': [0.0], 'WallDurations': [0], 'JobIds': ['137313925.0'], 'State': 'idle', 'RecordedSite': False}, '45': {'Retries': 0, 'Restarts': 0, 'SiteHistory': ['Unknown'], 'ResidentSetSize': [0], 'SubmitTimes': [1762278667.0], 'StartTimes': [], 'EndTimes': [], 'TotalUserCpuTimeHistory': [0.0], 'TotalSysCpuTimeHistory': [0.0], 'WallDurations': [0], 'JobIds': ['137313926.0'], 'State': 'idle', 'RecordedSite': False}, '39': {'Retries': 0, 'Restarts': 0, 'SiteHistory': ['Unknown'], 'ResidentSetSize': [0], 'SubmitTimes': [1762278667.0], 'StartTimes': [], 'EndTimes': [], 'TotalUserCpuTimeHistory': [0.0], 'TotalSysCpuTimeHistory': [0.0], 'WallDurations': [0], 'JobIds': ['137313927.0'], 'State': 'idle', 'RecordedSite': False}, '48': {'Retries': 0, 'Restarts': 0, 'SiteHistory': ['Unknown'], 'ResidentSetSize': [0], 'SubmitTimes': [1762278667.0], 'StartTimes': [], 'EndTimes': [], 'TotalUserCpuTimeHistory': [0.0], 'TotalSysCpuTimeHistory': [0.0], 'WallDurations': [0], 'JobIds': ['137313928.0'], 'State': 'idle', 'RecordedSite': False}, '44': {'Retries': 0, 'Restarts': 0, 'SiteHistory': ['Unknown'], 'ResidentSetSize': [0], 'SubmitTimes': [1762278667.0], 'StartTimes': [], 'EndTimes': [], 'TotalUserCpuTimeHistory': [0.0], 'TotalSysCpuTimeHistory': [0.0], 'WallDurations': [0], 'JobIds': ['137313929.0'], 'State': 'idle', 'RecordedSite': False}, '46': {'Retries': 0, 'Restarts': 0, 'SiteHistory': ['Unknown'], 'ResidentSetSize': [0], 'SubmitTimes': [1762278667.0], 'StartTimes': [], 'EndTimes': [], 'TotalUserCpuTimeHistory': [0.0], 'TotalSysCpuTimeHistory': [0.0], 'WallDurations': [0], 'JobIds': ['137313930.0'], 'State': 'idle', 'RecordedSite': False}, '51': {'Retries': 0, 'Restarts': 0, 'SiteHistory': ['Unknown'], 'ResidentSetSize': [0], 'SubmitTimes': [1762278667.0], 'StartTimes': [], 'EndTimes': [], 'TotalUserCpuTimeHistory': [0.0], 'TotalSysCpuTimeHistory': [0.0], 'WallDurations': [0], 'JobIds': ['137313931.0'], 'State': 'idle', 'RecordedSite': False}, '47': {'Retries': 0, 'Restarts': 0, 'SiteHistory': ['Unknown'], 'ResidentSetSize': [0], 'SubmitTimes': [1762278667.0], 'StartTimes': [], 'EndTimes': [], 'TotalUserCpuTimeHistory': [0.0], 'TotalSysCpuTimeHistory': [0.0], 'WallDurations': [0], 'JobIds': ['137313932.0'], 'State': 'idle', 'RecordedSite': False}, '43': {'Retries': 0, 'Restarts': 0, 'SiteHistory': ['Unknown'], 'ResidentSetSize': [0], 'SubmitTimes': [1762278667.0], 'StartTimes': [], 'EndTimes': [], 'TotalUserCpuTimeHistory': [0.0], 'TotalSysCpuTimeHistory': [0.0], 'WallDurations': [0], 'JobIds': ['137313933.0'], 'State': 'idle', 'RecordedSite': False}, '53': {'Retries': 0, 'Restarts': 0, 'SiteHistory': ['Unknown'], 'ResidentSetSize': [0], 'SubmitTimes': [1762278667.0], 'StartTimes': [], 'EndTimes': [], 'TotalUserCpuTimeHistory': [0.0], 'TotalSysCpuTimeHistory': [0.0], 'WallDurations': [0], 'JobIds': ['137313934.0'], 'State': 'idle', 'RecordedSite': False}, '55': {'Retries': 0, 'Restarts': 0, 'SiteHistory': ['Unknown'], 'ResidentSetSize': [0], 'SubmitTimes': [1762278667.0], 'StartTimes': [], 'EndTimes': [], 'TotalUserCpuTimeHistory': [0.0], 'TotalSysCpuTimeHistory': [0.0], 'WallDurations': [0], 'JobIds': ['137313935.0'], 'State': 'idle', 'RecordedSite': False}, '56': {'Retries': 0, 'Restarts': 0, 'SiteHistory': ['Unknown'], 'ResidentSetSize': [0], 'SubmitTimes': [1762278667.0], 'StartTimes': [], 'EndTimes': [], 'TotalUserCpuTimeHistory': [0.0], 'TotalSysCpuTimeHistory': [0.0], 'WallDurations': [0], 'JobIds': ['137313936.0'], 'State': 'idle', 'RecordedSite': False}, '57': {'Retries': 0, 'Restarts': 0, 'SiteHistory': ['Unknown'], 'ResidentSetSize': [0], 'SubmitTimes': [1762278667.0], 'StartTimes': [], 'EndTimes': [], 'TotalUserCpuTimeHistory': [0.0], 'TotalSysCpuTimeHistory': [0.0], 'WallDurations': [0], 'JobIds': ['137313937.0'], 'State': 'idle', 'RecordedSite': False}, '64': {'Retries': 0, 'Restarts': 0, 'SiteHistory': ['Unknown'], 'ResidentSetSize': [0], 'SubmitTimes': [1762278667.0], 'StartTimes': [], 'EndTimes': [], 'TotalUserCpuTimeHistory': [0.0], 'TotalSysCpuTimeHistory': [0.0], 'WallDurations': [0], 'JobIds': ['137313938.0'], 'State': 'idle', 'RecordedSite': False}, '63': {'Retries': 0, 'Restarts': 0, 'SiteHistory': ['Unknown'], 'ResidentSetSize': [0], 'SubmitTimes': [1762278667.0], 'StartTimes': [], 'EndTimes': [], 'TotalUserCpuTimeHistory': [0.0], 'TotalSysCpuTimeHistory': [0.0], 'WallDurations': [0], 'JobIds': ['137313939.0'], 'State': 'idle', 'RecordedSite': False}, '59': {'Retries': 0, 'Restarts': 0, 'SiteHistory': ['Unknown'], 'ResidentSetSize': [0], 'SubmitTimes': [1762278667.0], 'StartTimes': [], 'EndTimes': [], 'TotalUserCpuTimeHistory': [0.0], 'TotalSysCpuTimeHistory': [0.0], 'WallDurations': [0], 'JobIds': ['137313940.0'], 'State': 'idle', 'RecordedSite': False}, '70': {'Retries': 0, 'Restarts': 0, 'SiteHistory': ['Unknown'], 'ResidentSetSize': [0], 'SubmitTimes': [1762278667.0], 'StartTimes': [], 'EndTimes': [], 'TotalUserCpuTimeHistory': [0.0], 'TotalSysCpuTimeHistory': [0.0], 'WallDurations': [0], 'JobIds': ['137313941.0'], 'State': 'idle', 'RecordedSite': False}, '60': {'Retries': 0, 'Restarts': 0, 'SiteHistory': ['Unknown'], 'ResidentSetSize': [0], 'SubmitTimes': [1762278667.0], 'StartTimes': [], 'EndTimes': [], 'TotalUserCpuTimeHistory': [0.0], 'TotalSysCpuTimeHistory': [0.0], 'WallDurations': [0], 'JobIds': ['137313942.0'], 'State': 'idle', 'RecordedSite': False}, '67': {'Retries': 0, 'Restarts': 0, 'SiteHistory': ['Unknown'], 'ResidentSetSize': [0], 'SubmitTimes': [1762278667.0], 'StartTimes': [], 'EndTimes': [], 'TotalUserCpuTimeHistory': [0.0], 'TotalSysCpuTimeHistory': [0.0], 'WallDurations': [0], 'JobIds': ['137313943.0'], 'State': 'idle', 'RecordedSite': False}, '58': {'Retries': 0, 'Restarts': 0, 'SiteHistory': ['Unknown'], 'ResidentSetSize': [0], 'SubmitTimes': [1762278667.0], 'StartTimes': [], 'EndTimes': [], 'TotalUserCpuTimeHistory': [0.0], 'TotalSysCpuTimeHistory': [0.0], 'WallDurations': [0], 'JobIds': ['137313944.0'], 'State': 'idle', 'RecordedSite': False}, '62': {'Retries': 0, 'Restarts': 0, 'SiteHistory': ['Unknown'], 'ResidentSetSize': [0], 'SubmitTimes': [1762278667.0], 'StartTimes': [], 'EndTimes': [], 'TotalUserCpuTimeHistory': [0.0], 'TotalSysCpuTimeHistory': [0.0], 'WallDurations': [0], 'JobIds': ['137313945.0'], 'State': 'idle', 'RecordedSite': False}, '69': {'Retries': 0, 'Restarts': 0, 'SiteHistory': ['Unknown'], 'ResidentSetSize': [0], 'SubmitTimes': [1762278667.0], 'StartTimes': [], 'EndTimes': [], 'TotalUserCpuTimeHistory': [0.0], 'TotalSysCpuTimeHistory': [0.0], 'WallDurations': [0], 'JobIds': ['137313946.0'], 'State': 'idle', 'RecordedSite': False}, '61': {'Retries': 0, 'Restarts': 0, 'SiteHistory': ['Unknown'], 'ResidentSetSize': [0], 'SubmitTimes': [1762278667.0], 'StartTimes': [], 'EndTimes': [], 'TotalUserCpuTimeHistory': [0.0], 'TotalSysCpuTimeHistory': [0.0], 'WallDurations': [0], 'JobIds': ['137313947.0'], 'State': 'idle', 'RecordedSite': False}, '65': {'Retries': 0, 'Restarts': 0, 'SiteHistory': ['Unknown'], 'ResidentSetSize': [0], 'SubmitTimes': [1762278667.0], 'StartTimes': [], 'EndTimes': [], 'TotalUserCpuTimeHistory': [0.0], 'TotalSysCpuTimeHistory': [0.0], 'WallDurations': [0], 'JobIds': ['137313948.0'], 'State': 'idle', 'RecordedSite': False}, '66': {'Retries': 0, 'Restarts': 0, 'SiteHistory': ['Unknown'], 'ResidentSetSize': [0], 'SubmitTimes': [1762278667.0], 'StartTimes': [], 'EndTimes': [], 'TotalUserCpuTimeHistory': [0.0], 'TotalSysCpuTimeHistory': [0.0], 'WallDurations': [0], 'JobIds': ['137313949.0'], 'State': 'idle', 'RecordedSite': False}, '68': {'Retries': 0, 'Restarts': 0, 'SiteHistory': ['Unknown'], 'ResidentSetSize': [0], 'SubmitTimes': [1762278667.0], 'StartTimes': [], 'EndTimes': [], 'TotalUserCpuTimeHistory': [0.0], 'TotalSysCpuTimeHistory': [0.0], 'WallDurations': [0], 'JobIds': ['137313950.0'], 'State': 'idle', 'RecordedSite': False}, '74': {'Retries': 0, 'Restarts': 0, 'SiteHistory': ['Unknown'], 'ResidentSetSize': [0], 'SubmitTimes': [1762278667.0], 'StartTimes': [], 'EndTimes': [], 'TotalUserCpuTimeHistory': [0.0], 'TotalSysCpuTimeHistory': [0.0], 'WallDurations': [0], 'JobIds': ['137313951.0'], 'State': 'idle', 'RecordedSite': False}, '71': {'Retries': 0, 'Restarts': 0, 'SiteHistory': ['Unknown'], 'ResidentSetSize': [0], 'SubmitTimes': [1762278667.0], 'StartTimes': [], 'EndTimes': [], 'TotalUserCpuTimeHistory': [0.0], 'TotalSysCpuTimeHistory': [0.0], 'WallDurations': [0], 'JobIds': ['137313952.0'], 'State': 'idle', 'RecordedSite': False}, '72': {'Retries': 0, 'Restarts': 0, 'SiteHistory': ['Unknown'], 'ResidentSetSize': [0], 'SubmitTimes': [1762278667.0], 'StartTimes': [], 'EndTimes': [], 'TotalUserCpuTimeHistory': [0.0], 'TotalSysCpuTimeHistory': [0.0], 'WallDurations': [0], 'JobIds': ['137313953.0'], 'State': 'idle', 'RecordedSite': False}, '73': {'Retries': 0, 'Restarts': 0, 'SiteHistory': ['Unknown'], 'ResidentSetSize': [0], 'SubmitTimes': [1762278667.0], 'StartTimes': [], 'EndTimes': [], 'TotalUserCpuTimeHistory': [0.0], 'TotalSysCpuTimeHistory': [0.0], 'WallDurations': [0], 'JobIds': ['137313954.0'], 'State': 'idle', 'RecordedSite': False}, '76': {'Retries': 0, 'Restarts': 0, 'SiteHistory': ['Unknown'], 'ResidentSetSize': [0], 'SubmitTimes': [1762278667.0], 'StartTimes': [], 'EndTimes': [], 'TotalUserCpuTimeHistory': [0.0], 'TotalSysCpuTimeHistory': [0.0], 'WallDurations': [0], 'JobIds': ['137313955.0'], 'State': 'idle', 'RecordedSite': False}, '77': {'Retries': 0, 'Restarts': 0, 'SiteHistory': ['Unknown'], 'ResidentSetSize': [0], 'SubmitTimes': [1762278667.0], 'StartTimes': [], 'EndTimes': [], 'TotalUserCpuTimeHistory': [0.0], 'TotalSysCpuTimeHistory': [0.0], 'WallDurations': [0], 'JobIds': ['137313956.0'], 'State': 'idle', 'RecordedSite': False}, '79': {'Retries': 0, 'Restarts': 0, 'SiteHistory': ['Unknown'], 'ResidentSetSize': [0], 'SubmitTimes': [1762278667.0], 'StartTimes': [], 'EndTimes': [], 'TotalUserCpuTimeHistory': [0.0], 'TotalSysCpuTimeHistory': [0.0], 'WallDurations': [0], 'JobIds': ['137313957.0'], 'State': 'idle', 'RecordedSite': False}, '86': {'Retries': 0, 'Restarts': 0, 'SiteHistory': ['Unknown'], 'ResidentSetSize': [0], 'SubmitTimes': [1762278667.0], 'StartTimes': [], 'EndTimes': [], 'TotalUserCpuTimeHistory': [0.0], 'TotalSysCpuTimeHistory': [0.0], 'WallDurations': [0], 'JobIds': ['137313958.0'], 'State': 'idle', 'RecordedSite': False}, '84': {'Retries': 0, 'Restarts': 0, 'SiteHistory': ['Unknown'], 'ResidentSetSize': [0], 'SubmitTimes': [1762278667.0], 'StartTimes': [], 'EndTimes': [], 'TotalUserCpuTimeHistory': [0.0], 'TotalSysCpuTimeHistory': [0.0], 'WallDurations': [0], 'JobIds': ['137313959.0'], 'State': 'idle', 'RecordedSite': False}, '78': {'Retries': 0, 'Restarts': 0, 'SiteHistory': ['Unknown'], 'ResidentSetSize': [0], 'SubmitTimes': [1762278667.0], 'StartTimes': [], 'EndTimes': [], 'TotalUserCpuTimeHistory': [0.0], 'TotalSysCpuTimeHistory': [0.0], 'WallDurations': [0], 'JobIds': ['137313960.0'], 'State': 'idle', 'RecordedSite': False}, '75': {'Retries': 0, 'Restarts': 0, 'SiteHistory': ['Unknown'], 'ResidentSetSize': [0], 'SubmitTimes': [1762278667.0], 'StartTimes': [], 'EndTimes': [], 'TotalUserCpuTimeHistory': [0.0], 'TotalSysCpuTimeHistory': [0.0], 'WallDurations': [0], 'JobIds': ['137313961.0'], 'State': 'idle', 'RecordedSite': False}, '81': {'Retries': 0, 'Restarts': 0, 'SiteHistory': ['Unknown'], 'ResidentSetSize': [0], 'SubmitTimes': [1762278667.0], 'StartTimes': [], 'EndTimes': [], 'TotalUserCpuTimeHistory': [0.0], 'TotalSysCpuTimeHistory': [0.0], 'WallDurations': [0], 'JobIds': ['137313962.0'], 'State': 'idle', 'RecordedSite': False}, '82': {'Retries': 0, 'Restarts': 0, 'SiteHistory': ['Unknown'], 'ResidentSetSize': [0], 'SubmitTimes': [1762278667.0], 'StartTimes': [], 'EndTimes': [], 'TotalUserCpuTimeHistory': [0.0], 'TotalSysCpuTimeHistory': [0.0], 'WallDurations': [0], 'JobIds': ['137313963.0'], 'State': 'idle', 'RecordedSite': False}, '83': {'Retries': 0, 'Restarts': 0, 'SiteHistory': ['Unknown'], 'ResidentSetSize': [0], 'SubmitTimes': [1762278667.0], 'StartTimes': [], 'EndTimes': [], 'TotalUserCpuTimeHistory': [0.0], 'TotalSysCpuTimeHistory': [0.0], 'WallDurations': [0], 'JobIds': ['137313964.0'], 'State': 'idle', 'RecordedSite': False}, '90': {'Retries': 0, 'Restarts': 0, 'SiteHistory': ['Unknown'], 'ResidentSetSize': [0], 'SubmitTimes': [1762278667.0], 'StartTimes': [], 'EndTimes': [], 'TotalUserCpuTimeHistory': [0.0], 'TotalSysCpuTimeHistory': [0.0], 'WallDurations': [0], 'JobIds': ['137313965.0'], 'State': 'idle', 'RecordedSite': False}, '93': {'Retries': 0, 'Restarts': 0, 'SiteHistory': ['Unknown'], 'ResidentSetSize': [0], 'SubmitTimes': [1762278667.0], 'StartTimes': [], 'EndTimes': [], 'TotalUserCpuTimeHistory': [0.0], 'TotalSysCpuTimeHistory': [0.0], 'WallDurations': [0], 'JobIds': ['137313966.0'], 'State': 'idle', 'RecordedSite': False}, '87': {'Retries': 0, 'Restarts': 0, 'SiteHistory': ['Unknown'], 'ResidentSetSize': [0], 'SubmitTimes': [1762278667.0], 'StartTimes': [], 'EndTimes': [], 'TotalUserCpuTimeHistory': [0.0], 'TotalSysCpuTimeHistory': [0.0], 'WallDurations': [0], 'JobIds': ['137313967.0'], 'State': 'idle', 'RecordedSite': False}, '88': {'Retries': 0, 'Restarts': 0, 'SiteHistory': ['Unknown'], 'ResidentSetSize': [0], 'SubmitTimes': [1762278667.0], 'StartTimes': [], 'EndTimes': [], 'TotalUserCpuTimeHistory': [0.0], 'TotalSysCpuTimeHistory': [0.0], 'WallDurations': [0], 'JobIds': ['137313968.0'], 'State': 'idle', 'RecordedSite': False}, '91': {'Retries': 0, 'Restarts': 0, 'SiteHistory': ['Unknown'], 'ResidentSetSize': [0], 'SubmitTimes': [1762278667.0], 'StartTimes': [], 'EndTimes': [], 'TotalUserCpuTimeHistory': [0.0], 'TotalSysCpuTimeHistory': [0.0], 'WallDurations': [0], 'JobIds': ['137313969.0'], 'State': 'idle', 'RecordedSite': False}, '80': {'Retries': 0, 'Restarts': 0, 'SiteHistory': ['Unknown'], 'ResidentSetSize': [0], 'SubmitTimes': [1762278667.0], 'StartTimes': [], 'EndTimes': [], 'TotalUserCpuTimeHistory': [0.0], 'TotalSysCpuTimeHistory': [0.0], 'WallDurations': [0], 'JobIds': ['137313970.0'], 'State': 'idle', 'RecordedSite': False}, '95': {'Retries': 0, 'Restarts': 0, 'SiteHistory': ['Unknown'], 'ResidentSetSize': [0], 'SubmitTimes': [1762278667.0], 'StartTimes': [], 'EndTimes': [], 'TotalUserCpuTimeHistory': [0.0], 'TotalSysCpuTimeHistory': [0.0], 'WallDurations': [0], 'JobIds': ['137313971.0'], 'State': 'idle', 'RecordedSite': False}, '89': {'Retries': 0, 'Restarts': 0, 'SiteHistory': ['Unknown'], 'ResidentSetSize': [0], 'SubmitTimes': [1762278667.0], 'StartTimes': [], 'EndTimes': [], 'TotalUserCpuTimeHistory': [0.0], 'TotalSysCpuTimeHistory': [0.0], 'WallDurations': [0], 'JobIds': ['137313972.0'], 'State': 'idle', 'RecordedSite': False}, '92': {'Retries': 0, 'Restarts': 0, 'SiteHistory': ['Unknown'], 'ResidentSetSize': [0], 'SubmitTimes': [1762278667.0], 'StartTimes': [], 'EndTimes': [], 'TotalUserCpuTimeHistory': [0.0], 'TotalSysCpuTimeHistory': [0.0], 'WallDurations': [0], 'JobIds': ['137313973.0'], 'State': 'idle', 'RecordedSite': False}, '85': {'Retries': 0, 'Restarts': 0, 'SiteHistory': ['Unknown'], 'ResidentSetSize': [0], 'SubmitTimes': [1762278667.0], 'StartTimes': [], 'EndTimes': [], 'TotalUserCpuTimeHistory': [0.0], 'TotalSysCpuTimeHistory': [0.0], 'WallDurations': [0], 'JobIds': ['137313974.0'], 'State': 'idle', 'RecordedSite': False}, '94': {'Retries': 0, 'Restarts': 0, 'SiteHistory': ['Unknown'], 'ResidentSetSize': [0], 'SubmitTimes': [1762278667.0], 'StartTimes': [], 'EndTimes': [], 'TotalUserCpuTimeHistory': [0.0], 'TotalSysCpuTimeHistory': [0.0], 'WallDurations': [0], 'JobIds': ['137313975.0'], 'State': 'idle', 'RecordedSite': False}, '97': {'Retries': 0, 'Restarts': 0, 'SiteHistory': ['Unknown'], 'ResidentSetSize': [0], 'SubmitTimes': [1762278667.0], 'StartTimes': [], 'EndTimes': [], 'TotalUserCpuTimeHistory': [0.0], 'TotalSysCpuTimeHistory': [0.0], 'WallDurations': [0], 'JobIds': ['137313976.0'], 'State': 'idle', 'RecordedSite': False}, '101': {'Retries': 0, 'Restarts': 0, 'SiteHistory': ['Unknown'], 'ResidentSetSize': [0], 'SubmitTimes': [1762278667.0], 'StartTimes': [], 'EndTimes': [], 'TotalUserCpuTimeHistory': [0.0], 'TotalSysCpuTimeHistory': [0.0], 'WallDurations': [0], 'JobIds': ['137313977.0'], 'State': 'idle', 'RecordedSite': False}, '99': {'Retries': 0, 'Restarts': 0, 'SiteHistory': ['Unknown'], 'ResidentSetSize': [0], 'SubmitTimes': [1762278667.0], 'StartTimes': [], 'EndTimes': [], 'TotalUserCpuTimeHistory': [0.0], 'TotalSysCpuTimeHistory': [0.0], 'WallDurations': [0], 'JobIds': ['137313978.0'], 'State': 'idle', 'RecordedSite': False}, '98': {'Retries': 0, 'Restarts': 0, 'SiteHistory': ['Unknown'], 'ResidentSetSize': [0], 'SubmitTimes': [1762278667.0], 'StartTimes': [], 'EndTimes': [], 'TotalUserCpuTimeHistory': [0.0], 'TotalSysCpuTimeHistory': [0.0], 'WallDurations': [0], 'JobIds': ['137313979.0'], 'State': 'idle', 'RecordedSite': False}, '107': {'Retries': 0, 'Restarts': 0, 'SiteHistory': ['Unknown'], 'ResidentSetSize': [0], 'SubmitTimes': [1762278667.0], 'StartTimes': [], 'EndTimes': [], 'TotalUserCpuTimeHistory': [0.0], 'TotalSysCpuTimeHistory': [0.0], 'WallDurations': [0], 'JobIds': ['137313980.0'], 'State': 'idle', 'RecordedSite': False}, '100': {'Retries': 0, 'Restarts': 0, 'SiteHistory': ['Unknown'], 'ResidentSetSize': [0], 'SubmitTimes': [1762278667.0], 'StartTimes': [], 'EndTimes': [], 'TotalUserCpuTimeHistory': [0.0], 'TotalSysCpuTimeHistory': [0.0], 'WallDurations': [0], 'JobIds': ['137313981.0'], 'State': 'idle', 'RecordedSite': False}, '96': {'Retries': 0, 'Restarts': 0, 'SiteHistory': ['Unknown'], 'ResidentSetSize': [0], 'SubmitTimes': [1762278667.0], 'StartTimes': [], 'EndTimes': [], 'TotalUserCpuTimeHistory': [0.0], 'TotalSysCpuTimeHistory': [0.0], 'WallDurations': [0], 'JobIds': ['137313982.0'], 'State': 'idle', 'RecordedSite': False}, '104': {'Retries': 0, 'Restarts': 0, 'SiteHistory': ['Unknown'], 'ResidentSetSize': [0], 'SubmitTimes': [1762278667.0], 'StartTimes': [], 'EndTimes': [], 'TotalUserCpuTimeHistory': [0.0], 'TotalSysCpuTimeHistory': [0.0], 'WallDurations': [0], 'JobIds': ['137313983.0'], 'State': 'idle', 'RecordedSite': False}, '108': {'Retries': 0, 'Restarts': 0, 'SiteHistory': ['Unknown'], 'ResidentSetSize': [0], 'SubmitTimes': [1762278667.0], 'StartTimes': [], 'EndTimes': [], 'TotalUserCpuTimeHistory': [0.0], 'TotalSysCpuTimeHistory': [0.0], 'WallDurations': [0], 'JobIds': ['137313984.0'], 'State': 'idle', 'RecordedSite': False}, '109': {'Retries': 0, 'Restarts': 0, 'SiteHistory': ['Unknown'], 'ResidentSetSize': [0], 'SubmitTimes': [1762278667.0], 'StartTimes': [], 'EndTimes': [], 'TotalUserCpuTimeHistory': [0.0], 'TotalSysCpuTimeHistory': [0.0], 'WallDurations': [0], 'JobIds': ['137313985.0'], 'State': 'idle', 'RecordedSite': False}, '103': {'Retries': 0, 'Restarts': 0, 'SiteHistory': ['Unknown'], 'ResidentSetSize': [0], 'SubmitTimes': [1762278667.0], 'StartTimes': [], 'EndTimes': [], 'TotalUserCpuTimeHistory': [0.0], 'TotalSysCpuTimeHistory': [0.0], 'WallDurations': [0], 'JobIds': ['137313986.0'], 'State': 'idle', 'RecordedSite': False}, '105': {'Retries': 0, 'Restarts': 0, 'SiteHistory': ['Unknown'], 'ResidentSetSize': [0], 'SubmitTimes': [1762278667.0], 'StartTimes': [], 'EndTimes': [], 'TotalUserCpuTimeHistory': [0.0], 'TotalSysCpuTimeHistory': [0.0], 'WallDurations': [0], 'JobIds': ['137313987.0'], 'State': 'idle', 'RecordedSite': False}, '106': {'Retries': 0, 'Restarts': 0, 'SiteHistory': ['Unknown'], 'ResidentSetSize': [0], 'SubmitTimes': [1762278667.0], 'StartTimes': [], 'EndTimes': [], 'TotalUserCpuTimeHistory': [0.0], 'TotalSysCpuTimeHistory': [0.0], 'WallDurations': [0], 'JobIds': ['137313988.0'], 'State': 'idle', 'RecordedSite': False}, '115': {'Retries': 0, 'Restarts': 0, 'SiteHistory': ['Unknown'], 'ResidentSetSize': [0], 'SubmitTimes': [1762278667.0], 'StartTimes': [], 'EndTimes': [], 'TotalUserCpuTimeHistory': [0.0], 'TotalSysCpuTimeHistory': [0.0], 'WallDurations': [0], 'JobIds': ['137313989.0'], 'State': 'idle', 'RecordedSite': False}, '113': {'Retries': 0, 'Restarts': 0, 'SiteHistory': ['Unknown'], 'ResidentSetSize': [0], 'SubmitTimes': [1762278667.0], 'StartTimes': [], 'EndTimes': [], 'TotalUserCpuTimeHistory': [0.0], 'TotalSysCpuTimeHistory': [0.0], 'WallDurations': [0], 'JobIds': ['137313990.0'], 'State': 'idle', 'RecordedSite': False}, '102': {'Retries': 0, 'Restarts': 0, 'SiteHistory': ['Unknown'], 'ResidentSetSize': [0], 'SubmitTimes': [1762278667.0], 'StartTimes': [], 'EndTimes': [], 'TotalUserCpuTimeHistory': [0.0], 'TotalSysCpuTimeHistory': [0.0], 'WallDurations': [0], 'JobIds': ['137313991.0'], 'State': 'idle', 'RecordedSite': False}, '110': {'Retries': 0, 'Restarts': 0, 'SiteHistory': ['Unknown'], 'ResidentSetSize': [0], 'SubmitTimes': [1762278667.0], 'StartTimes': [], 'EndTimes': [], 'TotalUserCpuTimeHistory': [0.0], 'TotalSysCpuTimeHistory': [0.0], 'WallDurations': [0], 'JobIds': ['137313992.0'], 'State': 'idle', 'RecordedSite': False}, '116': {'Retries': 0, 'Restarts': 0, 'SiteHistory': ['Unknown'], 'ResidentSetSize': [0], 'SubmitTimes': [1762278668.0], 'StartTimes': [], 'EndTimes': [], 'TotalUserCpuTimeHistory': [0.0], 'TotalSysCpuTimeHistory': [0.0], 'WallDurations': [0], 'JobIds': ['137313993.0'], 'State': 'idle', 'RecordedSite': False}, '112': {'Retries': 0, 'Restarts': 0, 'SiteHistory': ['Unknown'], 'ResidentSetSize': [0], 'SubmitTimes': [1762278668.0], 'StartTimes': [], 'EndTimes': [], 'TotalUserCpuTimeHistory': [0.0], 'TotalSysCpuTimeHistory': [0.0], 'WallDurations': [0], 'JobIds': ['137313994.0'], 'State': 'idle', 'RecordedSite': False}, '111': {'Retries': 0, 'Restarts': 0, 'SiteHistory': ['Unknown'], 'ResidentSetSize': [0], 'SubmitTimes': [1762278673.0], 'StartTimes': [], 'EndTimes': [], 'TotalUserCpuTimeHistory': [0.0], 'TotalSysCpuTimeHistory': [0.0], 'WallDurations': [0], 'JobIds': ['137313996.0'], 'State': 'idle', 'RecordedSite': False}, '114': {'Retries': 0, 'Restarts': 0, 'SiteHistory': ['Unknown'], 'ResidentSetSize': [0], 'SubmitTimes': [1762278673.0], 'StartTimes': [], 'EndTimes': [], 'TotalUserCpuTimeHistory': [0.0], 'TotalSysCpuTimeHistory': [0.0], 'WallDurations': [0], 'JobIds': ['137313997.0'], 'State': 'idle', 'RecordedSite': False}, '117': {'Retries': 0, 'Restarts': 0, 'SiteHistory': ['Unknown'], 'ResidentSetSize': [0], 'SubmitTimes': [1762278673.0], 'StartTimes': [], 'EndTimes': [], 'TotalUserCpuTimeHistory': [0.0], 'TotalSysCpuTimeHistory': [0.0], 'WallDurations': [0], 'JobIds': ['137313998.0'], 'State': 'idle', 'RecordedSite': False}, '118': {'Retries': 0, 'Restarts': 0, 'SiteHistory': ['Unknown'], 'ResidentSetSize': [0], 'SubmitTimes': [1762278673.0], 'StartTimes': [], 'EndTimes': [], 'TotalUserCpuTimeHistory': [0.0], 'TotalSysCpuTimeHistory': [0.0], 'WallDurations': [0], 'JobIds': ['137313999.0'], 'State': 'idle', 'RecordedSite': False}, '119': {'Retries': 0, 'Restarts': 0, 'SiteHistory': ['Unknown'], 'ResidentSetSize': [0], 'SubmitTimes': [1762278673.0], 'StartTimes': [], 'EndTimes': [], 'TotalUserCpuTimeHistory': [0.0], 'TotalSysCpuTimeHistory': [0.0], 'WallDurations': [0], 'JobIds': ['137314000.0'], 'State': 'idle', 'RecordedSite': False}, '127': {'Retries': 0, 'Restarts': 0, 'SiteHistory': ['Unknown'], 'ResidentSetSize': [0], 'SubmitTimes': [1762278673.0], 'StartTimes': [], 'EndTimes': [], 'TotalUserCpuTimeHistory': [0.0], 'TotalSysCpuTimeHistory': [0.0], 'WallDurations': [0], 'JobIds': ['137314001.0'], 'State': 'idle', 'RecordedSite': False}, '121': {'Retries': 0, 'Restarts': 0, 'SiteHistory': ['Unknown'], 'ResidentSetSize': [0], 'SubmitTimes': [1762278673.0], 'StartTimes': [], 'EndTimes': [], 'TotalUserCpuTimeHistory': [0.0], 'TotalSysCpuTimeHistory': [0.0], 'WallDurations': [0], 'JobIds': ['137314002.0'], 'State': 'idle', 'RecordedSite': False}, '130': {'Retries': 0, 'Restarts': 0, 'SiteHistory': ['Unknown'], 'ResidentSetSize': [0], 'SubmitTimes': [1762278673.0], 'StartTimes': [], 'EndTimes': [], 'TotalUserCpuTimeHistory': [0.0], 'TotalSysCpuTimeHistory': [0.0], 'WallDurations': [0], 'JobIds': ['137314003.0'], 'State': 'idle', 'RecordedSite': False}, '120': {'Retries': 0, 'Restarts': 0, 'SiteHistory': ['Unknown'], 'ResidentSetSize': [0], 'SubmitTimes': [1762278673.0], 'StartTimes': [], 'EndTimes': [], 'TotalUserCpuTimeHistory': [0.0], 'TotalSysCpuTimeHistory': [0.0], 'WallDurations': [0], 'JobIds': ['137314004.0'], 'State': 'idle', 'RecordedSite': False}, '125': {'Retries': 0, 'Restarts': 0, 'SiteHistory': ['Unknown'], 'ResidentSetSize': [0], 'SubmitTimes': [1762278673.0], 'StartTimes': [], 'EndTimes': [], 'TotalUserCpuTimeHistory': [0.0], 'TotalSysCpuTimeHistory': [0.0], 'WallDurations': [0], 'JobIds': ['137314005.0'], 'State': 'idle', 'RecordedSite': False}, '126': {'Retries': 0, 'Restarts': 0, 'SiteHistory': ['Unknown'], 'ResidentSetSize': [0], 'SubmitTimes': [1762278673.0], 'StartTimes': [], 'EndTimes': [], 'TotalUserCpuTimeHistory': [0.0], 'TotalSysCpuTimeHistory': [0.0], 'WallDurations': [0], 'JobIds': ['137314006.0'], 'State': 'idle', 'RecordedSite': False}, '124': {'Retries': 0, 'Restarts': 0, 'SiteHistory': ['Unknown'], 'ResidentSetSize': [0], 'SubmitTimes': [1762278673.0], 'StartTimes': [], 'EndTimes': [], 'TotalUserCpuTimeHistory': [0.0], 'TotalSysCpuTimeHistory': [0.0], 'WallDurations': [0], 'JobIds': ['137314007.0'], 'State': 'idle', 'RecordedSite': False}, '123': {'Retries': 0, 'Restarts': 0, 'SiteHistory': ['Unknown'], 'ResidentSetSize': [0], 'SubmitTimes': [1762278673.0], 'StartTimes': [], 'EndTimes': [], 'TotalUserCpuTimeHistory': [0.0], 'TotalSysCpuTimeHistory': [0.0], 'WallDurations': [0], 'JobIds': ['137314008.0'], 'State': 'idle', 'RecordedSite': False}, '128': {'Retries': 0, 'Restarts': 0, 'SiteHistory': ['Unknown'], 'ResidentSetSize': [0], 'SubmitTimes': [1762278673.0], 'StartTimes': [], 'EndTimes': [], 'TotalUserCpuTimeHistory': [0.0], 'TotalSysCpuTimeHistory': [0.0], 'WallDurations': [0], 'JobIds': ['137314009.0'], 'State': 'idle', 'RecordedSite': False}, '132': {'Retries': 0, 'Restarts': 0, 'SiteHistory': ['Unknown'], 'ResidentSetSize': [0], 'SubmitTimes': [1762278673.0], 'StartTimes': [], 'EndTimes': [], 'TotalUserCpuTimeHistory': [0.0], 'TotalSysCpuTimeHistory': [0.0], 'WallDurations': [0], 'JobIds': ['137314010.0'], 'State': 'idle', 'RecordedSite': False}, '122': {'Retries': 0, 'Restarts': 0, 'SiteHistory': ['Unknown'], 'ResidentSetSize': [0], 'SubmitTimes': [1762278673.0], 'StartTimes': [], 'EndTimes': [], 'TotalUserCpuTimeHistory': [0.0], 'TotalSysCpuTimeHistory': [0.0], 'WallDurations': [0], 'JobIds': ['137314011.0'], 'State': 'idle', 'RecordedSite': False}, '135': {'Retries': 0, 'Restarts': 0, 'SiteHistory': ['Unknown'], 'ResidentSetSize': [0], 'SubmitTimes': [1762278673.0], 'StartTimes': [], 'EndTimes': [], 'TotalUserCpuTimeHistory': [0.0], 'TotalSysCpuTimeHistory': [0.0], 'WallDurations': [0], 'JobIds': ['137314012.0'], 'State': 'idle', 'RecordedSite': False}, '136': {'Retries': 0, 'Restarts': 0, 'SiteHistory': ['Unknown'], 'ResidentSetSize': [0], 'SubmitTimes': [1762278673.0], 'StartTimes': [], 'EndTimes': [], 'TotalUserCpuTimeHistory': [0.0], 'TotalSysCpuTimeHistory': [0.0], 'WallDurations': [0], 'JobIds': ['137314013.0'], 'State': 'idle', 'RecordedSite': False}, '134': {'Retries': 0, 'Restarts': 0, 'SiteHistory': ['Unknown'], 'ResidentSetSize': [0], 'SubmitTimes': [1762278673.0], 'StartTimes': [], 'EndTimes': [], 'TotalUserCpuTimeHistory': [0.0], 'TotalSysCpuTimeHistory': [0.0], 'WallDurations': [0], 'JobIds': ['137314014.0'], 'State': 'idle', 'RecordedSite': False}, '133': {'Retries': 0, 'Restarts': 0, 'SiteHistory': ['Unknown'], 'ResidentSetSize': [0], 'SubmitTimes': [1762278673.0], 'StartTimes': [], 'EndTimes': [], 'TotalUserCpuTimeHistory': [0.0], 'TotalSysCpuTimeHistory': [0.0], 'WallDurations': [0], 'JobIds': ['137314015.0'], 'State': 'idle', 'RecordedSite': False}, '140': {'Retries': 0, 'Restarts': 0, 'SiteHistory': ['Unknown'], 'ResidentSetSize': [0], 'SubmitTimes': [1762278673.0], 'StartTimes': [], 'EndTimes': [], 'TotalUserCpuTimeHistory': [0.0], 'TotalSysCpuTimeHistory': [0.0], 'WallDurations': [0], 'JobIds': ['137314016.0'], 'State': 'idle', 'RecordedSite': False}, '141': {'Retries': 0, 'Restarts': 0, 'SiteHistory': ['Unknown'], 'ResidentSetSize': [0], 'SubmitTimes': [1762278673.0], 'StartTimes': [], 'EndTimes': [], 'TotalUserCpuTimeHistory': [0.0], 'TotalSysCpuTimeHistory': [0.0], 'WallDurations': [0], 'JobIds': ['137314017.0'], 'State': 'idle', 'RecordedSite': False}, '139': {'Retries': 0, 'Restarts': 0, 'SiteHistory': ['Unknown'], 'ResidentSetSize': [0], 'SubmitTimes': [1762278673.0], 'StartTimes': [], 'EndTimes': [], 'TotalUserCpuTimeHistory': [0.0], 'TotalSysCpuTimeHistory': [0.0], 'WallDurations': [0], 'JobIds': ['137314018.0'], 'State': 'idle', 'RecordedSite': False}, '137': {'Retries': 0, 'Restarts': 0, 'SiteHistory': ['Unknown'], 'ResidentSetSize': [0], 'SubmitTimes': [1762278673.0], 'StartTimes': [], 'EndTimes': [], 'TotalUserCpuTimeHistory': [0.0], 'TotalSysCpuTimeHistory': [0.0], 'WallDurations': [0], 'JobIds': ['137314019.0'], 'State': 'idle', 'RecordedSite': False}, '138': {'Retries': 0, 'Restarts': 0, 'SiteHistory': ['Unknown'], 'ResidentSetSize': [0], 'SubmitTimes': [1762278673.0], 'StartTimes': [], 'EndTimes': [], 'TotalUserCpuTimeHistory': [0.0], 'TotalSysCpuTimeHistory': [0.0], 'WallDurations': [0], 'JobIds': ['137314020.0'], 'State': 'idle', 'RecordedSite': False}, '131': {'Retries': 0, 'Restarts': 0, 'SiteHistory': ['Unknown'], 'ResidentSetSize': [0], 'SubmitTimes': [1762278673.0], 'StartTimes': [], 'EndTimes': [], 'TotalUserCpuTimeHistory': [0.0], 'TotalSysCpuTimeHistory': [0.0], 'WallDurations': [0], 'JobIds': ['137314021.0'], 'State': 'idle', 'RecordedSite': False}, '146': {'Retries': 0, 'Restarts': 0, 'SiteHistory': ['Unknown'], 'ResidentSetSize': [0], 'SubmitTimes': [1762278673.0], 'StartTimes': [], 'EndTimes': [], 'TotalUserCpuTimeHistory': [0.0], 'TotalSysCpuTimeHistory': [0.0], 'WallDurations': [0], 'JobIds': ['137314022.0'], 'State': 'idle', 'RecordedSite': False}, '129': {'Retries': 0, 'Restarts': 0, 'SiteHistory': ['Unknown'], 'ResidentSetSize': [0], 'SubmitTimes': [1762278673.0], 'StartTimes': [], 'EndTimes': [], 'TotalUserCpuTimeHistory': [0.0], 'TotalSysCpuTimeHistory': [0.0], 'WallDurations': [0], 'JobIds': ['137314023.0'], 'State': 'idle', 'RecordedSite': False}, '144': {'Retries': 0, 'Restarts': 0, 'SiteHistory': ['Unknown'], 'ResidentSetSize': [0], 'SubmitTimes': [1762278673.0], 'StartTimes': [], 'EndTimes': [], 'TotalUserCpuTimeHistory': [0.0], 'TotalSysCpuTimeHistory': [0.0], 'WallDurations': [0], 'JobIds': ['137314024.0'], 'State': 'idle', 'RecordedSite': False}, '142': {'Retries': 0, 'Restarts': 0, 'SiteHistory': ['Unknown'], 'ResidentSetSize': [0], 'SubmitTimes': [1762278673.0], 'StartTimes': [], 'EndTimes': [], 'TotalUserCpuTimeHistory': [0.0], 'TotalSysCpuTimeHistory': [0.0], 'WallDurations': [0], 'JobIds': ['137314025.0'], 'State': 'idle', 'RecordedSite': False}, '143': {'Retries': 0, 'Restarts': 0, 'SiteHistory': ['Unknown'], 'ResidentSetSize': [0], 'SubmitTimes': [1762278673.0], 'StartTimes': [], 'EndTimes': [], 'TotalUserCpuTimeHistory': [0.0], 'TotalSysCpuTimeHistory': [0.0], 'WallDurations': [0], 'JobIds': ['137314026.0'], 'State': 'idle', 'RecordedSite': False}, '145': {'Retries': 0, 'Restarts': 0, 'SiteHistory': ['Unknown'], 'ResidentSetSize': [0], 'SubmitTimes': [1762278673.0], 'StartTimes': [], 'EndTimes': [], 'TotalUserCpuTimeHistory': [0.0], 'TotalSysCpuTimeHistory': [0.0], 'WallDurations': [0], 'JobIds': ['137314027.0'], 'State': 'idle', 'RecordedSite': False}, '147': {'Retries': 0, 'Restarts': 0, 'SiteHistory': ['Unknown'], 'ResidentSetSize': [0], 'SubmitTimes': [1762278673.0], 'StartTimes': [], 'EndTimes': [], 'TotalUserCpuTimeHistory': [0.0], 'TotalSysCpuTimeHistory': [0.0], 'WallDurations': [0], 'JobIds': ['137314028.0'], 'State': 'idle', 'RecordedSite': False}, '148': {'Retries': 0, 'Restarts': 0, 'SiteHistory': ['Unknown'], 'ResidentSetSize': [0], 'SubmitTimes': [1762278673.0], 'StartTimes': [], 'EndTimes': [], 'TotalUserCpuTimeHistory': [0.0], 'TotalSysCpuTimeHistory': [0.0], 'WallDurations': [0], 'JobIds': ['137314029.0'], 'State': 'idle', 'RecordedSite': False}, '149': {'Retries': 0, 'Restarts': 0, 'SiteHistory': ['Unknown'], 'ResidentSetSize': [0], 'SubmitTimes': [1762278673.0], 'StartTimes': [], 'EndTimes': [], 'TotalUserCpuTimeHistory': [0.0], 'TotalSysCpuTimeHistory': [0.0], 'WallDurations': [0], 'JobIds': ['137314030.0'], 'State': 'idle', 'RecordedSite': False}, '150': {'Retries': 0, 'Restarts': 0, 'SiteHistory': ['Unknown'], 'ResidentSetSize': [0], 'SubmitTimes': [1762278673.0], 'StartTimes': [], 'EndTimes': [], 'TotalUserCpuTimeHistory': [0.0], 'TotalSysCpuTimeHistory': [0.0], 'WallDurations': [0], 'JobIds': ['137314031.0'], 'State': 'idle', 'RecordedSite': False}, '151': {'Retries': 0, 'Restarts': 0, 'SiteHistory': ['Unknown'], 'ResidentSetSize': [0], 'SubmitTimes': [1762278673.0], 'StartTimes': [], 'EndTimes': [], 'TotalUserCpuTimeHistory': [0.0], 'TotalSysCpuTimeHistory': [0.0], 'WallDurations': [0], 'JobIds': ['137314032.0'], 'State': 'idle', 'RecordedSite': False}, '152': {'Retries': 0, 'Restarts': 0, 'SiteHistory': ['Unknown'], 'ResidentSetSize': [0], 'SubmitTimes': [1762278673.0], 'StartTimes': [], 'EndTimes': [], 'TotalUserCpuTimeHistory': [0.0], 'TotalSysCpuTimeHistory': [0.0], 'WallDurations': [0], 'JobIds': ['137314033.0'], 'State': 'idle', 'RecordedSite': False}, '153': {'Retries': 0, 'Restarts': 0, 'SiteHistory': ['Unknown'], 'ResidentSetSize': [0], 'SubmitTimes': [1762278673.0], 'StartTimes': [], 'EndTimes': [], 'TotalUserCpuTimeHistory': [0.0], 'TotalSysCpuTimeHistory': [0.0], 'WallDurations': [0], 'JobIds': ['137314034.0'], 'State': 'idle', 'RecordedSite': False}, '154': {'Retries': 0, 'Restarts': 0, 'SiteHistory': ['Unknown'], 'ResidentSetSize': [0], 'SubmitTimes': [1762278673.0], 'StartTimes': [], 'EndTimes': [], 'TotalUserCpuTimeHistory': [0.0], 'TotalSysCpuTimeHistory': [0.0], 'WallDurations': [0], 'JobIds': ['137314035.0'], 'State': 'idle', 'RecordedSite': False}, '155': {'Retries': 0, 'Restarts': 0, 'SiteHistory': ['Unknown'], 'ResidentSetSize': [0], 'SubmitTimes': [1762278673.0], 'StartTimes': [], 'EndTimes': [], 'TotalUserCpuTimeHistory': [0.0], 'TotalSysCpuTimeHistory': [0.0], 'WallDurations': [0], 'JobIds': ['137314036.0'], 'State': 'idle', 'RecordedSite': False}, '156': {'Retries': 0, 'Restarts': 0, 'SiteHistory': ['Unknown'], 'ResidentSetSize': [0], 'SubmitTimes': [1762278674.0], 'StartTimes': [], 'EndTimes': [], 'TotalUserCpuTimeHistory': [0.0], 'TotalSysCpuTimeHistory': [0.0], 'WallDurations': [0], 'JobIds': ['137314037.0'], 'State': 'idle', 'RecordedSite': False}, '157': {'Retries': 0, 'Restarts': 0, 'SiteHistory': ['Unknown'], 'ResidentSetSize': [0], 'SubmitTimes': [1762278674.0], 'StartTimes': [], 'EndTimes': [], 'TotalUserCpuTimeHistory': [0.0], 'TotalSysCpuTimeHistory': [0.0], 'WallDurations': [0], 'JobIds': ['137314038.0'], 'State': 'idle', 'RecordedSite': False}, '158': {'Retries': 0, 'Restarts': 0, 'SiteHistory': ['Unknown'], 'ResidentSetSize': [0], 'SubmitTimes': [1762278674.0], 'StartTimes': [], 'EndTimes': [], 'TotalUserCpuTimeHistory': [0.0], 'TotalSysCpuTimeHistory': [0.0], 'WallDurations': [0], 'JobIds': ['137314039.0'], 'State': 'idle', 'RecordedSite': False}, '159': {'Retries': 0, 'Restarts': 0, 'SiteHistory': ['Unknown'], 'ResidentSetSize': [0], 'SubmitTimes': [1762278674.0], 'StartTimes': [], 'EndTimes': [], 'TotalUserCpuTimeHistory': [0.0], 'TotalSysCpuTimeHistory': [0.0], 'WallDurations': [0], 'JobIds': ['137314040.0'], 'State': 'idle', 'RecordedSite': False}, '160': {'Retries': 0, 'Restarts': 0, 'SiteHistory': ['Unknown'], 'ResidentSetSize': [0], 'SubmitTimes': [1762278674.0], 'StartTimes': [], 'EndTimes': [], 'TotalUserCpuTimeHistory': [0.0], 'TotalSysCpuTimeHistory': [0.0], 'WallDurations': [0], 'JobIds': ['137314041.0'], 'State': 'idle', 'RecordedSite': False}, '161': {'Retries': 0, 'Restarts': 0, 'SiteHistory': ['Unknown'], 'ResidentSetSize': [0], 'SubmitTimes': [1762278674.0], 'StartTimes': [], 'EndTimes': [], 'TotalUserCpuTimeHistory': [0.0], 'TotalSysCpuTimeHistory': [0.0], 'WallDurations': [0], 'JobIds': ['137314042.0'], 'State': 'idle', 'RecordedSite': False}, '162': {'Retries': 0, 'Restarts': 0, 'SiteHistory': ['Unknown'], 'ResidentSetSize': [0], 'SubmitTimes': [1762278674.0], 'StartTimes': [], 'EndTimes': [], 'TotalUserCpuTimeHistory': [0.0], 'TotalSysCpuTimeHistory': [0.0], 'WallDurations': [0], 'JobIds': ['137314043.0'], 'State': 'idle', 'RecordedSite': False}, '163': {'Retries': 0, 'Restarts': 0, 'SiteHistory': ['Unknown'], 'ResidentSetSize': [0], 'SubmitTimes': [1762278674.0], 'StartTimes': [], 'EndTimes': [], 'TotalUserCpuTimeHistory': [0.0], 'TotalSysCpuTimeHistory': [0.0], 'WallDurations': [0], 'JobIds': ['137314044.0'], 'State': 'idle', 'RecordedSite': False}, '175': {'Retries': 0, 'Restarts': 0, 'SiteHistory': ['Unknown'], 'ResidentSetSize': [0], 'SubmitTimes': [1762278674.0], 'StartTimes': [], 'EndTimes': [], 'TotalUserCpuTimeHistory': [0.0], 'TotalSysCpuTimeHistory': [0.0], 'WallDurations': [0], 'JobIds': ['137314045.0'], 'State': 'idle', 'RecordedSite': False}, '165': {'Retries': 0, 'Restarts': 0, 'SiteHistory': ['Unknown'], 'ResidentSetSize': [0], 'SubmitTimes': [1762278674.0], 'StartTimes': [], 'EndTimes': [], 'TotalUserCpuTimeHistory': [0.0], 'TotalSysCpuTimeHistory': [0.0], 'WallDurations': [0], 'JobIds': ['137314046.0'], 'State': 'idle', 'RecordedSite': False}, '168': {'Retries': 0, 'Restarts': 0, 'SiteHistory': ['Unknown'], 'ResidentSetSize': [0], 'SubmitTimes': [1762278674.0], 'StartTimes': [], 'EndTimes': [], 'TotalUserCpuTimeHistory': [0.0], 'TotalSysCpuTimeHistory': [0.0], 'WallDurations': [0], 'JobIds': ['137314047.0'], 'State': 'idle', 'RecordedSite': False}, '180': {'Retries': 0, 'Restarts': 0, 'SiteHistory': ['Unknown'], 'ResidentSetSize': [0], 'SubmitTimes': [1762278674.0], 'StartTimes': [], 'EndTimes': [], 'TotalUserCpuTimeHistory': [0.0], 'TotalSysCpuTimeHistory': [0.0], 'WallDurations': [0], 'JobIds': ['137314048.0'], 'State': 'idle', 'RecordedSite': False}, '174': {'Retries': 0, 'Restarts': 0, 'SiteHistory': ['Unknown'], 'ResidentSetSize': [0], 'SubmitTimes': [1762278674.0], 'StartTimes': [], 'EndTimes': [], 'TotalUserCpuTimeHistory': [0.0], 'TotalSysCpuTimeHistory': [0.0], 'WallDurations': [0], 'JobIds': ['137314049.0'], 'State': 'idle', 'RecordedSite': False}, '173': {'Retries': 0, 'Restarts': 0, 'SiteHistory': ['Unknown'], 'ResidentSetSize': [0], 'SubmitTimes': [1762278674.0], 'StartTimes': [], 'EndTimes': [], 'TotalUserCpuTimeHistory': [0.0], 'TotalSysCpuTimeHistory': [0.0], 'WallDurations': [0], 'JobIds': ['137314050.0'], 'State': 'idle', 'RecordedSite': False}, '172': {'Retries': 0, 'Restarts': 0, 'SiteHistory': ['Unknown'], 'ResidentSetSize': [0], 'SubmitTimes': [1762278674.0], 'StartTimes': [], 'EndTimes': [], 'TotalUserCpuTimeHistory': [0.0], 'TotalSysCpuTimeHistory': [0.0], 'WallDurations': [0], 'JobIds': ['137314051.0'], 'State': 'idle', 'RecordedSite': False}, '183': {'Retries': 0, 'Restarts': 0, 'SiteHistory': ['Unknown'], 'ResidentSetSize': [0], 'SubmitTimes': [1762278674.0], 'StartTimes': [], 'EndTimes': [], 'TotalUserCpuTimeHistory': [0.0], 'TotalSysCpuTimeHistory': [0.0], 'WallDurations': [0], 'JobIds': ['137314052.0'], 'State': 'idle', 'RecordedSite': False}, '181': {'Retries': 0, 'Restarts': 0, 'SiteHistory': ['Unknown'], 'ResidentSetSize': [0], 'SubmitTimes': [1762278674.0], 'StartTimes': [], 'EndTimes': [], 'TotalUserCpuTimeHistory': [0.0], 'TotalSysCpuTimeHistory': [0.0], 'WallDurations': [0], 'JobIds': ['137314053.0'], 'State': 'idle', 'RecordedSite': False}, '169': {'Retries': 0, 'Restarts': 0, 'SiteHistory': ['Unknown'], 'ResidentSetSize': [0], 'SubmitTimes': [1762278674.0], 'StartTimes': [], 'EndTimes': [], 'TotalUserCpuTimeHistory': [0.0], 'TotalSysCpuTimeHistory': [0.0], 'WallDurations': [0], 'JobIds': ['137314054.0'], 'State': 'idle', 'RecordedSite': False}, '182': {'Retries': 0, 'Restarts': 0, 'SiteHistory': ['Unknown'], 'ResidentSetSize': [0], 'SubmitTimes': [1762278674.0], 'StartTimes': [], 'EndTimes': [], 'TotalUserCpuTimeHistory': [0.0], 'TotalSysCpuTimeHistory': [0.0], 'WallDurations': [0], 'JobIds': ['137314055.0'], 'State': 'idle', 'RecordedSite': False}, '170': {'Retries': 0, 'Restarts': 0, 'SiteHistory': ['Unknown'], 'ResidentSetSize': [0], 'SubmitTimes': [1762278674.0], 'StartTimes': [], 'EndTimes': [], 'TotalUserCpuTimeHistory': [0.0], 'TotalSysCpuTimeHistory': [0.0], 'WallDurations': [0], 'JobIds': ['137314056.0'], 'State': 'idle', 'RecordedSite': False}, '179': {'Retries': 0, 'Restarts': 0, 'SiteHistory': ['Unknown'], 'ResidentSetSize': [0], 'SubmitTimes': [1762278674.0], 'StartTimes': [], 'EndTimes': [], 'TotalUserCpuTimeHistory': [0.0], 'TotalSysCpuTimeHistory': [0.0], 'WallDurations': [0], 'JobIds': ['137314057.0'], 'State': 'idle', 'RecordedSite': False}, '178': {'Retries': 0, 'Restarts': 0, 'SiteHistory': ['Unknown'], 'ResidentSetSize': [0], 'SubmitTimes': [1762278674.0], 'StartTimes': [], 'EndTimes': [], 'TotalUserCpuTimeHistory': [0.0], 'TotalSysCpuTimeHistory': [0.0], 'WallDurations': [0], 'JobIds': ['137314058.0'], 'State': 'idle', 'RecordedSite': False}, '166': {'Retries': 0, 'Restarts': 0, 'SiteHistory': ['Unknown'], 'ResidentSetSize': [0], 'SubmitTimes': [1762278674.0], 'StartTimes': [], 'EndTimes': [], 'TotalUserCpuTimeHistory': [0.0], 'TotalSysCpuTimeHistory': [0.0], 'WallDurations': [0], 'JobIds': ['137314059.0'], 'State': 'idle', 'RecordedSite': False}, '167': {'Retries': 0, 'Restarts': 0, 'SiteHistory': ['Unknown'], 'ResidentSetSize': [0], 'SubmitTimes': [1762278674.0], 'StartTimes': [], 'EndTimes': [], 'TotalUserCpuTimeHistory': [0.0], 'TotalSysCpuTimeHistory': [0.0], 'WallDurations': [0], 'JobIds': ['137314060.0'], 'State': 'idle', 'RecordedSite': False}, '177': {'Retries': 0, 'Restarts': 0, 'SiteHistory': ['Unknown'], 'ResidentSetSize': [0], 'SubmitTimes': [1762278674.0], 'StartTimes': [], 'EndTimes': [], 'TotalUserCpuTimeHistory': [0.0], 'TotalSysCpuTimeHistory': [0.0], 'WallDurations': [0], 'JobIds': ['137314061.0'], 'State': 'idle', 'RecordedSite': False}, '176': {'Retries': 0, 'Restarts': 0, 'SiteHistory': ['Unknown'], 'ResidentSetSize': [0], 'SubmitTimes': [1762278674.0], 'StartTimes': [], 'EndTimes': [], 'TotalUserCpuTimeHistory': [0.0], 'TotalSysCpuTimeHistory': [0.0], 'WallDurations': [0], 'JobIds': ['137314062.0'], 'State': 'idle', 'RecordedSite': False}, '184': {'Retries': 0, 'Restarts': 0, 'SiteHistory': ['Unknown'], 'ResidentSetSize': [0], 'SubmitTimes': [1762278674.0], 'StartTimes': [], 'EndTimes': [], 'TotalUserCpuTimeHistory': [0.0], 'TotalSysCpuTimeHistory': [0.0], 'WallDurations': [0], 'JobIds': ['137314063.0'], 'State': 'idle', 'RecordedSite': False}, '171': {'Retries': 0, 'Restarts': 0, 'SiteHistory': ['Unknown'], 'ResidentSetSize': [0], 'SubmitTimes': [1762278674.0], 'StartTimes': [], 'EndTimes': [], 'TotalUserCpuTimeHistory': [0.0], 'TotalSysCpuTimeHistory': [0.0], 'WallDurations': [0], 'JobIds': ['137314064.0'], 'State': 'idle', 'RecordedSite': False}, '190': {'Retries': 0, 'Restarts': 0, 'SiteHistory': ['Unknown'], 'ResidentSetSize': [0], 'SubmitTimes': [1762278674.0], 'StartTimes': [], 'EndTimes': [], 'TotalUserCpuTimeHistory': [0.0], 'TotalSysCpuTimeHistory': [0.0], 'WallDurations': [0], 'JobIds': ['137314065.0'], 'State': 'idle', 'RecordedSite': False}, '185': {'Retries': 0, 'Restarts': 0, 'SiteHistory': ['Unknown'], 'ResidentSetSize': [0], 'SubmitTimes': [1762278674.0], 'StartTimes': [], 'EndTimes': [], 'TotalUserCpuTimeHistory': [0.0], 'TotalSysCpuTimeHistory': [0.0], 'WallDurations': [0], 'JobIds': ['137314066.0'], 'State': 'idle', 'RecordedSite': False}, '187': {'Retries': 0, 'Restarts': 0, 'SiteHistory': ['Unknown'], 'ResidentSetSize': [0], 'SubmitTimes': [1762278674.0], 'StartTimes': [], 'EndTimes': [], 'TotalUserCpuTimeHistory': [0.0], 'TotalSysCpuTimeHistory': [0.0], 'WallDurations': [0], 'JobIds': ['137314067.0'], 'State': 'idle', 'RecordedSite': False}, '193': {'Retries': 0, 'Restarts': 0, 'SiteHistory': ['Unknown'], 'ResidentSetSize': [0], 'SubmitTimes': [1762278674.0], 'StartTimes': [], 'EndTimes': [], 'TotalUserCpuTimeHistory': [0.0], 'TotalSysCpuTimeHistory': [0.0], 'WallDurations': [0], 'JobIds': ['137314068.0'], 'State': 'idle', 'RecordedSite': False}, '191': {'Retries': 0, 'Restarts': 0, 'SiteHistory': ['Unknown'], 'ResidentSetSize': [0], 'SubmitTimes': [1762278674.0], 'StartTimes': [], 'EndTimes': [], 'TotalUserCpuTimeHistory': [0.0], 'TotalSysCpuTimeHistory': [0.0], 'WallDurations': [0], 'JobIds': ['137314069.0'], 'State': 'idle', 'RecordedSite': False}, '186': {'Retries': 0, 'Restarts': 0, 'SiteHistory': ['Unknown'], 'ResidentSetSize': [0], 'SubmitTimes': [1762278674.0], 'StartTimes': [], 'EndTimes': [], 'TotalUserCpuTimeHistory': [0.0], 'TotalSysCpuTimeHistory': [0.0], 'WallDurations': [0], 'JobIds': ['137314070.0'], 'State': 'idle', 'RecordedSite': False}, '189': {'Retries': 0, 'Restarts': 0, 'SiteHistory': ['Unknown'], 'ResidentSetSize': [0], 'SubmitTimes': [1762278674.0], 'StartTimes': [], 'EndTimes': [], 'TotalUserCpuTimeHistory': [0.0], 'TotalSysCpuTimeHistory': [0.0], 'WallDurations': [0], 'JobIds': ['137314071.0'], 'State': 'idle', 'RecordedSite': False}, '196': {'Retries': 0, 'Restarts': 0, 'SiteHistory': ['Unknown'], 'ResidentSetSize': [0], 'SubmitTimes': [1762278674.0], 'StartTimes': [], 'EndTimes': [], 'TotalUserCpuTimeHistory': [0.0], 'TotalSysCpuTimeHistory': [0.0], 'WallDurations': [0], 'JobIds': ['137314072.0'], 'State': 'idle', 'RecordedSite': False}, '192': {'Retries': 0, 'Restarts': 0, 'SiteHistory': ['Unknown'], 'ResidentSetSize': [0], 'SubmitTimes': [1762278674.0], 'StartTimes': [], 'EndTimes': [], 'TotalUserCpuTimeHistory': [0.0], 'TotalSysCpuTimeHistory': [0.0], 'WallDurations': [0], 'JobIds': ['137314073.0'], 'State': 'idle', 'RecordedSite': False}, '199': {'Retries': 0, 'Restarts': 0, 'SiteHistory': ['Unknown'], 'ResidentSetSize': [0], 'SubmitTimes': [1762278674.0], 'StartTimes': [], 'EndTimes': [], 'TotalUserCpuTimeHistory': [0.0], 'TotalSysCpuTimeHistory': [0.0], 'WallDurations': [0], 'JobIds': ['137314074.0'], 'State': 'idle', 'RecordedSite': False}, '197': {'Retries': 0, 'Restarts': 0, 'SiteHistory': ['Unknown'], 'ResidentSetSize': [0], 'SubmitTimes': [1762278674.0], 'StartTimes': [], 'EndTimes': [], 'TotalUserCpuTimeHistory': [0.0], 'TotalSysCpuTimeHistory': [0.0], 'WallDurations': [0], 'JobIds': ['137314075.0'], 'State': 'idle', 'RecordedSite': False}, '203': {'Retries': 0, 'Restarts': 0, 'SiteHistory': ['Unknown'], 'ResidentSetSize': [0], 'SubmitTimes': [1762278674.0], 'StartTimes': [], 'EndTimes': [], 'TotalUserCpuTimeHistory': [0.0], 'TotalSysCpuTimeHistory': [0.0], 'WallDurations': [0], 'JobIds': ['137314076.0'], 'State': 'idle', 'RecordedSite': False}, '194': {'Retries': 0, 'Restarts': 0, 'SiteHistory': ['Unknown'], 'ResidentSetSize': [0], 'SubmitTimes': [1762278674.0], 'StartTimes': [], 'EndTimes': [], 'TotalUserCpuTimeHistory': [0.0], 'TotalSysCpuTimeHistory': [0.0], 'WallDurations': [0], 'JobIds': ['137314077.0'], 'State': 'idle', 'RecordedSite': False}, '201': {'Retries': 0, 'Restarts': 0, 'SiteHistory': ['Unknown'], 'ResidentSetSize': [0], 'SubmitTimes': [1762278674.0], 'StartTimes': [], 'EndTimes': [], 'TotalUserCpuTimeHistory': [0.0], 'TotalSysCpuTimeHistory': [0.0], 'WallDurations': [0], 'JobIds': ['137314078.0'], 'State': 'idle', 'RecordedSite': False}, '195': {'Retries': 0, 'Restarts': 0, 'SiteHistory': ['Unknown'], 'ResidentSetSize': [0], 'SubmitTimes': [1762278674.0], 'StartTimes': [], 'EndTimes': [], 'TotalUserCpuTimeHistory': [0.0], 'TotalSysCpuTimeHistory': [0.0], 'WallDurations': [0], 'JobIds': ['137314079.0'], 'State': 'idle', 'RecordedSite': False}, '188': {'Retries': 0, 'Restarts': 0, 'SiteHistory': ['Unknown'], 'ResidentSetSize': [0], 'SubmitTimes': [1762278674.0], 'StartTimes': [], 'EndTimes': [], 'TotalUserCpuTimeHistory': [0.0], 'TotalSysCpuTimeHistory': [0.0], 'WallDurations': [0], 'JobIds': ['137314080.0'], 'State': 'idle', 'RecordedSite': False}, '200': {'Retries': 0, 'Restarts': 0, 'SiteHistory': ['Unknown'], 'ResidentSetSize': [0], 'SubmitTimes': [1762278674.0], 'StartTimes': [], 'EndTimes': [], 'TotalUserCpuTimeHistory': [0.0], 'TotalSysCpuTimeHistory': [0.0], 'WallDurations': [0], 'JobIds': ['137314081.0'], 'State': 'idle', 'RecordedSite': False}, '198': {'Retries': 0, 'Restarts': 0, 'SiteHistory': ['Unknown'], 'ResidentSetSize': [0], 'SubmitTimes': [1762278674.0], 'StartTimes': [], 'EndTimes': [], 'TotalUserCpuTimeHistory': [0.0], 'TotalSysCpuTimeHistory': [0.0], 'WallDurations': [0], 'JobIds': ['137314082.0'], 'State': 'idle', 'RecordedSite': False}, '204': {'Retries': 0, 'Restarts': 0, 'SiteHistory': ['Unknown'], 'ResidentSetSize': [0], 'SubmitTimes': [1762278674.0], 'StartTimes': [], 'EndTimes': [], 'TotalUserCpuTimeHistory': [0.0], 'TotalSysCpuTimeHistory': [0.0], 'WallDurations': [0], 'JobIds': ['137314083.0'], 'State': 'idle', 'RecordedSite': False}, '202': {'Retries': 0, 'Restarts': 0, 'SiteHistory': ['Unknown'], 'ResidentSetSize': [0], 'SubmitTimes': [1762278674.0], 'StartTimes': [], 'EndTimes': [], 'TotalUserCpuTimeHistory': [0.0], 'TotalSysCpuTimeHistory': [0.0], 'WallDurations': [0], 'JobIds': ['137314084.0'], 'State': 'idle', 'RecordedSite': False}, '206': {'Retries': 0, 'Restarts': 0, 'SiteHistory': ['Unknown'], 'ResidentSetSize': [0], 'SubmitTimes': [1762278674.0], 'StartTimes': [], 'EndTimes': [], 'TotalUserCpuTimeHistory': [0.0], 'TotalSysCpuTimeHistory': [0.0], 'WallDurations': [0], 'JobIds': ['137314085.0'], 'State': 'idle', 'RecordedSite': False}, '212': {'Retries': 0, 'Restarts': 0, 'SiteHistory': ['Unknown'], 'ResidentSetSize': [0], 'SubmitTimes': [1762278674.0], 'StartTimes': [], 'EndTimes': [], 'TotalUserCpuTimeHistory': [0.0], 'TotalSysCpuTimeHistory': [0.0], 'WallDurations': [0], 'JobIds': ['137314086.0'], 'State': 'idle', 'RecordedSite': False}, '207': {'Retries': 0, 'Restarts': 0, 'SiteHistory': ['Unknown'], 'ResidentSetSize': [0], 'SubmitTimes': [1762278674.0], 'StartTimes': [], 'EndTimes': [], 'TotalUserCpuTimeHistory': [0.0], 'TotalSysCpuTimeHistory': [0.0], 'WallDurations': [0], 'JobIds': ['137314087.0'], 'State': 'idle', 'RecordedSite': False}, '213': {'Retries': 0, 'Restarts': 0, 'SiteHistory': ['Unknown'], 'ResidentSetSize': [0], 'SubmitTimes': [1762278674.0], 'StartTimes': [], 'EndTimes': [], 'TotalUserCpuTimeHistory': [0.0], 'TotalSysCpuTimeHistory': [0.0], 'WallDurations': [0], 'JobIds': ['137314088.0'], 'State': 'idle', 'RecordedSite': False}, '211': {'Retries': 0, 'Restarts': 0, 'SiteHistory': ['Unknown'], 'ResidentSetSize': [0], 'SubmitTimes': [1762278674.0], 'StartTimes': [], 'EndTimes': [], 'TotalUserCpuTimeHistory': [0.0], 'TotalSysCpuTimeHistory': [0.0], 'WallDurations': [0], 'JobIds': ['137314089.0'], 'State': 'idle', 'RecordedSite': False}, '210': {'Retries': 0, 'Restarts': 0, 'SiteHistory': ['Unknown'], 'ResidentSetSize': [0], 'SubmitTimes': [1762278674.0], 'StartTimes': [], 'EndTimes': [], 'TotalUserCpuTimeHistory': [0.0], 'TotalSysCpuTimeHistory': [0.0], 'WallDurations': [0], 'JobIds': ['137314090.0'], 'State': 'idle', 'RecordedSite': False}, '214': {'Retries': 0, 'Restarts': 0, 'SiteHistory': ['Unknown'], 'ResidentSetSize': [0], 'SubmitTimes': [1762278674.0], 'StartTimes': [], 'EndTimes': [], 'TotalUserCpuTimeHistory': [0.0], 'TotalSysCpuTimeHistory': [0.0], 'WallDurations': [0], 'JobIds': ['137314091.0'], 'State': 'idle', 'RecordedSite': False}, '205': {'Retries': 0, 'Restarts': 0, 'SiteHistory': ['Unknown'], 'ResidentSetSize': [0], 'SubmitTimes': [1762278674.0], 'StartTimes': [], 'EndTimes': [], 'TotalUserCpuTimeHistory': [0.0], 'TotalSysCpuTimeHistory': [0.0], 'WallDurations': [0], 'JobIds': ['137314092.0'], 'State': 'idle', 'RecordedSite': False}, '216': {'Retries': 0, 'Restarts': 0, 'SiteHistory': ['Unknown'], 'ResidentSetSize': [0], 'SubmitTimes': [1762278674.0], 'StartTimes': [], 'EndTimes': [], 'TotalUserCpuTimeHistory': [0.0], 'TotalSysCpuTimeHistory': [0.0], 'WallDurations': [0], 'JobIds': ['137314093.0'], 'State': 'idle', 'RecordedSite': False}, '209': {'Retries': 0, 'Restarts': 0, 'SiteHistory': ['Unknown'], 'ResidentSetSize': [0], 'SubmitTimes': [1762278674.0], 'StartTimes': [], 'EndTimes': [], 'TotalUserCpuTimeHistory': [0.0], 'TotalSysCpuTimeHistory': [0.0], 'WallDurations': [0], 'JobIds': ['137314094.0'], 'State': 'idle', 'RecordedSite': False}, '215': {'Retries': 0, 'Restarts': 0, 'SiteHistory': ['Unknown'], 'ResidentSetSize': [0], 'SubmitTimes': [1762278674.0], 'StartTimes': [], 'EndTimes': [], 'TotalUserCpuTimeHistory': [0.0], 'TotalSysCpuTimeHistory': [0.0], 'WallDurations': [0], 'JobIds': ['137314095.0'], 'State': 'idle', 'RecordedSite': False}, '208': {'Retries': 0, 'Restarts': 0, 'SiteHistory': ['Unknown'], 'ResidentSetSize': [0], 'SubmitTimes': [1762278679.0], 'StartTimes': [], 'EndTimes': [], 'TotalUserCpuTimeHistory': [0.0], 'TotalSysCpuTimeHistory': [0.0], 'WallDurations': [0], 'JobIds': ['137314096.0'], 'State': 'idle', 'RecordedSite': False}, '220': {'Retries': 0, 'Restarts': 0, 'SiteHistory': ['Unknown'], 'ResidentSetSize': [0], 'SubmitTimes': [1762278679.0], 'StartTimes': [], 'EndTimes': [], 'TotalUserCpuTimeHistory': [0.0], 'TotalSysCpuTimeHistory': [0.0], 'WallDurations': [0], 'JobIds': ['137314097.0'], 'State': 'idle', 'RecordedSite': False}, '219': {'Retries': 0, 'Restarts': 0, 'SiteHistory': ['Unknown'], 'ResidentSetSize': [0], 'SubmitTimes': [1762278679.0], 'StartTimes': [], 'EndTimes': [], 'TotalUserCpuTimeHistory': [0.0], 'TotalSysCpuTimeHistory': [0.0], 'WallDurations': [0], 'JobIds': ['137314098.0'], 'State': 'idle', 'RecordedSite': False}, '217': {'Retries': 0, 'Restarts': 0, 'SiteHistory': ['Unknown'], 'ResidentSetSize': [0], 'SubmitTimes': [1762278679.0], 'StartTimes': [], 'EndTimes': [], 'TotalUserCpuTimeHistory': [0.0], 'TotalSysCpuTimeHistory': [0.0], 'WallDurations': [0], 'JobIds': ['137314099.0'], 'State': 'idle', 'RecordedSite': False}, '218': {'Retries': 0, 'Restarts': 0, 'SiteHistory': ['Unknown'], 'ResidentSetSize': [0], 'SubmitTimes': [1762278679.0], 'StartTimes': [], 'EndTimes': [], 'TotalUserCpuTimeHistory': [0.0], 'TotalSysCpuTimeHistory': [0.0], 'WallDurations': [0], 'JobIds': ['137314100.0'], 'State': 'idle', 'RecordedSite': False}, '223': {'Retries': 0, 'Restarts': 0, 'SiteHistory': ['Unknown'], 'ResidentSetSize': [0], 'SubmitTimes': [1762278679.0], 'StartTimes': [], 'EndTimes': [], 'TotalUserCpuTimeHistory': [0.0], 'TotalSysCpuTimeHistory': [0.0], 'WallDurations': [0], 'JobIds': ['137314101.0'], 'State': 'idle', 'RecordedSite': False}, '222': {'Retries': 0, 'Restarts': 0, 'SiteHistory': ['Unknown'], 'ResidentSetSize': [0], 'SubmitTimes': [1762278679.0], 'StartTimes': [], 'EndTimes': [], 'TotalUserCpuTimeHistory': [0.0], 'TotalSysCpuTimeHistory': [0.0], 'WallDurations': [0], 'JobIds': ['137314102.0'], 'State': 'idle', 'RecordedSite': False}, '226': {'Retries': 0, 'Restarts': 0, 'SiteHistory': ['Unknown'], 'ResidentSetSize': [0], 'SubmitTimes': [1762278679.0], 'StartTimes': [], 'EndTimes': [], 'TotalUserCpuTimeHistory': [0.0], 'TotalSysCpuTimeHistory': [0.0], 'WallDurations': [0], 'JobIds': ['137314103.0'], 'State': 'idle', 'RecordedSite': False}, '225': {'Retries': 0, 'Restarts': 0, 'SiteHistory': ['Unknown'], 'ResidentSetSize': [0], 'SubmitTimes': [1762278680.0], 'StartTimes': [], 'EndTimes': [], 'TotalUserCpuTimeHistory': [0.0], 'TotalSysCpuTimeHistory': [0.0], 'WallDurations': [0], 'JobIds': ['137314104.0'], 'State': 'idle', 'RecordedSite': False}, '224': {'Retries': 0, 'Restarts': 0, 'SiteHistory': ['Unknown'], 'ResidentSetSize': [0], 'SubmitTimes': [1762278680.0], 'StartTimes': [], 'EndTimes': [], 'TotalUserCpuTimeHistory': [0.0], 'TotalSysCpuTimeHistory': [0.0], 'WallDurations': [0], 'JobIds': ['137314105.0'], 'State': 'idle', 'RecordedSite': False}, '229': {'Retries': 0, 'Restarts': 0, 'SiteHistory': ['Unknown'], 'ResidentSetSize': [0], 'SubmitTimes': [1762278680.0], 'StartTimes': [], 'EndTimes': [], 'TotalUserCpuTimeHistory': [0.0], 'TotalSysCpuTimeHistory': [0.0], 'WallDurations': [0], 'JobIds': ['137314106.0'], 'State': 'idle', 'RecordedSite': False}, '221': {'Retries': 0, 'Restarts': 0, 'SiteHistory': ['Unknown'], 'ResidentSetSize': [0], 'SubmitTimes': [1762278680.0], 'StartTimes': [], 'EndTimes': [], 'TotalUserCpuTimeHistory': [0.0], 'TotalSysCpuTimeHistory': [0.0], 'WallDurations': [0], 'JobIds': ['137314107.0'], 'State': 'idle', 'RecordedSite': False}, '230': {'Retries': 0, 'Restarts': 0, 'SiteHistory': ['Unknown'], 'ResidentSetSize': [0], 'SubmitTimes': [1762278680.0], 'StartTimes': [], 'EndTimes': [], 'TotalUserCpuTimeHistory': [0.0], 'TotalSysCpuTimeHistory': [0.0], 'WallDurations': [0], 'JobIds': ['137314108.0'], 'State': 'idle', 'RecordedSite': False}, '228': {'Retries': 0, 'Restarts': 0, 'SiteHistory': ['Unknown'], 'ResidentSetSize': [0], 'SubmitTimes': [1762278680.0], 'StartTimes': [], 'EndTimes': [], 'TotalUserCpuTimeHistory': [0.0], 'TotalSysCpuTimeHistory': [0.0], 'WallDurations': [0], 'JobIds': ['137314109.0'], 'State': 'idle', 'RecordedSite': False}, '227': {'Retries': 0, 'Restarts': 0, 'SiteHistory': ['Unknown'], 'ResidentSetSize': [0], 'SubmitTimes': [1762278680.0], 'StartTimes': [], 'EndTimes': [], 'TotalUserCpuTimeHistory': [0.0], 'TotalSysCpuTimeHistory': [0.0], 'WallDurations': [0], 'JobIds': ['137314110.0'], 'State': 'idle', 'RecordedSite': False}, '232': {'Retries': 0, 'Restarts': 0, 'SiteHistory': ['Unknown'], 'ResidentSetSize': [0], 'SubmitTimes': [1762278680.0], 'StartTimes': [], 'EndTimes': [], 'TotalUserCpuTimeHistory': [0.0], 'TotalSysCpuTimeHistory': [0.0], 'WallDurations': [0], 'JobIds': ['137314111.0'], 'State': 'idle', 'RecordedSite': False}, '233': {'Retries': 0, 'Restarts': 0, 'SiteHistory': ['Unknown'], 'ResidentSetSize': [0], 'SubmitTimes': [1762278680.0], 'StartTimes': [], 'EndTimes': [], 'TotalUserCpuTimeHistory': [0.0], 'TotalSysCpuTimeHistory': [0.0], 'WallDurations': [0], 'JobIds': ['137314112.0'], 'State': 'idle', 'RecordedSite': False}, '231': {'Retries': 0, 'Restarts': 0, 'SiteHistory': ['Unknown'], 'ResidentSetSize': [0], 'SubmitTimes': [1762278680.0], 'StartTimes': [], 'EndTimes': [], 'TotalUserCpuTimeHistory': [0.0], 'TotalSysCpuTimeHistory': [0.0], 'WallDurations': [0], 'JobIds': ['137314113.0'], 'State': 'idle', 'RecordedSite': False}, '235': {'Retries': 0, 'Restarts': 0, 'SiteHistory': ['Unknown'], 'ResidentSetSize': [0], 'SubmitTimes': [1762278680.0], 'StartTimes': [], 'EndTimes': [], 'TotalUserCpuTimeHistory': [0.0], 'TotalSysCpuTimeHistory': [0.0], 'WallDurations': [0], 'JobIds': ['137314114.0'], 'State': 'idle', 'RecordedSite': False}, '241': {'Retries': 0, 'Restarts': 0, 'SiteHistory': ['Unknown'], 'ResidentSetSize': [0], 'SubmitTimes': [1762278680.0], 'StartTimes': [], 'EndTimes': [], 'TotalUserCpuTimeHistory': [0.0], 'TotalSysCpuTimeHistory': [0.0], 'WallDurations': [0], 'JobIds': ['137314115.0'], 'State': 'idle', 'RecordedSite': False}, '234': {'Retries': 0, 'Restarts': 0, 'SiteHistory': ['Unknown'], 'ResidentSetSize': [0], 'SubmitTimes': [1762278680.0], 'StartTimes': [], 'EndTimes': [], 'TotalUserCpuTimeHistory': [0.0], 'TotalSysCpuTimeHistory': [0.0], 'WallDurations': [0], 'JobIds': ['137314116.0'], 'State': 'idle', 'RecordedSite': False}, '236': {'Retries': 0, 'Restarts': 0, 'SiteHistory': ['Unknown'], 'ResidentSetSize': [0], 'SubmitTimes': [1762278680.0], 'StartTimes': [], 'EndTimes': [], 'TotalUserCpuTimeHistory': [0.0], 'TotalSysCpuTimeHistory': [0.0], 'WallDurations': [0], 'JobIds': ['137314117.0'], 'State': 'idle', 'RecordedSite': False}, '240': {'Retries': 0, 'Restarts': 0, 'SiteHistory': ['Unknown'], 'ResidentSetSize': [0], 'SubmitTimes': [1762278680.0], 'StartTimes': [], 'EndTimes': [], 'TotalUserCpuTimeHistory': [0.0], 'TotalSysCpuTimeHistory': [0.0], 'WallDurations': [0], 'JobIds': ['137314118.0'], 'State': 'idle', 'RecordedSite': False}, '237': {'Retries': 0, 'Restarts': 0, 'SiteHistory': ['Unknown'], 'ResidentSetSize': [0], 'SubmitTimes': [1762278680.0], 'StartTimes': [], 'EndTimes': [], 'TotalUserCpuTimeHistory': [0.0], 'TotalSysCpuTimeHistory': [0.0], 'WallDurations': [0], 'JobIds': ['137314119.0'], 'State': 'idle', 'RecordedSite': False}, '239': {'Retries': 0, 'Restarts': 0, 'SiteHistory': ['Unknown'], 'ResidentSetSize': [0], 'SubmitTimes': [1762278680.0], 'StartTimes': [], 'EndTimes': [], 'TotalUserCpuTimeHistory': [0.0], 'TotalSysCpuTimeHistory': [0.0], 'WallDurations': [0], 'JobIds': ['137314120.0'], 'State': 'idle', 'RecordedSite': False}, '238': {'Retries': 0, 'Restarts': 0, 'SiteHistory': ['Unknown'], 'ResidentSetSize': [0], 'SubmitTimes': [1762278680.0], 'StartTimes': [], 'EndTimes': [], 'TotalUserCpuTimeHistory': [0.0], 'TotalSysCpuTimeHistory': [0.0], 'WallDurations': [0], 'JobIds': ['137314121.0'], 'State': 'idle', 'RecordedSite': False}, '244': {'Retries': 0, 'Restarts': 0, 'SiteHistory': ['Unknown'], 'ResidentSetSize': [0], 'SubmitTimes': [1762278680.0], 'StartTimes': [], 'EndTimes': [], 'TotalUserCpuTimeHistory': [0.0], 'TotalSysCpuTimeHistory': [0.0], 'WallDurations': [0], 'JobIds': ['137314122.0'], 'State': 'idle', 'RecordedSite': False}, '242': {'Retries': 0, 'Restarts': 0, 'SiteHistory': ['Unknown'], 'ResidentSetSize': [0], 'SubmitTimes': [1762278680.0], 'StartTimes': [], 'EndTimes': [], 'TotalUserCpuTimeHistory': [0.0], 'TotalSysCpuTimeHistory': [0.0], 'WallDurations': [0], 'JobIds': ['137314123.0'], 'State': 'idle', 'RecordedSite': False}, '245': {'Retries': 0, 'Restarts': 0, 'SiteHistory': ['Unknown'], 'ResidentSetSize': [0], 'SubmitTimes': [1762278680.0], 'StartTimes': [], 'EndTimes': [], 'TotalUserCpuTimeHistory': [0.0], 'TotalSysCpuTimeHistory': [0.0], 'WallDurations': [0], 'JobIds': ['137314124.0'], 'State': 'idle', 'RecordedSite': False}, '248': {'Retries': 0, 'Restarts': 0, 'SiteHistory': ['Unknown'], 'ResidentSetSize': [0], 'SubmitTimes': [1762278680.0], 'StartTimes': [], 'EndTimes': [], 'TotalUserCpuTimeHistory': [0.0], 'TotalSysCpuTimeHistory': [0.0], 'WallDurations': [0], 'JobIds': ['137314125.0'], 'State': 'idle', 'RecordedSite': False}, '243': {'Retries': 0, 'Restarts': 0, 'SiteHistory': ['Unknown'], 'ResidentSetSize': [0], 'SubmitTimes': [1762278680.0], 'StartTimes': [], 'EndTimes': [], 'TotalUserCpuTimeHistory': [0.0], 'TotalSysCpuTimeHistory': [0.0], 'WallDurations': [0], 'JobIds': ['137314126.0'], 'State': 'idle', 'RecordedSite': False}, '249': {'Retries': 0, 'Restarts': 0, 'SiteHistory': ['Unknown'], 'ResidentSetSize': [0], 'SubmitTimes': [1762278680.0], 'StartTimes': [], 'EndTimes': [], 'TotalUserCpuTimeHistory': [0.0], 'TotalSysCpuTimeHistory': [0.0], 'WallDurations': [0], 'JobIds': ['137314127.0'], 'State': 'idle', 'RecordedSite': False}, '246': {'Retries': 0, 'Restarts': 0, 'SiteHistory': ['Unknown'], 'ResidentSetSize': [0], 'SubmitTimes': [1762278680.0], 'StartTimes': [], 'EndTimes': [], 'TotalUserCpuTimeHistory': [0.0], 'TotalSysCpuTimeHistory': [0.0], 'WallDurations': [0], 'JobIds': ['137314128.0'], 'State': 'idle', 'RecordedSite': False}, '253': {'Retries': 0, 'Restarts': 0, 'SiteHistory': ['Unknown'], 'ResidentSetSize': [0], 'SubmitTimes': [1762278680.0], 'StartTimes': [], 'EndTimes': [], 'TotalUserCpuTimeHistory': [0.0], 'TotalSysCpuTimeHistory': [0.0], 'WallDurations': [0], 'JobIds': ['137314129.0'], 'State': 'idle', 'RecordedSite': False}, '250': {'Retries': 0, 'Restarts': 0, 'SiteHistory': ['Unknown'], 'ResidentSetSize': [0], 'SubmitTimes': [1762278681.0], 'StartTimes': [], 'EndTimes': [], 'TotalUserCpuTimeHistory': [0.0], 'TotalSysCpuTimeHistory': [0.0], 'WallDurations': [0], 'JobIds': ['137314130.0'], 'State': 'idle', 'RecordedSite': False}, '251': {'Retries': 0, 'Restarts': 0, 'SiteHistory': ['Unknown'], 'ResidentSetSize': [0], 'SubmitTimes': [1762278681.0], 'StartTimes': [], 'EndTimes': [], 'TotalUserCpuTimeHistory': [0.0], 'TotalSysCpuTimeHistory': [0.0], 'WallDurations': [0], 'JobIds': ['137314131.0'], 'State': 'idle', 'RecordedSite': False}, '255': {'Retries': 0, 'Restarts': 0, 'SiteHistory': ['Unknown'], 'ResidentSetSize': [0], 'SubmitTimes': [1762278681.0], 'StartTimes': [], 'EndTimes': [], 'TotalUserCpuTimeHistory': [0.0], 'TotalSysCpuTimeHistory': [0.0], 'WallDurations': [0], 'JobIds': ['137314132.0'], 'State': 'idle', 'RecordedSite': False}, '247': {'Retries': 0, 'Restarts': 0, 'SiteHistory': ['Unknown'], 'ResidentSetSize': [0], 'SubmitTimes': [1762278681.0], 'StartTimes': [], 'EndTimes': [], 'TotalUserCpuTimeHistory': [0.0], 'TotalSysCpuTimeHistory': [0.0], 'WallDurations': [0], 'JobIds': ['137314133.0'], 'State': 'idle', 'RecordedSite': False}, '254': {'Retries': 0, 'Restarts': 0, 'SiteHistory': ['Unknown'], 'ResidentSetSize': [0], 'SubmitTimes': [1762278681.0], 'StartTimes': [], 'EndTimes': [], 'TotalUserCpuTimeHistory': [0.0], 'TotalSysCpuTimeHistory': [0.0], 'WallDurations': [0], 'JobIds': ['137314134.0'], 'State': 'idle', 'RecordedSite': False}, '260': {'Retries': 0, 'Restarts': 0, 'SiteHistory': ['Unknown'], 'ResidentSetSize': [0], 'SubmitTimes': [1762278681.0], 'StartTimes': [], 'EndTimes': [], 'TotalUserCpuTimeHistory': [0.0], 'TotalSysCpuTimeHistory': [0.0], 'WallDurations': [0], 'JobIds': ['137314135.0'], 'State': 'idle', 'RecordedSite': False}, '259': {'Retries': 0, 'Restarts': 0, 'SiteHistory': ['Unknown'], 'ResidentSetSize': [0], 'SubmitTimes': [1762278681.0], 'StartTimes': [], 'EndTimes': [], 'TotalUserCpuTimeHistory': [0.0], 'TotalSysCpuTimeHistory': [0.0], 'WallDurations': [0], 'JobIds': ['137314136.0'], 'State': 'idle', 'RecordedSite': False}, '261': {'Retries': 0, 'Restarts': 0, 'SiteHistory': ['Unknown'], 'ResidentSetSize': [0], 'SubmitTimes': [1762278681.0], 'StartTimes': [], 'EndTimes': [], 'TotalUserCpuTimeHistory': [0.0], 'TotalSysCpuTimeHistory': [0.0], 'WallDurations': [0], 'JobIds': ['137314137.0'], 'State': 'idle', 'RecordedSite': False}, '252': {'Retries': 0, 'Restarts': 0, 'SiteHistory': ['Unknown'], 'ResidentSetSize': [0], 'SubmitTimes': [1762278681.0], 'StartTimes': [], 'EndTimes': [], 'TotalUserCpuTimeHistory': [0.0], 'TotalSysCpuTimeHistory': [0.0], 'WallDurations': [0], 'JobIds': ['137314138.0'], 'State': 'idle', 'RecordedSite': False}, '258': {'Retries': 0, 'Restarts': 0, 'SiteHistory': ['Unknown'], 'ResidentSetSize': [0], 'SubmitTimes': [1762278681.0], 'StartTimes': [], 'EndTimes': [], 'TotalUserCpuTimeHistory': [0.0], 'TotalSysCpuTimeHistory': [0.0], 'WallDurations': [0], 'JobIds': ['137314139.0'], 'State': 'idle', 'RecordedSite': False}, '256': {'Retries': 0, 'Restarts': 0, 'SiteHistory': ['Unknown'], 'ResidentSetSize': [0], 'SubmitTimes': [1762278681.0], 'StartTimes': [], 'EndTimes': [], 'TotalUserCpuTimeHistory': [0.0], 'TotalSysCpuTimeHistory': [0.0], 'WallDurations': [0], 'JobIds': ['137314140.0'], 'State': 'idle', 'RecordedSite': False}, '264': {'Retries': 0, 'Restarts': 0, 'SiteHistory': ['Unknown'], 'ResidentSetSize': [0], 'SubmitTimes': [1762278681.0], 'StartTimes': [], 'EndTimes': [], 'TotalUserCpuTimeHistory': [0.0], 'TotalSysCpuTimeHistory': [0.0], 'WallDurations': [0], 'JobIds': ['137314141.0'], 'State': 'idle', 'RecordedSite': False}, '257': {'Retries': 0, 'Restarts': 0, 'SiteHistory': ['Unknown'], 'ResidentSetSize': [0], 'SubmitTimes': [1762278681.0], 'StartTimes': [], 'EndTimes': [], 'TotalUserCpuTimeHistory': [0.0], 'TotalSysCpuTimeHistory': [0.0], 'WallDurations': [0], 'JobIds': ['137314142.0'], 'State': 'idle', 'RecordedSite': False}, '263': {'Retries': 0, 'Restarts': 0, 'SiteHistory': ['Unknown'], 'ResidentSetSize': [0], 'SubmitTimes': [1762278681.0], 'StartTimes': [], 'EndTimes': [], 'TotalUserCpuTimeHistory': [0.0], 'TotalSysCpuTimeHistory': [0.0], 'WallDurations': [0], 'JobIds': ['137314143.0'], 'State': 'idle', 'RecordedSite': False}, '262': {'Retries': 0, 'Restarts': 0, 'SiteHistory': ['Unknown'], 'ResidentSetSize': [0], 'SubmitTimes': [1762278681.0], 'StartTimes': [], 'EndTimes': [], 'TotalUserCpuTimeHistory': [0.0], 'TotalSysCpuTimeHistory': [0.0], 'WallDurations': [0], 'JobIds': ['137314144.0'], 'State': 'idle', 'RecordedSite': False}, '265': {'Retries': 0, 'Restarts': 0, 'SiteHistory': ['Unknown'], 'ResidentSetSize': [0], 'SubmitTimes': [1762278681.0], 'StartTimes': [], 'EndTimes': [], 'TotalUserCpuTimeHistory': [0.0], 'TotalSysCpuTimeHistory': [0.0], 'WallDurations': [0], 'JobIds': ['137314145.0'], 'State': 'idle', 'RecordedSite': False}, '272': {'Retries': 0, 'Restarts': 0, 'SiteHistory': ['Unknown'], 'ResidentSetSize': [0], 'SubmitTimes': [1762278681.0], 'StartTimes': [], 'EndTimes': [], 'TotalUserCpuTimeHistory': [0.0], 'TotalSysCpuTimeHistory': [0.0], 'WallDurations': [0], 'JobIds': ['137314146.0'], 'State': 'idle', 'RecordedSite': False}, '269': {'Retries': 0, 'Restarts': 0, 'SiteHistory': ['Unknown'], 'ResidentSetSize': [0], 'SubmitTimes': [1762278681.0], 'StartTimes': [], 'EndTimes': [], 'TotalUserCpuTimeHistory': [0.0], 'TotalSysCpuTimeHistory': [0.0], 'WallDurations': [0], 'JobIds': ['137314147.0'], 'State': 'idle', 'RecordedSite': False}, '267': {'Retries': 0, 'Restarts': 0, 'SiteHistory': ['Unknown'], 'ResidentSetSize': [0], 'SubmitTimes': [1762278681.0], 'StartTimes': [], 'EndTimes': [], 'TotalUserCpuTimeHistory': [0.0], 'TotalSysCpuTimeHistory': [0.0], 'WallDurations': [0], 'JobIds': ['137314148.0'], 'State': 'idle', 'RecordedSite': False}, '266': {'Retries': 0, 'Restarts': 0, 'SiteHistory': ['Unknown'], 'ResidentSetSize': [0], 'SubmitTimes': [1762278681.0], 'StartTimes': [], 'EndTimes': [], 'TotalUserCpuTimeHistory': [0.0], 'TotalSysCpuTimeHistory': [0.0], 'WallDurations': [0], 'JobIds': ['137314149.0'], 'State': 'idle', 'RecordedSite': False}, '273': {'Retries': 0, 'Restarts': 0, 'SiteHistory': ['Unknown'], 'ResidentSetSize': [0], 'SubmitTimes': [1762278681.0], 'StartTimes': [], 'EndTimes': [], 'TotalUserCpuTimeHistory': [0.0], 'TotalSysCpuTimeHistory': [0.0], 'WallDurations': [0], 'JobIds': ['137314150.0'], 'State': 'idle', 'RecordedSite': False}, '268': {'Retries': 0, 'Restarts': 0, 'SiteHistory': ['Unknown'], 'ResidentSetSize': [0], 'SubmitTimes': [1762278681.0], 'StartTimes': [], 'EndTimes': [], 'TotalUserCpuTimeHistory': [0.0], 'TotalSysCpuTimeHistory': [0.0], 'WallDurations': [0], 'JobIds': ['137314151.0'], 'State': 'idle', 'RecordedSite': False}, '270': {'Retries': 0, 'Restarts': 0, 'SiteHistory': ['Unknown'], 'ResidentSetSize': [0], 'SubmitTimes': [1762278681.0], 'StartTimes': [], 'EndTimes': [], 'TotalUserCpuTimeHistory': [0.0], 'TotalSysCpuTimeHistory': [0.0], 'WallDurations': [0], 'JobIds': ['137314152.0'], 'State': 'idle', 'RecordedSite': False}, '271': {'Retries': 0, 'Restarts': 0, 'SiteHistory': ['Unknown'], 'ResidentSetSize': [0], 'SubmitTimes': [1762278681.0], 'StartTimes': [], 'EndTimes': [], 'TotalUserCpuTimeHistory': [0.0], 'TotalSysCpuTimeHistory': [0.0], 'WallDurations': [0], 'JobIds': ['137314153.0'], 'State': 'idle', 'RecordedSite': False}, '274': {'Retries': 0, 'Restarts': 0, 'SiteHistory': ['Unknown'], 'ResidentSetSize': [0], 'SubmitTimes': [1762278682.0], 'StartTimes': [], 'EndTimes': [], 'TotalUserCpuTimeHistory': [0.0], 'TotalSysCpuTimeHistory': [0.0], 'WallDurations': [0], 'JobIds': ['137314154.0'], 'State': 'idle', 'RecordedSite': False}, '275': {'Retries': 0, 'Restarts': 0, 'SiteHistory': ['Unknown'], 'ResidentSetSize': [0], 'SubmitTimes': [1762278682.0], 'StartTimes': [], 'EndTimes': [], 'TotalUserCpuTimeHistory': [0.0], 'TotalSysCpuTimeHistory': [0.0], 'WallDurations': [0], 'JobIds': ['137314155.0'], 'State': 'idle', 'RecordedSite': False}, '276': {'Retries': 0, 'Restarts': 0, 'SiteHistory': ['Unknown'], 'ResidentSetSize': [0], 'SubmitTimes': [1762278682.0], 'StartTimes': [], 'EndTimes': [], 'TotalUserCpuTimeHistory': [0.0], 'TotalSysCpuTimeHistory': [0.0], 'WallDurations': [0], 'JobIds': ['137314156.0'], 'State': 'idle', 'RecordedSite': False}, '277': {'Retries': 0, 'Restarts': 0, 'SiteHistory': ['Unknown'], 'ResidentSetSize': [0], 'SubmitTimes': [1762278682.0], 'StartTimes': [], 'EndTimes': [], 'TotalUserCpuTimeHistory': [0.0], 'TotalSysCpuTimeHistory': [0.0], 'WallDurations': [0], 'JobIds': ['137314157.0'], 'State': 'idle', 'RecordedSite': False}, '278': {'Retries': 0, 'Restarts': 0, 'SiteHistory': ['Unknown'], 'ResidentSetSize': [0], 'SubmitTimes': [1762278682.0], 'StartTimes': [], 'EndTimes': [], 'TotalUserCpuTimeHistory': [0.0], 'TotalSysCpuTimeHistory': [0.0], 'WallDurations': [0], 'JobIds': ['137314158.0'], 'State': 'idle', 'RecordedSite': False}, '279': {'Retries': 0, 'Restarts': 0, 'SiteHistory': ['Unknown'], 'ResidentSetSize': [0], 'SubmitTimes': [1762278682.0], 'StartTimes': [], 'EndTimes': [], 'TotalUserCpuTimeHistory': [0.0], 'TotalSysCpuTimeHistory': [0.0], 'WallDurations': [0], 'JobIds': ['137314159.0'], 'State': 'idle', 'RecordedSite': False}, '280': {'Retries': 0, 'Restarts': 0, 'SiteHistory': ['Unknown'], 'ResidentSetSize': [0], 'SubmitTimes': [1762278682.0], 'StartTimes': [], 'EndTimes': [], 'TotalUserCpuTimeHistory': [0.0], 'TotalSysCpuTimeHistory': [0.0], 'WallDurations': [0], 'JobIds': ['137314160.0'], 'State': 'idle', 'RecordedSite': False}, '281': {'Retries': 0, 'Restarts': 0, 'SiteHistory': ['Unknown'], 'ResidentSetSize': [0], 'SubmitTimes': [1762278682.0], 'StartTimes': [], 'EndTimes': [], 'TotalUserCpuTimeHistory': [0.0], 'TotalSysCpuTimeHistory': [0.0], 'WallDurations': [0], 'JobIds': ['137314161.0'], 'State': 'idle', 'RecordedSite': False}, '282': {'Retries': 0, 'Restarts': 0, 'SiteHistory': ['Unknown'], 'ResidentSetSize': [0], 'SubmitTimes': [1762278682.0], 'StartTimes': [], 'EndTimes': [], 'TotalUserCpuTimeHistory': [0.0], 'TotalSysCpuTimeHistory': [0.0], 'WallDurations': [0], 'JobIds': ['137314162.0'], 'State': 'idle', 'RecordedSite': False}, '283': {'Retries': 0, 'Restarts': 0, 'SiteHistory': ['Unknown'], 'ResidentSetSize': [0], 'SubmitTimes': [1762278682.0], 'StartTimes': [], 'EndTimes': [], 'TotalUserCpuTimeHistory': [0.0], 'TotalSysCpuTimeHistory': [0.0], 'WallDurations': [0], 'JobIds': ['137314163.0'], 'State': 'idle', 'RecordedSite': False}, '284': {'Retries': 0, 'Restarts': 0, 'SiteHistory': ['Unknown'], 'ResidentSetSize': [0], 'SubmitTimes': [1762278682.0], 'StartTimes': [], 'EndTimes': [], 'TotalUserCpuTimeHistory': [0.0], 'TotalSysCpuTimeHistory': [0.0], 'WallDurations': [0], 'JobIds': ['137314164.0'], 'State': 'idle', 'RecordedSite': False}, '285': {'Retries': 0, 'Restarts': 0, 'SiteHistory': ['Unknown'], 'ResidentSetSize': [0], 'SubmitTimes': [1762278682.0], 'StartTimes': [], 'EndTimes': [], 'TotalUserCpuTimeHistory': [0.0], 'TotalSysCpuTimeHistory': [0.0], 'WallDurations': [0], 'JobIds': ['137314165.0'], 'State': 'idle', 'RecordedSite': False}, '286': {'Retries': 0, 'Restarts': 0, 'SiteHistory': ['Unknown'], 'ResidentSetSize': [0], 'SubmitTimes': [1762278682.0], 'StartTimes': [], 'EndTimes': [], 'TotalUserCpuTimeHistory': [0.0], 'TotalSysCpuTimeHistory': [0.0], 'WallDurations': [0], 'JobIds': ['137314166.0'], 'State': 'idle', 'RecordedSite': False}, '287': {'Retries': 0, 'Restarts': 0, 'SiteHistory': ['Unknown'], 'ResidentSetSize': [0], 'SubmitTimes': [1762278682.0], 'StartTimes': [], 'EndTimes': [], 'TotalUserCpuTimeHistory': [0.0], 'TotalSysCpuTimeHistory': [0.0], 'WallDurations': [0], 'JobIds': ['137314167.0'], 'State': 'idle', 'RecordedSite': False}, '288': {'Retries': 0, 'Restarts': 0, 'SiteHistory': ['Unknown'], 'ResidentSetSize': [0], 'SubmitTimes': [1762278682.0], 'StartTimes': [], 'EndTimes': [], 'TotalUserCpuTimeHistory': [0.0], 'TotalSysCpuTimeHistory': [0.0], 'WallDurations': [0], 'JobIds': ['137314168.0'], 'State': 'idle', 'RecordedSite': False}, '289': {'Retries': 0, 'Restarts': 0, 'SiteHistory': ['Unknown'], 'ResidentSetSize': [0], 'SubmitTimes': [1762278682.0], 'StartTimes': [], 'EndTimes': [], 'TotalUserCpuTimeHistory': [0.0], 'TotalSysCpuTimeHistory': [0.0], 'WallDurations': [0], 'JobIds': ['137314169.0'], 'State': 'idle', 'RecordedSite': False}, '290': {'Retries': 0, 'Restarts': 0, 'SiteHistory': ['Unknown'], 'ResidentSetSize': [0], 'SubmitTimes': [1762278682.0], 'StartTimes': [], 'EndTimes': [], 'TotalUserCpuTimeHistory': [0.0], 'TotalSysCpuTimeHistory': [0.0], 'WallDurations': [0], 'JobIds': ['137314170.0'], 'State': 'idle', 'RecordedSite': False}, '293': {'Retries': 0, 'Restarts': 0, 'SiteHistory': ['Unknown'], 'ResidentSetSize': [0], 'SubmitTimes': [1762278682.0], 'StartTimes': [], 'EndTimes': [], 'TotalUserCpuTimeHistory': [0.0], 'TotalSysCpuTimeHistory': [0.0], 'WallDurations': [0], 'JobIds': ['137314171.0'], 'State': 'idle', 'RecordedSite': False}, '302': {'Retries': 0, 'Restarts': 0, 'SiteHistory': ['Unknown'], 'ResidentSetSize': [0], 'SubmitTimes': [1762278682.0], 'StartTimes': [], 'EndTimes': [], 'TotalUserCpuTimeHistory': [0.0], 'TotalSysCpuTimeHistory': [0.0], 'WallDurations': [0], 'JobIds': ['137314172.0'], 'State': 'idle', 'RecordedSite': False}, '305': {'Retries': 0, 'Restarts': 0, 'SiteHistory': ['Unknown'], 'ResidentSetSize': [0], 'SubmitTimes': [1762278682.0], 'StartTimes': [], 'EndTimes': [], 'TotalUserCpuTimeHistory': [0.0], 'TotalSysCpuTimeHistory': [0.0], 'WallDurations': [0], 'JobIds': ['137314173.0'], 'State': 'idle', 'RecordedSite': False}, '308': {'Retries': 0, 'Restarts': 0, 'SiteHistory': ['Unknown'], 'ResidentSetSize': [0], 'SubmitTimes': [1762278682.0], 'StartTimes': [], 'EndTimes': [], 'TotalUserCpuTimeHistory': [0.0], 'TotalSysCpuTimeHistory': [0.0], 'WallDurations': [0], 'JobIds': ['137314174.0'], 'State': 'idle', 'RecordedSite': False}, '297': {'Retries': 0, 'Restarts': 0, 'SiteHistory': ['Unknown'], 'ResidentSetSize': [0], 'SubmitTimes': [1762278682.0], 'StartTimes': [], 'EndTimes': [], 'TotalUserCpuTimeHistory': [0.0], 'TotalSysCpuTimeHistory': [0.0], 'WallDurations': [0], 'JobIds': ['137314175.0'], 'State': 'idle', 'RecordedSite': False}, '299': {'Retries': 0, 'Restarts': 0, 'SiteHistory': ['Unknown'], 'ResidentSetSize': [0], 'SubmitTimes': [1762278682.0], 'StartTimes': [], 'EndTimes': [], 'TotalUserCpuTimeHistory': [0.0], 'TotalSysCpuTimeHistory': [0.0], 'WallDurations': [0], 'JobIds': ['137314176.0'], 'State': 'idle', 'RecordedSite': False}, '303': {'Retries': 0, 'Restarts': 0, 'SiteHistory': ['Unknown'], 'ResidentSetSize': [0], 'SubmitTimes': [1762278682.0], 'StartTimes': [], 'EndTimes': [], 'TotalUserCpuTimeHistory': [0.0], 'TotalSysCpuTimeHistory': [0.0], 'WallDurations': [0], 'JobIds': ['137314177.0'], 'State': 'idle', 'RecordedSite': False}, '307': {'Retries': 0, 'Restarts': 0, 'SiteHistory': ['Unknown'], 'ResidentSetSize': [0], 'SubmitTimes': [1762278682.0], 'StartTimes': [], 'EndTimes': [], 'TotalUserCpuTimeHistory': [0.0], 'TotalSysCpuTimeHistory': [0.0], 'WallDurations': [0], 'JobIds': ['137314178.0'], 'State': 'idle', 'RecordedSite': False}, '311': {'Retries': 0, 'Restarts': 0, 'SiteHistory': ['Unknown'], 'ResidentSetSize': [0], 'SubmitTimes': [1762278682.0], 'StartTimes': [], 'EndTimes': [], 'TotalUserCpuTimeHistory': [0.0], 'TotalSysCpuTimeHistory': [0.0], 'WallDurations': [0], 'JobIds': ['137314179.0'], 'State': 'idle', 'RecordedSite': False}, '294': {'Retries': 0, 'Restarts': 0, 'SiteHistory': ['Unknown'], 'ResidentSetSize': [0], 'SubmitTimes': [1762278682.0], 'StartTimes': [], 'EndTimes': [], 'TotalUserCpuTimeHistory': [0.0], 'TotalSysCpuTimeHistory': [0.0], 'WallDurations': [0], 'JobIds': ['137314180.0'], 'State': 'idle', 'RecordedSite': False}, '300': {'Retries': 0, 'Restarts': 0, 'SiteHistory': ['Unknown'], 'ResidentSetSize': [0], 'SubmitTimes': [1762278682.0], 'StartTimes': [], 'EndTimes': [], 'TotalUserCpuTimeHistory': [0.0], 'TotalSysCpuTimeHistory': [0.0], 'WallDurations': [0], 'JobIds': ['137314181.0'], 'State': 'idle', 'RecordedSite': False}, '304': {'Retries': 0, 'Restarts': 0, 'SiteHistory': ['Unknown'], 'ResidentSetSize': [0], 'SubmitTimes': [1762278682.0], 'StartTimes': [], 'EndTimes': [], 'TotalUserCpuTimeHistory': [0.0], 'TotalSysCpuTimeHistory': [0.0], 'WallDurations': [0], 'JobIds': ['137314182.0'], 'State': 'idle', 'RecordedSite': False}, '310': {'Retries': 0, 'Restarts': 0, 'SiteHistory': ['Unknown'], 'ResidentSetSize': [0], 'SubmitTimes': [1762278682.0], 'StartTimes': [], 'EndTimes': [], 'TotalUserCpuTimeHistory': [0.0], 'TotalSysCpuTimeHistory': [0.0], 'WallDurations': [0], 'JobIds': ['137314183.0'], 'State': 'idle', 'RecordedSite': False}, '306': {'Retries': 0, 'Restarts': 0, 'SiteHistory': ['Unknown'], 'ResidentSetSize': [0], 'SubmitTimes': [1762278682.0], 'StartTimes': [], 'EndTimes': [], 'TotalUserCpuTimeHistory': [0.0], 'TotalSysCpuTimeHistory': [0.0], 'WallDurations': [0], 'JobIds': ['137314184.0'], 'State': 'idle', 'RecordedSite': False}, '301': {'Retries': 0, 'Restarts': 0, 'SiteHistory': ['Unknown'], 'ResidentSetSize': [0], 'SubmitTimes': [1762278682.0], 'StartTimes': [], 'EndTimes': [], 'TotalUserCpuTimeHistory': [0.0], 'TotalSysCpuTimeHistory': [0.0], 'WallDurations': [0], 'JobIds': ['137314185.0'], 'State': 'idle', 'RecordedSite': False}, '309': {'Retries': 0, 'Restarts': 0, 'SiteHistory': ['Unknown'], 'ResidentSetSize': [0], 'SubmitTimes': [1762278682.0], 'StartTimes': [], 'EndTimes': [], 'TotalUserCpuTimeHistory': [0.0], 'TotalSysCpuTimeHistory': [0.0], 'WallDurations': [0], 'JobIds': ['137314186.0'], 'State': 'idle', 'RecordedSite': False}, '295': {'Retries': 0, 'Restarts': 0, 'SiteHistory': ['Unknown'], 'ResidentSetSize': [0], 'SubmitTimes': [1762278682.0], 'StartTimes': [], 'EndTimes': [], 'TotalUserCpuTimeHistory': [0.0], 'TotalSysCpuTimeHistory': [0.0], 'WallDurations': [0], 'JobIds': ['137314187.0'], 'State': 'idle', 'RecordedSite': False}, '317': {'Retries': 0, 'Restarts': 0, 'SiteHistory': ['Unknown'], 'ResidentSetSize': [0], 'SubmitTimes': [1762278682.0], 'StartTimes': [], 'EndTimes': [], 'TotalUserCpuTimeHistory': [0.0], 'TotalSysCpuTimeHistory': [0.0], 'WallDurations': [0], 'JobIds': ['137314188.0'], 'State': 'idle', 'RecordedSite': False}, '312': {'Retries': 0, 'Restarts': 0, 'SiteHistory': ['Unknown'], 'ResidentSetSize': [0], 'SubmitTimes': [1762278682.0], 'StartTimes': [], 'EndTimes': [], 'TotalUserCpuTimeHistory': [0.0], 'TotalSysCpuTimeHistory': [0.0], 'WallDurations': [0], 'JobIds': ['137314189.0'], 'State': 'idle', 'RecordedSite': False}, '292': {'Retries': 0, 'Restarts': 0, 'SiteHistory': ['Unknown'], 'ResidentSetSize': [0], 'SubmitTimes': [1762278682.0], 'StartTimes': [], 'EndTimes': [], 'TotalUserCpuTimeHistory': [0.0], 'TotalSysCpuTimeHistory': [0.0], 'WallDurations': [0], 'JobIds': ['137314190.0'], 'State': 'idle', 'RecordedSite': False}, '298': {'Retries': 0, 'Restarts': 0, 'SiteHistory': ['Unknown'], 'ResidentSetSize': [0], 'SubmitTimes': [1762278682.0], 'StartTimes': [], 'EndTimes': [], 'TotalUserCpuTimeHistory': [0.0], 'TotalSysCpuTimeHistory': [0.0], 'WallDurations': [0], 'JobIds': ['137314191.0'], 'State': 'idle', 'RecordedSite': False}, '296': {'Retries': 0, 'Restarts': 0, 'SiteHistory': ['Unknown'], 'ResidentSetSize': [0], 'SubmitTimes': [1762278682.0], 'StartTimes': [], 'EndTimes': [], 'TotalUserCpuTimeHistory': [0.0], 'TotalSysCpuTimeHistory': [0.0], 'WallDurations': [0], 'JobIds': ['137314192.0'], 'State': 'idle', 'RecordedSite': False}, '316': {'Retries': 0, 'Restarts': 0, 'SiteHistory': ['Unknown'], 'ResidentSetSize': [0], 'SubmitTimes': [1762278682.0], 'StartTimes': [], 'EndTimes': [], 'TotalUserCpuTimeHistory': [0.0], 'TotalSysCpuTimeHistory': [0.0], 'WallDurations': [0], 'JobIds': ['137314193.0'], 'State': 'idle', 'RecordedSite': False}, '318': {'Retries': 0, 'Restarts': 0, 'SiteHistory': ['Unknown'], 'ResidentSetSize': [0], 'SubmitTimes': [1762278682.0], 'StartTimes': [], 'EndTimes': [], 'TotalUserCpuTimeHistory': [0.0], 'TotalSysCpuTimeHistory': [0.0], 'WallDurations': [0], 'JobIds': ['137314194.0'], 'State': 'idle', 'RecordedSite': False}, '322': {'Retries': 0, 'Restarts': 0, 'SiteHistory': ['Unknown'], 'ResidentSetSize': [0], 'SubmitTimes': [1762278682.0], 'StartTimes': [], 'EndTimes': [], 'TotalUserCpuTimeHistory': [0.0], 'TotalSysCpuTimeHistory': [0.0], 'WallDurations': [0], 'JobIds': ['137314195.0'], 'State': 'idle', 'RecordedSite': False}, '313': {'Retries': 0, 'Restarts': 0, 'SiteHistory': ['Unknown'], 'ResidentSetSize': [0], 'SubmitTimes': [1762278687.0], 'StartTimes': [], 'EndTimes': [], 'TotalUserCpuTimeHistory': [0.0], 'TotalSysCpuTimeHistory': [0.0], 'WallDurations': [0], 'JobIds': ['137314196.0'], 'State': 'idle', 'RecordedSite': False}, '328': {'Retries': 0, 'Restarts': 0, 'SiteHistory': ['Unknown'], 'ResidentSetSize': [0], 'SubmitTimes': [1762278687.0], 'StartTimes': [], 'EndTimes': [], 'TotalUserCpuTimeHistory': [0.0], 'TotalSysCpuTimeHistory': [0.0], 'WallDurations': [0], 'JobIds': ['137314197.0'], 'State': 'idle', 'RecordedSite': False}, '314': {'Retries': 0, 'Restarts': 0, 'SiteHistory': ['Unknown'], 'ResidentSetSize': [0], 'SubmitTimes': [1762278687.0], 'StartTimes': [], 'EndTimes': [], 'TotalUserCpuTimeHistory': [0.0], 'TotalSysCpuTimeHistory': [0.0], 'WallDurations': [0], 'JobIds': ['137314198.0'], 'State': 'idle', 'RecordedSite': False}, '315': {'Retries': 0, 'Restarts': 0, 'SiteHistory': ['Unknown'], 'ResidentSetSize': [0], 'SubmitTimes': [1762278687.0], 'StartTimes': [], 'EndTimes': [], 'TotalUserCpuTimeHistory': [0.0], 'TotalSysCpuTimeHistory': [0.0], 'WallDurations': [0], 'JobIds': ['137314199.0'], 'State': 'idle', 'RecordedSite': False}, '323': {'Retries': 0, 'Restarts': 0, 'SiteHistory': ['Unknown'], 'ResidentSetSize': [0], 'SubmitTimes': [1762278687.0], 'StartTimes': [], 'EndTimes': [], 'TotalUserCpuTimeHistory': [0.0], 'TotalSysCpuTimeHistory': [0.0], 'WallDurations': [0], 'JobIds': ['137314200.0'], 'State': 'idle', 'RecordedSite': False}, '321': {'Retries': 0, 'Restarts': 0, 'SiteHistory': ['Unknown'], 'ResidentSetSize': [0], 'SubmitTimes': [1762278688.0], 'StartTimes': [], 'EndTimes': [], 'TotalUserCpuTimeHistory': [0.0], 'TotalSysCpuTimeHistory': [0.0], 'WallDurations': [0], 'JobIds': ['137314201.0'], 'State': 'idle', 'RecordedSite': False}, '324': {'Retries': 0, 'Restarts': 0, 'SiteHistory': ['Unknown'], 'ResidentSetSize': [0], 'SubmitTimes': [1762278688.0], 'StartTimes': [], 'EndTimes': [], 'TotalUserCpuTimeHistory': [0.0], 'TotalSysCpuTimeHistory': [0.0], 'WallDurations': [0], 'JobIds': ['137314202.0'], 'State': 'idle', 'RecordedSite': False}, '320': {'Retries': 0, 'Restarts': 0, 'SiteHistory': ['Unknown'], 'ResidentSetSize': [0], 'SubmitTimes': [1762278688.0], 'StartTimes': [], 'EndTimes': [], 'TotalUserCpuTimeHistory': [0.0], 'TotalSysCpuTimeHistory': [0.0], 'WallDurations': [0], 'JobIds': ['137314203.0'], 'State': 'idle', 'RecordedSite': False}, '319': {'Retries': 0, 'Restarts': 0, 'SiteHistory': ['Unknown'], 'ResidentSetSize': [0], 'SubmitTimes': [1762278688.0], 'StartTimes': [], 'EndTimes': [], 'TotalUserCpuTimeHistory': [0.0], 'TotalSysCpuTimeHistory': [0.0], 'WallDurations': [0], 'JobIds': ['137314204.0'], 'State': 'idle', 'RecordedSite': False}, '325': {'Retries': 0, 'Restarts': 0, 'SiteHistory': ['Unknown'], 'ResidentSetSize': [0], 'SubmitTimes': [1762278688.0], 'StartTimes': [], 'EndTimes': [], 'TotalUserCpuTimeHistory': [0.0], 'TotalSysCpuTimeHistory': [0.0], 'WallDurations': [0], 'JobIds': ['137314205.0'], 'State': 'idle', 'RecordedSite': False}, '327': {'Retries': 0, 'Restarts': 0, 'SiteHistory': ['Unknown'], 'ResidentSetSize': [0], 'SubmitTimes': [1762278688.0], 'StartTimes': [], 'EndTimes': [], 'TotalUserCpuTimeHistory': [0.0], 'TotalSysCpuTimeHistory': [0.0], 'WallDurations': [0], 'JobIds': ['137314206.0'], 'State': 'idle', 'RecordedSite': False}, '342': {'Retries': 0, 'Restarts': 0, 'SiteHistory': ['Unknown'], 'ResidentSetSize': [0], 'SubmitTimes': [1762278688.0], 'StartTimes': [], 'EndTimes': [], 'TotalUserCpuTimeHistory': [0.0], 'TotalSysCpuTimeHistory': [0.0], 'WallDurations': [0], 'JobIds': ['137314207.0'], 'State': 'idle', 'RecordedSite': False}, '329': {'Retries': 0, 'Restarts': 0, 'SiteHistory': ['Unknown'], 'ResidentSetSize': [0], 'SubmitTimes': [1762278688.0], 'StartTimes': [], 'EndTimes': [], 'TotalUserCpuTimeHistory': [0.0], 'TotalSysCpuTimeHistory': [0.0], 'WallDurations': [0], 'JobIds': ['137314208.0'], 'State': 'idle', 'RecordedSite': False}, '330': {'Retries': 0, 'Restarts': 0, 'SiteHistory': ['Unknown'], 'ResidentSetSize': [0], 'SubmitTimes': [1762278688.0], 'StartTimes': [], 'EndTimes': [], 'TotalUserCpuTimeHistory': [0.0], 'TotalSysCpuTimeHistory': [0.0], 'WallDurations': [0], 'JobIds': ['137314209.0'], 'State': 'idle', 'RecordedSite': False}, '337': {'Retries': 0, 'Restarts': 0, 'SiteHistory': ['Unknown'], 'ResidentSetSize': [0], 'SubmitTimes': [1762278688.0], 'StartTimes': [], 'EndTimes': [], 'TotalUserCpuTimeHistory': [0.0], 'TotalSysCpuTimeHistory': [0.0], 'WallDurations': [0], 'JobIds': ['137314210.0'], 'State': 'idle', 'RecordedSite': False}, '326': {'Retries': 0, 'Restarts': 0, 'SiteHistory': ['Unknown'], 'ResidentSetSize': [0], 'SubmitTimes': [1762278688.0], 'StartTimes': [], 'EndTimes': [], 'TotalUserCpuTimeHistory': [0.0], 'TotalSysCpuTimeHistory': [0.0], 'WallDurations': [0], 'JobIds': ['137314211.0'], 'State': 'idle', 'RecordedSite': False}, '335': {'Retries': 0, 'Restarts': 0, 'SiteHistory': ['Unknown'], 'ResidentSetSize': [0], 'SubmitTimes': [1762278688.0], 'StartTimes': [], 'EndTimes': [], 'TotalUserCpuTimeHistory': [0.0], 'TotalSysCpuTimeHistory': [0.0], 'WallDurations': [0], 'JobIds': ['137314212.0'], 'State': 'idle', 'RecordedSite': False}, '332': {'Retries': 0, 'Restarts': 0, 'SiteHistory': ['Unknown'], 'ResidentSetSize': [0], 'SubmitTimes': [1762278688.0], 'StartTimes': [], 'EndTimes': [], 'TotalUserCpuTimeHistory': [0.0], 'TotalSysCpuTimeHistory': [0.0], 'WallDurations': [0], 'JobIds': ['137314213.0'], 'State': 'idle', 'RecordedSite': False}, '331': {'Retries': 0, 'Restarts': 0, 'SiteHistory': ['Unknown'], 'ResidentSetSize': [0], 'SubmitTimes': [1762278688.0], 'StartTimes': [], 'EndTimes': [], 'TotalUserCpuTimeHistory': [0.0], 'TotalSysCpuTimeHistory': [0.0], 'WallDurations': [0], 'JobIds': ['137314214.0'], 'State': 'idle', 'RecordedSite': False}, '333': {'Retries': 0, 'Restarts': 0, 'SiteHistory': ['Unknown'], 'ResidentSetSize': [0], 'SubmitTimes': [1762278688.0], 'StartTimes': [], 'EndTimes': [], 'TotalUserCpuTimeHistory': [0.0], 'TotalSysCpuTimeHistory': [0.0], 'WallDurations': [0], 'JobIds': ['137314215.0'], 'State': 'idle', 'RecordedSite': False}, '344': {'Retries': 0, 'Restarts': 0, 'SiteHistory': ['Unknown'], 'ResidentSetSize': [0], 'SubmitTimes': [1762278688.0], 'StartTimes': [], 'EndTimes': [], 'TotalUserCpuTimeHistory': [0.0], 'TotalSysCpuTimeHistory': [0.0], 'WallDurations': [0], 'JobIds': ['137314216.0'], 'State': 'idle', 'RecordedSite': False}, '339': {'Retries': 0, 'Restarts': 0, 'SiteHistory': ['Unknown'], 'ResidentSetSize': [0], 'SubmitTimes': [1762278688.0], 'StartTimes': [], 'EndTimes': [], 'TotalUserCpuTimeHistory': [0.0], 'TotalSysCpuTimeHistory': [0.0], 'WallDurations': [0], 'JobIds': ['137314217.0'], 'State': 'idle', 'RecordedSite': False}, '334': {'Retries': 0, 'Restarts': 0, 'SiteHistory': ['Unknown'], 'ResidentSetSize': [0], 'SubmitTimes': [1762278688.0], 'StartTimes': [], 'EndTimes': [], 'TotalUserCpuTimeHistory': [0.0], 'TotalSysCpuTimeHistory': [0.0], 'WallDurations': [0], 'JobIds': ['137314218.0'], 'State': 'idle', 'RecordedSite': False}, '341': {'Retries': 0, 'Restarts': 0, 'SiteHistory': ['Unknown'], 'ResidentSetSize': [0], 'SubmitTimes': [1762278688.0], 'StartTimes': [], 'EndTimes': [], 'TotalUserCpuTimeHistory': [0.0], 'TotalSysCpuTimeHistory': [0.0], 'WallDurations': [0], 'JobIds': ['137314219.0'], 'State': 'idle', 'RecordedSite': False}, '338': {'Retries': 0, 'Restarts': 0, 'SiteHistory': ['Unknown'], 'ResidentSetSize': [0], 'SubmitTimes': [1762278688.0], 'StartTimes': [], 'EndTimes': [], 'TotalUserCpuTimeHistory': [0.0], 'TotalSysCpuTimeHistory': [0.0], 'WallDurations': [0], 'JobIds': ['137314220.0'], 'State': 'idle', 'RecordedSite': False}, '336': {'Retries': 0, 'Restarts': 0, 'SiteHistory': ['Unknown'], 'ResidentSetSize': [0], 'SubmitTimes': [1762278688.0], 'StartTimes': [], 'EndTimes': [], 'TotalUserCpuTimeHistory': [0.0], 'TotalSysCpuTimeHistory': [0.0], 'WallDurations': [0], 'JobIds': ['137314221.0'], 'State': 'idle', 'RecordedSite': False}, '340': {'Retries': 0, 'Restarts': 0, 'SiteHistory': ['Unknown'], 'ResidentSetSize': [0], 'SubmitTimes': [1762278688.0], 'StartTimes': [], 'EndTimes': [], 'TotalUserCpuTimeHistory': [0.0], 'TotalSysCpuTimeHistory': [0.0], 'WallDurations': [0], 'JobIds': ['137314222.0'], 'State': 'idle', 'RecordedSite': False}, '345': {'Retries': 0, 'Restarts': 0, 'SiteHistory': ['Unknown'], 'ResidentSetSize': [0], 'SubmitTimes': [1762278688.0], 'StartTimes': [], 'EndTimes': [], 'TotalUserCpuTimeHistory': [0.0], 'TotalSysCpuTimeHistory': [0.0], 'WallDurations': [0], 'JobIds': ['137314223.0'], 'State': 'idle', 'RecordedSite': False}, '346': {'Retries': 0, 'Restarts': 0, 'SiteHistory': ['Unknown'], 'ResidentSetSize': [0], 'SubmitTimes': [1762278688.0], 'StartTimes': [], 'EndTimes': [], 'TotalUserCpuTimeHistory': [0.0], 'TotalSysCpuTimeHistory': [0.0], 'WallDurations': [0], 'JobIds': ['137314224.0'], 'State': 'idle', 'RecordedSite': False}, '343': {'Retries': 0, 'Restarts': 0, 'SiteHistory': ['Unknown'], 'ResidentSetSize': [0], 'SubmitTimes': [1762278688.0], 'StartTimes': [], 'EndTimes': [], 'TotalUserCpuTimeHistory': [0.0], 'TotalSysCpuTimeHistory': [0.0], 'WallDurations': [0], 'JobIds': ['137314225.0'], 'State': 'idle', 'RecordedSite': False}, '351': {'Retries': 0, 'Restarts': 0, 'SiteHistory': ['Unknown'], 'ResidentSetSize': [0], 'SubmitTimes': [1762278688.0], 'StartTimes': [], 'EndTimes': [], 'TotalUserCpuTimeHistory': [0.0], 'TotalSysCpuTimeHistory': [0.0], 'WallDurations': [0], 'JobIds': ['137314226.0'], 'State': 'idle', 'RecordedSite': False}, '347': {'Retries': 0, 'Restarts': 0, 'SiteHistory': ['Unknown'], 'ResidentSetSize': [0], 'SubmitTimes': [1762278688.0], 'StartTimes': [], 'EndTimes': [], 'TotalUserCpuTimeHistory': [0.0], 'TotalSysCpuTimeHistory': [0.0], 'WallDurations': [0], 'JobIds': ['137314227.0'], 'State': 'idle', 'RecordedSite': False}, '348': {'Retries': 0, 'Restarts': 0, 'SiteHistory': ['Unknown'], 'ResidentSetSize': [0], 'SubmitTimes': [1762278688.0], 'StartTimes': [], 'EndTimes': [], 'TotalUserCpuTimeHistory': [0.0], 'TotalSysCpuTimeHistory': [0.0], 'WallDurations': [0], 'JobIds': ['137314228.0'], 'State': 'idle', 'RecordedSite': False}, '358': {'Retries': 0, 'Restarts': 0, 'SiteHistory': ['Unknown'], 'ResidentSetSize': [0], 'SubmitTimes': [1762278688.0], 'StartTimes': [], 'EndTimes': [], 'TotalUserCpuTimeHistory': [0.0], 'TotalSysCpuTimeHistory': [0.0], 'WallDurations': [0], 'JobIds': ['137314229.0'], 'State': 'idle', 'RecordedSite': False}, '355': {'Retries': 0, 'Restarts': 0, 'SiteHistory': ['Unknown'], 'ResidentSetSize': [0], 'SubmitTimes': [1762278688.0], 'StartTimes': [], 'EndTimes': [], 'TotalUserCpuTimeHistory': [0.0], 'TotalSysCpuTimeHistory': [0.0], 'WallDurations': [0], 'JobIds': ['137314230.0'], 'State': 'idle', 'RecordedSite': False}, '349': {'Retries': 0, 'Restarts': 0, 'SiteHistory': ['Unknown'], 'ResidentSetSize': [0], 'SubmitTimes': [1762278688.0], 'StartTimes': [], 'EndTimes': [], 'TotalUserCpuTimeHistory': [0.0], 'TotalSysCpuTimeHistory': [0.0], 'WallDurations': [0], 'JobIds': ['137314231.0'], 'State': 'idle', 'RecordedSite': False}, '352': {'Retries': 0, 'Restarts': 0, 'SiteHistory': ['Unknown'], 'ResidentSetSize': [0], 'SubmitTimes': [1762278688.0], 'StartTimes': [], 'EndTimes': [], 'TotalUserCpuTimeHistory': [0.0], 'TotalSysCpuTimeHistory': [0.0], 'WallDurations': [0], 'JobIds': ['137314232.0'], 'State': 'idle', 'RecordedSite': False}, '361': {'Retries': 0, 'Restarts': 0, 'SiteHistory': ['Unknown'], 'ResidentSetSize': [0], 'SubmitTimes': [1762278688.0], 'StartTimes': [], 'EndTimes': [], 'TotalUserCpuTimeHistory': [0.0], 'TotalSysCpuTimeHistory': [0.0], 'WallDurations': [0], 'JobIds': ['137314233.0'], 'State': 'idle', 'RecordedSite': False}, '353': {'Retries': 0, 'Restarts': 0, 'SiteHistory': ['Unknown'], 'ResidentSetSize': [0], 'SubmitTimes': [1762278688.0], 'StartTimes': [], 'EndTimes': [], 'TotalUserCpuTimeHistory': [0.0], 'TotalSysCpuTimeHistory': [0.0], 'WallDurations': [0], 'JobIds': ['137314234.0'], 'State': 'idle', 'RecordedSite': False}, '350': {'Retries': 0, 'Restarts': 0, 'SiteHistory': ['Unknown'], 'ResidentSetSize': [0], 'SubmitTimes': [1762278688.0], 'StartTimes': [], 'EndTimes': [], 'TotalUserCpuTimeHistory': [0.0], 'TotalSysCpuTimeHistory': [0.0], 'WallDurations': [0], 'JobIds': ['137314235.0'], 'State': 'idle', 'RecordedSite': False}, '356': {'Retries': 0, 'Restarts': 0, 'SiteHistory': ['Unknown'], 'ResidentSetSize': [0], 'SubmitTimes': [1762278688.0], 'StartTimes': [], 'EndTimes': [], 'TotalUserCpuTimeHistory': [0.0], 'TotalSysCpuTimeHistory': [0.0], 'WallDurations': [0], 'JobIds': ['137314236.0'], 'State': 'idle', 'RecordedSite': False}, '357': {'Retries': 0, 'Restarts': 0, 'SiteHistory': ['Unknown'], 'ResidentSetSize': [0], 'SubmitTimes': [1762278688.0], 'StartTimes': [], 'EndTimes': [], 'TotalUserCpuTimeHistory': [0.0], 'TotalSysCpuTimeHistory': [0.0], 'WallDurations': [0], 'JobIds': ['137314237.0'], 'State': 'idle', 'RecordedSite': False}, '364': {'Retries': 0, 'Restarts': 0, 'SiteHistory': ['Unknown'], 'ResidentSetSize': [0], 'SubmitTimes': [1762278688.0], 'StartTimes': [], 'EndTimes': [], 'TotalUserCpuTimeHistory': [0.0], 'TotalSysCpuTimeHistory': [0.0], 'WallDurations': [0], 'JobIds': ['137314238.0'], 'State': 'idle', 'RecordedSite': False}, '359': {'Retries': 0, 'Restarts': 0, 'SiteHistory': ['Unknown'], 'ResidentSetSize': [0], 'SubmitTimes': [1762278688.0], 'StartTimes': [], 'EndTimes': [], 'TotalUserCpuTimeHistory': [0.0], 'TotalSysCpuTimeHistory': [0.0], 'WallDurations': [0], 'JobIds': ['137314239.0'], 'State': 'idle', 'RecordedSite': False}, '354': {'Retries': 0, 'Restarts': 0, 'SiteHistory': ['Unknown'], 'ResidentSetSize': [0], 'SubmitTimes': [1762278688.0], 'StartTimes': [], 'EndTimes': [], 'TotalUserCpuTimeHistory': [0.0], 'TotalSysCpuTimeHistory': [0.0], 'WallDurations': [0], 'JobIds': ['137314240.0'], 'State': 'idle', 'RecordedSite': False}, '362': {'Retries': 0, 'Restarts': 0, 'SiteHistory': ['Unknown'], 'ResidentSetSize': [0], 'SubmitTimes': [1762278688.0], 'StartTimes': [], 'EndTimes': [], 'TotalUserCpuTimeHistory': [0.0], 'TotalSysCpuTimeHistory': [0.0], 'WallDurations': [0], 'JobIds': ['137314241.0'], 'State': 'idle', 'RecordedSite': False}, '365': {'Retries': 0, 'Restarts': 0, 'SiteHistory': ['Unknown'], 'ResidentSetSize': [0], 'SubmitTimes': [1762278688.0], 'StartTimes': [], 'EndTimes': [], 'TotalUserCpuTimeHistory': [0.0], 'TotalSysCpuTimeHistory': [0.0], 'WallDurations': [0], 'JobIds': ['137314242.0'], 'State': 'idle', 'RecordedSite': False}, '360': {'Retries': 0, 'Restarts': 0, 'SiteHistory': ['Unknown'], 'ResidentSetSize': [0], 'SubmitTimes': [1762278688.0], 'StartTimes': [], 'EndTimes': [], 'TotalUserCpuTimeHistory': [0.0], 'TotalSysCpuTimeHistory': [0.0], 'WallDurations': [0], 'JobIds': ['137314243.0'], 'State': 'idle', 'RecordedSite': False}, '366': {'Retries': 0, 'Restarts': 0, 'SiteHistory': ['Unknown'], 'ResidentSetSize': [0], 'SubmitTimes': [1762278688.0], 'StartTimes': [], 'EndTimes': [], 'TotalUserCpuTimeHistory': [0.0], 'TotalSysCpuTimeHistory': [0.0], 'WallDurations': [0], 'JobIds': ['137314244.0'], 'State': 'idle', 'RecordedSite': False}, '363': {'Retries': 0, 'Restarts': 0, 'SiteHistory': ['Unknown'], 'ResidentSetSize': [0], 'SubmitTimes': [1762278688.0], 'StartTimes': [], 'EndTimes': [], 'TotalUserCpuTimeHistory': [0.0], 'TotalSysCpuTimeHistory': [0.0], 'WallDurations': [0], 'JobIds': ['137314245.0'], 'State': 'idle', 'RecordedSite': False}, '368': {'Retries': 0, 'Restarts': 0, 'SiteHistory': ['Unknown'], 'ResidentSetSize': [0], 'SubmitTimes': [1762278688.0], 'StartTimes': [], 'EndTimes': [], 'TotalUserCpuTimeHistory': [0.0], 'TotalSysCpuTimeHistory': [0.0], 'WallDurations': [0], 'JobIds': ['137314246.0'], 'State': 'idle', 'RecordedSite': False}, '376': {'Retries': 0, 'Restarts': 0, 'SiteHistory': ['Unknown'], 'ResidentSetSize': [0], 'SubmitTimes': [1762278688.0], 'StartTimes': [], 'EndTimes': [], 'TotalUserCpuTimeHistory': [0.0], 'TotalSysCpuTimeHistory': [0.0], 'WallDurations': [0], 'JobIds': ['137314247.0'], 'State': 'idle', 'RecordedSite': False}, '369': {'Retries': 0, 'Restarts': 0, 'SiteHistory': ['Unknown'], 'ResidentSetSize': [0], 'SubmitTimes': [1762278688.0], 'StartTimes': [], 'EndTimes': [], 'TotalUserCpuTimeHistory': [0.0], 'TotalSysCpuTimeHistory': [0.0], 'WallDurations': [0], 'JobIds': ['137314248.0'], 'State': 'idle', 'RecordedSite': False}, '373': {'Retries': 0, 'Restarts': 0, 'SiteHistory': ['Unknown'], 'ResidentSetSize': [0], 'SubmitTimes': [1762278688.0], 'StartTimes': [], 'EndTimes': [], 'TotalUserCpuTimeHistory': [0.0], 'TotalSysCpuTimeHistory': [0.0], 'WallDurations': [0], 'JobIds': ['137314249.0'], 'State': 'idle', 'RecordedSite': False}, '367': {'Retries': 0, 'Restarts': 0, 'SiteHistory': ['Unknown'], 'ResidentSetSize': [0], 'SubmitTimes': [1762278689.0], 'StartTimes': [], 'EndTimes': [], 'TotalUserCpuTimeHistory': [0.0], 'TotalSysCpuTimeHistory': [0.0], 'WallDurations': [0], 'JobIds': ['137314250.0'], 'State': 'idle', 'RecordedSite': False}, '370': {'Retries': 0, 'Restarts': 0, 'SiteHistory': ['Unknown'], 'ResidentSetSize': [0], 'SubmitTimes': [1762278689.0], 'StartTimes': [], 'EndTimes': [], 'TotalUserCpuTimeHistory': [0.0], 'TotalSysCpuTimeHistory': [0.0], 'WallDurations': [0], 'JobIds': ['137314251.0'], 'State': 'idle', 'RecordedSite': False}, '371': {'Retries': 0, 'Restarts': 0, 'SiteHistory': ['Unknown'], 'ResidentSetSize': [0], 'SubmitTimes': [1762278689.0], 'StartTimes': [], 'EndTimes': [], 'TotalUserCpuTimeHistory': [0.0], 'TotalSysCpuTimeHistory': [0.0], 'WallDurations': [0], 'JobIds': ['137314252.0'], 'State': 'idle', 'RecordedSite': False}, '372': {'Retries': 0, 'Restarts': 0, 'SiteHistory': ['Unknown'], 'ResidentSetSize': [0], 'SubmitTimes': [1762278689.0], 'StartTimes': [], 'EndTimes': [], 'TotalUserCpuTimeHistory': [0.0], 'TotalSysCpuTimeHistory': [0.0], 'WallDurations': [0], 'JobIds': ['137314253.0'], 'State': 'idle', 'RecordedSite': False}, '374': {'Retries': 0, 'Restarts': 0, 'SiteHistory': ['Unknown'], 'ResidentSetSize': [0], 'SubmitTimes': [1762278689.0], 'StartTimes': [], 'EndTimes': [], 'TotalUserCpuTimeHistory': [0.0], 'TotalSysCpuTimeHistory': [0.0], 'WallDurations': [0], 'JobIds': ['137314254.0'], 'State': 'idle', 'RecordedSite': False}, '375': {'Retries': 0, 'Restarts': 0, 'SiteHistory': ['Unknown'], 'ResidentSetSize': [0], 'SubmitTimes': [1762278689.0], 'StartTimes': [], 'EndTimes': [], 'TotalUserCpuTimeHistory': [0.0], 'TotalSysCpuTimeHistory': [0.0], 'WallDurations': [0], 'JobIds': ['137314255.0'], 'State': 'idle', 'RecordedSite': False}, '377': {'Retries': 0, 'Restarts': 0, 'SiteHistory': ['Unknown'], 'ResidentSetSize': [0], 'SubmitTimes': [1762278689.0], 'StartTimes': [], 'EndTimes': [], 'TotalUserCpuTimeHistory': [0.0], 'TotalSysCpuTimeHistory': [0.0], 'WallDurations': [0], 'JobIds': ['137314256.0'], 'State': 'idle', 'RecordedSite': False}, '378': {'Retries': 0, 'Restarts': 0, 'SiteHistory': ['Unknown'], 'ResidentSetSize': [0], 'SubmitTimes': [1762278689.0], 'StartTimes': [], 'EndTimes': [], 'TotalUserCpuTimeHistory': [0.0], 'TotalSysCpuTimeHistory': [0.0], 'WallDurations': [0], 'JobIds': ['137314257.0'], 'State': 'idle', 'RecordedSite': False}, '379': {'Retries': 0, 'Restarts': 0, 'SiteHistory': ['Unknown'], 'ResidentSetSize': [0], 'SubmitTimes': [1762278689.0], 'StartTimes': [], 'EndTimes': [], 'TotalUserCpuTimeHistory': [0.0], 'TotalSysCpuTimeHistory': [0.0], 'WallDurations': [0], 'JobIds': ['137314258.0'], 'State': 'idle', 'RecordedSite': False}, '380': {'Retries': 0, 'Restarts': 0, 'SiteHistory': ['Unknown'], 'ResidentSetSize': [0], 'SubmitTimes': [1762278689.0], 'StartTimes': [], 'EndTimes': [], 'TotalUserCpuTimeHistory': [0.0], 'TotalSysCpuTimeHistory': [0.0], 'WallDurations': [0], 'JobIds': ['137314259.0'], 'State': 'idle', 'RecordedSite': False}, '381': {'Retries': 0, 'Restarts': 0, 'SiteHistory': ['Unknown'], 'ResidentSetSize': [0], 'SubmitTimes': [1762278689.0], 'StartTimes': [], 'EndTimes': [], 'TotalUserCpuTimeHistory': [0.0], 'TotalSysCpuTimeHistory': [0.0], 'WallDurations': [0], 'JobIds': ['137314260.0'], 'State': 'idle', 'RecordedSite': False}, '382': {'Retries': 0, 'Restarts': 0, 'SiteHistory': ['Unknown'], 'ResidentSetSize': [0], 'SubmitTimes': [1762278689.0], 'StartTimes': [], 'EndTimes': [], 'TotalUserCpuTimeHistory': [0.0], 'TotalSysCpuTimeHistory': [0.0], 'WallDurations': [0], 'JobIds': ['137314261.0'], 'State': 'idle', 'RecordedSite': False}, '383': {'Retries': 0, 'Restarts': 0, 'SiteHistory': ['Unknown'], 'ResidentSetSize': [0], 'SubmitTimes': [1762278689.0], 'StartTimes': [], 'EndTimes': [], 'TotalUserCpuTimeHistory': [0.0], 'TotalSysCpuTimeHistory': [0.0], 'WallDurations': [0], 'JobIds': ['137314262.0'], 'State': 'idle', 'RecordedSite': False}, '384': {'Retries': 0, 'Restarts': 0, 'SiteHistory': ['Unknown'], 'ResidentSetSize': [0], 'SubmitTimes': [1762278689.0], 'StartTimes': [], 'EndTimes': [], 'TotalUserCpuTimeHistory': [0.0], 'TotalSysCpuTimeHistory': [0.0], 'WallDurations': [0], 'JobIds': ['137314263.0'], 'State': 'idle', 'RecordedSite': False}, '385': {'Retries': 0, 'Restarts': 0, 'SiteHistory': ['Unknown'], 'ResidentSetSize': [0], 'SubmitTimes': [1762278689.0], 'StartTimes': [], 'EndTimes': [], 'TotalUserCpuTimeHistory': [0.0], 'TotalSysCpuTimeHistory': [0.0], 'WallDurations': [0], 'JobIds': ['137314264.0'], 'State': 'idle', 'RecordedSite': False}, '386': {'Retries': 0, 'Restarts': 0, 'SiteHistory': ['Unknown'], 'ResidentSetSize': [0], 'SubmitTimes': [1762278689.0], 'StartTimes': [], 'EndTimes': [], 'TotalUserCpuTimeHistory': [0.0], 'TotalSysCpuTimeHistory': [0.0], 'WallDurations': [0], 'JobIds': ['137314265.0'], 'State': 'idle', 'RecordedSite': False}, '387': {'Retries': 0, 'Restarts': 0, 'SiteHistory': ['Unknown'], 'ResidentSetSize': [0], 'SubmitTimes': [1762278689.0], 'StartTimes': [], 'EndTimes': [], 'TotalUserCpuTimeHistory': [0.0], 'TotalSysCpuTimeHistory': [0.0], 'WallDurations': [0], 'JobIds': ['137314266.0'], 'State': 'idle', 'RecordedSite': False}, '388': {'Retries': 0, 'Restarts': 0, 'SiteHistory': ['Unknown'], 'ResidentSetSize': [0], 'SubmitTimes': [1762278689.0], 'StartTimes': [], 'EndTimes': [], 'TotalUserCpuTimeHistory': [0.0], 'TotalSysCpuTimeHistory': [0.0], 'WallDurations': [0], 'JobIds': ['137314267.0'], 'State': 'idle', 'RecordedSite': False}, '389': {'Retries': 0, 'Restarts': 0, 'SiteHistory': ['Unknown'], 'ResidentSetSize': [0], 'SubmitTimes': [1762278689.0], 'StartTimes': [], 'EndTimes': [], 'TotalUserCpuTimeHistory': [0.0], 'TotalSysCpuTimeHistory': [0.0], 'WallDurations': [0], 'JobIds': ['137314268.0'], 'State': 'idle', 'RecordedSite': False}, '407': {'Retries': 0, 'Restarts': 0, 'SiteHistory': ['Unknown'], 'ResidentSetSize': [0], 'SubmitTimes': [1762278689.0], 'StartTimes': [], 'EndTimes': [], 'TotalUserCpuTimeHistory': [0.0], 'TotalSysCpuTimeHistory': [0.0], 'WallDurations': [0], 'JobIds': ['137314269.0'], 'State': 'idle', 'RecordedSite': False}, '401': {'Retries': 0, 'Restarts': 0, 'SiteHistory': ['Unknown'], 'ResidentSetSize': [0], 'SubmitTimes': [1762278689.0], 'StartTimes': [], 'EndTimes': [], 'TotalUserCpuTimeHistory': [0.0], 'TotalSysCpuTimeHistory': [0.0], 'WallDurations': [0], 'JobIds': ['137314270.0'], 'State': 'idle', 'RecordedSite': False}, '395': {'Retries': 0, 'Restarts': 0, 'SiteHistory': ['Unknown'], 'ResidentSetSize': [0], 'SubmitTimes': [1762278689.0], 'StartTimes': [], 'EndTimes': [], 'TotalUserCpuTimeHistory': [0.0], 'TotalSysCpuTimeHistory': [0.0], 'WallDurations': [0], 'JobIds': ['137314271.0'], 'State': 'idle', 'RecordedSite': False}, '399': {'Retries': 0, 'Restarts': 0, 'SiteHistory': ['Unknown'], 'ResidentSetSize': [0], 'SubmitTimes': [1762278689.0], 'StartTimes': [], 'EndTimes': [], 'TotalUserCpuTimeHistory': [0.0], 'TotalSysCpuTimeHistory': [0.0], 'WallDurations': [0], 'JobIds': ['137314272.0'], 'State': 'idle', 'RecordedSite': False}, '402': {'Retries': 0, 'Restarts': 0, 'SiteHistory': ['Unknown'], 'ResidentSetSize': [0], 'SubmitTimes': [1762278689.0], 'StartTimes': [], 'EndTimes': [], 'TotalUserCpuTimeHistory': [0.0], 'TotalSysCpuTimeHistory': [0.0], 'WallDurations': [0], 'JobIds': ['137314273.0'], 'State': 'idle', 'RecordedSite': False}, '403': {'Retries': 0, 'Restarts': 0, 'SiteHistory': ['Unknown'], 'ResidentSetSize': [0], 'SubmitTimes': [1762278689.0], 'StartTimes': [], 'EndTimes': [], 'TotalUserCpuTimeHistory': [0.0], 'TotalSysCpuTimeHistory': [0.0], 'WallDurations': [0], 'JobIds': ['137314274.0'], 'State': 'idle', 'RecordedSite': False}, '409': {'Retries': 0, 'Restarts': 0, 'SiteHistory': ['Unknown'], 'ResidentSetSize': [0], 'SubmitTimes': [1762278689.0], 'StartTimes': [], 'EndTimes': [], 'TotalUserCpuTimeHistory': [0.0], 'TotalSysCpuTimeHistory': [0.0], 'WallDurations': [0], 'JobIds': ['137314275.0'], 'State': 'idle', 'RecordedSite': False}, '410': {'Retries': 0, 'Restarts': 0, 'SiteHistory': ['Unknown'], 'ResidentSetSize': [0], 'SubmitTimes': [1762278689.0], 'StartTimes': [], 'EndTimes': [], 'TotalUserCpuTimeHistory': [0.0], 'TotalSysCpuTimeHistory': [0.0], 'WallDurations': [0], 'JobIds': ['137314276.0'], 'State': 'idle', 'RecordedSite': False}, '394': {'Retries': 0, 'Restarts': 0, 'SiteHistory': ['Unknown'], 'ResidentSetSize': [0], 'SubmitTimes': [1762278689.0], 'StartTimes': [], 'EndTimes': [], 'TotalUserCpuTimeHistory': [0.0], 'TotalSysCpuTimeHistory': [0.0], 'WallDurations': [0], 'JobIds': ['137314277.0'], 'State': 'idle', 'RecordedSite': False}, '398': {'Retries': 0, 'Restarts': 0, 'SiteHistory': ['Unknown'], 'ResidentSetSize': [0], 'SubmitTimes': [1762278689.0], 'StartTimes': [], 'EndTimes': [], 'TotalUserCpuTimeHistory': [0.0], 'TotalSysCpuTimeHistory': [0.0], 'WallDurations': [0], 'JobIds': ['137314278.0'], 'State': 'idle', 'RecordedSite': False}, '396': {'Retries': 0, 'Restarts': 0, 'SiteHistory': ['Unknown'], 'ResidentSetSize': [0], 'SubmitTimes': [1762278689.0], 'StartTimes': [], 'EndTimes': [], 'TotalUserCpuTimeHistory': [0.0], 'TotalSysCpuTimeHistory': [0.0], 'WallDurations': [0], 'JobIds': ['137314279.0'], 'State': 'idle', 'RecordedSite': False}, '391': {'Retries': 0, 'Restarts': 0, 'SiteHistory': ['Unknown'], 'ResidentSetSize': [0], 'SubmitTimes': [1762278689.0], 'StartTimes': [], 'EndTimes': [], 'TotalUserCpuTimeHistory': [0.0], 'TotalSysCpuTimeHistory': [0.0], 'WallDurations': [0], 'JobIds': ['137314280.0'], 'State': 'idle', 'RecordedSite': False}, '393': {'Retries': 0, 'Restarts': 0, 'SiteHistory': ['Unknown'], 'ResidentSetSize': [0], 'SubmitTimes': [1762278689.0], 'StartTimes': [], 'EndTimes': [], 'TotalUserCpuTimeHistory': [0.0], 'TotalSysCpuTimeHistory': [0.0], 'WallDurations': [0], 'JobIds': ['137314281.0'], 'State': 'idle', 'RecordedSite': False}, '397': {'Retries': 0, 'Restarts': 0, 'SiteHistory': ['Unknown'], 'ResidentSetSize': [0], 'SubmitTimes': [1762278689.0], 'StartTimes': [], 'EndTimes': [], 'TotalUserCpuTimeHistory': [0.0], 'TotalSysCpuTimeHistory': [0.0], 'WallDurations': [0], 'JobIds': ['137314282.0'], 'State': 'idle', 'RecordedSite': False}, '392': {'Retries': 0, 'Restarts': 0, 'SiteHistory': ['Unknown'], 'ResidentSetSize': [0], 'SubmitTimes': [1762278689.0], 'StartTimes': [], 'EndTimes': [], 'TotalUserCpuTimeHistory': [0.0], 'TotalSysCpuTimeHistory': [0.0], 'WallDurations': [0], 'JobIds': ['137314283.0'], 'State': 'idle', 'RecordedSite': False}, '405': {'Retries': 0, 'Restarts': 0, 'SiteHistory': ['Unknown'], 'ResidentSetSize': [0], 'SubmitTimes': [1762278689.0], 'StartTimes': [], 'EndTimes': [], 'TotalUserCpuTimeHistory': [0.0], 'TotalSysCpuTimeHistory': [0.0], 'WallDurations': [0], 'JobIds': ['137314284.0'], 'State': 'idle', 'RecordedSite': False}, '400': {'Retries': 0, 'Restarts': 0, 'SiteHistory': ['Unknown'], 'ResidentSetSize': [0], 'SubmitTimes': [1762278689.0], 'StartTimes': [], 'EndTimes': [], 'TotalUserCpuTimeHistory': [0.0], 'TotalSysCpuTimeHistory': [0.0], 'WallDurations': [0], 'JobIds': ['137314285.0'], 'State': 'idle', 'RecordedSite': False}, '404': {'Retries': 0, 'Restarts': 0, 'SiteHistory': ['Unknown'], 'ResidentSetSize': [0], 'SubmitTimes': [1762278690.0], 'StartTimes': [], 'EndTimes': [], 'TotalUserCpuTimeHistory': [0.0], 'TotalSysCpuTimeHistory': [0.0], 'WallDurations': [0], 'JobIds': ['137314286.0'], 'State': 'idle', 'RecordedSite': False}, '406': {'Retries': 0, 'Restarts': 0, 'SiteHistory': ['Unknown'], 'ResidentSetSize': [0], 'SubmitTimes': [1762278690.0], 'StartTimes': [], 'EndTimes': [], 'TotalUserCpuTimeHistory': [0.0], 'TotalSysCpuTimeHistory': [0.0], 'WallDurations': [0], 'JobIds': ['137314287.0'], 'State': 'idle', 'RecordedSite': False}, '408': {'Retries': 0, 'Restarts': 0, 'SiteHistory': ['Unknown'], 'ResidentSetSize': [0], 'SubmitTimes': [1762278690.0], 'StartTimes': [], 'EndTimes': [], 'TotalUserCpuTimeHistory': [0.0], 'TotalSysCpuTimeHistory': [0.0], 'WallDurations': [0], 'JobIds': ['137314288.0'], 'State': 'idle', 'RecordedSite': False}, '412': {'Retries': 0, 'Restarts': 0, 'SiteHistory': ['Unknown'], 'ResidentSetSize': [0], 'SubmitTimes': [1762278690.0], 'StartTimes': [], 'EndTimes': [], 'TotalUserCpuTimeHistory': [0.0], 'TotalSysCpuTimeHistory': [0.0], 'WallDurations': [0], 'JobIds': ['137314289.0'], 'State': 'idle', 'RecordedSite': False}, '411': {'Retries': 0, 'Restarts': 0, 'SiteHistory': ['Unknown'], 'ResidentSetSize': [0], 'SubmitTimes': [1762278690.0], 'StartTimes': [], 'EndTimes': [], 'TotalUserCpuTimeHistory': [0.0], 'TotalSysCpuTimeHistory': [0.0], 'WallDurations': [0], 'JobIds': ['137314290.0'], 'State': 'idle', 'RecordedSite': False}, '413': {'Retries': 0, 'Restarts': 0, 'SiteHistory': ['Unknown'], 'ResidentSetSize': [0], 'SubmitTimes': [1762278690.0], 'StartTimes': [], 'EndTimes': [], 'TotalUserCpuTimeHistory': [0.0], 'TotalSysCpuTimeHistory': [0.0], 'WallDurations': [0], 'JobIds': ['137314291.0'], 'State': 'idle', 'RecordedSite': False}, '422': {'Retries': 0, 'Restarts': 0, 'SiteHistory': ['Unknown'], 'ResidentSetSize': [0], 'SubmitTimes': [1762278690.0], 'StartTimes': [], 'EndTimes': [], 'TotalUserCpuTimeHistory': [0.0], 'TotalSysCpuTimeHistory': [0.0], 'WallDurations': [0], 'JobIds': ['137314292.0'], 'State': 'idle', 'RecordedSite': False}, '420': {'Retries': 0, 'Restarts': 0, 'SiteHistory': ['Unknown'], 'ResidentSetSize': [0], 'SubmitTimes': [1762278690.0], 'StartTimes': [], 'EndTimes': [], 'TotalUserCpuTimeHistory': [0.0], 'TotalSysCpuTimeHistory': [0.0], 'WallDurations': [0], 'JobIds': ['137314293.0'], 'State': 'idle', 'RecordedSite': False}, '419': {'Retries': 0, 'Restarts': 0, 'SiteHistory': ['Unknown'], 'ResidentSetSize': [0], 'SubmitTimes': [1762278690.0], 'StartTimes': [], 'EndTimes': [], 'TotalUserCpuTimeHistory': [0.0], 'TotalSysCpuTimeHistory': [0.0], 'WallDurations': [0], 'JobIds': ['137314294.0'], 'State': 'idle', 'RecordedSite': False}, '416': {'Retries': 0, 'Restarts': 0, 'SiteHistory': ['Unknown'], 'ResidentSetSize': [0], 'SubmitTimes': [1762278690.0], 'StartTimes': [], 'EndTimes': [], 'TotalUserCpuTimeHistory': [0.0], 'TotalSysCpuTimeHistory': [0.0], 'WallDurations': [0], 'JobIds': ['137314295.0'], 'State': 'idle', 'RecordedSite': False}, '415': {'Retries': 0, 'Restarts': 0, 'SiteHistory': ['Unknown'], 'ResidentSetSize': [0], 'SubmitTimes': [1762278695.0], 'StartTimes': [], 'EndTimes': [], 'TotalUserCpuTimeHistory': [0.0], 'TotalSysCpuTimeHistory': [0.0], 'WallDurations': [0], 'JobIds': ['137314296.0'], 'State': 'idle', 'RecordedSite': False}, '421': {'Retries': 0, 'Restarts': 0, 'SiteHistory': ['Unknown'], 'ResidentSetSize': [0], 'SubmitTimes': [1762278695.0], 'StartTimes': [], 'EndTimes': [], 'TotalUserCpuTimeHistory': [0.0], 'TotalSysCpuTimeHistory': [0.0], 'WallDurations': [0], 'JobIds': ['137314297.0'], 'State': 'idle', 'RecordedSite': False}, '414': {'Retries': 0, 'Restarts': 0, 'SiteHistory': ['Unknown'], 'ResidentSetSize': [0], 'SubmitTimes': [1762278695.0], 'StartTimes': [], 'EndTimes': [], 'TotalUserCpuTimeHistory': [0.0], 'TotalSysCpuTimeHistory': [0.0], 'WallDurations': [0], 'JobIds': ['137314298.0'], 'State': 'idle', 'RecordedSite': False}, '426': {'Retries': 0, 'Restarts': 0, 'SiteHistory': ['Unknown'], 'ResidentSetSize': [0], 'SubmitTimes': [1762278695.0], 'StartTimes': [], 'EndTimes': [], 'TotalUserCpuTimeHistory': [0.0], 'TotalSysCpuTimeHistory': [0.0], 'WallDurations': [0], 'JobIds': ['137314299.0'], 'State': 'idle', 'RecordedSite': False}, '423': {'Retries': 0, 'Restarts': 0, 'SiteHistory': ['Unknown'], 'ResidentSetSize': [0], 'SubmitTimes': [1762278695.0], 'StartTimes': [], 'EndTimes': [], 'TotalUserCpuTimeHistory': [0.0], 'TotalSysCpuTimeHistory': [0.0], 'WallDurations': [0], 'JobIds': ['137314300.0'], 'State': 'idle', 'RecordedSite': False}, '417': {'Retries': 0, 'Restarts': 0, 'SiteHistory': ['Unknown'], 'ResidentSetSize': [0], 'SubmitTimes': [1762278695.0], 'StartTimes': [], 'EndTimes': [], 'TotalUserCpuTimeHistory': [0.0], 'TotalSysCpuTimeHistory': [0.0], 'WallDurations': [0], 'JobIds': ['137314301.0'], 'State': 'idle', 'RecordedSite': False}, '418': {'Retries': 0, 'Restarts': 0, 'SiteHistory': ['Unknown'], 'ResidentSetSize': [0], 'SubmitTimes': [1762278695.0], 'StartTimes': [], 'EndTimes': [], 'TotalUserCpuTimeHistory': [0.0], 'TotalSysCpuTimeHistory': [0.0], 'WallDurations': [0], 'JobIds': ['137314302.0'], 'State': 'idle', 'RecordedSite': False}, '424': {'Retries': 0, 'Restarts': 0, 'SiteHistory': ['Unknown'], 'ResidentSetSize': [0], 'SubmitTimes': [1762278695.0], 'StartTimes': [], 'EndTimes': [], 'TotalUserCpuTimeHistory': [0.0], 'TotalSysCpuTimeHistory': [0.0], 'WallDurations': [0], 'JobIds': ['137314303.0'], 'State': 'idle', 'RecordedSite': False}, '425': {'Retries': 0, 'Restarts': 0, 'SiteHistory': ['Unknown'], 'ResidentSetSize': [0], 'SubmitTimes': [1762278695.0], 'StartTimes': [], 'EndTimes': [], 'TotalUserCpuTimeHistory': [0.0], 'TotalSysCpuTimeHistory': [0.0], 'WallDurations': [0], 'JobIds': ['137314304.0'], 'State': 'idle', 'RecordedSite': False}, '427': {'Retries': 0, 'Restarts': 0, 'SiteHistory': ['Unknown'], 'ResidentSetSize': [0], 'SubmitTimes': [1762278695.0], 'StartTimes': [], 'EndTimes': [], 'TotalUserCpuTimeHistory': [0.0], 'TotalSysCpuTimeHistory': [0.0], 'WallDurations': [0], 'JobIds': ['137314305.0'], 'State': 'idle', 'RecordedSite': False}, '428': {'Retries': 0, 'Restarts': 0, 'SiteHistory': ['Unknown'], 'ResidentSetSize': [0], 'SubmitTimes': [1762278695.0], 'StartTimes': [], 'EndTimes': [], 'TotalUserCpuTimeHistory': [0.0], 'TotalSysCpuTimeHistory': [0.0], 'WallDurations': [0], 'JobIds': ['137314306.0'], 'State': 'idle', 'RecordedSite': False}, '430': {'Retries': 0, 'Restarts': 0, 'SiteHistory': ['Unknown'], 'ResidentSetSize': [0], 'SubmitTimes': [1762278695.0], 'StartTimes': [], 'EndTimes': [], 'TotalUserCpuTimeHistory': [0.0], 'TotalSysCpuTimeHistory': [0.0], 'WallDurations': [0], 'JobIds': ['137314307.0'], 'State': 'idle', 'RecordedSite': False}, '429': {'Retries': 0, 'Restarts': 0, 'SiteHistory': ['Unknown'], 'ResidentSetSize': [0], 'SubmitTimes': [1762278695.0], 'StartTimes': [], 'EndTimes': [], 'TotalUserCpuTimeHistory': [0.0], 'TotalSysCpuTimeHistory': [0.0], 'WallDurations': [0], 'JobIds': ['137314308.0'], 'State': 'idle', 'RecordedSite': False}, '441': {'Retries': 0, 'Restarts': 0, 'SiteHistory': ['Unknown'], 'ResidentSetSize': [0], 'SubmitTimes': [1762278695.0], 'StartTimes': [], 'EndTimes': [], 'TotalUserCpuTimeHistory': [0.0], 'TotalSysCpuTimeHistory': [0.0], 'WallDurations': [0], 'JobIds': ['137314309.0'], 'State': 'idle', 'RecordedSite': False}, '433': {'Retries': 0, 'Restarts': 0, 'SiteHistory': ['Unknown'], 'ResidentSetSize': [0], 'SubmitTimes': [1762278695.0], 'StartTimes': [], 'EndTimes': [], 'TotalUserCpuTimeHistory': [0.0], 'TotalSysCpuTimeHistory': [0.0], 'WallDurations': [0], 'JobIds': ['137314310.0'], 'State': 'idle', 'RecordedSite': False}, '437': {'Retries': 0, 'Restarts': 0, 'SiteHistory': ['Unknown'], 'ResidentSetSize': [0], 'SubmitTimes': [1762278695.0], 'StartTimes': [], 'EndTimes': [], 'TotalUserCpuTimeHistory': [0.0], 'TotalSysCpuTimeHistory': [0.0], 'WallDurations': [0], 'JobIds': ['137314311.0'], 'State': 'idle', 'RecordedSite': False}, '436': {'Retries': 0, 'Restarts': 0, 'SiteHistory': ['Unknown'], 'ResidentSetSize': [0], 'SubmitTimes': [1762278695.0], 'StartTimes': [], 'EndTimes': [], 'TotalUserCpuTimeHistory': [0.0], 'TotalSysCpuTimeHistory': [0.0], 'WallDurations': [0], 'JobIds': ['137314312.0'], 'State': 'idle', 'RecordedSite': False}, '435': {'Retries': 0, 'Restarts': 0, 'SiteHistory': ['Unknown'], 'ResidentSetSize': [0], 'SubmitTimes': [1762278695.0], 'StartTimes': [], 'EndTimes': [], 'TotalUserCpuTimeHistory': [0.0], 'TotalSysCpuTimeHistory': [0.0], 'WallDurations': [0], 'JobIds': ['137314313.0'], 'State': 'idle', 'RecordedSite': False}, '432': {'Retries': 0, 'Restarts': 0, 'SiteHistory': ['Unknown'], 'ResidentSetSize': [0], 'SubmitTimes': [1762278695.0], 'StartTimes': [], 'EndTimes': [], 'TotalUserCpuTimeHistory': [0.0], 'TotalSysCpuTimeHistory': [0.0], 'WallDurations': [0], 'JobIds': ['137314314.0'], 'State': 'idle', 'RecordedSite': False}, '445': {'Retries': 0, 'Restarts': 0, 'SiteHistory': ['Unknown'], 'ResidentSetSize': [0], 'SubmitTimes': [1762278695.0], 'StartTimes': [], 'EndTimes': [], 'TotalUserCpuTimeHistory': [0.0], 'TotalSysCpuTimeHistory': [0.0], 'WallDurations': [0], 'JobIds': ['137314315.0'], 'State': 'idle', 'RecordedSite': False}, '431': {'Retries': 0, 'Restarts': 0, 'SiteHistory': ['Unknown'], 'ResidentSetSize': [0], 'SubmitTimes': [1762278695.0], 'StartTimes': [], 'EndTimes': [], 'TotalUserCpuTimeHistory': [0.0], 'TotalSysCpuTimeHistory': [0.0], 'WallDurations': [0], 'JobIds': ['137314316.0'], 'State': 'idle', 'RecordedSite': False}, '448': {'Retries': 0, 'Restarts': 0, 'SiteHistory': ['Unknown'], 'ResidentSetSize': [0], 'SubmitTimes': [1762278695.0], 'StartTimes': [], 'EndTimes': [], 'TotalUserCpuTimeHistory': [0.0], 'TotalSysCpuTimeHistory': [0.0], 'WallDurations': [0], 'JobIds': ['137314317.0'], 'State': 'idle', 'RecordedSite': False}, '438': {'Retries': 0, 'Restarts': 0, 'SiteHistory': ['Unknown'], 'ResidentSetSize': [0], 'SubmitTimes': [1762278695.0], 'StartTimes': [], 'EndTimes': [], 'TotalUserCpuTimeHistory': [0.0], 'TotalSysCpuTimeHistory': [0.0], 'WallDurations': [0], 'JobIds': ['137314318.0'], 'State': 'idle', 'RecordedSite': False}, '446': {'Retries': 0, 'Restarts': 0, 'SiteHistory': ['Unknown'], 'ResidentSetSize': [0], 'SubmitTimes': [1762278695.0], 'StartTimes': [], 'EndTimes': [], 'TotalUserCpuTimeHistory': [0.0], 'TotalSysCpuTimeHistory': [0.0], 'WallDurations': [0], 'JobIds': ['137314319.0'], 'State': 'idle', 'RecordedSite': False}, '444': {'Retries': 0, 'Restarts': 0, 'SiteHistory': ['Unknown'], 'ResidentSetSize': [0], 'SubmitTimes': [1762278695.0], 'StartTimes': [], 'EndTimes': [], 'TotalUserCpuTimeHistory': [0.0], 'TotalSysCpuTimeHistory': [0.0], 'WallDurations': [0], 'JobIds': ['137314320.0'], 'State': 'idle', 'RecordedSite': False}, '447': {'Retries': 0, 'Restarts': 0, 'SiteHistory': ['Unknown'], 'ResidentSetSize': [0], 'SubmitTimes': [1762278695.0], 'StartTimes': [], 'EndTimes': [], 'TotalUserCpuTimeHistory': [0.0], 'TotalSysCpuTimeHistory': [0.0], 'WallDurations': [0], 'JobIds': ['137314321.0'], 'State': 'idle', 'RecordedSite': False}, '434': {'Retries': 0, 'Restarts': 0, 'SiteHistory': ['Unknown'], 'ResidentSetSize': [0], 'SubmitTimes': [1762278695.0], 'StartTimes': [], 'EndTimes': [], 'TotalUserCpuTimeHistory': [0.0], 'TotalSysCpuTimeHistory': [0.0], 'WallDurations': [0], 'JobIds': ['137314322.0'], 'State': 'idle', 'RecordedSite': False}, '443': {'Retries': 0, 'Restarts': 0, 'SiteHistory': ['Unknown'], 'ResidentSetSize': [0], 'SubmitTimes': [1762278695.0], 'StartTimes': [], 'EndTimes': [], 'TotalUserCpuTimeHistory': [0.0], 'TotalSysCpuTimeHistory': [0.0], 'WallDurations': [0], 'JobIds': ['137314323.0'], 'State': 'idle', 'RecordedSite': False}, '450': {'Retries': 0, 'Restarts': 0, 'SiteHistory': ['Unknown'], 'ResidentSetSize': [0], 'SubmitTimes': [1762278695.0], 'StartTimes': [], 'EndTimes': [], 'TotalUserCpuTimeHistory': [0.0], 'TotalSysCpuTimeHistory': [0.0], 'WallDurations': [0], 'JobIds': ['137314324.0'], 'State': 'idle', 'RecordedSite': False}, '439': {'Retries': 0, 'Restarts': 0, 'SiteHistory': ['Unknown'], 'ResidentSetSize': [0], 'SubmitTimes': [1762278695.0], 'StartTimes': [], 'EndTimes': [], 'TotalUserCpuTimeHistory': [0.0], 'TotalSysCpuTimeHistory': [0.0], 'WallDurations': [0], 'JobIds': ['137314325.0'], 'State': 'idle', 'RecordedSite': False}, '440': {'Retries': 0, 'Restarts': 0, 'SiteHistory': ['Unknown'], 'ResidentSetSize': [0], 'SubmitTimes': [1762278695.0], 'StartTimes': [], 'EndTimes': [], 'TotalUserCpuTimeHistory': [0.0], 'TotalSysCpuTimeHistory': [0.0], 'WallDurations': [0], 'JobIds': ['137314326.0'], 'State': 'idle', 'RecordedSite': False}, '449': {'Retries': 0, 'Restarts': 0, 'SiteHistory': ['Unknown'], 'ResidentSetSize': [0], 'SubmitTimes': [1762278695.0], 'StartTimes': [], 'EndTimes': [], 'TotalUserCpuTimeHistory': [0.0], 'TotalSysCpuTimeHistory': [0.0], 'WallDurations': [0], 'JobIds': ['137314327.0'], 'State': 'idle', 'RecordedSite': False}, '442': {'Retries': 0, 'Restarts': 0, 'SiteHistory': ['Unknown'], 'ResidentSetSize': [0], 'SubmitTimes': [1762278695.0], 'StartTimes': [], 'EndTimes': [], 'TotalUserCpuTimeHistory': [0.0], 'TotalSysCpuTimeHistory': [0.0], 'WallDurations': [0], 'JobIds': ['137314328.0'], 'State': 'idle', 'RecordedSite': False}, '454': {'Retries': 0, 'Restarts': 0, 'SiteHistory': ['Unknown'], 'ResidentSetSize': [0], 'SubmitTimes': [1762278695.0], 'StartTimes': [], 'EndTimes': [], 'TotalUserCpuTimeHistory': [0.0], 'TotalSysCpuTimeHistory': [0.0], 'WallDurations': [0], 'JobIds': ['137314329.0'], 'State': 'idle', 'RecordedSite': False}, '453': {'Retries': 0, 'Restarts': 0, 'SiteHistory': ['Unknown'], 'ResidentSetSize': [0], 'SubmitTimes': [1762278695.0], 'StartTimes': [], 'EndTimes': [], 'TotalUserCpuTimeHistory': [0.0], 'TotalSysCpuTimeHistory': [0.0], 'WallDurations': [0], 'JobIds': ['137314330.0'], 'State': 'idle', 'RecordedSite': False}, '459': {'Retries': 0, 'Restarts': 0, 'SiteHistory': ['Unknown'], 'ResidentSetSize': [0], 'SubmitTimes': [1762278695.0], 'StartTimes': [], 'EndTimes': [], 'TotalUserCpuTimeHistory': [0.0], 'TotalSysCpuTimeHistory': [0.0], 'WallDurations': [0], 'JobIds': ['137314331.0'], 'State': 'idle', 'RecordedSite': False}, '455': {'Retries': 0, 'Restarts': 0, 'SiteHistory': ['Unknown'], 'ResidentSetSize': [0], 'SubmitTimes': [1762278695.0], 'StartTimes': [], 'EndTimes': [], 'TotalUserCpuTimeHistory': [0.0], 'TotalSysCpuTimeHistory': [0.0], 'WallDurations': [0], 'JobIds': ['137314332.0'], 'State': 'idle', 'RecordedSite': False}, '460': {'Retries': 0, 'Restarts': 0, 'SiteHistory': ['Unknown'], 'ResidentSetSize': [0], 'SubmitTimes': [1762278695.0], 'StartTimes': [], 'EndTimes': [], 'TotalUserCpuTimeHistory': [0.0], 'TotalSysCpuTimeHistory': [0.0], 'WallDurations': [0], 'JobIds': ['137314333.0'], 'State': 'idle', 'RecordedSite': False}, '457': {'Retries': 0, 'Restarts': 0, 'SiteHistory': ['Unknown'], 'ResidentSetSize': [0], 'SubmitTimes': [1762278695.0], 'StartTimes': [], 'EndTimes': [], 'TotalUserCpuTimeHistory': [0.0], 'TotalSysCpuTimeHistory': [0.0], 'WallDurations': [0], 'JobIds': ['137314334.0'], 'State': 'idle', 'RecordedSite': False}, '456': {'Retries': 0, 'Restarts': 0, 'SiteHistory': ['Unknown'], 'ResidentSetSize': [0], 'SubmitTimes': [1762278695.0], 'StartTimes': [], 'EndTimes': [], 'TotalUserCpuTimeHistory': [0.0], 'TotalSysCpuTimeHistory': [0.0], 'WallDurations': [0], 'JobIds': ['137314335.0'], 'State': 'idle', 'RecordedSite': False}, '461': {'Retries': 0, 'Restarts': 0, 'SiteHistory': ['Unknown'], 'ResidentSetSize': [0], 'SubmitTimes': [1762278695.0], 'StartTimes': [], 'EndTimes': [], 'TotalUserCpuTimeHistory': [0.0], 'TotalSysCpuTimeHistory': [0.0], 'WallDurations': [0], 'JobIds': ['137314336.0'], 'State': 'idle', 'RecordedSite': False}, '164': {'Retries': 0, 'Restarts': 0, 'SiteHistory': ['Unknown'], 'ResidentSetSize': [0], 'SubmitTimes': [1762278695.0], 'StartTimes': [], 'EndTimes': [], 'TotalUserCpuTimeHistory': [0.0], 'TotalSysCpuTimeHistory': [0.0], 'WallDurations': [0], 'JobIds': ['137314337.0'], 'State': 'idle', 'RecordedSite': False}, '458': {'Retries': 0, 'Restarts': 0, 'SiteHistory': ['Unknown'], 'ResidentSetSize': [0], 'SubmitTimes': [1762278695.0], 'StartTimes': [], 'EndTimes': [], 'TotalUserCpuTimeHistory': [0.0], 'TotalSysCpuTimeHistory': [0.0], 'WallDurations': [0], 'JobIds': ['137314338.0'], 'State': 'idle', 'RecordedSite': False}, '451': {'Retries': 0, 'Restarts': 0, 'SiteHistory': ['Unknown'], 'ResidentSetSize': [0], 'SubmitTimes': [1762278695.0], 'StartTimes': [], 'EndTimes': [], 'TotalUserCpuTimeHistory': [0.0], 'TotalSysCpuTimeHistory': [0.0], 'WallDurations': [0], 'JobIds': ['137314339.0'], 'State': 'idle', 'RecordedSite': False}, '452': {'Retries': 0, 'Restarts': 0, 'SiteHistory': ['Unknown'], 'ResidentSetSize': [0], 'SubmitTimes': [1762278695.0], 'StartTimes': [], 'EndTimes': [], 'TotalUserCpuTimeHistory': [0.0], 'TotalSysCpuTimeHistory': [0.0], 'WallDurations': [0], 'JobIds': ['137314340.0'], 'State': 'idle', 'RecordedSite': False}, '34': {'Retries': 0, 'Restarts': 0, 'SiteHistory': ['Unknown'], 'ResidentSetSize': [0], 'SubmitTimes': [1762278695.0], 'StartTimes': [], 'EndTimes': [], 'TotalUserCpuTimeHistory': [0.0], 'TotalSysCpuTimeHistory': [0.0], 'WallDurations': [0], 'JobIds': ['137314341.0'], 'State': 'idle', 'RecordedSite': False}, '291': {'Retries': 0, 'Restarts': 0, 'SiteHistory': ['Unknown'], 'ResidentSetSize': [0], 'SubmitTimes': [1762278696.0], 'StartTimes': [], 'EndTimes': [], 'TotalUserCpuTimeHistory': [0.0], 'TotalSysCpuTimeHistory': [0.0], 'WallDurations': [0], 'JobIds': ['137314342.0'], 'State': 'idle', 'RecordedSite': False}, '390': {'Retries': 0, 'Restarts': 0, 'SiteHistory': ['Unknown'], 'ResidentSetSize': [0], 'SubmitTimes': [1762278696.0], 'StartTimes': [], 'EndTimes': [], 'TotalUserCpuTimeHistory': [0.0], 'TotalSysCpuTimeHistory': [0.0], 'WallDurations': [0], 'JobIds': ['137314343.0'], 'State': 'idle', 'RecordedSite': False}}
INFO 2025-11-04 18:06:05.237 UTC: 	 Status on the scheduler:	SUBMITTED
INFO 2025-11-04 18:06:05.238 UTC: 	 
Jobs status:                    idle         		100.0% (461/461)
INFO 2025-11-04 18:06:05.238 UTC: 	 
No publication information (publication has been disabled in the CRAB configuration file)
INFO 2025-11-04 18:06:05.267 UTC: 	 Log file is /afs/cern.ch/user/a/amalhotr/CMSSW_14_0_18_patch1/src/Run3ScoutingAnalysisTools/crab_ScoutingData_Redone_v5/crab.log
DEBUG 2025-11-04 18:13:26.298 UTC: 	 CRAB Client version: v3.251020
DEBUG 2025-11-04 18:13:26.298 UTC: 	 Running on: Linux lxplus969.cern.ch 5.14.0-570.49.1.el9_6.x86_64 #1 SMP PREEMPT_DYNAMIC Tue Sep 23 01:11:18 EDT 2025 x86_64 x86_64 x86_64 GNU/Linux
DEBUG 2025-11-04 18:13:26.298 UTC: 	 Not using Singularity
DEBUG 2025-11-04 18:13:26.298 UTC: 	 Operating System: Red Hat Enterprise Linux 9.6 (Plow)
DEBUG 2025-11-04 18:13:26.298 UTC: 	 Executing command: 'status'
DEBUG 2025-11-04 18:13:26.298 UTC: 	 Found CRAB cache file /afs/cern.ch/user/a/amalhotr/.crab3
DEBUG 2025-11-04 18:13:26.520 UTC: 	 Checking credentials
DEBUG 2025-11-04 18:13:26.520 UTC: 	 Found proxy file /tmp/x509up_u180451
DEBUG 2025-11-04 18:13:26.520 UTC: 	 Making sure it has proper VOMS extension
DEBUG 2025-11-04 18:13:26.520 UTC: 	 Executing command :
 voms-proxy-info --vo --file /tmp/x509up_u180451
DEBUG 2025-11-04 18:13:26.557 UTC: 	 output : cms

 error: 
 retcode : 0
DEBUG 2025-11-04 18:13:26.557 UTC: 	 Getting proxy life time left
DEBUG 2025-11-04 18:13:26.557 UTC: 	 Executing command :
 voms-proxy-info --actimeleft --timeleft --file /tmp/x509up_u180451
DEBUG 2025-11-04 18:13:26.582 UTC: 	 output : 689655
689655

 error: 
 retcode : 0
DEBUG 2025-11-04 18:13:26.583 UTC: 	 Proxy valid for 191:34:15 hours
DEBUG 2025-11-04 18:13:26.583 UTC: 	 Encoded data for curl request: subresource=delegatedn
DEBUG 2025-11-04 18:13:26.630 UTC: 	 Registering user credentials on myproxy for /DC=ch/DC=cern/OU=Organic Units/OU=Users/CN=cmscrab/CN=(817881|373708)/CN=Robot: cms crab|/DC=ch/DC=cern/OU=Organic Units/OU=Users/CN=crabint1/CN=373708/CN=Robot: CMS CRAB Integration 1
DEBUG 2025-11-04 18:13:26.631 UTC: 	 Executing command :
 voms-proxy-info --identity --file /tmp/x509up_u180451
DEBUG 2025-11-04 18:13:26.676 UTC: 	 output : /DC=ch/DC=cern/OU=Organic Units/OU=Users/CN=amalhotr/CN=884837/CN=Aryan Malhotra

 error: 
 retcode : 0
DEBUG 2025-11-04 18:13:26.676 UTC: 	 Getting myproxy life time left for 2382a3cf28fdeacb1de9b039908761ea517a5ed6
DEBUG 2025-11-04 18:13:26.676 UTC: 	 Executing command :
 myproxy-info -s myproxy.cern.ch -l 2382a3cf28fdeacb1de9b039908761ea517a5ed6
DEBUG 2025-11-04 18:13:26.938 UTC: 	 output : username: 2382a3cf28fdeacb1de9b039908761ea517a5ed6
owner: /DC=ch/DC=cern/OU=Organic Units/OU=Users/CN=amalhotr/CN=884837/CN=Aryan Malhotra
  renewal policy: /DC=ch/DC=cern/OU=Organic Units/OU=Users/CN=cmscrab/CN=(817881|373708)/CN=Robot: cms crab|/DC=ch/DC=cern/OU=Organic Units/OU=Users/CN=crabint1/CN=373708/CN=Robot: CMS CRAB Integration 1
  trusted retrieval policy: /DC=ch/DC=cern/OU=Organic Units/OU=Users/CN=cmscrab/CN=(817881|373708)/CN=Robot: cms crab|/DC=ch/DC=cern/OU=Organic Units/OU=Users/CN=crabint1/CN=373708/CN=Robot: CMS CRAB Integration 1
  timeleft: 580:35:49  (24.2 days)

 error: 
 retcode : 0
DEBUG 2025-11-04 18:13:26.938 UTC: 	 Myproxy is valid: 2090100
DEBUG 2025-11-04 18:13:26.938 UTC: 	 Result of myproxy credential check:
  Credential exists on myproxy: username: 2382a3cf28fdeacb1de9b039908761ea517a5ed6  - validity: 24 days, 4:35:00
DEBUG 2025-11-04 18:13:26.938 UTC: 	 Retrieving username ...
DEBUG 2025-11-04 18:13:26.938 UTC: 	 Retrieving username from CRIC...
DEBUG 2025-11-04 18:13:27.786 UTC: 	 username is amalhotr
INFO 2025-11-04 18:13:28.776 UTC: 	 Rucio client intialized for account amalhotr
DEBUG 2025-11-04 18:13:28.777 UTC: 	 Command use: status
DEBUG 2025-11-04 18:13:28.777 UTC: 	 Options use: ['-d', './crab_ScoutingData_Redone_v5/']
DEBUG 2025-11-04 18:13:28.777 UTC: 	 Encoded data for curl request: subresource=version
DEBUG 2025-11-04 18:13:28.825 UTC: 	 CRABClient version: v3.251020
DEBUG 2025-11-04 18:13:28.825 UTC: 	 Instance is prod
DEBUG 2025-11-04 18:13:28.825 UTC: 	 Server base url is cmsweb.cern.ch
DEBUG 2025-11-04 18:13:28.826 UTC: 	 Command api workflow
DEBUG 2025-11-04 18:13:28.826 UTC: 	 Encoded data for curl request: subresource=search&workflow=251104_174814%3Aamalhotr_crab_ScoutingData_Redone_v5
DEBUG 2025-11-04 18:13:28.882 UTC: 	 Got information from server oracle database: {'desc': {'columns': ['tm_taskname', 'tm_activity', 'tm_task_status', 'tm_task_command', 'tm_start_time', 'tm_start_injection', 'tm_end_injection', 'tm_task_failure', 'tm_job_sw', 'tm_job_arch', 'tm_input_dataset', 'tm_nonvalid_input_dataset', 'tm_use_parent', 'tm_site_whitelist', 'tm_site_blacklist', 'tm_split_algo', 'tm_split_args', 'tm_user_sandbox', 'tm_cache_url', 'tm_username', 'tm_user_dn', 'tm_user_vo', 'tm_user_role', 'tm_user_group', 'tm_publish_name', 'tm_publish_groupname', 'tm_asyncdest', 'tm_dbs_url', 'tm_publish_dbs_url', 'tm_publication', 'tm_outfiles', 'tm_tfile_outfiles', 'tm_edm_outfiles', 'tm_job_type', 'tm_generator', 'tm_events_per_lumi', 'tm_arguments', 'tm_save_logs', 'tw_name', 'tm_user_infiles', 'tm_maxjobruntime', 'tm_numcores', 'tm_maxmemory', 'tm_priority', 'tm_output_dataset', 'tm_task_warnings', 'tm_user_webdir', 'tm_scriptexe', 'tm_scriptargs', 'tm_extrajdl', 'tm_collector', 'tm_schedd', 'tm_dry_run', 'tm_user_files', 'tm_transfer_outputs', 'tm_output_lfn', 'tm_ignore_locality', 'tm_fail_limit', 'tm_one_event_mode', 'tm_secondary_input_dataset', 'tm_primary_dataset', 'tm_last_publication', 'tm_debug_files', 'clusterid', 'tm_ignore_global_blacklist', 'tm_submitter_ip_addr', 'tm_totalunits', 'tm_ddm_reqid', 'tm_user_config', 'tm_transfer_container', 'tm_transfer_rule', 'tm_publish_rule', 'tm_multipub_rule', 'tm_job_min_microarch', 'tm_dagman_status', 'tm_num_jobs', 'tm_uploaded']}, 'result': ['251104_174814:amalhotr_crab_ScoutingData_Redone_v5', 'None', 'SUBMITTED', 'SUBMIT', '2025-11-04 17:48:14.491301', 'None', '2025-11-04 17:49:56.515309', 'None', 'CMSSW_14_0_18_patch1', 'el9_amd64_gcc12', '/ScoutingPFRun3/Run2024H-v1/HLTSCOUT', 'T', '0', '[]', '[]', 'FileBased', "{'halt_job_on_file_boundaries': False, 'splitOnRun': False, 'files_per_job': 30, 'runs': [], 'lumis': []}", 'dae1b9663fdec6c9a39d8a57688f5414f775f4428023e59b79d2dbdc04ede878.tar.gz', 'S3/crabcache_prod', 'amalhotr', '/DC=ch/DC=cern/OU=Organic Units/OU=Users/CN=amalhotr/CN=884837/CN=Aryan Malhotra', 'cms', 'None', 'None', 'ScoutingData_Redone_v5-00000000000000000000000000000000', 'F', 'T3_CH_CERNBOX', 'https://cmsweb.cern.ch/dbs/prod/global/DBSReader', 'https://cmsweb.cern.ch/dbs/prod/phys03/DBSWriter', 'F', '[]', "['ScoutingTree_Output.root']", '[]', 'Analysis', 'pythia', 'None', '{}', 'T', 'crab-prod-tw01', '[]', '2750', '1', '3000', '10', 'None', "['Task requests 3000 MB of memory, but only 2500 are guaranteed to be available. Jobs may not find a site where to run and stay idle forever.']", 'http://vocms0155.cern.ch/mon/amalhotr/251104_174814:amalhotr_crab_ScoutingData_Redone_v5', 'None', '[]', '[]', 'cmsgwms-collector-global.cern.ch:9620,cmsgwms-collector-global.fnal.gov:9620', 'crab3@vocms0155.cern.ch', 'F', '[]', 'T', '/store/user/amalhotr/', 'F', 'None', 'F', 'None', 'ScoutingPFRun3', 'None', 'b70c40e8b489d0c5ca1c5f92ff946d48d4727034d109395e3dd2bba68bf253f6.tar.gz', '137313877', 'F', '188.184.75.82', '0.0', 'None', '{"partialdataset": false, "requireaccelerator": false, "acceleratorparams": null, "inputblocks": null}', 'None', 'None', 'None', 'None', 'any', 'RUNNING', '461', 'T']}
INFO 2025-11-04 18:13:28.883 UTC: 	 CRAB project directory:		/afs/cern.ch/user/a/amalhotr/CMSSW_14_0_18_patch1/src/Run3ScoutingAnalysisTools/crab_ScoutingData_Redone_v5
INFO 2025-11-04 18:13:28.883 UTC: 	 Task name:			251104_174814:amalhotr_crab_ScoutingData_Redone_v5
INFO 2025-11-04 18:13:28.883 UTC: 	 Grid scheduler - Task Worker:	crab3@vocms0155.cern.ch - crab-prod-tw01
INFO 2025-11-04 18:13:28.883 UTC: 	 Status on the CRAB server:	SUBMITTED
INFO 2025-11-04 18:13:28.884 UTC: 	 Task URL to use for HELP:	https://cmsweb.cern.ch/crabserver/ui/task/251104_174814%3Aamalhotr_crab_ScoutingData_Redone_v5
INFO 2025-11-04 18:13:28.894 UTC: 	 Dashboard monitoring URL:	https://monit-grafana.cern.ch/d/cmsTMDetail/cms-task-monitoring-task-view?orgId=11&var-user=amalhotr&var-task=251104_174814%3Aamalhotr_crab_ScoutingData_Redone_v5&from=1762274894000&to=now
WARNING 2025-11-04 18:13:28.895 UTC: 	 Warning:			Task requests 3000 MB of memory, but only 2500 are guaranteed to be available. Jobs may not find a site where to run and stay idle forever.
DEBUG 2025-11-04 18:13:28.895 UTC: 	 The CRAB server submitted your task to the Grid scheduler (cluster ID: 137313877)
DEBUG 2025-11-04 18:13:28.895 UTC: 	 Webdir is located at http://vocms0155.cern.ch/mon/amalhotr/251104_174814:amalhotr_crab_ScoutingData_Redone_v5
DEBUG 2025-11-04 18:13:28.895 UTC: 	 Encoded data for curl request: subresource=webdirprx&workflow=251104_174814%3Aamalhotr_crab_ScoutingData_Redone_v5
DEBUG 2025-11-04 18:13:28.957 UTC: 	 Proxied webdir is located at https://cmsweb.cern.ch/scheddmon/0155/amalhotr/251104_174814:amalhotr_crab_ScoutingData_Redone_v5
DEBUG 2025-11-04 18:13:28.958 UTC: 	 Retrieving 'status_cache' file from https://cmsweb.cern.ch/scheddmon/0155/amalhotr/251104_174814:amalhotr_crab_ScoutingData_Redone_v5/status_cache.pkl
DEBUG 2025-11-04 18:13:28.958 UTC: 	 Will execute:
curl -sS --capath /etc/grid-security/certificates --cert /tmp/x509up_u180451 --key /tmp/x509up_u180451 -o /tmp/crab_status-cache-tfgmp5xk.pkl -w %"{http_code}" "https://cmsweb.cern.ch/scheddmon/0155/amalhotr/251104_174814:amalhotr_crab_ScoutingData_Redone_v5/status_cache.pkl"
DEBUG 2025-11-04 18:13:28.958 UTC: 	 Executing command :
 curl -sS --capath /etc/grid-security/certificates --cert /tmp/x509up_u180451 --key /tmp/x509up_u180451 -o /tmp/crab_status-cache-tfgmp5xk.pkl -w %"{http_code}" "https://cmsweb.cern.ch/scheddmon/0155/amalhotr/251104_174814:amalhotr_crab_ScoutingData_Redone_v5/status_cache.pkl"
DEBUG 2025-11-04 18:13:29.006 UTC: 	 output : 200
 error: 
 retcode : 0
DEBUG 2025-11-04 18:13:29.006 UTC: 	 exitcode: 0
stdout: 200
stderr: 
error details: 
DEBUG 2025-11-04 18:13:29.010 UTC: 	 Got information from status cache file: {'3': {'Retries': 0, 'Restarts': 0, 'SiteHistory': ['Unknown'], 'ResidentSetSize': [0], 'SubmitTimes': [1762278660.0], 'StartTimes': [], 'EndTimes': [], 'TotalUserCpuTimeHistory': [0.0], 'TotalSysCpuTimeHistory': [0.0], 'WallDurations': [0], 'JobIds': ['137313882.0'], 'State': 'idle', 'RecordedSite': False}, '2': {'Retries': 0, 'Restarts': 0, 'SiteHistory': ['Unknown'], 'ResidentSetSize': [0], 'SubmitTimes': [1762278660.0], 'StartTimes': [], 'EndTimes': [], 'TotalUserCpuTimeHistory': [0.0], 'TotalSysCpuTimeHistory': [0.0], 'WallDurations': [0], 'JobIds': ['137313883.0'], 'State': 'idle', 'RecordedSite': False}, '10': {'Retries': 0, 'Restarts': 0, 'SiteHistory': ['Unknown'], 'ResidentSetSize': [0], 'SubmitTimes': [1762278660.0], 'StartTimes': [], 'EndTimes': [], 'TotalUserCpuTimeHistory': [0.0], 'TotalSysCpuTimeHistory': [0.0], 'WallDurations': [0], 'JobIds': ['137313884.0'], 'State': 'idle', 'RecordedSite': False}, '14': {'Retries': 0, 'Restarts': 0, 'SiteHistory': ['Unknown'], 'ResidentSetSize': [0], 'SubmitTimes': [1762278660.0], 'StartTimes': [], 'EndTimes': [], 'TotalUserCpuTimeHistory': [0.0], 'TotalSysCpuTimeHistory': [0.0], 'WallDurations': [0], 'JobIds': ['137313885.0'], 'State': 'idle', 'RecordedSite': False}, '4': {'Retries': 0, 'Restarts': 0, 'SiteHistory': ['Unknown'], 'ResidentSetSize': [0], 'SubmitTimes': [1762278660.0], 'StartTimes': [], 'EndTimes': [], 'TotalUserCpuTimeHistory': [0.0], 'TotalSysCpuTimeHistory': [0.0], 'WallDurations': [0], 'JobIds': ['137313886.0'], 'State': 'idle', 'RecordedSite': False}, '19': {'Retries': 0, 'Restarts': 0, 'SiteHistory': ['Unknown'], 'ResidentSetSize': [0], 'SubmitTimes': [1762278660.0], 'StartTimes': [], 'EndTimes': [], 'TotalUserCpuTimeHistory': [0.0], 'TotalSysCpuTimeHistory': [0.0], 'WallDurations': [0], 'JobIds': ['137313887.0'], 'State': 'idle', 'RecordedSite': False}, '20': {'Retries': 0, 'Restarts': 0, 'SiteHistory': ['Unknown'], 'ResidentSetSize': [0], 'SubmitTimes': [1762278661.0], 'StartTimes': [], 'EndTimes': [], 'TotalUserCpuTimeHistory': [0.0], 'TotalSysCpuTimeHistory': [0.0], 'WallDurations': [0], 'JobIds': ['137313888.0'], 'State': 'idle', 'RecordedSite': False}, '15': {'Retries': 0, 'Restarts': 0, 'SiteHistory': ['Unknown'], 'ResidentSetSize': [0], 'SubmitTimes': [1762278661.0], 'StartTimes': [], 'EndTimes': [], 'TotalUserCpuTimeHistory': [0.0], 'TotalSysCpuTimeHistory': [0.0], 'WallDurations': [0], 'JobIds': ['137313889.0'], 'State': 'idle', 'RecordedSite': False}, '11': {'Retries': 0, 'Restarts': 0, 'SiteHistory': ['Unknown'], 'ResidentSetSize': [0], 'SubmitTimes': [1762278661.0], 'StartTimes': [], 'EndTimes': [], 'TotalUserCpuTimeHistory': [0.0], 'TotalSysCpuTimeHistory': [0.0], 'WallDurations': [0], 'JobIds': ['137313890.0'], 'State': 'idle', 'RecordedSite': False}, '5': {'Retries': 0, 'Restarts': 0, 'SiteHistory': ['Unknown'], 'ResidentSetSize': [0], 'SubmitTimes': [1762278661.0], 'StartTimes': [], 'EndTimes': [], 'TotalUserCpuTimeHistory': [0.0], 'TotalSysCpuTimeHistory': [0.0], 'WallDurations': [0], 'JobIds': ['137313891.0'], 'State': 'idle', 'RecordedSite': False}, '9': {'Retries': 0, 'Restarts': 0, 'SiteHistory': ['Unknown'], 'ResidentSetSize': [0], 'SubmitTimes': [1762278661.0], 'StartTimes': [], 'EndTimes': [], 'TotalUserCpuTimeHistory': [0.0], 'TotalSysCpuTimeHistory': [0.0], 'WallDurations': [0], 'JobIds': ['137313892.0'], 'State': 'idle', 'RecordedSite': False}, '16': {'Retries': 0, 'Restarts': 0, 'SiteHistory': ['Unknown'], 'ResidentSetSize': [0], 'SubmitTimes': [1762278661.0], 'StartTimes': [], 'EndTimes': [], 'TotalUserCpuTimeHistory': [0.0], 'TotalSysCpuTimeHistory': [0.0], 'WallDurations': [0], 'JobIds': ['137313893.0'], 'State': 'idle', 'RecordedSite': False}, '7': {'Retries': 0, 'Restarts': 0, 'SiteHistory': ['Unknown'], 'ResidentSetSize': [0], 'SubmitTimes': [1762278661.0], 'StartTimes': [], 'EndTimes': [], 'TotalUserCpuTimeHistory': [0.0], 'TotalSysCpuTimeHistory': [0.0], 'WallDurations': [0], 'JobIds': ['137313894.0'], 'State': 'idle', 'RecordedSite': False}, '6': {'Retries': 0, 'Restarts': 0, 'SiteHistory': ['Unknown'], 'ResidentSetSize': [0], 'SubmitTimes': [1762278666.0], 'StartTimes': [], 'EndTimes': [], 'TotalUserCpuTimeHistory': [0.0], 'TotalSysCpuTimeHistory': [0.0], 'WallDurations': [0], 'JobIds': ['137313895.0'], 'State': 'idle', 'RecordedSite': False}, '1': {'Retries': 0, 'Restarts': 0, 'SiteHistory': ['Unknown'], 'ResidentSetSize': [0], 'SubmitTimes': [1762278666.0], 'StartTimes': [], 'EndTimes': [], 'TotalUserCpuTimeHistory': [0.0], 'TotalSysCpuTimeHistory': [0.0], 'WallDurations': [0], 'JobIds': ['137313896.0'], 'State': 'idle', 'RecordedSite': False}, '8': {'Retries': 0, 'Restarts': 0, 'SiteHistory': ['Unknown'], 'ResidentSetSize': [0], 'SubmitTimes': [1762278666.0], 'StartTimes': [], 'EndTimes': [], 'TotalUserCpuTimeHistory': [0.0], 'TotalSysCpuTimeHistory': [0.0], 'WallDurations': [0], 'JobIds': ['137313897.0'], 'State': 'idle', 'RecordedSite': False}, '12': {'Retries': 0, 'Restarts': 0, 'SiteHistory': ['Unknown'], 'ResidentSetSize': [0], 'SubmitTimes': [1762278666.0], 'StartTimes': [], 'EndTimes': [], 'TotalUserCpuTimeHistory': [0.0], 'TotalSysCpuTimeHistory': [0.0], 'WallDurations': [0], 'JobIds': ['137313898.0'], 'State': 'idle', 'RecordedSite': False}, '13': {'Retries': 0, 'Restarts': 0, 'SiteHistory': ['Unknown'], 'ResidentSetSize': [0], 'SubmitTimes': [1762278666.0], 'StartTimes': [], 'EndTimes': [], 'TotalUserCpuTimeHistory': [0.0], 'TotalSysCpuTimeHistory': [0.0], 'WallDurations': [0], 'JobIds': ['137313899.0'], 'State': 'idle', 'RecordedSite': False}, '17': {'Retries': 0, 'Restarts': 0, 'SiteHistory': ['Unknown'], 'ResidentSetSize': [0], 'SubmitTimes': [1762278666.0], 'StartTimes': [], 'EndTimes': [], 'TotalUserCpuTimeHistory': [0.0], 'TotalSysCpuTimeHistory': [0.0], 'WallDurations': [0], 'JobIds': ['137313900.0'], 'State': 'idle', 'RecordedSite': False}, '18': {'Retries': 0, 'Restarts': 0, 'SiteHistory': ['Unknown'], 'ResidentSetSize': [0], 'SubmitTimes': [1762278666.0], 'StartTimes': [], 'EndTimes': [], 'TotalUserCpuTimeHistory': [0.0], 'TotalSysCpuTimeHistory': [0.0], 'WallDurations': [0], 'JobIds': ['137313901.0'], 'State': 'idle', 'RecordedSite': False}, '21': {'Retries': 0, 'Restarts': 0, 'SiteHistory': ['Unknown'], 'ResidentSetSize': [0], 'SubmitTimes': [1762278666.0], 'StartTimes': [], 'EndTimes': [], 'TotalUserCpuTimeHistory': [0.0], 'TotalSysCpuTimeHistory': [0.0], 'WallDurations': [0], 'JobIds': ['137313902.0'], 'State': 'idle', 'RecordedSite': False}, '22': {'Retries': 0, 'Restarts': 0, 'SiteHistory': ['Unknown'], 'ResidentSetSize': [0], 'SubmitTimes': [1762278666.0], 'StartTimes': [], 'EndTimes': [], 'TotalUserCpuTimeHistory': [0.0], 'TotalSysCpuTimeHistory': [0.0], 'WallDurations': [0], 'JobIds': ['137313903.0'], 'State': 'idle', 'RecordedSite': False}, '23': {'Retries': 0, 'Restarts': 0, 'SiteHistory': ['Unknown'], 'ResidentSetSize': [0], 'SubmitTimes': [1762278666.0], 'StartTimes': [], 'EndTimes': [], 'TotalUserCpuTimeHistory': [0.0], 'TotalSysCpuTimeHistory': [0.0], 'WallDurations': [0], 'JobIds': ['137313904.0'], 'State': 'idle', 'RecordedSite': False}, '24': {'Retries': 0, 'Restarts': 0, 'SiteHistory': ['Unknown'], 'ResidentSetSize': [0], 'SubmitTimes': [1762278666.0], 'StartTimes': [], 'EndTimes': [], 'TotalUserCpuTimeHistory': [0.0], 'TotalSysCpuTimeHistory': [0.0], 'WallDurations': [0], 'JobIds': ['137313905.0'], 'State': 'idle', 'RecordedSite': False}, '25': {'Retries': 0, 'Restarts': 0, 'SiteHistory': ['Unknown'], 'ResidentSetSize': [0], 'SubmitTimes': [1762278666.0], 'StartTimes': [], 'EndTimes': [], 'TotalUserCpuTimeHistory': [0.0], 'TotalSysCpuTimeHistory': [0.0], 'WallDurations': [0], 'JobIds': ['137313906.0'], 'State': 'idle', 'RecordedSite': False}, '26': {'Retries': 0, 'Restarts': 0, 'SiteHistory': ['Unknown'], 'ResidentSetSize': [0], 'SubmitTimes': [1762278666.0], 'StartTimes': [], 'EndTimes': [], 'TotalUserCpuTimeHistory': [0.0], 'TotalSysCpuTimeHistory': [0.0], 'WallDurations': [0], 'JobIds': ['137313907.0'], 'State': 'idle', 'RecordedSite': False}, '27': {'Retries': 0, 'Restarts': 0, 'SiteHistory': ['Unknown'], 'ResidentSetSize': [0], 'SubmitTimes': [1762278666.0], 'StartTimes': [], 'EndTimes': [], 'TotalUserCpuTimeHistory': [0.0], 'TotalSysCpuTimeHistory': [0.0], 'WallDurations': [0], 'JobIds': ['137313908.0'], 'State': 'idle', 'RecordedSite': False}, '28': {'Retries': 0, 'Restarts': 0, 'SiteHistory': ['Unknown'], 'ResidentSetSize': [0], 'SubmitTimes': [1762278666.0], 'StartTimes': [], 'EndTimes': [], 'TotalUserCpuTimeHistory': [0.0], 'TotalSysCpuTimeHistory': [0.0], 'WallDurations': [0], 'JobIds': ['137313909.0'], 'State': 'idle', 'RecordedSite': False}, '29': {'Retries': 0, 'Restarts': 0, 'SiteHistory': ['Unknown'], 'ResidentSetSize': [0], 'SubmitTimes': [1762278666.0], 'StartTimes': [], 'EndTimes': [], 'TotalUserCpuTimeHistory': [0.0], 'TotalSysCpuTimeHistory': [0.0], 'WallDurations': [0], 'JobIds': ['137313910.0'], 'State': 'idle', 'RecordedSite': False}, '30': {'Retries': 0, 'Restarts': 0, 'SiteHistory': ['Unknown'], 'ResidentSetSize': [0], 'SubmitTimes': [1762278666.0], 'StartTimes': [], 'EndTimes': [], 'TotalUserCpuTimeHistory': [0.0], 'TotalSysCpuTimeHistory': [0.0], 'WallDurations': [0], 'JobIds': ['137313911.0'], 'State': 'idle', 'RecordedSite': False}, '31': {'Retries': 0, 'Restarts': 0, 'SiteHistory': ['Unknown'], 'ResidentSetSize': [0], 'SubmitTimes': [1762278666.0], 'StartTimes': [], 'EndTimes': [], 'TotalUserCpuTimeHistory': [0.0], 'TotalSysCpuTimeHistory': [0.0], 'WallDurations': [0], 'JobIds': ['137313912.0'], 'State': 'idle', 'RecordedSite': False}, '32': {'Retries': 0, 'Restarts': 0, 'SiteHistory': ['Unknown'], 'ResidentSetSize': [0], 'SubmitTimes': [1762278666.0], 'StartTimes': [], 'EndTimes': [], 'TotalUserCpuTimeHistory': [0.0], 'TotalSysCpuTimeHistory': [0.0], 'WallDurations': [0], 'JobIds': ['137313913.0'], 'State': 'idle', 'RecordedSite': False}, '33': {'Retries': 0, 'Restarts': 0, 'SiteHistory': ['Unknown'], 'ResidentSetSize': [0], 'SubmitTimes': [1762278666.0], 'StartTimes': [], 'EndTimes': [], 'TotalUserCpuTimeHistory': [0.0], 'TotalSysCpuTimeHistory': [0.0], 'WallDurations': [0], 'JobIds': ['137313914.0'], 'State': 'idle', 'RecordedSite': False}, '38': {'Retries': 0, 'Restarts': 0, 'SiteHistory': ['Unknown'], 'ResidentSetSize': [0], 'SubmitTimes': [1762278666.0], 'StartTimes': [], 'EndTimes': [], 'TotalUserCpuTimeHistory': [0.0], 'TotalSysCpuTimeHistory': [0.0], 'WallDurations': [0], 'JobIds': ['137313915.0'], 'State': 'idle', 'RecordedSite': False}, '40': {'Retries': 0, 'Restarts': 0, 'SiteHistory': ['Unknown'], 'ResidentSetSize': [0], 'SubmitTimes': [1762278666.0], 'StartTimes': [], 'EndTimes': [], 'TotalUserCpuTimeHistory': [0.0], 'TotalSysCpuTimeHistory': [0.0], 'WallDurations': [0], 'JobIds': ['137313916.0'], 'State': 'idle', 'RecordedSite': False}, '52': {'Retries': 0, 'Restarts': 0, 'SiteHistory': ['Unknown'], 'ResidentSetSize': [0], 'SubmitTimes': [1762278666.0], 'StartTimes': [], 'EndTimes': [], 'TotalUserCpuTimeHistory': [0.0], 'TotalSysCpuTimeHistory': [0.0], 'WallDurations': [0], 'JobIds': ['137313917.0'], 'State': 'idle', 'RecordedSite': False}, '36': {'Retries': 0, 'Restarts': 0, 'SiteHistory': ['Unknown'], 'ResidentSetSize': [0], 'SubmitTimes': [1762278666.0], 'StartTimes': [], 'EndTimes': [], 'TotalUserCpuTimeHistory': [0.0], 'TotalSysCpuTimeHistory': [0.0], 'WallDurations': [0], 'JobIds': ['137313918.0'], 'State': 'idle', 'RecordedSite': False}, '54': {'Retries': 0, 'Restarts': 0, 'SiteHistory': ['Unknown'], 'ResidentSetSize': [0], 'SubmitTimes': [1762278666.0], 'StartTimes': [], 'EndTimes': [], 'TotalUserCpuTimeHistory': [0.0], 'TotalSysCpuTimeHistory': [0.0], 'WallDurations': [0], 'JobIds': ['137313919.0'], 'State': 'idle', 'RecordedSite': False}, '41': {'Retries': 0, 'Restarts': 0, 'SiteHistory': ['Unknown'], 'ResidentSetSize': [0], 'SubmitTimes': [1762278666.0], 'StartTimes': [], 'EndTimes': [], 'TotalUserCpuTimeHistory': [0.0], 'TotalSysCpuTimeHistory': [0.0], 'WallDurations': [0], 'JobIds': ['137313920.0'], 'State': 'idle', 'RecordedSite': False}, '50': {'Retries': 0, 'Restarts': 0, 'SiteHistory': ['Unknown'], 'ResidentSetSize': [0], 'SubmitTimes': [1762278666.0], 'StartTimes': [], 'EndTimes': [], 'TotalUserCpuTimeHistory': [0.0], 'TotalSysCpuTimeHistory': [0.0], 'WallDurations': [0], 'JobIds': ['137313921.0'], 'State': 'idle', 'RecordedSite': False}, '42': {'Retries': 0, 'Restarts': 0, 'SiteHistory': ['Unknown'], 'ResidentSetSize': [0], 'SubmitTimes': [1762278666.0], 'StartTimes': [], 'EndTimes': [], 'TotalUserCpuTimeHistory': [0.0], 'TotalSysCpuTimeHistory': [0.0], 'WallDurations': [0], 'JobIds': ['137313922.0'], 'State': 'idle', 'RecordedSite': False}, '49': {'Retries': 0, 'Restarts': 0, 'SiteHistory': ['Unknown'], 'ResidentSetSize': [0], 'SubmitTimes': [1762278666.0], 'StartTimes': [], 'EndTimes': [], 'TotalUserCpuTimeHistory': [0.0], 'TotalSysCpuTimeHistory': [0.0], 'WallDurations': [0], 'JobIds': ['137313923.0'], 'State': 'idle', 'RecordedSite': False}, '35': {'Retries': 0, 'Restarts': 0, 'SiteHistory': ['Unknown'], 'ResidentSetSize': [0], 'SubmitTimes': [1762278666.0], 'StartTimes': [], 'EndTimes': [], 'TotalUserCpuTimeHistory': [0.0], 'TotalSysCpuTimeHistory': [0.0], 'WallDurations': [0], 'JobIds': ['137313924.0'], 'State': 'idle', 'RecordedSite': False}, '37': {'Retries': 0, 'Restarts': 0, 'SiteHistory': ['Unknown'], 'ResidentSetSize': [0], 'SubmitTimes': [1762278666.0], 'StartTimes': [], 'EndTimes': [], 'TotalUserCpuTimeHistory': [0.0], 'TotalSysCpuTimeHistory': [0.0], 'WallDurations': [0], 'JobIds': ['137313925.0'], 'State': 'idle', 'RecordedSite': False}, '45': {'Retries': 0, 'Restarts': 0, 'SiteHistory': ['Unknown'], 'ResidentSetSize': [0], 'SubmitTimes': [1762278667.0], 'StartTimes': [], 'EndTimes': [], 'TotalUserCpuTimeHistory': [0.0], 'TotalSysCpuTimeHistory': [0.0], 'WallDurations': [0], 'JobIds': ['137313926.0'], 'State': 'idle', 'RecordedSite': False}, '39': {'Retries': 0, 'Restarts': 0, 'SiteHistory': ['Unknown'], 'ResidentSetSize': [0], 'SubmitTimes': [1762278667.0], 'StartTimes': [], 'EndTimes': [], 'TotalUserCpuTimeHistory': [0.0], 'TotalSysCpuTimeHistory': [0.0], 'WallDurations': [0], 'JobIds': ['137313927.0'], 'State': 'idle', 'RecordedSite': False}, '48': {'Retries': 0, 'Restarts': 0, 'SiteHistory': ['Unknown'], 'ResidentSetSize': [0], 'SubmitTimes': [1762278667.0], 'StartTimes': [], 'EndTimes': [], 'TotalUserCpuTimeHistory': [0.0], 'TotalSysCpuTimeHistory': [0.0], 'WallDurations': [0], 'JobIds': ['137313928.0'], 'State': 'idle', 'RecordedSite': False}, '44': {'Retries': 0, 'Restarts': 0, 'SiteHistory': ['Unknown'], 'ResidentSetSize': [0], 'SubmitTimes': [1762278667.0], 'StartTimes': [], 'EndTimes': [], 'TotalUserCpuTimeHistory': [0.0], 'TotalSysCpuTimeHistory': [0.0], 'WallDurations': [0], 'JobIds': ['137313929.0'], 'State': 'idle', 'RecordedSite': False}, '46': {'Retries': 0, 'Restarts': 0, 'SiteHistory': ['Unknown'], 'ResidentSetSize': [0], 'SubmitTimes': [1762278667.0], 'StartTimes': [], 'EndTimes': [], 'TotalUserCpuTimeHistory': [0.0], 'TotalSysCpuTimeHistory': [0.0], 'WallDurations': [0], 'JobIds': ['137313930.0'], 'State': 'idle', 'RecordedSite': False}, '51': {'Retries': 0, 'Restarts': 0, 'SiteHistory': ['Unknown'], 'ResidentSetSize': [0], 'SubmitTimes': [1762278667.0], 'StartTimes': [], 'EndTimes': [], 'TotalUserCpuTimeHistory': [0.0], 'TotalSysCpuTimeHistory': [0.0], 'WallDurations': [0], 'JobIds': ['137313931.0'], 'State': 'idle', 'RecordedSite': False}, '47': {'Retries': 0, 'Restarts': 0, 'SiteHistory': ['Unknown'], 'ResidentSetSize': [0], 'SubmitTimes': [1762278667.0], 'StartTimes': [], 'EndTimes': [], 'TotalUserCpuTimeHistory': [0.0], 'TotalSysCpuTimeHistory': [0.0], 'WallDurations': [0], 'JobIds': ['137313932.0'], 'State': 'idle', 'RecordedSite': False}, '43': {'Retries': 0, 'Restarts': 0, 'SiteHistory': ['Unknown'], 'ResidentSetSize': [0], 'SubmitTimes': [1762278667.0], 'StartTimes': [], 'EndTimes': [], 'TotalUserCpuTimeHistory': [0.0], 'TotalSysCpuTimeHistory': [0.0], 'WallDurations': [0], 'JobIds': ['137313933.0'], 'State': 'idle', 'RecordedSite': False}, '53': {'Retries': 0, 'Restarts': 0, 'SiteHistory': ['Unknown'], 'ResidentSetSize': [0], 'SubmitTimes': [1762278667.0], 'StartTimes': [], 'EndTimes': [], 'TotalUserCpuTimeHistory': [0.0], 'TotalSysCpuTimeHistory': [0.0], 'WallDurations': [0], 'JobIds': ['137313934.0'], 'State': 'idle', 'RecordedSite': False}, '55': {'Retries': 0, 'Restarts': 0, 'SiteHistory': ['Unknown'], 'ResidentSetSize': [0], 'SubmitTimes': [1762278667.0], 'StartTimes': [], 'EndTimes': [], 'TotalUserCpuTimeHistory': [0.0], 'TotalSysCpuTimeHistory': [0.0], 'WallDurations': [0], 'JobIds': ['137313935.0'], 'State': 'idle', 'RecordedSite': False}, '56': {'Retries': 0, 'Restarts': 0, 'SiteHistory': ['Unknown'], 'ResidentSetSize': [0], 'SubmitTimes': [1762278667.0], 'StartTimes': [], 'EndTimes': [], 'TotalUserCpuTimeHistory': [0.0], 'TotalSysCpuTimeHistory': [0.0], 'WallDurations': [0], 'JobIds': ['137313936.0'], 'State': 'idle', 'RecordedSite': False}, '57': {'Retries': 0, 'Restarts': 0, 'SiteHistory': ['Unknown'], 'ResidentSetSize': [0], 'SubmitTimes': [1762278667.0], 'StartTimes': [], 'EndTimes': [], 'TotalUserCpuTimeHistory': [0.0], 'TotalSysCpuTimeHistory': [0.0], 'WallDurations': [0], 'JobIds': ['137313937.0'], 'State': 'idle', 'RecordedSite': False}, '64': {'Retries': 0, 'Restarts': 0, 'SiteHistory': ['Unknown'], 'ResidentSetSize': [0], 'SubmitTimes': [1762278667.0], 'StartTimes': [], 'EndTimes': [], 'TotalUserCpuTimeHistory': [0.0], 'TotalSysCpuTimeHistory': [0.0], 'WallDurations': [0], 'JobIds': ['137313938.0'], 'State': 'idle', 'RecordedSite': False}, '63': {'Retries': 0, 'Restarts': 0, 'SiteHistory': ['Unknown'], 'ResidentSetSize': [0], 'SubmitTimes': [1762278667.0], 'StartTimes': [], 'EndTimes': [], 'TotalUserCpuTimeHistory': [0.0], 'TotalSysCpuTimeHistory': [0.0], 'WallDurations': [0], 'JobIds': ['137313939.0'], 'State': 'idle', 'RecordedSite': False}, '59': {'Retries': 0, 'Restarts': 0, 'SiteHistory': ['Unknown'], 'ResidentSetSize': [0], 'SubmitTimes': [1762278667.0], 'StartTimes': [], 'EndTimes': [], 'TotalUserCpuTimeHistory': [0.0], 'TotalSysCpuTimeHistory': [0.0], 'WallDurations': [0], 'JobIds': ['137313940.0'], 'State': 'idle', 'RecordedSite': False}, '70': {'Retries': 0, 'Restarts': 0, 'SiteHistory': ['Unknown'], 'ResidentSetSize': [0], 'SubmitTimes': [1762278667.0], 'StartTimes': [], 'EndTimes': [], 'TotalUserCpuTimeHistory': [0.0], 'TotalSysCpuTimeHistory': [0.0], 'WallDurations': [0], 'JobIds': ['137313941.0'], 'State': 'idle', 'RecordedSite': False}, '60': {'Retries': 0, 'Restarts': 0, 'SiteHistory': ['Unknown'], 'ResidentSetSize': [0], 'SubmitTimes': [1762278667.0], 'StartTimes': [], 'EndTimes': [], 'TotalUserCpuTimeHistory': [0.0], 'TotalSysCpuTimeHistory': [0.0], 'WallDurations': [0], 'JobIds': ['137313942.0'], 'State': 'idle', 'RecordedSite': False}, '67': {'Retries': 0, 'Restarts': 0, 'SiteHistory': ['Unknown'], 'ResidentSetSize': [0], 'SubmitTimes': [1762278667.0], 'StartTimes': [], 'EndTimes': [], 'TotalUserCpuTimeHistory': [0.0], 'TotalSysCpuTimeHistory': [0.0], 'WallDurations': [0], 'JobIds': ['137313943.0'], 'State': 'idle', 'RecordedSite': False}, '58': {'Retries': 0, 'Restarts': 0, 'SiteHistory': ['Unknown'], 'ResidentSetSize': [0], 'SubmitTimes': [1762278667.0], 'StartTimes': [], 'EndTimes': [], 'TotalUserCpuTimeHistory': [0.0], 'TotalSysCpuTimeHistory': [0.0], 'WallDurations': [0], 'JobIds': ['137313944.0'], 'State': 'idle', 'RecordedSite': False}, '62': {'Retries': 0, 'Restarts': 0, 'SiteHistory': ['Unknown'], 'ResidentSetSize': [0], 'SubmitTimes': [1762278667.0], 'StartTimes': [], 'EndTimes': [], 'TotalUserCpuTimeHistory': [0.0], 'TotalSysCpuTimeHistory': [0.0], 'WallDurations': [0], 'JobIds': ['137313945.0'], 'State': 'idle', 'RecordedSite': False}, '69': {'Retries': 0, 'Restarts': 0, 'SiteHistory': ['Unknown'], 'ResidentSetSize': [0], 'SubmitTimes': [1762278667.0], 'StartTimes': [], 'EndTimes': [], 'TotalUserCpuTimeHistory': [0.0], 'TotalSysCpuTimeHistory': [0.0], 'WallDurations': [0], 'JobIds': ['137313946.0'], 'State': 'idle', 'RecordedSite': False}, '61': {'Retries': 0, 'Restarts': 0, 'SiteHistory': ['Unknown'], 'ResidentSetSize': [0], 'SubmitTimes': [1762278667.0], 'StartTimes': [], 'EndTimes': [], 'TotalUserCpuTimeHistory': [0.0], 'TotalSysCpuTimeHistory': [0.0], 'WallDurations': [0], 'JobIds': ['137313947.0'], 'State': 'idle', 'RecordedSite': False}, '65': {'Retries': 0, 'Restarts': 0, 'SiteHistory': ['Unknown'], 'ResidentSetSize': [0], 'SubmitTimes': [1762278667.0], 'StartTimes': [], 'EndTimes': [], 'TotalUserCpuTimeHistory': [0.0], 'TotalSysCpuTimeHistory': [0.0], 'WallDurations': [0], 'JobIds': ['137313948.0'], 'State': 'idle', 'RecordedSite': False}, '66': {'Retries': 0, 'Restarts': 0, 'SiteHistory': ['Unknown'], 'ResidentSetSize': [0], 'SubmitTimes': [1762278667.0], 'StartTimes': [], 'EndTimes': [], 'TotalUserCpuTimeHistory': [0.0], 'TotalSysCpuTimeHistory': [0.0], 'WallDurations': [0], 'JobIds': ['137313949.0'], 'State': 'idle', 'RecordedSite': False}, '68': {'Retries': 0, 'Restarts': 0, 'SiteHistory': ['Unknown'], 'ResidentSetSize': [0], 'SubmitTimes': [1762278667.0], 'StartTimes': [], 'EndTimes': [], 'TotalUserCpuTimeHistory': [0.0], 'TotalSysCpuTimeHistory': [0.0], 'WallDurations': [0], 'JobIds': ['137313950.0'], 'State': 'idle', 'RecordedSite': False}, '74': {'Retries': 0, 'Restarts': 0, 'SiteHistory': ['Unknown'], 'ResidentSetSize': [0], 'SubmitTimes': [1762278667.0], 'StartTimes': [], 'EndTimes': [], 'TotalUserCpuTimeHistory': [0.0], 'TotalSysCpuTimeHistory': [0.0], 'WallDurations': [0], 'JobIds': ['137313951.0'], 'State': 'idle', 'RecordedSite': False}, '71': {'Retries': 0, 'Restarts': 0, 'SiteHistory': ['Unknown'], 'ResidentSetSize': [0], 'SubmitTimes': [1762278667.0], 'StartTimes': [], 'EndTimes': [], 'TotalUserCpuTimeHistory': [0.0], 'TotalSysCpuTimeHistory': [0.0], 'WallDurations': [0], 'JobIds': ['137313952.0'], 'State': 'idle', 'RecordedSite': False}, '72': {'Retries': 0, 'Restarts': 0, 'SiteHistory': ['Unknown'], 'ResidentSetSize': [0], 'SubmitTimes': [1762278667.0], 'StartTimes': [], 'EndTimes': [], 'TotalUserCpuTimeHistory': [0.0], 'TotalSysCpuTimeHistory': [0.0], 'WallDurations': [0], 'JobIds': ['137313953.0'], 'State': 'idle', 'RecordedSite': False}, '73': {'Retries': 0, 'Restarts': 0, 'SiteHistory': ['Unknown'], 'ResidentSetSize': [0], 'SubmitTimes': [1762278667.0], 'StartTimes': [], 'EndTimes': [], 'TotalUserCpuTimeHistory': [0.0], 'TotalSysCpuTimeHistory': [0.0], 'WallDurations': [0], 'JobIds': ['137313954.0'], 'State': 'idle', 'RecordedSite': False}, '76': {'Retries': 0, 'Restarts': 0, 'SiteHistory': ['Unknown'], 'ResidentSetSize': [0], 'SubmitTimes': [1762278667.0], 'StartTimes': [], 'EndTimes': [], 'TotalUserCpuTimeHistory': [0.0], 'TotalSysCpuTimeHistory': [0.0], 'WallDurations': [0], 'JobIds': ['137313955.0'], 'State': 'idle', 'RecordedSite': False}, '77': {'Retries': 0, 'Restarts': 0, 'SiteHistory': ['Unknown'], 'ResidentSetSize': [0], 'SubmitTimes': [1762278667.0], 'StartTimes': [], 'EndTimes': [], 'TotalUserCpuTimeHistory': [0.0], 'TotalSysCpuTimeHistory': [0.0], 'WallDurations': [0], 'JobIds': ['137313956.0'], 'State': 'idle', 'RecordedSite': False}, '79': {'Retries': 0, 'Restarts': 0, 'SiteHistory': ['Unknown'], 'ResidentSetSize': [0], 'SubmitTimes': [1762278667.0], 'StartTimes': [], 'EndTimes': [], 'TotalUserCpuTimeHistory': [0.0], 'TotalSysCpuTimeHistory': [0.0], 'WallDurations': [0], 'JobIds': ['137313957.0'], 'State': 'idle', 'RecordedSite': False}, '86': {'Retries': 0, 'Restarts': 0, 'SiteHistory': ['Unknown'], 'ResidentSetSize': [0], 'SubmitTimes': [1762278667.0], 'StartTimes': [], 'EndTimes': [], 'TotalUserCpuTimeHistory': [0.0], 'TotalSysCpuTimeHistory': [0.0], 'WallDurations': [0], 'JobIds': ['137313958.0'], 'State': 'idle', 'RecordedSite': False}, '84': {'Retries': 0, 'Restarts': 0, 'SiteHistory': ['Unknown'], 'ResidentSetSize': [0], 'SubmitTimes': [1762278667.0], 'StartTimes': [], 'EndTimes': [], 'TotalUserCpuTimeHistory': [0.0], 'TotalSysCpuTimeHistory': [0.0], 'WallDurations': [0], 'JobIds': ['137313959.0'], 'State': 'idle', 'RecordedSite': False}, '78': {'Retries': 0, 'Restarts': 0, 'SiteHistory': ['Unknown'], 'ResidentSetSize': [0], 'SubmitTimes': [1762278667.0], 'StartTimes': [], 'EndTimes': [], 'TotalUserCpuTimeHistory': [0.0], 'TotalSysCpuTimeHistory': [0.0], 'WallDurations': [0], 'JobIds': ['137313960.0'], 'State': 'idle', 'RecordedSite': False}, '75': {'Retries': 0, 'Restarts': 0, 'SiteHistory': ['Unknown'], 'ResidentSetSize': [0], 'SubmitTimes': [1762278667.0], 'StartTimes': [], 'EndTimes': [], 'TotalUserCpuTimeHistory': [0.0], 'TotalSysCpuTimeHistory': [0.0], 'WallDurations': [0], 'JobIds': ['137313961.0'], 'State': 'idle', 'RecordedSite': False}, '81': {'Retries': 0, 'Restarts': 0, 'SiteHistory': ['Unknown'], 'ResidentSetSize': [0], 'SubmitTimes': [1762278667.0], 'StartTimes': [], 'EndTimes': [], 'TotalUserCpuTimeHistory': [0.0], 'TotalSysCpuTimeHistory': [0.0], 'WallDurations': [0], 'JobIds': ['137313962.0'], 'State': 'idle', 'RecordedSite': False}, '82': {'Retries': 0, 'Restarts': 0, 'SiteHistory': ['Unknown'], 'ResidentSetSize': [0], 'SubmitTimes': [1762278667.0], 'StartTimes': [], 'EndTimes': [], 'TotalUserCpuTimeHistory': [0.0], 'TotalSysCpuTimeHistory': [0.0], 'WallDurations': [0], 'JobIds': ['137313963.0'], 'State': 'idle', 'RecordedSite': False}, '83': {'Retries': 0, 'Restarts': 0, 'SiteHistory': ['Unknown'], 'ResidentSetSize': [0], 'SubmitTimes': [1762278667.0], 'StartTimes': [], 'EndTimes': [], 'TotalUserCpuTimeHistory': [0.0], 'TotalSysCpuTimeHistory': [0.0], 'WallDurations': [0], 'JobIds': ['137313964.0'], 'State': 'idle', 'RecordedSite': False}, '90': {'Retries': 0, 'Restarts': 0, 'SiteHistory': ['Unknown'], 'ResidentSetSize': [0], 'SubmitTimes': [1762278667.0], 'StartTimes': [], 'EndTimes': [], 'TotalUserCpuTimeHistory': [0.0], 'TotalSysCpuTimeHistory': [0.0], 'WallDurations': [0], 'JobIds': ['137313965.0'], 'State': 'idle', 'RecordedSite': False}, '93': {'Retries': 0, 'Restarts': 0, 'SiteHistory': ['Unknown'], 'ResidentSetSize': [0], 'SubmitTimes': [1762278667.0], 'StartTimes': [], 'EndTimes': [], 'TotalUserCpuTimeHistory': [0.0], 'TotalSysCpuTimeHistory': [0.0], 'WallDurations': [0], 'JobIds': ['137313966.0'], 'State': 'idle', 'RecordedSite': False}, '87': {'Retries': 0, 'Restarts': 0, 'SiteHistory': ['Unknown'], 'ResidentSetSize': [0], 'SubmitTimes': [1762278667.0], 'StartTimes': [], 'EndTimes': [], 'TotalUserCpuTimeHistory': [0.0], 'TotalSysCpuTimeHistory': [0.0], 'WallDurations': [0], 'JobIds': ['137313967.0'], 'State': 'idle', 'RecordedSite': False}, '88': {'Retries': 0, 'Restarts': 0, 'SiteHistory': ['Unknown'], 'ResidentSetSize': [0], 'SubmitTimes': [1762278667.0], 'StartTimes': [], 'EndTimes': [], 'TotalUserCpuTimeHistory': [0.0], 'TotalSysCpuTimeHistory': [0.0], 'WallDurations': [0], 'JobIds': ['137313968.0'], 'State': 'idle', 'RecordedSite': False}, '91': {'Retries': 0, 'Restarts': 0, 'SiteHistory': ['Unknown'], 'ResidentSetSize': [0], 'SubmitTimes': [1762278667.0], 'StartTimes': [], 'EndTimes': [], 'TotalUserCpuTimeHistory': [0.0], 'TotalSysCpuTimeHistory': [0.0], 'WallDurations': [0], 'JobIds': ['137313969.0'], 'State': 'idle', 'RecordedSite': False}, '80': {'Retries': 0, 'Restarts': 0, 'SiteHistory': ['Unknown'], 'ResidentSetSize': [0], 'SubmitTimes': [1762278667.0], 'StartTimes': [], 'EndTimes': [], 'TotalUserCpuTimeHistory': [0.0], 'TotalSysCpuTimeHistory': [0.0], 'WallDurations': [0], 'JobIds': ['137313970.0'], 'State': 'idle', 'RecordedSite': False}, '95': {'Retries': 0, 'Restarts': 0, 'SiteHistory': ['Unknown'], 'ResidentSetSize': [0], 'SubmitTimes': [1762278667.0], 'StartTimes': [], 'EndTimes': [], 'TotalUserCpuTimeHistory': [0.0], 'TotalSysCpuTimeHistory': [0.0], 'WallDurations': [0], 'JobIds': ['137313971.0'], 'State': 'idle', 'RecordedSite': False}, '89': {'Retries': 0, 'Restarts': 0, 'SiteHistory': ['Unknown'], 'ResidentSetSize': [0], 'SubmitTimes': [1762278667.0], 'StartTimes': [], 'EndTimes': [], 'TotalUserCpuTimeHistory': [0.0], 'TotalSysCpuTimeHistory': [0.0], 'WallDurations': [0], 'JobIds': ['137313972.0'], 'State': 'idle', 'RecordedSite': False}, '92': {'Retries': 0, 'Restarts': 0, 'SiteHistory': ['Unknown'], 'ResidentSetSize': [0], 'SubmitTimes': [1762278667.0], 'StartTimes': [], 'EndTimes': [], 'TotalUserCpuTimeHistory': [0.0], 'TotalSysCpuTimeHistory': [0.0], 'WallDurations': [0], 'JobIds': ['137313973.0'], 'State': 'idle', 'RecordedSite': False}, '85': {'Retries': 0, 'Restarts': 0, 'SiteHistory': ['Unknown'], 'ResidentSetSize': [0], 'SubmitTimes': [1762278667.0], 'StartTimes': [], 'EndTimes': [], 'TotalUserCpuTimeHistory': [0.0], 'TotalSysCpuTimeHistory': [0.0], 'WallDurations': [0], 'JobIds': ['137313974.0'], 'State': 'idle', 'RecordedSite': False}, '94': {'Retries': 0, 'Restarts': 0, 'SiteHistory': ['Unknown'], 'ResidentSetSize': [0], 'SubmitTimes': [1762278667.0], 'StartTimes': [], 'EndTimes': [], 'TotalUserCpuTimeHistory': [0.0], 'TotalSysCpuTimeHistory': [0.0], 'WallDurations': [0], 'JobIds': ['137313975.0'], 'State': 'idle', 'RecordedSite': False}, '97': {'Retries': 0, 'Restarts': 0, 'SiteHistory': ['Unknown'], 'ResidentSetSize': [0], 'SubmitTimes': [1762278667.0], 'StartTimes': [], 'EndTimes': [], 'TotalUserCpuTimeHistory': [0.0], 'TotalSysCpuTimeHistory': [0.0], 'WallDurations': [0], 'JobIds': ['137313976.0'], 'State': 'idle', 'RecordedSite': False}, '101': {'Retries': 0, 'Restarts': 0, 'SiteHistory': ['Unknown'], 'ResidentSetSize': [0], 'SubmitTimes': [1762278667.0], 'StartTimes': [], 'EndTimes': [], 'TotalUserCpuTimeHistory': [0.0], 'TotalSysCpuTimeHistory': [0.0], 'WallDurations': [0], 'JobIds': ['137313977.0'], 'State': 'idle', 'RecordedSite': False}, '99': {'Retries': 0, 'Restarts': 0, 'SiteHistory': ['Unknown'], 'ResidentSetSize': [0], 'SubmitTimes': [1762278667.0], 'StartTimes': [], 'EndTimes': [], 'TotalUserCpuTimeHistory': [0.0], 'TotalSysCpuTimeHistory': [0.0], 'WallDurations': [0], 'JobIds': ['137313978.0'], 'State': 'idle', 'RecordedSite': False}, '98': {'Retries': 0, 'Restarts': 0, 'SiteHistory': ['Unknown'], 'ResidentSetSize': [0], 'SubmitTimes': [1762278667.0], 'StartTimes': [], 'EndTimes': [], 'TotalUserCpuTimeHistory': [0.0], 'TotalSysCpuTimeHistory': [0.0], 'WallDurations': [0], 'JobIds': ['137313979.0'], 'State': 'idle', 'RecordedSite': False}, '107': {'Retries': 0, 'Restarts': 0, 'SiteHistory': ['Unknown'], 'ResidentSetSize': [0], 'SubmitTimes': [1762278667.0], 'StartTimes': [], 'EndTimes': [], 'TotalUserCpuTimeHistory': [0.0], 'TotalSysCpuTimeHistory': [0.0], 'WallDurations': [0], 'JobIds': ['137313980.0'], 'State': 'idle', 'RecordedSite': False}, '100': {'Retries': 0, 'Restarts': 0, 'SiteHistory': ['Unknown'], 'ResidentSetSize': [0], 'SubmitTimes': [1762278667.0], 'StartTimes': [], 'EndTimes': [], 'TotalUserCpuTimeHistory': [0.0], 'TotalSysCpuTimeHistory': [0.0], 'WallDurations': [0], 'JobIds': ['137313981.0'], 'State': 'idle', 'RecordedSite': False}, '96': {'Retries': 0, 'Restarts': 0, 'SiteHistory': ['Unknown'], 'ResidentSetSize': [0], 'SubmitTimes': [1762278667.0], 'StartTimes': [], 'EndTimes': [], 'TotalUserCpuTimeHistory': [0.0], 'TotalSysCpuTimeHistory': [0.0], 'WallDurations': [0], 'JobIds': ['137313982.0'], 'State': 'idle', 'RecordedSite': False}, '104': {'Retries': 0, 'Restarts': 0, 'SiteHistory': ['Unknown'], 'ResidentSetSize': [0], 'SubmitTimes': [1762278667.0], 'StartTimes': [], 'EndTimes': [], 'TotalUserCpuTimeHistory': [0.0], 'TotalSysCpuTimeHistory': [0.0], 'WallDurations': [0], 'JobIds': ['137313983.0'], 'State': 'idle', 'RecordedSite': False}, '108': {'Retries': 0, 'Restarts': 0, 'SiteHistory': ['Unknown'], 'ResidentSetSize': [0], 'SubmitTimes': [1762278667.0], 'StartTimes': [], 'EndTimes': [], 'TotalUserCpuTimeHistory': [0.0], 'TotalSysCpuTimeHistory': [0.0], 'WallDurations': [0], 'JobIds': ['137313984.0'], 'State': 'idle', 'RecordedSite': False}, '109': {'Retries': 0, 'Restarts': 0, 'SiteHistory': ['Unknown'], 'ResidentSetSize': [0], 'SubmitTimes': [1762278667.0], 'StartTimes': [], 'EndTimes': [], 'TotalUserCpuTimeHistory': [0.0], 'TotalSysCpuTimeHistory': [0.0], 'WallDurations': [0], 'JobIds': ['137313985.0'], 'State': 'idle', 'RecordedSite': False}, '103': {'Retries': 0, 'Restarts': 0, 'SiteHistory': ['Unknown'], 'ResidentSetSize': [0], 'SubmitTimes': [1762278667.0], 'StartTimes': [], 'EndTimes': [], 'TotalUserCpuTimeHistory': [0.0], 'TotalSysCpuTimeHistory': [0.0], 'WallDurations': [0], 'JobIds': ['137313986.0'], 'State': 'idle', 'RecordedSite': False}, '105': {'Retries': 0, 'Restarts': 0, 'SiteHistory': ['Unknown'], 'ResidentSetSize': [0], 'SubmitTimes': [1762278667.0], 'StartTimes': [], 'EndTimes': [], 'TotalUserCpuTimeHistory': [0.0], 'TotalSysCpuTimeHistory': [0.0], 'WallDurations': [0], 'JobIds': ['137313987.0'], 'State': 'idle', 'RecordedSite': False}, '106': {'Retries': 0, 'Restarts': 0, 'SiteHistory': ['Unknown'], 'ResidentSetSize': [0], 'SubmitTimes': [1762278667.0], 'StartTimes': [], 'EndTimes': [], 'TotalUserCpuTimeHistory': [0.0], 'TotalSysCpuTimeHistory': [0.0], 'WallDurations': [0], 'JobIds': ['137313988.0'], 'State': 'idle', 'RecordedSite': False}, '115': {'Retries': 0, 'Restarts': 0, 'SiteHistory': ['Unknown'], 'ResidentSetSize': [0], 'SubmitTimes': [1762278667.0], 'StartTimes': [], 'EndTimes': [], 'TotalUserCpuTimeHistory': [0.0], 'TotalSysCpuTimeHistory': [0.0], 'WallDurations': [0], 'JobIds': ['137313989.0'], 'State': 'idle', 'RecordedSite': False}, '113': {'Retries': 0, 'Restarts': 0, 'SiteHistory': ['Unknown'], 'ResidentSetSize': [0], 'SubmitTimes': [1762278667.0], 'StartTimes': [], 'EndTimes': [], 'TotalUserCpuTimeHistory': [0.0], 'TotalSysCpuTimeHistory': [0.0], 'WallDurations': [0], 'JobIds': ['137313990.0'], 'State': 'idle', 'RecordedSite': False}, '102': {'Retries': 0, 'Restarts': 0, 'SiteHistory': ['Unknown'], 'ResidentSetSize': [0], 'SubmitTimes': [1762278667.0], 'StartTimes': [], 'EndTimes': [], 'TotalUserCpuTimeHistory': [0.0], 'TotalSysCpuTimeHistory': [0.0], 'WallDurations': [0], 'JobIds': ['137313991.0'], 'State': 'idle', 'RecordedSite': False}, '110': {'Retries': 0, 'Restarts': 0, 'SiteHistory': ['Unknown'], 'ResidentSetSize': [0], 'SubmitTimes': [1762278667.0], 'StartTimes': [], 'EndTimes': [], 'TotalUserCpuTimeHistory': [0.0], 'TotalSysCpuTimeHistory': [0.0], 'WallDurations': [0], 'JobIds': ['137313992.0'], 'State': 'idle', 'RecordedSite': False}, '116': {'Retries': 0, 'Restarts': 0, 'SiteHistory': ['Unknown'], 'ResidentSetSize': [0], 'SubmitTimes': [1762278668.0], 'StartTimes': [], 'EndTimes': [], 'TotalUserCpuTimeHistory': [0.0], 'TotalSysCpuTimeHistory': [0.0], 'WallDurations': [0], 'JobIds': ['137313993.0'], 'State': 'idle', 'RecordedSite': False}, '112': {'Retries': 0, 'Restarts': 0, 'SiteHistory': ['Unknown'], 'ResidentSetSize': [0], 'SubmitTimes': [1762278668.0], 'StartTimes': [], 'EndTimes': [], 'TotalUserCpuTimeHistory': [0.0], 'TotalSysCpuTimeHistory': [0.0], 'WallDurations': [0], 'JobIds': ['137313994.0'], 'State': 'idle', 'RecordedSite': False}, '111': {'Retries': 0, 'Restarts': 0, 'SiteHistory': ['Unknown'], 'ResidentSetSize': [0], 'SubmitTimes': [1762278673.0], 'StartTimes': [], 'EndTimes': [], 'TotalUserCpuTimeHistory': [0.0], 'TotalSysCpuTimeHistory': [0.0], 'WallDurations': [0], 'JobIds': ['137313996.0'], 'State': 'idle', 'RecordedSite': False}, '114': {'Retries': 0, 'Restarts': 0, 'SiteHistory': ['Unknown'], 'ResidentSetSize': [0], 'SubmitTimes': [1762278673.0], 'StartTimes': [], 'EndTimes': [], 'TotalUserCpuTimeHistory': [0.0], 'TotalSysCpuTimeHistory': [0.0], 'WallDurations': [0], 'JobIds': ['137313997.0'], 'State': 'idle', 'RecordedSite': False}, '117': {'Retries': 0, 'Restarts': 0, 'SiteHistory': ['Unknown'], 'ResidentSetSize': [0], 'SubmitTimes': [1762278673.0], 'StartTimes': [], 'EndTimes': [], 'TotalUserCpuTimeHistory': [0.0], 'TotalSysCpuTimeHistory': [0.0], 'WallDurations': [0], 'JobIds': ['137313998.0'], 'State': 'idle', 'RecordedSite': False}, '118': {'Retries': 0, 'Restarts': 0, 'SiteHistory': ['Unknown'], 'ResidentSetSize': [0], 'SubmitTimes': [1762278673.0], 'StartTimes': [], 'EndTimes': [], 'TotalUserCpuTimeHistory': [0.0], 'TotalSysCpuTimeHistory': [0.0], 'WallDurations': [0], 'JobIds': ['137313999.0'], 'State': 'idle', 'RecordedSite': False}, '119': {'Retries': 0, 'Restarts': 0, 'SiteHistory': ['Unknown'], 'ResidentSetSize': [0], 'SubmitTimes': [1762278673.0], 'StartTimes': [], 'EndTimes': [], 'TotalUserCpuTimeHistory': [0.0], 'TotalSysCpuTimeHistory': [0.0], 'WallDurations': [0], 'JobIds': ['137314000.0'], 'State': 'idle', 'RecordedSite': False}, '127': {'Retries': 0, 'Restarts': 0, 'SiteHistory': ['Unknown'], 'ResidentSetSize': [0], 'SubmitTimes': [1762278673.0], 'StartTimes': [], 'EndTimes': [], 'TotalUserCpuTimeHistory': [0.0], 'TotalSysCpuTimeHistory': [0.0], 'WallDurations': [0], 'JobIds': ['137314001.0'], 'State': 'idle', 'RecordedSite': False}, '121': {'Retries': 0, 'Restarts': 0, 'SiteHistory': ['Unknown'], 'ResidentSetSize': [0], 'SubmitTimes': [1762278673.0], 'StartTimes': [], 'EndTimes': [], 'TotalUserCpuTimeHistory': [0.0], 'TotalSysCpuTimeHistory': [0.0], 'WallDurations': [0], 'JobIds': ['137314002.0'], 'State': 'idle', 'RecordedSite': False}, '130': {'Retries': 0, 'Restarts': 0, 'SiteHistory': ['Unknown'], 'ResidentSetSize': [0], 'SubmitTimes': [1762278673.0], 'StartTimes': [], 'EndTimes': [], 'TotalUserCpuTimeHistory': [0.0], 'TotalSysCpuTimeHistory': [0.0], 'WallDurations': [0], 'JobIds': ['137314003.0'], 'State': 'idle', 'RecordedSite': False}, '120': {'Retries': 0, 'Restarts': 0, 'SiteHistory': ['Unknown'], 'ResidentSetSize': [0], 'SubmitTimes': [1762278673.0], 'StartTimes': [], 'EndTimes': [], 'TotalUserCpuTimeHistory': [0.0], 'TotalSysCpuTimeHistory': [0.0], 'WallDurations': [0], 'JobIds': ['137314004.0'], 'State': 'idle', 'RecordedSite': False}, '125': {'Retries': 0, 'Restarts': 0, 'SiteHistory': ['Unknown'], 'ResidentSetSize': [0], 'SubmitTimes': [1762278673.0], 'StartTimes': [], 'EndTimes': [], 'TotalUserCpuTimeHistory': [0.0], 'TotalSysCpuTimeHistory': [0.0], 'WallDurations': [0], 'JobIds': ['137314005.0'], 'State': 'idle', 'RecordedSite': False}, '126': {'Retries': 0, 'Restarts': 0, 'SiteHistory': ['Unknown'], 'ResidentSetSize': [0], 'SubmitTimes': [1762278673.0], 'StartTimes': [], 'EndTimes': [], 'TotalUserCpuTimeHistory': [0.0], 'TotalSysCpuTimeHistory': [0.0], 'WallDurations': [0], 'JobIds': ['137314006.0'], 'State': 'idle', 'RecordedSite': False}, '124': {'Retries': 0, 'Restarts': 0, 'SiteHistory': ['Unknown'], 'ResidentSetSize': [0], 'SubmitTimes': [1762278673.0], 'StartTimes': [], 'EndTimes': [], 'TotalUserCpuTimeHistory': [0.0], 'TotalSysCpuTimeHistory': [0.0], 'WallDurations': [0], 'JobIds': ['137314007.0'], 'State': 'idle', 'RecordedSite': False}, '123': {'Retries': 0, 'Restarts': 0, 'SiteHistory': ['Unknown'], 'ResidentSetSize': [0], 'SubmitTimes': [1762278673.0], 'StartTimes': [], 'EndTimes': [], 'TotalUserCpuTimeHistory': [0.0], 'TotalSysCpuTimeHistory': [0.0], 'WallDurations': [0], 'JobIds': ['137314008.0'], 'State': 'idle', 'RecordedSite': False}, '128': {'Retries': 0, 'Restarts': 0, 'SiteHistory': ['Unknown'], 'ResidentSetSize': [0], 'SubmitTimes': [1762278673.0], 'StartTimes': [], 'EndTimes': [], 'TotalUserCpuTimeHistory': [0.0], 'TotalSysCpuTimeHistory': [0.0], 'WallDurations': [0], 'JobIds': ['137314009.0'], 'State': 'idle', 'RecordedSite': False}, '132': {'Retries': 0, 'Restarts': 0, 'SiteHistory': ['Unknown'], 'ResidentSetSize': [0], 'SubmitTimes': [1762278673.0], 'StartTimes': [], 'EndTimes': [], 'TotalUserCpuTimeHistory': [0.0], 'TotalSysCpuTimeHistory': [0.0], 'WallDurations': [0], 'JobIds': ['137314010.0'], 'State': 'idle', 'RecordedSite': False}, '122': {'Retries': 0, 'Restarts': 0, 'SiteHistory': ['Unknown'], 'ResidentSetSize': [0], 'SubmitTimes': [1762278673.0], 'StartTimes': [], 'EndTimes': [], 'TotalUserCpuTimeHistory': [0.0], 'TotalSysCpuTimeHistory': [0.0], 'WallDurations': [0], 'JobIds': ['137314011.0'], 'State': 'idle', 'RecordedSite': False}, '135': {'Retries': 0, 'Restarts': 0, 'SiteHistory': ['Unknown'], 'ResidentSetSize': [0], 'SubmitTimes': [1762278673.0], 'StartTimes': [], 'EndTimes': [], 'TotalUserCpuTimeHistory': [0.0], 'TotalSysCpuTimeHistory': [0.0], 'WallDurations': [0], 'JobIds': ['137314012.0'], 'State': 'idle', 'RecordedSite': False}, '136': {'Retries': 0, 'Restarts': 0, 'SiteHistory': ['Unknown'], 'ResidentSetSize': [0], 'SubmitTimes': [1762278673.0], 'StartTimes': [], 'EndTimes': [], 'TotalUserCpuTimeHistory': [0.0], 'TotalSysCpuTimeHistory': [0.0], 'WallDurations': [0], 'JobIds': ['137314013.0'], 'State': 'idle', 'RecordedSite': False}, '134': {'Retries': 0, 'Restarts': 0, 'SiteHistory': ['Unknown'], 'ResidentSetSize': [0], 'SubmitTimes': [1762278673.0], 'StartTimes': [], 'EndTimes': [], 'TotalUserCpuTimeHistory': [0.0], 'TotalSysCpuTimeHistory': [0.0], 'WallDurations': [0], 'JobIds': ['137314014.0'], 'State': 'idle', 'RecordedSite': False}, '133': {'Retries': 0, 'Restarts': 0, 'SiteHistory': ['Unknown'], 'ResidentSetSize': [0], 'SubmitTimes': [1762278673.0], 'StartTimes': [], 'EndTimes': [], 'TotalUserCpuTimeHistory': [0.0], 'TotalSysCpuTimeHistory': [0.0], 'WallDurations': [0], 'JobIds': ['137314015.0'], 'State': 'idle', 'RecordedSite': False}, '140': {'Retries': 0, 'Restarts': 0, 'SiteHistory': ['Unknown'], 'ResidentSetSize': [0], 'SubmitTimes': [1762278673.0], 'StartTimes': [], 'EndTimes': [], 'TotalUserCpuTimeHistory': [0.0], 'TotalSysCpuTimeHistory': [0.0], 'WallDurations': [0], 'JobIds': ['137314016.0'], 'State': 'idle', 'RecordedSite': False}, '141': {'Retries': 0, 'Restarts': 0, 'SiteHistory': ['Unknown'], 'ResidentSetSize': [0], 'SubmitTimes': [1762278673.0], 'StartTimes': [], 'EndTimes': [], 'TotalUserCpuTimeHistory': [0.0], 'TotalSysCpuTimeHistory': [0.0], 'WallDurations': [0], 'JobIds': ['137314017.0'], 'State': 'idle', 'RecordedSite': False}, '139': {'Retries': 0, 'Restarts': 0, 'SiteHistory': ['Unknown'], 'ResidentSetSize': [0], 'SubmitTimes': [1762278673.0], 'StartTimes': [], 'EndTimes': [], 'TotalUserCpuTimeHistory': [0.0], 'TotalSysCpuTimeHistory': [0.0], 'WallDurations': [0], 'JobIds': ['137314018.0'], 'State': 'idle', 'RecordedSite': False}, '137': {'Retries': 0, 'Restarts': 0, 'SiteHistory': ['Unknown'], 'ResidentSetSize': [0], 'SubmitTimes': [1762278673.0], 'StartTimes': [], 'EndTimes': [], 'TotalUserCpuTimeHistory': [0.0], 'TotalSysCpuTimeHistory': [0.0], 'WallDurations': [0], 'JobIds': ['137314019.0'], 'State': 'idle', 'RecordedSite': False}, '138': {'Retries': 0, 'Restarts': 0, 'SiteHistory': ['Unknown'], 'ResidentSetSize': [0], 'SubmitTimes': [1762278673.0], 'StartTimes': [], 'EndTimes': [], 'TotalUserCpuTimeHistory': [0.0], 'TotalSysCpuTimeHistory': [0.0], 'WallDurations': [0], 'JobIds': ['137314020.0'], 'State': 'idle', 'RecordedSite': False}, '131': {'Retries': 0, 'Restarts': 0, 'SiteHistory': ['Unknown'], 'ResidentSetSize': [0], 'SubmitTimes': [1762278673.0], 'StartTimes': [], 'EndTimes': [], 'TotalUserCpuTimeHistory': [0.0], 'TotalSysCpuTimeHistory': [0.0], 'WallDurations': [0], 'JobIds': ['137314021.0'], 'State': 'idle', 'RecordedSite': False}, '146': {'Retries': 0, 'Restarts': 0, 'SiteHistory': ['Unknown'], 'ResidentSetSize': [0], 'SubmitTimes': [1762278673.0], 'StartTimes': [], 'EndTimes': [], 'TotalUserCpuTimeHistory': [0.0], 'TotalSysCpuTimeHistory': [0.0], 'WallDurations': [0], 'JobIds': ['137314022.0'], 'State': 'idle', 'RecordedSite': False}, '129': {'Retries': 0, 'Restarts': 0, 'SiteHistory': ['Unknown'], 'ResidentSetSize': [0], 'SubmitTimes': [1762278673.0], 'StartTimes': [], 'EndTimes': [], 'TotalUserCpuTimeHistory': [0.0], 'TotalSysCpuTimeHistory': [0.0], 'WallDurations': [0], 'JobIds': ['137314023.0'], 'State': 'idle', 'RecordedSite': False}, '144': {'Retries': 0, 'Restarts': 0, 'SiteHistory': ['Unknown'], 'ResidentSetSize': [0], 'SubmitTimes': [1762278673.0], 'StartTimes': [], 'EndTimes': [], 'TotalUserCpuTimeHistory': [0.0], 'TotalSysCpuTimeHistory': [0.0], 'WallDurations': [0], 'JobIds': ['137314024.0'], 'State': 'idle', 'RecordedSite': False}, '142': {'Retries': 0, 'Restarts': 0, 'SiteHistory': ['Unknown'], 'ResidentSetSize': [0], 'SubmitTimes': [1762278673.0], 'StartTimes': [], 'EndTimes': [], 'TotalUserCpuTimeHistory': [0.0], 'TotalSysCpuTimeHistory': [0.0], 'WallDurations': [0], 'JobIds': ['137314025.0'], 'State': 'idle', 'RecordedSite': False}, '143': {'Retries': 0, 'Restarts': 0, 'SiteHistory': ['Unknown'], 'ResidentSetSize': [0], 'SubmitTimes': [1762278673.0], 'StartTimes': [], 'EndTimes': [], 'TotalUserCpuTimeHistory': [0.0], 'TotalSysCpuTimeHistory': [0.0], 'WallDurations': [0], 'JobIds': ['137314026.0'], 'State': 'idle', 'RecordedSite': False}, '145': {'Retries': 0, 'Restarts': 0, 'SiteHistory': ['Unknown'], 'ResidentSetSize': [0], 'SubmitTimes': [1762278673.0], 'StartTimes': [], 'EndTimes': [], 'TotalUserCpuTimeHistory': [0.0], 'TotalSysCpuTimeHistory': [0.0], 'WallDurations': [0], 'JobIds': ['137314027.0'], 'State': 'idle', 'RecordedSite': False}, '147': {'Retries': 0, 'Restarts': 0, 'SiteHistory': ['Unknown'], 'ResidentSetSize': [0], 'SubmitTimes': [1762278673.0], 'StartTimes': [], 'EndTimes': [], 'TotalUserCpuTimeHistory': [0.0], 'TotalSysCpuTimeHistory': [0.0], 'WallDurations': [0], 'JobIds': ['137314028.0'], 'State': 'idle', 'RecordedSite': False}, '148': {'Retries': 0, 'Restarts': 0, 'SiteHistory': ['Unknown'], 'ResidentSetSize': [0], 'SubmitTimes': [1762278673.0], 'StartTimes': [], 'EndTimes': [], 'TotalUserCpuTimeHistory': [0.0], 'TotalSysCpuTimeHistory': [0.0], 'WallDurations': [0], 'JobIds': ['137314029.0'], 'State': 'idle', 'RecordedSite': False}, '149': {'Retries': 0, 'Restarts': 0, 'SiteHistory': ['Unknown'], 'ResidentSetSize': [0], 'SubmitTimes': [1762278673.0], 'StartTimes': [], 'EndTimes': [], 'TotalUserCpuTimeHistory': [0.0], 'TotalSysCpuTimeHistory': [0.0], 'WallDurations': [0], 'JobIds': ['137314030.0'], 'State': 'idle', 'RecordedSite': False}, '150': {'Retries': 0, 'Restarts': 0, 'SiteHistory': ['Unknown'], 'ResidentSetSize': [0], 'SubmitTimes': [1762278673.0], 'StartTimes': [], 'EndTimes': [], 'TotalUserCpuTimeHistory': [0.0], 'TotalSysCpuTimeHistory': [0.0], 'WallDurations': [0], 'JobIds': ['137314031.0'], 'State': 'idle', 'RecordedSite': False}, '151': {'Retries': 0, 'Restarts': 0, 'SiteHistory': ['Unknown'], 'ResidentSetSize': [0], 'SubmitTimes': [1762278673.0], 'StartTimes': [], 'EndTimes': [], 'TotalUserCpuTimeHistory': [0.0], 'TotalSysCpuTimeHistory': [0.0], 'WallDurations': [0], 'JobIds': ['137314032.0'], 'State': 'idle', 'RecordedSite': False}, '152': {'Retries': 0, 'Restarts': 0, 'SiteHistory': ['Unknown'], 'ResidentSetSize': [0], 'SubmitTimes': [1762278673.0], 'StartTimes': [], 'EndTimes': [], 'TotalUserCpuTimeHistory': [0.0], 'TotalSysCpuTimeHistory': [0.0], 'WallDurations': [0], 'JobIds': ['137314033.0'], 'State': 'idle', 'RecordedSite': False}, '153': {'Retries': 0, 'Restarts': 0, 'SiteHistory': ['Unknown'], 'ResidentSetSize': [0], 'SubmitTimes': [1762278673.0], 'StartTimes': [], 'EndTimes': [], 'TotalUserCpuTimeHistory': [0.0], 'TotalSysCpuTimeHistory': [0.0], 'WallDurations': [0], 'JobIds': ['137314034.0'], 'State': 'idle', 'RecordedSite': False}, '154': {'Retries': 0, 'Restarts': 0, 'SiteHistory': ['Unknown'], 'ResidentSetSize': [0], 'SubmitTimes': [1762278673.0], 'StartTimes': [], 'EndTimes': [], 'TotalUserCpuTimeHistory': [0.0], 'TotalSysCpuTimeHistory': [0.0], 'WallDurations': [0], 'JobIds': ['137314035.0'], 'State': 'idle', 'RecordedSite': False}, '155': {'Retries': 0, 'Restarts': 0, 'SiteHistory': ['Unknown'], 'ResidentSetSize': [0], 'SubmitTimes': [1762278673.0], 'StartTimes': [], 'EndTimes': [], 'TotalUserCpuTimeHistory': [0.0], 'TotalSysCpuTimeHistory': [0.0], 'WallDurations': [0], 'JobIds': ['137314036.0'], 'State': 'idle', 'RecordedSite': False}, '156': {'Retries': 0, 'Restarts': 0, 'SiteHistory': ['Unknown'], 'ResidentSetSize': [0], 'SubmitTimes': [1762278674.0], 'StartTimes': [], 'EndTimes': [], 'TotalUserCpuTimeHistory': [0.0], 'TotalSysCpuTimeHistory': [0.0], 'WallDurations': [0], 'JobIds': ['137314037.0'], 'State': 'idle', 'RecordedSite': False}, '157': {'Retries': 0, 'Restarts': 0, 'SiteHistory': ['Unknown'], 'ResidentSetSize': [0], 'SubmitTimes': [1762278674.0], 'StartTimes': [], 'EndTimes': [], 'TotalUserCpuTimeHistory': [0.0], 'TotalSysCpuTimeHistory': [0.0], 'WallDurations': [0], 'JobIds': ['137314038.0'], 'State': 'idle', 'RecordedSite': False}, '158': {'Retries': 0, 'Restarts': 0, 'SiteHistory': ['Unknown'], 'ResidentSetSize': [0], 'SubmitTimes': [1762278674.0], 'StartTimes': [], 'EndTimes': [], 'TotalUserCpuTimeHistory': [0.0], 'TotalSysCpuTimeHistory': [0.0], 'WallDurations': [0], 'JobIds': ['137314039.0'], 'State': 'idle', 'RecordedSite': False}, '159': {'Retries': 0, 'Restarts': 0, 'SiteHistory': ['Unknown'], 'ResidentSetSize': [0], 'SubmitTimes': [1762278674.0], 'StartTimes': [], 'EndTimes': [], 'TotalUserCpuTimeHistory': [0.0], 'TotalSysCpuTimeHistory': [0.0], 'WallDurations': [0], 'JobIds': ['137314040.0'], 'State': 'idle', 'RecordedSite': False}, '160': {'Retries': 0, 'Restarts': 0, 'SiteHistory': ['Unknown'], 'ResidentSetSize': [0], 'SubmitTimes': [1762278674.0], 'StartTimes': [], 'EndTimes': [], 'TotalUserCpuTimeHistory': [0.0], 'TotalSysCpuTimeHistory': [0.0], 'WallDurations': [0], 'JobIds': ['137314041.0'], 'State': 'idle', 'RecordedSite': False}, '161': {'Retries': 0, 'Restarts': 0, 'SiteHistory': ['Unknown'], 'ResidentSetSize': [0], 'SubmitTimes': [1762278674.0], 'StartTimes': [], 'EndTimes': [], 'TotalUserCpuTimeHistory': [0.0], 'TotalSysCpuTimeHistory': [0.0], 'WallDurations': [0], 'JobIds': ['137314042.0'], 'State': 'idle', 'RecordedSite': False}, '162': {'Retries': 0, 'Restarts': 0, 'SiteHistory': ['Unknown'], 'ResidentSetSize': [0], 'SubmitTimes': [1762278674.0], 'StartTimes': [], 'EndTimes': [], 'TotalUserCpuTimeHistory': [0.0], 'TotalSysCpuTimeHistory': [0.0], 'WallDurations': [0], 'JobIds': ['137314043.0'], 'State': 'idle', 'RecordedSite': False}, '163': {'Retries': 0, 'Restarts': 0, 'SiteHistory': ['Unknown'], 'ResidentSetSize': [0], 'SubmitTimes': [1762278674.0], 'StartTimes': [], 'EndTimes': [], 'TotalUserCpuTimeHistory': [0.0], 'TotalSysCpuTimeHistory': [0.0], 'WallDurations': [0], 'JobIds': ['137314044.0'], 'State': 'idle', 'RecordedSite': False}, '175': {'Retries': 0, 'Restarts': 0, 'SiteHistory': ['Unknown'], 'ResidentSetSize': [0], 'SubmitTimes': [1762278674.0], 'StartTimes': [], 'EndTimes': [], 'TotalUserCpuTimeHistory': [0.0], 'TotalSysCpuTimeHistory': [0.0], 'WallDurations': [0], 'JobIds': ['137314045.0'], 'State': 'idle', 'RecordedSite': False}, '165': {'Retries': 0, 'Restarts': 0, 'SiteHistory': ['Unknown'], 'ResidentSetSize': [0], 'SubmitTimes': [1762278674.0], 'StartTimes': [], 'EndTimes': [], 'TotalUserCpuTimeHistory': [0.0], 'TotalSysCpuTimeHistory': [0.0], 'WallDurations': [0], 'JobIds': ['137314046.0'], 'State': 'idle', 'RecordedSite': False}, '168': {'Retries': 0, 'Restarts': 0, 'SiteHistory': ['Unknown'], 'ResidentSetSize': [0], 'SubmitTimes': [1762278674.0], 'StartTimes': [], 'EndTimes': [], 'TotalUserCpuTimeHistory': [0.0], 'TotalSysCpuTimeHistory': [0.0], 'WallDurations': [0], 'JobIds': ['137314047.0'], 'State': 'idle', 'RecordedSite': False}, '180': {'Retries': 0, 'Restarts': 0, 'SiteHistory': ['Unknown'], 'ResidentSetSize': [0], 'SubmitTimes': [1762278674.0], 'StartTimes': [], 'EndTimes': [], 'TotalUserCpuTimeHistory': [0.0], 'TotalSysCpuTimeHistory': [0.0], 'WallDurations': [0], 'JobIds': ['137314048.0'], 'State': 'idle', 'RecordedSite': False}, '174': {'Retries': 0, 'Restarts': 0, 'SiteHistory': ['Unknown'], 'ResidentSetSize': [0], 'SubmitTimes': [1762278674.0], 'StartTimes': [], 'EndTimes': [], 'TotalUserCpuTimeHistory': [0.0], 'TotalSysCpuTimeHistory': [0.0], 'WallDurations': [0], 'JobIds': ['137314049.0'], 'State': 'idle', 'RecordedSite': False}, '173': {'Retries': 0, 'Restarts': 0, 'SiteHistory': ['Unknown'], 'ResidentSetSize': [0], 'SubmitTimes': [1762278674.0], 'StartTimes': [], 'EndTimes': [], 'TotalUserCpuTimeHistory': [0.0], 'TotalSysCpuTimeHistory': [0.0], 'WallDurations': [0], 'JobIds': ['137314050.0'], 'State': 'idle', 'RecordedSite': False}, '172': {'Retries': 0, 'Restarts': 0, 'SiteHistory': ['Unknown'], 'ResidentSetSize': [0], 'SubmitTimes': [1762278674.0], 'StartTimes': [], 'EndTimes': [], 'TotalUserCpuTimeHistory': [0.0], 'TotalSysCpuTimeHistory': [0.0], 'WallDurations': [0], 'JobIds': ['137314051.0'], 'State': 'idle', 'RecordedSite': False}, '183': {'Retries': 0, 'Restarts': 0, 'SiteHistory': ['Unknown'], 'ResidentSetSize': [0], 'SubmitTimes': [1762278674.0], 'StartTimes': [], 'EndTimes': [], 'TotalUserCpuTimeHistory': [0.0], 'TotalSysCpuTimeHistory': [0.0], 'WallDurations': [0], 'JobIds': ['137314052.0'], 'State': 'idle', 'RecordedSite': False}, '181': {'Retries': 0, 'Restarts': 0, 'SiteHistory': ['Unknown'], 'ResidentSetSize': [0], 'SubmitTimes': [1762278674.0], 'StartTimes': [], 'EndTimes': [], 'TotalUserCpuTimeHistory': [0.0], 'TotalSysCpuTimeHistory': [0.0], 'WallDurations': [0], 'JobIds': ['137314053.0'], 'State': 'idle', 'RecordedSite': False}, '169': {'Retries': 0, 'Restarts': 0, 'SiteHistory': ['Unknown'], 'ResidentSetSize': [0], 'SubmitTimes': [1762278674.0], 'StartTimes': [], 'EndTimes': [], 'TotalUserCpuTimeHistory': [0.0], 'TotalSysCpuTimeHistory': [0.0], 'WallDurations': [0], 'JobIds': ['137314054.0'], 'State': 'idle', 'RecordedSite': False}, '182': {'Retries': 0, 'Restarts': 0, 'SiteHistory': ['Unknown'], 'ResidentSetSize': [0], 'SubmitTimes': [1762278674.0], 'StartTimes': [], 'EndTimes': [], 'TotalUserCpuTimeHistory': [0.0], 'TotalSysCpuTimeHistory': [0.0], 'WallDurations': [0], 'JobIds': ['137314055.0'], 'State': 'idle', 'RecordedSite': False}, '170': {'Retries': 0, 'Restarts': 0, 'SiteHistory': ['Unknown'], 'ResidentSetSize': [0], 'SubmitTimes': [1762278674.0], 'StartTimes': [], 'EndTimes': [], 'TotalUserCpuTimeHistory': [0.0], 'TotalSysCpuTimeHistory': [0.0], 'WallDurations': [0], 'JobIds': ['137314056.0'], 'State': 'idle', 'RecordedSite': False}, '179': {'Retries': 0, 'Restarts': 0, 'SiteHistory': ['Unknown'], 'ResidentSetSize': [0], 'SubmitTimes': [1762278674.0], 'StartTimes': [], 'EndTimes': [], 'TotalUserCpuTimeHistory': [0.0], 'TotalSysCpuTimeHistory': [0.0], 'WallDurations': [0], 'JobIds': ['137314057.0'], 'State': 'idle', 'RecordedSite': False}, '178': {'Retries': 0, 'Restarts': 0, 'SiteHistory': ['Unknown'], 'ResidentSetSize': [0], 'SubmitTimes': [1762278674.0], 'StartTimes': [], 'EndTimes': [], 'TotalUserCpuTimeHistory': [0.0], 'TotalSysCpuTimeHistory': [0.0], 'WallDurations': [0], 'JobIds': ['137314058.0'], 'State': 'idle', 'RecordedSite': False}, '166': {'Retries': 0, 'Restarts': 0, 'SiteHistory': ['Unknown'], 'ResidentSetSize': [0], 'SubmitTimes': [1762278674.0], 'StartTimes': [], 'EndTimes': [], 'TotalUserCpuTimeHistory': [0.0], 'TotalSysCpuTimeHistory': [0.0], 'WallDurations': [0], 'JobIds': ['137314059.0'], 'State': 'idle', 'RecordedSite': False}, '167': {'Retries': 0, 'Restarts': 0, 'SiteHistory': ['Unknown'], 'ResidentSetSize': [0], 'SubmitTimes': [1762278674.0], 'StartTimes': [], 'EndTimes': [], 'TotalUserCpuTimeHistory': [0.0], 'TotalSysCpuTimeHistory': [0.0], 'WallDurations': [0], 'JobIds': ['137314060.0'], 'State': 'idle', 'RecordedSite': False}, '177': {'Retries': 0, 'Restarts': 0, 'SiteHistory': ['Unknown'], 'ResidentSetSize': [0], 'SubmitTimes': [1762278674.0], 'StartTimes': [], 'EndTimes': [], 'TotalUserCpuTimeHistory': [0.0], 'TotalSysCpuTimeHistory': [0.0], 'WallDurations': [0], 'JobIds': ['137314061.0'], 'State': 'idle', 'RecordedSite': False}, '176': {'Retries': 0, 'Restarts': 0, 'SiteHistory': ['Unknown'], 'ResidentSetSize': [0], 'SubmitTimes': [1762278674.0], 'StartTimes': [], 'EndTimes': [], 'TotalUserCpuTimeHistory': [0.0], 'TotalSysCpuTimeHistory': [0.0], 'WallDurations': [0], 'JobIds': ['137314062.0'], 'State': 'idle', 'RecordedSite': False}, '184': {'Retries': 0, 'Restarts': 0, 'SiteHistory': ['Unknown'], 'ResidentSetSize': [0], 'SubmitTimes': [1762278674.0], 'StartTimes': [], 'EndTimes': [], 'TotalUserCpuTimeHistory': [0.0], 'TotalSysCpuTimeHistory': [0.0], 'WallDurations': [0], 'JobIds': ['137314063.0'], 'State': 'idle', 'RecordedSite': False}, '171': {'Retries': 0, 'Restarts': 0, 'SiteHistory': ['Unknown'], 'ResidentSetSize': [0], 'SubmitTimes': [1762278674.0], 'StartTimes': [], 'EndTimes': [], 'TotalUserCpuTimeHistory': [0.0], 'TotalSysCpuTimeHistory': [0.0], 'WallDurations': [0], 'JobIds': ['137314064.0'], 'State': 'idle', 'RecordedSite': False}, '190': {'Retries': 0, 'Restarts': 0, 'SiteHistory': ['Unknown'], 'ResidentSetSize': [0], 'SubmitTimes': [1762278674.0], 'StartTimes': [], 'EndTimes': [], 'TotalUserCpuTimeHistory': [0.0], 'TotalSysCpuTimeHistory': [0.0], 'WallDurations': [0], 'JobIds': ['137314065.0'], 'State': 'idle', 'RecordedSite': False}, '185': {'Retries': 0, 'Restarts': 0, 'SiteHistory': ['Unknown'], 'ResidentSetSize': [0], 'SubmitTimes': [1762278674.0], 'StartTimes': [], 'EndTimes': [], 'TotalUserCpuTimeHistory': [0.0], 'TotalSysCpuTimeHistory': [0.0], 'WallDurations': [0], 'JobIds': ['137314066.0'], 'State': 'idle', 'RecordedSite': False}, '187': {'Retries': 0, 'Restarts': 0, 'SiteHistory': ['Unknown'], 'ResidentSetSize': [0], 'SubmitTimes': [1762278674.0], 'StartTimes': [], 'EndTimes': [], 'TotalUserCpuTimeHistory': [0.0], 'TotalSysCpuTimeHistory': [0.0], 'WallDurations': [0], 'JobIds': ['137314067.0'], 'State': 'idle', 'RecordedSite': False}, '193': {'Retries': 0, 'Restarts': 0, 'SiteHistory': ['Unknown'], 'ResidentSetSize': [0], 'SubmitTimes': [1762278674.0], 'StartTimes': [], 'EndTimes': [], 'TotalUserCpuTimeHistory': [0.0], 'TotalSysCpuTimeHistory': [0.0], 'WallDurations': [0], 'JobIds': ['137314068.0'], 'State': 'idle', 'RecordedSite': False}, '191': {'Retries': 0, 'Restarts': 0, 'SiteHistory': ['Unknown'], 'ResidentSetSize': [0], 'SubmitTimes': [1762278674.0], 'StartTimes': [], 'EndTimes': [], 'TotalUserCpuTimeHistory': [0.0], 'TotalSysCpuTimeHistory': [0.0], 'WallDurations': [0], 'JobIds': ['137314069.0'], 'State': 'idle', 'RecordedSite': False}, '186': {'Retries': 0, 'Restarts': 0, 'SiteHistory': ['Unknown'], 'ResidentSetSize': [0], 'SubmitTimes': [1762278674.0], 'StartTimes': [], 'EndTimes': [], 'TotalUserCpuTimeHistory': [0.0], 'TotalSysCpuTimeHistory': [0.0], 'WallDurations': [0], 'JobIds': ['137314070.0'], 'State': 'idle', 'RecordedSite': False}, '189': {'Retries': 0, 'Restarts': 0, 'SiteHistory': ['Unknown'], 'ResidentSetSize': [0], 'SubmitTimes': [1762278674.0], 'StartTimes': [], 'EndTimes': [], 'TotalUserCpuTimeHistory': [0.0], 'TotalSysCpuTimeHistory': [0.0], 'WallDurations': [0], 'JobIds': ['137314071.0'], 'State': 'idle', 'RecordedSite': False}, '196': {'Retries': 0, 'Restarts': 0, 'SiteHistory': ['Unknown'], 'ResidentSetSize': [0], 'SubmitTimes': [1762278674.0], 'StartTimes': [], 'EndTimes': [], 'TotalUserCpuTimeHistory': [0.0], 'TotalSysCpuTimeHistory': [0.0], 'WallDurations': [0], 'JobIds': ['137314072.0'], 'State': 'idle', 'RecordedSite': False}, '192': {'Retries': 0, 'Restarts': 0, 'SiteHistory': ['Unknown'], 'ResidentSetSize': [0], 'SubmitTimes': [1762278674.0], 'StartTimes': [], 'EndTimes': [], 'TotalUserCpuTimeHistory': [0.0], 'TotalSysCpuTimeHistory': [0.0], 'WallDurations': [0], 'JobIds': ['137314073.0'], 'State': 'idle', 'RecordedSite': False}, '199': {'Retries': 0, 'Restarts': 0, 'SiteHistory': ['Unknown'], 'ResidentSetSize': [0], 'SubmitTimes': [1762278674.0], 'StartTimes': [], 'EndTimes': [], 'TotalUserCpuTimeHistory': [0.0], 'TotalSysCpuTimeHistory': [0.0], 'WallDurations': [0], 'JobIds': ['137314074.0'], 'State': 'idle', 'RecordedSite': False}, '197': {'Retries': 0, 'Restarts': 0, 'SiteHistory': ['Unknown'], 'ResidentSetSize': [0], 'SubmitTimes': [1762278674.0], 'StartTimes': [], 'EndTimes': [], 'TotalUserCpuTimeHistory': [0.0], 'TotalSysCpuTimeHistory': [0.0], 'WallDurations': [0], 'JobIds': ['137314075.0'], 'State': 'idle', 'RecordedSite': False}, '203': {'Retries': 0, 'Restarts': 0, 'SiteHistory': ['Unknown'], 'ResidentSetSize': [0], 'SubmitTimes': [1762278674.0], 'StartTimes': [], 'EndTimes': [], 'TotalUserCpuTimeHistory': [0.0], 'TotalSysCpuTimeHistory': [0.0], 'WallDurations': [0], 'JobIds': ['137314076.0'], 'State': 'idle', 'RecordedSite': False}, '194': {'Retries': 0, 'Restarts': 0, 'SiteHistory': ['Unknown'], 'ResidentSetSize': [0], 'SubmitTimes': [1762278674.0], 'StartTimes': [], 'EndTimes': [], 'TotalUserCpuTimeHistory': [0.0], 'TotalSysCpuTimeHistory': [0.0], 'WallDurations': [0], 'JobIds': ['137314077.0'], 'State': 'idle', 'RecordedSite': False}, '201': {'Retries': 0, 'Restarts': 0, 'SiteHistory': ['Unknown'], 'ResidentSetSize': [0], 'SubmitTimes': [1762278674.0], 'StartTimes': [], 'EndTimes': [], 'TotalUserCpuTimeHistory': [0.0], 'TotalSysCpuTimeHistory': [0.0], 'WallDurations': [0], 'JobIds': ['137314078.0'], 'State': 'idle', 'RecordedSite': False}, '195': {'Retries': 0, 'Restarts': 0, 'SiteHistory': ['Unknown'], 'ResidentSetSize': [0], 'SubmitTimes': [1762278674.0], 'StartTimes': [], 'EndTimes': [], 'TotalUserCpuTimeHistory': [0.0], 'TotalSysCpuTimeHistory': [0.0], 'WallDurations': [0], 'JobIds': ['137314079.0'], 'State': 'idle', 'RecordedSite': False}, '188': {'Retries': 0, 'Restarts': 0, 'SiteHistory': ['Unknown'], 'ResidentSetSize': [0], 'SubmitTimes': [1762278674.0], 'StartTimes': [], 'EndTimes': [], 'TotalUserCpuTimeHistory': [0.0], 'TotalSysCpuTimeHistory': [0.0], 'WallDurations': [0], 'JobIds': ['137314080.0'], 'State': 'idle', 'RecordedSite': False}, '200': {'Retries': 0, 'Restarts': 0, 'SiteHistory': ['Unknown'], 'ResidentSetSize': [0], 'SubmitTimes': [1762278674.0], 'StartTimes': [], 'EndTimes': [], 'TotalUserCpuTimeHistory': [0.0], 'TotalSysCpuTimeHistory': [0.0], 'WallDurations': [0], 'JobIds': ['137314081.0'], 'State': 'idle', 'RecordedSite': False}, '198': {'Retries': 0, 'Restarts': 0, 'SiteHistory': ['Unknown'], 'ResidentSetSize': [0], 'SubmitTimes': [1762278674.0], 'StartTimes': [], 'EndTimes': [], 'TotalUserCpuTimeHistory': [0.0], 'TotalSysCpuTimeHistory': [0.0], 'WallDurations': [0], 'JobIds': ['137314082.0'], 'State': 'idle', 'RecordedSite': False}, '204': {'Retries': 0, 'Restarts': 0, 'SiteHistory': ['Unknown'], 'ResidentSetSize': [0], 'SubmitTimes': [1762278674.0], 'StartTimes': [], 'EndTimes': [], 'TotalUserCpuTimeHistory': [0.0], 'TotalSysCpuTimeHistory': [0.0], 'WallDurations': [0], 'JobIds': ['137314083.0'], 'State': 'idle', 'RecordedSite': False}, '202': {'Retries': 0, 'Restarts': 0, 'SiteHistory': ['Unknown'], 'ResidentSetSize': [0], 'SubmitTimes': [1762278674.0], 'StartTimes': [], 'EndTimes': [], 'TotalUserCpuTimeHistory': [0.0], 'TotalSysCpuTimeHistory': [0.0], 'WallDurations': [0], 'JobIds': ['137314084.0'], 'State': 'idle', 'RecordedSite': False}, '206': {'Retries': 0, 'Restarts': 0, 'SiteHistory': ['Unknown'], 'ResidentSetSize': [0], 'SubmitTimes': [1762278674.0], 'StartTimes': [], 'EndTimes': [], 'TotalUserCpuTimeHistory': [0.0], 'TotalSysCpuTimeHistory': [0.0], 'WallDurations': [0], 'JobIds': ['137314085.0'], 'State': 'idle', 'RecordedSite': False}, '212': {'Retries': 0, 'Restarts': 0, 'SiteHistory': ['Unknown'], 'ResidentSetSize': [0], 'SubmitTimes': [1762278674.0], 'StartTimes': [], 'EndTimes': [], 'TotalUserCpuTimeHistory': [0.0], 'TotalSysCpuTimeHistory': [0.0], 'WallDurations': [0], 'JobIds': ['137314086.0'], 'State': 'idle', 'RecordedSite': False}, '207': {'Retries': 0, 'Restarts': 0, 'SiteHistory': ['Unknown'], 'ResidentSetSize': [0], 'SubmitTimes': [1762278674.0], 'StartTimes': [], 'EndTimes': [], 'TotalUserCpuTimeHistory': [0.0], 'TotalSysCpuTimeHistory': [0.0], 'WallDurations': [0], 'JobIds': ['137314087.0'], 'State': 'idle', 'RecordedSite': False}, '213': {'Retries': 0, 'Restarts': 0, 'SiteHistory': ['Unknown'], 'ResidentSetSize': [0], 'SubmitTimes': [1762278674.0], 'StartTimes': [], 'EndTimes': [], 'TotalUserCpuTimeHistory': [0.0], 'TotalSysCpuTimeHistory': [0.0], 'WallDurations': [0], 'JobIds': ['137314088.0'], 'State': 'idle', 'RecordedSite': False}, '211': {'Retries': 0, 'Restarts': 0, 'SiteHistory': ['Unknown'], 'ResidentSetSize': [0], 'SubmitTimes': [1762278674.0], 'StartTimes': [], 'EndTimes': [], 'TotalUserCpuTimeHistory': [0.0], 'TotalSysCpuTimeHistory': [0.0], 'WallDurations': [0], 'JobIds': ['137314089.0'], 'State': 'idle', 'RecordedSite': False}, '210': {'Retries': 0, 'Restarts': 0, 'SiteHistory': ['Unknown'], 'ResidentSetSize': [0], 'SubmitTimes': [1762278674.0], 'StartTimes': [], 'EndTimes': [], 'TotalUserCpuTimeHistory': [0.0], 'TotalSysCpuTimeHistory': [0.0], 'WallDurations': [0], 'JobIds': ['137314090.0'], 'State': 'idle', 'RecordedSite': False}, '214': {'Retries': 0, 'Restarts': 0, 'SiteHistory': ['Unknown'], 'ResidentSetSize': [0], 'SubmitTimes': [1762278674.0], 'StartTimes': [], 'EndTimes': [], 'TotalUserCpuTimeHistory': [0.0], 'TotalSysCpuTimeHistory': [0.0], 'WallDurations': [0], 'JobIds': ['137314091.0'], 'State': 'idle', 'RecordedSite': False}, '205': {'Retries': 0, 'Restarts': 0, 'SiteHistory': ['Unknown'], 'ResidentSetSize': [0], 'SubmitTimes': [1762278674.0], 'StartTimes': [], 'EndTimes': [], 'TotalUserCpuTimeHistory': [0.0], 'TotalSysCpuTimeHistory': [0.0], 'WallDurations': [0], 'JobIds': ['137314092.0'], 'State': 'idle', 'RecordedSite': False}, '216': {'Retries': 0, 'Restarts': 0, 'SiteHistory': ['Unknown'], 'ResidentSetSize': [0], 'SubmitTimes': [1762278674.0], 'StartTimes': [], 'EndTimes': [], 'TotalUserCpuTimeHistory': [0.0], 'TotalSysCpuTimeHistory': [0.0], 'WallDurations': [0], 'JobIds': ['137314093.0'], 'State': 'idle', 'RecordedSite': False}, '209': {'Retries': 0, 'Restarts': 0, 'SiteHistory': ['Unknown'], 'ResidentSetSize': [0], 'SubmitTimes': [1762278674.0], 'StartTimes': [], 'EndTimes': [], 'TotalUserCpuTimeHistory': [0.0], 'TotalSysCpuTimeHistory': [0.0], 'WallDurations': [0], 'JobIds': ['137314094.0'], 'State': 'idle', 'RecordedSite': False}, '215': {'Retries': 0, 'Restarts': 0, 'SiteHistory': ['Unknown'], 'ResidentSetSize': [0], 'SubmitTimes': [1762278674.0], 'StartTimes': [], 'EndTimes': [], 'TotalUserCpuTimeHistory': [0.0], 'TotalSysCpuTimeHistory': [0.0], 'WallDurations': [0], 'JobIds': ['137314095.0'], 'State': 'idle', 'RecordedSite': False}, '208': {'Retries': 0, 'Restarts': 0, 'SiteHistory': ['Unknown'], 'ResidentSetSize': [0], 'SubmitTimes': [1762278679.0], 'StartTimes': [], 'EndTimes': [], 'TotalUserCpuTimeHistory': [0.0], 'TotalSysCpuTimeHistory': [0.0], 'WallDurations': [0], 'JobIds': ['137314096.0'], 'State': 'idle', 'RecordedSite': False}, '220': {'Retries': 0, 'Restarts': 0, 'SiteHistory': ['Unknown'], 'ResidentSetSize': [0], 'SubmitTimes': [1762278679.0], 'StartTimes': [], 'EndTimes': [], 'TotalUserCpuTimeHistory': [0.0], 'TotalSysCpuTimeHistory': [0.0], 'WallDurations': [0], 'JobIds': ['137314097.0'], 'State': 'idle', 'RecordedSite': False}, '219': {'Retries': 0, 'Restarts': 0, 'SiteHistory': ['Unknown'], 'ResidentSetSize': [0], 'SubmitTimes': [1762278679.0], 'StartTimes': [], 'EndTimes': [], 'TotalUserCpuTimeHistory': [0.0], 'TotalSysCpuTimeHistory': [0.0], 'WallDurations': [0], 'JobIds': ['137314098.0'], 'State': 'idle', 'RecordedSite': False}, '217': {'Retries': 0, 'Restarts': 0, 'SiteHistory': ['Unknown'], 'ResidentSetSize': [0], 'SubmitTimes': [1762278679.0], 'StartTimes': [], 'EndTimes': [], 'TotalUserCpuTimeHistory': [0.0], 'TotalSysCpuTimeHistory': [0.0], 'WallDurations': [0], 'JobIds': ['137314099.0'], 'State': 'idle', 'RecordedSite': False}, '218': {'Retries': 0, 'Restarts': 0, 'SiteHistory': ['Unknown'], 'ResidentSetSize': [0], 'SubmitTimes': [1762278679.0], 'StartTimes': [], 'EndTimes': [], 'TotalUserCpuTimeHistory': [0.0], 'TotalSysCpuTimeHistory': [0.0], 'WallDurations': [0], 'JobIds': ['137314100.0'], 'State': 'idle', 'RecordedSite': False}, '223': {'Retries': 0, 'Restarts': 0, 'SiteHistory': ['Unknown'], 'ResidentSetSize': [0], 'SubmitTimes': [1762278679.0], 'StartTimes': [], 'EndTimes': [], 'TotalUserCpuTimeHistory': [0.0], 'TotalSysCpuTimeHistory': [0.0], 'WallDurations': [0], 'JobIds': ['137314101.0'], 'State': 'idle', 'RecordedSite': False}, '222': {'Retries': 0, 'Restarts': 0, 'SiteHistory': ['Unknown'], 'ResidentSetSize': [0], 'SubmitTimes': [1762278679.0], 'StartTimes': [], 'EndTimes': [], 'TotalUserCpuTimeHistory': [0.0], 'TotalSysCpuTimeHistory': [0.0], 'WallDurations': [0], 'JobIds': ['137314102.0'], 'State': 'idle', 'RecordedSite': False}, '226': {'Retries': 0, 'Restarts': 0, 'SiteHistory': ['Unknown'], 'ResidentSetSize': [0], 'SubmitTimes': [1762278679.0], 'StartTimes': [], 'EndTimes': [], 'TotalUserCpuTimeHistory': [0.0], 'TotalSysCpuTimeHistory': [0.0], 'WallDurations': [0], 'JobIds': ['137314103.0'], 'State': 'idle', 'RecordedSite': False}, '225': {'Retries': 0, 'Restarts': 0, 'SiteHistory': ['Unknown'], 'ResidentSetSize': [0], 'SubmitTimes': [1762278680.0], 'StartTimes': [], 'EndTimes': [], 'TotalUserCpuTimeHistory': [0.0], 'TotalSysCpuTimeHistory': [0.0], 'WallDurations': [0], 'JobIds': ['137314104.0'], 'State': 'idle', 'RecordedSite': False}, '224': {'Retries': 0, 'Restarts': 0, 'SiteHistory': ['Unknown'], 'ResidentSetSize': [0], 'SubmitTimes': [1762278680.0], 'StartTimes': [], 'EndTimes': [], 'TotalUserCpuTimeHistory': [0.0], 'TotalSysCpuTimeHistory': [0.0], 'WallDurations': [0], 'JobIds': ['137314105.0'], 'State': 'idle', 'RecordedSite': False}, '229': {'Retries': 0, 'Restarts': 0, 'SiteHistory': ['Unknown'], 'ResidentSetSize': [0], 'SubmitTimes': [1762278680.0], 'StartTimes': [], 'EndTimes': [], 'TotalUserCpuTimeHistory': [0.0], 'TotalSysCpuTimeHistory': [0.0], 'WallDurations': [0], 'JobIds': ['137314106.0'], 'State': 'idle', 'RecordedSite': False}, '221': {'Retries': 0, 'Restarts': 0, 'SiteHistory': ['Unknown'], 'ResidentSetSize': [0], 'SubmitTimes': [1762278680.0], 'StartTimes': [], 'EndTimes': [], 'TotalUserCpuTimeHistory': [0.0], 'TotalSysCpuTimeHistory': [0.0], 'WallDurations': [0], 'JobIds': ['137314107.0'], 'State': 'idle', 'RecordedSite': False}, '230': {'Retries': 0, 'Restarts': 0, 'SiteHistory': ['Unknown'], 'ResidentSetSize': [0], 'SubmitTimes': [1762278680.0], 'StartTimes': [], 'EndTimes': [], 'TotalUserCpuTimeHistory': [0.0], 'TotalSysCpuTimeHistory': [0.0], 'WallDurations': [0], 'JobIds': ['137314108.0'], 'State': 'idle', 'RecordedSite': False}, '228': {'Retries': 0, 'Restarts': 0, 'SiteHistory': ['Unknown'], 'ResidentSetSize': [0], 'SubmitTimes': [1762278680.0], 'StartTimes': [], 'EndTimes': [], 'TotalUserCpuTimeHistory': [0.0], 'TotalSysCpuTimeHistory': [0.0], 'WallDurations': [0], 'JobIds': ['137314109.0'], 'State': 'idle', 'RecordedSite': False}, '227': {'Retries': 0, 'Restarts': 0, 'SiteHistory': ['Unknown'], 'ResidentSetSize': [0], 'SubmitTimes': [1762278680.0], 'StartTimes': [], 'EndTimes': [], 'TotalUserCpuTimeHistory': [0.0], 'TotalSysCpuTimeHistory': [0.0], 'WallDurations': [0], 'JobIds': ['137314110.0'], 'State': 'idle', 'RecordedSite': False}, '232': {'Retries': 0, 'Restarts': 0, 'SiteHistory': ['Unknown'], 'ResidentSetSize': [0], 'SubmitTimes': [1762278680.0], 'StartTimes': [], 'EndTimes': [], 'TotalUserCpuTimeHistory': [0.0], 'TotalSysCpuTimeHistory': [0.0], 'WallDurations': [0], 'JobIds': ['137314111.0'], 'State': 'idle', 'RecordedSite': False}, '233': {'Retries': 0, 'Restarts': 0, 'SiteHistory': ['Unknown'], 'ResidentSetSize': [0], 'SubmitTimes': [1762278680.0], 'StartTimes': [], 'EndTimes': [], 'TotalUserCpuTimeHistory': [0.0], 'TotalSysCpuTimeHistory': [0.0], 'WallDurations': [0], 'JobIds': ['137314112.0'], 'State': 'idle', 'RecordedSite': False}, '231': {'Retries': 0, 'Restarts': 0, 'SiteHistory': ['Unknown'], 'ResidentSetSize': [0], 'SubmitTimes': [1762278680.0], 'StartTimes': [], 'EndTimes': [], 'TotalUserCpuTimeHistory': [0.0], 'TotalSysCpuTimeHistory': [0.0], 'WallDurations': [0], 'JobIds': ['137314113.0'], 'State': 'idle', 'RecordedSite': False}, '235': {'Retries': 0, 'Restarts': 0, 'SiteHistory': ['Unknown'], 'ResidentSetSize': [0], 'SubmitTimes': [1762278680.0], 'StartTimes': [], 'EndTimes': [], 'TotalUserCpuTimeHistory': [0.0], 'TotalSysCpuTimeHistory': [0.0], 'WallDurations': [0], 'JobIds': ['137314114.0'], 'State': 'idle', 'RecordedSite': False}, '241': {'Retries': 0, 'Restarts': 0, 'SiteHistory': ['Unknown'], 'ResidentSetSize': [0], 'SubmitTimes': [1762278680.0], 'StartTimes': [], 'EndTimes': [], 'TotalUserCpuTimeHistory': [0.0], 'TotalSysCpuTimeHistory': [0.0], 'WallDurations': [0], 'JobIds': ['137314115.0'], 'State': 'idle', 'RecordedSite': False}, '234': {'Retries': 0, 'Restarts': 0, 'SiteHistory': ['Unknown'], 'ResidentSetSize': [0], 'SubmitTimes': [1762278680.0], 'StartTimes': [], 'EndTimes': [], 'TotalUserCpuTimeHistory': [0.0], 'TotalSysCpuTimeHistory': [0.0], 'WallDurations': [0], 'JobIds': ['137314116.0'], 'State': 'idle', 'RecordedSite': False}, '236': {'Retries': 0, 'Restarts': 0, 'SiteHistory': ['Unknown'], 'ResidentSetSize': [0], 'SubmitTimes': [1762278680.0], 'StartTimes': [], 'EndTimes': [], 'TotalUserCpuTimeHistory': [0.0], 'TotalSysCpuTimeHistory': [0.0], 'WallDurations': [0], 'JobIds': ['137314117.0'], 'State': 'idle', 'RecordedSite': False}, '240': {'Retries': 0, 'Restarts': 0, 'SiteHistory': ['Unknown'], 'ResidentSetSize': [0], 'SubmitTimes': [1762278680.0], 'StartTimes': [], 'EndTimes': [], 'TotalUserCpuTimeHistory': [0.0], 'TotalSysCpuTimeHistory': [0.0], 'WallDurations': [0], 'JobIds': ['137314118.0'], 'State': 'idle', 'RecordedSite': False}, '237': {'Retries': 0, 'Restarts': 0, 'SiteHistory': ['Unknown'], 'ResidentSetSize': [0], 'SubmitTimes': [1762278680.0], 'StartTimes': [], 'EndTimes': [], 'TotalUserCpuTimeHistory': [0.0], 'TotalSysCpuTimeHistory': [0.0], 'WallDurations': [0], 'JobIds': ['137314119.0'], 'State': 'idle', 'RecordedSite': False}, '239': {'Retries': 0, 'Restarts': 0, 'SiteHistory': ['Unknown'], 'ResidentSetSize': [0], 'SubmitTimes': [1762278680.0], 'StartTimes': [], 'EndTimes': [], 'TotalUserCpuTimeHistory': [0.0], 'TotalSysCpuTimeHistory': [0.0], 'WallDurations': [0], 'JobIds': ['137314120.0'], 'State': 'idle', 'RecordedSite': False}, '238': {'Retries': 0, 'Restarts': 0, 'SiteHistory': ['Unknown'], 'ResidentSetSize': [0], 'SubmitTimes': [1762278680.0], 'StartTimes': [], 'EndTimes': [], 'TotalUserCpuTimeHistory': [0.0], 'TotalSysCpuTimeHistory': [0.0], 'WallDurations': [0], 'JobIds': ['137314121.0'], 'State': 'idle', 'RecordedSite': False}, '244': {'Retries': 0, 'Restarts': 0, 'SiteHistory': ['Unknown'], 'ResidentSetSize': [0], 'SubmitTimes': [1762278680.0], 'StartTimes': [], 'EndTimes': [], 'TotalUserCpuTimeHistory': [0.0], 'TotalSysCpuTimeHistory': [0.0], 'WallDurations': [0], 'JobIds': ['137314122.0'], 'State': 'idle', 'RecordedSite': False}, '242': {'Retries': 0, 'Restarts': 0, 'SiteHistory': ['Unknown'], 'ResidentSetSize': [0], 'SubmitTimes': [1762278680.0], 'StartTimes': [], 'EndTimes': [], 'TotalUserCpuTimeHistory': [0.0], 'TotalSysCpuTimeHistory': [0.0], 'WallDurations': [0], 'JobIds': ['137314123.0'], 'State': 'idle', 'RecordedSite': False}, '245': {'Retries': 0, 'Restarts': 0, 'SiteHistory': ['Unknown'], 'ResidentSetSize': [0], 'SubmitTimes': [1762278680.0], 'StartTimes': [], 'EndTimes': [], 'TotalUserCpuTimeHistory': [0.0], 'TotalSysCpuTimeHistory': [0.0], 'WallDurations': [0], 'JobIds': ['137314124.0'], 'State': 'idle', 'RecordedSite': False}, '248': {'Retries': 0, 'Restarts': 0, 'SiteHistory': ['Unknown'], 'ResidentSetSize': [0], 'SubmitTimes': [1762278680.0], 'StartTimes': [], 'EndTimes': [], 'TotalUserCpuTimeHistory': [0.0], 'TotalSysCpuTimeHistory': [0.0], 'WallDurations': [0], 'JobIds': ['137314125.0'], 'State': 'idle', 'RecordedSite': False}, '243': {'Retries': 0, 'Restarts': 0, 'SiteHistory': ['Unknown'], 'ResidentSetSize': [0], 'SubmitTimes': [1762278680.0], 'StartTimes': [], 'EndTimes': [], 'TotalUserCpuTimeHistory': [0.0], 'TotalSysCpuTimeHistory': [0.0], 'WallDurations': [0], 'JobIds': ['137314126.0'], 'State': 'idle', 'RecordedSite': False}, '249': {'Retries': 0, 'Restarts': 0, 'SiteHistory': ['Unknown'], 'ResidentSetSize': [0], 'SubmitTimes': [1762278680.0], 'StartTimes': [], 'EndTimes': [], 'TotalUserCpuTimeHistory': [0.0], 'TotalSysCpuTimeHistory': [0.0], 'WallDurations': [0], 'JobIds': ['137314127.0'], 'State': 'idle', 'RecordedSite': False}, '246': {'Retries': 0, 'Restarts': 0, 'SiteHistory': ['Unknown'], 'ResidentSetSize': [0], 'SubmitTimes': [1762278680.0], 'StartTimes': [], 'EndTimes': [], 'TotalUserCpuTimeHistory': [0.0], 'TotalSysCpuTimeHistory': [0.0], 'WallDurations': [0], 'JobIds': ['137314128.0'], 'State': 'idle', 'RecordedSite': False}, '253': {'Retries': 0, 'Restarts': 0, 'SiteHistory': ['Unknown'], 'ResidentSetSize': [0], 'SubmitTimes': [1762278680.0], 'StartTimes': [], 'EndTimes': [], 'TotalUserCpuTimeHistory': [0.0], 'TotalSysCpuTimeHistory': [0.0], 'WallDurations': [0], 'JobIds': ['137314129.0'], 'State': 'idle', 'RecordedSite': False}, '250': {'Retries': 0, 'Restarts': 0, 'SiteHistory': ['Unknown'], 'ResidentSetSize': [0], 'SubmitTimes': [1762278681.0], 'StartTimes': [], 'EndTimes': [], 'TotalUserCpuTimeHistory': [0.0], 'TotalSysCpuTimeHistory': [0.0], 'WallDurations': [0], 'JobIds': ['137314130.0'], 'State': 'idle', 'RecordedSite': False}, '251': {'Retries': 0, 'Restarts': 0, 'SiteHistory': ['Unknown'], 'ResidentSetSize': [0], 'SubmitTimes': [1762278681.0], 'StartTimes': [], 'EndTimes': [], 'TotalUserCpuTimeHistory': [0.0], 'TotalSysCpuTimeHistory': [0.0], 'WallDurations': [0], 'JobIds': ['137314131.0'], 'State': 'idle', 'RecordedSite': False}, '255': {'Retries': 0, 'Restarts': 0, 'SiteHistory': ['Unknown'], 'ResidentSetSize': [0], 'SubmitTimes': [1762278681.0], 'StartTimes': [], 'EndTimes': [], 'TotalUserCpuTimeHistory': [0.0], 'TotalSysCpuTimeHistory': [0.0], 'WallDurations': [0], 'JobIds': ['137314132.0'], 'State': 'idle', 'RecordedSite': False}, '247': {'Retries': 0, 'Restarts': 0, 'SiteHistory': ['Unknown'], 'ResidentSetSize': [0], 'SubmitTimes': [1762278681.0], 'StartTimes': [], 'EndTimes': [], 'TotalUserCpuTimeHistory': [0.0], 'TotalSysCpuTimeHistory': [0.0], 'WallDurations': [0], 'JobIds': ['137314133.0'], 'State': 'idle', 'RecordedSite': False}, '254': {'Retries': 0, 'Restarts': 0, 'SiteHistory': ['Unknown'], 'ResidentSetSize': [0], 'SubmitTimes': [1762278681.0], 'StartTimes': [], 'EndTimes': [], 'TotalUserCpuTimeHistory': [0.0], 'TotalSysCpuTimeHistory': [0.0], 'WallDurations': [0], 'JobIds': ['137314134.0'], 'State': 'idle', 'RecordedSite': False}, '260': {'Retries': 0, 'Restarts': 0, 'SiteHistory': ['Unknown'], 'ResidentSetSize': [0], 'SubmitTimes': [1762278681.0], 'StartTimes': [], 'EndTimes': [], 'TotalUserCpuTimeHistory': [0.0], 'TotalSysCpuTimeHistory': [0.0], 'WallDurations': [0], 'JobIds': ['137314135.0'], 'State': 'idle', 'RecordedSite': False}, '259': {'Retries': 0, 'Restarts': 0, 'SiteHistory': ['Unknown'], 'ResidentSetSize': [0], 'SubmitTimes': [1762278681.0], 'StartTimes': [], 'EndTimes': [], 'TotalUserCpuTimeHistory': [0.0], 'TotalSysCpuTimeHistory': [0.0], 'WallDurations': [0], 'JobIds': ['137314136.0'], 'State': 'idle', 'RecordedSite': False}, '261': {'Retries': 0, 'Restarts': 0, 'SiteHistory': ['Unknown'], 'ResidentSetSize': [0], 'SubmitTimes': [1762278681.0], 'StartTimes': [], 'EndTimes': [], 'TotalUserCpuTimeHistory': [0.0], 'TotalSysCpuTimeHistory': [0.0], 'WallDurations': [0], 'JobIds': ['137314137.0'], 'State': 'idle', 'RecordedSite': False}, '252': {'Retries': 0, 'Restarts': 0, 'SiteHistory': ['Unknown'], 'ResidentSetSize': [0], 'SubmitTimes': [1762278681.0], 'StartTimes': [], 'EndTimes': [], 'TotalUserCpuTimeHistory': [0.0], 'TotalSysCpuTimeHistory': [0.0], 'WallDurations': [0], 'JobIds': ['137314138.0'], 'State': 'idle', 'RecordedSite': False}, '258': {'Retries': 0, 'Restarts': 0, 'SiteHistory': ['Unknown'], 'ResidentSetSize': [0], 'SubmitTimes': [1762278681.0], 'StartTimes': [], 'EndTimes': [], 'TotalUserCpuTimeHistory': [0.0], 'TotalSysCpuTimeHistory': [0.0], 'WallDurations': [0], 'JobIds': ['137314139.0'], 'State': 'idle', 'RecordedSite': False}, '256': {'Retries': 0, 'Restarts': 0, 'SiteHistory': ['Unknown'], 'ResidentSetSize': [0], 'SubmitTimes': [1762278681.0], 'StartTimes': [], 'EndTimes': [], 'TotalUserCpuTimeHistory': [0.0], 'TotalSysCpuTimeHistory': [0.0], 'WallDurations': [0], 'JobIds': ['137314140.0'], 'State': 'idle', 'RecordedSite': False}, '264': {'Retries': 0, 'Restarts': 0, 'SiteHistory': ['Unknown'], 'ResidentSetSize': [0], 'SubmitTimes': [1762278681.0], 'StartTimes': [], 'EndTimes': [], 'TotalUserCpuTimeHistory': [0.0], 'TotalSysCpuTimeHistory': [0.0], 'WallDurations': [0], 'JobIds': ['137314141.0'], 'State': 'idle', 'RecordedSite': False}, '257': {'Retries': 0, 'Restarts': 0, 'SiteHistory': ['Unknown'], 'ResidentSetSize': [0], 'SubmitTimes': [1762278681.0], 'StartTimes': [], 'EndTimes': [], 'TotalUserCpuTimeHistory': [0.0], 'TotalSysCpuTimeHistory': [0.0], 'WallDurations': [0], 'JobIds': ['137314142.0'], 'State': 'idle', 'RecordedSite': False}, '263': {'Retries': 0, 'Restarts': 0, 'SiteHistory': ['Unknown'], 'ResidentSetSize': [0], 'SubmitTimes': [1762278681.0], 'StartTimes': [], 'EndTimes': [], 'TotalUserCpuTimeHistory': [0.0], 'TotalSysCpuTimeHistory': [0.0], 'WallDurations': [0], 'JobIds': ['137314143.0'], 'State': 'idle', 'RecordedSite': False}, '262': {'Retries': 0, 'Restarts': 0, 'SiteHistory': ['Unknown'], 'ResidentSetSize': [0], 'SubmitTimes': [1762278681.0], 'StartTimes': [], 'EndTimes': [], 'TotalUserCpuTimeHistory': [0.0], 'TotalSysCpuTimeHistory': [0.0], 'WallDurations': [0], 'JobIds': ['137314144.0'], 'State': 'idle', 'RecordedSite': False}, '265': {'Retries': 0, 'Restarts': 0, 'SiteHistory': ['Unknown'], 'ResidentSetSize': [0], 'SubmitTimes': [1762278681.0], 'StartTimes': [], 'EndTimes': [], 'TotalUserCpuTimeHistory': [0.0], 'TotalSysCpuTimeHistory': [0.0], 'WallDurations': [0], 'JobIds': ['137314145.0'], 'State': 'idle', 'RecordedSite': False}, '272': {'Retries': 0, 'Restarts': 0, 'SiteHistory': ['Unknown'], 'ResidentSetSize': [0], 'SubmitTimes': [1762278681.0], 'StartTimes': [], 'EndTimes': [], 'TotalUserCpuTimeHistory': [0.0], 'TotalSysCpuTimeHistory': [0.0], 'WallDurations': [0], 'JobIds': ['137314146.0'], 'State': 'idle', 'RecordedSite': False}, '269': {'Retries': 0, 'Restarts': 0, 'SiteHistory': ['Unknown'], 'ResidentSetSize': [0], 'SubmitTimes': [1762278681.0], 'StartTimes': [], 'EndTimes': [], 'TotalUserCpuTimeHistory': [0.0], 'TotalSysCpuTimeHistory': [0.0], 'WallDurations': [0], 'JobIds': ['137314147.0'], 'State': 'idle', 'RecordedSite': False}, '267': {'Retries': 0, 'Restarts': 0, 'SiteHistory': ['Unknown'], 'ResidentSetSize': [0], 'SubmitTimes': [1762278681.0], 'StartTimes': [], 'EndTimes': [], 'TotalUserCpuTimeHistory': [0.0], 'TotalSysCpuTimeHistory': [0.0], 'WallDurations': [0], 'JobIds': ['137314148.0'], 'State': 'idle', 'RecordedSite': False}, '266': {'Retries': 0, 'Restarts': 0, 'SiteHistory': ['Unknown'], 'ResidentSetSize': [0], 'SubmitTimes': [1762278681.0], 'StartTimes': [], 'EndTimes': [], 'TotalUserCpuTimeHistory': [0.0], 'TotalSysCpuTimeHistory': [0.0], 'WallDurations': [0], 'JobIds': ['137314149.0'], 'State': 'idle', 'RecordedSite': False}, '273': {'Retries': 0, 'Restarts': 0, 'SiteHistory': ['Unknown'], 'ResidentSetSize': [0], 'SubmitTimes': [1762278681.0], 'StartTimes': [], 'EndTimes': [], 'TotalUserCpuTimeHistory': [0.0], 'TotalSysCpuTimeHistory': [0.0], 'WallDurations': [0], 'JobIds': ['137314150.0'], 'State': 'idle', 'RecordedSite': False}, '268': {'Retries': 0, 'Restarts': 0, 'SiteHistory': ['Unknown'], 'ResidentSetSize': [0], 'SubmitTimes': [1762278681.0], 'StartTimes': [], 'EndTimes': [], 'TotalUserCpuTimeHistory': [0.0], 'TotalSysCpuTimeHistory': [0.0], 'WallDurations': [0], 'JobIds': ['137314151.0'], 'State': 'idle', 'RecordedSite': False}, '270': {'Retries': 0, 'Restarts': 0, 'SiteHistory': ['Unknown'], 'ResidentSetSize': [0], 'SubmitTimes': [1762278681.0], 'StartTimes': [], 'EndTimes': [], 'TotalUserCpuTimeHistory': [0.0], 'TotalSysCpuTimeHistory': [0.0], 'WallDurations': [0], 'JobIds': ['137314152.0'], 'State': 'idle', 'RecordedSite': False}, '271': {'Retries': 0, 'Restarts': 0, 'SiteHistory': ['Unknown'], 'ResidentSetSize': [0], 'SubmitTimes': [1762278681.0], 'StartTimes': [], 'EndTimes': [], 'TotalUserCpuTimeHistory': [0.0], 'TotalSysCpuTimeHistory': [0.0], 'WallDurations': [0], 'JobIds': ['137314153.0'], 'State': 'idle', 'RecordedSite': False}, '274': {'Retries': 0, 'Restarts': 0, 'SiteHistory': ['Unknown'], 'ResidentSetSize': [0], 'SubmitTimes': [1762278682.0], 'StartTimes': [], 'EndTimes': [], 'TotalUserCpuTimeHistory': [0.0], 'TotalSysCpuTimeHistory': [0.0], 'WallDurations': [0], 'JobIds': ['137314154.0'], 'State': 'idle', 'RecordedSite': False}, '275': {'Retries': 0, 'Restarts': 0, 'SiteHistory': ['Unknown'], 'ResidentSetSize': [0], 'SubmitTimes': [1762278682.0], 'StartTimes': [], 'EndTimes': [], 'TotalUserCpuTimeHistory': [0.0], 'TotalSysCpuTimeHistory': [0.0], 'WallDurations': [0], 'JobIds': ['137314155.0'], 'State': 'idle', 'RecordedSite': False}, '276': {'Retries': 0, 'Restarts': 0, 'SiteHistory': ['Unknown'], 'ResidentSetSize': [0], 'SubmitTimes': [1762278682.0], 'StartTimes': [], 'EndTimes': [], 'TotalUserCpuTimeHistory': [0.0], 'TotalSysCpuTimeHistory': [0.0], 'WallDurations': [0], 'JobIds': ['137314156.0'], 'State': 'idle', 'RecordedSite': False}, '277': {'Retries': 0, 'Restarts': 0, 'SiteHistory': ['Unknown'], 'ResidentSetSize': [0], 'SubmitTimes': [1762278682.0], 'StartTimes': [], 'EndTimes': [], 'TotalUserCpuTimeHistory': [0.0], 'TotalSysCpuTimeHistory': [0.0], 'WallDurations': [0], 'JobIds': ['137314157.0'], 'State': 'idle', 'RecordedSite': False}, '278': {'Retries': 0, 'Restarts': 0, 'SiteHistory': ['Unknown'], 'ResidentSetSize': [0], 'SubmitTimes': [1762278682.0], 'StartTimes': [], 'EndTimes': [], 'TotalUserCpuTimeHistory': [0.0], 'TotalSysCpuTimeHistory': [0.0], 'WallDurations': [0], 'JobIds': ['137314158.0'], 'State': 'idle', 'RecordedSite': False}, '279': {'Retries': 0, 'Restarts': 0, 'SiteHistory': ['Unknown'], 'ResidentSetSize': [0], 'SubmitTimes': [1762278682.0], 'StartTimes': [], 'EndTimes': [], 'TotalUserCpuTimeHistory': [0.0], 'TotalSysCpuTimeHistory': [0.0], 'WallDurations': [0], 'JobIds': ['137314159.0'], 'State': 'idle', 'RecordedSite': False}, '280': {'Retries': 0, 'Restarts': 0, 'SiteHistory': ['Unknown'], 'ResidentSetSize': [0], 'SubmitTimes': [1762278682.0], 'StartTimes': [], 'EndTimes': [], 'TotalUserCpuTimeHistory': [0.0], 'TotalSysCpuTimeHistory': [0.0], 'WallDurations': [0], 'JobIds': ['137314160.0'], 'State': 'idle', 'RecordedSite': False}, '281': {'Retries': 0, 'Restarts': 0, 'SiteHistory': ['Unknown'], 'ResidentSetSize': [0], 'SubmitTimes': [1762278682.0], 'StartTimes': [], 'EndTimes': [], 'TotalUserCpuTimeHistory': [0.0], 'TotalSysCpuTimeHistory': [0.0], 'WallDurations': [0], 'JobIds': ['137314161.0'], 'State': 'idle', 'RecordedSite': False}, '282': {'Retries': 0, 'Restarts': 0, 'SiteHistory': ['Unknown'], 'ResidentSetSize': [0], 'SubmitTimes': [1762278682.0], 'StartTimes': [], 'EndTimes': [], 'TotalUserCpuTimeHistory': [0.0], 'TotalSysCpuTimeHistory': [0.0], 'WallDurations': [0], 'JobIds': ['137314162.0'], 'State': 'idle', 'RecordedSite': False}, '283': {'Retries': 0, 'Restarts': 0, 'SiteHistory': ['Unknown'], 'ResidentSetSize': [0], 'SubmitTimes': [1762278682.0], 'StartTimes': [], 'EndTimes': [], 'TotalUserCpuTimeHistory': [0.0], 'TotalSysCpuTimeHistory': [0.0], 'WallDurations': [0], 'JobIds': ['137314163.0'], 'State': 'idle', 'RecordedSite': False}, '284': {'Retries': 0, 'Restarts': 0, 'SiteHistory': ['Unknown'], 'ResidentSetSize': [0], 'SubmitTimes': [1762278682.0], 'StartTimes': [], 'EndTimes': [], 'TotalUserCpuTimeHistory': [0.0], 'TotalSysCpuTimeHistory': [0.0], 'WallDurations': [0], 'JobIds': ['137314164.0'], 'State': 'idle', 'RecordedSite': False}, '285': {'Retries': 0, 'Restarts': 0, 'SiteHistory': ['Unknown'], 'ResidentSetSize': [0], 'SubmitTimes': [1762278682.0], 'StartTimes': [], 'EndTimes': [], 'TotalUserCpuTimeHistory': [0.0], 'TotalSysCpuTimeHistory': [0.0], 'WallDurations': [0], 'JobIds': ['137314165.0'], 'State': 'idle', 'RecordedSite': False}, '286': {'Retries': 0, 'Restarts': 0, 'SiteHistory': ['Unknown'], 'ResidentSetSize': [0], 'SubmitTimes': [1762278682.0], 'StartTimes': [], 'EndTimes': [], 'TotalUserCpuTimeHistory': [0.0], 'TotalSysCpuTimeHistory': [0.0], 'WallDurations': [0], 'JobIds': ['137314166.0'], 'State': 'idle', 'RecordedSite': False}, '287': {'Retries': 0, 'Restarts': 0, 'SiteHistory': ['Unknown'], 'ResidentSetSize': [0], 'SubmitTimes': [1762278682.0], 'StartTimes': [], 'EndTimes': [], 'TotalUserCpuTimeHistory': [0.0], 'TotalSysCpuTimeHistory': [0.0], 'WallDurations': [0], 'JobIds': ['137314167.0'], 'State': 'idle', 'RecordedSite': False}, '288': {'Retries': 0, 'Restarts': 0, 'SiteHistory': ['Unknown'], 'ResidentSetSize': [0], 'SubmitTimes': [1762278682.0], 'StartTimes': [], 'EndTimes': [], 'TotalUserCpuTimeHistory': [0.0], 'TotalSysCpuTimeHistory': [0.0], 'WallDurations': [0], 'JobIds': ['137314168.0'], 'State': 'idle', 'RecordedSite': False}, '289': {'Retries': 0, 'Restarts': 0, 'SiteHistory': ['Unknown'], 'ResidentSetSize': [0], 'SubmitTimes': [1762278682.0], 'StartTimes': [], 'EndTimes': [], 'TotalUserCpuTimeHistory': [0.0], 'TotalSysCpuTimeHistory': [0.0], 'WallDurations': [0], 'JobIds': ['137314169.0'], 'State': 'idle', 'RecordedSite': False}, '290': {'Retries': 0, 'Restarts': 0, 'SiteHistory': ['Unknown'], 'ResidentSetSize': [0], 'SubmitTimes': [1762278682.0], 'StartTimes': [], 'EndTimes': [], 'TotalUserCpuTimeHistory': [0.0], 'TotalSysCpuTimeHistory': [0.0], 'WallDurations': [0], 'JobIds': ['137314170.0'], 'State': 'idle', 'RecordedSite': False}, '293': {'Retries': 0, 'Restarts': 0, 'SiteHistory': ['Unknown'], 'ResidentSetSize': [0], 'SubmitTimes': [1762278682.0], 'StartTimes': [], 'EndTimes': [], 'TotalUserCpuTimeHistory': [0.0], 'TotalSysCpuTimeHistory': [0.0], 'WallDurations': [0], 'JobIds': ['137314171.0'], 'State': 'idle', 'RecordedSite': False}, '302': {'Retries': 0, 'Restarts': 0, 'SiteHistory': ['Unknown'], 'ResidentSetSize': [0], 'SubmitTimes': [1762278682.0], 'StartTimes': [], 'EndTimes': [], 'TotalUserCpuTimeHistory': [0.0], 'TotalSysCpuTimeHistory': [0.0], 'WallDurations': [0], 'JobIds': ['137314172.0'], 'State': 'idle', 'RecordedSite': False}, '305': {'Retries': 0, 'Restarts': 0, 'SiteHistory': ['Unknown'], 'ResidentSetSize': [0], 'SubmitTimes': [1762278682.0], 'StartTimes': [], 'EndTimes': [], 'TotalUserCpuTimeHistory': [0.0], 'TotalSysCpuTimeHistory': [0.0], 'WallDurations': [0], 'JobIds': ['137314173.0'], 'State': 'idle', 'RecordedSite': False}, '308': {'Retries': 0, 'Restarts': 0, 'SiteHistory': ['Unknown'], 'ResidentSetSize': [0], 'SubmitTimes': [1762278682.0], 'StartTimes': [], 'EndTimes': [], 'TotalUserCpuTimeHistory': [0.0], 'TotalSysCpuTimeHistory': [0.0], 'WallDurations': [0], 'JobIds': ['137314174.0'], 'State': 'idle', 'RecordedSite': False}, '297': {'Retries': 0, 'Restarts': 0, 'SiteHistory': ['Unknown'], 'ResidentSetSize': [0], 'SubmitTimes': [1762278682.0], 'StartTimes': [], 'EndTimes': [], 'TotalUserCpuTimeHistory': [0.0], 'TotalSysCpuTimeHistory': [0.0], 'WallDurations': [0], 'JobIds': ['137314175.0'], 'State': 'idle', 'RecordedSite': False}, '299': {'Retries': 0, 'Restarts': 0, 'SiteHistory': ['Unknown'], 'ResidentSetSize': [0], 'SubmitTimes': [1762278682.0], 'StartTimes': [], 'EndTimes': [], 'TotalUserCpuTimeHistory': [0.0], 'TotalSysCpuTimeHistory': [0.0], 'WallDurations': [0], 'JobIds': ['137314176.0'], 'State': 'idle', 'RecordedSite': False}, '303': {'Retries': 0, 'Restarts': 0, 'SiteHistory': ['Unknown'], 'ResidentSetSize': [0], 'SubmitTimes': [1762278682.0], 'StartTimes': [], 'EndTimes': [], 'TotalUserCpuTimeHistory': [0.0], 'TotalSysCpuTimeHistory': [0.0], 'WallDurations': [0], 'JobIds': ['137314177.0'], 'State': 'idle', 'RecordedSite': False}, '307': {'Retries': 0, 'Restarts': 0, 'SiteHistory': ['Unknown'], 'ResidentSetSize': [0], 'SubmitTimes': [1762278682.0], 'StartTimes': [], 'EndTimes': [], 'TotalUserCpuTimeHistory': [0.0], 'TotalSysCpuTimeHistory': [0.0], 'WallDurations': [0], 'JobIds': ['137314178.0'], 'State': 'idle', 'RecordedSite': False}, '311': {'Retries': 0, 'Restarts': 0, 'SiteHistory': ['Unknown'], 'ResidentSetSize': [0], 'SubmitTimes': [1762278682.0], 'StartTimes': [], 'EndTimes': [], 'TotalUserCpuTimeHistory': [0.0], 'TotalSysCpuTimeHistory': [0.0], 'WallDurations': [0], 'JobIds': ['137314179.0'], 'State': 'idle', 'RecordedSite': False}, '294': {'Retries': 0, 'Restarts': 0, 'SiteHistory': ['Unknown'], 'ResidentSetSize': [0], 'SubmitTimes': [1762278682.0], 'StartTimes': [], 'EndTimes': [], 'TotalUserCpuTimeHistory': [0.0], 'TotalSysCpuTimeHistory': [0.0], 'WallDurations': [0], 'JobIds': ['137314180.0'], 'State': 'idle', 'RecordedSite': False}, '300': {'Retries': 0, 'Restarts': 0, 'SiteHistory': ['Unknown'], 'ResidentSetSize': [0], 'SubmitTimes': [1762278682.0], 'StartTimes': [], 'EndTimes': [], 'TotalUserCpuTimeHistory': [0.0], 'TotalSysCpuTimeHistory': [0.0], 'WallDurations': [0], 'JobIds': ['137314181.0'], 'State': 'idle', 'RecordedSite': False}, '304': {'Retries': 0, 'Restarts': 0, 'SiteHistory': ['Unknown'], 'ResidentSetSize': [0], 'SubmitTimes': [1762278682.0], 'StartTimes': [], 'EndTimes': [], 'TotalUserCpuTimeHistory': [0.0], 'TotalSysCpuTimeHistory': [0.0], 'WallDurations': [0], 'JobIds': ['137314182.0'], 'State': 'idle', 'RecordedSite': False}, '310': {'Retries': 0, 'Restarts': 0, 'SiteHistory': ['Unknown'], 'ResidentSetSize': [0], 'SubmitTimes': [1762278682.0], 'StartTimes': [], 'EndTimes': [], 'TotalUserCpuTimeHistory': [0.0], 'TotalSysCpuTimeHistory': [0.0], 'WallDurations': [0], 'JobIds': ['137314183.0'], 'State': 'idle', 'RecordedSite': False}, '306': {'Retries': 0, 'Restarts': 0, 'SiteHistory': ['Unknown'], 'ResidentSetSize': [0], 'SubmitTimes': [1762278682.0], 'StartTimes': [], 'EndTimes': [], 'TotalUserCpuTimeHistory': [0.0], 'TotalSysCpuTimeHistory': [0.0], 'WallDurations': [0], 'JobIds': ['137314184.0'], 'State': 'idle', 'RecordedSite': False}, '301': {'Retries': 0, 'Restarts': 0, 'SiteHistory': ['Unknown'], 'ResidentSetSize': [0], 'SubmitTimes': [1762278682.0], 'StartTimes': [], 'EndTimes': [], 'TotalUserCpuTimeHistory': [0.0], 'TotalSysCpuTimeHistory': [0.0], 'WallDurations': [0], 'JobIds': ['137314185.0'], 'State': 'idle', 'RecordedSite': False}, '309': {'Retries': 0, 'Restarts': 0, 'SiteHistory': ['Unknown'], 'ResidentSetSize': [0], 'SubmitTimes': [1762278682.0], 'StartTimes': [], 'EndTimes': [], 'TotalUserCpuTimeHistory': [0.0], 'TotalSysCpuTimeHistory': [0.0], 'WallDurations': [0], 'JobIds': ['137314186.0'], 'State': 'idle', 'RecordedSite': False}, '295': {'Retries': 0, 'Restarts': 0, 'SiteHistory': ['Unknown'], 'ResidentSetSize': [0], 'SubmitTimes': [1762278682.0], 'StartTimes': [], 'EndTimes': [], 'TotalUserCpuTimeHistory': [0.0], 'TotalSysCpuTimeHistory': [0.0], 'WallDurations': [0], 'JobIds': ['137314187.0'], 'State': 'idle', 'RecordedSite': False}, '317': {'Retries': 0, 'Restarts': 0, 'SiteHistory': ['Unknown'], 'ResidentSetSize': [0], 'SubmitTimes': [1762278682.0], 'StartTimes': [], 'EndTimes': [], 'TotalUserCpuTimeHistory': [0.0], 'TotalSysCpuTimeHistory': [0.0], 'WallDurations': [0], 'JobIds': ['137314188.0'], 'State': 'idle', 'RecordedSite': False}, '312': {'Retries': 0, 'Restarts': 0, 'SiteHistory': ['Unknown'], 'ResidentSetSize': [0], 'SubmitTimes': [1762278682.0], 'StartTimes': [], 'EndTimes': [], 'TotalUserCpuTimeHistory': [0.0], 'TotalSysCpuTimeHistory': [0.0], 'WallDurations': [0], 'JobIds': ['137314189.0'], 'State': 'idle', 'RecordedSite': False}, '292': {'Retries': 0, 'Restarts': 0, 'SiteHistory': ['Unknown'], 'ResidentSetSize': [0], 'SubmitTimes': [1762278682.0], 'StartTimes': [], 'EndTimes': [], 'TotalUserCpuTimeHistory': [0.0], 'TotalSysCpuTimeHistory': [0.0], 'WallDurations': [0], 'JobIds': ['137314190.0'], 'State': 'idle', 'RecordedSite': False}, '298': {'Retries': 0, 'Restarts': 0, 'SiteHistory': ['Unknown'], 'ResidentSetSize': [0], 'SubmitTimes': [1762278682.0], 'StartTimes': [], 'EndTimes': [], 'TotalUserCpuTimeHistory': [0.0], 'TotalSysCpuTimeHistory': [0.0], 'WallDurations': [0], 'JobIds': ['137314191.0'], 'State': 'idle', 'RecordedSite': False}, '296': {'Retries': 0, 'Restarts': 0, 'SiteHistory': ['Unknown'], 'ResidentSetSize': [0], 'SubmitTimes': [1762278682.0], 'StartTimes': [], 'EndTimes': [], 'TotalUserCpuTimeHistory': [0.0], 'TotalSysCpuTimeHistory': [0.0], 'WallDurations': [0], 'JobIds': ['137314192.0'], 'State': 'idle', 'RecordedSite': False}, '316': {'Retries': 0, 'Restarts': 0, 'SiteHistory': ['Unknown'], 'ResidentSetSize': [0], 'SubmitTimes': [1762278682.0], 'StartTimes': [], 'EndTimes': [], 'TotalUserCpuTimeHistory': [0.0], 'TotalSysCpuTimeHistory': [0.0], 'WallDurations': [0], 'JobIds': ['137314193.0'], 'State': 'idle', 'RecordedSite': False}, '318': {'Retries': 0, 'Restarts': 0, 'SiteHistory': ['Unknown'], 'ResidentSetSize': [0], 'SubmitTimes': [1762278682.0], 'StartTimes': [], 'EndTimes': [], 'TotalUserCpuTimeHistory': [0.0], 'TotalSysCpuTimeHistory': [0.0], 'WallDurations': [0], 'JobIds': ['137314194.0'], 'State': 'idle', 'RecordedSite': False}, '322': {'Retries': 0, 'Restarts': 0, 'SiteHistory': ['Unknown'], 'ResidentSetSize': [0], 'SubmitTimes': [1762278682.0], 'StartTimes': [], 'EndTimes': [], 'TotalUserCpuTimeHistory': [0.0], 'TotalSysCpuTimeHistory': [0.0], 'WallDurations': [0], 'JobIds': ['137314195.0'], 'State': 'idle', 'RecordedSite': False}, '313': {'Retries': 0, 'Restarts': 0, 'SiteHistory': ['Unknown'], 'ResidentSetSize': [0], 'SubmitTimes': [1762278687.0], 'StartTimes': [], 'EndTimes': [], 'TotalUserCpuTimeHistory': [0.0], 'TotalSysCpuTimeHistory': [0.0], 'WallDurations': [0], 'JobIds': ['137314196.0'], 'State': 'idle', 'RecordedSite': False}, '328': {'Retries': 0, 'Restarts': 0, 'SiteHistory': ['Unknown'], 'ResidentSetSize': [0], 'SubmitTimes': [1762278687.0], 'StartTimes': [], 'EndTimes': [], 'TotalUserCpuTimeHistory': [0.0], 'TotalSysCpuTimeHistory': [0.0], 'WallDurations': [0], 'JobIds': ['137314197.0'], 'State': 'idle', 'RecordedSite': False}, '314': {'Retries': 0, 'Restarts': 0, 'SiteHistory': ['Unknown'], 'ResidentSetSize': [0], 'SubmitTimes': [1762278687.0], 'StartTimes': [], 'EndTimes': [], 'TotalUserCpuTimeHistory': [0.0], 'TotalSysCpuTimeHistory': [0.0], 'WallDurations': [0], 'JobIds': ['137314198.0'], 'State': 'idle', 'RecordedSite': False}, '315': {'Retries': 0, 'Restarts': 0, 'SiteHistory': ['Unknown'], 'ResidentSetSize': [0], 'SubmitTimes': [1762278687.0], 'StartTimes': [], 'EndTimes': [], 'TotalUserCpuTimeHistory': [0.0], 'TotalSysCpuTimeHistory': [0.0], 'WallDurations': [0], 'JobIds': ['137314199.0'], 'State': 'idle', 'RecordedSite': False}, '323': {'Retries': 0, 'Restarts': 0, 'SiteHistory': ['Unknown'], 'ResidentSetSize': [0], 'SubmitTimes': [1762278687.0], 'StartTimes': [], 'EndTimes': [], 'TotalUserCpuTimeHistory': [0.0], 'TotalSysCpuTimeHistory': [0.0], 'WallDurations': [0], 'JobIds': ['137314200.0'], 'State': 'idle', 'RecordedSite': False}, '321': {'Retries': 0, 'Restarts': 0, 'SiteHistory': ['Unknown'], 'ResidentSetSize': [0], 'SubmitTimes': [1762278688.0], 'StartTimes': [], 'EndTimes': [], 'TotalUserCpuTimeHistory': [0.0], 'TotalSysCpuTimeHistory': [0.0], 'WallDurations': [0], 'JobIds': ['137314201.0'], 'State': 'idle', 'RecordedSite': False}, '324': {'Retries': 0, 'Restarts': 0, 'SiteHistory': ['Unknown'], 'ResidentSetSize': [0], 'SubmitTimes': [1762278688.0], 'StartTimes': [], 'EndTimes': [], 'TotalUserCpuTimeHistory': [0.0], 'TotalSysCpuTimeHistory': [0.0], 'WallDurations': [0], 'JobIds': ['137314202.0'], 'State': 'idle', 'RecordedSite': False}, '320': {'Retries': 0, 'Restarts': 0, 'SiteHistory': ['Unknown'], 'ResidentSetSize': [0], 'SubmitTimes': [1762278688.0], 'StartTimes': [], 'EndTimes': [], 'TotalUserCpuTimeHistory': [0.0], 'TotalSysCpuTimeHistory': [0.0], 'WallDurations': [0], 'JobIds': ['137314203.0'], 'State': 'idle', 'RecordedSite': False}, '319': {'Retries': 0, 'Restarts': 0, 'SiteHistory': ['Unknown'], 'ResidentSetSize': [0], 'SubmitTimes': [1762278688.0], 'StartTimes': [], 'EndTimes': [], 'TotalUserCpuTimeHistory': [0.0], 'TotalSysCpuTimeHistory': [0.0], 'WallDurations': [0], 'JobIds': ['137314204.0'], 'State': 'idle', 'RecordedSite': False}, '325': {'Retries': 0, 'Restarts': 0, 'SiteHistory': ['Unknown'], 'ResidentSetSize': [0], 'SubmitTimes': [1762278688.0], 'StartTimes': [], 'EndTimes': [], 'TotalUserCpuTimeHistory': [0.0], 'TotalSysCpuTimeHistory': [0.0], 'WallDurations': [0], 'JobIds': ['137314205.0'], 'State': 'idle', 'RecordedSite': False}, '327': {'Retries': 0, 'Restarts': 0, 'SiteHistory': ['Unknown'], 'ResidentSetSize': [0], 'SubmitTimes': [1762278688.0], 'StartTimes': [], 'EndTimes': [], 'TotalUserCpuTimeHistory': [0.0], 'TotalSysCpuTimeHistory': [0.0], 'WallDurations': [0], 'JobIds': ['137314206.0'], 'State': 'idle', 'RecordedSite': False}, '342': {'Retries': 0, 'Restarts': 0, 'SiteHistory': ['Unknown'], 'ResidentSetSize': [0], 'SubmitTimes': [1762278688.0], 'StartTimes': [], 'EndTimes': [], 'TotalUserCpuTimeHistory': [0.0], 'TotalSysCpuTimeHistory': [0.0], 'WallDurations': [0], 'JobIds': ['137314207.0'], 'State': 'idle', 'RecordedSite': False}, '329': {'Retries': 0, 'Restarts': 0, 'SiteHistory': ['Unknown'], 'ResidentSetSize': [0], 'SubmitTimes': [1762278688.0], 'StartTimes': [], 'EndTimes': [], 'TotalUserCpuTimeHistory': [0.0], 'TotalSysCpuTimeHistory': [0.0], 'WallDurations': [0], 'JobIds': ['137314208.0'], 'State': 'idle', 'RecordedSite': False}, '330': {'Retries': 0, 'Restarts': 0, 'SiteHistory': ['Unknown'], 'ResidentSetSize': [0], 'SubmitTimes': [1762278688.0], 'StartTimes': [], 'EndTimes': [], 'TotalUserCpuTimeHistory': [0.0], 'TotalSysCpuTimeHistory': [0.0], 'WallDurations': [0], 'JobIds': ['137314209.0'], 'State': 'idle', 'RecordedSite': False}, '337': {'Retries': 0, 'Restarts': 0, 'SiteHistory': ['Unknown'], 'ResidentSetSize': [0], 'SubmitTimes': [1762278688.0], 'StartTimes': [], 'EndTimes': [], 'TotalUserCpuTimeHistory': [0.0], 'TotalSysCpuTimeHistory': [0.0], 'WallDurations': [0], 'JobIds': ['137314210.0'], 'State': 'idle', 'RecordedSite': False}, '326': {'Retries': 0, 'Restarts': 0, 'SiteHistory': ['Unknown'], 'ResidentSetSize': [0], 'SubmitTimes': [1762278688.0], 'StartTimes': [], 'EndTimes': [], 'TotalUserCpuTimeHistory': [0.0], 'TotalSysCpuTimeHistory': [0.0], 'WallDurations': [0], 'JobIds': ['137314211.0'], 'State': 'idle', 'RecordedSite': False}, '335': {'Retries': 0, 'Restarts': 0, 'SiteHistory': ['Unknown'], 'ResidentSetSize': [0], 'SubmitTimes': [1762278688.0], 'StartTimes': [], 'EndTimes': [], 'TotalUserCpuTimeHistory': [0.0], 'TotalSysCpuTimeHistory': [0.0], 'WallDurations': [0], 'JobIds': ['137314212.0'], 'State': 'idle', 'RecordedSite': False}, '332': {'Retries': 0, 'Restarts': 0, 'SiteHistory': ['Unknown'], 'ResidentSetSize': [0], 'SubmitTimes': [1762278688.0], 'StartTimes': [], 'EndTimes': [], 'TotalUserCpuTimeHistory': [0.0], 'TotalSysCpuTimeHistory': [0.0], 'WallDurations': [0], 'JobIds': ['137314213.0'], 'State': 'idle', 'RecordedSite': False}, '331': {'Retries': 0, 'Restarts': 0, 'SiteHistory': ['Unknown'], 'ResidentSetSize': [0], 'SubmitTimes': [1762278688.0], 'StartTimes': [], 'EndTimes': [], 'TotalUserCpuTimeHistory': [0.0], 'TotalSysCpuTimeHistory': [0.0], 'WallDurations': [0], 'JobIds': ['137314214.0'], 'State': 'idle', 'RecordedSite': False}, '333': {'Retries': 0, 'Restarts': 0, 'SiteHistory': ['Unknown'], 'ResidentSetSize': [0], 'SubmitTimes': [1762278688.0], 'StartTimes': [], 'EndTimes': [], 'TotalUserCpuTimeHistory': [0.0], 'TotalSysCpuTimeHistory': [0.0], 'WallDurations': [0], 'JobIds': ['137314215.0'], 'State': 'idle', 'RecordedSite': False}, '344': {'Retries': 0, 'Restarts': 0, 'SiteHistory': ['Unknown'], 'ResidentSetSize': [0], 'SubmitTimes': [1762278688.0], 'StartTimes': [], 'EndTimes': [], 'TotalUserCpuTimeHistory': [0.0], 'TotalSysCpuTimeHistory': [0.0], 'WallDurations': [0], 'JobIds': ['137314216.0'], 'State': 'idle', 'RecordedSite': False}, '339': {'Retries': 0, 'Restarts': 0, 'SiteHistory': ['Unknown'], 'ResidentSetSize': [0], 'SubmitTimes': [1762278688.0], 'StartTimes': [], 'EndTimes': [], 'TotalUserCpuTimeHistory': [0.0], 'TotalSysCpuTimeHistory': [0.0], 'WallDurations': [0], 'JobIds': ['137314217.0'], 'State': 'idle', 'RecordedSite': False}, '334': {'Retries': 0, 'Restarts': 0, 'SiteHistory': ['Unknown'], 'ResidentSetSize': [0], 'SubmitTimes': [1762278688.0], 'StartTimes': [], 'EndTimes': [], 'TotalUserCpuTimeHistory': [0.0], 'TotalSysCpuTimeHistory': [0.0], 'WallDurations': [0], 'JobIds': ['137314218.0'], 'State': 'idle', 'RecordedSite': False}, '341': {'Retries': 0, 'Restarts': 0, 'SiteHistory': ['Unknown'], 'ResidentSetSize': [0], 'SubmitTimes': [1762278688.0], 'StartTimes': [], 'EndTimes': [], 'TotalUserCpuTimeHistory': [0.0], 'TotalSysCpuTimeHistory': [0.0], 'WallDurations': [0], 'JobIds': ['137314219.0'], 'State': 'idle', 'RecordedSite': False}, '338': {'Retries': 0, 'Restarts': 0, 'SiteHistory': ['Unknown'], 'ResidentSetSize': [0], 'SubmitTimes': [1762278688.0], 'StartTimes': [], 'EndTimes': [], 'TotalUserCpuTimeHistory': [0.0], 'TotalSysCpuTimeHistory': [0.0], 'WallDurations': [0], 'JobIds': ['137314220.0'], 'State': 'idle', 'RecordedSite': False}, '336': {'Retries': 0, 'Restarts': 0, 'SiteHistory': ['Unknown'], 'ResidentSetSize': [0], 'SubmitTimes': [1762278688.0], 'StartTimes': [], 'EndTimes': [], 'TotalUserCpuTimeHistory': [0.0], 'TotalSysCpuTimeHistory': [0.0], 'WallDurations': [0], 'JobIds': ['137314221.0'], 'State': 'idle', 'RecordedSite': False}, '340': {'Retries': 0, 'Restarts': 0, 'SiteHistory': ['Unknown'], 'ResidentSetSize': [0], 'SubmitTimes': [1762278688.0], 'StartTimes': [], 'EndTimes': [], 'TotalUserCpuTimeHistory': [0.0], 'TotalSysCpuTimeHistory': [0.0], 'WallDurations': [0], 'JobIds': ['137314222.0'], 'State': 'idle', 'RecordedSite': False}, '345': {'Retries': 0, 'Restarts': 0, 'SiteHistory': ['Unknown'], 'ResidentSetSize': [0], 'SubmitTimes': [1762278688.0], 'StartTimes': [], 'EndTimes': [], 'TotalUserCpuTimeHistory': [0.0], 'TotalSysCpuTimeHistory': [0.0], 'WallDurations': [0], 'JobIds': ['137314223.0'], 'State': 'idle', 'RecordedSite': False}, '346': {'Retries': 0, 'Restarts': 0, 'SiteHistory': ['Unknown'], 'ResidentSetSize': [0], 'SubmitTimes': [1762278688.0], 'StartTimes': [], 'EndTimes': [], 'TotalUserCpuTimeHistory': [0.0], 'TotalSysCpuTimeHistory': [0.0], 'WallDurations': [0], 'JobIds': ['137314224.0'], 'State': 'idle', 'RecordedSite': False}, '343': {'Retries': 0, 'Restarts': 0, 'SiteHistory': ['Unknown'], 'ResidentSetSize': [0], 'SubmitTimes': [1762278688.0], 'StartTimes': [], 'EndTimes': [], 'TotalUserCpuTimeHistory': [0.0], 'TotalSysCpuTimeHistory': [0.0], 'WallDurations': [0], 'JobIds': ['137314225.0'], 'State': 'idle', 'RecordedSite': False}, '351': {'Retries': 0, 'Restarts': 0, 'SiteHistory': ['Unknown'], 'ResidentSetSize': [0], 'SubmitTimes': [1762278688.0], 'StartTimes': [], 'EndTimes': [], 'TotalUserCpuTimeHistory': [0.0], 'TotalSysCpuTimeHistory': [0.0], 'WallDurations': [0], 'JobIds': ['137314226.0'], 'State': 'idle', 'RecordedSite': False}, '347': {'Retries': 0, 'Restarts': 0, 'SiteHistory': ['Unknown'], 'ResidentSetSize': [0], 'SubmitTimes': [1762278688.0], 'StartTimes': [], 'EndTimes': [], 'TotalUserCpuTimeHistory': [0.0], 'TotalSysCpuTimeHistory': [0.0], 'WallDurations': [0], 'JobIds': ['137314227.0'], 'State': 'idle', 'RecordedSite': False}, '348': {'Retries': 0, 'Restarts': 0, 'SiteHistory': ['Unknown'], 'ResidentSetSize': [0], 'SubmitTimes': [1762278688.0], 'StartTimes': [], 'EndTimes': [], 'TotalUserCpuTimeHistory': [0.0], 'TotalSysCpuTimeHistory': [0.0], 'WallDurations': [0], 'JobIds': ['137314228.0'], 'State': 'idle', 'RecordedSite': False}, '358': {'Retries': 0, 'Restarts': 0, 'SiteHistory': ['Unknown'], 'ResidentSetSize': [0], 'SubmitTimes': [1762278688.0], 'StartTimes': [], 'EndTimes': [], 'TotalUserCpuTimeHistory': [0.0], 'TotalSysCpuTimeHistory': [0.0], 'WallDurations': [0], 'JobIds': ['137314229.0'], 'State': 'idle', 'RecordedSite': False}, '355': {'Retries': 0, 'Restarts': 0, 'SiteHistory': ['Unknown'], 'ResidentSetSize': [0], 'SubmitTimes': [1762278688.0], 'StartTimes': [], 'EndTimes': [], 'TotalUserCpuTimeHistory': [0.0], 'TotalSysCpuTimeHistory': [0.0], 'WallDurations': [0], 'JobIds': ['137314230.0'], 'State': 'idle', 'RecordedSite': False}, '349': {'Retries': 0, 'Restarts': 0, 'SiteHistory': ['Unknown'], 'ResidentSetSize': [0], 'SubmitTimes': [1762278688.0], 'StartTimes': [], 'EndTimes': [], 'TotalUserCpuTimeHistory': [0.0], 'TotalSysCpuTimeHistory': [0.0], 'WallDurations': [0], 'JobIds': ['137314231.0'], 'State': 'idle', 'RecordedSite': False}, '352': {'Retries': 0, 'Restarts': 0, 'SiteHistory': ['Unknown'], 'ResidentSetSize': [0], 'SubmitTimes': [1762278688.0], 'StartTimes': [], 'EndTimes': [], 'TotalUserCpuTimeHistory': [0.0], 'TotalSysCpuTimeHistory': [0.0], 'WallDurations': [0], 'JobIds': ['137314232.0'], 'State': 'idle', 'RecordedSite': False}, '361': {'Retries': 0, 'Restarts': 0, 'SiteHistory': ['Unknown'], 'ResidentSetSize': [0], 'SubmitTimes': [1762278688.0], 'StartTimes': [], 'EndTimes': [], 'TotalUserCpuTimeHistory': [0.0], 'TotalSysCpuTimeHistory': [0.0], 'WallDurations': [0], 'JobIds': ['137314233.0'], 'State': 'idle', 'RecordedSite': False}, '353': {'Retries': 0, 'Restarts': 0, 'SiteHistory': ['Unknown'], 'ResidentSetSize': [0], 'SubmitTimes': [1762278688.0], 'StartTimes': [], 'EndTimes': [], 'TotalUserCpuTimeHistory': [0.0], 'TotalSysCpuTimeHistory': [0.0], 'WallDurations': [0], 'JobIds': ['137314234.0'], 'State': 'idle', 'RecordedSite': False}, '350': {'Retries': 0, 'Restarts': 0, 'SiteHistory': ['Unknown'], 'ResidentSetSize': [0], 'SubmitTimes': [1762278688.0], 'StartTimes': [], 'EndTimes': [], 'TotalUserCpuTimeHistory': [0.0], 'TotalSysCpuTimeHistory': [0.0], 'WallDurations': [0], 'JobIds': ['137314235.0'], 'State': 'idle', 'RecordedSite': False}, '356': {'Retries': 0, 'Restarts': 0, 'SiteHistory': ['Unknown'], 'ResidentSetSize': [0], 'SubmitTimes': [1762278688.0], 'StartTimes': [], 'EndTimes': [], 'TotalUserCpuTimeHistory': [0.0], 'TotalSysCpuTimeHistory': [0.0], 'WallDurations': [0], 'JobIds': ['137314236.0'], 'State': 'idle', 'RecordedSite': False}, '357': {'Retries': 0, 'Restarts': 0, 'SiteHistory': ['Unknown'], 'ResidentSetSize': [0], 'SubmitTimes': [1762278688.0], 'StartTimes': [], 'EndTimes': [], 'TotalUserCpuTimeHistory': [0.0], 'TotalSysCpuTimeHistory': [0.0], 'WallDurations': [0], 'JobIds': ['137314237.0'], 'State': 'idle', 'RecordedSite': False}, '364': {'Retries': 0, 'Restarts': 0, 'SiteHistory': ['Unknown'], 'ResidentSetSize': [0], 'SubmitTimes': [1762278688.0], 'StartTimes': [], 'EndTimes': [], 'TotalUserCpuTimeHistory': [0.0], 'TotalSysCpuTimeHistory': [0.0], 'WallDurations': [0], 'JobIds': ['137314238.0'], 'State': 'idle', 'RecordedSite': False}, '359': {'Retries': 0, 'Restarts': 0, 'SiteHistory': ['Unknown'], 'ResidentSetSize': [0], 'SubmitTimes': [1762278688.0], 'StartTimes': [], 'EndTimes': [], 'TotalUserCpuTimeHistory': [0.0], 'TotalSysCpuTimeHistory': [0.0], 'WallDurations': [0], 'JobIds': ['137314239.0'], 'State': 'idle', 'RecordedSite': False}, '354': {'Retries': 0, 'Restarts': 0, 'SiteHistory': ['Unknown'], 'ResidentSetSize': [0], 'SubmitTimes': [1762278688.0], 'StartTimes': [], 'EndTimes': [], 'TotalUserCpuTimeHistory': [0.0], 'TotalSysCpuTimeHistory': [0.0], 'WallDurations': [0], 'JobIds': ['137314240.0'], 'State': 'idle', 'RecordedSite': False}, '362': {'Retries': 0, 'Restarts': 0, 'SiteHistory': ['Unknown'], 'ResidentSetSize': [0], 'SubmitTimes': [1762278688.0], 'StartTimes': [], 'EndTimes': [], 'TotalUserCpuTimeHistory': [0.0], 'TotalSysCpuTimeHistory': [0.0], 'WallDurations': [0], 'JobIds': ['137314241.0'], 'State': 'idle', 'RecordedSite': False}, '365': {'Retries': 0, 'Restarts': 0, 'SiteHistory': ['Unknown'], 'ResidentSetSize': [0], 'SubmitTimes': [1762278688.0], 'StartTimes': [], 'EndTimes': [], 'TotalUserCpuTimeHistory': [0.0], 'TotalSysCpuTimeHistory': [0.0], 'WallDurations': [0], 'JobIds': ['137314242.0'], 'State': 'idle', 'RecordedSite': False}, '360': {'Retries': 0, 'Restarts': 0, 'SiteHistory': ['Unknown'], 'ResidentSetSize': [0], 'SubmitTimes': [1762278688.0], 'StartTimes': [], 'EndTimes': [], 'TotalUserCpuTimeHistory': [0.0], 'TotalSysCpuTimeHistory': [0.0], 'WallDurations': [0], 'JobIds': ['137314243.0'], 'State': 'idle', 'RecordedSite': False}, '366': {'Retries': 0, 'Restarts': 0, 'SiteHistory': ['Unknown'], 'ResidentSetSize': [0], 'SubmitTimes': [1762278688.0], 'StartTimes': [], 'EndTimes': [], 'TotalUserCpuTimeHistory': [0.0], 'TotalSysCpuTimeHistory': [0.0], 'WallDurations': [0], 'JobIds': ['137314244.0'], 'State': 'idle', 'RecordedSite': False}, '363': {'Retries': 0, 'Restarts': 0, 'SiteHistory': ['Unknown'], 'ResidentSetSize': [0], 'SubmitTimes': [1762278688.0], 'StartTimes': [], 'EndTimes': [], 'TotalUserCpuTimeHistory': [0.0], 'TotalSysCpuTimeHistory': [0.0], 'WallDurations': [0], 'JobIds': ['137314245.0'], 'State': 'idle', 'RecordedSite': False}, '368': {'Retries': 0, 'Restarts': 0, 'SiteHistory': ['Unknown'], 'ResidentSetSize': [0], 'SubmitTimes': [1762278688.0], 'StartTimes': [], 'EndTimes': [], 'TotalUserCpuTimeHistory': [0.0], 'TotalSysCpuTimeHistory': [0.0], 'WallDurations': [0], 'JobIds': ['137314246.0'], 'State': 'idle', 'RecordedSite': False}, '376': {'Retries': 0, 'Restarts': 0, 'SiteHistory': ['Unknown'], 'ResidentSetSize': [0], 'SubmitTimes': [1762278688.0], 'StartTimes': [], 'EndTimes': [], 'TotalUserCpuTimeHistory': [0.0], 'TotalSysCpuTimeHistory': [0.0], 'WallDurations': [0], 'JobIds': ['137314247.0'], 'State': 'idle', 'RecordedSite': False}, '369': {'Retries': 0, 'Restarts': 0, 'SiteHistory': ['Unknown'], 'ResidentSetSize': [0], 'SubmitTimes': [1762278688.0], 'StartTimes': [], 'EndTimes': [], 'TotalUserCpuTimeHistory': [0.0], 'TotalSysCpuTimeHistory': [0.0], 'WallDurations': [0], 'JobIds': ['137314248.0'], 'State': 'idle', 'RecordedSite': False}, '373': {'Retries': 0, 'Restarts': 0, 'SiteHistory': ['Unknown'], 'ResidentSetSize': [0], 'SubmitTimes': [1762278688.0], 'StartTimes': [], 'EndTimes': [], 'TotalUserCpuTimeHistory': [0.0], 'TotalSysCpuTimeHistory': [0.0], 'WallDurations': [0], 'JobIds': ['137314249.0'], 'State': 'idle', 'RecordedSite': False}, '367': {'Retries': 0, 'Restarts': 0, 'SiteHistory': ['Unknown'], 'ResidentSetSize': [0], 'SubmitTimes': [1762278689.0], 'StartTimes': [], 'EndTimes': [], 'TotalUserCpuTimeHistory': [0.0], 'TotalSysCpuTimeHistory': [0.0], 'WallDurations': [0], 'JobIds': ['137314250.0'], 'State': 'idle', 'RecordedSite': False}, '370': {'Retries': 0, 'Restarts': 0, 'SiteHistory': ['Unknown'], 'ResidentSetSize': [0], 'SubmitTimes': [1762278689.0], 'StartTimes': [], 'EndTimes': [], 'TotalUserCpuTimeHistory': [0.0], 'TotalSysCpuTimeHistory': [0.0], 'WallDurations': [0], 'JobIds': ['137314251.0'], 'State': 'idle', 'RecordedSite': False}, '371': {'Retries': 0, 'Restarts': 0, 'SiteHistory': ['Unknown'], 'ResidentSetSize': [0], 'SubmitTimes': [1762278689.0], 'StartTimes': [], 'EndTimes': [], 'TotalUserCpuTimeHistory': [0.0], 'TotalSysCpuTimeHistory': [0.0], 'WallDurations': [0], 'JobIds': ['137314252.0'], 'State': 'idle', 'RecordedSite': False}, '372': {'Retries': 0, 'Restarts': 0, 'SiteHistory': ['Unknown'], 'ResidentSetSize': [0], 'SubmitTimes': [1762278689.0], 'StartTimes': [], 'EndTimes': [], 'TotalUserCpuTimeHistory': [0.0], 'TotalSysCpuTimeHistory': [0.0], 'WallDurations': [0], 'JobIds': ['137314253.0'], 'State': 'idle', 'RecordedSite': False}, '374': {'Retries': 0, 'Restarts': 0, 'SiteHistory': ['Unknown'], 'ResidentSetSize': [0], 'SubmitTimes': [1762278689.0], 'StartTimes': [], 'EndTimes': [], 'TotalUserCpuTimeHistory': [0.0], 'TotalSysCpuTimeHistory': [0.0], 'WallDurations': [0], 'JobIds': ['137314254.0'], 'State': 'idle', 'RecordedSite': False}, '375': {'Retries': 0, 'Restarts': 0, 'SiteHistory': ['Unknown'], 'ResidentSetSize': [0], 'SubmitTimes': [1762278689.0], 'StartTimes': [], 'EndTimes': [], 'TotalUserCpuTimeHistory': [0.0], 'TotalSysCpuTimeHistory': [0.0], 'WallDurations': [0], 'JobIds': ['137314255.0'], 'State': 'idle', 'RecordedSite': False}, '377': {'Retries': 0, 'Restarts': 0, 'SiteHistory': ['Unknown'], 'ResidentSetSize': [0], 'SubmitTimes': [1762278689.0], 'StartTimes': [], 'EndTimes': [], 'TotalUserCpuTimeHistory': [0.0], 'TotalSysCpuTimeHistory': [0.0], 'WallDurations': [0], 'JobIds': ['137314256.0'], 'State': 'idle', 'RecordedSite': False}, '378': {'Retries': 0, 'Restarts': 0, 'SiteHistory': ['Unknown'], 'ResidentSetSize': [0], 'SubmitTimes': [1762278689.0], 'StartTimes': [], 'EndTimes': [], 'TotalUserCpuTimeHistory': [0.0], 'TotalSysCpuTimeHistory': [0.0], 'WallDurations': [0], 'JobIds': ['137314257.0'], 'State': 'idle', 'RecordedSite': False}, '379': {'Retries': 0, 'Restarts': 0, 'SiteHistory': ['Unknown'], 'ResidentSetSize': [0], 'SubmitTimes': [1762278689.0], 'StartTimes': [], 'EndTimes': [], 'TotalUserCpuTimeHistory': [0.0], 'TotalSysCpuTimeHistory': [0.0], 'WallDurations': [0], 'JobIds': ['137314258.0'], 'State': 'idle', 'RecordedSite': False}, '380': {'Retries': 0, 'Restarts': 0, 'SiteHistory': ['Unknown'], 'ResidentSetSize': [0], 'SubmitTimes': [1762278689.0], 'StartTimes': [], 'EndTimes': [], 'TotalUserCpuTimeHistory': [0.0], 'TotalSysCpuTimeHistory': [0.0], 'WallDurations': [0], 'JobIds': ['137314259.0'], 'State': 'idle', 'RecordedSite': False}, '381': {'Retries': 0, 'Restarts': 0, 'SiteHistory': ['Unknown'], 'ResidentSetSize': [0], 'SubmitTimes': [1762278689.0], 'StartTimes': [], 'EndTimes': [], 'TotalUserCpuTimeHistory': [0.0], 'TotalSysCpuTimeHistory': [0.0], 'WallDurations': [0], 'JobIds': ['137314260.0'], 'State': 'idle', 'RecordedSite': False}, '382': {'Retries': 0, 'Restarts': 0, 'SiteHistory': ['Unknown'], 'ResidentSetSize': [0], 'SubmitTimes': [1762278689.0], 'StartTimes': [], 'EndTimes': [], 'TotalUserCpuTimeHistory': [0.0], 'TotalSysCpuTimeHistory': [0.0], 'WallDurations': [0], 'JobIds': ['137314261.0'], 'State': 'idle', 'RecordedSite': False}, '383': {'Retries': 0, 'Restarts': 0, 'SiteHistory': ['Unknown'], 'ResidentSetSize': [0], 'SubmitTimes': [1762278689.0], 'StartTimes': [], 'EndTimes': [], 'TotalUserCpuTimeHistory': [0.0], 'TotalSysCpuTimeHistory': [0.0], 'WallDurations': [0], 'JobIds': ['137314262.0'], 'State': 'idle', 'RecordedSite': False}, '384': {'Retries': 0, 'Restarts': 0, 'SiteHistory': ['Unknown'], 'ResidentSetSize': [0], 'SubmitTimes': [1762278689.0], 'StartTimes': [], 'EndTimes': [], 'TotalUserCpuTimeHistory': [0.0], 'TotalSysCpuTimeHistory': [0.0], 'WallDurations': [0], 'JobIds': ['137314263.0'], 'State': 'idle', 'RecordedSite': False}, '385': {'Retries': 0, 'Restarts': 0, 'SiteHistory': ['Unknown'], 'ResidentSetSize': [0], 'SubmitTimes': [1762278689.0], 'StartTimes': [], 'EndTimes': [], 'TotalUserCpuTimeHistory': [0.0], 'TotalSysCpuTimeHistory': [0.0], 'WallDurations': [0], 'JobIds': ['137314264.0'], 'State': 'idle', 'RecordedSite': False}, '386': {'Retries': 0, 'Restarts': 0, 'SiteHistory': ['Unknown'], 'ResidentSetSize': [0], 'SubmitTimes': [1762278689.0], 'StartTimes': [], 'EndTimes': [], 'TotalUserCpuTimeHistory': [0.0], 'TotalSysCpuTimeHistory': [0.0], 'WallDurations': [0], 'JobIds': ['137314265.0'], 'State': 'idle', 'RecordedSite': False}, '387': {'Retries': 0, 'Restarts': 0, 'SiteHistory': ['Unknown'], 'ResidentSetSize': [0], 'SubmitTimes': [1762278689.0], 'StartTimes': [], 'EndTimes': [], 'TotalUserCpuTimeHistory': [0.0], 'TotalSysCpuTimeHistory': [0.0], 'WallDurations': [0], 'JobIds': ['137314266.0'], 'State': 'idle', 'RecordedSite': False}, '388': {'Retries': 0, 'Restarts': 0, 'SiteHistory': ['Unknown'], 'ResidentSetSize': [0], 'SubmitTimes': [1762278689.0], 'StartTimes': [], 'EndTimes': [], 'TotalUserCpuTimeHistory': [0.0], 'TotalSysCpuTimeHistory': [0.0], 'WallDurations': [0], 'JobIds': ['137314267.0'], 'State': 'idle', 'RecordedSite': False}, '389': {'Retries': 0, 'Restarts': 0, 'SiteHistory': ['Unknown'], 'ResidentSetSize': [0], 'SubmitTimes': [1762278689.0], 'StartTimes': [], 'EndTimes': [], 'TotalUserCpuTimeHistory': [0.0], 'TotalSysCpuTimeHistory': [0.0], 'WallDurations': [0], 'JobIds': ['137314268.0'], 'State': 'idle', 'RecordedSite': False}, '407': {'Retries': 0, 'Restarts': 0, 'SiteHistory': ['Unknown'], 'ResidentSetSize': [0], 'SubmitTimes': [1762278689.0], 'StartTimes': [], 'EndTimes': [], 'TotalUserCpuTimeHistory': [0.0], 'TotalSysCpuTimeHistory': [0.0], 'WallDurations': [0], 'JobIds': ['137314269.0'], 'State': 'idle', 'RecordedSite': False}, '401': {'Retries': 0, 'Restarts': 0, 'SiteHistory': ['Unknown'], 'ResidentSetSize': [0], 'SubmitTimes': [1762278689.0], 'StartTimes': [], 'EndTimes': [], 'TotalUserCpuTimeHistory': [0.0], 'TotalSysCpuTimeHistory': [0.0], 'WallDurations': [0], 'JobIds': ['137314270.0'], 'State': 'idle', 'RecordedSite': False}, '395': {'Retries': 0, 'Restarts': 0, 'SiteHistory': ['Unknown'], 'ResidentSetSize': [0], 'SubmitTimes': [1762278689.0], 'StartTimes': [], 'EndTimes': [], 'TotalUserCpuTimeHistory': [0.0], 'TotalSysCpuTimeHistory': [0.0], 'WallDurations': [0], 'JobIds': ['137314271.0'], 'State': 'idle', 'RecordedSite': False}, '399': {'Retries': 0, 'Restarts': 0, 'SiteHistory': ['Unknown'], 'ResidentSetSize': [0], 'SubmitTimes': [1762278689.0], 'StartTimes': [], 'EndTimes': [], 'TotalUserCpuTimeHistory': [0.0], 'TotalSysCpuTimeHistory': [0.0], 'WallDurations': [0], 'JobIds': ['137314272.0'], 'State': 'idle', 'RecordedSite': False}, '402': {'Retries': 0, 'Restarts': 0, 'SiteHistory': ['Unknown'], 'ResidentSetSize': [0], 'SubmitTimes': [1762278689.0], 'StartTimes': [], 'EndTimes': [], 'TotalUserCpuTimeHistory': [0.0], 'TotalSysCpuTimeHistory': [0.0], 'WallDurations': [0], 'JobIds': ['137314273.0'], 'State': 'idle', 'RecordedSite': False}, '403': {'Retries': 0, 'Restarts': 0, 'SiteHistory': ['Unknown'], 'ResidentSetSize': [0], 'SubmitTimes': [1762278689.0], 'StartTimes': [], 'EndTimes': [], 'TotalUserCpuTimeHistory': [0.0], 'TotalSysCpuTimeHistory': [0.0], 'WallDurations': [0], 'JobIds': ['137314274.0'], 'State': 'idle', 'RecordedSite': False}, '409': {'Retries': 0, 'Restarts': 0, 'SiteHistory': ['Unknown'], 'ResidentSetSize': [0], 'SubmitTimes': [1762278689.0], 'StartTimes': [], 'EndTimes': [], 'TotalUserCpuTimeHistory': [0.0], 'TotalSysCpuTimeHistory': [0.0], 'WallDurations': [0], 'JobIds': ['137314275.0'], 'State': 'idle', 'RecordedSite': False}, '410': {'Retries': 0, 'Restarts': 0, 'SiteHistory': ['Unknown'], 'ResidentSetSize': [0], 'SubmitTimes': [1762278689.0], 'StartTimes': [], 'EndTimes': [], 'TotalUserCpuTimeHistory': [0.0], 'TotalSysCpuTimeHistory': [0.0], 'WallDurations': [0], 'JobIds': ['137314276.0'], 'State': 'idle', 'RecordedSite': False}, '394': {'Retries': 0, 'Restarts': 0, 'SiteHistory': ['Unknown'], 'ResidentSetSize': [0], 'SubmitTimes': [1762278689.0], 'StartTimes': [], 'EndTimes': [], 'TotalUserCpuTimeHistory': [0.0], 'TotalSysCpuTimeHistory': [0.0], 'WallDurations': [0], 'JobIds': ['137314277.0'], 'State': 'idle', 'RecordedSite': False}, '398': {'Retries': 0, 'Restarts': 0, 'SiteHistory': ['Unknown'], 'ResidentSetSize': [0], 'SubmitTimes': [1762278689.0], 'StartTimes': [], 'EndTimes': [], 'TotalUserCpuTimeHistory': [0.0], 'TotalSysCpuTimeHistory': [0.0], 'WallDurations': [0], 'JobIds': ['137314278.0'], 'State': 'idle', 'RecordedSite': False}, '396': {'Retries': 0, 'Restarts': 0, 'SiteHistory': ['Unknown'], 'ResidentSetSize': [0], 'SubmitTimes': [1762278689.0], 'StartTimes': [], 'EndTimes': [], 'TotalUserCpuTimeHistory': [0.0], 'TotalSysCpuTimeHistory': [0.0], 'WallDurations': [0], 'JobIds': ['137314279.0'], 'State': 'idle', 'RecordedSite': False}, '391': {'Retries': 0, 'Restarts': 0, 'SiteHistory': ['Unknown'], 'ResidentSetSize': [0], 'SubmitTimes': [1762278689.0], 'StartTimes': [], 'EndTimes': [], 'TotalUserCpuTimeHistory': [0.0], 'TotalSysCpuTimeHistory': [0.0], 'WallDurations': [0], 'JobIds': ['137314280.0'], 'State': 'idle', 'RecordedSite': False}, '393': {'Retries': 0, 'Restarts': 0, 'SiteHistory': ['Unknown'], 'ResidentSetSize': [0], 'SubmitTimes': [1762278689.0], 'StartTimes': [], 'EndTimes': [], 'TotalUserCpuTimeHistory': [0.0], 'TotalSysCpuTimeHistory': [0.0], 'WallDurations': [0], 'JobIds': ['137314281.0'], 'State': 'idle', 'RecordedSite': False}, '397': {'Retries': 0, 'Restarts': 0, 'SiteHistory': ['Unknown'], 'ResidentSetSize': [0], 'SubmitTimes': [1762278689.0], 'StartTimes': [], 'EndTimes': [], 'TotalUserCpuTimeHistory': [0.0], 'TotalSysCpuTimeHistory': [0.0], 'WallDurations': [0], 'JobIds': ['137314282.0'], 'State': 'idle', 'RecordedSite': False}, '392': {'Retries': 0, 'Restarts': 0, 'SiteHistory': ['Unknown'], 'ResidentSetSize': [0], 'SubmitTimes': [1762278689.0], 'StartTimes': [], 'EndTimes': [], 'TotalUserCpuTimeHistory': [0.0], 'TotalSysCpuTimeHistory': [0.0], 'WallDurations': [0], 'JobIds': ['137314283.0'], 'State': 'idle', 'RecordedSite': False}, '405': {'Retries': 0, 'Restarts': 0, 'SiteHistory': ['Unknown'], 'ResidentSetSize': [0], 'SubmitTimes': [1762278689.0], 'StartTimes': [], 'EndTimes': [], 'TotalUserCpuTimeHistory': [0.0], 'TotalSysCpuTimeHistory': [0.0], 'WallDurations': [0], 'JobIds': ['137314284.0'], 'State': 'idle', 'RecordedSite': False}, '400': {'Retries': 0, 'Restarts': 0, 'SiteHistory': ['Unknown'], 'ResidentSetSize': [0], 'SubmitTimes': [1762278689.0], 'StartTimes': [], 'EndTimes': [], 'TotalUserCpuTimeHistory': [0.0], 'TotalSysCpuTimeHistory': [0.0], 'WallDurations': [0], 'JobIds': ['137314285.0'], 'State': 'idle', 'RecordedSite': False}, '404': {'Retries': 0, 'Restarts': 0, 'SiteHistory': ['Unknown'], 'ResidentSetSize': [0], 'SubmitTimes': [1762278690.0], 'StartTimes': [], 'EndTimes': [], 'TotalUserCpuTimeHistory': [0.0], 'TotalSysCpuTimeHistory': [0.0], 'WallDurations': [0], 'JobIds': ['137314286.0'], 'State': 'idle', 'RecordedSite': False}, '406': {'Retries': 0, 'Restarts': 0, 'SiteHistory': ['Unknown'], 'ResidentSetSize': [0], 'SubmitTimes': [1762278690.0], 'StartTimes': [], 'EndTimes': [], 'TotalUserCpuTimeHistory': [0.0], 'TotalSysCpuTimeHistory': [0.0], 'WallDurations': [0], 'JobIds': ['137314287.0'], 'State': 'idle', 'RecordedSite': False}, '408': {'Retries': 0, 'Restarts': 0, 'SiteHistory': ['Unknown'], 'ResidentSetSize': [0], 'SubmitTimes': [1762278690.0], 'StartTimes': [], 'EndTimes': [], 'TotalUserCpuTimeHistory': [0.0], 'TotalSysCpuTimeHistory': [0.0], 'WallDurations': [0], 'JobIds': ['137314288.0'], 'State': 'idle', 'RecordedSite': False}, '412': {'Retries': 0, 'Restarts': 0, 'SiteHistory': ['Unknown'], 'ResidentSetSize': [0], 'SubmitTimes': [1762278690.0], 'StartTimes': [], 'EndTimes': [], 'TotalUserCpuTimeHistory': [0.0], 'TotalSysCpuTimeHistory': [0.0], 'WallDurations': [0], 'JobIds': ['137314289.0'], 'State': 'idle', 'RecordedSite': False}, '411': {'Retries': 0, 'Restarts': 0, 'SiteHistory': ['Unknown'], 'ResidentSetSize': [0], 'SubmitTimes': [1762278690.0], 'StartTimes': [], 'EndTimes': [], 'TotalUserCpuTimeHistory': [0.0], 'TotalSysCpuTimeHistory': [0.0], 'WallDurations': [0], 'JobIds': ['137314290.0'], 'State': 'idle', 'RecordedSite': False}, '413': {'Retries': 0, 'Restarts': 0, 'SiteHistory': ['Unknown'], 'ResidentSetSize': [0], 'SubmitTimes': [1762278690.0], 'StartTimes': [], 'EndTimes': [], 'TotalUserCpuTimeHistory': [0.0], 'TotalSysCpuTimeHistory': [0.0], 'WallDurations': [0], 'JobIds': ['137314291.0'], 'State': 'idle', 'RecordedSite': False}, '422': {'Retries': 0, 'Restarts': 0, 'SiteHistory': ['Unknown'], 'ResidentSetSize': [0], 'SubmitTimes': [1762278690.0], 'StartTimes': [], 'EndTimes': [], 'TotalUserCpuTimeHistory': [0.0], 'TotalSysCpuTimeHistory': [0.0], 'WallDurations': [0], 'JobIds': ['137314292.0'], 'State': 'idle', 'RecordedSite': False}, '420': {'Retries': 0, 'Restarts': 0, 'SiteHistory': ['Unknown'], 'ResidentSetSize': [0], 'SubmitTimes': [1762278690.0], 'StartTimes': [], 'EndTimes': [], 'TotalUserCpuTimeHistory': [0.0], 'TotalSysCpuTimeHistory': [0.0], 'WallDurations': [0], 'JobIds': ['137314293.0'], 'State': 'idle', 'RecordedSite': False}, '419': {'Retries': 0, 'Restarts': 0, 'SiteHistory': ['Unknown'], 'ResidentSetSize': [0], 'SubmitTimes': [1762278690.0], 'StartTimes': [], 'EndTimes': [], 'TotalUserCpuTimeHistory': [0.0], 'TotalSysCpuTimeHistory': [0.0], 'WallDurations': [0], 'JobIds': ['137314294.0'], 'State': 'idle', 'RecordedSite': False}, '416': {'Retries': 0, 'Restarts': 0, 'SiteHistory': ['Unknown'], 'ResidentSetSize': [0], 'SubmitTimes': [1762278690.0], 'StartTimes': [], 'EndTimes': [], 'TotalUserCpuTimeHistory': [0.0], 'TotalSysCpuTimeHistory': [0.0], 'WallDurations': [0], 'JobIds': ['137314295.0'], 'State': 'idle', 'RecordedSite': False}, '415': {'Retries': 0, 'Restarts': 0, 'SiteHistory': ['Unknown'], 'ResidentSetSize': [0], 'SubmitTimes': [1762278695.0], 'StartTimes': [], 'EndTimes': [], 'TotalUserCpuTimeHistory': [0.0], 'TotalSysCpuTimeHistory': [0.0], 'WallDurations': [0], 'JobIds': ['137314296.0'], 'State': 'idle', 'RecordedSite': False}, '421': {'Retries': 0, 'Restarts': 0, 'SiteHistory': ['Unknown'], 'ResidentSetSize': [0], 'SubmitTimes': [1762278695.0], 'StartTimes': [], 'EndTimes': [], 'TotalUserCpuTimeHistory': [0.0], 'TotalSysCpuTimeHistory': [0.0], 'WallDurations': [0], 'JobIds': ['137314297.0'], 'State': 'idle', 'RecordedSite': False}, '414': {'Retries': 0, 'Restarts': 0, 'SiteHistory': ['Unknown'], 'ResidentSetSize': [0], 'SubmitTimes': [1762278695.0], 'StartTimes': [], 'EndTimes': [], 'TotalUserCpuTimeHistory': [0.0], 'TotalSysCpuTimeHistory': [0.0], 'WallDurations': [0], 'JobIds': ['137314298.0'], 'State': 'idle', 'RecordedSite': False}, '426': {'Retries': 0, 'Restarts': 0, 'SiteHistory': ['Unknown'], 'ResidentSetSize': [0], 'SubmitTimes': [1762278695.0], 'StartTimes': [], 'EndTimes': [], 'TotalUserCpuTimeHistory': [0.0], 'TotalSysCpuTimeHistory': [0.0], 'WallDurations': [0], 'JobIds': ['137314299.0'], 'State': 'idle', 'RecordedSite': False}, '423': {'Retries': 0, 'Restarts': 0, 'SiteHistory': ['Unknown'], 'ResidentSetSize': [0], 'SubmitTimes': [1762278695.0], 'StartTimes': [], 'EndTimes': [], 'TotalUserCpuTimeHistory': [0.0], 'TotalSysCpuTimeHistory': [0.0], 'WallDurations': [0], 'JobIds': ['137314300.0'], 'State': 'idle', 'RecordedSite': False}, '417': {'Retries': 0, 'Restarts': 0, 'SiteHistory': ['Unknown'], 'ResidentSetSize': [0], 'SubmitTimes': [1762278695.0], 'StartTimes': [], 'EndTimes': [], 'TotalUserCpuTimeHistory': [0.0], 'TotalSysCpuTimeHistory': [0.0], 'WallDurations': [0], 'JobIds': ['137314301.0'], 'State': 'idle', 'RecordedSite': False}, '418': {'Retries': 0, 'Restarts': 0, 'SiteHistory': ['Unknown'], 'ResidentSetSize': [0], 'SubmitTimes': [1762278695.0], 'StartTimes': [], 'EndTimes': [], 'TotalUserCpuTimeHistory': [0.0], 'TotalSysCpuTimeHistory': [0.0], 'WallDurations': [0], 'JobIds': ['137314302.0'], 'State': 'idle', 'RecordedSite': False}, '424': {'Retries': 0, 'Restarts': 0, 'SiteHistory': ['Unknown'], 'ResidentSetSize': [0], 'SubmitTimes': [1762278695.0], 'StartTimes': [], 'EndTimes': [], 'TotalUserCpuTimeHistory': [0.0], 'TotalSysCpuTimeHistory': [0.0], 'WallDurations': [0], 'JobIds': ['137314303.0'], 'State': 'idle', 'RecordedSite': False}, '425': {'Retries': 0, 'Restarts': 0, 'SiteHistory': ['Unknown'], 'ResidentSetSize': [0], 'SubmitTimes': [1762278695.0], 'StartTimes': [], 'EndTimes': [], 'TotalUserCpuTimeHistory': [0.0], 'TotalSysCpuTimeHistory': [0.0], 'WallDurations': [0], 'JobIds': ['137314304.0'], 'State': 'idle', 'RecordedSite': False}, '427': {'Retries': 0, 'Restarts': 0, 'SiteHistory': ['Unknown'], 'ResidentSetSize': [0], 'SubmitTimes': [1762278695.0], 'StartTimes': [], 'EndTimes': [], 'TotalUserCpuTimeHistory': [0.0], 'TotalSysCpuTimeHistory': [0.0], 'WallDurations': [0], 'JobIds': ['137314305.0'], 'State': 'idle', 'RecordedSite': False}, '428': {'Retries': 0, 'Restarts': 0, 'SiteHistory': ['Unknown'], 'ResidentSetSize': [0], 'SubmitTimes': [1762278695.0], 'StartTimes': [], 'EndTimes': [], 'TotalUserCpuTimeHistory': [0.0], 'TotalSysCpuTimeHistory': [0.0], 'WallDurations': [0], 'JobIds': ['137314306.0'], 'State': 'idle', 'RecordedSite': False}, '430': {'Retries': 0, 'Restarts': 0, 'SiteHistory': ['Unknown'], 'ResidentSetSize': [0], 'SubmitTimes': [1762278695.0], 'StartTimes': [], 'EndTimes': [], 'TotalUserCpuTimeHistory': [0.0], 'TotalSysCpuTimeHistory': [0.0], 'WallDurations': [0], 'JobIds': ['137314307.0'], 'State': 'idle', 'RecordedSite': False}, '429': {'Retries': 0, 'Restarts': 0, 'SiteHistory': ['Unknown'], 'ResidentSetSize': [0], 'SubmitTimes': [1762278695.0], 'StartTimes': [], 'EndTimes': [], 'TotalUserCpuTimeHistory': [0.0], 'TotalSysCpuTimeHistory': [0.0], 'WallDurations': [0], 'JobIds': ['137314308.0'], 'State': 'idle', 'RecordedSite': False}, '441': {'Retries': 0, 'Restarts': 0, 'SiteHistory': ['Unknown'], 'ResidentSetSize': [0], 'SubmitTimes': [1762278695.0], 'StartTimes': [], 'EndTimes': [], 'TotalUserCpuTimeHistory': [0.0], 'TotalSysCpuTimeHistory': [0.0], 'WallDurations': [0], 'JobIds': ['137314309.0'], 'State': 'idle', 'RecordedSite': False}, '433': {'Retries': 0, 'Restarts': 0, 'SiteHistory': ['Unknown'], 'ResidentSetSize': [0], 'SubmitTimes': [1762278695.0], 'StartTimes': [], 'EndTimes': [], 'TotalUserCpuTimeHistory': [0.0], 'TotalSysCpuTimeHistory': [0.0], 'WallDurations': [0], 'JobIds': ['137314310.0'], 'State': 'idle', 'RecordedSite': False}, '437': {'Retries': 0, 'Restarts': 0, 'SiteHistory': ['Unknown'], 'ResidentSetSize': [0], 'SubmitTimes': [1762278695.0], 'StartTimes': [], 'EndTimes': [], 'TotalUserCpuTimeHistory': [0.0], 'TotalSysCpuTimeHistory': [0.0], 'WallDurations': [0], 'JobIds': ['137314311.0'], 'State': 'idle', 'RecordedSite': False}, '436': {'Retries': 0, 'Restarts': 0, 'SiteHistory': ['Unknown'], 'ResidentSetSize': [0], 'SubmitTimes': [1762278695.0], 'StartTimes': [], 'EndTimes': [], 'TotalUserCpuTimeHistory': [0.0], 'TotalSysCpuTimeHistory': [0.0], 'WallDurations': [0], 'JobIds': ['137314312.0'], 'State': 'idle', 'RecordedSite': False}, '435': {'Retries': 0, 'Restarts': 0, 'SiteHistory': ['Unknown'], 'ResidentSetSize': [0], 'SubmitTimes': [1762278695.0], 'StartTimes': [], 'EndTimes': [], 'TotalUserCpuTimeHistory': [0.0], 'TotalSysCpuTimeHistory': [0.0], 'WallDurations': [0], 'JobIds': ['137314313.0'], 'State': 'idle', 'RecordedSite': False}, '432': {'Retries': 0, 'Restarts': 0, 'SiteHistory': ['Unknown'], 'ResidentSetSize': [0], 'SubmitTimes': [1762278695.0], 'StartTimes': [], 'EndTimes': [], 'TotalUserCpuTimeHistory': [0.0], 'TotalSysCpuTimeHistory': [0.0], 'WallDurations': [0], 'JobIds': ['137314314.0'], 'State': 'idle', 'RecordedSite': False}, '445': {'Retries': 0, 'Restarts': 0, 'SiteHistory': ['Unknown'], 'ResidentSetSize': [0], 'SubmitTimes': [1762278695.0], 'StartTimes': [], 'EndTimes': [], 'TotalUserCpuTimeHistory': [0.0], 'TotalSysCpuTimeHistory': [0.0], 'WallDurations': [0], 'JobIds': ['137314315.0'], 'State': 'idle', 'RecordedSite': False}, '431': {'Retries': 0, 'Restarts': 0, 'SiteHistory': ['Unknown'], 'ResidentSetSize': [0], 'SubmitTimes': [1762278695.0], 'StartTimes': [], 'EndTimes': [], 'TotalUserCpuTimeHistory': [0.0], 'TotalSysCpuTimeHistory': [0.0], 'WallDurations': [0], 'JobIds': ['137314316.0'], 'State': 'idle', 'RecordedSite': False}, '448': {'Retries': 0, 'Restarts': 0, 'SiteHistory': ['Unknown'], 'ResidentSetSize': [0], 'SubmitTimes': [1762278695.0], 'StartTimes': [], 'EndTimes': [], 'TotalUserCpuTimeHistory': [0.0], 'TotalSysCpuTimeHistory': [0.0], 'WallDurations': [0], 'JobIds': ['137314317.0'], 'State': 'idle', 'RecordedSite': False}, '438': {'Retries': 0, 'Restarts': 0, 'SiteHistory': ['Unknown'], 'ResidentSetSize': [0], 'SubmitTimes': [1762278695.0], 'StartTimes': [], 'EndTimes': [], 'TotalUserCpuTimeHistory': [0.0], 'TotalSysCpuTimeHistory': [0.0], 'WallDurations': [0], 'JobIds': ['137314318.0'], 'State': 'idle', 'RecordedSite': False}, '446': {'Retries': 0, 'Restarts': 0, 'SiteHistory': ['Unknown'], 'ResidentSetSize': [0], 'SubmitTimes': [1762278695.0], 'StartTimes': [], 'EndTimes': [], 'TotalUserCpuTimeHistory': [0.0], 'TotalSysCpuTimeHistory': [0.0], 'WallDurations': [0], 'JobIds': ['137314319.0'], 'State': 'idle', 'RecordedSite': False}, '444': {'Retries': 0, 'Restarts': 0, 'SiteHistory': ['Unknown'], 'ResidentSetSize': [0], 'SubmitTimes': [1762278695.0], 'StartTimes': [], 'EndTimes': [], 'TotalUserCpuTimeHistory': [0.0], 'TotalSysCpuTimeHistory': [0.0], 'WallDurations': [0], 'JobIds': ['137314320.0'], 'State': 'idle', 'RecordedSite': False}, '447': {'Retries': 0, 'Restarts': 0, 'SiteHistory': ['Unknown'], 'ResidentSetSize': [0], 'SubmitTimes': [1762278695.0], 'StartTimes': [], 'EndTimes': [], 'TotalUserCpuTimeHistory': [0.0], 'TotalSysCpuTimeHistory': [0.0], 'WallDurations': [0], 'JobIds': ['137314321.0'], 'State': 'idle', 'RecordedSite': False}, '434': {'Retries': 0, 'Restarts': 0, 'SiteHistory': ['Unknown'], 'ResidentSetSize': [0], 'SubmitTimes': [1762278695.0], 'StartTimes': [], 'EndTimes': [], 'TotalUserCpuTimeHistory': [0.0], 'TotalSysCpuTimeHistory': [0.0], 'WallDurations': [0], 'JobIds': ['137314322.0'], 'State': 'idle', 'RecordedSite': False}, '443': {'Retries': 0, 'Restarts': 0, 'SiteHistory': ['Unknown'], 'ResidentSetSize': [0], 'SubmitTimes': [1762278695.0], 'StartTimes': [], 'EndTimes': [], 'TotalUserCpuTimeHistory': [0.0], 'TotalSysCpuTimeHistory': [0.0], 'WallDurations': [0], 'JobIds': ['137314323.0'], 'State': 'idle', 'RecordedSite': False}, '450': {'Retries': 0, 'Restarts': 0, 'SiteHistory': ['Unknown'], 'ResidentSetSize': [0], 'SubmitTimes': [1762278695.0], 'StartTimes': [], 'EndTimes': [], 'TotalUserCpuTimeHistory': [0.0], 'TotalSysCpuTimeHistory': [0.0], 'WallDurations': [0], 'JobIds': ['137314324.0'], 'State': 'idle', 'RecordedSite': False}, '439': {'Retries': 0, 'Restarts': 0, 'SiteHistory': ['Unknown'], 'ResidentSetSize': [0], 'SubmitTimes': [1762278695.0], 'StartTimes': [], 'EndTimes': [], 'TotalUserCpuTimeHistory': [0.0], 'TotalSysCpuTimeHistory': [0.0], 'WallDurations': [0], 'JobIds': ['137314325.0'], 'State': 'idle', 'RecordedSite': False}, '440': {'Retries': 0, 'Restarts': 0, 'SiteHistory': ['Unknown'], 'ResidentSetSize': [0], 'SubmitTimes': [1762278695.0], 'StartTimes': [], 'EndTimes': [], 'TotalUserCpuTimeHistory': [0.0], 'TotalSysCpuTimeHistory': [0.0], 'WallDurations': [0], 'JobIds': ['137314326.0'], 'State': 'idle', 'RecordedSite': False}, '449': {'Retries': 0, 'Restarts': 0, 'SiteHistory': ['Unknown'], 'ResidentSetSize': [0], 'SubmitTimes': [1762278695.0], 'StartTimes': [], 'EndTimes': [], 'TotalUserCpuTimeHistory': [0.0], 'TotalSysCpuTimeHistory': [0.0], 'WallDurations': [0], 'JobIds': ['137314327.0'], 'State': 'idle', 'RecordedSite': False}, '442': {'Retries': 0, 'Restarts': 0, 'SiteHistory': ['Unknown'], 'ResidentSetSize': [0], 'SubmitTimes': [1762278695.0], 'StartTimes': [], 'EndTimes': [], 'TotalUserCpuTimeHistory': [0.0], 'TotalSysCpuTimeHistory': [0.0], 'WallDurations': [0], 'JobIds': ['137314328.0'], 'State': 'idle', 'RecordedSite': False}, '454': {'Retries': 0, 'Restarts': 0, 'SiteHistory': ['Unknown'], 'ResidentSetSize': [0], 'SubmitTimes': [1762278695.0], 'StartTimes': [], 'EndTimes': [], 'TotalUserCpuTimeHistory': [0.0], 'TotalSysCpuTimeHistory': [0.0], 'WallDurations': [0], 'JobIds': ['137314329.0'], 'State': 'idle', 'RecordedSite': False}, '453': {'Retries': 0, 'Restarts': 0, 'SiteHistory': ['Unknown'], 'ResidentSetSize': [0], 'SubmitTimes': [1762278695.0], 'StartTimes': [], 'EndTimes': [], 'TotalUserCpuTimeHistory': [0.0], 'TotalSysCpuTimeHistory': [0.0], 'WallDurations': [0], 'JobIds': ['137314330.0'], 'State': 'idle', 'RecordedSite': False}, '459': {'Retries': 0, 'Restarts': 0, 'SiteHistory': ['Unknown'], 'ResidentSetSize': [0], 'SubmitTimes': [1762278695.0], 'StartTimes': [], 'EndTimes': [], 'TotalUserCpuTimeHistory': [0.0], 'TotalSysCpuTimeHistory': [0.0], 'WallDurations': [0], 'JobIds': ['137314331.0'], 'State': 'idle', 'RecordedSite': False}, '455': {'Retries': 0, 'Restarts': 0, 'SiteHistory': ['Unknown'], 'ResidentSetSize': [0], 'SubmitTimes': [1762278695.0], 'StartTimes': [], 'EndTimes': [], 'TotalUserCpuTimeHistory': [0.0], 'TotalSysCpuTimeHistory': [0.0], 'WallDurations': [0], 'JobIds': ['137314332.0'], 'State': 'idle', 'RecordedSite': False}, '460': {'Retries': 0, 'Restarts': 0, 'SiteHistory': ['Unknown'], 'ResidentSetSize': [0], 'SubmitTimes': [1762278695.0], 'StartTimes': [], 'EndTimes': [], 'TotalUserCpuTimeHistory': [0.0], 'TotalSysCpuTimeHistory': [0.0], 'WallDurations': [0], 'JobIds': ['137314333.0'], 'State': 'idle', 'RecordedSite': False}, '457': {'Retries': 0, 'Restarts': 0, 'SiteHistory': ['Unknown'], 'ResidentSetSize': [0], 'SubmitTimes': [1762278695.0], 'StartTimes': [], 'EndTimes': [], 'TotalUserCpuTimeHistory': [0.0], 'TotalSysCpuTimeHistory': [0.0], 'WallDurations': [0], 'JobIds': ['137314334.0'], 'State': 'idle', 'RecordedSite': False}, '456': {'Retries': 0, 'Restarts': 0, 'SiteHistory': ['Unknown'], 'ResidentSetSize': [0], 'SubmitTimes': [1762278695.0], 'StartTimes': [], 'EndTimes': [], 'TotalUserCpuTimeHistory': [0.0], 'TotalSysCpuTimeHistory': [0.0], 'WallDurations': [0], 'JobIds': ['137314335.0'], 'State': 'idle', 'RecordedSite': False}, '461': {'Retries': 0, 'Restarts': 0, 'SiteHistory': ['Unknown'], 'ResidentSetSize': [0], 'SubmitTimes': [1762278695.0], 'StartTimes': [], 'EndTimes': [], 'TotalUserCpuTimeHistory': [0.0], 'TotalSysCpuTimeHistory': [0.0], 'WallDurations': [0], 'JobIds': ['137314336.0'], 'State': 'idle', 'RecordedSite': False}, '164': {'Retries': 0, 'Restarts': 0, 'SiteHistory': ['Unknown'], 'ResidentSetSize': [0], 'SubmitTimes': [1762278695.0], 'StartTimes': [], 'EndTimes': [], 'TotalUserCpuTimeHistory': [0.0], 'TotalSysCpuTimeHistory': [0.0], 'WallDurations': [0], 'JobIds': ['137314337.0'], 'State': 'idle', 'RecordedSite': False}, '458': {'Retries': 0, 'Restarts': 0, 'SiteHistory': ['Unknown'], 'ResidentSetSize': [0], 'SubmitTimes': [1762278695.0], 'StartTimes': [], 'EndTimes': [], 'TotalUserCpuTimeHistory': [0.0], 'TotalSysCpuTimeHistory': [0.0], 'WallDurations': [0], 'JobIds': ['137314338.0'], 'State': 'idle', 'RecordedSite': False}, '451': {'Retries': 0, 'Restarts': 0, 'SiteHistory': ['Unknown'], 'ResidentSetSize': [0], 'SubmitTimes': [1762278695.0], 'StartTimes': [], 'EndTimes': [], 'TotalUserCpuTimeHistory': [0.0], 'TotalSysCpuTimeHistory': [0.0], 'WallDurations': [0], 'JobIds': ['137314339.0'], 'State': 'idle', 'RecordedSite': False}, '452': {'Retries': 0, 'Restarts': 0, 'SiteHistory': ['Unknown'], 'ResidentSetSize': [0], 'SubmitTimes': [1762278695.0], 'StartTimes': [], 'EndTimes': [], 'TotalUserCpuTimeHistory': [0.0], 'TotalSysCpuTimeHistory': [0.0], 'WallDurations': [0], 'JobIds': ['137314340.0'], 'State': 'idle', 'RecordedSite': False}, '34': {'Retries': 0, 'Restarts': 0, 'SiteHistory': ['Unknown'], 'ResidentSetSize': [0], 'SubmitTimes': [1762278695.0], 'StartTimes': [], 'EndTimes': [], 'TotalUserCpuTimeHistory': [0.0], 'TotalSysCpuTimeHistory': [0.0], 'WallDurations': [0], 'JobIds': ['137314341.0'], 'State': 'idle', 'RecordedSite': False}, '291': {'Retries': 0, 'Restarts': 0, 'SiteHistory': ['Unknown'], 'ResidentSetSize': [0], 'SubmitTimes': [1762278696.0], 'StartTimes': [], 'EndTimes': [], 'TotalUserCpuTimeHistory': [0.0], 'TotalSysCpuTimeHistory': [0.0], 'WallDurations': [0], 'JobIds': ['137314342.0'], 'State': 'idle', 'RecordedSite': False}, '390': {'Retries': 0, 'Restarts': 0, 'SiteHistory': ['Unknown'], 'ResidentSetSize': [0], 'SubmitTimes': [1762278696.0], 'StartTimes': [], 'EndTimes': [], 'TotalUserCpuTimeHistory': [0.0], 'TotalSysCpuTimeHistory': [0.0], 'WallDurations': [0], 'JobIds': ['137314343.0'], 'State': 'idle', 'RecordedSite': False}}
INFO 2025-11-04 18:13:29.010 UTC: 	 Status on the scheduler:	SUBMITTED
INFO 2025-11-04 18:13:29.011 UTC: 	 
Jobs status:                    idle         		100.0% (461/461)
INFO 2025-11-04 18:13:29.011 UTC: 	 
No publication information (publication has been disabled in the CRAB configuration file)
INFO 2025-11-04 18:13:29.101 UTC: 	 Log file is /afs/cern.ch/user/a/amalhotr/CMSSW_14_0_18_patch1/src/Run3ScoutingAnalysisTools/crab_ScoutingData_Redone_v5/crab.log
DEBUG 2025-11-04 18:14:58.191 UTC: 	 CRAB Client version: v3.251020
DEBUG 2025-11-04 18:14:58.191 UTC: 	 Running on: Linux lxplus969.cern.ch 5.14.0-570.49.1.el9_6.x86_64 #1 SMP PREEMPT_DYNAMIC Tue Sep 23 01:11:18 EDT 2025 x86_64 x86_64 x86_64 GNU/Linux
DEBUG 2025-11-04 18:14:58.191 UTC: 	 Not using Singularity
DEBUG 2025-11-04 18:14:58.191 UTC: 	 Operating System: Red Hat Enterprise Linux 9.6 (Plow)
DEBUG 2025-11-04 18:14:58.191 UTC: 	 Executing command: 'status'
DEBUG 2025-11-04 18:14:58.191 UTC: 	 Found CRAB cache file /afs/cern.ch/user/a/amalhotr/.crab3
DEBUG 2025-11-04 18:14:58.240 UTC: 	 Checking credentials
DEBUG 2025-11-04 18:14:58.240 UTC: 	 Found proxy file /tmp/x509up_u180451
DEBUG 2025-11-04 18:14:58.240 UTC: 	 Making sure it has proper VOMS extension
DEBUG 2025-11-04 18:14:58.240 UTC: 	 Executing command :
 voms-proxy-info --vo --file /tmp/x509up_u180451
DEBUG 2025-11-04 18:14:58.270 UTC: 	 output : cms

 error: 
 retcode : 0
DEBUG 2025-11-04 18:14:58.270 UTC: 	 Getting proxy life time left
DEBUG 2025-11-04 18:14:58.270 UTC: 	 Executing command :
 voms-proxy-info --actimeleft --timeleft --file /tmp/x509up_u180451
DEBUG 2025-11-04 18:14:58.294 UTC: 	 output : 689563
689563

 error: 
 retcode : 0
DEBUG 2025-11-04 18:14:58.294 UTC: 	 Proxy valid for 191:32:43 hours
DEBUG 2025-11-04 18:14:58.294 UTC: 	 Encoded data for curl request: subresource=delegatedn
DEBUG 2025-11-04 18:14:58.340 UTC: 	 Registering user credentials on myproxy for /DC=ch/DC=cern/OU=Organic Units/OU=Users/CN=cmscrab/CN=(817881|373708)/CN=Robot: cms crab|/DC=ch/DC=cern/OU=Organic Units/OU=Users/CN=crabint1/CN=373708/CN=Robot: CMS CRAB Integration 1
DEBUG 2025-11-04 18:14:58.340 UTC: 	 Executing command :
 voms-proxy-info --identity --file /tmp/x509up_u180451
DEBUG 2025-11-04 18:14:58.369 UTC: 	 output : /DC=ch/DC=cern/OU=Organic Units/OU=Users/CN=amalhotr/CN=884837/CN=Aryan Malhotra

 error: 
 retcode : 0
DEBUG 2025-11-04 18:14:58.369 UTC: 	 Getting myproxy life time left for 2382a3cf28fdeacb1de9b039908761ea517a5ed6
DEBUG 2025-11-04 18:14:58.369 UTC: 	 Executing command :
 myproxy-info -s myproxy.cern.ch -l 2382a3cf28fdeacb1de9b039908761ea517a5ed6
DEBUG 2025-11-04 18:14:58.670 UTC: 	 output : username: 2382a3cf28fdeacb1de9b039908761ea517a5ed6
owner: /DC=ch/DC=cern/OU=Organic Units/OU=Users/CN=amalhotr/CN=884837/CN=Aryan Malhotra
  renewal policy: /DC=ch/DC=cern/OU=Organic Units/OU=Users/CN=cmscrab/CN=(817881|373708)/CN=Robot: cms crab|/DC=ch/DC=cern/OU=Organic Units/OU=Users/CN=crabint1/CN=373708/CN=Robot: CMS CRAB Integration 1
  trusted retrieval policy: /DC=ch/DC=cern/OU=Organic Units/OU=Users/CN=cmscrab/CN=(817881|373708)/CN=Robot: cms crab|/DC=ch/DC=cern/OU=Organic Units/OU=Users/CN=crabint1/CN=373708/CN=Robot: CMS CRAB Integration 1
  timeleft: 580:34:17  (24.2 days)

 error: 
 retcode : 0
DEBUG 2025-11-04 18:14:58.671 UTC: 	 Myproxy is valid: 2090040
DEBUG 2025-11-04 18:14:58.671 UTC: 	 Result of myproxy credential check:
  Credential exists on myproxy: username: 2382a3cf28fdeacb1de9b039908761ea517a5ed6  - validity: 24 days, 4:34:00
DEBUG 2025-11-04 18:14:58.671 UTC: 	 Retrieving username ...
DEBUG 2025-11-04 18:14:58.671 UTC: 	 Retrieving username from CRIC...
DEBUG 2025-11-04 18:14:59.503 UTC: 	 username is amalhotr
INFO 2025-11-04 18:15:00.279 UTC: 	 Rucio client intialized for account amalhotr
DEBUG 2025-11-04 18:15:00.279 UTC: 	 Command use: status
DEBUG 2025-11-04 18:15:00.279 UTC: 	 Options use: ['-d', './crab_ScoutingData_Redone_v5/']
DEBUG 2025-11-04 18:15:00.279 UTC: 	 Encoded data for curl request: subresource=version
DEBUG 2025-11-04 18:15:00.326 UTC: 	 CRABClient version: v3.251020
DEBUG 2025-11-04 18:15:00.326 UTC: 	 Instance is prod
DEBUG 2025-11-04 18:15:00.326 UTC: 	 Server base url is cmsweb.cern.ch
DEBUG 2025-11-04 18:15:00.326 UTC: 	 Command api workflow
DEBUG 2025-11-04 18:15:00.326 UTC: 	 Encoded data for curl request: subresource=search&workflow=251104_174814%3Aamalhotr_crab_ScoutingData_Redone_v5
DEBUG 2025-11-04 18:15:00.380 UTC: 	 Got information from server oracle database: {'desc': {'columns': ['tm_taskname', 'tm_activity', 'tm_task_status', 'tm_task_command', 'tm_start_time', 'tm_start_injection', 'tm_end_injection', 'tm_task_failure', 'tm_job_sw', 'tm_job_arch', 'tm_input_dataset', 'tm_nonvalid_input_dataset', 'tm_use_parent', 'tm_site_whitelist', 'tm_site_blacklist', 'tm_split_algo', 'tm_split_args', 'tm_user_sandbox', 'tm_cache_url', 'tm_username', 'tm_user_dn', 'tm_user_vo', 'tm_user_role', 'tm_user_group', 'tm_publish_name', 'tm_publish_groupname', 'tm_asyncdest', 'tm_dbs_url', 'tm_publish_dbs_url', 'tm_publication', 'tm_outfiles', 'tm_tfile_outfiles', 'tm_edm_outfiles', 'tm_job_type', 'tm_generator', 'tm_events_per_lumi', 'tm_arguments', 'tm_save_logs', 'tw_name', 'tm_user_infiles', 'tm_maxjobruntime', 'tm_numcores', 'tm_maxmemory', 'tm_priority', 'tm_output_dataset', 'tm_task_warnings', 'tm_user_webdir', 'tm_scriptexe', 'tm_scriptargs', 'tm_extrajdl', 'tm_collector', 'tm_schedd', 'tm_dry_run', 'tm_user_files', 'tm_transfer_outputs', 'tm_output_lfn', 'tm_ignore_locality', 'tm_fail_limit', 'tm_one_event_mode', 'tm_secondary_input_dataset', 'tm_primary_dataset', 'tm_last_publication', 'tm_debug_files', 'clusterid', 'tm_ignore_global_blacklist', 'tm_submitter_ip_addr', 'tm_totalunits', 'tm_ddm_reqid', 'tm_user_config', 'tm_transfer_container', 'tm_transfer_rule', 'tm_publish_rule', 'tm_multipub_rule', 'tm_job_min_microarch', 'tm_dagman_status', 'tm_num_jobs', 'tm_uploaded']}, 'result': ['251104_174814:amalhotr_crab_ScoutingData_Redone_v5', 'None', 'SUBMITTED', 'SUBMIT', '2025-11-04 17:48:14.491301', 'None', '2025-11-04 17:49:56.515309', 'None', 'CMSSW_14_0_18_patch1', 'el9_amd64_gcc12', '/ScoutingPFRun3/Run2024H-v1/HLTSCOUT', 'T', '0', '[]', '[]', 'FileBased', "{'halt_job_on_file_boundaries': False, 'splitOnRun': False, 'files_per_job': 30, 'runs': [], 'lumis': []}", 'dae1b9663fdec6c9a39d8a57688f5414f775f4428023e59b79d2dbdc04ede878.tar.gz', 'S3/crabcache_prod', 'amalhotr', '/DC=ch/DC=cern/OU=Organic Units/OU=Users/CN=amalhotr/CN=884837/CN=Aryan Malhotra', 'cms', 'None', 'None', 'ScoutingData_Redone_v5-00000000000000000000000000000000', 'F', 'T3_CH_CERNBOX', 'https://cmsweb.cern.ch/dbs/prod/global/DBSReader', 'https://cmsweb.cern.ch/dbs/prod/phys03/DBSWriter', 'F', '[]', "['ScoutingTree_Output.root']", '[]', 'Analysis', 'pythia', 'None', '{}', 'T', 'crab-prod-tw01', '[]', '2750', '1', '3000', '10', 'None', "['Task requests 3000 MB of memory, but only 2500 are guaranteed to be available. Jobs may not find a site where to run and stay idle forever.']", 'http://vocms0155.cern.ch/mon/amalhotr/251104_174814:amalhotr_crab_ScoutingData_Redone_v5', 'None', '[]', '[]', 'cmsgwms-collector-global.cern.ch:9620,cmsgwms-collector-global.fnal.gov:9620', 'crab3@vocms0155.cern.ch', 'F', '[]', 'T', '/store/user/amalhotr/', 'F', 'None', 'F', 'None', 'ScoutingPFRun3', 'None', 'b70c40e8b489d0c5ca1c5f92ff946d48d4727034d109395e3dd2bba68bf253f6.tar.gz', '137313877', 'F', '188.184.75.82', '0.0', 'None', '{"partialdataset": false, "requireaccelerator": false, "acceleratorparams": null, "inputblocks": null}', 'None', 'None', 'None', 'None', 'any', 'RUNNING', '461', 'T']}
INFO 2025-11-04 18:15:00.381 UTC: 	 CRAB project directory:		/afs/cern.ch/user/a/amalhotr/CMSSW_14_0_18_patch1/src/Run3ScoutingAnalysisTools/crab_ScoutingData_Redone_v5
INFO 2025-11-04 18:15:00.381 UTC: 	 Task name:			251104_174814:amalhotr_crab_ScoutingData_Redone_v5
INFO 2025-11-04 18:15:00.381 UTC: 	 Grid scheduler - Task Worker:	crab3@vocms0155.cern.ch - crab-prod-tw01
INFO 2025-11-04 18:15:00.381 UTC: 	 Status on the CRAB server:	SUBMITTED
INFO 2025-11-04 18:15:00.381 UTC: 	 Task URL to use for HELP:	https://cmsweb.cern.ch/crabserver/ui/task/251104_174814%3Aamalhotr_crab_ScoutingData_Redone_v5
INFO 2025-11-04 18:15:00.388 UTC: 	 Dashboard monitoring URL:	https://monit-grafana.cern.ch/d/cmsTMDetail/cms-task-monitoring-task-view?orgId=11&var-user=amalhotr&var-task=251104_174814%3Aamalhotr_crab_ScoutingData_Redone_v5&from=1762274894000&to=now
WARNING 2025-11-04 18:15:00.388 UTC: 	 Warning:			Task requests 3000 MB of memory, but only 2500 are guaranteed to be available. Jobs may not find a site where to run and stay idle forever.
DEBUG 2025-11-04 18:15:00.388 UTC: 	 The CRAB server submitted your task to the Grid scheduler (cluster ID: 137313877)
DEBUG 2025-11-04 18:15:00.388 UTC: 	 Webdir is located at http://vocms0155.cern.ch/mon/amalhotr/251104_174814:amalhotr_crab_ScoutingData_Redone_v5
DEBUG 2025-11-04 18:15:00.388 UTC: 	 Encoded data for curl request: subresource=webdirprx&workflow=251104_174814%3Aamalhotr_crab_ScoutingData_Redone_v5
DEBUG 2025-11-04 18:15:00.441 UTC: 	 Proxied webdir is located at https://cmsweb.cern.ch/scheddmon/0155/amalhotr/251104_174814:amalhotr_crab_ScoutingData_Redone_v5
DEBUG 2025-11-04 18:15:00.441 UTC: 	 Retrieving 'status_cache' file from https://cmsweb.cern.ch/scheddmon/0155/amalhotr/251104_174814:amalhotr_crab_ScoutingData_Redone_v5/status_cache.pkl
DEBUG 2025-11-04 18:15:00.441 UTC: 	 Will execute:
curl -sS --capath /etc/grid-security/certificates --cert /tmp/x509up_u180451 --key /tmp/x509up_u180451 -o /tmp/crab_status-cache-ugy2vuvi.pkl -w %"{http_code}" "https://cmsweb.cern.ch/scheddmon/0155/amalhotr/251104_174814:amalhotr_crab_ScoutingData_Redone_v5/status_cache.pkl"
DEBUG 2025-11-04 18:15:00.441 UTC: 	 Executing command :
 curl -sS --capath /etc/grid-security/certificates --cert /tmp/x509up_u180451 --key /tmp/x509up_u180451 -o /tmp/crab_status-cache-ugy2vuvi.pkl -w %"{http_code}" "https://cmsweb.cern.ch/scheddmon/0155/amalhotr/251104_174814:amalhotr_crab_ScoutingData_Redone_v5/status_cache.pkl"
DEBUG 2025-11-04 18:15:00.484 UTC: 	 output : 200
 error: 
 retcode : 0
DEBUG 2025-11-04 18:15:00.485 UTC: 	 exitcode: 0
stdout: 200
stderr: 
error details: 
DEBUG 2025-11-04 18:15:00.488 UTC: 	 Got information from status cache file: {'3': {'Retries': 0, 'Restarts': 0, 'SiteHistory': ['Unknown'], 'ResidentSetSize': [0], 'SubmitTimes': [1762278660.0], 'StartTimes': [], 'EndTimes': [], 'TotalUserCpuTimeHistory': [0.0], 'TotalSysCpuTimeHistory': [0.0], 'WallDurations': [0], 'JobIds': ['137313882.0'], 'State': 'idle', 'RecordedSite': False}, '2': {'Retries': 0, 'Restarts': 0, 'SiteHistory': ['Unknown'], 'ResidentSetSize': [0], 'SubmitTimes': [1762278660.0], 'StartTimes': [], 'EndTimes': [], 'TotalUserCpuTimeHistory': [0.0], 'TotalSysCpuTimeHistory': [0.0], 'WallDurations': [0], 'JobIds': ['137313883.0'], 'State': 'idle', 'RecordedSite': False}, '10': {'Retries': 0, 'Restarts': 0, 'SiteHistory': ['Unknown'], 'ResidentSetSize': [0], 'SubmitTimes': [1762278660.0], 'StartTimes': [], 'EndTimes': [], 'TotalUserCpuTimeHistory': [0.0], 'TotalSysCpuTimeHistory': [0.0], 'WallDurations': [0], 'JobIds': ['137313884.0'], 'State': 'idle', 'RecordedSite': False}, '14': {'Retries': 0, 'Restarts': 0, 'SiteHistory': ['Unknown'], 'ResidentSetSize': [0], 'SubmitTimes': [1762278660.0], 'StartTimes': [], 'EndTimes': [], 'TotalUserCpuTimeHistory': [0.0], 'TotalSysCpuTimeHistory': [0.0], 'WallDurations': [0], 'JobIds': ['137313885.0'], 'State': 'idle', 'RecordedSite': False}, '4': {'Retries': 0, 'Restarts': 0, 'SiteHistory': ['Unknown'], 'ResidentSetSize': [0], 'SubmitTimes': [1762278660.0], 'StartTimes': [], 'EndTimes': [], 'TotalUserCpuTimeHistory': [0.0], 'TotalSysCpuTimeHistory': [0.0], 'WallDurations': [0], 'JobIds': ['137313886.0'], 'State': 'idle', 'RecordedSite': False}, '19': {'Retries': 0, 'Restarts': 0, 'SiteHistory': ['Unknown'], 'ResidentSetSize': [0], 'SubmitTimes': [1762278660.0], 'StartTimes': [], 'EndTimes': [], 'TotalUserCpuTimeHistory': [0.0], 'TotalSysCpuTimeHistory': [0.0], 'WallDurations': [0], 'JobIds': ['137313887.0'], 'State': 'idle', 'RecordedSite': False}, '20': {'Retries': 0, 'Restarts': 0, 'SiteHistory': ['Unknown'], 'ResidentSetSize': [0], 'SubmitTimes': [1762278661.0], 'StartTimes': [], 'EndTimes': [], 'TotalUserCpuTimeHistory': [0.0], 'TotalSysCpuTimeHistory': [0.0], 'WallDurations': [0], 'JobIds': ['137313888.0'], 'State': 'idle', 'RecordedSite': False}, '15': {'Retries': 0, 'Restarts': 0, 'SiteHistory': ['Unknown'], 'ResidentSetSize': [0], 'SubmitTimes': [1762278661.0], 'StartTimes': [], 'EndTimes': [], 'TotalUserCpuTimeHistory': [0.0], 'TotalSysCpuTimeHistory': [0.0], 'WallDurations': [0], 'JobIds': ['137313889.0'], 'State': 'idle', 'RecordedSite': False}, '11': {'Retries': 0, 'Restarts': 0, 'SiteHistory': ['Unknown'], 'ResidentSetSize': [0], 'SubmitTimes': [1762278661.0], 'StartTimes': [], 'EndTimes': [], 'TotalUserCpuTimeHistory': [0.0], 'TotalSysCpuTimeHistory': [0.0], 'WallDurations': [0], 'JobIds': ['137313890.0'], 'State': 'idle', 'RecordedSite': False}, '5': {'Retries': 0, 'Restarts': 0, 'SiteHistory': ['Unknown'], 'ResidentSetSize': [0], 'SubmitTimes': [1762278661.0], 'StartTimes': [], 'EndTimes': [], 'TotalUserCpuTimeHistory': [0.0], 'TotalSysCpuTimeHistory': [0.0], 'WallDurations': [0], 'JobIds': ['137313891.0'], 'State': 'idle', 'RecordedSite': False}, '9': {'Retries': 0, 'Restarts': 0, 'SiteHistory': ['Unknown'], 'ResidentSetSize': [0], 'SubmitTimes': [1762278661.0], 'StartTimes': [], 'EndTimes': [], 'TotalUserCpuTimeHistory': [0.0], 'TotalSysCpuTimeHistory': [0.0], 'WallDurations': [0], 'JobIds': ['137313892.0'], 'State': 'idle', 'RecordedSite': False}, '16': {'Retries': 0, 'Restarts': 0, 'SiteHistory': ['Unknown'], 'ResidentSetSize': [0], 'SubmitTimes': [1762278661.0], 'StartTimes': [], 'EndTimes': [], 'TotalUserCpuTimeHistory': [0.0], 'TotalSysCpuTimeHistory': [0.0], 'WallDurations': [0], 'JobIds': ['137313893.0'], 'State': 'idle', 'RecordedSite': False}, '7': {'Retries': 0, 'Restarts': 0, 'SiteHistory': ['Unknown'], 'ResidentSetSize': [0], 'SubmitTimes': [1762278661.0], 'StartTimes': [], 'EndTimes': [], 'TotalUserCpuTimeHistory': [0.0], 'TotalSysCpuTimeHistory': [0.0], 'WallDurations': [0], 'JobIds': ['137313894.0'], 'State': 'idle', 'RecordedSite': False}, '6': {'Retries': 0, 'Restarts': 0, 'SiteHistory': ['Unknown'], 'ResidentSetSize': [0], 'SubmitTimes': [1762278666.0], 'StartTimes': [], 'EndTimes': [], 'TotalUserCpuTimeHistory': [0.0], 'TotalSysCpuTimeHistory': [0.0], 'WallDurations': [0], 'JobIds': ['137313895.0'], 'State': 'idle', 'RecordedSite': False}, '1': {'Retries': 0, 'Restarts': 0, 'SiteHistory': ['Unknown'], 'ResidentSetSize': [0], 'SubmitTimes': [1762278666.0], 'StartTimes': [], 'EndTimes': [], 'TotalUserCpuTimeHistory': [0.0], 'TotalSysCpuTimeHistory': [0.0], 'WallDurations': [0], 'JobIds': ['137313896.0'], 'State': 'idle', 'RecordedSite': False}, '8': {'Retries': 0, 'Restarts': 0, 'SiteHistory': ['Unknown'], 'ResidentSetSize': [0], 'SubmitTimes': [1762278666.0], 'StartTimes': [], 'EndTimes': [], 'TotalUserCpuTimeHistory': [0.0], 'TotalSysCpuTimeHistory': [0.0], 'WallDurations': [0], 'JobIds': ['137313897.0'], 'State': 'idle', 'RecordedSite': False}, '12': {'Retries': 0, 'Restarts': 0, 'SiteHistory': ['Unknown'], 'ResidentSetSize': [0], 'SubmitTimes': [1762278666.0], 'StartTimes': [], 'EndTimes': [], 'TotalUserCpuTimeHistory': [0.0], 'TotalSysCpuTimeHistory': [0.0], 'WallDurations': [0], 'JobIds': ['137313898.0'], 'State': 'idle', 'RecordedSite': False}, '13': {'Retries': 0, 'Restarts': 0, 'SiteHistory': ['Unknown'], 'ResidentSetSize': [0], 'SubmitTimes': [1762278666.0], 'StartTimes': [], 'EndTimes': [], 'TotalUserCpuTimeHistory': [0.0], 'TotalSysCpuTimeHistory': [0.0], 'WallDurations': [0], 'JobIds': ['137313899.0'], 'State': 'idle', 'RecordedSite': False}, '17': {'Retries': 0, 'Restarts': 0, 'SiteHistory': ['Unknown'], 'ResidentSetSize': [0], 'SubmitTimes': [1762278666.0], 'StartTimes': [], 'EndTimes': [], 'TotalUserCpuTimeHistory': [0.0], 'TotalSysCpuTimeHistory': [0.0], 'WallDurations': [0], 'JobIds': ['137313900.0'], 'State': 'idle', 'RecordedSite': False}, '18': {'Retries': 0, 'Restarts': 0, 'SiteHistory': ['Unknown'], 'ResidentSetSize': [0], 'SubmitTimes': [1762278666.0], 'StartTimes': [], 'EndTimes': [], 'TotalUserCpuTimeHistory': [0.0], 'TotalSysCpuTimeHistory': [0.0], 'WallDurations': [0], 'JobIds': ['137313901.0'], 'State': 'idle', 'RecordedSite': False}, '21': {'Retries': 0, 'Restarts': 0, 'SiteHistory': ['Unknown'], 'ResidentSetSize': [0], 'SubmitTimes': [1762278666.0], 'StartTimes': [], 'EndTimes': [], 'TotalUserCpuTimeHistory': [0.0], 'TotalSysCpuTimeHistory': [0.0], 'WallDurations': [0], 'JobIds': ['137313902.0'], 'State': 'idle', 'RecordedSite': False}, '22': {'Retries': 0, 'Restarts': 0, 'SiteHistory': ['Unknown'], 'ResidentSetSize': [0], 'SubmitTimes': [1762278666.0], 'StartTimes': [], 'EndTimes': [], 'TotalUserCpuTimeHistory': [0.0], 'TotalSysCpuTimeHistory': [0.0], 'WallDurations': [0], 'JobIds': ['137313903.0'], 'State': 'idle', 'RecordedSite': False}, '23': {'Retries': 0, 'Restarts': 0, 'SiteHistory': ['Unknown'], 'ResidentSetSize': [0], 'SubmitTimes': [1762278666.0], 'StartTimes': [], 'EndTimes': [], 'TotalUserCpuTimeHistory': [0.0], 'TotalSysCpuTimeHistory': [0.0], 'WallDurations': [0], 'JobIds': ['137313904.0'], 'State': 'idle', 'RecordedSite': False}, '24': {'Retries': 0, 'Restarts': 0, 'SiteHistory': ['Unknown'], 'ResidentSetSize': [0], 'SubmitTimes': [1762278666.0], 'StartTimes': [], 'EndTimes': [], 'TotalUserCpuTimeHistory': [0.0], 'TotalSysCpuTimeHistory': [0.0], 'WallDurations': [0], 'JobIds': ['137313905.0'], 'State': 'idle', 'RecordedSite': False}, '25': {'Retries': 0, 'Restarts': 0, 'SiteHistory': ['Unknown'], 'ResidentSetSize': [0], 'SubmitTimes': [1762278666.0], 'StartTimes': [], 'EndTimes': [], 'TotalUserCpuTimeHistory': [0.0], 'TotalSysCpuTimeHistory': [0.0], 'WallDurations': [0], 'JobIds': ['137313906.0'], 'State': 'idle', 'RecordedSite': False}, '26': {'Retries': 0, 'Restarts': 0, 'SiteHistory': ['Unknown'], 'ResidentSetSize': [0], 'SubmitTimes': [1762278666.0], 'StartTimes': [], 'EndTimes': [], 'TotalUserCpuTimeHistory': [0.0], 'TotalSysCpuTimeHistory': [0.0], 'WallDurations': [0], 'JobIds': ['137313907.0'], 'State': 'idle', 'RecordedSite': False}, '27': {'Retries': 0, 'Restarts': 0, 'SiteHistory': ['Unknown'], 'ResidentSetSize': [0], 'SubmitTimes': [1762278666.0], 'StartTimes': [], 'EndTimes': [], 'TotalUserCpuTimeHistory': [0.0], 'TotalSysCpuTimeHistory': [0.0], 'WallDurations': [0], 'JobIds': ['137313908.0'], 'State': 'idle', 'RecordedSite': False}, '28': {'Retries': 0, 'Restarts': 0, 'SiteHistory': ['Unknown'], 'ResidentSetSize': [0], 'SubmitTimes': [1762278666.0], 'StartTimes': [], 'EndTimes': [], 'TotalUserCpuTimeHistory': [0.0], 'TotalSysCpuTimeHistory': [0.0], 'WallDurations': [0], 'JobIds': ['137313909.0'], 'State': 'idle', 'RecordedSite': False}, '29': {'Retries': 0, 'Restarts': 0, 'SiteHistory': ['Unknown'], 'ResidentSetSize': [0], 'SubmitTimes': [1762278666.0], 'StartTimes': [], 'EndTimes': [], 'TotalUserCpuTimeHistory': [0.0], 'TotalSysCpuTimeHistory': [0.0], 'WallDurations': [0], 'JobIds': ['137313910.0'], 'State': 'idle', 'RecordedSite': False}, '30': {'Retries': 0, 'Restarts': 0, 'SiteHistory': ['Unknown'], 'ResidentSetSize': [0], 'SubmitTimes': [1762278666.0], 'StartTimes': [], 'EndTimes': [], 'TotalUserCpuTimeHistory': [0.0], 'TotalSysCpuTimeHistory': [0.0], 'WallDurations': [0], 'JobIds': ['137313911.0'], 'State': 'idle', 'RecordedSite': False}, '31': {'Retries': 0, 'Restarts': 0, 'SiteHistory': ['Unknown'], 'ResidentSetSize': [0], 'SubmitTimes': [1762278666.0], 'StartTimes': [], 'EndTimes': [], 'TotalUserCpuTimeHistory': [0.0], 'TotalSysCpuTimeHistory': [0.0], 'WallDurations': [0], 'JobIds': ['137313912.0'], 'State': 'idle', 'RecordedSite': False}, '32': {'Retries': 0, 'Restarts': 0, 'SiteHistory': ['Unknown'], 'ResidentSetSize': [0], 'SubmitTimes': [1762278666.0], 'StartTimes': [], 'EndTimes': [], 'TotalUserCpuTimeHistory': [0.0], 'TotalSysCpuTimeHistory': [0.0], 'WallDurations': [0], 'JobIds': ['137313913.0'], 'State': 'idle', 'RecordedSite': False}, '33': {'Retries': 0, 'Restarts': 0, 'SiteHistory': ['Unknown'], 'ResidentSetSize': [0], 'SubmitTimes': [1762278666.0], 'StartTimes': [], 'EndTimes': [], 'TotalUserCpuTimeHistory': [0.0], 'TotalSysCpuTimeHistory': [0.0], 'WallDurations': [0], 'JobIds': ['137313914.0'], 'State': 'idle', 'RecordedSite': False}, '38': {'Retries': 0, 'Restarts': 0, 'SiteHistory': ['Unknown'], 'ResidentSetSize': [0], 'SubmitTimes': [1762278666.0], 'StartTimes': [], 'EndTimes': [], 'TotalUserCpuTimeHistory': [0.0], 'TotalSysCpuTimeHistory': [0.0], 'WallDurations': [0], 'JobIds': ['137313915.0'], 'State': 'idle', 'RecordedSite': False}, '40': {'Retries': 0, 'Restarts': 0, 'SiteHistory': ['Unknown'], 'ResidentSetSize': [0], 'SubmitTimes': [1762278666.0], 'StartTimes': [], 'EndTimes': [], 'TotalUserCpuTimeHistory': [0.0], 'TotalSysCpuTimeHistory': [0.0], 'WallDurations': [0], 'JobIds': ['137313916.0'], 'State': 'idle', 'RecordedSite': False}, '52': {'Retries': 0, 'Restarts': 0, 'SiteHistory': ['Unknown'], 'ResidentSetSize': [0], 'SubmitTimes': [1762278666.0], 'StartTimes': [], 'EndTimes': [], 'TotalUserCpuTimeHistory': [0.0], 'TotalSysCpuTimeHistory': [0.0], 'WallDurations': [0], 'JobIds': ['137313917.0'], 'State': 'idle', 'RecordedSite': False}, '36': {'Retries': 0, 'Restarts': 0, 'SiteHistory': ['Unknown'], 'ResidentSetSize': [0], 'SubmitTimes': [1762278666.0], 'StartTimes': [], 'EndTimes': [], 'TotalUserCpuTimeHistory': [0.0], 'TotalSysCpuTimeHistory': [0.0], 'WallDurations': [0], 'JobIds': ['137313918.0'], 'State': 'idle', 'RecordedSite': False}, '54': {'Retries': 0, 'Restarts': 0, 'SiteHistory': ['Unknown'], 'ResidentSetSize': [0], 'SubmitTimes': [1762278666.0], 'StartTimes': [], 'EndTimes': [], 'TotalUserCpuTimeHistory': [0.0], 'TotalSysCpuTimeHistory': [0.0], 'WallDurations': [0], 'JobIds': ['137313919.0'], 'State': 'idle', 'RecordedSite': False}, '41': {'Retries': 0, 'Restarts': 0, 'SiteHistory': ['Unknown'], 'ResidentSetSize': [0], 'SubmitTimes': [1762278666.0], 'StartTimes': [], 'EndTimes': [], 'TotalUserCpuTimeHistory': [0.0], 'TotalSysCpuTimeHistory': [0.0], 'WallDurations': [0], 'JobIds': ['137313920.0'], 'State': 'idle', 'RecordedSite': False}, '50': {'Retries': 0, 'Restarts': 0, 'SiteHistory': ['Unknown'], 'ResidentSetSize': [0], 'SubmitTimes': [1762278666.0], 'StartTimes': [], 'EndTimes': [], 'TotalUserCpuTimeHistory': [0.0], 'TotalSysCpuTimeHistory': [0.0], 'WallDurations': [0], 'JobIds': ['137313921.0'], 'State': 'idle', 'RecordedSite': False}, '42': {'Retries': 0, 'Restarts': 0, 'SiteHistory': ['Unknown'], 'ResidentSetSize': [0], 'SubmitTimes': [1762278666.0], 'StartTimes': [], 'EndTimes': [], 'TotalUserCpuTimeHistory': [0.0], 'TotalSysCpuTimeHistory': [0.0], 'WallDurations': [0], 'JobIds': ['137313922.0'], 'State': 'idle', 'RecordedSite': False}, '49': {'Retries': 0, 'Restarts': 0, 'SiteHistory': ['Unknown'], 'ResidentSetSize': [0], 'SubmitTimes': [1762278666.0], 'StartTimes': [], 'EndTimes': [], 'TotalUserCpuTimeHistory': [0.0], 'TotalSysCpuTimeHistory': [0.0], 'WallDurations': [0], 'JobIds': ['137313923.0'], 'State': 'idle', 'RecordedSite': False}, '35': {'Retries': 0, 'Restarts': 0, 'SiteHistory': ['Unknown'], 'ResidentSetSize': [0], 'SubmitTimes': [1762278666.0], 'StartTimes': [], 'EndTimes': [], 'TotalUserCpuTimeHistory': [0.0], 'TotalSysCpuTimeHistory': [0.0], 'WallDurations': [0], 'JobIds': ['137313924.0'], 'State': 'idle', 'RecordedSite': False}, '37': {'Retries': 0, 'Restarts': 0, 'SiteHistory': ['Unknown'], 'ResidentSetSize': [0], 'SubmitTimes': [1762278666.0], 'StartTimes': [], 'EndTimes': [], 'TotalUserCpuTimeHistory': [0.0], 'TotalSysCpuTimeHistory': [0.0], 'WallDurations': [0], 'JobIds': ['137313925.0'], 'State': 'idle', 'RecordedSite': False}, '45': {'Retries': 0, 'Restarts': 0, 'SiteHistory': ['Unknown'], 'ResidentSetSize': [0], 'SubmitTimes': [1762278667.0], 'StartTimes': [], 'EndTimes': [], 'TotalUserCpuTimeHistory': [0.0], 'TotalSysCpuTimeHistory': [0.0], 'WallDurations': [0], 'JobIds': ['137313926.0'], 'State': 'idle', 'RecordedSite': False}, '39': {'Retries': 0, 'Restarts': 0, 'SiteHistory': ['Unknown'], 'ResidentSetSize': [0], 'SubmitTimes': [1762278667.0], 'StartTimes': [], 'EndTimes': [], 'TotalUserCpuTimeHistory': [0.0], 'TotalSysCpuTimeHistory': [0.0], 'WallDurations': [0], 'JobIds': ['137313927.0'], 'State': 'idle', 'RecordedSite': False}, '48': {'Retries': 0, 'Restarts': 0, 'SiteHistory': ['Unknown'], 'ResidentSetSize': [0], 'SubmitTimes': [1762278667.0], 'StartTimes': [], 'EndTimes': [], 'TotalUserCpuTimeHistory': [0.0], 'TotalSysCpuTimeHistory': [0.0], 'WallDurations': [0], 'JobIds': ['137313928.0'], 'State': 'idle', 'RecordedSite': False}, '44': {'Retries': 0, 'Restarts': 0, 'SiteHistory': ['Unknown'], 'ResidentSetSize': [0], 'SubmitTimes': [1762278667.0], 'StartTimes': [], 'EndTimes': [], 'TotalUserCpuTimeHistory': [0.0], 'TotalSysCpuTimeHistory': [0.0], 'WallDurations': [0], 'JobIds': ['137313929.0'], 'State': 'idle', 'RecordedSite': False}, '46': {'Retries': 0, 'Restarts': 0, 'SiteHistory': ['Unknown'], 'ResidentSetSize': [0], 'SubmitTimes': [1762278667.0], 'StartTimes': [], 'EndTimes': [], 'TotalUserCpuTimeHistory': [0.0], 'TotalSysCpuTimeHistory': [0.0], 'WallDurations': [0], 'JobIds': ['137313930.0'], 'State': 'idle', 'RecordedSite': False}, '51': {'Retries': 0, 'Restarts': 0, 'SiteHistory': ['Unknown'], 'ResidentSetSize': [0], 'SubmitTimes': [1762278667.0], 'StartTimes': [], 'EndTimes': [], 'TotalUserCpuTimeHistory': [0.0], 'TotalSysCpuTimeHistory': [0.0], 'WallDurations': [0], 'JobIds': ['137313931.0'], 'State': 'idle', 'RecordedSite': False}, '47': {'Retries': 0, 'Restarts': 0, 'SiteHistory': ['Unknown'], 'ResidentSetSize': [0], 'SubmitTimes': [1762278667.0], 'StartTimes': [], 'EndTimes': [], 'TotalUserCpuTimeHistory': [0.0], 'TotalSysCpuTimeHistory': [0.0], 'WallDurations': [0], 'JobIds': ['137313932.0'], 'State': 'idle', 'RecordedSite': False}, '43': {'Retries': 0, 'Restarts': 0, 'SiteHistory': ['Unknown'], 'ResidentSetSize': [0], 'SubmitTimes': [1762278667.0], 'StartTimes': [], 'EndTimes': [], 'TotalUserCpuTimeHistory': [0.0], 'TotalSysCpuTimeHistory': [0.0], 'WallDurations': [0], 'JobIds': ['137313933.0'], 'State': 'idle', 'RecordedSite': False}, '53': {'Retries': 0, 'Restarts': 0, 'SiteHistory': ['Unknown'], 'ResidentSetSize': [0], 'SubmitTimes': [1762278667.0], 'StartTimes': [], 'EndTimes': [], 'TotalUserCpuTimeHistory': [0.0], 'TotalSysCpuTimeHistory': [0.0], 'WallDurations': [0], 'JobIds': ['137313934.0'], 'State': 'idle', 'RecordedSite': False}, '55': {'Retries': 0, 'Restarts': 0, 'SiteHistory': ['Unknown'], 'ResidentSetSize': [0], 'SubmitTimes': [1762278667.0], 'StartTimes': [], 'EndTimes': [], 'TotalUserCpuTimeHistory': [0.0], 'TotalSysCpuTimeHistory': [0.0], 'WallDurations': [0], 'JobIds': ['137313935.0'], 'State': 'idle', 'RecordedSite': False}, '56': {'Retries': 0, 'Restarts': 0, 'SiteHistory': ['Unknown'], 'ResidentSetSize': [0], 'SubmitTimes': [1762278667.0], 'StartTimes': [], 'EndTimes': [], 'TotalUserCpuTimeHistory': [0.0], 'TotalSysCpuTimeHistory': [0.0], 'WallDurations': [0], 'JobIds': ['137313936.0'], 'State': 'idle', 'RecordedSite': False}, '57': {'Retries': 0, 'Restarts': 0, 'SiteHistory': ['Unknown'], 'ResidentSetSize': [0], 'SubmitTimes': [1762278667.0], 'StartTimes': [], 'EndTimes': [], 'TotalUserCpuTimeHistory': [0.0], 'TotalSysCpuTimeHistory': [0.0], 'WallDurations': [0], 'JobIds': ['137313937.0'], 'State': 'idle', 'RecordedSite': False}, '64': {'Retries': 0, 'Restarts': 0, 'SiteHistory': ['Unknown'], 'ResidentSetSize': [0], 'SubmitTimes': [1762278667.0], 'StartTimes': [], 'EndTimes': [], 'TotalUserCpuTimeHistory': [0.0], 'TotalSysCpuTimeHistory': [0.0], 'WallDurations': [0], 'JobIds': ['137313938.0'], 'State': 'idle', 'RecordedSite': False}, '63': {'Retries': 0, 'Restarts': 0, 'SiteHistory': ['Unknown'], 'ResidentSetSize': [0], 'SubmitTimes': [1762278667.0], 'StartTimes': [], 'EndTimes': [], 'TotalUserCpuTimeHistory': [0.0], 'TotalSysCpuTimeHistory': [0.0], 'WallDurations': [0], 'JobIds': ['137313939.0'], 'State': 'idle', 'RecordedSite': False}, '59': {'Retries': 0, 'Restarts': 0, 'SiteHistory': ['Unknown'], 'ResidentSetSize': [0], 'SubmitTimes': [1762278667.0], 'StartTimes': [], 'EndTimes': [], 'TotalUserCpuTimeHistory': [0.0], 'TotalSysCpuTimeHistory': [0.0], 'WallDurations': [0], 'JobIds': ['137313940.0'], 'State': 'idle', 'RecordedSite': False}, '70': {'Retries': 0, 'Restarts': 0, 'SiteHistory': ['Unknown'], 'ResidentSetSize': [0], 'SubmitTimes': [1762278667.0], 'StartTimes': [], 'EndTimes': [], 'TotalUserCpuTimeHistory': [0.0], 'TotalSysCpuTimeHistory': [0.0], 'WallDurations': [0], 'JobIds': ['137313941.0'], 'State': 'idle', 'RecordedSite': False}, '60': {'Retries': 0, 'Restarts': 0, 'SiteHistory': ['Unknown'], 'ResidentSetSize': [0], 'SubmitTimes': [1762278667.0], 'StartTimes': [], 'EndTimes': [], 'TotalUserCpuTimeHistory': [0.0], 'TotalSysCpuTimeHistory': [0.0], 'WallDurations': [0], 'JobIds': ['137313942.0'], 'State': 'idle', 'RecordedSite': False}, '67': {'Retries': 0, 'Restarts': 0, 'SiteHistory': ['Unknown'], 'ResidentSetSize': [0], 'SubmitTimes': [1762278667.0], 'StartTimes': [], 'EndTimes': [], 'TotalUserCpuTimeHistory': [0.0], 'TotalSysCpuTimeHistory': [0.0], 'WallDurations': [0], 'JobIds': ['137313943.0'], 'State': 'idle', 'RecordedSite': False}, '58': {'Retries': 0, 'Restarts': 0, 'SiteHistory': ['Unknown'], 'ResidentSetSize': [0], 'SubmitTimes': [1762278667.0], 'StartTimes': [], 'EndTimes': [], 'TotalUserCpuTimeHistory': [0.0], 'TotalSysCpuTimeHistory': [0.0], 'WallDurations': [0], 'JobIds': ['137313944.0'], 'State': 'idle', 'RecordedSite': False}, '62': {'Retries': 0, 'Restarts': 0, 'SiteHistory': ['Unknown'], 'ResidentSetSize': [0], 'SubmitTimes': [1762278667.0], 'StartTimes': [], 'EndTimes': [], 'TotalUserCpuTimeHistory': [0.0], 'TotalSysCpuTimeHistory': [0.0], 'WallDurations': [0], 'JobIds': ['137313945.0'], 'State': 'idle', 'RecordedSite': False}, '69': {'Retries': 0, 'Restarts': 0, 'SiteHistory': ['Unknown'], 'ResidentSetSize': [0], 'SubmitTimes': [1762278667.0], 'StartTimes': [], 'EndTimes': [], 'TotalUserCpuTimeHistory': [0.0], 'TotalSysCpuTimeHistory': [0.0], 'WallDurations': [0], 'JobIds': ['137313946.0'], 'State': 'idle', 'RecordedSite': False}, '61': {'Retries': 0, 'Restarts': 0, 'SiteHistory': ['Unknown'], 'ResidentSetSize': [0], 'SubmitTimes': [1762278667.0], 'StartTimes': [], 'EndTimes': [], 'TotalUserCpuTimeHistory': [0.0], 'TotalSysCpuTimeHistory': [0.0], 'WallDurations': [0], 'JobIds': ['137313947.0'], 'State': 'idle', 'RecordedSite': False}, '65': {'Retries': 0, 'Restarts': 0, 'SiteHistory': ['Unknown'], 'ResidentSetSize': [0], 'SubmitTimes': [1762278667.0], 'StartTimes': [], 'EndTimes': [], 'TotalUserCpuTimeHistory': [0.0], 'TotalSysCpuTimeHistory': [0.0], 'WallDurations': [0], 'JobIds': ['137313948.0'], 'State': 'idle', 'RecordedSite': False}, '66': {'Retries': 0, 'Restarts': 0, 'SiteHistory': ['Unknown'], 'ResidentSetSize': [0], 'SubmitTimes': [1762278667.0], 'StartTimes': [], 'EndTimes': [], 'TotalUserCpuTimeHistory': [0.0], 'TotalSysCpuTimeHistory': [0.0], 'WallDurations': [0], 'JobIds': ['137313949.0'], 'State': 'idle', 'RecordedSite': False}, '68': {'Retries': 0, 'Restarts': 0, 'SiteHistory': ['Unknown'], 'ResidentSetSize': [0], 'SubmitTimes': [1762278667.0], 'StartTimes': [], 'EndTimes': [], 'TotalUserCpuTimeHistory': [0.0], 'TotalSysCpuTimeHistory': [0.0], 'WallDurations': [0], 'JobIds': ['137313950.0'], 'State': 'idle', 'RecordedSite': False}, '74': {'Retries': 0, 'Restarts': 0, 'SiteHistory': ['Unknown'], 'ResidentSetSize': [0], 'SubmitTimes': [1762278667.0], 'StartTimes': [], 'EndTimes': [], 'TotalUserCpuTimeHistory': [0.0], 'TotalSysCpuTimeHistory': [0.0], 'WallDurations': [0], 'JobIds': ['137313951.0'], 'State': 'idle', 'RecordedSite': False}, '71': {'Retries': 0, 'Restarts': 0, 'SiteHistory': ['Unknown'], 'ResidentSetSize': [0], 'SubmitTimes': [1762278667.0], 'StartTimes': [], 'EndTimes': [], 'TotalUserCpuTimeHistory': [0.0], 'TotalSysCpuTimeHistory': [0.0], 'WallDurations': [0], 'JobIds': ['137313952.0'], 'State': 'idle', 'RecordedSite': False}, '72': {'Retries': 0, 'Restarts': 0, 'SiteHistory': ['Unknown'], 'ResidentSetSize': [0], 'SubmitTimes': [1762278667.0], 'StartTimes': [], 'EndTimes': [], 'TotalUserCpuTimeHistory': [0.0], 'TotalSysCpuTimeHistory': [0.0], 'WallDurations': [0], 'JobIds': ['137313953.0'], 'State': 'idle', 'RecordedSite': False}, '73': {'Retries': 0, 'Restarts': 0, 'SiteHistory': ['Unknown'], 'ResidentSetSize': [0], 'SubmitTimes': [1762278667.0], 'StartTimes': [], 'EndTimes': [], 'TotalUserCpuTimeHistory': [0.0], 'TotalSysCpuTimeHistory': [0.0], 'WallDurations': [0], 'JobIds': ['137313954.0'], 'State': 'idle', 'RecordedSite': False}, '76': {'Retries': 0, 'Restarts': 0, 'SiteHistory': ['Unknown'], 'ResidentSetSize': [0], 'SubmitTimes': [1762278667.0], 'StartTimes': [], 'EndTimes': [], 'TotalUserCpuTimeHistory': [0.0], 'TotalSysCpuTimeHistory': [0.0], 'WallDurations': [0], 'JobIds': ['137313955.0'], 'State': 'idle', 'RecordedSite': False}, '77': {'Retries': 0, 'Restarts': 0, 'SiteHistory': ['Unknown'], 'ResidentSetSize': [0], 'SubmitTimes': [1762278667.0], 'StartTimes': [], 'EndTimes': [], 'TotalUserCpuTimeHistory': [0.0], 'TotalSysCpuTimeHistory': [0.0], 'WallDurations': [0], 'JobIds': ['137313956.0'], 'State': 'idle', 'RecordedSite': False}, '79': {'Retries': 0, 'Restarts': 0, 'SiteHistory': ['Unknown'], 'ResidentSetSize': [0], 'SubmitTimes': [1762278667.0], 'StartTimes': [], 'EndTimes': [], 'TotalUserCpuTimeHistory': [0.0], 'TotalSysCpuTimeHistory': [0.0], 'WallDurations': [0], 'JobIds': ['137313957.0'], 'State': 'idle', 'RecordedSite': False}, '86': {'Retries': 0, 'Restarts': 0, 'SiteHistory': ['Unknown'], 'ResidentSetSize': [0], 'SubmitTimes': [1762278667.0], 'StartTimes': [], 'EndTimes': [], 'TotalUserCpuTimeHistory': [0.0], 'TotalSysCpuTimeHistory': [0.0], 'WallDurations': [0], 'JobIds': ['137313958.0'], 'State': 'idle', 'RecordedSite': False}, '84': {'Retries': 0, 'Restarts': 0, 'SiteHistory': ['Unknown'], 'ResidentSetSize': [0], 'SubmitTimes': [1762278667.0], 'StartTimes': [], 'EndTimes': [], 'TotalUserCpuTimeHistory': [0.0], 'TotalSysCpuTimeHistory': [0.0], 'WallDurations': [0], 'JobIds': ['137313959.0'], 'State': 'idle', 'RecordedSite': False}, '78': {'Retries': 0, 'Restarts': 0, 'SiteHistory': ['Unknown'], 'ResidentSetSize': [0], 'SubmitTimes': [1762278667.0], 'StartTimes': [], 'EndTimes': [], 'TotalUserCpuTimeHistory': [0.0], 'TotalSysCpuTimeHistory': [0.0], 'WallDurations': [0], 'JobIds': ['137313960.0'], 'State': 'idle', 'RecordedSite': False}, '75': {'Retries': 0, 'Restarts': 0, 'SiteHistory': ['Unknown'], 'ResidentSetSize': [0], 'SubmitTimes': [1762278667.0], 'StartTimes': [], 'EndTimes': [], 'TotalUserCpuTimeHistory': [0.0], 'TotalSysCpuTimeHistory': [0.0], 'WallDurations': [0], 'JobIds': ['137313961.0'], 'State': 'idle', 'RecordedSite': False}, '81': {'Retries': 0, 'Restarts': 0, 'SiteHistory': ['Unknown'], 'ResidentSetSize': [0], 'SubmitTimes': [1762278667.0], 'StartTimes': [], 'EndTimes': [], 'TotalUserCpuTimeHistory': [0.0], 'TotalSysCpuTimeHistory': [0.0], 'WallDurations': [0], 'JobIds': ['137313962.0'], 'State': 'idle', 'RecordedSite': False}, '82': {'Retries': 0, 'Restarts': 0, 'SiteHistory': ['Unknown'], 'ResidentSetSize': [0], 'SubmitTimes': [1762278667.0], 'StartTimes': [], 'EndTimes': [], 'TotalUserCpuTimeHistory': [0.0], 'TotalSysCpuTimeHistory': [0.0], 'WallDurations': [0], 'JobIds': ['137313963.0'], 'State': 'idle', 'RecordedSite': False}, '83': {'Retries': 0, 'Restarts': 0, 'SiteHistory': ['Unknown'], 'ResidentSetSize': [0], 'SubmitTimes': [1762278667.0], 'StartTimes': [], 'EndTimes': [], 'TotalUserCpuTimeHistory': [0.0], 'TotalSysCpuTimeHistory': [0.0], 'WallDurations': [0], 'JobIds': ['137313964.0'], 'State': 'idle', 'RecordedSite': False}, '90': {'Retries': 0, 'Restarts': 0, 'SiteHistory': ['Unknown'], 'ResidentSetSize': [0], 'SubmitTimes': [1762278667.0], 'StartTimes': [], 'EndTimes': [], 'TotalUserCpuTimeHistory': [0.0], 'TotalSysCpuTimeHistory': [0.0], 'WallDurations': [0], 'JobIds': ['137313965.0'], 'State': 'idle', 'RecordedSite': False}, '93': {'Retries': 0, 'Restarts': 0, 'SiteHistory': ['Unknown'], 'ResidentSetSize': [0], 'SubmitTimes': [1762278667.0], 'StartTimes': [], 'EndTimes': [], 'TotalUserCpuTimeHistory': [0.0], 'TotalSysCpuTimeHistory': [0.0], 'WallDurations': [0], 'JobIds': ['137313966.0'], 'State': 'idle', 'RecordedSite': False}, '87': {'Retries': 0, 'Restarts': 0, 'SiteHistory': ['Unknown'], 'ResidentSetSize': [0], 'SubmitTimes': [1762278667.0], 'StartTimes': [], 'EndTimes': [], 'TotalUserCpuTimeHistory': [0.0], 'TotalSysCpuTimeHistory': [0.0], 'WallDurations': [0], 'JobIds': ['137313967.0'], 'State': 'idle', 'RecordedSite': False}, '88': {'Retries': 0, 'Restarts': 0, 'SiteHistory': ['Unknown'], 'ResidentSetSize': [0], 'SubmitTimes': [1762278667.0], 'StartTimes': [], 'EndTimes': [], 'TotalUserCpuTimeHistory': [0.0], 'TotalSysCpuTimeHistory': [0.0], 'WallDurations': [0], 'JobIds': ['137313968.0'], 'State': 'idle', 'RecordedSite': False}, '91': {'Retries': 0, 'Restarts': 0, 'SiteHistory': ['Unknown'], 'ResidentSetSize': [0], 'SubmitTimes': [1762278667.0], 'StartTimes': [], 'EndTimes': [], 'TotalUserCpuTimeHistory': [0.0], 'TotalSysCpuTimeHistory': [0.0], 'WallDurations': [0], 'JobIds': ['137313969.0'], 'State': 'idle', 'RecordedSite': False}, '80': {'Retries': 0, 'Restarts': 0, 'SiteHistory': ['Unknown'], 'ResidentSetSize': [0], 'SubmitTimes': [1762278667.0], 'StartTimes': [], 'EndTimes': [], 'TotalUserCpuTimeHistory': [0.0], 'TotalSysCpuTimeHistory': [0.0], 'WallDurations': [0], 'JobIds': ['137313970.0'], 'State': 'idle', 'RecordedSite': False}, '95': {'Retries': 0, 'Restarts': 0, 'SiteHistory': ['Unknown'], 'ResidentSetSize': [0], 'SubmitTimes': [1762278667.0], 'StartTimes': [], 'EndTimes': [], 'TotalUserCpuTimeHistory': [0.0], 'TotalSysCpuTimeHistory': [0.0], 'WallDurations': [0], 'JobIds': ['137313971.0'], 'State': 'idle', 'RecordedSite': False}, '89': {'Retries': 0, 'Restarts': 0, 'SiteHistory': ['Unknown'], 'ResidentSetSize': [0], 'SubmitTimes': [1762278667.0], 'StartTimes': [], 'EndTimes': [], 'TotalUserCpuTimeHistory': [0.0], 'TotalSysCpuTimeHistory': [0.0], 'WallDurations': [0], 'JobIds': ['137313972.0'], 'State': 'idle', 'RecordedSite': False}, '92': {'Retries': 0, 'Restarts': 0, 'SiteHistory': ['Unknown'], 'ResidentSetSize': [0], 'SubmitTimes': [1762278667.0], 'StartTimes': [], 'EndTimes': [], 'TotalUserCpuTimeHistory': [0.0], 'TotalSysCpuTimeHistory': [0.0], 'WallDurations': [0], 'JobIds': ['137313973.0'], 'State': 'idle', 'RecordedSite': False}, '85': {'Retries': 0, 'Restarts': 0, 'SiteHistory': ['Unknown'], 'ResidentSetSize': [0], 'SubmitTimes': [1762278667.0], 'StartTimes': [], 'EndTimes': [], 'TotalUserCpuTimeHistory': [0.0], 'TotalSysCpuTimeHistory': [0.0], 'WallDurations': [0], 'JobIds': ['137313974.0'], 'State': 'idle', 'RecordedSite': False}, '94': {'Retries': 0, 'Restarts': 0, 'SiteHistory': ['Unknown'], 'ResidentSetSize': [0], 'SubmitTimes': [1762278667.0], 'StartTimes': [], 'EndTimes': [], 'TotalUserCpuTimeHistory': [0.0], 'TotalSysCpuTimeHistory': [0.0], 'WallDurations': [0], 'JobIds': ['137313975.0'], 'State': 'idle', 'RecordedSite': False}, '97': {'Retries': 0, 'Restarts': 0, 'SiteHistory': ['Unknown'], 'ResidentSetSize': [0], 'SubmitTimes': [1762278667.0], 'StartTimes': [], 'EndTimes': [], 'TotalUserCpuTimeHistory': [0.0], 'TotalSysCpuTimeHistory': [0.0], 'WallDurations': [0], 'JobIds': ['137313976.0'], 'State': 'idle', 'RecordedSite': False}, '101': {'Retries': 0, 'Restarts': 0, 'SiteHistory': ['Unknown'], 'ResidentSetSize': [0], 'SubmitTimes': [1762278667.0], 'StartTimes': [], 'EndTimes': [], 'TotalUserCpuTimeHistory': [0.0], 'TotalSysCpuTimeHistory': [0.0], 'WallDurations': [0], 'JobIds': ['137313977.0'], 'State': 'idle', 'RecordedSite': False}, '99': {'Retries': 0, 'Restarts': 0, 'SiteHistory': ['Unknown'], 'ResidentSetSize': [0], 'SubmitTimes': [1762278667.0], 'StartTimes': [], 'EndTimes': [], 'TotalUserCpuTimeHistory': [0.0], 'TotalSysCpuTimeHistory': [0.0], 'WallDurations': [0], 'JobIds': ['137313978.0'], 'State': 'idle', 'RecordedSite': False}, '98': {'Retries': 0, 'Restarts': 0, 'SiteHistory': ['Unknown'], 'ResidentSetSize': [0], 'SubmitTimes': [1762278667.0], 'StartTimes': [], 'EndTimes': [], 'TotalUserCpuTimeHistory': [0.0], 'TotalSysCpuTimeHistory': [0.0], 'WallDurations': [0], 'JobIds': ['137313979.0'], 'State': 'idle', 'RecordedSite': False}, '107': {'Retries': 0, 'Restarts': 0, 'SiteHistory': ['Unknown'], 'ResidentSetSize': [0], 'SubmitTimes': [1762278667.0], 'StartTimes': [], 'EndTimes': [], 'TotalUserCpuTimeHistory': [0.0], 'TotalSysCpuTimeHistory': [0.0], 'WallDurations': [0], 'JobIds': ['137313980.0'], 'State': 'idle', 'RecordedSite': False}, '100': {'Retries': 0, 'Restarts': 0, 'SiteHistory': ['Unknown'], 'ResidentSetSize': [0], 'SubmitTimes': [1762278667.0], 'StartTimes': [], 'EndTimes': [], 'TotalUserCpuTimeHistory': [0.0], 'TotalSysCpuTimeHistory': [0.0], 'WallDurations': [0], 'JobIds': ['137313981.0'], 'State': 'idle', 'RecordedSite': False}, '96': {'Retries': 0, 'Restarts': 0, 'SiteHistory': ['Unknown'], 'ResidentSetSize': [0], 'SubmitTimes': [1762278667.0], 'StartTimes': [], 'EndTimes': [], 'TotalUserCpuTimeHistory': [0.0], 'TotalSysCpuTimeHistory': [0.0], 'WallDurations': [0], 'JobIds': ['137313982.0'], 'State': 'idle', 'RecordedSite': False}, '104': {'Retries': 0, 'Restarts': 0, 'SiteHistory': ['Unknown'], 'ResidentSetSize': [0], 'SubmitTimes': [1762278667.0], 'StartTimes': [], 'EndTimes': [], 'TotalUserCpuTimeHistory': [0.0], 'TotalSysCpuTimeHistory': [0.0], 'WallDurations': [0], 'JobIds': ['137313983.0'], 'State': 'idle', 'RecordedSite': False}, '108': {'Retries': 0, 'Restarts': 0, 'SiteHistory': ['Unknown'], 'ResidentSetSize': [0], 'SubmitTimes': [1762278667.0], 'StartTimes': [], 'EndTimes': [], 'TotalUserCpuTimeHistory': [0.0], 'TotalSysCpuTimeHistory': [0.0], 'WallDurations': [0], 'JobIds': ['137313984.0'], 'State': 'idle', 'RecordedSite': False}, '109': {'Retries': 0, 'Restarts': 0, 'SiteHistory': ['Unknown'], 'ResidentSetSize': [0], 'SubmitTimes': [1762278667.0], 'StartTimes': [], 'EndTimes': [], 'TotalUserCpuTimeHistory': [0.0], 'TotalSysCpuTimeHistory': [0.0], 'WallDurations': [0], 'JobIds': ['137313985.0'], 'State': 'idle', 'RecordedSite': False}, '103': {'Retries': 0, 'Restarts': 0, 'SiteHistory': ['Unknown'], 'ResidentSetSize': [0], 'SubmitTimes': [1762278667.0], 'StartTimes': [], 'EndTimes': [], 'TotalUserCpuTimeHistory': [0.0], 'TotalSysCpuTimeHistory': [0.0], 'WallDurations': [0], 'JobIds': ['137313986.0'], 'State': 'idle', 'RecordedSite': False}, '105': {'Retries': 0, 'Restarts': 0, 'SiteHistory': ['Unknown'], 'ResidentSetSize': [0], 'SubmitTimes': [1762278667.0], 'StartTimes': [], 'EndTimes': [], 'TotalUserCpuTimeHistory': [0.0], 'TotalSysCpuTimeHistory': [0.0], 'WallDurations': [0], 'JobIds': ['137313987.0'], 'State': 'idle', 'RecordedSite': False}, '106': {'Retries': 0, 'Restarts': 0, 'SiteHistory': ['Unknown'], 'ResidentSetSize': [0], 'SubmitTimes': [1762278667.0], 'StartTimes': [], 'EndTimes': [], 'TotalUserCpuTimeHistory': [0.0], 'TotalSysCpuTimeHistory': [0.0], 'WallDurations': [0], 'JobIds': ['137313988.0'], 'State': 'idle', 'RecordedSite': False}, '115': {'Retries': 0, 'Restarts': 0, 'SiteHistory': ['Unknown'], 'ResidentSetSize': [0], 'SubmitTimes': [1762278667.0], 'StartTimes': [], 'EndTimes': [], 'TotalUserCpuTimeHistory': [0.0], 'TotalSysCpuTimeHistory': [0.0], 'WallDurations': [0], 'JobIds': ['137313989.0'], 'State': 'idle', 'RecordedSite': False}, '113': {'Retries': 0, 'Restarts': 0, 'SiteHistory': ['Unknown'], 'ResidentSetSize': [0], 'SubmitTimes': [1762278667.0], 'StartTimes': [], 'EndTimes': [], 'TotalUserCpuTimeHistory': [0.0], 'TotalSysCpuTimeHistory': [0.0], 'WallDurations': [0], 'JobIds': ['137313990.0'], 'State': 'idle', 'RecordedSite': False}, '102': {'Retries': 0, 'Restarts': 0, 'SiteHistory': ['Unknown'], 'ResidentSetSize': [0], 'SubmitTimes': [1762278667.0], 'StartTimes': [], 'EndTimes': [], 'TotalUserCpuTimeHistory': [0.0], 'TotalSysCpuTimeHistory': [0.0], 'WallDurations': [0], 'JobIds': ['137313991.0'], 'State': 'idle', 'RecordedSite': False}, '110': {'Retries': 0, 'Restarts': 0, 'SiteHistory': ['Unknown'], 'ResidentSetSize': [0], 'SubmitTimes': [1762278667.0], 'StartTimes': [], 'EndTimes': [], 'TotalUserCpuTimeHistory': [0.0], 'TotalSysCpuTimeHistory': [0.0], 'WallDurations': [0], 'JobIds': ['137313992.0'], 'State': 'idle', 'RecordedSite': False}, '116': {'Retries': 0, 'Restarts': 0, 'SiteHistory': ['Unknown'], 'ResidentSetSize': [0], 'SubmitTimes': [1762278668.0], 'StartTimes': [], 'EndTimes': [], 'TotalUserCpuTimeHistory': [0.0], 'TotalSysCpuTimeHistory': [0.0], 'WallDurations': [0], 'JobIds': ['137313993.0'], 'State': 'idle', 'RecordedSite': False}, '112': {'Retries': 0, 'Restarts': 0, 'SiteHistory': ['Unknown'], 'ResidentSetSize': [0], 'SubmitTimes': [1762278668.0], 'StartTimes': [], 'EndTimes': [], 'TotalUserCpuTimeHistory': [0.0], 'TotalSysCpuTimeHistory': [0.0], 'WallDurations': [0], 'JobIds': ['137313994.0'], 'State': 'idle', 'RecordedSite': False}, '111': {'Retries': 0, 'Restarts': 0, 'SiteHistory': ['Unknown'], 'ResidentSetSize': [0], 'SubmitTimes': [1762278673.0], 'StartTimes': [], 'EndTimes': [], 'TotalUserCpuTimeHistory': [0.0], 'TotalSysCpuTimeHistory': [0.0], 'WallDurations': [0], 'JobIds': ['137313996.0'], 'State': 'idle', 'RecordedSite': False}, '114': {'Retries': 0, 'Restarts': 0, 'SiteHistory': ['Unknown'], 'ResidentSetSize': [0], 'SubmitTimes': [1762278673.0], 'StartTimes': [], 'EndTimes': [], 'TotalUserCpuTimeHistory': [0.0], 'TotalSysCpuTimeHistory': [0.0], 'WallDurations': [0], 'JobIds': ['137313997.0'], 'State': 'idle', 'RecordedSite': False}, '117': {'Retries': 0, 'Restarts': 0, 'SiteHistory': ['Unknown'], 'ResidentSetSize': [0], 'SubmitTimes': [1762278673.0], 'StartTimes': [], 'EndTimes': [], 'TotalUserCpuTimeHistory': [0.0], 'TotalSysCpuTimeHistory': [0.0], 'WallDurations': [0], 'JobIds': ['137313998.0'], 'State': 'idle', 'RecordedSite': False}, '118': {'Retries': 0, 'Restarts': 0, 'SiteHistory': ['Unknown'], 'ResidentSetSize': [0], 'SubmitTimes': [1762278673.0], 'StartTimes': [], 'EndTimes': [], 'TotalUserCpuTimeHistory': [0.0], 'TotalSysCpuTimeHistory': [0.0], 'WallDurations': [0], 'JobIds': ['137313999.0'], 'State': 'idle', 'RecordedSite': False}, '119': {'Retries': 0, 'Restarts': 0, 'SiteHistory': ['Unknown'], 'ResidentSetSize': [0], 'SubmitTimes': [1762278673.0], 'StartTimes': [], 'EndTimes': [], 'TotalUserCpuTimeHistory': [0.0], 'TotalSysCpuTimeHistory': [0.0], 'WallDurations': [0], 'JobIds': ['137314000.0'], 'State': 'idle', 'RecordedSite': False}, '127': {'Retries': 0, 'Restarts': 0, 'SiteHistory': ['Unknown'], 'ResidentSetSize': [0], 'SubmitTimes': [1762278673.0], 'StartTimes': [], 'EndTimes': [], 'TotalUserCpuTimeHistory': [0.0], 'TotalSysCpuTimeHistory': [0.0], 'WallDurations': [0], 'JobIds': ['137314001.0'], 'State': 'idle', 'RecordedSite': False}, '121': {'Retries': 0, 'Restarts': 0, 'SiteHistory': ['Unknown'], 'ResidentSetSize': [0], 'SubmitTimes': [1762278673.0], 'StartTimes': [], 'EndTimes': [], 'TotalUserCpuTimeHistory': [0.0], 'TotalSysCpuTimeHistory': [0.0], 'WallDurations': [0], 'JobIds': ['137314002.0'], 'State': 'idle', 'RecordedSite': False}, '130': {'Retries': 0, 'Restarts': 0, 'SiteHistory': ['Unknown'], 'ResidentSetSize': [0], 'SubmitTimes': [1762278673.0], 'StartTimes': [], 'EndTimes': [], 'TotalUserCpuTimeHistory': [0.0], 'TotalSysCpuTimeHistory': [0.0], 'WallDurations': [0], 'JobIds': ['137314003.0'], 'State': 'idle', 'RecordedSite': False}, '120': {'Retries': 0, 'Restarts': 0, 'SiteHistory': ['Unknown'], 'ResidentSetSize': [0], 'SubmitTimes': [1762278673.0], 'StartTimes': [], 'EndTimes': [], 'TotalUserCpuTimeHistory': [0.0], 'TotalSysCpuTimeHistory': [0.0], 'WallDurations': [0], 'JobIds': ['137314004.0'], 'State': 'idle', 'RecordedSite': False}, '125': {'Retries': 0, 'Restarts': 0, 'SiteHistory': ['Unknown'], 'ResidentSetSize': [0], 'SubmitTimes': [1762278673.0], 'StartTimes': [], 'EndTimes': [], 'TotalUserCpuTimeHistory': [0.0], 'TotalSysCpuTimeHistory': [0.0], 'WallDurations': [0], 'JobIds': ['137314005.0'], 'State': 'idle', 'RecordedSite': False}, '126': {'Retries': 0, 'Restarts': 0, 'SiteHistory': ['Unknown'], 'ResidentSetSize': [0], 'SubmitTimes': [1762278673.0], 'StartTimes': [], 'EndTimes': [], 'TotalUserCpuTimeHistory': [0.0], 'TotalSysCpuTimeHistory': [0.0], 'WallDurations': [0], 'JobIds': ['137314006.0'], 'State': 'idle', 'RecordedSite': False}, '124': {'Retries': 0, 'Restarts': 0, 'SiteHistory': ['Unknown'], 'ResidentSetSize': [0], 'SubmitTimes': [1762278673.0], 'StartTimes': [], 'EndTimes': [], 'TotalUserCpuTimeHistory': [0.0], 'TotalSysCpuTimeHistory': [0.0], 'WallDurations': [0], 'JobIds': ['137314007.0'], 'State': 'idle', 'RecordedSite': False}, '123': {'Retries': 0, 'Restarts': 0, 'SiteHistory': ['Unknown'], 'ResidentSetSize': [0], 'SubmitTimes': [1762278673.0], 'StartTimes': [], 'EndTimes': [], 'TotalUserCpuTimeHistory': [0.0], 'TotalSysCpuTimeHistory': [0.0], 'WallDurations': [0], 'JobIds': ['137314008.0'], 'State': 'idle', 'RecordedSite': False}, '128': {'Retries': 0, 'Restarts': 0, 'SiteHistory': ['Unknown'], 'ResidentSetSize': [0], 'SubmitTimes': [1762278673.0], 'StartTimes': [], 'EndTimes': [], 'TotalUserCpuTimeHistory': [0.0], 'TotalSysCpuTimeHistory': [0.0], 'WallDurations': [0], 'JobIds': ['137314009.0'], 'State': 'idle', 'RecordedSite': False}, '132': {'Retries': 0, 'Restarts': 0, 'SiteHistory': ['Unknown'], 'ResidentSetSize': [0], 'SubmitTimes': [1762278673.0], 'StartTimes': [], 'EndTimes': [], 'TotalUserCpuTimeHistory': [0.0], 'TotalSysCpuTimeHistory': [0.0], 'WallDurations': [0], 'JobIds': ['137314010.0'], 'State': 'idle', 'RecordedSite': False}, '122': {'Retries': 0, 'Restarts': 0, 'SiteHistory': ['Unknown'], 'ResidentSetSize': [0], 'SubmitTimes': [1762278673.0], 'StartTimes': [], 'EndTimes': [], 'TotalUserCpuTimeHistory': [0.0], 'TotalSysCpuTimeHistory': [0.0], 'WallDurations': [0], 'JobIds': ['137314011.0'], 'State': 'idle', 'RecordedSite': False}, '135': {'Retries': 0, 'Restarts': 0, 'SiteHistory': ['Unknown'], 'ResidentSetSize': [0], 'SubmitTimes': [1762278673.0], 'StartTimes': [], 'EndTimes': [], 'TotalUserCpuTimeHistory': [0.0], 'TotalSysCpuTimeHistory': [0.0], 'WallDurations': [0], 'JobIds': ['137314012.0'], 'State': 'idle', 'RecordedSite': False}, '136': {'Retries': 0, 'Restarts': 0, 'SiteHistory': ['Unknown'], 'ResidentSetSize': [0], 'SubmitTimes': [1762278673.0], 'StartTimes': [], 'EndTimes': [], 'TotalUserCpuTimeHistory': [0.0], 'TotalSysCpuTimeHistory': [0.0], 'WallDurations': [0], 'JobIds': ['137314013.0'], 'State': 'idle', 'RecordedSite': False}, '134': {'Retries': 0, 'Restarts': 0, 'SiteHistory': ['Unknown'], 'ResidentSetSize': [0], 'SubmitTimes': [1762278673.0], 'StartTimes': [], 'EndTimes': [], 'TotalUserCpuTimeHistory': [0.0], 'TotalSysCpuTimeHistory': [0.0], 'WallDurations': [0], 'JobIds': ['137314014.0'], 'State': 'idle', 'RecordedSite': False}, '133': {'Retries': 0, 'Restarts': 0, 'SiteHistory': ['Unknown'], 'ResidentSetSize': [0], 'SubmitTimes': [1762278673.0], 'StartTimes': [], 'EndTimes': [], 'TotalUserCpuTimeHistory': [0.0], 'TotalSysCpuTimeHistory': [0.0], 'WallDurations': [0], 'JobIds': ['137314015.0'], 'State': 'idle', 'RecordedSite': False}, '140': {'Retries': 0, 'Restarts': 0, 'SiteHistory': ['Unknown'], 'ResidentSetSize': [0], 'SubmitTimes': [1762278673.0], 'StartTimes': [], 'EndTimes': [], 'TotalUserCpuTimeHistory': [0.0], 'TotalSysCpuTimeHistory': [0.0], 'WallDurations': [0], 'JobIds': ['137314016.0'], 'State': 'idle', 'RecordedSite': False}, '141': {'Retries': 0, 'Restarts': 0, 'SiteHistory': ['Unknown'], 'ResidentSetSize': [0], 'SubmitTimes': [1762278673.0], 'StartTimes': [], 'EndTimes': [], 'TotalUserCpuTimeHistory': [0.0], 'TotalSysCpuTimeHistory': [0.0], 'WallDurations': [0], 'JobIds': ['137314017.0'], 'State': 'idle', 'RecordedSite': False}, '139': {'Retries': 0, 'Restarts': 0, 'SiteHistory': ['Unknown'], 'ResidentSetSize': [0], 'SubmitTimes': [1762278673.0], 'StartTimes': [], 'EndTimes': [], 'TotalUserCpuTimeHistory': [0.0], 'TotalSysCpuTimeHistory': [0.0], 'WallDurations': [0], 'JobIds': ['137314018.0'], 'State': 'idle', 'RecordedSite': False}, '137': {'Retries': 0, 'Restarts': 0, 'SiteHistory': ['Unknown'], 'ResidentSetSize': [0], 'SubmitTimes': [1762278673.0], 'StartTimes': [], 'EndTimes': [], 'TotalUserCpuTimeHistory': [0.0], 'TotalSysCpuTimeHistory': [0.0], 'WallDurations': [0], 'JobIds': ['137314019.0'], 'State': 'idle', 'RecordedSite': False}, '138': {'Retries': 0, 'Restarts': 0, 'SiteHistory': ['Unknown'], 'ResidentSetSize': [0], 'SubmitTimes': [1762278673.0], 'StartTimes': [], 'EndTimes': [], 'TotalUserCpuTimeHistory': [0.0], 'TotalSysCpuTimeHistory': [0.0], 'WallDurations': [0], 'JobIds': ['137314020.0'], 'State': 'idle', 'RecordedSite': False}, '131': {'Retries': 0, 'Restarts': 0, 'SiteHistory': ['Unknown'], 'ResidentSetSize': [0], 'SubmitTimes': [1762278673.0], 'StartTimes': [], 'EndTimes': [], 'TotalUserCpuTimeHistory': [0.0], 'TotalSysCpuTimeHistory': [0.0], 'WallDurations': [0], 'JobIds': ['137314021.0'], 'State': 'idle', 'RecordedSite': False}, '146': {'Retries': 0, 'Restarts': 0, 'SiteHistory': ['Unknown'], 'ResidentSetSize': [0], 'SubmitTimes': [1762278673.0], 'StartTimes': [], 'EndTimes': [], 'TotalUserCpuTimeHistory': [0.0], 'TotalSysCpuTimeHistory': [0.0], 'WallDurations': [0], 'JobIds': ['137314022.0'], 'State': 'idle', 'RecordedSite': False}, '129': {'Retries': 0, 'Restarts': 0, 'SiteHistory': ['Unknown'], 'ResidentSetSize': [0], 'SubmitTimes': [1762278673.0], 'StartTimes': [], 'EndTimes': [], 'TotalUserCpuTimeHistory': [0.0], 'TotalSysCpuTimeHistory': [0.0], 'WallDurations': [0], 'JobIds': ['137314023.0'], 'State': 'idle', 'RecordedSite': False}, '144': {'Retries': 0, 'Restarts': 0, 'SiteHistory': ['Unknown'], 'ResidentSetSize': [0], 'SubmitTimes': [1762278673.0], 'StartTimes': [], 'EndTimes': [], 'TotalUserCpuTimeHistory': [0.0], 'TotalSysCpuTimeHistory': [0.0], 'WallDurations': [0], 'JobIds': ['137314024.0'], 'State': 'idle', 'RecordedSite': False}, '142': {'Retries': 0, 'Restarts': 0, 'SiteHistory': ['Unknown'], 'ResidentSetSize': [0], 'SubmitTimes': [1762278673.0], 'StartTimes': [], 'EndTimes': [], 'TotalUserCpuTimeHistory': [0.0], 'TotalSysCpuTimeHistory': [0.0], 'WallDurations': [0], 'JobIds': ['137314025.0'], 'State': 'idle', 'RecordedSite': False}, '143': {'Retries': 0, 'Restarts': 0, 'SiteHistory': ['Unknown'], 'ResidentSetSize': [0], 'SubmitTimes': [1762278673.0], 'StartTimes': [], 'EndTimes': [], 'TotalUserCpuTimeHistory': [0.0], 'TotalSysCpuTimeHistory': [0.0], 'WallDurations': [0], 'JobIds': ['137314026.0'], 'State': 'idle', 'RecordedSite': False}, '145': {'Retries': 0, 'Restarts': 0, 'SiteHistory': ['Unknown'], 'ResidentSetSize': [0], 'SubmitTimes': [1762278673.0], 'StartTimes': [], 'EndTimes': [], 'TotalUserCpuTimeHistory': [0.0], 'TotalSysCpuTimeHistory': [0.0], 'WallDurations': [0], 'JobIds': ['137314027.0'], 'State': 'idle', 'RecordedSite': False}, '147': {'Retries': 0, 'Restarts': 0, 'SiteHistory': ['Unknown'], 'ResidentSetSize': [0], 'SubmitTimes': [1762278673.0], 'StartTimes': [], 'EndTimes': [], 'TotalUserCpuTimeHistory': [0.0], 'TotalSysCpuTimeHistory': [0.0], 'WallDurations': [0], 'JobIds': ['137314028.0'], 'State': 'idle', 'RecordedSite': False}, '148': {'Retries': 0, 'Restarts': 0, 'SiteHistory': ['Unknown'], 'ResidentSetSize': [0], 'SubmitTimes': [1762278673.0], 'StartTimes': [], 'EndTimes': [], 'TotalUserCpuTimeHistory': [0.0], 'TotalSysCpuTimeHistory': [0.0], 'WallDurations': [0], 'JobIds': ['137314029.0'], 'State': 'idle', 'RecordedSite': False}, '149': {'Retries': 0, 'Restarts': 0, 'SiteHistory': ['Unknown'], 'ResidentSetSize': [0], 'SubmitTimes': [1762278673.0], 'StartTimes': [], 'EndTimes': [], 'TotalUserCpuTimeHistory': [0.0], 'TotalSysCpuTimeHistory': [0.0], 'WallDurations': [0], 'JobIds': ['137314030.0'], 'State': 'idle', 'RecordedSite': False}, '150': {'Retries': 0, 'Restarts': 0, 'SiteHistory': ['Unknown'], 'ResidentSetSize': [0], 'SubmitTimes': [1762278673.0], 'StartTimes': [], 'EndTimes': [], 'TotalUserCpuTimeHistory': [0.0], 'TotalSysCpuTimeHistory': [0.0], 'WallDurations': [0], 'JobIds': ['137314031.0'], 'State': 'idle', 'RecordedSite': False}, '151': {'Retries': 0, 'Restarts': 0, 'SiteHistory': ['Unknown'], 'ResidentSetSize': [0], 'SubmitTimes': [1762278673.0], 'StartTimes': [], 'EndTimes': [], 'TotalUserCpuTimeHistory': [0.0], 'TotalSysCpuTimeHistory': [0.0], 'WallDurations': [0], 'JobIds': ['137314032.0'], 'State': 'idle', 'RecordedSite': False}, '152': {'Retries': 0, 'Restarts': 0, 'SiteHistory': ['Unknown'], 'ResidentSetSize': [0], 'SubmitTimes': [1762278673.0], 'StartTimes': [], 'EndTimes': [], 'TotalUserCpuTimeHistory': [0.0], 'TotalSysCpuTimeHistory': [0.0], 'WallDurations': [0], 'JobIds': ['137314033.0'], 'State': 'idle', 'RecordedSite': False}, '153': {'Retries': 0, 'Restarts': 0, 'SiteHistory': ['Unknown'], 'ResidentSetSize': [0], 'SubmitTimes': [1762278673.0], 'StartTimes': [], 'EndTimes': [], 'TotalUserCpuTimeHistory': [0.0], 'TotalSysCpuTimeHistory': [0.0], 'WallDurations': [0], 'JobIds': ['137314034.0'], 'State': 'idle', 'RecordedSite': False}, '154': {'Retries': 0, 'Restarts': 0, 'SiteHistory': ['Unknown'], 'ResidentSetSize': [0], 'SubmitTimes': [1762278673.0], 'StartTimes': [], 'EndTimes': [], 'TotalUserCpuTimeHistory': [0.0], 'TotalSysCpuTimeHistory': [0.0], 'WallDurations': [0], 'JobIds': ['137314035.0'], 'State': 'idle', 'RecordedSite': False}, '155': {'Retries': 0, 'Restarts': 0, 'SiteHistory': ['Unknown'], 'ResidentSetSize': [0], 'SubmitTimes': [1762278673.0], 'StartTimes': [], 'EndTimes': [], 'TotalUserCpuTimeHistory': [0.0], 'TotalSysCpuTimeHistory': [0.0], 'WallDurations': [0], 'JobIds': ['137314036.0'], 'State': 'idle', 'RecordedSite': False}, '156': {'Retries': 0, 'Restarts': 0, 'SiteHistory': ['Unknown'], 'ResidentSetSize': [0], 'SubmitTimes': [1762278674.0], 'StartTimes': [], 'EndTimes': [], 'TotalUserCpuTimeHistory': [0.0], 'TotalSysCpuTimeHistory': [0.0], 'WallDurations': [0], 'JobIds': ['137314037.0'], 'State': 'idle', 'RecordedSite': False}, '157': {'Retries': 0, 'Restarts': 0, 'SiteHistory': ['Unknown'], 'ResidentSetSize': [0], 'SubmitTimes': [1762278674.0], 'StartTimes': [], 'EndTimes': [], 'TotalUserCpuTimeHistory': [0.0], 'TotalSysCpuTimeHistory': [0.0], 'WallDurations': [0], 'JobIds': ['137314038.0'], 'State': 'idle', 'RecordedSite': False}, '158': {'Retries': 0, 'Restarts': 0, 'SiteHistory': ['Unknown'], 'ResidentSetSize': [0], 'SubmitTimes': [1762278674.0], 'StartTimes': [], 'EndTimes': [], 'TotalUserCpuTimeHistory': [0.0], 'TotalSysCpuTimeHistory': [0.0], 'WallDurations': [0], 'JobIds': ['137314039.0'], 'State': 'idle', 'RecordedSite': False}, '159': {'Retries': 0, 'Restarts': 0, 'SiteHistory': ['Unknown'], 'ResidentSetSize': [0], 'SubmitTimes': [1762278674.0], 'StartTimes': [], 'EndTimes': [], 'TotalUserCpuTimeHistory': [0.0], 'TotalSysCpuTimeHistory': [0.0], 'WallDurations': [0], 'JobIds': ['137314040.0'], 'State': 'idle', 'RecordedSite': False}, '160': {'Retries': 0, 'Restarts': 0, 'SiteHistory': ['Unknown'], 'ResidentSetSize': [0], 'SubmitTimes': [1762278674.0], 'StartTimes': [], 'EndTimes': [], 'TotalUserCpuTimeHistory': [0.0], 'TotalSysCpuTimeHistory': [0.0], 'WallDurations': [0], 'JobIds': ['137314041.0'], 'State': 'idle', 'RecordedSite': False}, '161': {'Retries': 0, 'Restarts': 0, 'SiteHistory': ['Unknown'], 'ResidentSetSize': [0], 'SubmitTimes': [1762278674.0], 'StartTimes': [], 'EndTimes': [], 'TotalUserCpuTimeHistory': [0.0], 'TotalSysCpuTimeHistory': [0.0], 'WallDurations': [0], 'JobIds': ['137314042.0'], 'State': 'idle', 'RecordedSite': False}, '162': {'Retries': 0, 'Restarts': 0, 'SiteHistory': ['Unknown'], 'ResidentSetSize': [0], 'SubmitTimes': [1762278674.0], 'StartTimes': [], 'EndTimes': [], 'TotalUserCpuTimeHistory': [0.0], 'TotalSysCpuTimeHistory': [0.0], 'WallDurations': [0], 'JobIds': ['137314043.0'], 'State': 'idle', 'RecordedSite': False}, '163': {'Retries': 0, 'Restarts': 0, 'SiteHistory': ['Unknown'], 'ResidentSetSize': [0], 'SubmitTimes': [1762278674.0], 'StartTimes': [], 'EndTimes': [], 'TotalUserCpuTimeHistory': [0.0], 'TotalSysCpuTimeHistory': [0.0], 'WallDurations': [0], 'JobIds': ['137314044.0'], 'State': 'idle', 'RecordedSite': False}, '175': {'Retries': 0, 'Restarts': 0, 'SiteHistory': ['Unknown'], 'ResidentSetSize': [0], 'SubmitTimes': [1762278674.0], 'StartTimes': [], 'EndTimes': [], 'TotalUserCpuTimeHistory': [0.0], 'TotalSysCpuTimeHistory': [0.0], 'WallDurations': [0], 'JobIds': ['137314045.0'], 'State': 'idle', 'RecordedSite': False}, '165': {'Retries': 0, 'Restarts': 0, 'SiteHistory': ['Unknown'], 'ResidentSetSize': [0], 'SubmitTimes': [1762278674.0], 'StartTimes': [], 'EndTimes': [], 'TotalUserCpuTimeHistory': [0.0], 'TotalSysCpuTimeHistory': [0.0], 'WallDurations': [0], 'JobIds': ['137314046.0'], 'State': 'idle', 'RecordedSite': False}, '168': {'Retries': 0, 'Restarts': 0, 'SiteHistory': ['Unknown'], 'ResidentSetSize': [0], 'SubmitTimes': [1762278674.0], 'StartTimes': [], 'EndTimes': [], 'TotalUserCpuTimeHistory': [0.0], 'TotalSysCpuTimeHistory': [0.0], 'WallDurations': [0], 'JobIds': ['137314047.0'], 'State': 'idle', 'RecordedSite': False}, '180': {'Retries': 0, 'Restarts': 0, 'SiteHistory': ['Unknown'], 'ResidentSetSize': [0], 'SubmitTimes': [1762278674.0], 'StartTimes': [], 'EndTimes': [], 'TotalUserCpuTimeHistory': [0.0], 'TotalSysCpuTimeHistory': [0.0], 'WallDurations': [0], 'JobIds': ['137314048.0'], 'State': 'idle', 'RecordedSite': False}, '174': {'Retries': 0, 'Restarts': 0, 'SiteHistory': ['Unknown'], 'ResidentSetSize': [0], 'SubmitTimes': [1762278674.0], 'StartTimes': [], 'EndTimes': [], 'TotalUserCpuTimeHistory': [0.0], 'TotalSysCpuTimeHistory': [0.0], 'WallDurations': [0], 'JobIds': ['137314049.0'], 'State': 'idle', 'RecordedSite': False}, '173': {'Retries': 0, 'Restarts': 0, 'SiteHistory': ['Unknown'], 'ResidentSetSize': [0], 'SubmitTimes': [1762278674.0], 'StartTimes': [], 'EndTimes': [], 'TotalUserCpuTimeHistory': [0.0], 'TotalSysCpuTimeHistory': [0.0], 'WallDurations': [0], 'JobIds': ['137314050.0'], 'State': 'idle', 'RecordedSite': False}, '172': {'Retries': 0, 'Restarts': 0, 'SiteHistory': ['Unknown'], 'ResidentSetSize': [0], 'SubmitTimes': [1762278674.0], 'StartTimes': [], 'EndTimes': [], 'TotalUserCpuTimeHistory': [0.0], 'TotalSysCpuTimeHistory': [0.0], 'WallDurations': [0], 'JobIds': ['137314051.0'], 'State': 'idle', 'RecordedSite': False}, '183': {'Retries': 0, 'Restarts': 0, 'SiteHistory': ['Unknown'], 'ResidentSetSize': [0], 'SubmitTimes': [1762278674.0], 'StartTimes': [], 'EndTimes': [], 'TotalUserCpuTimeHistory': [0.0], 'TotalSysCpuTimeHistory': [0.0], 'WallDurations': [0], 'JobIds': ['137314052.0'], 'State': 'idle', 'RecordedSite': False}, '181': {'Retries': 0, 'Restarts': 0, 'SiteHistory': ['Unknown'], 'ResidentSetSize': [0], 'SubmitTimes': [1762278674.0], 'StartTimes': [], 'EndTimes': [], 'TotalUserCpuTimeHistory': [0.0], 'TotalSysCpuTimeHistory': [0.0], 'WallDurations': [0], 'JobIds': ['137314053.0'], 'State': 'idle', 'RecordedSite': False}, '169': {'Retries': 0, 'Restarts': 0, 'SiteHistory': ['Unknown'], 'ResidentSetSize': [0], 'SubmitTimes': [1762278674.0], 'StartTimes': [], 'EndTimes': [], 'TotalUserCpuTimeHistory': [0.0], 'TotalSysCpuTimeHistory': [0.0], 'WallDurations': [0], 'JobIds': ['137314054.0'], 'State': 'idle', 'RecordedSite': False}, '182': {'Retries': 0, 'Restarts': 0, 'SiteHistory': ['Unknown'], 'ResidentSetSize': [0], 'SubmitTimes': [1762278674.0], 'StartTimes': [], 'EndTimes': [], 'TotalUserCpuTimeHistory': [0.0], 'TotalSysCpuTimeHistory': [0.0], 'WallDurations': [0], 'JobIds': ['137314055.0'], 'State': 'idle', 'RecordedSite': False}, '170': {'Retries': 0, 'Restarts': 0, 'SiteHistory': ['Unknown'], 'ResidentSetSize': [0], 'SubmitTimes': [1762278674.0], 'StartTimes': [], 'EndTimes': [], 'TotalUserCpuTimeHistory': [0.0], 'TotalSysCpuTimeHistory': [0.0], 'WallDurations': [0], 'JobIds': ['137314056.0'], 'State': 'idle', 'RecordedSite': False}, '179': {'Retries': 0, 'Restarts': 0, 'SiteHistory': ['Unknown'], 'ResidentSetSize': [0], 'SubmitTimes': [1762278674.0], 'StartTimes': [], 'EndTimes': [], 'TotalUserCpuTimeHistory': [0.0], 'TotalSysCpuTimeHistory': [0.0], 'WallDurations': [0], 'JobIds': ['137314057.0'], 'State': 'idle', 'RecordedSite': False}, '178': {'Retries': 0, 'Restarts': 0, 'SiteHistory': ['Unknown'], 'ResidentSetSize': [0], 'SubmitTimes': [1762278674.0], 'StartTimes': [], 'EndTimes': [], 'TotalUserCpuTimeHistory': [0.0], 'TotalSysCpuTimeHistory': [0.0], 'WallDurations': [0], 'JobIds': ['137314058.0'], 'State': 'idle', 'RecordedSite': False}, '166': {'Retries': 0, 'Restarts': 0, 'SiteHistory': ['Unknown'], 'ResidentSetSize': [0], 'SubmitTimes': [1762278674.0], 'StartTimes': [], 'EndTimes': [], 'TotalUserCpuTimeHistory': [0.0], 'TotalSysCpuTimeHistory': [0.0], 'WallDurations': [0], 'JobIds': ['137314059.0'], 'State': 'idle', 'RecordedSite': False}, '167': {'Retries': 0, 'Restarts': 0, 'SiteHistory': ['Unknown'], 'ResidentSetSize': [0], 'SubmitTimes': [1762278674.0], 'StartTimes': [], 'EndTimes': [], 'TotalUserCpuTimeHistory': [0.0], 'TotalSysCpuTimeHistory': [0.0], 'WallDurations': [0], 'JobIds': ['137314060.0'], 'State': 'idle', 'RecordedSite': False}, '177': {'Retries': 0, 'Restarts': 0, 'SiteHistory': ['Unknown'], 'ResidentSetSize': [0], 'SubmitTimes': [1762278674.0], 'StartTimes': [], 'EndTimes': [], 'TotalUserCpuTimeHistory': [0.0], 'TotalSysCpuTimeHistory': [0.0], 'WallDurations': [0], 'JobIds': ['137314061.0'], 'State': 'idle', 'RecordedSite': False}, '176': {'Retries': 0, 'Restarts': 0, 'SiteHistory': ['Unknown'], 'ResidentSetSize': [0], 'SubmitTimes': [1762278674.0], 'StartTimes': [], 'EndTimes': [], 'TotalUserCpuTimeHistory': [0.0], 'TotalSysCpuTimeHistory': [0.0], 'WallDurations': [0], 'JobIds': ['137314062.0'], 'State': 'idle', 'RecordedSite': False}, '184': {'Retries': 0, 'Restarts': 0, 'SiteHistory': ['Unknown'], 'ResidentSetSize': [0], 'SubmitTimes': [1762278674.0], 'StartTimes': [], 'EndTimes': [], 'TotalUserCpuTimeHistory': [0.0], 'TotalSysCpuTimeHistory': [0.0], 'WallDurations': [0], 'JobIds': ['137314063.0'], 'State': 'idle', 'RecordedSite': False}, '171': {'Retries': 0, 'Restarts': 0, 'SiteHistory': ['Unknown'], 'ResidentSetSize': [0], 'SubmitTimes': [1762278674.0], 'StartTimes': [], 'EndTimes': [], 'TotalUserCpuTimeHistory': [0.0], 'TotalSysCpuTimeHistory': [0.0], 'WallDurations': [0], 'JobIds': ['137314064.0'], 'State': 'idle', 'RecordedSite': False}, '190': {'Retries': 0, 'Restarts': 0, 'SiteHistory': ['Unknown'], 'ResidentSetSize': [0], 'SubmitTimes': [1762278674.0], 'StartTimes': [], 'EndTimes': [], 'TotalUserCpuTimeHistory': [0.0], 'TotalSysCpuTimeHistory': [0.0], 'WallDurations': [0], 'JobIds': ['137314065.0'], 'State': 'idle', 'RecordedSite': False}, '185': {'Retries': 0, 'Restarts': 0, 'SiteHistory': ['Unknown'], 'ResidentSetSize': [0], 'SubmitTimes': [1762278674.0], 'StartTimes': [], 'EndTimes': [], 'TotalUserCpuTimeHistory': [0.0], 'TotalSysCpuTimeHistory': [0.0], 'WallDurations': [0], 'JobIds': ['137314066.0'], 'State': 'idle', 'RecordedSite': False}, '187': {'Retries': 0, 'Restarts': 0, 'SiteHistory': ['Unknown'], 'ResidentSetSize': [0], 'SubmitTimes': [1762278674.0], 'StartTimes': [], 'EndTimes': [], 'TotalUserCpuTimeHistory': [0.0], 'TotalSysCpuTimeHistory': [0.0], 'WallDurations': [0], 'JobIds': ['137314067.0'], 'State': 'idle', 'RecordedSite': False}, '193': {'Retries': 0, 'Restarts': 0, 'SiteHistory': ['Unknown'], 'ResidentSetSize': [0], 'SubmitTimes': [1762278674.0], 'StartTimes': [], 'EndTimes': [], 'TotalUserCpuTimeHistory': [0.0], 'TotalSysCpuTimeHistory': [0.0], 'WallDurations': [0], 'JobIds': ['137314068.0'], 'State': 'idle', 'RecordedSite': False}, '191': {'Retries': 0, 'Restarts': 0, 'SiteHistory': ['Unknown'], 'ResidentSetSize': [0], 'SubmitTimes': [1762278674.0], 'StartTimes': [], 'EndTimes': [], 'TotalUserCpuTimeHistory': [0.0], 'TotalSysCpuTimeHistory': [0.0], 'WallDurations': [0], 'JobIds': ['137314069.0'], 'State': 'idle', 'RecordedSite': False}, '186': {'Retries': 0, 'Restarts': 0, 'SiteHistory': ['Unknown'], 'ResidentSetSize': [0], 'SubmitTimes': [1762278674.0], 'StartTimes': [], 'EndTimes': [], 'TotalUserCpuTimeHistory': [0.0], 'TotalSysCpuTimeHistory': [0.0], 'WallDurations': [0], 'JobIds': ['137314070.0'], 'State': 'idle', 'RecordedSite': False}, '189': {'Retries': 0, 'Restarts': 0, 'SiteHistory': ['Unknown'], 'ResidentSetSize': [0], 'SubmitTimes': [1762278674.0], 'StartTimes': [], 'EndTimes': [], 'TotalUserCpuTimeHistory': [0.0], 'TotalSysCpuTimeHistory': [0.0], 'WallDurations': [0], 'JobIds': ['137314071.0'], 'State': 'idle', 'RecordedSite': False}, '196': {'Retries': 0, 'Restarts': 0, 'SiteHistory': ['Unknown'], 'ResidentSetSize': [0], 'SubmitTimes': [1762278674.0], 'StartTimes': [], 'EndTimes': [], 'TotalUserCpuTimeHistory': [0.0], 'TotalSysCpuTimeHistory': [0.0], 'WallDurations': [0], 'JobIds': ['137314072.0'], 'State': 'idle', 'RecordedSite': False}, '192': {'Retries': 0, 'Restarts': 0, 'SiteHistory': ['Unknown'], 'ResidentSetSize': [0], 'SubmitTimes': [1762278674.0], 'StartTimes': [], 'EndTimes': [], 'TotalUserCpuTimeHistory': [0.0], 'TotalSysCpuTimeHistory': [0.0], 'WallDurations': [0], 'JobIds': ['137314073.0'], 'State': 'idle', 'RecordedSite': False}, '199': {'Retries': 0, 'Restarts': 0, 'SiteHistory': ['Unknown'], 'ResidentSetSize': [0], 'SubmitTimes': [1762278674.0], 'StartTimes': [], 'EndTimes': [], 'TotalUserCpuTimeHistory': [0.0], 'TotalSysCpuTimeHistory': [0.0], 'WallDurations': [0], 'JobIds': ['137314074.0'], 'State': 'idle', 'RecordedSite': False}, '197': {'Retries': 0, 'Restarts': 0, 'SiteHistory': ['Unknown'], 'ResidentSetSize': [0], 'SubmitTimes': [1762278674.0], 'StartTimes': [], 'EndTimes': [], 'TotalUserCpuTimeHistory': [0.0], 'TotalSysCpuTimeHistory': [0.0], 'WallDurations': [0], 'JobIds': ['137314075.0'], 'State': 'idle', 'RecordedSite': False}, '203': {'Retries': 0, 'Restarts': 0, 'SiteHistory': ['Unknown'], 'ResidentSetSize': [0], 'SubmitTimes': [1762278674.0], 'StartTimes': [], 'EndTimes': [], 'TotalUserCpuTimeHistory': [0.0], 'TotalSysCpuTimeHistory': [0.0], 'WallDurations': [0], 'JobIds': ['137314076.0'], 'State': 'idle', 'RecordedSite': False}, '194': {'Retries': 0, 'Restarts': 0, 'SiteHistory': ['Unknown'], 'ResidentSetSize': [0], 'SubmitTimes': [1762278674.0], 'StartTimes': [], 'EndTimes': [], 'TotalUserCpuTimeHistory': [0.0], 'TotalSysCpuTimeHistory': [0.0], 'WallDurations': [0], 'JobIds': ['137314077.0'], 'State': 'idle', 'RecordedSite': False}, '201': {'Retries': 0, 'Restarts': 0, 'SiteHistory': ['Unknown'], 'ResidentSetSize': [0], 'SubmitTimes': [1762278674.0], 'StartTimes': [], 'EndTimes': [], 'TotalUserCpuTimeHistory': [0.0], 'TotalSysCpuTimeHistory': [0.0], 'WallDurations': [0], 'JobIds': ['137314078.0'], 'State': 'idle', 'RecordedSite': False}, '195': {'Retries': 0, 'Restarts': 0, 'SiteHistory': ['Unknown'], 'ResidentSetSize': [0], 'SubmitTimes': [1762278674.0], 'StartTimes': [], 'EndTimes': [], 'TotalUserCpuTimeHistory': [0.0], 'TotalSysCpuTimeHistory': [0.0], 'WallDurations': [0], 'JobIds': ['137314079.0'], 'State': 'idle', 'RecordedSite': False}, '188': {'Retries': 0, 'Restarts': 0, 'SiteHistory': ['Unknown'], 'ResidentSetSize': [0], 'SubmitTimes': [1762278674.0], 'StartTimes': [], 'EndTimes': [], 'TotalUserCpuTimeHistory': [0.0], 'TotalSysCpuTimeHistory': [0.0], 'WallDurations': [0], 'JobIds': ['137314080.0'], 'State': 'idle', 'RecordedSite': False}, '200': {'Retries': 0, 'Restarts': 0, 'SiteHistory': ['Unknown'], 'ResidentSetSize': [0], 'SubmitTimes': [1762278674.0], 'StartTimes': [], 'EndTimes': [], 'TotalUserCpuTimeHistory': [0.0], 'TotalSysCpuTimeHistory': [0.0], 'WallDurations': [0], 'JobIds': ['137314081.0'], 'State': 'idle', 'RecordedSite': False}, '198': {'Retries': 0, 'Restarts': 0, 'SiteHistory': ['Unknown'], 'ResidentSetSize': [0], 'SubmitTimes': [1762278674.0], 'StartTimes': [], 'EndTimes': [], 'TotalUserCpuTimeHistory': [0.0], 'TotalSysCpuTimeHistory': [0.0], 'WallDurations': [0], 'JobIds': ['137314082.0'], 'State': 'idle', 'RecordedSite': False}, '204': {'Retries': 0, 'Restarts': 0, 'SiteHistory': ['Unknown'], 'ResidentSetSize': [0], 'SubmitTimes': [1762278674.0], 'StartTimes': [], 'EndTimes': [], 'TotalUserCpuTimeHistory': [0.0], 'TotalSysCpuTimeHistory': [0.0], 'WallDurations': [0], 'JobIds': ['137314083.0'], 'State': 'idle', 'RecordedSite': False}, '202': {'Retries': 0, 'Restarts': 0, 'SiteHistory': ['Unknown'], 'ResidentSetSize': [0], 'SubmitTimes': [1762278674.0], 'StartTimes': [], 'EndTimes': [], 'TotalUserCpuTimeHistory': [0.0], 'TotalSysCpuTimeHistory': [0.0], 'WallDurations': [0], 'JobIds': ['137314084.0'], 'State': 'idle', 'RecordedSite': False}, '206': {'Retries': 0, 'Restarts': 0, 'SiteHistory': ['Unknown'], 'ResidentSetSize': [0], 'SubmitTimes': [1762278674.0], 'StartTimes': [], 'EndTimes': [], 'TotalUserCpuTimeHistory': [0.0], 'TotalSysCpuTimeHistory': [0.0], 'WallDurations': [0], 'JobIds': ['137314085.0'], 'State': 'idle', 'RecordedSite': False}, '212': {'Retries': 0, 'Restarts': 0, 'SiteHistory': ['Unknown'], 'ResidentSetSize': [0], 'SubmitTimes': [1762278674.0], 'StartTimes': [], 'EndTimes': [], 'TotalUserCpuTimeHistory': [0.0], 'TotalSysCpuTimeHistory': [0.0], 'WallDurations': [0], 'JobIds': ['137314086.0'], 'State': 'idle', 'RecordedSite': False}, '207': {'Retries': 0, 'Restarts': 0, 'SiteHistory': ['Unknown'], 'ResidentSetSize': [0], 'SubmitTimes': [1762278674.0], 'StartTimes': [], 'EndTimes': [], 'TotalUserCpuTimeHistory': [0.0], 'TotalSysCpuTimeHistory': [0.0], 'WallDurations': [0], 'JobIds': ['137314087.0'], 'State': 'idle', 'RecordedSite': False}, '213': {'Retries': 0, 'Restarts': 0, 'SiteHistory': ['Unknown'], 'ResidentSetSize': [0], 'SubmitTimes': [1762278674.0], 'StartTimes': [], 'EndTimes': [], 'TotalUserCpuTimeHistory': [0.0], 'TotalSysCpuTimeHistory': [0.0], 'WallDurations': [0], 'JobIds': ['137314088.0'], 'State': 'idle', 'RecordedSite': False}, '211': {'Retries': 0, 'Restarts': 0, 'SiteHistory': ['Unknown'], 'ResidentSetSize': [0], 'SubmitTimes': [1762278674.0], 'StartTimes': [], 'EndTimes': [], 'TotalUserCpuTimeHistory': [0.0], 'TotalSysCpuTimeHistory': [0.0], 'WallDurations': [0], 'JobIds': ['137314089.0'], 'State': 'idle', 'RecordedSite': False}, '210': {'Retries': 0, 'Restarts': 0, 'SiteHistory': ['Unknown'], 'ResidentSetSize': [0], 'SubmitTimes': [1762278674.0], 'StartTimes': [], 'EndTimes': [], 'TotalUserCpuTimeHistory': [0.0], 'TotalSysCpuTimeHistory': [0.0], 'WallDurations': [0], 'JobIds': ['137314090.0'], 'State': 'idle', 'RecordedSite': False}, '214': {'Retries': 0, 'Restarts': 0, 'SiteHistory': ['Unknown'], 'ResidentSetSize': [0], 'SubmitTimes': [1762278674.0], 'StartTimes': [], 'EndTimes': [], 'TotalUserCpuTimeHistory': [0.0], 'TotalSysCpuTimeHistory': [0.0], 'WallDurations': [0], 'JobIds': ['137314091.0'], 'State': 'idle', 'RecordedSite': False}, '205': {'Retries': 0, 'Restarts': 0, 'SiteHistory': ['Unknown'], 'ResidentSetSize': [0], 'SubmitTimes': [1762278674.0], 'StartTimes': [], 'EndTimes': [], 'TotalUserCpuTimeHistory': [0.0], 'TotalSysCpuTimeHistory': [0.0], 'WallDurations': [0], 'JobIds': ['137314092.0'], 'State': 'idle', 'RecordedSite': False}, '216': {'Retries': 0, 'Restarts': 0, 'SiteHistory': ['Unknown'], 'ResidentSetSize': [0], 'SubmitTimes': [1762278674.0], 'StartTimes': [], 'EndTimes': [], 'TotalUserCpuTimeHistory': [0.0], 'TotalSysCpuTimeHistory': [0.0], 'WallDurations': [0], 'JobIds': ['137314093.0'], 'State': 'idle', 'RecordedSite': False}, '209': {'Retries': 0, 'Restarts': 0, 'SiteHistory': ['Unknown'], 'ResidentSetSize': [0], 'SubmitTimes': [1762278674.0], 'StartTimes': [], 'EndTimes': [], 'TotalUserCpuTimeHistory': [0.0], 'TotalSysCpuTimeHistory': [0.0], 'WallDurations': [0], 'JobIds': ['137314094.0'], 'State': 'idle', 'RecordedSite': False}, '215': {'Retries': 0, 'Restarts': 0, 'SiteHistory': ['Unknown'], 'ResidentSetSize': [0], 'SubmitTimes': [1762278674.0], 'StartTimes': [], 'EndTimes': [], 'TotalUserCpuTimeHistory': [0.0], 'TotalSysCpuTimeHistory': [0.0], 'WallDurations': [0], 'JobIds': ['137314095.0'], 'State': 'idle', 'RecordedSite': False}, '208': {'Retries': 0, 'Restarts': 0, 'SiteHistory': ['Unknown'], 'ResidentSetSize': [0], 'SubmitTimes': [1762278679.0], 'StartTimes': [], 'EndTimes': [], 'TotalUserCpuTimeHistory': [0.0], 'TotalSysCpuTimeHistory': [0.0], 'WallDurations': [0], 'JobIds': ['137314096.0'], 'State': 'idle', 'RecordedSite': False}, '220': {'Retries': 0, 'Restarts': 0, 'SiteHistory': ['Unknown'], 'ResidentSetSize': [0], 'SubmitTimes': [1762278679.0], 'StartTimes': [], 'EndTimes': [], 'TotalUserCpuTimeHistory': [0.0], 'TotalSysCpuTimeHistory': [0.0], 'WallDurations': [0], 'JobIds': ['137314097.0'], 'State': 'idle', 'RecordedSite': False}, '219': {'Retries': 0, 'Restarts': 0, 'SiteHistory': ['Unknown'], 'ResidentSetSize': [0], 'SubmitTimes': [1762278679.0], 'StartTimes': [], 'EndTimes': [], 'TotalUserCpuTimeHistory': [0.0], 'TotalSysCpuTimeHistory': [0.0], 'WallDurations': [0], 'JobIds': ['137314098.0'], 'State': 'idle', 'RecordedSite': False}, '217': {'Retries': 0, 'Restarts': 0, 'SiteHistory': ['Unknown'], 'ResidentSetSize': [0], 'SubmitTimes': [1762278679.0], 'StartTimes': [], 'EndTimes': [], 'TotalUserCpuTimeHistory': [0.0], 'TotalSysCpuTimeHistory': [0.0], 'WallDurations': [0], 'JobIds': ['137314099.0'], 'State': 'idle', 'RecordedSite': False}, '218': {'Retries': 0, 'Restarts': 0, 'SiteHistory': ['Unknown'], 'ResidentSetSize': [0], 'SubmitTimes': [1762278679.0], 'StartTimes': [], 'EndTimes': [], 'TotalUserCpuTimeHistory': [0.0], 'TotalSysCpuTimeHistory': [0.0], 'WallDurations': [0], 'JobIds': ['137314100.0'], 'State': 'idle', 'RecordedSite': False}, '223': {'Retries': 0, 'Restarts': 0, 'SiteHistory': ['Unknown'], 'ResidentSetSize': [0], 'SubmitTimes': [1762278679.0], 'StartTimes': [], 'EndTimes': [], 'TotalUserCpuTimeHistory': [0.0], 'TotalSysCpuTimeHistory': [0.0], 'WallDurations': [0], 'JobIds': ['137314101.0'], 'State': 'idle', 'RecordedSite': False}, '222': {'Retries': 0, 'Restarts': 0, 'SiteHistory': ['Unknown'], 'ResidentSetSize': [0], 'SubmitTimes': [1762278679.0], 'StartTimes': [], 'EndTimes': [], 'TotalUserCpuTimeHistory': [0.0], 'TotalSysCpuTimeHistory': [0.0], 'WallDurations': [0], 'JobIds': ['137314102.0'], 'State': 'idle', 'RecordedSite': False}, '226': {'Retries': 0, 'Restarts': 0, 'SiteHistory': ['Unknown'], 'ResidentSetSize': [0], 'SubmitTimes': [1762278679.0], 'StartTimes': [], 'EndTimes': [], 'TotalUserCpuTimeHistory': [0.0], 'TotalSysCpuTimeHistory': [0.0], 'WallDurations': [0], 'JobIds': ['137314103.0'], 'State': 'idle', 'RecordedSite': False}, '225': {'Retries': 0, 'Restarts': 0, 'SiteHistory': ['Unknown'], 'ResidentSetSize': [0], 'SubmitTimes': [1762278680.0], 'StartTimes': [], 'EndTimes': [], 'TotalUserCpuTimeHistory': [0.0], 'TotalSysCpuTimeHistory': [0.0], 'WallDurations': [0], 'JobIds': ['137314104.0'], 'State': 'idle', 'RecordedSite': False}, '224': {'Retries': 0, 'Restarts': 0, 'SiteHistory': ['Unknown'], 'ResidentSetSize': [0], 'SubmitTimes': [1762278680.0], 'StartTimes': [], 'EndTimes': [], 'TotalUserCpuTimeHistory': [0.0], 'TotalSysCpuTimeHistory': [0.0], 'WallDurations': [0], 'JobIds': ['137314105.0'], 'State': 'idle', 'RecordedSite': False}, '229': {'Retries': 0, 'Restarts': 0, 'SiteHistory': ['Unknown'], 'ResidentSetSize': [0], 'SubmitTimes': [1762278680.0], 'StartTimes': [], 'EndTimes': [], 'TotalUserCpuTimeHistory': [0.0], 'TotalSysCpuTimeHistory': [0.0], 'WallDurations': [0], 'JobIds': ['137314106.0'], 'State': 'idle', 'RecordedSite': False}, '221': {'Retries': 0, 'Restarts': 0, 'SiteHistory': ['Unknown'], 'ResidentSetSize': [0], 'SubmitTimes': [1762278680.0], 'StartTimes': [], 'EndTimes': [], 'TotalUserCpuTimeHistory': [0.0], 'TotalSysCpuTimeHistory': [0.0], 'WallDurations': [0], 'JobIds': ['137314107.0'], 'State': 'idle', 'RecordedSite': False}, '230': {'Retries': 0, 'Restarts': 0, 'SiteHistory': ['Unknown'], 'ResidentSetSize': [0], 'SubmitTimes': [1762278680.0], 'StartTimes': [], 'EndTimes': [], 'TotalUserCpuTimeHistory': [0.0], 'TotalSysCpuTimeHistory': [0.0], 'WallDurations': [0], 'JobIds': ['137314108.0'], 'State': 'idle', 'RecordedSite': False}, '228': {'Retries': 0, 'Restarts': 0, 'SiteHistory': ['Unknown'], 'ResidentSetSize': [0], 'SubmitTimes': [1762278680.0], 'StartTimes': [], 'EndTimes': [], 'TotalUserCpuTimeHistory': [0.0], 'TotalSysCpuTimeHistory': [0.0], 'WallDurations': [0], 'JobIds': ['137314109.0'], 'State': 'idle', 'RecordedSite': False}, '227': {'Retries': 0, 'Restarts': 0, 'SiteHistory': ['Unknown'], 'ResidentSetSize': [0], 'SubmitTimes': [1762278680.0], 'StartTimes': [], 'EndTimes': [], 'TotalUserCpuTimeHistory': [0.0], 'TotalSysCpuTimeHistory': [0.0], 'WallDurations': [0], 'JobIds': ['137314110.0'], 'State': 'idle', 'RecordedSite': False}, '232': {'Retries': 0, 'Restarts': 0, 'SiteHistory': ['Unknown'], 'ResidentSetSize': [0], 'SubmitTimes': [1762278680.0], 'StartTimes': [], 'EndTimes': [], 'TotalUserCpuTimeHistory': [0.0], 'TotalSysCpuTimeHistory': [0.0], 'WallDurations': [0], 'JobIds': ['137314111.0'], 'State': 'idle', 'RecordedSite': False}, '233': {'Retries': 0, 'Restarts': 0, 'SiteHistory': ['Unknown'], 'ResidentSetSize': [0], 'SubmitTimes': [1762278680.0], 'StartTimes': [], 'EndTimes': [], 'TotalUserCpuTimeHistory': [0.0], 'TotalSysCpuTimeHistory': [0.0], 'WallDurations': [0], 'JobIds': ['137314112.0'], 'State': 'idle', 'RecordedSite': False}, '231': {'Retries': 0, 'Restarts': 0, 'SiteHistory': ['Unknown'], 'ResidentSetSize': [0], 'SubmitTimes': [1762278680.0], 'StartTimes': [], 'EndTimes': [], 'TotalUserCpuTimeHistory': [0.0], 'TotalSysCpuTimeHistory': [0.0], 'WallDurations': [0], 'JobIds': ['137314113.0'], 'State': 'idle', 'RecordedSite': False}, '235': {'Retries': 0, 'Restarts': 0, 'SiteHistory': ['Unknown'], 'ResidentSetSize': [0], 'SubmitTimes': [1762278680.0], 'StartTimes': [], 'EndTimes': [], 'TotalUserCpuTimeHistory': [0.0], 'TotalSysCpuTimeHistory': [0.0], 'WallDurations': [0], 'JobIds': ['137314114.0'], 'State': 'idle', 'RecordedSite': False}, '241': {'Retries': 0, 'Restarts': 0, 'SiteHistory': ['Unknown'], 'ResidentSetSize': [0], 'SubmitTimes': [1762278680.0], 'StartTimes': [], 'EndTimes': [], 'TotalUserCpuTimeHistory': [0.0], 'TotalSysCpuTimeHistory': [0.0], 'WallDurations': [0], 'JobIds': ['137314115.0'], 'State': 'idle', 'RecordedSite': False}, '234': {'Retries': 0, 'Restarts': 0, 'SiteHistory': ['Unknown'], 'ResidentSetSize': [0], 'SubmitTimes': [1762278680.0], 'StartTimes': [], 'EndTimes': [], 'TotalUserCpuTimeHistory': [0.0], 'TotalSysCpuTimeHistory': [0.0], 'WallDurations': [0], 'JobIds': ['137314116.0'], 'State': 'idle', 'RecordedSite': False}, '236': {'Retries': 0, 'Restarts': 0, 'SiteHistory': ['Unknown'], 'ResidentSetSize': [0], 'SubmitTimes': [1762278680.0], 'StartTimes': [], 'EndTimes': [], 'TotalUserCpuTimeHistory': [0.0], 'TotalSysCpuTimeHistory': [0.0], 'WallDurations': [0], 'JobIds': ['137314117.0'], 'State': 'idle', 'RecordedSite': False}, '240': {'Retries': 0, 'Restarts': 0, 'SiteHistory': ['Unknown'], 'ResidentSetSize': [0], 'SubmitTimes': [1762278680.0], 'StartTimes': [], 'EndTimes': [], 'TotalUserCpuTimeHistory': [0.0], 'TotalSysCpuTimeHistory': [0.0], 'WallDurations': [0], 'JobIds': ['137314118.0'], 'State': 'idle', 'RecordedSite': False}, '237': {'Retries': 0, 'Restarts': 0, 'SiteHistory': ['Unknown'], 'ResidentSetSize': [0], 'SubmitTimes': [1762278680.0], 'StartTimes': [], 'EndTimes': [], 'TotalUserCpuTimeHistory': [0.0], 'TotalSysCpuTimeHistory': [0.0], 'WallDurations': [0], 'JobIds': ['137314119.0'], 'State': 'idle', 'RecordedSite': False}, '239': {'Retries': 0, 'Restarts': 0, 'SiteHistory': ['Unknown'], 'ResidentSetSize': [0], 'SubmitTimes': [1762278680.0], 'StartTimes': [], 'EndTimes': [], 'TotalUserCpuTimeHistory': [0.0], 'TotalSysCpuTimeHistory': [0.0], 'WallDurations': [0], 'JobIds': ['137314120.0'], 'State': 'idle', 'RecordedSite': False}, '238': {'Retries': 0, 'Restarts': 0, 'SiteHistory': ['Unknown'], 'ResidentSetSize': [0], 'SubmitTimes': [1762278680.0], 'StartTimes': [], 'EndTimes': [], 'TotalUserCpuTimeHistory': [0.0], 'TotalSysCpuTimeHistory': [0.0], 'WallDurations': [0], 'JobIds': ['137314121.0'], 'State': 'idle', 'RecordedSite': False}, '244': {'Retries': 0, 'Restarts': 0, 'SiteHistory': ['Unknown'], 'ResidentSetSize': [0], 'SubmitTimes': [1762278680.0], 'StartTimes': [], 'EndTimes': [], 'TotalUserCpuTimeHistory': [0.0], 'TotalSysCpuTimeHistory': [0.0], 'WallDurations': [0], 'JobIds': ['137314122.0'], 'State': 'idle', 'RecordedSite': False}, '242': {'Retries': 0, 'Restarts': 0, 'SiteHistory': ['Unknown'], 'ResidentSetSize': [0], 'SubmitTimes': [1762278680.0], 'StartTimes': [], 'EndTimes': [], 'TotalUserCpuTimeHistory': [0.0], 'TotalSysCpuTimeHistory': [0.0], 'WallDurations': [0], 'JobIds': ['137314123.0'], 'State': 'idle', 'RecordedSite': False}, '245': {'Retries': 0, 'Restarts': 0, 'SiteHistory': ['Unknown'], 'ResidentSetSize': [0], 'SubmitTimes': [1762278680.0], 'StartTimes': [], 'EndTimes': [], 'TotalUserCpuTimeHistory': [0.0], 'TotalSysCpuTimeHistory': [0.0], 'WallDurations': [0], 'JobIds': ['137314124.0'], 'State': 'idle', 'RecordedSite': False}, '248': {'Retries': 0, 'Restarts': 0, 'SiteHistory': ['Unknown'], 'ResidentSetSize': [0], 'SubmitTimes': [1762278680.0], 'StartTimes': [], 'EndTimes': [], 'TotalUserCpuTimeHistory': [0.0], 'TotalSysCpuTimeHistory': [0.0], 'WallDurations': [0], 'JobIds': ['137314125.0'], 'State': 'idle', 'RecordedSite': False}, '243': {'Retries': 0, 'Restarts': 0, 'SiteHistory': ['Unknown'], 'ResidentSetSize': [0], 'SubmitTimes': [1762278680.0], 'StartTimes': [], 'EndTimes': [], 'TotalUserCpuTimeHistory': [0.0], 'TotalSysCpuTimeHistory': [0.0], 'WallDurations': [0], 'JobIds': ['137314126.0'], 'State': 'idle', 'RecordedSite': False}, '249': {'Retries': 0, 'Restarts': 0, 'SiteHistory': ['Unknown'], 'ResidentSetSize': [0], 'SubmitTimes': [1762278680.0], 'StartTimes': [], 'EndTimes': [], 'TotalUserCpuTimeHistory': [0.0], 'TotalSysCpuTimeHistory': [0.0], 'WallDurations': [0], 'JobIds': ['137314127.0'], 'State': 'idle', 'RecordedSite': False}, '246': {'Retries': 0, 'Restarts': 0, 'SiteHistory': ['Unknown'], 'ResidentSetSize': [0], 'SubmitTimes': [1762278680.0], 'StartTimes': [], 'EndTimes': [], 'TotalUserCpuTimeHistory': [0.0], 'TotalSysCpuTimeHistory': [0.0], 'WallDurations': [0], 'JobIds': ['137314128.0'], 'State': 'idle', 'RecordedSite': False}, '253': {'Retries': 0, 'Restarts': 0, 'SiteHistory': ['Unknown'], 'ResidentSetSize': [0], 'SubmitTimes': [1762278680.0], 'StartTimes': [], 'EndTimes': [], 'TotalUserCpuTimeHistory': [0.0], 'TotalSysCpuTimeHistory': [0.0], 'WallDurations': [0], 'JobIds': ['137314129.0'], 'State': 'idle', 'RecordedSite': False}, '250': {'Retries': 0, 'Restarts': 0, 'SiteHistory': ['Unknown'], 'ResidentSetSize': [0], 'SubmitTimes': [1762278681.0], 'StartTimes': [], 'EndTimes': [], 'TotalUserCpuTimeHistory': [0.0], 'TotalSysCpuTimeHistory': [0.0], 'WallDurations': [0], 'JobIds': ['137314130.0'], 'State': 'idle', 'RecordedSite': False}, '251': {'Retries': 0, 'Restarts': 0, 'SiteHistory': ['Unknown'], 'ResidentSetSize': [0], 'SubmitTimes': [1762278681.0], 'StartTimes': [], 'EndTimes': [], 'TotalUserCpuTimeHistory': [0.0], 'TotalSysCpuTimeHistory': [0.0], 'WallDurations': [0], 'JobIds': ['137314131.0'], 'State': 'idle', 'RecordedSite': False}, '255': {'Retries': 0, 'Restarts': 0, 'SiteHistory': ['Unknown'], 'ResidentSetSize': [0], 'SubmitTimes': [1762278681.0], 'StartTimes': [], 'EndTimes': [], 'TotalUserCpuTimeHistory': [0.0], 'TotalSysCpuTimeHistory': [0.0], 'WallDurations': [0], 'JobIds': ['137314132.0'], 'State': 'idle', 'RecordedSite': False}, '247': {'Retries': 0, 'Restarts': 0, 'SiteHistory': ['Unknown'], 'ResidentSetSize': [0], 'SubmitTimes': [1762278681.0], 'StartTimes': [], 'EndTimes': [], 'TotalUserCpuTimeHistory': [0.0], 'TotalSysCpuTimeHistory': [0.0], 'WallDurations': [0], 'JobIds': ['137314133.0'], 'State': 'idle', 'RecordedSite': False}, '254': {'Retries': 0, 'Restarts': 0, 'SiteHistory': ['Unknown'], 'ResidentSetSize': [0], 'SubmitTimes': [1762278681.0], 'StartTimes': [], 'EndTimes': [], 'TotalUserCpuTimeHistory': [0.0], 'TotalSysCpuTimeHistory': [0.0], 'WallDurations': [0], 'JobIds': ['137314134.0'], 'State': 'idle', 'RecordedSite': False}, '260': {'Retries': 0, 'Restarts': 0, 'SiteHistory': ['Unknown'], 'ResidentSetSize': [0], 'SubmitTimes': [1762278681.0], 'StartTimes': [], 'EndTimes': [], 'TotalUserCpuTimeHistory': [0.0], 'TotalSysCpuTimeHistory': [0.0], 'WallDurations': [0], 'JobIds': ['137314135.0'], 'State': 'idle', 'RecordedSite': False}, '259': {'Retries': 0, 'Restarts': 0, 'SiteHistory': ['Unknown'], 'ResidentSetSize': [0], 'SubmitTimes': [1762278681.0], 'StartTimes': [], 'EndTimes': [], 'TotalUserCpuTimeHistory': [0.0], 'TotalSysCpuTimeHistory': [0.0], 'WallDurations': [0], 'JobIds': ['137314136.0'], 'State': 'idle', 'RecordedSite': False}, '261': {'Retries': 0, 'Restarts': 0, 'SiteHistory': ['Unknown'], 'ResidentSetSize': [0], 'SubmitTimes': [1762278681.0], 'StartTimes': [], 'EndTimes': [], 'TotalUserCpuTimeHistory': [0.0], 'TotalSysCpuTimeHistory': [0.0], 'WallDurations': [0], 'JobIds': ['137314137.0'], 'State': 'idle', 'RecordedSite': False}, '252': {'Retries': 0, 'Restarts': 0, 'SiteHistory': ['Unknown'], 'ResidentSetSize': [0], 'SubmitTimes': [1762278681.0], 'StartTimes': [], 'EndTimes': [], 'TotalUserCpuTimeHistory': [0.0], 'TotalSysCpuTimeHistory': [0.0], 'WallDurations': [0], 'JobIds': ['137314138.0'], 'State': 'idle', 'RecordedSite': False}, '258': {'Retries': 0, 'Restarts': 0, 'SiteHistory': ['Unknown'], 'ResidentSetSize': [0], 'SubmitTimes': [1762278681.0], 'StartTimes': [], 'EndTimes': [], 'TotalUserCpuTimeHistory': [0.0], 'TotalSysCpuTimeHistory': [0.0], 'WallDurations': [0], 'JobIds': ['137314139.0'], 'State': 'idle', 'RecordedSite': False}, '256': {'Retries': 0, 'Restarts': 0, 'SiteHistory': ['Unknown'], 'ResidentSetSize': [0], 'SubmitTimes': [1762278681.0], 'StartTimes': [], 'EndTimes': [], 'TotalUserCpuTimeHistory': [0.0], 'TotalSysCpuTimeHistory': [0.0], 'WallDurations': [0], 'JobIds': ['137314140.0'], 'State': 'idle', 'RecordedSite': False}, '264': {'Retries': 0, 'Restarts': 0, 'SiteHistory': ['Unknown'], 'ResidentSetSize': [0], 'SubmitTimes': [1762278681.0], 'StartTimes': [], 'EndTimes': [], 'TotalUserCpuTimeHistory': [0.0], 'TotalSysCpuTimeHistory': [0.0], 'WallDurations': [0], 'JobIds': ['137314141.0'], 'State': 'idle', 'RecordedSite': False}, '257': {'Retries': 0, 'Restarts': 0, 'SiteHistory': ['Unknown'], 'ResidentSetSize': [0], 'SubmitTimes': [1762278681.0], 'StartTimes': [], 'EndTimes': [], 'TotalUserCpuTimeHistory': [0.0], 'TotalSysCpuTimeHistory': [0.0], 'WallDurations': [0], 'JobIds': ['137314142.0'], 'State': 'idle', 'RecordedSite': False}, '263': {'Retries': 0, 'Restarts': 0, 'SiteHistory': ['Unknown'], 'ResidentSetSize': [0], 'SubmitTimes': [1762278681.0], 'StartTimes': [], 'EndTimes': [], 'TotalUserCpuTimeHistory': [0.0], 'TotalSysCpuTimeHistory': [0.0], 'WallDurations': [0], 'JobIds': ['137314143.0'], 'State': 'idle', 'RecordedSite': False}, '262': {'Retries': 0, 'Restarts': 0, 'SiteHistory': ['Unknown'], 'ResidentSetSize': [0], 'SubmitTimes': [1762278681.0], 'StartTimes': [], 'EndTimes': [], 'TotalUserCpuTimeHistory': [0.0], 'TotalSysCpuTimeHistory': [0.0], 'WallDurations': [0], 'JobIds': ['137314144.0'], 'State': 'idle', 'RecordedSite': False}, '265': {'Retries': 0, 'Restarts': 0, 'SiteHistory': ['Unknown'], 'ResidentSetSize': [0], 'SubmitTimes': [1762278681.0], 'StartTimes': [], 'EndTimes': [], 'TotalUserCpuTimeHistory': [0.0], 'TotalSysCpuTimeHistory': [0.0], 'WallDurations': [0], 'JobIds': ['137314145.0'], 'State': 'idle', 'RecordedSite': False}, '272': {'Retries': 0, 'Restarts': 0, 'SiteHistory': ['Unknown'], 'ResidentSetSize': [0], 'SubmitTimes': [1762278681.0], 'StartTimes': [], 'EndTimes': [], 'TotalUserCpuTimeHistory': [0.0], 'TotalSysCpuTimeHistory': [0.0], 'WallDurations': [0], 'JobIds': ['137314146.0'], 'State': 'idle', 'RecordedSite': False}, '269': {'Retries': 0, 'Restarts': 0, 'SiteHistory': ['Unknown'], 'ResidentSetSize': [0], 'SubmitTimes': [1762278681.0], 'StartTimes': [], 'EndTimes': [], 'TotalUserCpuTimeHistory': [0.0], 'TotalSysCpuTimeHistory': [0.0], 'WallDurations': [0], 'JobIds': ['137314147.0'], 'State': 'idle', 'RecordedSite': False}, '267': {'Retries': 0, 'Restarts': 0, 'SiteHistory': ['Unknown'], 'ResidentSetSize': [0], 'SubmitTimes': [1762278681.0], 'StartTimes': [], 'EndTimes': [], 'TotalUserCpuTimeHistory': [0.0], 'TotalSysCpuTimeHistory': [0.0], 'WallDurations': [0], 'JobIds': ['137314148.0'], 'State': 'idle', 'RecordedSite': False}, '266': {'Retries': 0, 'Restarts': 0, 'SiteHistory': ['Unknown'], 'ResidentSetSize': [0], 'SubmitTimes': [1762278681.0], 'StartTimes': [], 'EndTimes': [], 'TotalUserCpuTimeHistory': [0.0], 'TotalSysCpuTimeHistory': [0.0], 'WallDurations': [0], 'JobIds': ['137314149.0'], 'State': 'idle', 'RecordedSite': False}, '273': {'Retries': 0, 'Restarts': 0, 'SiteHistory': ['Unknown'], 'ResidentSetSize': [0], 'SubmitTimes': [1762278681.0], 'StartTimes': [], 'EndTimes': [], 'TotalUserCpuTimeHistory': [0.0], 'TotalSysCpuTimeHistory': [0.0], 'WallDurations': [0], 'JobIds': ['137314150.0'], 'State': 'idle', 'RecordedSite': False}, '268': {'Retries': 0, 'Restarts': 0, 'SiteHistory': ['Unknown'], 'ResidentSetSize': [0], 'SubmitTimes': [1762278681.0], 'StartTimes': [], 'EndTimes': [], 'TotalUserCpuTimeHistory': [0.0], 'TotalSysCpuTimeHistory': [0.0], 'WallDurations': [0], 'JobIds': ['137314151.0'], 'State': 'idle', 'RecordedSite': False}, '270': {'Retries': 0, 'Restarts': 0, 'SiteHistory': ['Unknown'], 'ResidentSetSize': [0], 'SubmitTimes': [1762278681.0], 'StartTimes': [], 'EndTimes': [], 'TotalUserCpuTimeHistory': [0.0], 'TotalSysCpuTimeHistory': [0.0], 'WallDurations': [0], 'JobIds': ['137314152.0'], 'State': 'idle', 'RecordedSite': False}, '271': {'Retries': 0, 'Restarts': 0, 'SiteHistory': ['Unknown'], 'ResidentSetSize': [0], 'SubmitTimes': [1762278681.0], 'StartTimes': [], 'EndTimes': [], 'TotalUserCpuTimeHistory': [0.0], 'TotalSysCpuTimeHistory': [0.0], 'WallDurations': [0], 'JobIds': ['137314153.0'], 'State': 'idle', 'RecordedSite': False}, '274': {'Retries': 0, 'Restarts': 0, 'SiteHistory': ['Unknown'], 'ResidentSetSize': [0], 'SubmitTimes': [1762278682.0], 'StartTimes': [], 'EndTimes': [], 'TotalUserCpuTimeHistory': [0.0], 'TotalSysCpuTimeHistory': [0.0], 'WallDurations': [0], 'JobIds': ['137314154.0'], 'State': 'idle', 'RecordedSite': False}, '275': {'Retries': 0, 'Restarts': 0, 'SiteHistory': ['Unknown'], 'ResidentSetSize': [0], 'SubmitTimes': [1762278682.0], 'StartTimes': [], 'EndTimes': [], 'TotalUserCpuTimeHistory': [0.0], 'TotalSysCpuTimeHistory': [0.0], 'WallDurations': [0], 'JobIds': ['137314155.0'], 'State': 'idle', 'RecordedSite': False}, '276': {'Retries': 0, 'Restarts': 0, 'SiteHistory': ['Unknown'], 'ResidentSetSize': [0], 'SubmitTimes': [1762278682.0], 'StartTimes': [], 'EndTimes': [], 'TotalUserCpuTimeHistory': [0.0], 'TotalSysCpuTimeHistory': [0.0], 'WallDurations': [0], 'JobIds': ['137314156.0'], 'State': 'idle', 'RecordedSite': False}, '277': {'Retries': 0, 'Restarts': 0, 'SiteHistory': ['Unknown'], 'ResidentSetSize': [0], 'SubmitTimes': [1762278682.0], 'StartTimes': [], 'EndTimes': [], 'TotalUserCpuTimeHistory': [0.0], 'TotalSysCpuTimeHistory': [0.0], 'WallDurations': [0], 'JobIds': ['137314157.0'], 'State': 'idle', 'RecordedSite': False}, '278': {'Retries': 0, 'Restarts': 0, 'SiteHistory': ['Unknown'], 'ResidentSetSize': [0], 'SubmitTimes': [1762278682.0], 'StartTimes': [], 'EndTimes': [], 'TotalUserCpuTimeHistory': [0.0], 'TotalSysCpuTimeHistory': [0.0], 'WallDurations': [0], 'JobIds': ['137314158.0'], 'State': 'idle', 'RecordedSite': False}, '279': {'Retries': 0, 'Restarts': 0, 'SiteHistory': ['Unknown'], 'ResidentSetSize': [0], 'SubmitTimes': [1762278682.0], 'StartTimes': [], 'EndTimes': [], 'TotalUserCpuTimeHistory': [0.0], 'TotalSysCpuTimeHistory': [0.0], 'WallDurations': [0], 'JobIds': ['137314159.0'], 'State': 'idle', 'RecordedSite': False}, '280': {'Retries': 0, 'Restarts': 0, 'SiteHistory': ['Unknown'], 'ResidentSetSize': [0], 'SubmitTimes': [1762278682.0], 'StartTimes': [], 'EndTimes': [], 'TotalUserCpuTimeHistory': [0.0], 'TotalSysCpuTimeHistory': [0.0], 'WallDurations': [0], 'JobIds': ['137314160.0'], 'State': 'idle', 'RecordedSite': False}, '281': {'Retries': 0, 'Restarts': 0, 'SiteHistory': ['Unknown'], 'ResidentSetSize': [0], 'SubmitTimes': [1762278682.0], 'StartTimes': [], 'EndTimes': [], 'TotalUserCpuTimeHistory': [0.0], 'TotalSysCpuTimeHistory': [0.0], 'WallDurations': [0], 'JobIds': ['137314161.0'], 'State': 'idle', 'RecordedSite': False}, '282': {'Retries': 0, 'Restarts': 0, 'SiteHistory': ['Unknown'], 'ResidentSetSize': [0], 'SubmitTimes': [1762278682.0], 'StartTimes': [], 'EndTimes': [], 'TotalUserCpuTimeHistory': [0.0], 'TotalSysCpuTimeHistory': [0.0], 'WallDurations': [0], 'JobIds': ['137314162.0'], 'State': 'idle', 'RecordedSite': False}, '283': {'Retries': 0, 'Restarts': 0, 'SiteHistory': ['Unknown'], 'ResidentSetSize': [0], 'SubmitTimes': [1762278682.0], 'StartTimes': [], 'EndTimes': [], 'TotalUserCpuTimeHistory': [0.0], 'TotalSysCpuTimeHistory': [0.0], 'WallDurations': [0], 'JobIds': ['137314163.0'], 'State': 'idle', 'RecordedSite': False}, '284': {'Retries': 0, 'Restarts': 0, 'SiteHistory': ['Unknown'], 'ResidentSetSize': [0], 'SubmitTimes': [1762278682.0], 'StartTimes': [], 'EndTimes': [], 'TotalUserCpuTimeHistory': [0.0], 'TotalSysCpuTimeHistory': [0.0], 'WallDurations': [0], 'JobIds': ['137314164.0'], 'State': 'idle', 'RecordedSite': False}, '285': {'Retries': 0, 'Restarts': 0, 'SiteHistory': ['Unknown'], 'ResidentSetSize': [0], 'SubmitTimes': [1762278682.0], 'StartTimes': [], 'EndTimes': [], 'TotalUserCpuTimeHistory': [0.0], 'TotalSysCpuTimeHistory': [0.0], 'WallDurations': [0], 'JobIds': ['137314165.0'], 'State': 'idle', 'RecordedSite': False}, '286': {'Retries': 0, 'Restarts': 0, 'SiteHistory': ['Unknown'], 'ResidentSetSize': [0], 'SubmitTimes': [1762278682.0], 'StartTimes': [], 'EndTimes': [], 'TotalUserCpuTimeHistory': [0.0], 'TotalSysCpuTimeHistory': [0.0], 'WallDurations': [0], 'JobIds': ['137314166.0'], 'State': 'idle', 'RecordedSite': False}, '287': {'Retries': 0, 'Restarts': 0, 'SiteHistory': ['Unknown'], 'ResidentSetSize': [0], 'SubmitTimes': [1762278682.0], 'StartTimes': [], 'EndTimes': [], 'TotalUserCpuTimeHistory': [0.0], 'TotalSysCpuTimeHistory': [0.0], 'WallDurations': [0], 'JobIds': ['137314167.0'], 'State': 'idle', 'RecordedSite': False}, '288': {'Retries': 0, 'Restarts': 0, 'SiteHistory': ['Unknown'], 'ResidentSetSize': [0], 'SubmitTimes': [1762278682.0], 'StartTimes': [], 'EndTimes': [], 'TotalUserCpuTimeHistory': [0.0], 'TotalSysCpuTimeHistory': [0.0], 'WallDurations': [0], 'JobIds': ['137314168.0'], 'State': 'idle', 'RecordedSite': False}, '289': {'Retries': 0, 'Restarts': 0, 'SiteHistory': ['Unknown'], 'ResidentSetSize': [0], 'SubmitTimes': [1762278682.0], 'StartTimes': [], 'EndTimes': [], 'TotalUserCpuTimeHistory': [0.0], 'TotalSysCpuTimeHistory': [0.0], 'WallDurations': [0], 'JobIds': ['137314169.0'], 'State': 'idle', 'RecordedSite': False}, '290': {'Retries': 0, 'Restarts': 0, 'SiteHistory': ['Unknown'], 'ResidentSetSize': [0], 'SubmitTimes': [1762278682.0], 'StartTimes': [], 'EndTimes': [], 'TotalUserCpuTimeHistory': [0.0], 'TotalSysCpuTimeHistory': [0.0], 'WallDurations': [0], 'JobIds': ['137314170.0'], 'State': 'idle', 'RecordedSite': False}, '293': {'Retries': 0, 'Restarts': 0, 'SiteHistory': ['Unknown'], 'ResidentSetSize': [0], 'SubmitTimes': [1762278682.0], 'StartTimes': [], 'EndTimes': [], 'TotalUserCpuTimeHistory': [0.0], 'TotalSysCpuTimeHistory': [0.0], 'WallDurations': [0], 'JobIds': ['137314171.0'], 'State': 'idle', 'RecordedSite': False}, '302': {'Retries': 0, 'Restarts': 0, 'SiteHistory': ['Unknown'], 'ResidentSetSize': [0], 'SubmitTimes': [1762278682.0], 'StartTimes': [], 'EndTimes': [], 'TotalUserCpuTimeHistory': [0.0], 'TotalSysCpuTimeHistory': [0.0], 'WallDurations': [0], 'JobIds': ['137314172.0'], 'State': 'idle', 'RecordedSite': False}, '305': {'Retries': 0, 'Restarts': 0, 'SiteHistory': ['Unknown'], 'ResidentSetSize': [0], 'SubmitTimes': [1762278682.0], 'StartTimes': [], 'EndTimes': [], 'TotalUserCpuTimeHistory': [0.0], 'TotalSysCpuTimeHistory': [0.0], 'WallDurations': [0], 'JobIds': ['137314173.0'], 'State': 'idle', 'RecordedSite': False}, '308': {'Retries': 0, 'Restarts': 0, 'SiteHistory': ['Unknown'], 'ResidentSetSize': [0], 'SubmitTimes': [1762278682.0], 'StartTimes': [], 'EndTimes': [], 'TotalUserCpuTimeHistory': [0.0], 'TotalSysCpuTimeHistory': [0.0], 'WallDurations': [0], 'JobIds': ['137314174.0'], 'State': 'idle', 'RecordedSite': False}, '297': {'Retries': 0, 'Restarts': 0, 'SiteHistory': ['Unknown'], 'ResidentSetSize': [0], 'SubmitTimes': [1762278682.0], 'StartTimes': [], 'EndTimes': [], 'TotalUserCpuTimeHistory': [0.0], 'TotalSysCpuTimeHistory': [0.0], 'WallDurations': [0], 'JobIds': ['137314175.0'], 'State': 'idle', 'RecordedSite': False}, '299': {'Retries': 0, 'Restarts': 0, 'SiteHistory': ['Unknown'], 'ResidentSetSize': [0], 'SubmitTimes': [1762278682.0], 'StartTimes': [], 'EndTimes': [], 'TotalUserCpuTimeHistory': [0.0], 'TotalSysCpuTimeHistory': [0.0], 'WallDurations': [0], 'JobIds': ['137314176.0'], 'State': 'idle', 'RecordedSite': False}, '303': {'Retries': 0, 'Restarts': 0, 'SiteHistory': ['Unknown'], 'ResidentSetSize': [0], 'SubmitTimes': [1762278682.0], 'StartTimes': [], 'EndTimes': [], 'TotalUserCpuTimeHistory': [0.0], 'TotalSysCpuTimeHistory': [0.0], 'WallDurations': [0], 'JobIds': ['137314177.0'], 'State': 'idle', 'RecordedSite': False}, '307': {'Retries': 0, 'Restarts': 0, 'SiteHistory': ['Unknown'], 'ResidentSetSize': [0], 'SubmitTimes': [1762278682.0], 'StartTimes': [], 'EndTimes': [], 'TotalUserCpuTimeHistory': [0.0], 'TotalSysCpuTimeHistory': [0.0], 'WallDurations': [0], 'JobIds': ['137314178.0'], 'State': 'idle', 'RecordedSite': False}, '311': {'Retries': 0, 'Restarts': 0, 'SiteHistory': ['Unknown'], 'ResidentSetSize': [0], 'SubmitTimes': [1762278682.0], 'StartTimes': [], 'EndTimes': [], 'TotalUserCpuTimeHistory': [0.0], 'TotalSysCpuTimeHistory': [0.0], 'WallDurations': [0], 'JobIds': ['137314179.0'], 'State': 'idle', 'RecordedSite': False}, '294': {'Retries': 0, 'Restarts': 0, 'SiteHistory': ['Unknown'], 'ResidentSetSize': [0], 'SubmitTimes': [1762278682.0], 'StartTimes': [], 'EndTimes': [], 'TotalUserCpuTimeHistory': [0.0], 'TotalSysCpuTimeHistory': [0.0], 'WallDurations': [0], 'JobIds': ['137314180.0'], 'State': 'idle', 'RecordedSite': False}, '300': {'Retries': 0, 'Restarts': 0, 'SiteHistory': ['Unknown'], 'ResidentSetSize': [0], 'SubmitTimes': [1762278682.0], 'StartTimes': [], 'EndTimes': [], 'TotalUserCpuTimeHistory': [0.0], 'TotalSysCpuTimeHistory': [0.0], 'WallDurations': [0], 'JobIds': ['137314181.0'], 'State': 'idle', 'RecordedSite': False}, '304': {'Retries': 0, 'Restarts': 0, 'SiteHistory': ['Unknown'], 'ResidentSetSize': [0], 'SubmitTimes': [1762278682.0], 'StartTimes': [], 'EndTimes': [], 'TotalUserCpuTimeHistory': [0.0], 'TotalSysCpuTimeHistory': [0.0], 'WallDurations': [0], 'JobIds': ['137314182.0'], 'State': 'idle', 'RecordedSite': False}, '310': {'Retries': 0, 'Restarts': 0, 'SiteHistory': ['Unknown'], 'ResidentSetSize': [0], 'SubmitTimes': [1762278682.0], 'StartTimes': [], 'EndTimes': [], 'TotalUserCpuTimeHistory': [0.0], 'TotalSysCpuTimeHistory': [0.0], 'WallDurations': [0], 'JobIds': ['137314183.0'], 'State': 'idle', 'RecordedSite': False}, '306': {'Retries': 0, 'Restarts': 0, 'SiteHistory': ['Unknown'], 'ResidentSetSize': [0], 'SubmitTimes': [1762278682.0], 'StartTimes': [], 'EndTimes': [], 'TotalUserCpuTimeHistory': [0.0], 'TotalSysCpuTimeHistory': [0.0], 'WallDurations': [0], 'JobIds': ['137314184.0'], 'State': 'idle', 'RecordedSite': False}, '301': {'Retries': 0, 'Restarts': 0, 'SiteHistory': ['Unknown'], 'ResidentSetSize': [0], 'SubmitTimes': [1762278682.0], 'StartTimes': [], 'EndTimes': [], 'TotalUserCpuTimeHistory': [0.0], 'TotalSysCpuTimeHistory': [0.0], 'WallDurations': [0], 'JobIds': ['137314185.0'], 'State': 'idle', 'RecordedSite': False}, '309': {'Retries': 0, 'Restarts': 0, 'SiteHistory': ['Unknown'], 'ResidentSetSize': [0], 'SubmitTimes': [1762278682.0], 'StartTimes': [], 'EndTimes': [], 'TotalUserCpuTimeHistory': [0.0], 'TotalSysCpuTimeHistory': [0.0], 'WallDurations': [0], 'JobIds': ['137314186.0'], 'State': 'idle', 'RecordedSite': False}, '295': {'Retries': 0, 'Restarts': 0, 'SiteHistory': ['Unknown'], 'ResidentSetSize': [0], 'SubmitTimes': [1762278682.0], 'StartTimes': [], 'EndTimes': [], 'TotalUserCpuTimeHistory': [0.0], 'TotalSysCpuTimeHistory': [0.0], 'WallDurations': [0], 'JobIds': ['137314187.0'], 'State': 'idle', 'RecordedSite': False}, '317': {'Retries': 0, 'Restarts': 0, 'SiteHistory': ['Unknown'], 'ResidentSetSize': [0], 'SubmitTimes': [1762278682.0], 'StartTimes': [], 'EndTimes': [], 'TotalUserCpuTimeHistory': [0.0], 'TotalSysCpuTimeHistory': [0.0], 'WallDurations': [0], 'JobIds': ['137314188.0'], 'State': 'idle', 'RecordedSite': False}, '312': {'Retries': 0, 'Restarts': 0, 'SiteHistory': ['Unknown'], 'ResidentSetSize': [0], 'SubmitTimes': [1762278682.0], 'StartTimes': [], 'EndTimes': [], 'TotalUserCpuTimeHistory': [0.0], 'TotalSysCpuTimeHistory': [0.0], 'WallDurations': [0], 'JobIds': ['137314189.0'], 'State': 'idle', 'RecordedSite': False}, '292': {'Retries': 0, 'Restarts': 0, 'SiteHistory': ['Unknown'], 'ResidentSetSize': [0], 'SubmitTimes': [1762278682.0], 'StartTimes': [], 'EndTimes': [], 'TotalUserCpuTimeHistory': [0.0], 'TotalSysCpuTimeHistory': [0.0], 'WallDurations': [0], 'JobIds': ['137314190.0'], 'State': 'idle', 'RecordedSite': False}, '298': {'Retries': 0, 'Restarts': 0, 'SiteHistory': ['Unknown'], 'ResidentSetSize': [0], 'SubmitTimes': [1762278682.0], 'StartTimes': [], 'EndTimes': [], 'TotalUserCpuTimeHistory': [0.0], 'TotalSysCpuTimeHistory': [0.0], 'WallDurations': [0], 'JobIds': ['137314191.0'], 'State': 'idle', 'RecordedSite': False}, '296': {'Retries': 0, 'Restarts': 0, 'SiteHistory': ['Unknown'], 'ResidentSetSize': [0], 'SubmitTimes': [1762278682.0], 'StartTimes': [], 'EndTimes': [], 'TotalUserCpuTimeHistory': [0.0], 'TotalSysCpuTimeHistory': [0.0], 'WallDurations': [0], 'JobIds': ['137314192.0'], 'State': 'idle', 'RecordedSite': False}, '316': {'Retries': 0, 'Restarts': 0, 'SiteHistory': ['Unknown'], 'ResidentSetSize': [0], 'SubmitTimes': [1762278682.0], 'StartTimes': [], 'EndTimes': [], 'TotalUserCpuTimeHistory': [0.0], 'TotalSysCpuTimeHistory': [0.0], 'WallDurations': [0], 'JobIds': ['137314193.0'], 'State': 'idle', 'RecordedSite': False}, '318': {'Retries': 0, 'Restarts': 0, 'SiteHistory': ['Unknown'], 'ResidentSetSize': [0], 'SubmitTimes': [1762278682.0], 'StartTimes': [], 'EndTimes': [], 'TotalUserCpuTimeHistory': [0.0], 'TotalSysCpuTimeHistory': [0.0], 'WallDurations': [0], 'JobIds': ['137314194.0'], 'State': 'idle', 'RecordedSite': False}, '322': {'Retries': 0, 'Restarts': 0, 'SiteHistory': ['Unknown'], 'ResidentSetSize': [0], 'SubmitTimes': [1762278682.0], 'StartTimes': [], 'EndTimes': [], 'TotalUserCpuTimeHistory': [0.0], 'TotalSysCpuTimeHistory': [0.0], 'WallDurations': [0], 'JobIds': ['137314195.0'], 'State': 'idle', 'RecordedSite': False}, '313': {'Retries': 0, 'Restarts': 0, 'SiteHistory': ['Unknown'], 'ResidentSetSize': [0], 'SubmitTimes': [1762278687.0], 'StartTimes': [], 'EndTimes': [], 'TotalUserCpuTimeHistory': [0.0], 'TotalSysCpuTimeHistory': [0.0], 'WallDurations': [0], 'JobIds': ['137314196.0'], 'State': 'idle', 'RecordedSite': False}, '328': {'Retries': 0, 'Restarts': 0, 'SiteHistory': ['Unknown'], 'ResidentSetSize': [0], 'SubmitTimes': [1762278687.0], 'StartTimes': [], 'EndTimes': [], 'TotalUserCpuTimeHistory': [0.0], 'TotalSysCpuTimeHistory': [0.0], 'WallDurations': [0], 'JobIds': ['137314197.0'], 'State': 'idle', 'RecordedSite': False}, '314': {'Retries': 0, 'Restarts': 0, 'SiteHistory': ['Unknown'], 'ResidentSetSize': [0], 'SubmitTimes': [1762278687.0], 'StartTimes': [], 'EndTimes': [], 'TotalUserCpuTimeHistory': [0.0], 'TotalSysCpuTimeHistory': [0.0], 'WallDurations': [0], 'JobIds': ['137314198.0'], 'State': 'idle', 'RecordedSite': False}, '315': {'Retries': 0, 'Restarts': 0, 'SiteHistory': ['Unknown'], 'ResidentSetSize': [0], 'SubmitTimes': [1762278687.0], 'StartTimes': [], 'EndTimes': [], 'TotalUserCpuTimeHistory': [0.0], 'TotalSysCpuTimeHistory': [0.0], 'WallDurations': [0], 'JobIds': ['137314199.0'], 'State': 'idle', 'RecordedSite': False}, '323': {'Retries': 0, 'Restarts': 0, 'SiteHistory': ['Unknown'], 'ResidentSetSize': [0], 'SubmitTimes': [1762278687.0], 'StartTimes': [], 'EndTimes': [], 'TotalUserCpuTimeHistory': [0.0], 'TotalSysCpuTimeHistory': [0.0], 'WallDurations': [0], 'JobIds': ['137314200.0'], 'State': 'idle', 'RecordedSite': False}, '321': {'Retries': 0, 'Restarts': 0, 'SiteHistory': ['Unknown'], 'ResidentSetSize': [0], 'SubmitTimes': [1762278688.0], 'StartTimes': [], 'EndTimes': [], 'TotalUserCpuTimeHistory': [0.0], 'TotalSysCpuTimeHistory': [0.0], 'WallDurations': [0], 'JobIds': ['137314201.0'], 'State': 'idle', 'RecordedSite': False}, '324': {'Retries': 0, 'Restarts': 0, 'SiteHistory': ['Unknown'], 'ResidentSetSize': [0], 'SubmitTimes': [1762278688.0], 'StartTimes': [], 'EndTimes': [], 'TotalUserCpuTimeHistory': [0.0], 'TotalSysCpuTimeHistory': [0.0], 'WallDurations': [0], 'JobIds': ['137314202.0'], 'State': 'idle', 'RecordedSite': False}, '320': {'Retries': 0, 'Restarts': 0, 'SiteHistory': ['Unknown'], 'ResidentSetSize': [0], 'SubmitTimes': [1762278688.0], 'StartTimes': [], 'EndTimes': [], 'TotalUserCpuTimeHistory': [0.0], 'TotalSysCpuTimeHistory': [0.0], 'WallDurations': [0], 'JobIds': ['137314203.0'], 'State': 'idle', 'RecordedSite': False}, '319': {'Retries': 0, 'Restarts': 0, 'SiteHistory': ['Unknown'], 'ResidentSetSize': [0], 'SubmitTimes': [1762278688.0], 'StartTimes': [], 'EndTimes': [], 'TotalUserCpuTimeHistory': [0.0], 'TotalSysCpuTimeHistory': [0.0], 'WallDurations': [0], 'JobIds': ['137314204.0'], 'State': 'idle', 'RecordedSite': False}, '325': {'Retries': 0, 'Restarts': 0, 'SiteHistory': ['Unknown'], 'ResidentSetSize': [0], 'SubmitTimes': [1762278688.0], 'StartTimes': [], 'EndTimes': [], 'TotalUserCpuTimeHistory': [0.0], 'TotalSysCpuTimeHistory': [0.0], 'WallDurations': [0], 'JobIds': ['137314205.0'], 'State': 'idle', 'RecordedSite': False}, '327': {'Retries': 0, 'Restarts': 0, 'SiteHistory': ['Unknown'], 'ResidentSetSize': [0], 'SubmitTimes': [1762278688.0], 'StartTimes': [], 'EndTimes': [], 'TotalUserCpuTimeHistory': [0.0], 'TotalSysCpuTimeHistory': [0.0], 'WallDurations': [0], 'JobIds': ['137314206.0'], 'State': 'idle', 'RecordedSite': False}, '342': {'Retries': 0, 'Restarts': 0, 'SiteHistory': ['Unknown'], 'ResidentSetSize': [0], 'SubmitTimes': [1762278688.0], 'StartTimes': [], 'EndTimes': [], 'TotalUserCpuTimeHistory': [0.0], 'TotalSysCpuTimeHistory': [0.0], 'WallDurations': [0], 'JobIds': ['137314207.0'], 'State': 'idle', 'RecordedSite': False}, '329': {'Retries': 0, 'Restarts': 0, 'SiteHistory': ['Unknown'], 'ResidentSetSize': [0], 'SubmitTimes': [1762278688.0], 'StartTimes': [], 'EndTimes': [], 'TotalUserCpuTimeHistory': [0.0], 'TotalSysCpuTimeHistory': [0.0], 'WallDurations': [0], 'JobIds': ['137314208.0'], 'State': 'idle', 'RecordedSite': False}, '330': {'Retries': 0, 'Restarts': 0, 'SiteHistory': ['Unknown'], 'ResidentSetSize': [0], 'SubmitTimes': [1762278688.0], 'StartTimes': [], 'EndTimes': [], 'TotalUserCpuTimeHistory': [0.0], 'TotalSysCpuTimeHistory': [0.0], 'WallDurations': [0], 'JobIds': ['137314209.0'], 'State': 'idle', 'RecordedSite': False}, '337': {'Retries': 0, 'Restarts': 0, 'SiteHistory': ['Unknown'], 'ResidentSetSize': [0], 'SubmitTimes': [1762278688.0], 'StartTimes': [], 'EndTimes': [], 'TotalUserCpuTimeHistory': [0.0], 'TotalSysCpuTimeHistory': [0.0], 'WallDurations': [0], 'JobIds': ['137314210.0'], 'State': 'idle', 'RecordedSite': False}, '326': {'Retries': 0, 'Restarts': 0, 'SiteHistory': ['Unknown'], 'ResidentSetSize': [0], 'SubmitTimes': [1762278688.0], 'StartTimes': [], 'EndTimes': [], 'TotalUserCpuTimeHistory': [0.0], 'TotalSysCpuTimeHistory': [0.0], 'WallDurations': [0], 'JobIds': ['137314211.0'], 'State': 'idle', 'RecordedSite': False}, '335': {'Retries': 0, 'Restarts': 0, 'SiteHistory': ['Unknown'], 'ResidentSetSize': [0], 'SubmitTimes': [1762278688.0], 'StartTimes': [], 'EndTimes': [], 'TotalUserCpuTimeHistory': [0.0], 'TotalSysCpuTimeHistory': [0.0], 'WallDurations': [0], 'JobIds': ['137314212.0'], 'State': 'idle', 'RecordedSite': False}, '332': {'Retries': 0, 'Restarts': 0, 'SiteHistory': ['Unknown'], 'ResidentSetSize': [0], 'SubmitTimes': [1762278688.0], 'StartTimes': [], 'EndTimes': [], 'TotalUserCpuTimeHistory': [0.0], 'TotalSysCpuTimeHistory': [0.0], 'WallDurations': [0], 'JobIds': ['137314213.0'], 'State': 'idle', 'RecordedSite': False}, '331': {'Retries': 0, 'Restarts': 0, 'SiteHistory': ['Unknown'], 'ResidentSetSize': [0], 'SubmitTimes': [1762278688.0], 'StartTimes': [], 'EndTimes': [], 'TotalUserCpuTimeHistory': [0.0], 'TotalSysCpuTimeHistory': [0.0], 'WallDurations': [0], 'JobIds': ['137314214.0'], 'State': 'idle', 'RecordedSite': False}, '333': {'Retries': 0, 'Restarts': 0, 'SiteHistory': ['Unknown'], 'ResidentSetSize': [0], 'SubmitTimes': [1762278688.0], 'StartTimes': [], 'EndTimes': [], 'TotalUserCpuTimeHistory': [0.0], 'TotalSysCpuTimeHistory': [0.0], 'WallDurations': [0], 'JobIds': ['137314215.0'], 'State': 'idle', 'RecordedSite': False}, '344': {'Retries': 0, 'Restarts': 0, 'SiteHistory': ['Unknown'], 'ResidentSetSize': [0], 'SubmitTimes': [1762278688.0], 'StartTimes': [], 'EndTimes': [], 'TotalUserCpuTimeHistory': [0.0], 'TotalSysCpuTimeHistory': [0.0], 'WallDurations': [0], 'JobIds': ['137314216.0'], 'State': 'idle', 'RecordedSite': False}, '339': {'Retries': 0, 'Restarts': 0, 'SiteHistory': ['Unknown'], 'ResidentSetSize': [0], 'SubmitTimes': [1762278688.0], 'StartTimes': [], 'EndTimes': [], 'TotalUserCpuTimeHistory': [0.0], 'TotalSysCpuTimeHistory': [0.0], 'WallDurations': [0], 'JobIds': ['137314217.0'], 'State': 'idle', 'RecordedSite': False}, '334': {'Retries': 0, 'Restarts': 0, 'SiteHistory': ['Unknown'], 'ResidentSetSize': [0], 'SubmitTimes': [1762278688.0], 'StartTimes': [], 'EndTimes': [], 'TotalUserCpuTimeHistory': [0.0], 'TotalSysCpuTimeHistory': [0.0], 'WallDurations': [0], 'JobIds': ['137314218.0'], 'State': 'idle', 'RecordedSite': False}, '341': {'Retries': 0, 'Restarts': 0, 'SiteHistory': ['Unknown'], 'ResidentSetSize': [0], 'SubmitTimes': [1762278688.0], 'StartTimes': [], 'EndTimes': [], 'TotalUserCpuTimeHistory': [0.0], 'TotalSysCpuTimeHistory': [0.0], 'WallDurations': [0], 'JobIds': ['137314219.0'], 'State': 'idle', 'RecordedSite': False}, '338': {'Retries': 0, 'Restarts': 0, 'SiteHistory': ['Unknown'], 'ResidentSetSize': [0], 'SubmitTimes': [1762278688.0], 'StartTimes': [], 'EndTimes': [], 'TotalUserCpuTimeHistory': [0.0], 'TotalSysCpuTimeHistory': [0.0], 'WallDurations': [0], 'JobIds': ['137314220.0'], 'State': 'idle', 'RecordedSite': False}, '336': {'Retries': 0, 'Restarts': 0, 'SiteHistory': ['Unknown'], 'ResidentSetSize': [0], 'SubmitTimes': [1762278688.0], 'StartTimes': [], 'EndTimes': [], 'TotalUserCpuTimeHistory': [0.0], 'TotalSysCpuTimeHistory': [0.0], 'WallDurations': [0], 'JobIds': ['137314221.0'], 'State': 'idle', 'RecordedSite': False}, '340': {'Retries': 0, 'Restarts': 0, 'SiteHistory': ['Unknown'], 'ResidentSetSize': [0], 'SubmitTimes': [1762278688.0], 'StartTimes': [], 'EndTimes': [], 'TotalUserCpuTimeHistory': [0.0], 'TotalSysCpuTimeHistory': [0.0], 'WallDurations': [0], 'JobIds': ['137314222.0'], 'State': 'idle', 'RecordedSite': False}, '345': {'Retries': 0, 'Restarts': 0, 'SiteHistory': ['Unknown'], 'ResidentSetSize': [0], 'SubmitTimes': [1762278688.0], 'StartTimes': [], 'EndTimes': [], 'TotalUserCpuTimeHistory': [0.0], 'TotalSysCpuTimeHistory': [0.0], 'WallDurations': [0], 'JobIds': ['137314223.0'], 'State': 'idle', 'RecordedSite': False}, '346': {'Retries': 0, 'Restarts': 0, 'SiteHistory': ['Unknown'], 'ResidentSetSize': [0], 'SubmitTimes': [1762278688.0], 'StartTimes': [], 'EndTimes': [], 'TotalUserCpuTimeHistory': [0.0], 'TotalSysCpuTimeHistory': [0.0], 'WallDurations': [0], 'JobIds': ['137314224.0'], 'State': 'idle', 'RecordedSite': False}, '343': {'Retries': 0, 'Restarts': 0, 'SiteHistory': ['Unknown'], 'ResidentSetSize': [0], 'SubmitTimes': [1762278688.0], 'StartTimes': [], 'EndTimes': [], 'TotalUserCpuTimeHistory': [0.0], 'TotalSysCpuTimeHistory': [0.0], 'WallDurations': [0], 'JobIds': ['137314225.0'], 'State': 'idle', 'RecordedSite': False}, '351': {'Retries': 0, 'Restarts': 0, 'SiteHistory': ['Unknown'], 'ResidentSetSize': [0], 'SubmitTimes': [1762278688.0], 'StartTimes': [], 'EndTimes': [], 'TotalUserCpuTimeHistory': [0.0], 'TotalSysCpuTimeHistory': [0.0], 'WallDurations': [0], 'JobIds': ['137314226.0'], 'State': 'idle', 'RecordedSite': False}, '347': {'Retries': 0, 'Restarts': 0, 'SiteHistory': ['Unknown'], 'ResidentSetSize': [0], 'SubmitTimes': [1762278688.0], 'StartTimes': [], 'EndTimes': [], 'TotalUserCpuTimeHistory': [0.0], 'TotalSysCpuTimeHistory': [0.0], 'WallDurations': [0], 'JobIds': ['137314227.0'], 'State': 'idle', 'RecordedSite': False}, '348': {'Retries': 0, 'Restarts': 0, 'SiteHistory': ['Unknown'], 'ResidentSetSize': [0], 'SubmitTimes': [1762278688.0], 'StartTimes': [], 'EndTimes': [], 'TotalUserCpuTimeHistory': [0.0], 'TotalSysCpuTimeHistory': [0.0], 'WallDurations': [0], 'JobIds': ['137314228.0'], 'State': 'idle', 'RecordedSite': False}, '358': {'Retries': 0, 'Restarts': 0, 'SiteHistory': ['Unknown'], 'ResidentSetSize': [0], 'SubmitTimes': [1762278688.0], 'StartTimes': [], 'EndTimes': [], 'TotalUserCpuTimeHistory': [0.0], 'TotalSysCpuTimeHistory': [0.0], 'WallDurations': [0], 'JobIds': ['137314229.0'], 'State': 'idle', 'RecordedSite': False}, '355': {'Retries': 0, 'Restarts': 0, 'SiteHistory': ['Unknown'], 'ResidentSetSize': [0], 'SubmitTimes': [1762278688.0], 'StartTimes': [], 'EndTimes': [], 'TotalUserCpuTimeHistory': [0.0], 'TotalSysCpuTimeHistory': [0.0], 'WallDurations': [0], 'JobIds': ['137314230.0'], 'State': 'idle', 'RecordedSite': False}, '349': {'Retries': 0, 'Restarts': 0, 'SiteHistory': ['Unknown'], 'ResidentSetSize': [0], 'SubmitTimes': [1762278688.0], 'StartTimes': [], 'EndTimes': [], 'TotalUserCpuTimeHistory': [0.0], 'TotalSysCpuTimeHistory': [0.0], 'WallDurations': [0], 'JobIds': ['137314231.0'], 'State': 'idle', 'RecordedSite': False}, '352': {'Retries': 0, 'Restarts': 0, 'SiteHistory': ['Unknown'], 'ResidentSetSize': [0], 'SubmitTimes': [1762278688.0], 'StartTimes': [], 'EndTimes': [], 'TotalUserCpuTimeHistory': [0.0], 'TotalSysCpuTimeHistory': [0.0], 'WallDurations': [0], 'JobIds': ['137314232.0'], 'State': 'idle', 'RecordedSite': False}, '361': {'Retries': 0, 'Restarts': 0, 'SiteHistory': ['Unknown'], 'ResidentSetSize': [0], 'SubmitTimes': [1762278688.0], 'StartTimes': [], 'EndTimes': [], 'TotalUserCpuTimeHistory': [0.0], 'TotalSysCpuTimeHistory': [0.0], 'WallDurations': [0], 'JobIds': ['137314233.0'], 'State': 'idle', 'RecordedSite': False}, '353': {'Retries': 0, 'Restarts': 0, 'SiteHistory': ['Unknown'], 'ResidentSetSize': [0], 'SubmitTimes': [1762278688.0], 'StartTimes': [], 'EndTimes': [], 'TotalUserCpuTimeHistory': [0.0], 'TotalSysCpuTimeHistory': [0.0], 'WallDurations': [0], 'JobIds': ['137314234.0'], 'State': 'idle', 'RecordedSite': False}, '350': {'Retries': 0, 'Restarts': 0, 'SiteHistory': ['Unknown'], 'ResidentSetSize': [0], 'SubmitTimes': [1762278688.0], 'StartTimes': [], 'EndTimes': [], 'TotalUserCpuTimeHistory': [0.0], 'TotalSysCpuTimeHistory': [0.0], 'WallDurations': [0], 'JobIds': ['137314235.0'], 'State': 'idle', 'RecordedSite': False}, '356': {'Retries': 0, 'Restarts': 0, 'SiteHistory': ['Unknown'], 'ResidentSetSize': [0], 'SubmitTimes': [1762278688.0], 'StartTimes': [], 'EndTimes': [], 'TotalUserCpuTimeHistory': [0.0], 'TotalSysCpuTimeHistory': [0.0], 'WallDurations': [0], 'JobIds': ['137314236.0'], 'State': 'idle', 'RecordedSite': False}, '357': {'Retries': 0, 'Restarts': 0, 'SiteHistory': ['Unknown'], 'ResidentSetSize': [0], 'SubmitTimes': [1762278688.0], 'StartTimes': [], 'EndTimes': [], 'TotalUserCpuTimeHistory': [0.0], 'TotalSysCpuTimeHistory': [0.0], 'WallDurations': [0], 'JobIds': ['137314237.0'], 'State': 'idle', 'RecordedSite': False}, '364': {'Retries': 0, 'Restarts': 0, 'SiteHistory': ['Unknown'], 'ResidentSetSize': [0], 'SubmitTimes': [1762278688.0], 'StartTimes': [], 'EndTimes': [], 'TotalUserCpuTimeHistory': [0.0], 'TotalSysCpuTimeHistory': [0.0], 'WallDurations': [0], 'JobIds': ['137314238.0'], 'State': 'idle', 'RecordedSite': False}, '359': {'Retries': 0, 'Restarts': 0, 'SiteHistory': ['Unknown'], 'ResidentSetSize': [0], 'SubmitTimes': [1762278688.0], 'StartTimes': [], 'EndTimes': [], 'TotalUserCpuTimeHistory': [0.0], 'TotalSysCpuTimeHistory': [0.0], 'WallDurations': [0], 'JobIds': ['137314239.0'], 'State': 'idle', 'RecordedSite': False}, '354': {'Retries': 0, 'Restarts': 0, 'SiteHistory': ['Unknown'], 'ResidentSetSize': [0], 'SubmitTimes': [1762278688.0], 'StartTimes': [], 'EndTimes': [], 'TotalUserCpuTimeHistory': [0.0], 'TotalSysCpuTimeHistory': [0.0], 'WallDurations': [0], 'JobIds': ['137314240.0'], 'State': 'idle', 'RecordedSite': False}, '362': {'Retries': 0, 'Restarts': 0, 'SiteHistory': ['Unknown'], 'ResidentSetSize': [0], 'SubmitTimes': [1762278688.0], 'StartTimes': [], 'EndTimes': [], 'TotalUserCpuTimeHistory': [0.0], 'TotalSysCpuTimeHistory': [0.0], 'WallDurations': [0], 'JobIds': ['137314241.0'], 'State': 'idle', 'RecordedSite': False}, '365': {'Retries': 0, 'Restarts': 0, 'SiteHistory': ['Unknown'], 'ResidentSetSize': [0], 'SubmitTimes': [1762278688.0], 'StartTimes': [], 'EndTimes': [], 'TotalUserCpuTimeHistory': [0.0], 'TotalSysCpuTimeHistory': [0.0], 'WallDurations': [0], 'JobIds': ['137314242.0'], 'State': 'idle', 'RecordedSite': False}, '360': {'Retries': 0, 'Restarts': 0, 'SiteHistory': ['Unknown'], 'ResidentSetSize': [0], 'SubmitTimes': [1762278688.0], 'StartTimes': [], 'EndTimes': [], 'TotalUserCpuTimeHistory': [0.0], 'TotalSysCpuTimeHistory': [0.0], 'WallDurations': [0], 'JobIds': ['137314243.0'], 'State': 'idle', 'RecordedSite': False}, '366': {'Retries': 0, 'Restarts': 0, 'SiteHistory': ['Unknown'], 'ResidentSetSize': [0], 'SubmitTimes': [1762278688.0], 'StartTimes': [], 'EndTimes': [], 'TotalUserCpuTimeHistory': [0.0], 'TotalSysCpuTimeHistory': [0.0], 'WallDurations': [0], 'JobIds': ['137314244.0'], 'State': 'idle', 'RecordedSite': False}, '363': {'Retries': 0, 'Restarts': 0, 'SiteHistory': ['Unknown'], 'ResidentSetSize': [0], 'SubmitTimes': [1762278688.0], 'StartTimes': [], 'EndTimes': [], 'TotalUserCpuTimeHistory': [0.0], 'TotalSysCpuTimeHistory': [0.0], 'WallDurations': [0], 'JobIds': ['137314245.0'], 'State': 'idle', 'RecordedSite': False}, '368': {'Retries': 0, 'Restarts': 0, 'SiteHistory': ['Unknown'], 'ResidentSetSize': [0], 'SubmitTimes': [1762278688.0], 'StartTimes': [], 'EndTimes': [], 'TotalUserCpuTimeHistory': [0.0], 'TotalSysCpuTimeHistory': [0.0], 'WallDurations': [0], 'JobIds': ['137314246.0'], 'State': 'idle', 'RecordedSite': False}, '376': {'Retries': 0, 'Restarts': 0, 'SiteHistory': ['Unknown'], 'ResidentSetSize': [0], 'SubmitTimes': [1762278688.0], 'StartTimes': [], 'EndTimes': [], 'TotalUserCpuTimeHistory': [0.0], 'TotalSysCpuTimeHistory': [0.0], 'WallDurations': [0], 'JobIds': ['137314247.0'], 'State': 'idle', 'RecordedSite': False}, '369': {'Retries': 0, 'Restarts': 0, 'SiteHistory': ['Unknown'], 'ResidentSetSize': [0], 'SubmitTimes': [1762278688.0], 'StartTimes': [], 'EndTimes': [], 'TotalUserCpuTimeHistory': [0.0], 'TotalSysCpuTimeHistory': [0.0], 'WallDurations': [0], 'JobIds': ['137314248.0'], 'State': 'idle', 'RecordedSite': False}, '373': {'Retries': 0, 'Restarts': 0, 'SiteHistory': ['Unknown'], 'ResidentSetSize': [0], 'SubmitTimes': [1762278688.0], 'StartTimes': [], 'EndTimes': [], 'TotalUserCpuTimeHistory': [0.0], 'TotalSysCpuTimeHistory': [0.0], 'WallDurations': [0], 'JobIds': ['137314249.0'], 'State': 'idle', 'RecordedSite': False}, '367': {'Retries': 0, 'Restarts': 0, 'SiteHistory': ['Unknown'], 'ResidentSetSize': [0], 'SubmitTimes': [1762278689.0], 'StartTimes': [], 'EndTimes': [], 'TotalUserCpuTimeHistory': [0.0], 'TotalSysCpuTimeHistory': [0.0], 'WallDurations': [0], 'JobIds': ['137314250.0'], 'State': 'idle', 'RecordedSite': False}, '370': {'Retries': 0, 'Restarts': 0, 'SiteHistory': ['Unknown'], 'ResidentSetSize': [0], 'SubmitTimes': [1762278689.0], 'StartTimes': [], 'EndTimes': [], 'TotalUserCpuTimeHistory': [0.0], 'TotalSysCpuTimeHistory': [0.0], 'WallDurations': [0], 'JobIds': ['137314251.0'], 'State': 'idle', 'RecordedSite': False}, '371': {'Retries': 0, 'Restarts': 0, 'SiteHistory': ['Unknown'], 'ResidentSetSize': [0], 'SubmitTimes': [1762278689.0], 'StartTimes': [], 'EndTimes': [], 'TotalUserCpuTimeHistory': [0.0], 'TotalSysCpuTimeHistory': [0.0], 'WallDurations': [0], 'JobIds': ['137314252.0'], 'State': 'idle', 'RecordedSite': False}, '372': {'Retries': 0, 'Restarts': 0, 'SiteHistory': ['Unknown'], 'ResidentSetSize': [0], 'SubmitTimes': [1762278689.0], 'StartTimes': [], 'EndTimes': [], 'TotalUserCpuTimeHistory': [0.0], 'TotalSysCpuTimeHistory': [0.0], 'WallDurations': [0], 'JobIds': ['137314253.0'], 'State': 'idle', 'RecordedSite': False}, '374': {'Retries': 0, 'Restarts': 0, 'SiteHistory': ['Unknown'], 'ResidentSetSize': [0], 'SubmitTimes': [1762278689.0], 'StartTimes': [], 'EndTimes': [], 'TotalUserCpuTimeHistory': [0.0], 'TotalSysCpuTimeHistory': [0.0], 'WallDurations': [0], 'JobIds': ['137314254.0'], 'State': 'idle', 'RecordedSite': False}, '375': {'Retries': 0, 'Restarts': 0, 'SiteHistory': ['Unknown'], 'ResidentSetSize': [0], 'SubmitTimes': [1762278689.0], 'StartTimes': [], 'EndTimes': [], 'TotalUserCpuTimeHistory': [0.0], 'TotalSysCpuTimeHistory': [0.0], 'WallDurations': [0], 'JobIds': ['137314255.0'], 'State': 'idle', 'RecordedSite': False}, '377': {'Retries': 0, 'Restarts': 0, 'SiteHistory': ['Unknown'], 'ResidentSetSize': [0], 'SubmitTimes': [1762278689.0], 'StartTimes': [], 'EndTimes': [], 'TotalUserCpuTimeHistory': [0.0], 'TotalSysCpuTimeHistory': [0.0], 'WallDurations': [0], 'JobIds': ['137314256.0'], 'State': 'idle', 'RecordedSite': False}, '378': {'Retries': 0, 'Restarts': 0, 'SiteHistory': ['Unknown'], 'ResidentSetSize': [0], 'SubmitTimes': [1762278689.0], 'StartTimes': [], 'EndTimes': [], 'TotalUserCpuTimeHistory': [0.0], 'TotalSysCpuTimeHistory': [0.0], 'WallDurations': [0], 'JobIds': ['137314257.0'], 'State': 'idle', 'RecordedSite': False}, '379': {'Retries': 0, 'Restarts': 0, 'SiteHistory': ['Unknown'], 'ResidentSetSize': [0], 'SubmitTimes': [1762278689.0], 'StartTimes': [], 'EndTimes': [], 'TotalUserCpuTimeHistory': [0.0], 'TotalSysCpuTimeHistory': [0.0], 'WallDurations': [0], 'JobIds': ['137314258.0'], 'State': 'idle', 'RecordedSite': False}, '380': {'Retries': 0, 'Restarts': 0, 'SiteHistory': ['Unknown'], 'ResidentSetSize': [0], 'SubmitTimes': [1762278689.0], 'StartTimes': [], 'EndTimes': [], 'TotalUserCpuTimeHistory': [0.0], 'TotalSysCpuTimeHistory': [0.0], 'WallDurations': [0], 'JobIds': ['137314259.0'], 'State': 'idle', 'RecordedSite': False}, '381': {'Retries': 0, 'Restarts': 0, 'SiteHistory': ['Unknown'], 'ResidentSetSize': [0], 'SubmitTimes': [1762278689.0], 'StartTimes': [], 'EndTimes': [], 'TotalUserCpuTimeHistory': [0.0], 'TotalSysCpuTimeHistory': [0.0], 'WallDurations': [0], 'JobIds': ['137314260.0'], 'State': 'idle', 'RecordedSite': False}, '382': {'Retries': 0, 'Restarts': 0, 'SiteHistory': ['Unknown'], 'ResidentSetSize': [0], 'SubmitTimes': [1762278689.0], 'StartTimes': [], 'EndTimes': [], 'TotalUserCpuTimeHistory': [0.0], 'TotalSysCpuTimeHistory': [0.0], 'WallDurations': [0], 'JobIds': ['137314261.0'], 'State': 'idle', 'RecordedSite': False}, '383': {'Retries': 0, 'Restarts': 0, 'SiteHistory': ['Unknown'], 'ResidentSetSize': [0], 'SubmitTimes': [1762278689.0], 'StartTimes': [], 'EndTimes': [], 'TotalUserCpuTimeHistory': [0.0], 'TotalSysCpuTimeHistory': [0.0], 'WallDurations': [0], 'JobIds': ['137314262.0'], 'State': 'idle', 'RecordedSite': False}, '384': {'Retries': 0, 'Restarts': 0, 'SiteHistory': ['Unknown'], 'ResidentSetSize': [0], 'SubmitTimes': [1762278689.0], 'StartTimes': [], 'EndTimes': [], 'TotalUserCpuTimeHistory': [0.0], 'TotalSysCpuTimeHistory': [0.0], 'WallDurations': [0], 'JobIds': ['137314263.0'], 'State': 'idle', 'RecordedSite': False}, '385': {'Retries': 0, 'Restarts': 0, 'SiteHistory': ['Unknown'], 'ResidentSetSize': [0], 'SubmitTimes': [1762278689.0], 'StartTimes': [], 'EndTimes': [], 'TotalUserCpuTimeHistory': [0.0], 'TotalSysCpuTimeHistory': [0.0], 'WallDurations': [0], 'JobIds': ['137314264.0'], 'State': 'idle', 'RecordedSite': False}, '386': {'Retries': 0, 'Restarts': 0, 'SiteHistory': ['Unknown'], 'ResidentSetSize': [0], 'SubmitTimes': [1762278689.0], 'StartTimes': [], 'EndTimes': [], 'TotalUserCpuTimeHistory': [0.0], 'TotalSysCpuTimeHistory': [0.0], 'WallDurations': [0], 'JobIds': ['137314265.0'], 'State': 'idle', 'RecordedSite': False}, '387': {'Retries': 0, 'Restarts': 0, 'SiteHistory': ['Unknown'], 'ResidentSetSize': [0], 'SubmitTimes': [1762278689.0], 'StartTimes': [], 'EndTimes': [], 'TotalUserCpuTimeHistory': [0.0], 'TotalSysCpuTimeHistory': [0.0], 'WallDurations': [0], 'JobIds': ['137314266.0'], 'State': 'idle', 'RecordedSite': False}, '388': {'Retries': 0, 'Restarts': 0, 'SiteHistory': ['Unknown'], 'ResidentSetSize': [0], 'SubmitTimes': [1762278689.0], 'StartTimes': [], 'EndTimes': [], 'TotalUserCpuTimeHistory': [0.0], 'TotalSysCpuTimeHistory': [0.0], 'WallDurations': [0], 'JobIds': ['137314267.0'], 'State': 'idle', 'RecordedSite': False}, '389': {'Retries': 0, 'Restarts': 0, 'SiteHistory': ['Unknown'], 'ResidentSetSize': [0], 'SubmitTimes': [1762278689.0], 'StartTimes': [], 'EndTimes': [], 'TotalUserCpuTimeHistory': [0.0], 'TotalSysCpuTimeHistory': [0.0], 'WallDurations': [0], 'JobIds': ['137314268.0'], 'State': 'idle', 'RecordedSite': False}, '407': {'Retries': 0, 'Restarts': 0, 'SiteHistory': ['Unknown'], 'ResidentSetSize': [0], 'SubmitTimes': [1762278689.0], 'StartTimes': [], 'EndTimes': [], 'TotalUserCpuTimeHistory': [0.0], 'TotalSysCpuTimeHistory': [0.0], 'WallDurations': [0], 'JobIds': ['137314269.0'], 'State': 'idle', 'RecordedSite': False}, '401': {'Retries': 0, 'Restarts': 0, 'SiteHistory': ['Unknown'], 'ResidentSetSize': [0], 'SubmitTimes': [1762278689.0], 'StartTimes': [], 'EndTimes': [], 'TotalUserCpuTimeHistory': [0.0], 'TotalSysCpuTimeHistory': [0.0], 'WallDurations': [0], 'JobIds': ['137314270.0'], 'State': 'idle', 'RecordedSite': False}, '395': {'Retries': 0, 'Restarts': 0, 'SiteHistory': ['Unknown'], 'ResidentSetSize': [0], 'SubmitTimes': [1762278689.0], 'StartTimes': [], 'EndTimes': [], 'TotalUserCpuTimeHistory': [0.0], 'TotalSysCpuTimeHistory': [0.0], 'WallDurations': [0], 'JobIds': ['137314271.0'], 'State': 'idle', 'RecordedSite': False}, '399': {'Retries': 0, 'Restarts': 0, 'SiteHistory': ['Unknown'], 'ResidentSetSize': [0], 'SubmitTimes': [1762278689.0], 'StartTimes': [], 'EndTimes': [], 'TotalUserCpuTimeHistory': [0.0], 'TotalSysCpuTimeHistory': [0.0], 'WallDurations': [0], 'JobIds': ['137314272.0'], 'State': 'idle', 'RecordedSite': False}, '402': {'Retries': 0, 'Restarts': 0, 'SiteHistory': ['Unknown'], 'ResidentSetSize': [0], 'SubmitTimes': [1762278689.0], 'StartTimes': [], 'EndTimes': [], 'TotalUserCpuTimeHistory': [0.0], 'TotalSysCpuTimeHistory': [0.0], 'WallDurations': [0], 'JobIds': ['137314273.0'], 'State': 'idle', 'RecordedSite': False}, '403': {'Retries': 0, 'Restarts': 0, 'SiteHistory': ['Unknown'], 'ResidentSetSize': [0], 'SubmitTimes': [1762278689.0], 'StartTimes': [], 'EndTimes': [], 'TotalUserCpuTimeHistory': [0.0], 'TotalSysCpuTimeHistory': [0.0], 'WallDurations': [0], 'JobIds': ['137314274.0'], 'State': 'idle', 'RecordedSite': False}, '409': {'Retries': 0, 'Restarts': 0, 'SiteHistory': ['Unknown'], 'ResidentSetSize': [0], 'SubmitTimes': [1762278689.0], 'StartTimes': [], 'EndTimes': [], 'TotalUserCpuTimeHistory': [0.0], 'TotalSysCpuTimeHistory': [0.0], 'WallDurations': [0], 'JobIds': ['137314275.0'], 'State': 'idle', 'RecordedSite': False}, '410': {'Retries': 0, 'Restarts': 0, 'SiteHistory': ['Unknown'], 'ResidentSetSize': [0], 'SubmitTimes': [1762278689.0], 'StartTimes': [], 'EndTimes': [], 'TotalUserCpuTimeHistory': [0.0], 'TotalSysCpuTimeHistory': [0.0], 'WallDurations': [0], 'JobIds': ['137314276.0'], 'State': 'idle', 'RecordedSite': False}, '394': {'Retries': 0, 'Restarts': 0, 'SiteHistory': ['Unknown'], 'ResidentSetSize': [0], 'SubmitTimes': [1762278689.0], 'StartTimes': [], 'EndTimes': [], 'TotalUserCpuTimeHistory': [0.0], 'TotalSysCpuTimeHistory': [0.0], 'WallDurations': [0], 'JobIds': ['137314277.0'], 'State': 'idle', 'RecordedSite': False}, '398': {'Retries': 0, 'Restarts': 0, 'SiteHistory': ['Unknown'], 'ResidentSetSize': [0], 'SubmitTimes': [1762278689.0], 'StartTimes': [], 'EndTimes': [], 'TotalUserCpuTimeHistory': [0.0], 'TotalSysCpuTimeHistory': [0.0], 'WallDurations': [0], 'JobIds': ['137314278.0'], 'State': 'idle', 'RecordedSite': False}, '396': {'Retries': 0, 'Restarts': 0, 'SiteHistory': ['Unknown'], 'ResidentSetSize': [0], 'SubmitTimes': [1762278689.0], 'StartTimes': [], 'EndTimes': [], 'TotalUserCpuTimeHistory': [0.0], 'TotalSysCpuTimeHistory': [0.0], 'WallDurations': [0], 'JobIds': ['137314279.0'], 'State': 'idle', 'RecordedSite': False}, '391': {'Retries': 0, 'Restarts': 0, 'SiteHistory': ['Unknown'], 'ResidentSetSize': [0], 'SubmitTimes': [1762278689.0], 'StartTimes': [], 'EndTimes': [], 'TotalUserCpuTimeHistory': [0.0], 'TotalSysCpuTimeHistory': [0.0], 'WallDurations': [0], 'JobIds': ['137314280.0'], 'State': 'idle', 'RecordedSite': False}, '393': {'Retries': 0, 'Restarts': 0, 'SiteHistory': ['Unknown'], 'ResidentSetSize': [0], 'SubmitTimes': [1762278689.0], 'StartTimes': [], 'EndTimes': [], 'TotalUserCpuTimeHistory': [0.0], 'TotalSysCpuTimeHistory': [0.0], 'WallDurations': [0], 'JobIds': ['137314281.0'], 'State': 'idle', 'RecordedSite': False}, '397': {'Retries': 0, 'Restarts': 0, 'SiteHistory': ['Unknown'], 'ResidentSetSize': [0], 'SubmitTimes': [1762278689.0], 'StartTimes': [], 'EndTimes': [], 'TotalUserCpuTimeHistory': [0.0], 'TotalSysCpuTimeHistory': [0.0], 'WallDurations': [0], 'JobIds': ['137314282.0'], 'State': 'idle', 'RecordedSite': False}, '392': {'Retries': 0, 'Restarts': 0, 'SiteHistory': ['Unknown'], 'ResidentSetSize': [0], 'SubmitTimes': [1762278689.0], 'StartTimes': [], 'EndTimes': [], 'TotalUserCpuTimeHistory': [0.0], 'TotalSysCpuTimeHistory': [0.0], 'WallDurations': [0], 'JobIds': ['137314283.0'], 'State': 'idle', 'RecordedSite': False}, '405': {'Retries': 0, 'Restarts': 0, 'SiteHistory': ['Unknown'], 'ResidentSetSize': [0], 'SubmitTimes': [1762278689.0], 'StartTimes': [], 'EndTimes': [], 'TotalUserCpuTimeHistory': [0.0], 'TotalSysCpuTimeHistory': [0.0], 'WallDurations': [0], 'JobIds': ['137314284.0'], 'State': 'idle', 'RecordedSite': False}, '400': {'Retries': 0, 'Restarts': 0, 'SiteHistory': ['Unknown'], 'ResidentSetSize': [0], 'SubmitTimes': [1762278689.0], 'StartTimes': [], 'EndTimes': [], 'TotalUserCpuTimeHistory': [0.0], 'TotalSysCpuTimeHistory': [0.0], 'WallDurations': [0], 'JobIds': ['137314285.0'], 'State': 'idle', 'RecordedSite': False}, '404': {'Retries': 0, 'Restarts': 0, 'SiteHistory': ['Unknown'], 'ResidentSetSize': [0], 'SubmitTimes': [1762278690.0], 'StartTimes': [], 'EndTimes': [], 'TotalUserCpuTimeHistory': [0.0], 'TotalSysCpuTimeHistory': [0.0], 'WallDurations': [0], 'JobIds': ['137314286.0'], 'State': 'idle', 'RecordedSite': False}, '406': {'Retries': 0, 'Restarts': 0, 'SiteHistory': ['Unknown'], 'ResidentSetSize': [0], 'SubmitTimes': [1762278690.0], 'StartTimes': [], 'EndTimes': [], 'TotalUserCpuTimeHistory': [0.0], 'TotalSysCpuTimeHistory': [0.0], 'WallDurations': [0], 'JobIds': ['137314287.0'], 'State': 'idle', 'RecordedSite': False}, '408': {'Retries': 0, 'Restarts': 0, 'SiteHistory': ['Unknown'], 'ResidentSetSize': [0], 'SubmitTimes': [1762278690.0], 'StartTimes': [], 'EndTimes': [], 'TotalUserCpuTimeHistory': [0.0], 'TotalSysCpuTimeHistory': [0.0], 'WallDurations': [0], 'JobIds': ['137314288.0'], 'State': 'idle', 'RecordedSite': False}, '412': {'Retries': 0, 'Restarts': 0, 'SiteHistory': ['Unknown'], 'ResidentSetSize': [0], 'SubmitTimes': [1762278690.0], 'StartTimes': [], 'EndTimes': [], 'TotalUserCpuTimeHistory': [0.0], 'TotalSysCpuTimeHistory': [0.0], 'WallDurations': [0], 'JobIds': ['137314289.0'], 'State': 'idle', 'RecordedSite': False}, '411': {'Retries': 0, 'Restarts': 0, 'SiteHistory': ['Unknown'], 'ResidentSetSize': [0], 'SubmitTimes': [1762278690.0], 'StartTimes': [], 'EndTimes': [], 'TotalUserCpuTimeHistory': [0.0], 'TotalSysCpuTimeHistory': [0.0], 'WallDurations': [0], 'JobIds': ['137314290.0'], 'State': 'idle', 'RecordedSite': False}, '413': {'Retries': 0, 'Restarts': 0, 'SiteHistory': ['Unknown'], 'ResidentSetSize': [0], 'SubmitTimes': [1762278690.0], 'StartTimes': [], 'EndTimes': [], 'TotalUserCpuTimeHistory': [0.0], 'TotalSysCpuTimeHistory': [0.0], 'WallDurations': [0], 'JobIds': ['137314291.0'], 'State': 'idle', 'RecordedSite': False}, '422': {'Retries': 0, 'Restarts': 0, 'SiteHistory': ['Unknown'], 'ResidentSetSize': [0], 'SubmitTimes': [1762278690.0], 'StartTimes': [], 'EndTimes': [], 'TotalUserCpuTimeHistory': [0.0], 'TotalSysCpuTimeHistory': [0.0], 'WallDurations': [0], 'JobIds': ['137314292.0'], 'State': 'idle', 'RecordedSite': False}, '420': {'Retries': 0, 'Restarts': 0, 'SiteHistory': ['Unknown'], 'ResidentSetSize': [0], 'SubmitTimes': [1762278690.0], 'StartTimes': [], 'EndTimes': [], 'TotalUserCpuTimeHistory': [0.0], 'TotalSysCpuTimeHistory': [0.0], 'WallDurations': [0], 'JobIds': ['137314293.0'], 'State': 'idle', 'RecordedSite': False}, '419': {'Retries': 0, 'Restarts': 0, 'SiteHistory': ['Unknown'], 'ResidentSetSize': [0], 'SubmitTimes': [1762278690.0], 'StartTimes': [], 'EndTimes': [], 'TotalUserCpuTimeHistory': [0.0], 'TotalSysCpuTimeHistory': [0.0], 'WallDurations': [0], 'JobIds': ['137314294.0'], 'State': 'idle', 'RecordedSite': False}, '416': {'Retries': 0, 'Restarts': 0, 'SiteHistory': ['Unknown'], 'ResidentSetSize': [0], 'SubmitTimes': [1762278690.0], 'StartTimes': [], 'EndTimes': [], 'TotalUserCpuTimeHistory': [0.0], 'TotalSysCpuTimeHistory': [0.0], 'WallDurations': [0], 'JobIds': ['137314295.0'], 'State': 'idle', 'RecordedSite': False}, '415': {'Retries': 0, 'Restarts': 0, 'SiteHistory': ['Unknown'], 'ResidentSetSize': [0], 'SubmitTimes': [1762278695.0], 'StartTimes': [], 'EndTimes': [], 'TotalUserCpuTimeHistory': [0.0], 'TotalSysCpuTimeHistory': [0.0], 'WallDurations': [0], 'JobIds': ['137314296.0'], 'State': 'idle', 'RecordedSite': False}, '421': {'Retries': 0, 'Restarts': 0, 'SiteHistory': ['Unknown'], 'ResidentSetSize': [0], 'SubmitTimes': [1762278695.0], 'StartTimes': [], 'EndTimes': [], 'TotalUserCpuTimeHistory': [0.0], 'TotalSysCpuTimeHistory': [0.0], 'WallDurations': [0], 'JobIds': ['137314297.0'], 'State': 'idle', 'RecordedSite': False}, '414': {'Retries': 0, 'Restarts': 0, 'SiteHistory': ['Unknown'], 'ResidentSetSize': [0], 'SubmitTimes': [1762278695.0], 'StartTimes': [], 'EndTimes': [], 'TotalUserCpuTimeHistory': [0.0], 'TotalSysCpuTimeHistory': [0.0], 'WallDurations': [0], 'JobIds': ['137314298.0'], 'State': 'idle', 'RecordedSite': False}, '426': {'Retries': 0, 'Restarts': 0, 'SiteHistory': ['Unknown'], 'ResidentSetSize': [0], 'SubmitTimes': [1762278695.0], 'StartTimes': [], 'EndTimes': [], 'TotalUserCpuTimeHistory': [0.0], 'TotalSysCpuTimeHistory': [0.0], 'WallDurations': [0], 'JobIds': ['137314299.0'], 'State': 'idle', 'RecordedSite': False}, '423': {'Retries': 0, 'Restarts': 0, 'SiteHistory': ['Unknown'], 'ResidentSetSize': [0], 'SubmitTimes': [1762278695.0], 'StartTimes': [], 'EndTimes': [], 'TotalUserCpuTimeHistory': [0.0], 'TotalSysCpuTimeHistory': [0.0], 'WallDurations': [0], 'JobIds': ['137314300.0'], 'State': 'idle', 'RecordedSite': False}, '417': {'Retries': 0, 'Restarts': 0, 'SiteHistory': ['Unknown'], 'ResidentSetSize': [0], 'SubmitTimes': [1762278695.0], 'StartTimes': [], 'EndTimes': [], 'TotalUserCpuTimeHistory': [0.0], 'TotalSysCpuTimeHistory': [0.0], 'WallDurations': [0], 'JobIds': ['137314301.0'], 'State': 'idle', 'RecordedSite': False}, '418': {'Retries': 0, 'Restarts': 0, 'SiteHistory': ['Unknown'], 'ResidentSetSize': [0], 'SubmitTimes': [1762278695.0], 'StartTimes': [], 'EndTimes': [], 'TotalUserCpuTimeHistory': [0.0], 'TotalSysCpuTimeHistory': [0.0], 'WallDurations': [0], 'JobIds': ['137314302.0'], 'State': 'idle', 'RecordedSite': False}, '424': {'Retries': 0, 'Restarts': 0, 'SiteHistory': ['Unknown'], 'ResidentSetSize': [0], 'SubmitTimes': [1762278695.0], 'StartTimes': [], 'EndTimes': [], 'TotalUserCpuTimeHistory': [0.0], 'TotalSysCpuTimeHistory': [0.0], 'WallDurations': [0], 'JobIds': ['137314303.0'], 'State': 'idle', 'RecordedSite': False}, '425': {'Retries': 0, 'Restarts': 0, 'SiteHistory': ['Unknown'], 'ResidentSetSize': [0], 'SubmitTimes': [1762278695.0], 'StartTimes': [], 'EndTimes': [], 'TotalUserCpuTimeHistory': [0.0], 'TotalSysCpuTimeHistory': [0.0], 'WallDurations': [0], 'JobIds': ['137314304.0'], 'State': 'idle', 'RecordedSite': False}, '427': {'Retries': 0, 'Restarts': 0, 'SiteHistory': ['Unknown'], 'ResidentSetSize': [0], 'SubmitTimes': [1762278695.0], 'StartTimes': [], 'EndTimes': [], 'TotalUserCpuTimeHistory': [0.0], 'TotalSysCpuTimeHistory': [0.0], 'WallDurations': [0], 'JobIds': ['137314305.0'], 'State': 'idle', 'RecordedSite': False}, '428': {'Retries': 0, 'Restarts': 0, 'SiteHistory': ['Unknown'], 'ResidentSetSize': [0], 'SubmitTimes': [1762278695.0], 'StartTimes': [], 'EndTimes': [], 'TotalUserCpuTimeHistory': [0.0], 'TotalSysCpuTimeHistory': [0.0], 'WallDurations': [0], 'JobIds': ['137314306.0'], 'State': 'idle', 'RecordedSite': False}, '430': {'Retries': 0, 'Restarts': 0, 'SiteHistory': ['Unknown'], 'ResidentSetSize': [0], 'SubmitTimes': [1762278695.0], 'StartTimes': [], 'EndTimes': [], 'TotalUserCpuTimeHistory': [0.0], 'TotalSysCpuTimeHistory': [0.0], 'WallDurations': [0], 'JobIds': ['137314307.0'], 'State': 'idle', 'RecordedSite': False}, '429': {'Retries': 0, 'Restarts': 0, 'SiteHistory': ['Unknown'], 'ResidentSetSize': [0], 'SubmitTimes': [1762278695.0], 'StartTimes': [], 'EndTimes': [], 'TotalUserCpuTimeHistory': [0.0], 'TotalSysCpuTimeHistory': [0.0], 'WallDurations': [0], 'JobIds': ['137314308.0'], 'State': 'idle', 'RecordedSite': False}, '441': {'Retries': 0, 'Restarts': 0, 'SiteHistory': ['Unknown'], 'ResidentSetSize': [0], 'SubmitTimes': [1762278695.0], 'StartTimes': [], 'EndTimes': [], 'TotalUserCpuTimeHistory': [0.0], 'TotalSysCpuTimeHistory': [0.0], 'WallDurations': [0], 'JobIds': ['137314309.0'], 'State': 'idle', 'RecordedSite': False}, '433': {'Retries': 0, 'Restarts': 0, 'SiteHistory': ['Unknown'], 'ResidentSetSize': [0], 'SubmitTimes': [1762278695.0], 'StartTimes': [], 'EndTimes': [], 'TotalUserCpuTimeHistory': [0.0], 'TotalSysCpuTimeHistory': [0.0], 'WallDurations': [0], 'JobIds': ['137314310.0'], 'State': 'idle', 'RecordedSite': False}, '437': {'Retries': 0, 'Restarts': 0, 'SiteHistory': ['Unknown'], 'ResidentSetSize': [0], 'SubmitTimes': [1762278695.0], 'StartTimes': [], 'EndTimes': [], 'TotalUserCpuTimeHistory': [0.0], 'TotalSysCpuTimeHistory': [0.0], 'WallDurations': [0], 'JobIds': ['137314311.0'], 'State': 'idle', 'RecordedSite': False}, '436': {'Retries': 0, 'Restarts': 0, 'SiteHistory': ['Unknown'], 'ResidentSetSize': [0], 'SubmitTimes': [1762278695.0], 'StartTimes': [], 'EndTimes': [], 'TotalUserCpuTimeHistory': [0.0], 'TotalSysCpuTimeHistory': [0.0], 'WallDurations': [0], 'JobIds': ['137314312.0'], 'State': 'idle', 'RecordedSite': False}, '435': {'Retries': 0, 'Restarts': 0, 'SiteHistory': ['Unknown'], 'ResidentSetSize': [0], 'SubmitTimes': [1762278695.0], 'StartTimes': [], 'EndTimes': [], 'TotalUserCpuTimeHistory': [0.0], 'TotalSysCpuTimeHistory': [0.0], 'WallDurations': [0], 'JobIds': ['137314313.0'], 'State': 'idle', 'RecordedSite': False}, '432': {'Retries': 0, 'Restarts': 0, 'SiteHistory': ['Unknown'], 'ResidentSetSize': [0], 'SubmitTimes': [1762278695.0], 'StartTimes': [], 'EndTimes': [], 'TotalUserCpuTimeHistory': [0.0], 'TotalSysCpuTimeHistory': [0.0], 'WallDurations': [0], 'JobIds': ['137314314.0'], 'State': 'idle', 'RecordedSite': False}, '445': {'Retries': 0, 'Restarts': 0, 'SiteHistory': ['Unknown'], 'ResidentSetSize': [0], 'SubmitTimes': [1762278695.0], 'StartTimes': [], 'EndTimes': [], 'TotalUserCpuTimeHistory': [0.0], 'TotalSysCpuTimeHistory': [0.0], 'WallDurations': [0], 'JobIds': ['137314315.0'], 'State': 'idle', 'RecordedSite': False}, '431': {'Retries': 0, 'Restarts': 0, 'SiteHistory': ['Unknown'], 'ResidentSetSize': [0], 'SubmitTimes': [1762278695.0], 'StartTimes': [], 'EndTimes': [], 'TotalUserCpuTimeHistory': [0.0], 'TotalSysCpuTimeHistory': [0.0], 'WallDurations': [0], 'JobIds': ['137314316.0'], 'State': 'idle', 'RecordedSite': False}, '448': {'Retries': 0, 'Restarts': 0, 'SiteHistory': ['Unknown'], 'ResidentSetSize': [0], 'SubmitTimes': [1762278695.0], 'StartTimes': [], 'EndTimes': [], 'TotalUserCpuTimeHistory': [0.0], 'TotalSysCpuTimeHistory': [0.0], 'WallDurations': [0], 'JobIds': ['137314317.0'], 'State': 'idle', 'RecordedSite': False}, '438': {'Retries': 0, 'Restarts': 0, 'SiteHistory': ['Unknown'], 'ResidentSetSize': [0], 'SubmitTimes': [1762278695.0], 'StartTimes': [], 'EndTimes': [], 'TotalUserCpuTimeHistory': [0.0], 'TotalSysCpuTimeHistory': [0.0], 'WallDurations': [0], 'JobIds': ['137314318.0'], 'State': 'idle', 'RecordedSite': False}, '446': {'Retries': 0, 'Restarts': 0, 'SiteHistory': ['Unknown'], 'ResidentSetSize': [0], 'SubmitTimes': [1762278695.0], 'StartTimes': [], 'EndTimes': [], 'TotalUserCpuTimeHistory': [0.0], 'TotalSysCpuTimeHistory': [0.0], 'WallDurations': [0], 'JobIds': ['137314319.0'], 'State': 'idle', 'RecordedSite': False}, '444': {'Retries': 0, 'Restarts': 0, 'SiteHistory': ['Unknown'], 'ResidentSetSize': [0], 'SubmitTimes': [1762278695.0], 'StartTimes': [], 'EndTimes': [], 'TotalUserCpuTimeHistory': [0.0], 'TotalSysCpuTimeHistory': [0.0], 'WallDurations': [0], 'JobIds': ['137314320.0'], 'State': 'idle', 'RecordedSite': False}, '447': {'Retries': 0, 'Restarts': 0, 'SiteHistory': ['Unknown'], 'ResidentSetSize': [0], 'SubmitTimes': [1762278695.0], 'StartTimes': [], 'EndTimes': [], 'TotalUserCpuTimeHistory': [0.0], 'TotalSysCpuTimeHistory': [0.0], 'WallDurations': [0], 'JobIds': ['137314321.0'], 'State': 'idle', 'RecordedSite': False}, '434': {'Retries': 0, 'Restarts': 0, 'SiteHistory': ['Unknown'], 'ResidentSetSize': [0], 'SubmitTimes': [1762278695.0], 'StartTimes': [], 'EndTimes': [], 'TotalUserCpuTimeHistory': [0.0], 'TotalSysCpuTimeHistory': [0.0], 'WallDurations': [0], 'JobIds': ['137314322.0'], 'State': 'idle', 'RecordedSite': False}, '443': {'Retries': 0, 'Restarts': 0, 'SiteHistory': ['Unknown'], 'ResidentSetSize': [0], 'SubmitTimes': [1762278695.0], 'StartTimes': [], 'EndTimes': [], 'TotalUserCpuTimeHistory': [0.0], 'TotalSysCpuTimeHistory': [0.0], 'WallDurations': [0], 'JobIds': ['137314323.0'], 'State': 'idle', 'RecordedSite': False}, '450': {'Retries': 0, 'Restarts': 0, 'SiteHistory': ['Unknown'], 'ResidentSetSize': [0], 'SubmitTimes': [1762278695.0], 'StartTimes': [], 'EndTimes': [], 'TotalUserCpuTimeHistory': [0.0], 'TotalSysCpuTimeHistory': [0.0], 'WallDurations': [0], 'JobIds': ['137314324.0'], 'State': 'idle', 'RecordedSite': False}, '439': {'Retries': 0, 'Restarts': 0, 'SiteHistory': ['Unknown'], 'ResidentSetSize': [0], 'SubmitTimes': [1762278695.0], 'StartTimes': [], 'EndTimes': [], 'TotalUserCpuTimeHistory': [0.0], 'TotalSysCpuTimeHistory': [0.0], 'WallDurations': [0], 'JobIds': ['137314325.0'], 'State': 'idle', 'RecordedSite': False}, '440': {'Retries': 0, 'Restarts': 0, 'SiteHistory': ['Unknown'], 'ResidentSetSize': [0], 'SubmitTimes': [1762278695.0], 'StartTimes': [], 'EndTimes': [], 'TotalUserCpuTimeHistory': [0.0], 'TotalSysCpuTimeHistory': [0.0], 'WallDurations': [0], 'JobIds': ['137314326.0'], 'State': 'idle', 'RecordedSite': False}, '449': {'Retries': 0, 'Restarts': 0, 'SiteHistory': ['Unknown'], 'ResidentSetSize': [0], 'SubmitTimes': [1762278695.0], 'StartTimes': [], 'EndTimes': [], 'TotalUserCpuTimeHistory': [0.0], 'TotalSysCpuTimeHistory': [0.0], 'WallDurations': [0], 'JobIds': ['137314327.0'], 'State': 'idle', 'RecordedSite': False}, '442': {'Retries': 0, 'Restarts': 0, 'SiteHistory': ['Unknown'], 'ResidentSetSize': [0], 'SubmitTimes': [1762278695.0], 'StartTimes': [], 'EndTimes': [], 'TotalUserCpuTimeHistory': [0.0], 'TotalSysCpuTimeHistory': [0.0], 'WallDurations': [0], 'JobIds': ['137314328.0'], 'State': 'idle', 'RecordedSite': False}, '454': {'Retries': 0, 'Restarts': 0, 'SiteHistory': ['Unknown'], 'ResidentSetSize': [0], 'SubmitTimes': [1762278695.0], 'StartTimes': [], 'EndTimes': [], 'TotalUserCpuTimeHistory': [0.0], 'TotalSysCpuTimeHistory': [0.0], 'WallDurations': [0], 'JobIds': ['137314329.0'], 'State': 'idle', 'RecordedSite': False}, '453': {'Retries': 0, 'Restarts': 0, 'SiteHistory': ['Unknown'], 'ResidentSetSize': [0], 'SubmitTimes': [1762278695.0], 'StartTimes': [], 'EndTimes': [], 'TotalUserCpuTimeHistory': [0.0], 'TotalSysCpuTimeHistory': [0.0], 'WallDurations': [0], 'JobIds': ['137314330.0'], 'State': 'idle', 'RecordedSite': False}, '459': {'Retries': 0, 'Restarts': 0, 'SiteHistory': ['Unknown'], 'ResidentSetSize': [0], 'SubmitTimes': [1762278695.0], 'StartTimes': [], 'EndTimes': [], 'TotalUserCpuTimeHistory': [0.0], 'TotalSysCpuTimeHistory': [0.0], 'WallDurations': [0], 'JobIds': ['137314331.0'], 'State': 'idle', 'RecordedSite': False}, '455': {'Retries': 0, 'Restarts': 0, 'SiteHistory': ['Unknown'], 'ResidentSetSize': [0], 'SubmitTimes': [1762278695.0], 'StartTimes': [], 'EndTimes': [], 'TotalUserCpuTimeHistory': [0.0], 'TotalSysCpuTimeHistory': [0.0], 'WallDurations': [0], 'JobIds': ['137314332.0'], 'State': 'idle', 'RecordedSite': False}, '460': {'Retries': 0, 'Restarts': 0, 'SiteHistory': ['Unknown'], 'ResidentSetSize': [0], 'SubmitTimes': [1762278695.0], 'StartTimes': [], 'EndTimes': [], 'TotalUserCpuTimeHistory': [0.0], 'TotalSysCpuTimeHistory': [0.0], 'WallDurations': [0], 'JobIds': ['137314333.0'], 'State': 'idle', 'RecordedSite': False}, '457': {'Retries': 0, 'Restarts': 0, 'SiteHistory': ['Unknown'], 'ResidentSetSize': [0], 'SubmitTimes': [1762278695.0], 'StartTimes': [], 'EndTimes': [], 'TotalUserCpuTimeHistory': [0.0], 'TotalSysCpuTimeHistory': [0.0], 'WallDurations': [0], 'JobIds': ['137314334.0'], 'State': 'idle', 'RecordedSite': False}, '456': {'Retries': 0, 'Restarts': 0, 'SiteHistory': ['Unknown'], 'ResidentSetSize': [0], 'SubmitTimes': [1762278695.0], 'StartTimes': [], 'EndTimes': [], 'TotalUserCpuTimeHistory': [0.0], 'TotalSysCpuTimeHistory': [0.0], 'WallDurations': [0], 'JobIds': ['137314335.0'], 'State': 'idle', 'RecordedSite': False}, '461': {'Retries': 0, 'Restarts': 0, 'SiteHistory': ['Unknown'], 'ResidentSetSize': [0], 'SubmitTimes': [1762278695.0], 'StartTimes': [], 'EndTimes': [], 'TotalUserCpuTimeHistory': [0.0], 'TotalSysCpuTimeHistory': [0.0], 'WallDurations': [0], 'JobIds': ['137314336.0'], 'State': 'idle', 'RecordedSite': False}, '164': {'Retries': 0, 'Restarts': 0, 'SiteHistory': ['Unknown'], 'ResidentSetSize': [0], 'SubmitTimes': [1762278695.0], 'StartTimes': [], 'EndTimes': [], 'TotalUserCpuTimeHistory': [0.0], 'TotalSysCpuTimeHistory': [0.0], 'WallDurations': [0], 'JobIds': ['137314337.0'], 'State': 'idle', 'RecordedSite': False}, '458': {'Retries': 0, 'Restarts': 0, 'SiteHistory': ['Unknown'], 'ResidentSetSize': [0], 'SubmitTimes': [1762278695.0], 'StartTimes': [], 'EndTimes': [], 'TotalUserCpuTimeHistory': [0.0], 'TotalSysCpuTimeHistory': [0.0], 'WallDurations': [0], 'JobIds': ['137314338.0'], 'State': 'idle', 'RecordedSite': False}, '451': {'Retries': 0, 'Restarts': 0, 'SiteHistory': ['Unknown'], 'ResidentSetSize': [0], 'SubmitTimes': [1762278695.0], 'StartTimes': [], 'EndTimes': [], 'TotalUserCpuTimeHistory': [0.0], 'TotalSysCpuTimeHistory': [0.0], 'WallDurations': [0], 'JobIds': ['137314339.0'], 'State': 'idle', 'RecordedSite': False}, '452': {'Retries': 0, 'Restarts': 0, 'SiteHistory': ['Unknown'], 'ResidentSetSize': [0], 'SubmitTimes': [1762278695.0], 'StartTimes': [], 'EndTimes': [], 'TotalUserCpuTimeHistory': [0.0], 'TotalSysCpuTimeHistory': [0.0], 'WallDurations': [0], 'JobIds': ['137314340.0'], 'State': 'idle', 'RecordedSite': False}, '34': {'Retries': 0, 'Restarts': 0, 'SiteHistory': ['Unknown'], 'ResidentSetSize': [0], 'SubmitTimes': [1762278695.0], 'StartTimes': [], 'EndTimes': [], 'TotalUserCpuTimeHistory': [0.0], 'TotalSysCpuTimeHistory': [0.0], 'WallDurations': [0], 'JobIds': ['137314341.0'], 'State': 'idle', 'RecordedSite': False}, '291': {'Retries': 0, 'Restarts': 0, 'SiteHistory': ['Unknown'], 'ResidentSetSize': [0], 'SubmitTimes': [1762278696.0], 'StartTimes': [], 'EndTimes': [], 'TotalUserCpuTimeHistory': [0.0], 'TotalSysCpuTimeHistory': [0.0], 'WallDurations': [0], 'JobIds': ['137314342.0'], 'State': 'idle', 'RecordedSite': False}, '390': {'Retries': 0, 'Restarts': 0, 'SiteHistory': ['Unknown'], 'ResidentSetSize': [0], 'SubmitTimes': [1762278696.0], 'StartTimes': [], 'EndTimes': [], 'TotalUserCpuTimeHistory': [0.0], 'TotalSysCpuTimeHistory': [0.0], 'WallDurations': [0], 'JobIds': ['137314343.0'], 'State': 'idle', 'RecordedSite': False}}
INFO 2025-11-04 18:15:00.488 UTC: 	 Status on the scheduler:	SUBMITTED
INFO 2025-11-04 18:15:00.488 UTC: 	 
Jobs status:                    idle         		100.0% (461/461)
INFO 2025-11-04 18:15:00.489 UTC: 	 
No publication information (publication has been disabled in the CRAB configuration file)
INFO 2025-11-04 18:15:00.499 UTC: 	 Log file is /afs/cern.ch/user/a/amalhotr/CMSSW_14_0_18_patch1/src/Run3ScoutingAnalysisTools/crab_ScoutingData_Redone_v5/crab.log
DEBUG 2025-11-04 18:55:38.656 UTC: 	 CRAB Client version: v3.251020
DEBUG 2025-11-04 18:55:38.656 UTC: 	 Running on: Linux lxplus969.cern.ch 5.14.0-570.49.1.el9_6.x86_64 #1 SMP PREEMPT_DYNAMIC Tue Sep 23 01:11:18 EDT 2025 x86_64 x86_64 x86_64 GNU/Linux
DEBUG 2025-11-04 18:55:38.656 UTC: 	 Not using Singularity
DEBUG 2025-11-04 18:55:38.656 UTC: 	 Operating System: Red Hat Enterprise Linux 9.6 (Plow)
DEBUG 2025-11-04 18:55:38.656 UTC: 	 Executing command: 'status'
DEBUG 2025-11-04 18:55:38.662 UTC: 	 Found CRAB cache file /afs/cern.ch/user/a/amalhotr/.crab3
DEBUG 2025-11-04 18:55:39.045 UTC: 	 Checking credentials
DEBUG 2025-11-04 18:55:39.045 UTC: 	 Found proxy file /tmp/x509up_u180451
DEBUG 2025-11-04 18:55:39.045 UTC: 	 Making sure it has proper VOMS extension
DEBUG 2025-11-04 18:55:39.045 UTC: 	 Executing command :
 voms-proxy-info --vo --file /tmp/x509up_u180451
DEBUG 2025-11-04 18:55:39.239 UTC: 	 output : cms

 error: 
 retcode : 0
DEBUG 2025-11-04 18:55:39.239 UTC: 	 Getting proxy life time left
DEBUG 2025-11-04 18:55:39.239 UTC: 	 Executing command :
 voms-proxy-info --actimeleft --timeleft --file /tmp/x509up_u180451
DEBUG 2025-11-04 18:55:39.269 UTC: 	 output : 687122
687122

 error: 
 retcode : 0
DEBUG 2025-11-04 18:55:39.269 UTC: 	 Proxy valid for 190:52:02 hours
DEBUG 2025-11-04 18:55:39.269 UTC: 	 Encoded data for curl request: subresource=delegatedn
DEBUG 2025-11-04 18:55:39.330 UTC: 	 Registering user credentials on myproxy for /DC=ch/DC=cern/OU=Organic Units/OU=Users/CN=cmscrab/CN=(817881|373708)/CN=Robot: cms crab|/DC=ch/DC=cern/OU=Organic Units/OU=Users/CN=crabint1/CN=373708/CN=Robot: CMS CRAB Integration 1
DEBUG 2025-11-04 18:55:39.330 UTC: 	 Executing command :
 voms-proxy-info --identity --file /tmp/x509up_u180451
DEBUG 2025-11-04 18:55:39.361 UTC: 	 output : /DC=ch/DC=cern/OU=Organic Units/OU=Users/CN=amalhotr/CN=884837/CN=Aryan Malhotra

 error: 
 retcode : 0
DEBUG 2025-11-04 18:55:39.361 UTC: 	 Getting myproxy life time left for 2382a3cf28fdeacb1de9b039908761ea517a5ed6
DEBUG 2025-11-04 18:55:39.361 UTC: 	 Executing command :
 myproxy-info -s myproxy.cern.ch -l 2382a3cf28fdeacb1de9b039908761ea517a5ed6
DEBUG 2025-11-04 18:55:39.671 UTC: 	 output : username: 2382a3cf28fdeacb1de9b039908761ea517a5ed6
owner: /DC=ch/DC=cern/OU=Organic Units/OU=Users/CN=amalhotr/CN=884837/CN=Aryan Malhotra
  renewal policy: /DC=ch/DC=cern/OU=Organic Units/OU=Users/CN=cmscrab/CN=(817881|373708)/CN=Robot: cms crab|/DC=ch/DC=cern/OU=Organic Units/OU=Users/CN=crabint1/CN=373708/CN=Robot: CMS CRAB Integration 1
  trusted retrieval policy: /DC=ch/DC=cern/OU=Organic Units/OU=Users/CN=cmscrab/CN=(817881|373708)/CN=Robot: cms crab|/DC=ch/DC=cern/OU=Organic Units/OU=Users/CN=crabint1/CN=373708/CN=Robot: CMS CRAB Integration 1
  timeleft: 579:53:36  (24.2 days)

 error: 
 retcode : 0
DEBUG 2025-11-04 18:55:39.671 UTC: 	 Myproxy is valid: 2087580
DEBUG 2025-11-04 18:55:39.671 UTC: 	 Result of myproxy credential check:
  Credential exists on myproxy: username: 2382a3cf28fdeacb1de9b039908761ea517a5ed6  - validity: 24 days, 3:53:00
DEBUG 2025-11-04 18:55:39.671 UTC: 	 Retrieving username ...
DEBUG 2025-11-04 18:55:39.671 UTC: 	 Retrieving username from CRIC...
DEBUG 2025-11-04 18:55:40.447 UTC: 	 username is amalhotr
INFO 2025-11-04 18:55:41.181 UTC: 	 Rucio client intialized for account amalhotr
DEBUG 2025-11-04 18:55:41.181 UTC: 	 Command use: status
DEBUG 2025-11-04 18:55:41.181 UTC: 	 Options use: ['-d', './crab_ScoutingData_Redone_v5/']
DEBUG 2025-11-04 18:55:41.181 UTC: 	 Encoded data for curl request: subresource=version
DEBUG 2025-11-04 18:55:41.229 UTC: 	 CRABClient version: v3.251020
DEBUG 2025-11-04 18:55:41.229 UTC: 	 Instance is prod
DEBUG 2025-11-04 18:55:41.229 UTC: 	 Server base url is cmsweb.cern.ch
DEBUG 2025-11-04 18:55:41.229 UTC: 	 Command api workflow
DEBUG 2025-11-04 18:55:41.229 UTC: 	 Encoded data for curl request: subresource=search&workflow=251104_174814%3Aamalhotr_crab_ScoutingData_Redone_v5
DEBUG 2025-11-04 18:55:41.290 UTC: 	 Got information from server oracle database: {'desc': {'columns': ['tm_taskname', 'tm_activity', 'tm_task_status', 'tm_task_command', 'tm_start_time', 'tm_start_injection', 'tm_end_injection', 'tm_task_failure', 'tm_job_sw', 'tm_job_arch', 'tm_input_dataset', 'tm_nonvalid_input_dataset', 'tm_use_parent', 'tm_site_whitelist', 'tm_site_blacklist', 'tm_split_algo', 'tm_split_args', 'tm_user_sandbox', 'tm_cache_url', 'tm_username', 'tm_user_dn', 'tm_user_vo', 'tm_user_role', 'tm_user_group', 'tm_publish_name', 'tm_publish_groupname', 'tm_asyncdest', 'tm_dbs_url', 'tm_publish_dbs_url', 'tm_publication', 'tm_outfiles', 'tm_tfile_outfiles', 'tm_edm_outfiles', 'tm_job_type', 'tm_generator', 'tm_events_per_lumi', 'tm_arguments', 'tm_save_logs', 'tw_name', 'tm_user_infiles', 'tm_maxjobruntime', 'tm_numcores', 'tm_maxmemory', 'tm_priority', 'tm_output_dataset', 'tm_task_warnings', 'tm_user_webdir', 'tm_scriptexe', 'tm_scriptargs', 'tm_extrajdl', 'tm_collector', 'tm_schedd', 'tm_dry_run', 'tm_user_files', 'tm_transfer_outputs', 'tm_output_lfn', 'tm_ignore_locality', 'tm_fail_limit', 'tm_one_event_mode', 'tm_secondary_input_dataset', 'tm_primary_dataset', 'tm_last_publication', 'tm_debug_files', 'clusterid', 'tm_ignore_global_blacklist', 'tm_submitter_ip_addr', 'tm_totalunits', 'tm_ddm_reqid', 'tm_user_config', 'tm_transfer_container', 'tm_transfer_rule', 'tm_publish_rule', 'tm_multipub_rule', 'tm_job_min_microarch', 'tm_dagman_status', 'tm_num_jobs', 'tm_uploaded']}, 'result': ['251104_174814:amalhotr_crab_ScoutingData_Redone_v5', 'None', 'SUBMITTED', 'SUBMIT', '2025-11-04 17:48:14.491301', 'None', '2025-11-04 17:49:56.515309', 'None', 'CMSSW_14_0_18_patch1', 'el9_amd64_gcc12', '/ScoutingPFRun3/Run2024H-v1/HLTSCOUT', 'T', '0', '[]', '[]', 'FileBased', "{'halt_job_on_file_boundaries': False, 'splitOnRun': False, 'files_per_job': 30, 'runs': [], 'lumis': []}", 'dae1b9663fdec6c9a39d8a57688f5414f775f4428023e59b79d2dbdc04ede878.tar.gz', 'S3/crabcache_prod', 'amalhotr', '/DC=ch/DC=cern/OU=Organic Units/OU=Users/CN=amalhotr/CN=884837/CN=Aryan Malhotra', 'cms', 'None', 'None', 'ScoutingData_Redone_v5-00000000000000000000000000000000', 'F', 'T3_CH_CERNBOX', 'https://cmsweb.cern.ch/dbs/prod/global/DBSReader', 'https://cmsweb.cern.ch/dbs/prod/phys03/DBSWriter', 'F', '[]', "['ScoutingTree_Output.root']", '[]', 'Analysis', 'pythia', 'None', '{}', 'T', 'crab-prod-tw01', '[]', '2750', '1', '3000', '10', 'None', "['Task requests 3000 MB of memory, but only 2500 are guaranteed to be available. Jobs may not find a site where to run and stay idle forever.']", 'http://vocms0155.cern.ch/mon/amalhotr/251104_174814:amalhotr_crab_ScoutingData_Redone_v5', 'None', '[]', '[]', 'cmsgwms-collector-global.cern.ch:9620,cmsgwms-collector-global.fnal.gov:9620', 'crab3@vocms0155.cern.ch', 'F', '[]', 'T', '/store/user/amalhotr/', 'F', 'None', 'F', 'None', 'ScoutingPFRun3', 'None', 'b70c40e8b489d0c5ca1c5f92ff946d48d4727034d109395e3dd2bba68bf253f6.tar.gz', '137313877', 'F', '188.184.75.82', '0.0', 'None', '{"partialdataset": false, "requireaccelerator": false, "acceleratorparams": null, "inputblocks": null}', 'None', 'None', 'None', 'None', 'any', 'RUNNING', '461', 'T']}
INFO 2025-11-04 18:55:41.290 UTC: 	 CRAB project directory:		/afs/cern.ch/user/a/amalhotr/CMSSW_14_0_18_patch1/src/Run3ScoutingAnalysisTools/crab_ScoutingData_Redone_v5
INFO 2025-11-04 18:55:41.291 UTC: 	 Task name:			251104_174814:amalhotr_crab_ScoutingData_Redone_v5
INFO 2025-11-04 18:55:41.291 UTC: 	 Grid scheduler - Task Worker:	crab3@vocms0155.cern.ch - crab-prod-tw01
INFO 2025-11-04 18:55:41.291 UTC: 	 Status on the CRAB server:	SUBMITTED
INFO 2025-11-04 18:55:41.291 UTC: 	 Task URL to use for HELP:	https://cmsweb.cern.ch/crabserver/ui/task/251104_174814%3Aamalhotr_crab_ScoutingData_Redone_v5
INFO 2025-11-04 18:55:41.300 UTC: 	 Dashboard monitoring URL:	https://monit-grafana.cern.ch/d/cmsTMDetail/cms-task-monitoring-task-view?orgId=11&var-user=amalhotr&var-task=251104_174814%3Aamalhotr_crab_ScoutingData_Redone_v5&from=1762274894000&to=now
WARNING 2025-11-04 18:55:41.300 UTC: 	 Warning:			Task requests 3000 MB of memory, but only 2500 are guaranteed to be available. Jobs may not find a site where to run and stay idle forever.
DEBUG 2025-11-04 18:55:41.300 UTC: 	 The CRAB server submitted your task to the Grid scheduler (cluster ID: 137313877)
DEBUG 2025-11-04 18:55:41.300 UTC: 	 Webdir is located at http://vocms0155.cern.ch/mon/amalhotr/251104_174814:amalhotr_crab_ScoutingData_Redone_v5
DEBUG 2025-11-04 18:55:41.300 UTC: 	 Encoded data for curl request: subresource=webdirprx&workflow=251104_174814%3Aamalhotr_crab_ScoutingData_Redone_v5
DEBUG 2025-11-04 18:55:41.564 UTC: 	 Proxied webdir is located at https://cmsweb.cern.ch/scheddmon/0155/amalhotr/251104_174814:amalhotr_crab_ScoutingData_Redone_v5
DEBUG 2025-11-04 18:55:41.565 UTC: 	 Retrieving 'status_cache' file from https://cmsweb.cern.ch/scheddmon/0155/amalhotr/251104_174814:amalhotr_crab_ScoutingData_Redone_v5/status_cache.pkl
DEBUG 2025-11-04 18:55:41.565 UTC: 	 Will execute:
curl -sS --capath /etc/grid-security/certificates --cert /tmp/x509up_u180451 --key /tmp/x509up_u180451 -o /tmp/crab_status-cache-hrtxyexh.pkl -w %"{http_code}" "https://cmsweb.cern.ch/scheddmon/0155/amalhotr/251104_174814:amalhotr_crab_ScoutingData_Redone_v5/status_cache.pkl"
DEBUG 2025-11-04 18:55:41.565 UTC: 	 Executing command :
 curl -sS --capath /etc/grid-security/certificates --cert /tmp/x509up_u180451 --key /tmp/x509up_u180451 -o /tmp/crab_status-cache-hrtxyexh.pkl -w %"{http_code}" "https://cmsweb.cern.ch/scheddmon/0155/amalhotr/251104_174814:amalhotr_crab_ScoutingData_Redone_v5/status_cache.pkl"
DEBUG 2025-11-04 18:55:41.614 UTC: 	 output : 200
 error: 
 retcode : 0
DEBUG 2025-11-04 18:55:41.615 UTC: 	 exitcode: 0
stdout: 200
stderr: 
error details: 
DEBUG 2025-11-04 18:55:41.619 UTC: 	 Got information from status cache file: {'3': {'Retries': 0, 'Restarts': 0, 'SiteHistory': ['Unknown', 'T2_US_Wisconsin', 'T2_US_Wisconsin'], 'ResidentSetSize': [1636360], 'SubmitTimes': [1762278660.0], 'StartTimes': [1762281395.0], 'EndTimes': [], 'TotalUserCpuTimeHistory': [486.0], 'TotalSysCpuTimeHistory': [12.0], 'WallDurations': [8.0, 32.77791476249695, 608.0], 'JobIds': ['137313882.0'], 'State': 'running', 'RecordedSite': True}, '2': {'Retries': 0, 'Restarts': 0, 'SiteHistory': ['Unknown', 'T2_US_Wisconsin', 'T2_US_Wisconsin'], 'ResidentSetSize': [1658624], 'SubmitTimes': [1762278660.0], 'StartTimes': [1762281648.0], 'EndTimes': [], 'TotalUserCpuTimeHistory': [407.0], 'TotalSysCpuTimeHistory': [11.0], 'WallDurations': [9.0, 79.96981430053711, 610.0], 'JobIds': ['137313883.0'], 'State': 'running', 'RecordedSite': True}, '10': {'Retries': 0, 'Restarts': 0, 'SiteHistory': ['Unknown'], 'ResidentSetSize': [0], 'SubmitTimes': [1762278660.0], 'StartTimes': [], 'EndTimes': [], 'TotalUserCpuTimeHistory': [0.0], 'TotalSysCpuTimeHistory': [0.0], 'WallDurations': [0], 'JobIds': ['137313884.0'], 'State': 'idle', 'RecordedSite': False}, '14': {'Retries': 0, 'Restarts': 0, 'SiteHistory': ['Unknown'], 'ResidentSetSize': [0], 'SubmitTimes': [1762278660.0], 'StartTimes': [], 'EndTimes': [], 'TotalUserCpuTimeHistory': [0.0], 'TotalSysCpuTimeHistory': [0.0], 'WallDurations': [0], 'JobIds': ['137313885.0'], 'State': 'idle', 'RecordedSite': False}, '4': {'Retries': 0, 'Restarts': 0, 'SiteHistory': ['Unknown'], 'ResidentSetSize': [0], 'SubmitTimes': [1762278660.0], 'StartTimes': [], 'EndTimes': [], 'TotalUserCpuTimeHistory': [0.0], 'TotalSysCpuTimeHistory': [0.0], 'WallDurations': [0], 'JobIds': ['137313886.0'], 'State': 'idle', 'RecordedSite': False}, '19': {'Retries': 0, 'Restarts': 0, 'SiteHistory': ['Unknown'], 'ResidentSetSize': [0], 'SubmitTimes': [1762278660.0], 'StartTimes': [], 'EndTimes': [], 'TotalUserCpuTimeHistory': [0.0], 'TotalSysCpuTimeHistory': [0.0], 'WallDurations': [0], 'JobIds': ['137313887.0'], 'State': 'idle', 'RecordedSite': False}, '20': {'Retries': 0, 'Restarts': 0, 'SiteHistory': ['Unknown'], 'ResidentSetSize': [0], 'SubmitTimes': [1762278661.0], 'StartTimes': [], 'EndTimes': [], 'TotalUserCpuTimeHistory': [0.0], 'TotalSysCpuTimeHistory': [0.0], 'WallDurations': [0], 'JobIds': ['137313888.0'], 'State': 'idle', 'RecordedSite': False}, '15': {'Retries': 0, 'Restarts': 0, 'SiteHistory': ['Unknown'], 'ResidentSetSize': [0], 'SubmitTimes': [1762278661.0], 'StartTimes': [], 'EndTimes': [], 'TotalUserCpuTimeHistory': [0.0], 'TotalSysCpuTimeHistory': [0.0], 'WallDurations': [0], 'JobIds': ['137313889.0'], 'State': 'idle', 'RecordedSite': False}, '11': {'Retries': 0, 'Restarts': 0, 'SiteHistory': ['Unknown'], 'ResidentSetSize': [0], 'SubmitTimes': [1762278661.0], 'StartTimes': [], 'EndTimes': [], 'TotalUserCpuTimeHistory': [0.0], 'TotalSysCpuTimeHistory': [0.0], 'WallDurations': [0], 'JobIds': ['137313890.0'], 'State': 'idle', 'RecordedSite': False}, '5': {'Retries': 0, 'Restarts': 0, 'SiteHistory': ['Unknown'], 'ResidentSetSize': [0], 'SubmitTimes': [1762278661.0], 'StartTimes': [], 'EndTimes': [], 'TotalUserCpuTimeHistory': [0.0], 'TotalSysCpuTimeHistory': [0.0], 'WallDurations': [0], 'JobIds': ['137313891.0'], 'State': 'idle', 'RecordedSite': False}, '9': {'Retries': 0, 'Restarts': 0, 'SiteHistory': ['Unknown'], 'ResidentSetSize': [0], 'SubmitTimes': [1762278661.0], 'StartTimes': [], 'EndTimes': [], 'TotalUserCpuTimeHistory': [0.0], 'TotalSysCpuTimeHistory': [0.0], 'WallDurations': [0], 'JobIds': ['137313892.0'], 'State': 'idle', 'RecordedSite': False}, '16': {'Retries': 0, 'Restarts': 0, 'SiteHistory': ['Unknown'], 'ResidentSetSize': [0], 'SubmitTimes': [1762278661.0], 'StartTimes': [], 'EndTimes': [], 'TotalUserCpuTimeHistory': [0.0], 'TotalSysCpuTimeHistory': [0.0], 'WallDurations': [0], 'JobIds': ['137313893.0'], 'State': 'idle', 'RecordedSite': False}, '7': {'Retries': 0, 'Restarts': 0, 'SiteHistory': ['Unknown'], 'ResidentSetSize': [0], 'SubmitTimes': [1762278661.0], 'StartTimes': [], 'EndTimes': [], 'TotalUserCpuTimeHistory': [0.0], 'TotalSysCpuTimeHistory': [0.0], 'WallDurations': [0], 'JobIds': ['137313894.0'], 'State': 'idle', 'RecordedSite': False}, '6': {'Retries': 0, 'Restarts': 0, 'SiteHistory': ['Unknown'], 'ResidentSetSize': [0], 'SubmitTimes': [1762278666.0], 'StartTimes': [], 'EndTimes': [], 'TotalUserCpuTimeHistory': [0.0], 'TotalSysCpuTimeHistory': [0.0], 'WallDurations': [0], 'JobIds': ['137313895.0'], 'State': 'idle', 'RecordedSite': False}, '1': {'Retries': 0, 'Restarts': 0, 'SiteHistory': ['Unknown'], 'ResidentSetSize': [0], 'SubmitTimes': [1762278666.0], 'StartTimes': [], 'EndTimes': [], 'TotalUserCpuTimeHistory': [0.0], 'TotalSysCpuTimeHistory': [0.0], 'WallDurations': [0], 'JobIds': ['137313896.0'], 'State': 'idle', 'RecordedSite': False}, '8': {'Retries': 0, 'Restarts': 0, 'SiteHistory': ['Unknown'], 'ResidentSetSize': [0], 'SubmitTimes': [1762278666.0], 'StartTimes': [], 'EndTimes': [], 'TotalUserCpuTimeHistory': [0.0], 'TotalSysCpuTimeHistory': [0.0], 'WallDurations': [0], 'JobIds': ['137313897.0'], 'State': 'idle', 'RecordedSite': False}, '12': {'Retries': 0, 'Restarts': 0, 'SiteHistory': ['Unknown'], 'ResidentSetSize': [0], 'SubmitTimes': [1762278666.0], 'StartTimes': [], 'EndTimes': [], 'TotalUserCpuTimeHistory': [0.0], 'TotalSysCpuTimeHistory': [0.0], 'WallDurations': [0], 'JobIds': ['137313898.0'], 'State': 'idle', 'RecordedSite': False}, '13': {'Retries': 0, 'Restarts': 0, 'SiteHistory': ['Unknown'], 'ResidentSetSize': [0], 'SubmitTimes': [1762278666.0], 'StartTimes': [], 'EndTimes': [], 'TotalUserCpuTimeHistory': [0.0], 'TotalSysCpuTimeHistory': [0.0], 'WallDurations': [0], 'JobIds': ['137313899.0'], 'State': 'idle', 'RecordedSite': False}, '17': {'Retries': 0, 'Restarts': 0, 'SiteHistory': ['Unknown'], 'ResidentSetSize': [0], 'SubmitTimes': [1762278666.0], 'StartTimes': [], 'EndTimes': [], 'TotalUserCpuTimeHistory': [0.0], 'TotalSysCpuTimeHistory': [0.0], 'WallDurations': [0], 'JobIds': ['137313900.0'], 'State': 'idle', 'RecordedSite': False}, '18': {'Retries': 0, 'Restarts': 0, 'SiteHistory': ['Unknown'], 'ResidentSetSize': [0], 'SubmitTimes': [1762278666.0], 'StartTimes': [], 'EndTimes': [], 'TotalUserCpuTimeHistory': [0.0], 'TotalSysCpuTimeHistory': [0.0], 'WallDurations': [0], 'JobIds': ['137313901.0'], 'State': 'idle', 'RecordedSite': False}, '21': {'Retries': 0, 'Restarts': 0, 'SiteHistory': ['Unknown'], 'ResidentSetSize': [0], 'SubmitTimes': [1762278666.0], 'StartTimes': [], 'EndTimes': [], 'TotalUserCpuTimeHistory': [0.0], 'TotalSysCpuTimeHistory': [0.0], 'WallDurations': [0], 'JobIds': ['137313902.0'], 'State': 'idle', 'RecordedSite': False}, '22': {'Retries': 0, 'Restarts': 0, 'SiteHistory': ['Unknown'], 'ResidentSetSize': [0], 'SubmitTimes': [1762278666.0], 'StartTimes': [], 'EndTimes': [], 'TotalUserCpuTimeHistory': [0.0], 'TotalSysCpuTimeHistory': [0.0], 'WallDurations': [0], 'JobIds': ['137313903.0'], 'State': 'idle', 'RecordedSite': False}, '23': {'Retries': 0, 'Restarts': 0, 'SiteHistory': ['Unknown'], 'ResidentSetSize': [0], 'SubmitTimes': [1762278666.0], 'StartTimes': [], 'EndTimes': [], 'TotalUserCpuTimeHistory': [0.0], 'TotalSysCpuTimeHistory': [0.0], 'WallDurations': [0], 'JobIds': ['137313904.0'], 'State': 'idle', 'RecordedSite': False}, '24': {'Retries': 0, 'Restarts': 0, 'SiteHistory': ['Unknown'], 'ResidentSetSize': [0], 'SubmitTimes': [1762278666.0], 'StartTimes': [], 'EndTimes': [], 'TotalUserCpuTimeHistory': [0.0], 'TotalSysCpuTimeHistory': [0.0], 'WallDurations': [0], 'JobIds': ['137313905.0'], 'State': 'idle', 'RecordedSite': False}, '25': {'Retries': 0, 'Restarts': 0, 'SiteHistory': ['Unknown'], 'ResidentSetSize': [0], 'SubmitTimes': [1762278666.0], 'StartTimes': [], 'EndTimes': [], 'TotalUserCpuTimeHistory': [0.0], 'TotalSysCpuTimeHistory': [0.0], 'WallDurations': [0], 'JobIds': ['137313906.0'], 'State': 'idle', 'RecordedSite': False}, '26': {'Retries': 0, 'Restarts': 0, 'SiteHistory': ['Unknown'], 'ResidentSetSize': [0], 'SubmitTimes': [1762278666.0], 'StartTimes': [], 'EndTimes': [], 'TotalUserCpuTimeHistory': [0.0], 'TotalSysCpuTimeHistory': [0.0], 'WallDurations': [0], 'JobIds': ['137313907.0'], 'State': 'idle', 'RecordedSite': False}, '27': {'Retries': 0, 'Restarts': 0, 'SiteHistory': ['Unknown'], 'ResidentSetSize': [0], 'SubmitTimes': [1762278666.0], 'StartTimes': [], 'EndTimes': [], 'TotalUserCpuTimeHistory': [0.0], 'TotalSysCpuTimeHistory': [0.0], 'WallDurations': [0], 'JobIds': ['137313908.0'], 'State': 'idle', 'RecordedSite': False}, '28': {'Retries': 0, 'Restarts': 0, 'SiteHistory': ['Unknown'], 'ResidentSetSize': [0], 'SubmitTimes': [1762278666.0], 'StartTimes': [], 'EndTimes': [], 'TotalUserCpuTimeHistory': [0.0], 'TotalSysCpuTimeHistory': [0.0], 'WallDurations': [0], 'JobIds': ['137313909.0'], 'State': 'idle', 'RecordedSite': False}, '29': {'Retries': 0, 'Restarts': 0, 'SiteHistory': ['Unknown'], 'ResidentSetSize': [0], 'SubmitTimes': [1762278666.0], 'StartTimes': [], 'EndTimes': [], 'TotalUserCpuTimeHistory': [0.0], 'TotalSysCpuTimeHistory': [0.0], 'WallDurations': [0], 'JobIds': ['137313910.0'], 'State': 'idle', 'RecordedSite': False}, '30': {'Retries': 0, 'Restarts': 0, 'SiteHistory': ['Unknown'], 'ResidentSetSize': [0], 'SubmitTimes': [1762278666.0], 'StartTimes': [], 'EndTimes': [], 'TotalUserCpuTimeHistory': [0.0], 'TotalSysCpuTimeHistory': [0.0], 'WallDurations': [0], 'JobIds': ['137313911.0'], 'State': 'idle', 'RecordedSite': False}, '31': {'Retries': 0, 'Restarts': 0, 'SiteHistory': ['Unknown'], 'ResidentSetSize': [0], 'SubmitTimes': [1762278666.0], 'StartTimes': [], 'EndTimes': [], 'TotalUserCpuTimeHistory': [0.0], 'TotalSysCpuTimeHistory': [0.0], 'WallDurations': [0], 'JobIds': ['137313912.0'], 'State': 'idle', 'RecordedSite': False}, '32': {'Retries': 0, 'Restarts': 0, 'SiteHistory': ['Unknown'], 'ResidentSetSize': [0], 'SubmitTimes': [1762278666.0], 'StartTimes': [], 'EndTimes': [], 'TotalUserCpuTimeHistory': [0.0], 'TotalSysCpuTimeHistory': [0.0], 'WallDurations': [0], 'JobIds': ['137313913.0'], 'State': 'idle', 'RecordedSite': False}, '33': {'Retries': 0, 'Restarts': 0, 'SiteHistory': ['Unknown'], 'ResidentSetSize': [0], 'SubmitTimes': [1762278666.0], 'StartTimes': [], 'EndTimes': [], 'TotalUserCpuTimeHistory': [0.0], 'TotalSysCpuTimeHistory': [0.0], 'WallDurations': [0], 'JobIds': ['137313914.0'], 'State': 'idle', 'RecordedSite': False}, '38': {'Retries': 0, 'Restarts': 0, 'SiteHistory': ['Unknown'], 'ResidentSetSize': [0], 'SubmitTimes': [1762278666.0], 'StartTimes': [], 'EndTimes': [], 'TotalUserCpuTimeHistory': [0.0], 'TotalSysCpuTimeHistory': [0.0], 'WallDurations': [0], 'JobIds': ['137313915.0'], 'State': 'idle', 'RecordedSite': False}, '40': {'Retries': 0, 'Restarts': 0, 'SiteHistory': ['Unknown'], 'ResidentSetSize': [0], 'SubmitTimes': [1762278666.0], 'StartTimes': [], 'EndTimes': [], 'TotalUserCpuTimeHistory': [0.0], 'TotalSysCpuTimeHistory': [0.0], 'WallDurations': [0], 'JobIds': ['137313916.0'], 'State': 'idle', 'RecordedSite': False}, '52': {'Retries': 0, 'Restarts': 0, 'SiteHistory': ['Unknown'], 'ResidentSetSize': [0], 'SubmitTimes': [1762278666.0], 'StartTimes': [], 'EndTimes': [], 'TotalUserCpuTimeHistory': [0.0], 'TotalSysCpuTimeHistory': [0.0], 'WallDurations': [0], 'JobIds': ['137313917.0'], 'State': 'idle', 'RecordedSite': False}, '36': {'Retries': 0, 'Restarts': 0, 'SiteHistory': ['Unknown'], 'ResidentSetSize': [0], 'SubmitTimes': [1762278666.0], 'StartTimes': [], 'EndTimes': [], 'TotalUserCpuTimeHistory': [0.0], 'TotalSysCpuTimeHistory': [0.0], 'WallDurations': [0], 'JobIds': ['137313918.0'], 'State': 'idle', 'RecordedSite': False}, '54': {'Retries': 0, 'Restarts': 0, 'SiteHistory': ['Unknown'], 'ResidentSetSize': [0], 'SubmitTimes': [1762278666.0], 'StartTimes': [], 'EndTimes': [], 'TotalUserCpuTimeHistory': [0.0], 'TotalSysCpuTimeHistory': [0.0], 'WallDurations': [0], 'JobIds': ['137313919.0'], 'State': 'idle', 'RecordedSite': False}, '41': {'Retries': 0, 'Restarts': 0, 'SiteHistory': ['Unknown'], 'ResidentSetSize': [0], 'SubmitTimes': [1762278666.0], 'StartTimes': [], 'EndTimes': [], 'TotalUserCpuTimeHistory': [0.0], 'TotalSysCpuTimeHistory': [0.0], 'WallDurations': [0], 'JobIds': ['137313920.0'], 'State': 'idle', 'RecordedSite': False}, '50': {'Retries': 0, 'Restarts': 0, 'SiteHistory': ['Unknown'], 'ResidentSetSize': [0], 'SubmitTimes': [1762278666.0], 'StartTimes': [], 'EndTimes': [], 'TotalUserCpuTimeHistory': [0.0], 'TotalSysCpuTimeHistory': [0.0], 'WallDurations': [0], 'JobIds': ['137313921.0'], 'State': 'idle', 'RecordedSite': False}, '42': {'Retries': 0, 'Restarts': 0, 'SiteHistory': ['Unknown'], 'ResidentSetSize': [0], 'SubmitTimes': [1762278666.0], 'StartTimes': [], 'EndTimes': [], 'TotalUserCpuTimeHistory': [0.0], 'TotalSysCpuTimeHistory': [0.0], 'WallDurations': [0], 'JobIds': ['137313922.0'], 'State': 'idle', 'RecordedSite': False}, '49': {'Retries': 0, 'Restarts': 0, 'SiteHistory': ['Unknown'], 'ResidentSetSize': [0], 'SubmitTimes': [1762278666.0], 'StartTimes': [], 'EndTimes': [], 'TotalUserCpuTimeHistory': [0.0], 'TotalSysCpuTimeHistory': [0.0], 'WallDurations': [0], 'JobIds': ['137313923.0'], 'State': 'idle', 'RecordedSite': False}, '35': {'Retries': 0, 'Restarts': 0, 'SiteHistory': ['Unknown'], 'ResidentSetSize': [0], 'SubmitTimes': [1762278666.0], 'StartTimes': [], 'EndTimes': [], 'TotalUserCpuTimeHistory': [0.0], 'TotalSysCpuTimeHistory': [0.0], 'WallDurations': [0], 'JobIds': ['137313924.0'], 'State': 'idle', 'RecordedSite': False}, '37': {'Retries': 0, 'Restarts': 0, 'SiteHistory': ['Unknown'], 'ResidentSetSize': [0], 'SubmitTimes': [1762278666.0], 'StartTimes': [], 'EndTimes': [], 'TotalUserCpuTimeHistory': [0.0], 'TotalSysCpuTimeHistory': [0.0], 'WallDurations': [0], 'JobIds': ['137313925.0'], 'State': 'idle', 'RecordedSite': False}, '45': {'Retries': 0, 'Restarts': 0, 'SiteHistory': ['Unknown'], 'ResidentSetSize': [0], 'SubmitTimes': [1762278667.0], 'StartTimes': [], 'EndTimes': [], 'TotalUserCpuTimeHistory': [0.0], 'TotalSysCpuTimeHistory': [0.0], 'WallDurations': [0], 'JobIds': ['137313926.0'], 'State': 'idle', 'RecordedSite': False}, '39': {'Retries': 0, 'Restarts': 0, 'SiteHistory': ['Unknown'], 'ResidentSetSize': [0], 'SubmitTimes': [1762278667.0], 'StartTimes': [], 'EndTimes': [], 'TotalUserCpuTimeHistory': [0.0], 'TotalSysCpuTimeHistory': [0.0], 'WallDurations': [0], 'JobIds': ['137313927.0'], 'State': 'idle', 'RecordedSite': False}, '48': {'Retries': 0, 'Restarts': 0, 'SiteHistory': ['Unknown'], 'ResidentSetSize': [0], 'SubmitTimes': [1762278667.0], 'StartTimes': [], 'EndTimes': [], 'TotalUserCpuTimeHistory': [0.0], 'TotalSysCpuTimeHistory': [0.0], 'WallDurations': [0], 'JobIds': ['137313928.0'], 'State': 'idle', 'RecordedSite': False}, '44': {'Retries': 0, 'Restarts': 0, 'SiteHistory': ['Unknown'], 'ResidentSetSize': [0], 'SubmitTimes': [1762278667.0], 'StartTimes': [], 'EndTimes': [], 'TotalUserCpuTimeHistory': [0.0], 'TotalSysCpuTimeHistory': [0.0], 'WallDurations': [0], 'JobIds': ['137313929.0'], 'State': 'idle', 'RecordedSite': False}, '46': {'Retries': 0, 'Restarts': 0, 'SiteHistory': ['Unknown'], 'ResidentSetSize': [0], 'SubmitTimes': [1762278667.0], 'StartTimes': [], 'EndTimes': [], 'TotalUserCpuTimeHistory': [0.0], 'TotalSysCpuTimeHistory': [0.0], 'WallDurations': [0], 'JobIds': ['137313930.0'], 'State': 'idle', 'RecordedSite': False}, '51': {'Retries': 0, 'Restarts': 0, 'SiteHistory': ['Unknown'], 'ResidentSetSize': [0], 'SubmitTimes': [1762278667.0], 'StartTimes': [], 'EndTimes': [], 'TotalUserCpuTimeHistory': [0.0], 'TotalSysCpuTimeHistory': [0.0], 'WallDurations': [0], 'JobIds': ['137313931.0'], 'State': 'idle', 'RecordedSite': False}, '47': {'Retries': 0, 'Restarts': 0, 'SiteHistory': ['Unknown'], 'ResidentSetSize': [0], 'SubmitTimes': [1762278667.0], 'StartTimes': [], 'EndTimes': [], 'TotalUserCpuTimeHistory': [0.0], 'TotalSysCpuTimeHistory': [0.0], 'WallDurations': [0], 'JobIds': ['137313932.0'], 'State': 'idle', 'RecordedSite': False}, '43': {'Retries': 0, 'Restarts': 0, 'SiteHistory': ['Unknown'], 'ResidentSetSize': [0], 'SubmitTimes': [1762278667.0], 'StartTimes': [], 'EndTimes': [], 'TotalUserCpuTimeHistory': [0.0], 'TotalSysCpuTimeHistory': [0.0], 'WallDurations': [0], 'JobIds': ['137313933.0'], 'State': 'idle', 'RecordedSite': False}, '53': {'Retries': 0, 'Restarts': 0, 'SiteHistory': ['Unknown'], 'ResidentSetSize': [0], 'SubmitTimes': [1762278667.0], 'StartTimes': [], 'EndTimes': [], 'TotalUserCpuTimeHistory': [0.0], 'TotalSysCpuTimeHistory': [0.0], 'WallDurations': [0], 'JobIds': ['137313934.0'], 'State': 'idle', 'RecordedSite': False}, '55': {'Retries': 0, 'Restarts': 0, 'SiteHistory': ['Unknown'], 'ResidentSetSize': [0], 'SubmitTimes': [1762278667.0], 'StartTimes': [], 'EndTimes': [], 'TotalUserCpuTimeHistory': [0.0], 'TotalSysCpuTimeHistory': [0.0], 'WallDurations': [0], 'JobIds': ['137313935.0'], 'State': 'idle', 'RecordedSite': False}, '56': {'Retries': 0, 'Restarts': 0, 'SiteHistory': ['Unknown'], 'ResidentSetSize': [0], 'SubmitTimes': [1762278667.0], 'StartTimes': [], 'EndTimes': [], 'TotalUserCpuTimeHistory': [0.0], 'TotalSysCpuTimeHistory': [0.0], 'WallDurations': [0], 'JobIds': ['137313936.0'], 'State': 'idle', 'RecordedSite': False}, '57': {'Retries': 0, 'Restarts': 0, 'SiteHistory': ['Unknown'], 'ResidentSetSize': [0], 'SubmitTimes': [1762278667.0], 'StartTimes': [], 'EndTimes': [], 'TotalUserCpuTimeHistory': [0.0], 'TotalSysCpuTimeHistory': [0.0], 'WallDurations': [0], 'JobIds': ['137313937.0'], 'State': 'idle', 'RecordedSite': False}, '64': {'Retries': 0, 'Restarts': 0, 'SiteHistory': ['Unknown'], 'ResidentSetSize': [0], 'SubmitTimes': [1762278667.0], 'StartTimes': [], 'EndTimes': [], 'TotalUserCpuTimeHistory': [0.0], 'TotalSysCpuTimeHistory': [0.0], 'WallDurations': [0], 'JobIds': ['137313938.0'], 'State': 'idle', 'RecordedSite': False}, '63': {'Retries': 0, 'Restarts': 0, 'SiteHistory': ['Unknown'], 'ResidentSetSize': [0], 'SubmitTimes': [1762278667.0], 'StartTimes': [], 'EndTimes': [], 'TotalUserCpuTimeHistory': [0.0], 'TotalSysCpuTimeHistory': [0.0], 'WallDurations': [0], 'JobIds': ['137313939.0'], 'State': 'idle', 'RecordedSite': False}, '59': {'Retries': 0, 'Restarts': 0, 'SiteHistory': ['Unknown'], 'ResidentSetSize': [0], 'SubmitTimes': [1762278667.0], 'StartTimes': [], 'EndTimes': [], 'TotalUserCpuTimeHistory': [0.0], 'TotalSysCpuTimeHistory': [0.0], 'WallDurations': [0], 'JobIds': ['137313940.0'], 'State': 'idle', 'RecordedSite': False}, '70': {'Retries': 0, 'Restarts': 0, 'SiteHistory': ['Unknown'], 'ResidentSetSize': [0], 'SubmitTimes': [1762278667.0], 'StartTimes': [], 'EndTimes': [], 'TotalUserCpuTimeHistory': [0.0], 'TotalSysCpuTimeHistory': [0.0], 'WallDurations': [0], 'JobIds': ['137313941.0'], 'State': 'idle', 'RecordedSite': False}, '60': {'Retries': 0, 'Restarts': 0, 'SiteHistory': ['Unknown'], 'ResidentSetSize': [0], 'SubmitTimes': [1762278667.0], 'StartTimes': [], 'EndTimes': [], 'TotalUserCpuTimeHistory': [0.0], 'TotalSysCpuTimeHistory': [0.0], 'WallDurations': [0], 'JobIds': ['137313942.0'], 'State': 'idle', 'RecordedSite': False}, '67': {'Retries': 0, 'Restarts': 0, 'SiteHistory': ['Unknown'], 'ResidentSetSize': [0], 'SubmitTimes': [1762278667.0], 'StartTimes': [], 'EndTimes': [], 'TotalUserCpuTimeHistory': [0.0], 'TotalSysCpuTimeHistory': [0.0], 'WallDurations': [0], 'JobIds': ['137313943.0'], 'State': 'idle', 'RecordedSite': False}, '58': {'Retries': 0, 'Restarts': 0, 'SiteHistory': ['Unknown'], 'ResidentSetSize': [0], 'SubmitTimes': [1762278667.0], 'StartTimes': [], 'EndTimes': [], 'TotalUserCpuTimeHistory': [0.0], 'TotalSysCpuTimeHistory': [0.0], 'WallDurations': [0], 'JobIds': ['137313944.0'], 'State': 'idle', 'RecordedSite': False}, '62': {'Retries': 0, 'Restarts': 0, 'SiteHistory': ['Unknown'], 'ResidentSetSize': [0], 'SubmitTimes': [1762278667.0], 'StartTimes': [], 'EndTimes': [], 'TotalUserCpuTimeHistory': [0.0], 'TotalSysCpuTimeHistory': [0.0], 'WallDurations': [0], 'JobIds': ['137313945.0'], 'State': 'idle', 'RecordedSite': False}, '69': {'Retries': 0, 'Restarts': 0, 'SiteHistory': ['Unknown'], 'ResidentSetSize': [0], 'SubmitTimes': [1762278667.0], 'StartTimes': [], 'EndTimes': [], 'TotalUserCpuTimeHistory': [0.0], 'TotalSysCpuTimeHistory': [0.0], 'WallDurations': [0], 'JobIds': ['137313946.0'], 'State': 'idle', 'RecordedSite': False}, '61': {'Retries': 0, 'Restarts': 0, 'SiteHistory': ['Unknown'], 'ResidentSetSize': [0], 'SubmitTimes': [1762278667.0], 'StartTimes': [], 'EndTimes': [], 'TotalUserCpuTimeHistory': [0.0], 'TotalSysCpuTimeHistory': [0.0], 'WallDurations': [0], 'JobIds': ['137313947.0'], 'State': 'idle', 'RecordedSite': False}, '65': {'Retries': 0, 'Restarts': 0, 'SiteHistory': ['Unknown'], 'ResidentSetSize': [0], 'SubmitTimes': [1762278667.0], 'StartTimes': [], 'EndTimes': [], 'TotalUserCpuTimeHistory': [0.0], 'TotalSysCpuTimeHistory': [0.0], 'WallDurations': [0], 'JobIds': ['137313948.0'], 'State': 'idle', 'RecordedSite': False}, '66': {'Retries': 0, 'Restarts': 0, 'SiteHistory': ['Unknown'], 'ResidentSetSize': [0], 'SubmitTimes': [1762278667.0], 'StartTimes': [], 'EndTimes': [], 'TotalUserCpuTimeHistory': [0.0], 'TotalSysCpuTimeHistory': [0.0], 'WallDurations': [0], 'JobIds': ['137313949.0'], 'State': 'idle', 'RecordedSite': False}, '68': {'Retries': 0, 'Restarts': 0, 'SiteHistory': ['Unknown'], 'ResidentSetSize': [0], 'SubmitTimes': [1762278667.0], 'StartTimes': [], 'EndTimes': [], 'TotalUserCpuTimeHistory': [0.0], 'TotalSysCpuTimeHistory': [0.0], 'WallDurations': [0], 'JobIds': ['137313950.0'], 'State': 'idle', 'RecordedSite': False}, '74': {'Retries': 0, 'Restarts': 0, 'SiteHistory': ['Unknown'], 'ResidentSetSize': [0], 'SubmitTimes': [1762278667.0], 'StartTimes': [], 'EndTimes': [], 'TotalUserCpuTimeHistory': [0.0], 'TotalSysCpuTimeHistory': [0.0], 'WallDurations': [0], 'JobIds': ['137313951.0'], 'State': 'idle', 'RecordedSite': False}, '71': {'Retries': 0, 'Restarts': 0, 'SiteHistory': ['Unknown'], 'ResidentSetSize': [0], 'SubmitTimes': [1762278667.0], 'StartTimes': [], 'EndTimes': [], 'TotalUserCpuTimeHistory': [0.0], 'TotalSysCpuTimeHistory': [0.0], 'WallDurations': [0], 'JobIds': ['137313952.0'], 'State': 'idle', 'RecordedSite': False}, '72': {'Retries': 0, 'Restarts': 0, 'SiteHistory': ['Unknown'], 'ResidentSetSize': [0], 'SubmitTimes': [1762278667.0], 'StartTimes': [], 'EndTimes': [], 'TotalUserCpuTimeHistory': [0.0], 'TotalSysCpuTimeHistory': [0.0], 'WallDurations': [0], 'JobIds': ['137313953.0'], 'State': 'idle', 'RecordedSite': False}, '73': {'Retries': 0, 'Restarts': 0, 'SiteHistory': ['Unknown'], 'ResidentSetSize': [0], 'SubmitTimes': [1762278667.0], 'StartTimes': [], 'EndTimes': [], 'TotalUserCpuTimeHistory': [0.0], 'TotalSysCpuTimeHistory': [0.0], 'WallDurations': [0], 'JobIds': ['137313954.0'], 'State': 'idle', 'RecordedSite': False}, '76': {'Retries': 0, 'Restarts': 0, 'SiteHistory': ['Unknown'], 'ResidentSetSize': [0], 'SubmitTimes': [1762278667.0], 'StartTimes': [], 'EndTimes': [], 'TotalUserCpuTimeHistory': [0.0], 'TotalSysCpuTimeHistory': [0.0], 'WallDurations': [0], 'JobIds': ['137313955.0'], 'State': 'idle', 'RecordedSite': False}, '77': {'Retries': 0, 'Restarts': 0, 'SiteHistory': ['Unknown'], 'ResidentSetSize': [0], 'SubmitTimes': [1762278667.0], 'StartTimes': [], 'EndTimes': [], 'TotalUserCpuTimeHistory': [0.0], 'TotalSysCpuTimeHistory': [0.0], 'WallDurations': [0], 'JobIds': ['137313956.0'], 'State': 'idle', 'RecordedSite': False}, '79': {'Retries': 0, 'Restarts': 0, 'SiteHistory': ['Unknown'], 'ResidentSetSize': [0], 'SubmitTimes': [1762278667.0], 'StartTimes': [], 'EndTimes': [], 'TotalUserCpuTimeHistory': [0.0], 'TotalSysCpuTimeHistory': [0.0], 'WallDurations': [0], 'JobIds': ['137313957.0'], 'State': 'idle', 'RecordedSite': False}, '86': {'Retries': 0, 'Restarts': 0, 'SiteHistory': ['Unknown'], 'ResidentSetSize': [0], 'SubmitTimes': [1762278667.0], 'StartTimes': [], 'EndTimes': [], 'TotalUserCpuTimeHistory': [0.0], 'TotalSysCpuTimeHistory': [0.0], 'WallDurations': [0], 'JobIds': ['137313958.0'], 'State': 'idle', 'RecordedSite': False}, '84': {'Retries': 0, 'Restarts': 0, 'SiteHistory': ['Unknown'], 'ResidentSetSize': [0], 'SubmitTimes': [1762278667.0], 'StartTimes': [], 'EndTimes': [], 'TotalUserCpuTimeHistory': [0.0], 'TotalSysCpuTimeHistory': [0.0], 'WallDurations': [0], 'JobIds': ['137313959.0'], 'State': 'idle', 'RecordedSite': False}, '78': {'Retries': 0, 'Restarts': 0, 'SiteHistory': ['Unknown'], 'ResidentSetSize': [0], 'SubmitTimes': [1762278667.0], 'StartTimes': [], 'EndTimes': [], 'TotalUserCpuTimeHistory': [0.0], 'TotalSysCpuTimeHistory': [0.0], 'WallDurations': [0], 'JobIds': ['137313960.0'], 'State': 'idle', 'RecordedSite': False}, '75': {'Retries': 0, 'Restarts': 0, 'SiteHistory': ['Unknown'], 'ResidentSetSize': [0], 'SubmitTimes': [1762278667.0], 'StartTimes': [], 'EndTimes': [], 'TotalUserCpuTimeHistory': [0.0], 'TotalSysCpuTimeHistory': [0.0], 'WallDurations': [0], 'JobIds': ['137313961.0'], 'State': 'idle', 'RecordedSite': False}, '81': {'Retries': 0, 'Restarts': 0, 'SiteHistory': ['Unknown'], 'ResidentSetSize': [0], 'SubmitTimes': [1762278667.0], 'StartTimes': [], 'EndTimes': [], 'TotalUserCpuTimeHistory': [0.0], 'TotalSysCpuTimeHistory': [0.0], 'WallDurations': [0], 'JobIds': ['137313962.0'], 'State': 'idle', 'RecordedSite': False}, '82': {'Retries': 0, 'Restarts': 0, 'SiteHistory': ['Unknown'], 'ResidentSetSize': [0], 'SubmitTimes': [1762278667.0], 'StartTimes': [], 'EndTimes': [], 'TotalUserCpuTimeHistory': [0.0], 'TotalSysCpuTimeHistory': [0.0], 'WallDurations': [0], 'JobIds': ['137313963.0'], 'State': 'idle', 'RecordedSite': False}, '83': {'Retries': 0, 'Restarts': 0, 'SiteHistory': ['Unknown'], 'ResidentSetSize': [0], 'SubmitTimes': [1762278667.0], 'StartTimes': [], 'EndTimes': [], 'TotalUserCpuTimeHistory': [0.0], 'TotalSysCpuTimeHistory': [0.0], 'WallDurations': [0], 'JobIds': ['137313964.0'], 'State': 'idle', 'RecordedSite': False}, '90': {'Retries': 0, 'Restarts': 0, 'SiteHistory': ['Unknown'], 'ResidentSetSize': [0], 'SubmitTimes': [1762278667.0], 'StartTimes': [], 'EndTimes': [], 'TotalUserCpuTimeHistory': [0.0], 'TotalSysCpuTimeHistory': [0.0], 'WallDurations': [0], 'JobIds': ['137313965.0'], 'State': 'idle', 'RecordedSite': False}, '93': {'Retries': 0, 'Restarts': 0, 'SiteHistory': ['Unknown'], 'ResidentSetSize': [0], 'SubmitTimes': [1762278667.0], 'StartTimes': [], 'EndTimes': [], 'TotalUserCpuTimeHistory': [0.0], 'TotalSysCpuTimeHistory': [0.0], 'WallDurations': [0], 'JobIds': ['137313966.0'], 'State': 'idle', 'RecordedSite': False}, '87': {'Retries': 0, 'Restarts': 0, 'SiteHistory': ['Unknown'], 'ResidentSetSize': [0], 'SubmitTimes': [1762278667.0], 'StartTimes': [], 'EndTimes': [], 'TotalUserCpuTimeHistory': [0.0], 'TotalSysCpuTimeHistory': [0.0], 'WallDurations': [0], 'JobIds': ['137313967.0'], 'State': 'idle', 'RecordedSite': False}, '88': {'Retries': 0, 'Restarts': 0, 'SiteHistory': ['Unknown'], 'ResidentSetSize': [0], 'SubmitTimes': [1762278667.0], 'StartTimes': [], 'EndTimes': [], 'TotalUserCpuTimeHistory': [0.0], 'TotalSysCpuTimeHistory': [0.0], 'WallDurations': [0], 'JobIds': ['137313968.0'], 'State': 'idle', 'RecordedSite': False}, '91': {'Retries': 0, 'Restarts': 0, 'SiteHistory': ['Unknown'], 'ResidentSetSize': [0], 'SubmitTimes': [1762278667.0], 'StartTimes': [], 'EndTimes': [], 'TotalUserCpuTimeHistory': [0.0], 'TotalSysCpuTimeHistory': [0.0], 'WallDurations': [0], 'JobIds': ['137313969.0'], 'State': 'idle', 'RecordedSite': False}, '80': {'Retries': 0, 'Restarts': 0, 'SiteHistory': ['Unknown'], 'ResidentSetSize': [0], 'SubmitTimes': [1762278667.0], 'StartTimes': [], 'EndTimes': [], 'TotalUserCpuTimeHistory': [0.0], 'TotalSysCpuTimeHistory': [0.0], 'WallDurations': [0], 'JobIds': ['137313970.0'], 'State': 'idle', 'RecordedSite': False}, '95': {'Retries': 0, 'Restarts': 0, 'SiteHistory': ['Unknown'], 'ResidentSetSize': [0], 'SubmitTimes': [1762278667.0], 'StartTimes': [], 'EndTimes': [], 'TotalUserCpuTimeHistory': [0.0], 'TotalSysCpuTimeHistory': [0.0], 'WallDurations': [0], 'JobIds': ['137313971.0'], 'State': 'idle', 'RecordedSite': False}, '89': {'Retries': 0, 'Restarts': 0, 'SiteHistory': ['Unknown'], 'ResidentSetSize': [0], 'SubmitTimes': [1762278667.0], 'StartTimes': [], 'EndTimes': [], 'TotalUserCpuTimeHistory': [0.0], 'TotalSysCpuTimeHistory': [0.0], 'WallDurations': [0], 'JobIds': ['137313972.0'], 'State': 'idle', 'RecordedSite': False}, '92': {'Retries': 0, 'Restarts': 0, 'SiteHistory': ['Unknown'], 'ResidentSetSize': [0], 'SubmitTimes': [1762278667.0], 'StartTimes': [], 'EndTimes': [], 'TotalUserCpuTimeHistory': [0.0], 'TotalSysCpuTimeHistory': [0.0], 'WallDurations': [0], 'JobIds': ['137313973.0'], 'State': 'idle', 'RecordedSite': False}, '85': {'Retries': 0, 'Restarts': 0, 'SiteHistory': ['Unknown'], 'ResidentSetSize': [0], 'SubmitTimes': [1762278667.0], 'StartTimes': [], 'EndTimes': [], 'TotalUserCpuTimeHistory': [0.0], 'TotalSysCpuTimeHistory': [0.0], 'WallDurations': [0], 'JobIds': ['137313974.0'], 'State': 'idle', 'RecordedSite': False}, '94': {'Retries': 0, 'Restarts': 0, 'SiteHistory': ['Unknown'], 'ResidentSetSize': [0], 'SubmitTimes': [1762278667.0], 'StartTimes': [], 'EndTimes': [], 'TotalUserCpuTimeHistory': [0.0], 'TotalSysCpuTimeHistory': [0.0], 'WallDurations': [0], 'JobIds': ['137313975.0'], 'State': 'idle', 'RecordedSite': False}, '97': {'Retries': 0, 'Restarts': 0, 'SiteHistory': ['Unknown'], 'ResidentSetSize': [0], 'SubmitTimes': [1762278667.0], 'StartTimes': [], 'EndTimes': [], 'TotalUserCpuTimeHistory': [0.0], 'TotalSysCpuTimeHistory': [0.0], 'WallDurations': [0], 'JobIds': ['137313976.0'], 'State': 'idle', 'RecordedSite': False}, '101': {'Retries': 0, 'Restarts': 0, 'SiteHistory': ['Unknown'], 'ResidentSetSize': [0], 'SubmitTimes': [1762278667.0], 'StartTimes': [], 'EndTimes': [], 'TotalUserCpuTimeHistory': [0.0], 'TotalSysCpuTimeHistory': [0.0], 'WallDurations': [0], 'JobIds': ['137313977.0'], 'State': 'idle', 'RecordedSite': False}, '99': {'Retries': 0, 'Restarts': 0, 'SiteHistory': ['Unknown'], 'ResidentSetSize': [0], 'SubmitTimes': [1762278667.0], 'StartTimes': [], 'EndTimes': [], 'TotalUserCpuTimeHistory': [0.0], 'TotalSysCpuTimeHistory': [0.0], 'WallDurations': [0], 'JobIds': ['137313978.0'], 'State': 'idle', 'RecordedSite': False}, '98': {'Retries': 0, 'Restarts': 0, 'SiteHistory': ['Unknown'], 'ResidentSetSize': [0], 'SubmitTimes': [1762278667.0], 'StartTimes': [], 'EndTimes': [], 'TotalUserCpuTimeHistory': [0.0], 'TotalSysCpuTimeHistory': [0.0], 'WallDurations': [0], 'JobIds': ['137313979.0'], 'State': 'idle', 'RecordedSite': False}, '107': {'Retries': 0, 'Restarts': 0, 'SiteHistory': ['Unknown'], 'ResidentSetSize': [0], 'SubmitTimes': [1762278667.0], 'StartTimes': [], 'EndTimes': [], 'TotalUserCpuTimeHistory': [0.0], 'TotalSysCpuTimeHistory': [0.0], 'WallDurations': [0], 'JobIds': ['137313980.0'], 'State': 'idle', 'RecordedSite': False}, '100': {'Retries': 0, 'Restarts': 0, 'SiteHistory': ['Unknown'], 'ResidentSetSize': [0], 'SubmitTimes': [1762278667.0], 'StartTimes': [], 'EndTimes': [], 'TotalUserCpuTimeHistory': [0.0], 'TotalSysCpuTimeHistory': [0.0], 'WallDurations': [0], 'JobIds': ['137313981.0'], 'State': 'idle', 'RecordedSite': False}, '96': {'Retries': 0, 'Restarts': 0, 'SiteHistory': ['Unknown'], 'ResidentSetSize': [0], 'SubmitTimes': [1762278667.0], 'StartTimes': [], 'EndTimes': [], 'TotalUserCpuTimeHistory': [0.0], 'TotalSysCpuTimeHistory': [0.0], 'WallDurations': [0], 'JobIds': ['137313982.0'], 'State': 'idle', 'RecordedSite': False}, '104': {'Retries': 0, 'Restarts': 0, 'SiteHistory': ['Unknown'], 'ResidentSetSize': [0], 'SubmitTimes': [1762278667.0], 'StartTimes': [], 'EndTimes': [], 'TotalUserCpuTimeHistory': [0.0], 'TotalSysCpuTimeHistory': [0.0], 'WallDurations': [0], 'JobIds': ['137313983.0'], 'State': 'idle', 'RecordedSite': False}, '108': {'Retries': 0, 'Restarts': 0, 'SiteHistory': ['Unknown'], 'ResidentSetSize': [0], 'SubmitTimes': [1762278667.0], 'StartTimes': [], 'EndTimes': [], 'TotalUserCpuTimeHistory': [0.0], 'TotalSysCpuTimeHistory': [0.0], 'WallDurations': [0], 'JobIds': ['137313984.0'], 'State': 'idle', 'RecordedSite': False}, '109': {'Retries': 0, 'Restarts': 0, 'SiteHistory': ['Unknown'], 'ResidentSetSize': [0], 'SubmitTimes': [1762278667.0], 'StartTimes': [], 'EndTimes': [], 'TotalUserCpuTimeHistory': [0.0], 'TotalSysCpuTimeHistory': [0.0], 'WallDurations': [0], 'JobIds': ['137313985.0'], 'State': 'idle', 'RecordedSite': False}, '103': {'Retries': 0, 'Restarts': 0, 'SiteHistory': ['Unknown'], 'ResidentSetSize': [0], 'SubmitTimes': [1762278667.0], 'StartTimes': [], 'EndTimes': [], 'TotalUserCpuTimeHistory': [0.0], 'TotalSysCpuTimeHistory': [0.0], 'WallDurations': [0], 'JobIds': ['137313986.0'], 'State': 'idle', 'RecordedSite': False}, '105': {'Retries': 0, 'Restarts': 0, 'SiteHistory': ['Unknown'], 'ResidentSetSize': [0], 'SubmitTimes': [1762278667.0], 'StartTimes': [], 'EndTimes': [], 'TotalUserCpuTimeHistory': [0.0], 'TotalSysCpuTimeHistory': [0.0], 'WallDurations': [0], 'JobIds': ['137313987.0'], 'State': 'idle', 'RecordedSite': False}, '106': {'Retries': 0, 'Restarts': 0, 'SiteHistory': ['Unknown'], 'ResidentSetSize': [0], 'SubmitTimes': [1762278667.0], 'StartTimes': [], 'EndTimes': [], 'TotalUserCpuTimeHistory': [0.0], 'TotalSysCpuTimeHistory': [0.0], 'WallDurations': [0], 'JobIds': ['137313988.0'], 'State': 'idle', 'RecordedSite': False}, '115': {'Retries': 0, 'Restarts': 0, 'SiteHistory': ['Unknown'], 'ResidentSetSize': [0], 'SubmitTimes': [1762278667.0], 'StartTimes': [], 'EndTimes': [], 'TotalUserCpuTimeHistory': [0.0], 'TotalSysCpuTimeHistory': [0.0], 'WallDurations': [0], 'JobIds': ['137313989.0'], 'State': 'idle', 'RecordedSite': False}, '113': {'Retries': 0, 'Restarts': 0, 'SiteHistory': ['Unknown'], 'ResidentSetSize': [0], 'SubmitTimes': [1762278667.0], 'StartTimes': [], 'EndTimes': [], 'TotalUserCpuTimeHistory': [0.0], 'TotalSysCpuTimeHistory': [0.0], 'WallDurations': [0], 'JobIds': ['137313990.0'], 'State': 'idle', 'RecordedSite': False}, '102': {'Retries': 0, 'Restarts': 0, 'SiteHistory': ['Unknown'], 'ResidentSetSize': [0], 'SubmitTimes': [1762278667.0], 'StartTimes': [], 'EndTimes': [], 'TotalUserCpuTimeHistory': [0.0], 'TotalSysCpuTimeHistory': [0.0], 'WallDurations': [0], 'JobIds': ['137313991.0'], 'State': 'idle', 'RecordedSite': False}, '110': {'Retries': 0, 'Restarts': 0, 'SiteHistory': ['Unknown'], 'ResidentSetSize': [0], 'SubmitTimes': [1762278667.0], 'StartTimes': [], 'EndTimes': [], 'TotalUserCpuTimeHistory': [0.0], 'TotalSysCpuTimeHistory': [0.0], 'WallDurations': [0], 'JobIds': ['137313992.0'], 'State': 'idle', 'RecordedSite': False}, '116': {'Retries': 0, 'Restarts': 0, 'SiteHistory': ['Unknown'], 'ResidentSetSize': [0], 'SubmitTimes': [1762278668.0], 'StartTimes': [], 'EndTimes': [], 'TotalUserCpuTimeHistory': [0.0], 'TotalSysCpuTimeHistory': [0.0], 'WallDurations': [0], 'JobIds': ['137313993.0'], 'State': 'idle', 'RecordedSite': False}, '112': {'Retries': 0, 'Restarts': 0, 'SiteHistory': ['Unknown'], 'ResidentSetSize': [0], 'SubmitTimes': [1762278668.0], 'StartTimes': [], 'EndTimes': [], 'TotalUserCpuTimeHistory': [0.0], 'TotalSysCpuTimeHistory': [0.0], 'WallDurations': [0], 'JobIds': ['137313994.0'], 'State': 'idle', 'RecordedSite': False}, '111': {'Retries': 0, 'Restarts': 0, 'SiteHistory': ['Unknown'], 'ResidentSetSize': [0], 'SubmitTimes': [1762278673.0], 'StartTimes': [], 'EndTimes': [], 'TotalUserCpuTimeHistory': [0.0], 'TotalSysCpuTimeHistory': [0.0], 'WallDurations': [0], 'JobIds': ['137313996.0'], 'State': 'idle', 'RecordedSite': False}, '114': {'Retries': 0, 'Restarts': 0, 'SiteHistory': ['Unknown'], 'ResidentSetSize': [0], 'SubmitTimes': [1762278673.0], 'StartTimes': [], 'EndTimes': [], 'TotalUserCpuTimeHistory': [0.0], 'TotalSysCpuTimeHistory': [0.0], 'WallDurations': [0], 'JobIds': ['137313997.0'], 'State': 'idle', 'RecordedSite': False}, '117': {'Retries': 0, 'Restarts': 0, 'SiteHistory': ['Unknown'], 'ResidentSetSize': [0], 'SubmitTimes': [1762278673.0], 'StartTimes': [], 'EndTimes': [], 'TotalUserCpuTimeHistory': [0.0], 'TotalSysCpuTimeHistory': [0.0], 'WallDurations': [0], 'JobIds': ['137313998.0'], 'State': 'idle', 'RecordedSite': False}, '118': {'Retries': 0, 'Restarts': 0, 'SiteHistory': ['Unknown'], 'ResidentSetSize': [0], 'SubmitTimes': [1762278673.0], 'StartTimes': [], 'EndTimes': [], 'TotalUserCpuTimeHistory': [0.0], 'TotalSysCpuTimeHistory': [0.0], 'WallDurations': [0], 'JobIds': ['137313999.0'], 'State': 'idle', 'RecordedSite': False}, '119': {'Retries': 0, 'Restarts': 0, 'SiteHistory': ['Unknown'], 'ResidentSetSize': [0], 'SubmitTimes': [1762278673.0], 'StartTimes': [], 'EndTimes': [], 'TotalUserCpuTimeHistory': [0.0], 'TotalSysCpuTimeHistory': [0.0], 'WallDurations': [0], 'JobIds': ['137314000.0'], 'State': 'idle', 'RecordedSite': False}, '127': {'Retries': 0, 'Restarts': 0, 'SiteHistory': ['Unknown'], 'ResidentSetSize': [0], 'SubmitTimes': [1762278673.0], 'StartTimes': [], 'EndTimes': [], 'TotalUserCpuTimeHistory': [0.0], 'TotalSysCpuTimeHistory': [0.0], 'WallDurations': [0], 'JobIds': ['137314001.0'], 'State': 'idle', 'RecordedSite': False}, '121': {'Retries': 0, 'Restarts': 0, 'SiteHistory': ['Unknown'], 'ResidentSetSize': [0], 'SubmitTimes': [1762278673.0], 'StartTimes': [], 'EndTimes': [], 'TotalUserCpuTimeHistory': [0.0], 'TotalSysCpuTimeHistory': [0.0], 'WallDurations': [0], 'JobIds': ['137314002.0'], 'State': 'idle', 'RecordedSite': False}, '130': {'Retries': 0, 'Restarts': 0, 'SiteHistory': ['Unknown'], 'ResidentSetSize': [0], 'SubmitTimes': [1762278673.0], 'StartTimes': [], 'EndTimes': [], 'TotalUserCpuTimeHistory': [0.0], 'TotalSysCpuTimeHistory': [0.0], 'WallDurations': [0], 'JobIds': ['137314003.0'], 'State': 'idle', 'RecordedSite': False}, '120': {'Retries': 0, 'Restarts': 0, 'SiteHistory': ['Unknown'], 'ResidentSetSize': [0], 'SubmitTimes': [1762278673.0], 'StartTimes': [], 'EndTimes': [], 'TotalUserCpuTimeHistory': [0.0], 'TotalSysCpuTimeHistory': [0.0], 'WallDurations': [0], 'JobIds': ['137314004.0'], 'State': 'idle', 'RecordedSite': False}, '125': {'Retries': 0, 'Restarts': 0, 'SiteHistory': ['Unknown'], 'ResidentSetSize': [0], 'SubmitTimes': [1762278673.0], 'StartTimes': [], 'EndTimes': [], 'TotalUserCpuTimeHistory': [0.0], 'TotalSysCpuTimeHistory': [0.0], 'WallDurations': [0], 'JobIds': ['137314005.0'], 'State': 'idle', 'RecordedSite': False}, '126': {'Retries': 0, 'Restarts': 0, 'SiteHistory': ['Unknown'], 'ResidentSetSize': [0], 'SubmitTimes': [1762278673.0], 'StartTimes': [], 'EndTimes': [], 'TotalUserCpuTimeHistory': [0.0], 'TotalSysCpuTimeHistory': [0.0], 'WallDurations': [0], 'JobIds': ['137314006.0'], 'State': 'idle', 'RecordedSite': False}, '124': {'Retries': 0, 'Restarts': 0, 'SiteHistory': ['Unknown'], 'ResidentSetSize': [0], 'SubmitTimes': [1762278673.0], 'StartTimes': [], 'EndTimes': [], 'TotalUserCpuTimeHistory': [0.0], 'TotalSysCpuTimeHistory': [0.0], 'WallDurations': [0], 'JobIds': ['137314007.0'], 'State': 'idle', 'RecordedSite': False}, '123': {'Retries': 0, 'Restarts': 0, 'SiteHistory': ['Unknown'], 'ResidentSetSize': [0], 'SubmitTimes': [1762278673.0], 'StartTimes': [], 'EndTimes': [], 'TotalUserCpuTimeHistory': [0.0], 'TotalSysCpuTimeHistory': [0.0], 'WallDurations': [0], 'JobIds': ['137314008.0'], 'State': 'idle', 'RecordedSite': False}, '128': {'Retries': 0, 'Restarts': 0, 'SiteHistory': ['Unknown'], 'ResidentSetSize': [0], 'SubmitTimes': [1762278673.0], 'StartTimes': [], 'EndTimes': [], 'TotalUserCpuTimeHistory': [0.0], 'TotalSysCpuTimeHistory': [0.0], 'WallDurations': [0], 'JobIds': ['137314009.0'], 'State': 'idle', 'RecordedSite': False}, '132': {'Retries': 0, 'Restarts': 0, 'SiteHistory': ['Unknown'], 'ResidentSetSize': [0], 'SubmitTimes': [1762278673.0], 'StartTimes': [], 'EndTimes': [], 'TotalUserCpuTimeHistory': [0.0], 'TotalSysCpuTimeHistory': [0.0], 'WallDurations': [0], 'JobIds': ['137314010.0'], 'State': 'idle', 'RecordedSite': False}, '122': {'Retries': 0, 'Restarts': 0, 'SiteHistory': ['Unknown'], 'ResidentSetSize': [0], 'SubmitTimes': [1762278673.0], 'StartTimes': [], 'EndTimes': [], 'TotalUserCpuTimeHistory': [0.0], 'TotalSysCpuTimeHistory': [0.0], 'WallDurations': [0], 'JobIds': ['137314011.0'], 'State': 'idle', 'RecordedSite': False}, '135': {'Retries': 0, 'Restarts': 0, 'SiteHistory': ['Unknown'], 'ResidentSetSize': [0], 'SubmitTimes': [1762278673.0], 'StartTimes': [], 'EndTimes': [], 'TotalUserCpuTimeHistory': [0.0], 'TotalSysCpuTimeHistory': [0.0], 'WallDurations': [0], 'JobIds': ['137314012.0'], 'State': 'idle', 'RecordedSite': False}, '136': {'Retries': 0, 'Restarts': 0, 'SiteHistory': ['Unknown'], 'ResidentSetSize': [0], 'SubmitTimes': [1762278673.0], 'StartTimes': [], 'EndTimes': [], 'TotalUserCpuTimeHistory': [0.0], 'TotalSysCpuTimeHistory': [0.0], 'WallDurations': [0], 'JobIds': ['137314013.0'], 'State': 'idle', 'RecordedSite': False}, '134': {'Retries': 0, 'Restarts': 0, 'SiteHistory': ['Unknown'], 'ResidentSetSize': [0], 'SubmitTimes': [1762278673.0], 'StartTimes': [], 'EndTimes': [], 'TotalUserCpuTimeHistory': [0.0], 'TotalSysCpuTimeHistory': [0.0], 'WallDurations': [0], 'JobIds': ['137314014.0'], 'State': 'idle', 'RecordedSite': False}, '133': {'Retries': 0, 'Restarts': 0, 'SiteHistory': ['Unknown'], 'ResidentSetSize': [0], 'SubmitTimes': [1762278673.0], 'StartTimes': [], 'EndTimes': [], 'TotalUserCpuTimeHistory': [0.0], 'TotalSysCpuTimeHistory': [0.0], 'WallDurations': [0], 'JobIds': ['137314015.0'], 'State': 'idle', 'RecordedSite': False}, '140': {'Retries': 0, 'Restarts': 0, 'SiteHistory': ['Unknown'], 'ResidentSetSize': [0], 'SubmitTimes': [1762278673.0], 'StartTimes': [], 'EndTimes': [], 'TotalUserCpuTimeHistory': [0.0], 'TotalSysCpuTimeHistory': [0.0], 'WallDurations': [0], 'JobIds': ['137314016.0'], 'State': 'idle', 'RecordedSite': False}, '141': {'Retries': 0, 'Restarts': 0, 'SiteHistory': ['Unknown'], 'ResidentSetSize': [0], 'SubmitTimes': [1762278673.0], 'StartTimes': [], 'EndTimes': [], 'TotalUserCpuTimeHistory': [0.0], 'TotalSysCpuTimeHistory': [0.0], 'WallDurations': [0], 'JobIds': ['137314017.0'], 'State': 'idle', 'RecordedSite': False}, '139': {'Retries': 0, 'Restarts': 0, 'SiteHistory': ['Unknown'], 'ResidentSetSize': [0], 'SubmitTimes': [1762278673.0], 'StartTimes': [], 'EndTimes': [], 'TotalUserCpuTimeHistory': [0.0], 'TotalSysCpuTimeHistory': [0.0], 'WallDurations': [0], 'JobIds': ['137314018.0'], 'State': 'idle', 'RecordedSite': False}, '137': {'Retries': 0, 'Restarts': 0, 'SiteHistory': ['Unknown'], 'ResidentSetSize': [0], 'SubmitTimes': [1762278673.0], 'StartTimes': [], 'EndTimes': [], 'TotalUserCpuTimeHistory': [0.0], 'TotalSysCpuTimeHistory': [0.0], 'WallDurations': [0], 'JobIds': ['137314019.0'], 'State': 'idle', 'RecordedSite': False}, '138': {'Retries': 0, 'Restarts': 0, 'SiteHistory': ['Unknown'], 'ResidentSetSize': [0], 'SubmitTimes': [1762278673.0], 'StartTimes': [], 'EndTimes': [], 'TotalUserCpuTimeHistory': [0.0], 'TotalSysCpuTimeHistory': [0.0], 'WallDurations': [0], 'JobIds': ['137314020.0'], 'State': 'idle', 'RecordedSite': False}, '131': {'Retries': 0, 'Restarts': 0, 'SiteHistory': ['Unknown'], 'ResidentSetSize': [0], 'SubmitTimes': [1762278673.0], 'StartTimes': [], 'EndTimes': [], 'TotalUserCpuTimeHistory': [0.0], 'TotalSysCpuTimeHistory': [0.0], 'WallDurations': [0], 'JobIds': ['137314021.0'], 'State': 'idle', 'RecordedSite': False}, '146': {'Retries': 0, 'Restarts': 0, 'SiteHistory': ['Unknown'], 'ResidentSetSize': [0], 'SubmitTimes': [1762278673.0], 'StartTimes': [], 'EndTimes': [], 'TotalUserCpuTimeHistory': [0.0], 'TotalSysCpuTimeHistory': [0.0], 'WallDurations': [0], 'JobIds': ['137314022.0'], 'State': 'idle', 'RecordedSite': False}, '129': {'Retries': 0, 'Restarts': 0, 'SiteHistory': ['Unknown'], 'ResidentSetSize': [0], 'SubmitTimes': [1762278673.0], 'StartTimes': [], 'EndTimes': [], 'TotalUserCpuTimeHistory': [0.0], 'TotalSysCpuTimeHistory': [0.0], 'WallDurations': [0], 'JobIds': ['137314023.0'], 'State': 'idle', 'RecordedSite': False}, '144': {'Retries': 0, 'Restarts': 0, 'SiteHistory': ['Unknown'], 'ResidentSetSize': [0], 'SubmitTimes': [1762278673.0], 'StartTimes': [], 'EndTimes': [], 'TotalUserCpuTimeHistory': [0.0], 'TotalSysCpuTimeHistory': [0.0], 'WallDurations': [0], 'JobIds': ['137314024.0'], 'State': 'idle', 'RecordedSite': False}, '142': {'Retries': 0, 'Restarts': 0, 'SiteHistory': ['Unknown'], 'ResidentSetSize': [0], 'SubmitTimes': [1762278673.0], 'StartTimes': [], 'EndTimes': [], 'TotalUserCpuTimeHistory': [0.0], 'TotalSysCpuTimeHistory': [0.0], 'WallDurations': [0], 'JobIds': ['137314025.0'], 'State': 'idle', 'RecordedSite': False}, '143': {'Retries': 0, 'Restarts': 0, 'SiteHistory': ['Unknown'], 'ResidentSetSize': [0], 'SubmitTimes': [1762278673.0], 'StartTimes': [], 'EndTimes': [], 'TotalUserCpuTimeHistory': [0.0], 'TotalSysCpuTimeHistory': [0.0], 'WallDurations': [0], 'JobIds': ['137314026.0'], 'State': 'idle', 'RecordedSite': False}, '145': {'Retries': 0, 'Restarts': 0, 'SiteHistory': ['Unknown'], 'ResidentSetSize': [0], 'SubmitTimes': [1762278673.0], 'StartTimes': [], 'EndTimes': [], 'TotalUserCpuTimeHistory': [0.0], 'TotalSysCpuTimeHistory': [0.0], 'WallDurations': [0], 'JobIds': ['137314027.0'], 'State': 'idle', 'RecordedSite': False}, '147': {'Retries': 0, 'Restarts': 0, 'SiteHistory': ['Unknown'], 'ResidentSetSize': [0], 'SubmitTimes': [1762278673.0], 'StartTimes': [], 'EndTimes': [], 'TotalUserCpuTimeHistory': [0.0], 'TotalSysCpuTimeHistory': [0.0], 'WallDurations': [0], 'JobIds': ['137314028.0'], 'State': 'idle', 'RecordedSite': False}, '148': {'Retries': 0, 'Restarts': 0, 'SiteHistory': ['Unknown'], 'ResidentSetSize': [0], 'SubmitTimes': [1762278673.0], 'StartTimes': [], 'EndTimes': [], 'TotalUserCpuTimeHistory': [0.0], 'TotalSysCpuTimeHistory': [0.0], 'WallDurations': [0], 'JobIds': ['137314029.0'], 'State': 'idle', 'RecordedSite': False}, '149': {'Retries': 0, 'Restarts': 0, 'SiteHistory': ['Unknown'], 'ResidentSetSize': [0], 'SubmitTimes': [1762278673.0], 'StartTimes': [], 'EndTimes': [], 'TotalUserCpuTimeHistory': [0.0], 'TotalSysCpuTimeHistory': [0.0], 'WallDurations': [0], 'JobIds': ['137314030.0'], 'State': 'idle', 'RecordedSite': False}, '150': {'Retries': 0, 'Restarts': 0, 'SiteHistory': ['Unknown'], 'ResidentSetSize': [0], 'SubmitTimes': [1762278673.0], 'StartTimes': [], 'EndTimes': [], 'TotalUserCpuTimeHistory': [0.0], 'TotalSysCpuTimeHistory': [0.0], 'WallDurations': [0], 'JobIds': ['137314031.0'], 'State': 'idle', 'RecordedSite': False}, '151': {'Retries': 0, 'Restarts': 0, 'SiteHistory': ['Unknown'], 'ResidentSetSize': [0], 'SubmitTimes': [1762278673.0], 'StartTimes': [], 'EndTimes': [], 'TotalUserCpuTimeHistory': [0.0], 'TotalSysCpuTimeHistory': [0.0], 'WallDurations': [0], 'JobIds': ['137314032.0'], 'State': 'idle', 'RecordedSite': False}, '152': {'Retries': 0, 'Restarts': 0, 'SiteHistory': ['Unknown'], 'ResidentSetSize': [0], 'SubmitTimes': [1762278673.0], 'StartTimes': [], 'EndTimes': [], 'TotalUserCpuTimeHistory': [0.0], 'TotalSysCpuTimeHistory': [0.0], 'WallDurations': [0], 'JobIds': ['137314033.0'], 'State': 'idle', 'RecordedSite': False}, '153': {'Retries': 0, 'Restarts': 0, 'SiteHistory': ['Unknown'], 'ResidentSetSize': [0], 'SubmitTimes': [1762278673.0], 'StartTimes': [], 'EndTimes': [], 'TotalUserCpuTimeHistory': [0.0], 'TotalSysCpuTimeHistory': [0.0], 'WallDurations': [0], 'JobIds': ['137314034.0'], 'State': 'idle', 'RecordedSite': False}, '154': {'Retries': 0, 'Restarts': 0, 'SiteHistory': ['Unknown'], 'ResidentSetSize': [0], 'SubmitTimes': [1762278673.0], 'StartTimes': [], 'EndTimes': [], 'TotalUserCpuTimeHistory': [0.0], 'TotalSysCpuTimeHistory': [0.0], 'WallDurations': [0], 'JobIds': ['137314035.0'], 'State': 'idle', 'RecordedSite': False}, '155': {'Retries': 0, 'Restarts': 0, 'SiteHistory': ['Unknown'], 'ResidentSetSize': [0], 'SubmitTimes': [1762278673.0], 'StartTimes': [], 'EndTimes': [], 'TotalUserCpuTimeHistory': [0.0], 'TotalSysCpuTimeHistory': [0.0], 'WallDurations': [0], 'JobIds': ['137314036.0'], 'State': 'idle', 'RecordedSite': False}, '156': {'Retries': 0, 'Restarts': 0, 'SiteHistory': ['Unknown'], 'ResidentSetSize': [0], 'SubmitTimes': [1762278674.0], 'StartTimes': [], 'EndTimes': [], 'TotalUserCpuTimeHistory': [0.0], 'TotalSysCpuTimeHistory': [0.0], 'WallDurations': [0], 'JobIds': ['137314037.0'], 'State': 'idle', 'RecordedSite': False}, '157': {'Retries': 0, 'Restarts': 0, 'SiteHistory': ['Unknown'], 'ResidentSetSize': [0], 'SubmitTimes': [1762278674.0], 'StartTimes': [], 'EndTimes': [], 'TotalUserCpuTimeHistory': [0.0], 'TotalSysCpuTimeHistory': [0.0], 'WallDurations': [0], 'JobIds': ['137314038.0'], 'State': 'idle', 'RecordedSite': False}, '158': {'Retries': 0, 'Restarts': 0, 'SiteHistory': ['Unknown'], 'ResidentSetSize': [0], 'SubmitTimes': [1762278674.0], 'StartTimes': [], 'EndTimes': [], 'TotalUserCpuTimeHistory': [0.0], 'TotalSysCpuTimeHistory': [0.0], 'WallDurations': [0], 'JobIds': ['137314039.0'], 'State': 'idle', 'RecordedSite': False}, '159': {'Retries': 0, 'Restarts': 0, 'SiteHistory': ['Unknown'], 'ResidentSetSize': [0], 'SubmitTimes': [1762278674.0], 'StartTimes': [], 'EndTimes': [], 'TotalUserCpuTimeHistory': [0.0], 'TotalSysCpuTimeHistory': [0.0], 'WallDurations': [0], 'JobIds': ['137314040.0'], 'State': 'idle', 'RecordedSite': False}, '160': {'Retries': 0, 'Restarts': 0, 'SiteHistory': ['Unknown'], 'ResidentSetSize': [0], 'SubmitTimes': [1762278674.0], 'StartTimes': [], 'EndTimes': [], 'TotalUserCpuTimeHistory': [0.0], 'TotalSysCpuTimeHistory': [0.0], 'WallDurations': [0], 'JobIds': ['137314041.0'], 'State': 'idle', 'RecordedSite': False}, '161': {'Retries': 0, 'Restarts': 0, 'SiteHistory': ['Unknown'], 'ResidentSetSize': [0], 'SubmitTimes': [1762278674.0], 'StartTimes': [], 'EndTimes': [], 'TotalUserCpuTimeHistory': [0.0], 'TotalSysCpuTimeHistory': [0.0], 'WallDurations': [0], 'JobIds': ['137314042.0'], 'State': 'idle', 'RecordedSite': False}, '162': {'Retries': 0, 'Restarts': 0, 'SiteHistory': ['Unknown'], 'ResidentSetSize': [0], 'SubmitTimes': [1762278674.0], 'StartTimes': [], 'EndTimes': [], 'TotalUserCpuTimeHistory': [0.0], 'TotalSysCpuTimeHistory': [0.0], 'WallDurations': [0], 'JobIds': ['137314043.0'], 'State': 'idle', 'RecordedSite': False}, '163': {'Retries': 0, 'Restarts': 0, 'SiteHistory': ['Unknown'], 'ResidentSetSize': [0], 'SubmitTimes': [1762278674.0], 'StartTimes': [], 'EndTimes': [], 'TotalUserCpuTimeHistory': [0.0], 'TotalSysCpuTimeHistory': [0.0], 'WallDurations': [0], 'JobIds': ['137314044.0'], 'State': 'idle', 'RecordedSite': False}, '175': {'Retries': 0, 'Restarts': 0, 'SiteHistory': ['Unknown'], 'ResidentSetSize': [0], 'SubmitTimes': [1762278674.0], 'StartTimes': [], 'EndTimes': [], 'TotalUserCpuTimeHistory': [0.0], 'TotalSysCpuTimeHistory': [0.0], 'WallDurations': [0], 'JobIds': ['137314045.0'], 'State': 'idle', 'RecordedSite': False}, '165': {'Retries': 0, 'Restarts': 0, 'SiteHistory': ['Unknown'], 'ResidentSetSize': [0], 'SubmitTimes': [1762278674.0], 'StartTimes': [], 'EndTimes': [], 'TotalUserCpuTimeHistory': [0.0], 'TotalSysCpuTimeHistory': [0.0], 'WallDurations': [0], 'JobIds': ['137314046.0'], 'State': 'idle', 'RecordedSite': False}, '168': {'Retries': 0, 'Restarts': 0, 'SiteHistory': ['Unknown'], 'ResidentSetSize': [0], 'SubmitTimes': [1762278674.0], 'StartTimes': [], 'EndTimes': [], 'TotalUserCpuTimeHistory': [0.0], 'TotalSysCpuTimeHistory': [0.0], 'WallDurations': [0], 'JobIds': ['137314047.0'], 'State': 'idle', 'RecordedSite': False}, '180': {'Retries': 0, 'Restarts': 0, 'SiteHistory': ['Unknown'], 'ResidentSetSize': [0], 'SubmitTimes': [1762278674.0], 'StartTimes': [], 'EndTimes': [], 'TotalUserCpuTimeHistory': [0.0], 'TotalSysCpuTimeHistory': [0.0], 'WallDurations': [0], 'JobIds': ['137314048.0'], 'State': 'idle', 'RecordedSite': False}, '174': {'Retries': 0, 'Restarts': 0, 'SiteHistory': ['Unknown'], 'ResidentSetSize': [0], 'SubmitTimes': [1762278674.0], 'StartTimes': [], 'EndTimes': [], 'TotalUserCpuTimeHistory': [0.0], 'TotalSysCpuTimeHistory': [0.0], 'WallDurations': [0], 'JobIds': ['137314049.0'], 'State': 'idle', 'RecordedSite': False}, '173': {'Retries': 0, 'Restarts': 0, 'SiteHistory': ['Unknown'], 'ResidentSetSize': [0], 'SubmitTimes': [1762278674.0], 'StartTimes': [], 'EndTimes': [], 'TotalUserCpuTimeHistory': [0.0], 'TotalSysCpuTimeHistory': [0.0], 'WallDurations': [0], 'JobIds': ['137314050.0'], 'State': 'idle', 'RecordedSite': False}, '172': {'Retries': 0, 'Restarts': 0, 'SiteHistory': ['Unknown'], 'ResidentSetSize': [0], 'SubmitTimes': [1762278674.0], 'StartTimes': [], 'EndTimes': [], 'TotalUserCpuTimeHistory': [0.0], 'TotalSysCpuTimeHistory': [0.0], 'WallDurations': [0], 'JobIds': ['137314051.0'], 'State': 'idle', 'RecordedSite': False}, '183': {'Retries': 0, 'Restarts': 0, 'SiteHistory': ['Unknown'], 'ResidentSetSize': [0], 'SubmitTimes': [1762278674.0], 'StartTimes': [], 'EndTimes': [], 'TotalUserCpuTimeHistory': [0.0], 'TotalSysCpuTimeHistory': [0.0], 'WallDurations': [0], 'JobIds': ['137314052.0'], 'State': 'idle', 'RecordedSite': False}, '181': {'Retries': 0, 'Restarts': 0, 'SiteHistory': ['Unknown'], 'ResidentSetSize': [0], 'SubmitTimes': [1762278674.0], 'StartTimes': [], 'EndTimes': [], 'TotalUserCpuTimeHistory': [0.0], 'TotalSysCpuTimeHistory': [0.0], 'WallDurations': [0], 'JobIds': ['137314053.0'], 'State': 'idle', 'RecordedSite': False}, '169': {'Retries': 0, 'Restarts': 0, 'SiteHistory': ['Unknown'], 'ResidentSetSize': [0], 'SubmitTimes': [1762278674.0], 'StartTimes': [], 'EndTimes': [], 'TotalUserCpuTimeHistory': [0.0], 'TotalSysCpuTimeHistory': [0.0], 'WallDurations': [0], 'JobIds': ['137314054.0'], 'State': 'idle', 'RecordedSite': False}, '182': {'Retries': 0, 'Restarts': 0, 'SiteHistory': ['Unknown'], 'ResidentSetSize': [0], 'SubmitTimes': [1762278674.0], 'StartTimes': [], 'EndTimes': [], 'TotalUserCpuTimeHistory': [0.0], 'TotalSysCpuTimeHistory': [0.0], 'WallDurations': [0], 'JobIds': ['137314055.0'], 'State': 'idle', 'RecordedSite': False}, '170': {'Retries': 0, 'Restarts': 0, 'SiteHistory': ['Unknown'], 'ResidentSetSize': [0], 'SubmitTimes': [1762278674.0], 'StartTimes': [], 'EndTimes': [], 'TotalUserCpuTimeHistory': [0.0], 'TotalSysCpuTimeHistory': [0.0], 'WallDurations': [0], 'JobIds': ['137314056.0'], 'State': 'idle', 'RecordedSite': False}, '179': {'Retries': 0, 'Restarts': 0, 'SiteHistory': ['Unknown'], 'ResidentSetSize': [0], 'SubmitTimes': [1762278674.0], 'StartTimes': [], 'EndTimes': [], 'TotalUserCpuTimeHistory': [0.0], 'TotalSysCpuTimeHistory': [0.0], 'WallDurations': [0], 'JobIds': ['137314057.0'], 'State': 'idle', 'RecordedSite': False}, '178': {'Retries': 0, 'Restarts': 0, 'SiteHistory': ['Unknown'], 'ResidentSetSize': [0], 'SubmitTimes': [1762278674.0], 'StartTimes': [], 'EndTimes': [], 'TotalUserCpuTimeHistory': [0.0], 'TotalSysCpuTimeHistory': [0.0], 'WallDurations': [0], 'JobIds': ['137314058.0'], 'State': 'idle', 'RecordedSite': False}, '166': {'Retries': 0, 'Restarts': 0, 'SiteHistory': ['Unknown'], 'ResidentSetSize': [0], 'SubmitTimes': [1762278674.0], 'StartTimes': [], 'EndTimes': [], 'TotalUserCpuTimeHistory': [0.0], 'TotalSysCpuTimeHistory': [0.0], 'WallDurations': [0], 'JobIds': ['137314059.0'], 'State': 'idle', 'RecordedSite': False}, '167': {'Retries': 0, 'Restarts': 0, 'SiteHistory': ['Unknown'], 'ResidentSetSize': [0], 'SubmitTimes': [1762278674.0], 'StartTimes': [], 'EndTimes': [], 'TotalUserCpuTimeHistory': [0.0], 'TotalSysCpuTimeHistory': [0.0], 'WallDurations': [0], 'JobIds': ['137314060.0'], 'State': 'idle', 'RecordedSite': False}, '177': {'Retries': 0, 'Restarts': 0, 'SiteHistory': ['Unknown'], 'ResidentSetSize': [0], 'SubmitTimes': [1762278674.0], 'StartTimes': [], 'EndTimes': [], 'TotalUserCpuTimeHistory': [0.0], 'TotalSysCpuTimeHistory': [0.0], 'WallDurations': [0], 'JobIds': ['137314061.0'], 'State': 'idle', 'RecordedSite': False}, '176': {'Retries': 0, 'Restarts': 0, 'SiteHistory': ['Unknown'], 'ResidentSetSize': [0], 'SubmitTimes': [1762278674.0], 'StartTimes': [], 'EndTimes': [], 'TotalUserCpuTimeHistory': [0.0], 'TotalSysCpuTimeHistory': [0.0], 'WallDurations': [0], 'JobIds': ['137314062.0'], 'State': 'idle', 'RecordedSite': False}, '184': {'Retries': 0, 'Restarts': 0, 'SiteHistory': ['Unknown'], 'ResidentSetSize': [0], 'SubmitTimes': [1762278674.0], 'StartTimes': [], 'EndTimes': [], 'TotalUserCpuTimeHistory': [0.0], 'TotalSysCpuTimeHistory': [0.0], 'WallDurations': [0], 'JobIds': ['137314063.0'], 'State': 'idle', 'RecordedSite': False}, '171': {'Retries': 0, 'Restarts': 0, 'SiteHistory': ['Unknown'], 'ResidentSetSize': [0], 'SubmitTimes': [1762278674.0], 'StartTimes': [], 'EndTimes': [], 'TotalUserCpuTimeHistory': [0.0], 'TotalSysCpuTimeHistory': [0.0], 'WallDurations': [0], 'JobIds': ['137314064.0'], 'State': 'idle', 'RecordedSite': False}, '190': {'Retries': 0, 'Restarts': 0, 'SiteHistory': ['Unknown'], 'ResidentSetSize': [0], 'SubmitTimes': [1762278674.0], 'StartTimes': [], 'EndTimes': [], 'TotalUserCpuTimeHistory': [0.0], 'TotalSysCpuTimeHistory': [0.0], 'WallDurations': [0], 'JobIds': ['137314065.0'], 'State': 'idle', 'RecordedSite': False}, '185': {'Retries': 0, 'Restarts': 0, 'SiteHistory': ['Unknown'], 'ResidentSetSize': [0], 'SubmitTimes': [1762278674.0], 'StartTimes': [], 'EndTimes': [], 'TotalUserCpuTimeHistory': [0.0], 'TotalSysCpuTimeHistory': [0.0], 'WallDurations': [0], 'JobIds': ['137314066.0'], 'State': 'idle', 'RecordedSite': False}, '187': {'Retries': 0, 'Restarts': 0, 'SiteHistory': ['Unknown'], 'ResidentSetSize': [0], 'SubmitTimes': [1762278674.0], 'StartTimes': [], 'EndTimes': [], 'TotalUserCpuTimeHistory': [0.0], 'TotalSysCpuTimeHistory': [0.0], 'WallDurations': [0], 'JobIds': ['137314067.0'], 'State': 'idle', 'RecordedSite': False}, '193': {'Retries': 0, 'Restarts': 0, 'SiteHistory': ['Unknown'], 'ResidentSetSize': [0], 'SubmitTimes': [1762278674.0], 'StartTimes': [], 'EndTimes': [], 'TotalUserCpuTimeHistory': [0.0], 'TotalSysCpuTimeHistory': [0.0], 'WallDurations': [0], 'JobIds': ['137314068.0'], 'State': 'idle', 'RecordedSite': False}, '191': {'Retries': 0, 'Restarts': 0, 'SiteHistory': ['Unknown'], 'ResidentSetSize': [0], 'SubmitTimes': [1762278674.0], 'StartTimes': [], 'EndTimes': [], 'TotalUserCpuTimeHistory': [0.0], 'TotalSysCpuTimeHistory': [0.0], 'WallDurations': [0], 'JobIds': ['137314069.0'], 'State': 'idle', 'RecordedSite': False}, '186': {'Retries': 0, 'Restarts': 0, 'SiteHistory': ['Unknown'], 'ResidentSetSize': [0], 'SubmitTimes': [1762278674.0], 'StartTimes': [], 'EndTimes': [], 'TotalUserCpuTimeHistory': [0.0], 'TotalSysCpuTimeHistory': [0.0], 'WallDurations': [0], 'JobIds': ['137314070.0'], 'State': 'idle', 'RecordedSite': False}, '189': {'Retries': 0, 'Restarts': 0, 'SiteHistory': ['Unknown'], 'ResidentSetSize': [0], 'SubmitTimes': [1762278674.0], 'StartTimes': [], 'EndTimes': [], 'TotalUserCpuTimeHistory': [0.0], 'TotalSysCpuTimeHistory': [0.0], 'WallDurations': [0], 'JobIds': ['137314071.0'], 'State': 'idle', 'RecordedSite': False}, '196': {'Retries': 0, 'Restarts': 0, 'SiteHistory': ['Unknown'], 'ResidentSetSize': [0], 'SubmitTimes': [1762278674.0], 'StartTimes': [], 'EndTimes': [], 'TotalUserCpuTimeHistory': [0.0], 'TotalSysCpuTimeHistory': [0.0], 'WallDurations': [0], 'JobIds': ['137314072.0'], 'State': 'idle', 'RecordedSite': False}, '192': {'Retries': 0, 'Restarts': 0, 'SiteHistory': ['Unknown'], 'ResidentSetSize': [0], 'SubmitTimes': [1762278674.0], 'StartTimes': [], 'EndTimes': [], 'TotalUserCpuTimeHistory': [0.0], 'TotalSysCpuTimeHistory': [0.0], 'WallDurations': [0], 'JobIds': ['137314073.0'], 'State': 'idle', 'RecordedSite': False}, '199': {'Retries': 0, 'Restarts': 0, 'SiteHistory': ['Unknown'], 'ResidentSetSize': [0], 'SubmitTimes': [1762278674.0], 'StartTimes': [], 'EndTimes': [], 'TotalUserCpuTimeHistory': [0.0], 'TotalSysCpuTimeHistory': [0.0], 'WallDurations': [0], 'JobIds': ['137314074.0'], 'State': 'idle', 'RecordedSite': False}, '197': {'Retries': 0, 'Restarts': 0, 'SiteHistory': ['Unknown'], 'ResidentSetSize': [0], 'SubmitTimes': [1762278674.0], 'StartTimes': [], 'EndTimes': [], 'TotalUserCpuTimeHistory': [0.0], 'TotalSysCpuTimeHistory': [0.0], 'WallDurations': [0], 'JobIds': ['137314075.0'], 'State': 'idle', 'RecordedSite': False}, '203': {'Retries': 0, 'Restarts': 0, 'SiteHistory': ['Unknown'], 'ResidentSetSize': [0], 'SubmitTimes': [1762278674.0], 'StartTimes': [], 'EndTimes': [], 'TotalUserCpuTimeHistory': [0.0], 'TotalSysCpuTimeHistory': [0.0], 'WallDurations': [0], 'JobIds': ['137314076.0'], 'State': 'idle', 'RecordedSite': False}, '194': {'Retries': 0, 'Restarts': 0, 'SiteHistory': ['Unknown'], 'ResidentSetSize': [0], 'SubmitTimes': [1762278674.0], 'StartTimes': [], 'EndTimes': [], 'TotalUserCpuTimeHistory': [0.0], 'TotalSysCpuTimeHistory': [0.0], 'WallDurations': [0], 'JobIds': ['137314077.0'], 'State': 'idle', 'RecordedSite': False}, '201': {'Retries': 0, 'Restarts': 0, 'SiteHistory': ['Unknown'], 'ResidentSetSize': [0], 'SubmitTimes': [1762278674.0], 'StartTimes': [], 'EndTimes': [], 'TotalUserCpuTimeHistory': [0.0], 'TotalSysCpuTimeHistory': [0.0], 'WallDurations': [0], 'JobIds': ['137314078.0'], 'State': 'idle', 'RecordedSite': False}, '195': {'Retries': 0, 'Restarts': 0, 'SiteHistory': ['Unknown'], 'ResidentSetSize': [0], 'SubmitTimes': [1762278674.0], 'StartTimes': [], 'EndTimes': [], 'TotalUserCpuTimeHistory': [0.0], 'TotalSysCpuTimeHistory': [0.0], 'WallDurations': [0], 'JobIds': ['137314079.0'], 'State': 'idle', 'RecordedSite': False}, '188': {'Retries': 0, 'Restarts': 0, 'SiteHistory': ['Unknown'], 'ResidentSetSize': [0], 'SubmitTimes': [1762278674.0], 'StartTimes': [], 'EndTimes': [], 'TotalUserCpuTimeHistory': [0.0], 'TotalSysCpuTimeHistory': [0.0], 'WallDurations': [0], 'JobIds': ['137314080.0'], 'State': 'idle', 'RecordedSite': False}, '200': {'Retries': 0, 'Restarts': 0, 'SiteHistory': ['Unknown'], 'ResidentSetSize': [0], 'SubmitTimes': [1762278674.0], 'StartTimes': [], 'EndTimes': [], 'TotalUserCpuTimeHistory': [0.0], 'TotalSysCpuTimeHistory': [0.0], 'WallDurations': [0], 'JobIds': ['137314081.0'], 'State': 'idle', 'RecordedSite': False}, '198': {'Retries': 0, 'Restarts': 0, 'SiteHistory': ['Unknown'], 'ResidentSetSize': [0], 'SubmitTimes': [1762278674.0], 'StartTimes': [], 'EndTimes': [], 'TotalUserCpuTimeHistory': [0.0], 'TotalSysCpuTimeHistory': [0.0], 'WallDurations': [0], 'JobIds': ['137314082.0'], 'State': 'idle', 'RecordedSite': False}, '204': {'Retries': 0, 'Restarts': 0, 'SiteHistory': ['Unknown'], 'ResidentSetSize': [0], 'SubmitTimes': [1762278674.0], 'StartTimes': [], 'EndTimes': [], 'TotalUserCpuTimeHistory': [0.0], 'TotalSysCpuTimeHistory': [0.0], 'WallDurations': [0], 'JobIds': ['137314083.0'], 'State': 'idle', 'RecordedSite': False}, '202': {'Retries': 0, 'Restarts': 0, 'SiteHistory': ['Unknown'], 'ResidentSetSize': [0], 'SubmitTimes': [1762278674.0], 'StartTimes': [], 'EndTimes': [], 'TotalUserCpuTimeHistory': [0.0], 'TotalSysCpuTimeHistory': [0.0], 'WallDurations': [0], 'JobIds': ['137314084.0'], 'State': 'idle', 'RecordedSite': False}, '206': {'Retries': 0, 'Restarts': 0, 'SiteHistory': ['Unknown'], 'ResidentSetSize': [0], 'SubmitTimes': [1762278674.0], 'StartTimes': [], 'EndTimes': [], 'TotalUserCpuTimeHistory': [0.0], 'TotalSysCpuTimeHistory': [0.0], 'WallDurations': [0], 'JobIds': ['137314085.0'], 'State': 'idle', 'RecordedSite': False}, '212': {'Retries': 0, 'Restarts': 0, 'SiteHistory': ['Unknown'], 'ResidentSetSize': [0], 'SubmitTimes': [1762278674.0], 'StartTimes': [], 'EndTimes': [], 'TotalUserCpuTimeHistory': [0.0], 'TotalSysCpuTimeHistory': [0.0], 'WallDurations': [0], 'JobIds': ['137314086.0'], 'State': 'idle', 'RecordedSite': False}, '207': {'Retries': 0, 'Restarts': 0, 'SiteHistory': ['Unknown'], 'ResidentSetSize': [0], 'SubmitTimes': [1762278674.0], 'StartTimes': [], 'EndTimes': [], 'TotalUserCpuTimeHistory': [0.0], 'TotalSysCpuTimeHistory': [0.0], 'WallDurations': [0], 'JobIds': ['137314087.0'], 'State': 'idle', 'RecordedSite': False}, '213': {'Retries': 0, 'Restarts': 0, 'SiteHistory': ['Unknown'], 'ResidentSetSize': [0], 'SubmitTimes': [1762278674.0], 'StartTimes': [], 'EndTimes': [], 'TotalUserCpuTimeHistory': [0.0], 'TotalSysCpuTimeHistory': [0.0], 'WallDurations': [0], 'JobIds': ['137314088.0'], 'State': 'idle', 'RecordedSite': False}, '211': {'Retries': 0, 'Restarts': 0, 'SiteHistory': ['Unknown'], 'ResidentSetSize': [0], 'SubmitTimes': [1762278674.0], 'StartTimes': [], 'EndTimes': [], 'TotalUserCpuTimeHistory': [0.0], 'TotalSysCpuTimeHistory': [0.0], 'WallDurations': [0], 'JobIds': ['137314089.0'], 'State': 'idle', 'RecordedSite': False}, '210': {'Retries': 0, 'Restarts': 0, 'SiteHistory': ['Unknown'], 'ResidentSetSize': [0], 'SubmitTimes': [1762278674.0], 'StartTimes': [], 'EndTimes': [], 'TotalUserCpuTimeHistory': [0.0], 'TotalSysCpuTimeHistory': [0.0], 'WallDurations': [0], 'JobIds': ['137314090.0'], 'State': 'idle', 'RecordedSite': False}, '214': {'Retries': 0, 'Restarts': 0, 'SiteHistory': ['Unknown'], 'ResidentSetSize': [0], 'SubmitTimes': [1762278674.0], 'StartTimes': [], 'EndTimes': [], 'TotalUserCpuTimeHistory': [0.0], 'TotalSysCpuTimeHistory': [0.0], 'WallDurations': [0], 'JobIds': ['137314091.0'], 'State': 'idle', 'RecordedSite': False}, '205': {'Retries': 0, 'Restarts': 0, 'SiteHistory': ['Unknown'], 'ResidentSetSize': [0], 'SubmitTimes': [1762278674.0], 'StartTimes': [], 'EndTimes': [], 'TotalUserCpuTimeHistory': [0.0], 'TotalSysCpuTimeHistory': [0.0], 'WallDurations': [0], 'JobIds': ['137314092.0'], 'State': 'idle', 'RecordedSite': False}, '216': {'Retries': 0, 'Restarts': 0, 'SiteHistory': ['Unknown'], 'ResidentSetSize': [0], 'SubmitTimes': [1762278674.0], 'StartTimes': [], 'EndTimes': [], 'TotalUserCpuTimeHistory': [0.0], 'TotalSysCpuTimeHistory': [0.0], 'WallDurations': [0], 'JobIds': ['137314093.0'], 'State': 'idle', 'RecordedSite': False}, '209': {'Retries': 0, 'Restarts': 0, 'SiteHistory': ['Unknown'], 'ResidentSetSize': [0], 'SubmitTimes': [1762278674.0], 'StartTimes': [], 'EndTimes': [], 'TotalUserCpuTimeHistory': [0.0], 'TotalSysCpuTimeHistory': [0.0], 'WallDurations': [0], 'JobIds': ['137314094.0'], 'State': 'idle', 'RecordedSite': False}, '215': {'Retries': 0, 'Restarts': 0, 'SiteHistory': ['Unknown'], 'ResidentSetSize': [0], 'SubmitTimes': [1762278674.0], 'StartTimes': [], 'EndTimes': [], 'TotalUserCpuTimeHistory': [0.0], 'TotalSysCpuTimeHistory': [0.0], 'WallDurations': [0], 'JobIds': ['137314095.0'], 'State': 'idle', 'RecordedSite': False}, '208': {'Retries': 0, 'Restarts': 0, 'SiteHistory': ['Unknown'], 'ResidentSetSize': [0], 'SubmitTimes': [1762278679.0], 'StartTimes': [], 'EndTimes': [], 'TotalUserCpuTimeHistory': [0.0], 'TotalSysCpuTimeHistory': [0.0], 'WallDurations': [0], 'JobIds': ['137314096.0'], 'State': 'idle', 'RecordedSite': False}, '220': {'Retries': 0, 'Restarts': 0, 'SiteHistory': ['Unknown'], 'ResidentSetSize': [0], 'SubmitTimes': [1762278679.0], 'StartTimes': [], 'EndTimes': [], 'TotalUserCpuTimeHistory': [0.0], 'TotalSysCpuTimeHistory': [0.0], 'WallDurations': [0], 'JobIds': ['137314097.0'], 'State': 'idle', 'RecordedSite': False}, '219': {'Retries': 0, 'Restarts': 0, 'SiteHistory': ['Unknown'], 'ResidentSetSize': [0], 'SubmitTimes': [1762278679.0], 'StartTimes': [], 'EndTimes': [], 'TotalUserCpuTimeHistory': [0.0], 'TotalSysCpuTimeHistory': [0.0], 'WallDurations': [0], 'JobIds': ['137314098.0'], 'State': 'idle', 'RecordedSite': False}, '217': {'Retries': 0, 'Restarts': 0, 'SiteHistory': ['Unknown'], 'ResidentSetSize': [0], 'SubmitTimes': [1762278679.0], 'StartTimes': [], 'EndTimes': [], 'TotalUserCpuTimeHistory': [0.0], 'TotalSysCpuTimeHistory': [0.0], 'WallDurations': [0], 'JobIds': ['137314099.0'], 'State': 'idle', 'RecordedSite': False}, '218': {'Retries': 0, 'Restarts': 0, 'SiteHistory': ['Unknown'], 'ResidentSetSize': [0], 'SubmitTimes': [1762278679.0], 'StartTimes': [], 'EndTimes': [], 'TotalUserCpuTimeHistory': [0.0], 'TotalSysCpuTimeHistory': [0.0], 'WallDurations': [0], 'JobIds': ['137314100.0'], 'State': 'idle', 'RecordedSite': False}, '223': {'Retries': 0, 'Restarts': 0, 'SiteHistory': ['Unknown'], 'ResidentSetSize': [0], 'SubmitTimes': [1762278679.0], 'StartTimes': [], 'EndTimes': [], 'TotalUserCpuTimeHistory': [0.0], 'TotalSysCpuTimeHistory': [0.0], 'WallDurations': [0], 'JobIds': ['137314101.0'], 'State': 'idle', 'RecordedSite': False}, '222': {'Retries': 0, 'Restarts': 0, 'SiteHistory': ['Unknown'], 'ResidentSetSize': [0], 'SubmitTimes': [1762278679.0], 'StartTimes': [], 'EndTimes': [], 'TotalUserCpuTimeHistory': [0.0], 'TotalSysCpuTimeHistory': [0.0], 'WallDurations': [0], 'JobIds': ['137314102.0'], 'State': 'idle', 'RecordedSite': False}, '226': {'Retries': 0, 'Restarts': 0, 'SiteHistory': ['Unknown'], 'ResidentSetSize': [0], 'SubmitTimes': [1762278679.0], 'StartTimes': [], 'EndTimes': [], 'TotalUserCpuTimeHistory': [0.0], 'TotalSysCpuTimeHistory': [0.0], 'WallDurations': [0], 'JobIds': ['137314103.0'], 'State': 'idle', 'RecordedSite': False}, '225': {'Retries': 0, 'Restarts': 0, 'SiteHistory': ['Unknown'], 'ResidentSetSize': [0], 'SubmitTimes': [1762278680.0], 'StartTimes': [], 'EndTimes': [], 'TotalUserCpuTimeHistory': [0.0], 'TotalSysCpuTimeHistory': [0.0], 'WallDurations': [0], 'JobIds': ['137314104.0'], 'State': 'idle', 'RecordedSite': False}, '224': {'Retries': 0, 'Restarts': 0, 'SiteHistory': ['Unknown'], 'ResidentSetSize': [0], 'SubmitTimes': [1762278680.0], 'StartTimes': [], 'EndTimes': [], 'TotalUserCpuTimeHistory': [0.0], 'TotalSysCpuTimeHistory': [0.0], 'WallDurations': [0], 'JobIds': ['137314105.0'], 'State': 'idle', 'RecordedSite': False}, '229': {'Retries': 0, 'Restarts': 0, 'SiteHistory': ['Unknown'], 'ResidentSetSize': [0], 'SubmitTimes': [1762278680.0], 'StartTimes': [], 'EndTimes': [], 'TotalUserCpuTimeHistory': [0.0], 'TotalSysCpuTimeHistory': [0.0], 'WallDurations': [0], 'JobIds': ['137314106.0'], 'State': 'idle', 'RecordedSite': False}, '221': {'Retries': 0, 'Restarts': 0, 'SiteHistory': ['Unknown'], 'ResidentSetSize': [0], 'SubmitTimes': [1762278680.0], 'StartTimes': [], 'EndTimes': [], 'TotalUserCpuTimeHistory': [0.0], 'TotalSysCpuTimeHistory': [0.0], 'WallDurations': [0], 'JobIds': ['137314107.0'], 'State': 'idle', 'RecordedSite': False}, '230': {'Retries': 0, 'Restarts': 0, 'SiteHistory': ['Unknown'], 'ResidentSetSize': [0], 'SubmitTimes': [1762278680.0], 'StartTimes': [], 'EndTimes': [], 'TotalUserCpuTimeHistory': [0.0], 'TotalSysCpuTimeHistory': [0.0], 'WallDurations': [0], 'JobIds': ['137314108.0'], 'State': 'idle', 'RecordedSite': False}, '228': {'Retries': 0, 'Restarts': 0, 'SiteHistory': ['Unknown'], 'ResidentSetSize': [0], 'SubmitTimes': [1762278680.0], 'StartTimes': [], 'EndTimes': [], 'TotalUserCpuTimeHistory': [0.0], 'TotalSysCpuTimeHistory': [0.0], 'WallDurations': [0], 'JobIds': ['137314109.0'], 'State': 'idle', 'RecordedSite': False}, '227': {'Retries': 0, 'Restarts': 0, 'SiteHistory': ['Unknown'], 'ResidentSetSize': [0], 'SubmitTimes': [1762278680.0], 'StartTimes': [], 'EndTimes': [], 'TotalUserCpuTimeHistory': [0.0], 'TotalSysCpuTimeHistory': [0.0], 'WallDurations': [0], 'JobIds': ['137314110.0'], 'State': 'idle', 'RecordedSite': False}, '232': {'Retries': 0, 'Restarts': 0, 'SiteHistory': ['Unknown'], 'ResidentSetSize': [0], 'SubmitTimes': [1762278680.0], 'StartTimes': [], 'EndTimes': [], 'TotalUserCpuTimeHistory': [0.0], 'TotalSysCpuTimeHistory': [0.0], 'WallDurations': [0], 'JobIds': ['137314111.0'], 'State': 'idle', 'RecordedSite': False}, '233': {'Retries': 0, 'Restarts': 0, 'SiteHistory': ['Unknown'], 'ResidentSetSize': [0], 'SubmitTimes': [1762278680.0], 'StartTimes': [], 'EndTimes': [], 'TotalUserCpuTimeHistory': [0.0], 'TotalSysCpuTimeHistory': [0.0], 'WallDurations': [0], 'JobIds': ['137314112.0'], 'State': 'idle', 'RecordedSite': False}, '231': {'Retries': 0, 'Restarts': 0, 'SiteHistory': ['Unknown'], 'ResidentSetSize': [0], 'SubmitTimes': [1762278680.0], 'StartTimes': [], 'EndTimes': [], 'TotalUserCpuTimeHistory': [0.0], 'TotalSysCpuTimeHistory': [0.0], 'WallDurations': [0], 'JobIds': ['137314113.0'], 'State': 'idle', 'RecordedSite': False}, '235': {'Retries': 0, 'Restarts': 0, 'SiteHistory': ['Unknown'], 'ResidentSetSize': [0], 'SubmitTimes': [1762278680.0], 'StartTimes': [], 'EndTimes': [], 'TotalUserCpuTimeHistory': [0.0], 'TotalSysCpuTimeHistory': [0.0], 'WallDurations': [0], 'JobIds': ['137314114.0'], 'State': 'idle', 'RecordedSite': False}, '241': {'Retries': 0, 'Restarts': 0, 'SiteHistory': ['Unknown'], 'ResidentSetSize': [0], 'SubmitTimes': [1762278680.0], 'StartTimes': [], 'EndTimes': [], 'TotalUserCpuTimeHistory': [0.0], 'TotalSysCpuTimeHistory': [0.0], 'WallDurations': [0], 'JobIds': ['137314115.0'], 'State': 'idle', 'RecordedSite': False}, '234': {'Retries': 0, 'Restarts': 0, 'SiteHistory': ['Unknown'], 'ResidentSetSize': [0], 'SubmitTimes': [1762278680.0], 'StartTimes': [], 'EndTimes': [], 'TotalUserCpuTimeHistory': [0.0], 'TotalSysCpuTimeHistory': [0.0], 'WallDurations': [0], 'JobIds': ['137314116.0'], 'State': 'idle', 'RecordedSite': False}, '236': {'Retries': 0, 'Restarts': 0, 'SiteHistory': ['Unknown'], 'ResidentSetSize': [0], 'SubmitTimes': [1762278680.0], 'StartTimes': [], 'EndTimes': [], 'TotalUserCpuTimeHistory': [0.0], 'TotalSysCpuTimeHistory': [0.0], 'WallDurations': [0], 'JobIds': ['137314117.0'], 'State': 'idle', 'RecordedSite': False}, '240': {'Retries': 0, 'Restarts': 0, 'SiteHistory': ['Unknown'], 'ResidentSetSize': [0], 'SubmitTimes': [1762278680.0], 'StartTimes': [], 'EndTimes': [], 'TotalUserCpuTimeHistory': [0.0], 'TotalSysCpuTimeHistory': [0.0], 'WallDurations': [0], 'JobIds': ['137314118.0'], 'State': 'idle', 'RecordedSite': False}, '237': {'Retries': 0, 'Restarts': 0, 'SiteHistory': ['Unknown'], 'ResidentSetSize': [0], 'SubmitTimes': [1762278680.0], 'StartTimes': [], 'EndTimes': [], 'TotalUserCpuTimeHistory': [0.0], 'TotalSysCpuTimeHistory': [0.0], 'WallDurations': [0], 'JobIds': ['137314119.0'], 'State': 'idle', 'RecordedSite': False}, '239': {'Retries': 0, 'Restarts': 0, 'SiteHistory': ['Unknown'], 'ResidentSetSize': [0], 'SubmitTimes': [1762278680.0], 'StartTimes': [], 'EndTimes': [], 'TotalUserCpuTimeHistory': [0.0], 'TotalSysCpuTimeHistory': [0.0], 'WallDurations': [0], 'JobIds': ['137314120.0'], 'State': 'idle', 'RecordedSite': False}, '238': {'Retries': 0, 'Restarts': 0, 'SiteHistory': ['Unknown'], 'ResidentSetSize': [0], 'SubmitTimes': [1762278680.0], 'StartTimes': [], 'EndTimes': [], 'TotalUserCpuTimeHistory': [0.0], 'TotalSysCpuTimeHistory': [0.0], 'WallDurations': [0], 'JobIds': ['137314121.0'], 'State': 'idle', 'RecordedSite': False}, '244': {'Retries': 0, 'Restarts': 0, 'SiteHistory': ['Unknown'], 'ResidentSetSize': [0], 'SubmitTimes': [1762278680.0], 'StartTimes': [], 'EndTimes': [], 'TotalUserCpuTimeHistory': [0.0], 'TotalSysCpuTimeHistory': [0.0], 'WallDurations': [0], 'JobIds': ['137314122.0'], 'State': 'idle', 'RecordedSite': False}, '242': {'Retries': 0, 'Restarts': 0, 'SiteHistory': ['Unknown'], 'ResidentSetSize': [0], 'SubmitTimes': [1762278680.0], 'StartTimes': [], 'EndTimes': [], 'TotalUserCpuTimeHistory': [0.0], 'TotalSysCpuTimeHistory': [0.0], 'WallDurations': [0], 'JobIds': ['137314123.0'], 'State': 'idle', 'RecordedSite': False}, '245': {'Retries': 0, 'Restarts': 0, 'SiteHistory': ['Unknown'], 'ResidentSetSize': [0], 'SubmitTimes': [1762278680.0], 'StartTimes': [], 'EndTimes': [], 'TotalUserCpuTimeHistory': [0.0], 'TotalSysCpuTimeHistory': [0.0], 'WallDurations': [0], 'JobIds': ['137314124.0'], 'State': 'idle', 'RecordedSite': False}, '248': {'Retries': 0, 'Restarts': 0, 'SiteHistory': ['Unknown'], 'ResidentSetSize': [0], 'SubmitTimes': [1762278680.0], 'StartTimes': [], 'EndTimes': [], 'TotalUserCpuTimeHistory': [0.0], 'TotalSysCpuTimeHistory': [0.0], 'WallDurations': [0], 'JobIds': ['137314125.0'], 'State': 'idle', 'RecordedSite': False}, '243': {'Retries': 0, 'Restarts': 0, 'SiteHistory': ['Unknown'], 'ResidentSetSize': [0], 'SubmitTimes': [1762278680.0], 'StartTimes': [], 'EndTimes': [], 'TotalUserCpuTimeHistory': [0.0], 'TotalSysCpuTimeHistory': [0.0], 'WallDurations': [0], 'JobIds': ['137314126.0'], 'State': 'idle', 'RecordedSite': False}, '249': {'Retries': 0, 'Restarts': 0, 'SiteHistory': ['Unknown'], 'ResidentSetSize': [0], 'SubmitTimes': [1762278680.0], 'StartTimes': [], 'EndTimes': [], 'TotalUserCpuTimeHistory': [0.0], 'TotalSysCpuTimeHistory': [0.0], 'WallDurations': [0], 'JobIds': ['137314127.0'], 'State': 'idle', 'RecordedSite': False}, '246': {'Retries': 0, 'Restarts': 0, 'SiteHistory': ['Unknown'], 'ResidentSetSize': [0], 'SubmitTimes': [1762278680.0], 'StartTimes': [], 'EndTimes': [], 'TotalUserCpuTimeHistory': [0.0], 'TotalSysCpuTimeHistory': [0.0], 'WallDurations': [0], 'JobIds': ['137314128.0'], 'State': 'idle', 'RecordedSite': False}, '253': {'Retries': 0, 'Restarts': 0, 'SiteHistory': ['Unknown'], 'ResidentSetSize': [0], 'SubmitTimes': [1762278680.0], 'StartTimes': [], 'EndTimes': [], 'TotalUserCpuTimeHistory': [0.0], 'TotalSysCpuTimeHistory': [0.0], 'WallDurations': [0], 'JobIds': ['137314129.0'], 'State': 'idle', 'RecordedSite': False}, '250': {'Retries': 0, 'Restarts': 0, 'SiteHistory': ['Unknown'], 'ResidentSetSize': [0], 'SubmitTimes': [1762278681.0], 'StartTimes': [], 'EndTimes': [], 'TotalUserCpuTimeHistory': [0.0], 'TotalSysCpuTimeHistory': [0.0], 'WallDurations': [0], 'JobIds': ['137314130.0'], 'State': 'idle', 'RecordedSite': False}, '251': {'Retries': 0, 'Restarts': 0, 'SiteHistory': ['Unknown'], 'ResidentSetSize': [0], 'SubmitTimes': [1762278681.0], 'StartTimes': [], 'EndTimes': [], 'TotalUserCpuTimeHistory': [0.0], 'TotalSysCpuTimeHistory': [0.0], 'WallDurations': [0], 'JobIds': ['137314131.0'], 'State': 'idle', 'RecordedSite': False}, '255': {'Retries': 0, 'Restarts': 0, 'SiteHistory': ['Unknown'], 'ResidentSetSize': [0], 'SubmitTimes': [1762278681.0], 'StartTimes': [], 'EndTimes': [], 'TotalUserCpuTimeHistory': [0.0], 'TotalSysCpuTimeHistory': [0.0], 'WallDurations': [0], 'JobIds': ['137314132.0'], 'State': 'idle', 'RecordedSite': False}, '247': {'Retries': 0, 'Restarts': 0, 'SiteHistory': ['Unknown'], 'ResidentSetSize': [0], 'SubmitTimes': [1762278681.0], 'StartTimes': [], 'EndTimes': [], 'TotalUserCpuTimeHistory': [0.0], 'TotalSysCpuTimeHistory': [0.0], 'WallDurations': [0], 'JobIds': ['137314133.0'], 'State': 'idle', 'RecordedSite': False}, '254': {'Retries': 0, 'Restarts': 0, 'SiteHistory': ['Unknown'], 'ResidentSetSize': [0], 'SubmitTimes': [1762278681.0], 'StartTimes': [], 'EndTimes': [], 'TotalUserCpuTimeHistory': [0.0], 'TotalSysCpuTimeHistory': [0.0], 'WallDurations': [0], 'JobIds': ['137314134.0'], 'State': 'idle', 'RecordedSite': False}, '260': {'Retries': 0, 'Restarts': 0, 'SiteHistory': ['Unknown'], 'ResidentSetSize': [0], 'SubmitTimes': [1762278681.0], 'StartTimes': [], 'EndTimes': [], 'TotalUserCpuTimeHistory': [0.0], 'TotalSysCpuTimeHistory': [0.0], 'WallDurations': [0], 'JobIds': ['137314135.0'], 'State': 'idle', 'RecordedSite': False}, '259': {'Retries': 0, 'Restarts': 0, 'SiteHistory': ['Unknown'], 'ResidentSetSize': [0], 'SubmitTimes': [1762278681.0], 'StartTimes': [], 'EndTimes': [], 'TotalUserCpuTimeHistory': [0.0], 'TotalSysCpuTimeHistory': [0.0], 'WallDurations': [0], 'JobIds': ['137314136.0'], 'State': 'idle', 'RecordedSite': False}, '261': {'Retries': 0, 'Restarts': 0, 'SiteHistory': ['Unknown'], 'ResidentSetSize': [0], 'SubmitTimes': [1762278681.0], 'StartTimes': [], 'EndTimes': [], 'TotalUserCpuTimeHistory': [0.0], 'TotalSysCpuTimeHistory': [0.0], 'WallDurations': [0], 'JobIds': ['137314137.0'], 'State': 'idle', 'RecordedSite': False}, '252': {'Retries': 0, 'Restarts': 0, 'SiteHistory': ['Unknown'], 'ResidentSetSize': [0], 'SubmitTimes': [1762278681.0], 'StartTimes': [], 'EndTimes': [], 'TotalUserCpuTimeHistory': [0.0], 'TotalSysCpuTimeHistory': [0.0], 'WallDurations': [0], 'JobIds': ['137314138.0'], 'State': 'idle', 'RecordedSite': False}, '258': {'Retries': 0, 'Restarts': 0, 'SiteHistory': ['Unknown'], 'ResidentSetSize': [0], 'SubmitTimes': [1762278681.0], 'StartTimes': [], 'EndTimes': [], 'TotalUserCpuTimeHistory': [0.0], 'TotalSysCpuTimeHistory': [0.0], 'WallDurations': [0], 'JobIds': ['137314139.0'], 'State': 'idle', 'RecordedSite': False}, '256': {'Retries': 0, 'Restarts': 0, 'SiteHistory': ['Unknown'], 'ResidentSetSize': [0], 'SubmitTimes': [1762278681.0], 'StartTimes': [], 'EndTimes': [], 'TotalUserCpuTimeHistory': [0.0], 'TotalSysCpuTimeHistory': [0.0], 'WallDurations': [0], 'JobIds': ['137314140.0'], 'State': 'idle', 'RecordedSite': False}, '264': {'Retries': 0, 'Restarts': 0, 'SiteHistory': ['Unknown'], 'ResidentSetSize': [0], 'SubmitTimes': [1762278681.0], 'StartTimes': [], 'EndTimes': [], 'TotalUserCpuTimeHistory': [0.0], 'TotalSysCpuTimeHistory': [0.0], 'WallDurations': [0], 'JobIds': ['137314141.0'], 'State': 'idle', 'RecordedSite': False}, '257': {'Retries': 0, 'Restarts': 0, 'SiteHistory': ['Unknown'], 'ResidentSetSize': [0], 'SubmitTimes': [1762278681.0], 'StartTimes': [], 'EndTimes': [], 'TotalUserCpuTimeHistory': [0.0], 'TotalSysCpuTimeHistory': [0.0], 'WallDurations': [0], 'JobIds': ['137314142.0'], 'State': 'idle', 'RecordedSite': False}, '263': {'Retries': 0, 'Restarts': 0, 'SiteHistory': ['Unknown'], 'ResidentSetSize': [0], 'SubmitTimes': [1762278681.0], 'StartTimes': [], 'EndTimes': [], 'TotalUserCpuTimeHistory': [0.0], 'TotalSysCpuTimeHistory': [0.0], 'WallDurations': [0], 'JobIds': ['137314143.0'], 'State': 'idle', 'RecordedSite': False}, '262': {'Retries': 0, 'Restarts': 0, 'SiteHistory': ['Unknown'], 'ResidentSetSize': [0], 'SubmitTimes': [1762278681.0], 'StartTimes': [], 'EndTimes': [], 'TotalUserCpuTimeHistory': [0.0], 'TotalSysCpuTimeHistory': [0.0], 'WallDurations': [0], 'JobIds': ['137314144.0'], 'State': 'idle', 'RecordedSite': False}, '265': {'Retries': 0, 'Restarts': 0, 'SiteHistory': ['Unknown'], 'ResidentSetSize': [0], 'SubmitTimes': [1762278681.0], 'StartTimes': [], 'EndTimes': [], 'TotalUserCpuTimeHistory': [0.0], 'TotalSysCpuTimeHistory': [0.0], 'WallDurations': [0], 'JobIds': ['137314145.0'], 'State': 'idle', 'RecordedSite': False}, '272': {'Retries': 0, 'Restarts': 0, 'SiteHistory': ['Unknown'], 'ResidentSetSize': [0], 'SubmitTimes': [1762278681.0], 'StartTimes': [], 'EndTimes': [], 'TotalUserCpuTimeHistory': [0.0], 'TotalSysCpuTimeHistory': [0.0], 'WallDurations': [0], 'JobIds': ['137314146.0'], 'State': 'idle', 'RecordedSite': False}, '269': {'Retries': 0, 'Restarts': 0, 'SiteHistory': ['Unknown'], 'ResidentSetSize': [0], 'SubmitTimes': [1762278681.0], 'StartTimes': [], 'EndTimes': [], 'TotalUserCpuTimeHistory': [0.0], 'TotalSysCpuTimeHistory': [0.0], 'WallDurations': [0], 'JobIds': ['137314147.0'], 'State': 'idle', 'RecordedSite': False}, '267': {'Retries': 0, 'Restarts': 0, 'SiteHistory': ['Unknown'], 'ResidentSetSize': [0], 'SubmitTimes': [1762278681.0], 'StartTimes': [], 'EndTimes': [], 'TotalUserCpuTimeHistory': [0.0], 'TotalSysCpuTimeHistory': [0.0], 'WallDurations': [0], 'JobIds': ['137314148.0'], 'State': 'idle', 'RecordedSite': False}, '266': {'Retries': 0, 'Restarts': 0, 'SiteHistory': ['Unknown'], 'ResidentSetSize': [0], 'SubmitTimes': [1762278681.0], 'StartTimes': [], 'EndTimes': [], 'TotalUserCpuTimeHistory': [0.0], 'TotalSysCpuTimeHistory': [0.0], 'WallDurations': [0], 'JobIds': ['137314149.0'], 'State': 'idle', 'RecordedSite': False}, '273': {'Retries': 0, 'Restarts': 0, 'SiteHistory': ['Unknown'], 'ResidentSetSize': [0], 'SubmitTimes': [1762278681.0], 'StartTimes': [], 'EndTimes': [], 'TotalUserCpuTimeHistory': [0.0], 'TotalSysCpuTimeHistory': [0.0], 'WallDurations': [0], 'JobIds': ['137314150.0'], 'State': 'idle', 'RecordedSite': False}, '268': {'Retries': 0, 'Restarts': 0, 'SiteHistory': ['Unknown'], 'ResidentSetSize': [0], 'SubmitTimes': [1762278681.0], 'StartTimes': [], 'EndTimes': [], 'TotalUserCpuTimeHistory': [0.0], 'TotalSysCpuTimeHistory': [0.0], 'WallDurations': [0], 'JobIds': ['137314151.0'], 'State': 'idle', 'RecordedSite': False}, '270': {'Retries': 0, 'Restarts': 0, 'SiteHistory': ['Unknown'], 'ResidentSetSize': [0], 'SubmitTimes': [1762278681.0], 'StartTimes': [], 'EndTimes': [], 'TotalUserCpuTimeHistory': [0.0], 'TotalSysCpuTimeHistory': [0.0], 'WallDurations': [0], 'JobIds': ['137314152.0'], 'State': 'idle', 'RecordedSite': False}, '271': {'Retries': 0, 'Restarts': 0, 'SiteHistory': ['Unknown'], 'ResidentSetSize': [0], 'SubmitTimes': [1762278681.0], 'StartTimes': [], 'EndTimes': [], 'TotalUserCpuTimeHistory': [0.0], 'TotalSysCpuTimeHistory': [0.0], 'WallDurations': [0], 'JobIds': ['137314153.0'], 'State': 'idle', 'RecordedSite': False}, '274': {'Retries': 0, 'Restarts': 0, 'SiteHistory': ['Unknown'], 'ResidentSetSize': [0], 'SubmitTimes': [1762278682.0], 'StartTimes': [], 'EndTimes': [], 'TotalUserCpuTimeHistory': [0.0], 'TotalSysCpuTimeHistory': [0.0], 'WallDurations': [0], 'JobIds': ['137314154.0'], 'State': 'idle', 'RecordedSite': False}, '275': {'Retries': 0, 'Restarts': 0, 'SiteHistory': ['Unknown'], 'ResidentSetSize': [0], 'SubmitTimes': [1762278682.0], 'StartTimes': [], 'EndTimes': [], 'TotalUserCpuTimeHistory': [0.0], 'TotalSysCpuTimeHistory': [0.0], 'WallDurations': [0], 'JobIds': ['137314155.0'], 'State': 'idle', 'RecordedSite': False}, '276': {'Retries': 0, 'Restarts': 0, 'SiteHistory': ['Unknown'], 'ResidentSetSize': [0], 'SubmitTimes': [1762278682.0], 'StartTimes': [], 'EndTimes': [], 'TotalUserCpuTimeHistory': [0.0], 'TotalSysCpuTimeHistory': [0.0], 'WallDurations': [0], 'JobIds': ['137314156.0'], 'State': 'idle', 'RecordedSite': False}, '277': {'Retries': 0, 'Restarts': 0, 'SiteHistory': ['Unknown'], 'ResidentSetSize': [0], 'SubmitTimes': [1762278682.0], 'StartTimes': [], 'EndTimes': [], 'TotalUserCpuTimeHistory': [0.0], 'TotalSysCpuTimeHistory': [0.0], 'WallDurations': [0], 'JobIds': ['137314157.0'], 'State': 'idle', 'RecordedSite': False}, '278': {'Retries': 0, 'Restarts': 0, 'SiteHistory': ['Unknown'], 'ResidentSetSize': [0], 'SubmitTimes': [1762278682.0], 'StartTimes': [], 'EndTimes': [], 'TotalUserCpuTimeHistory': [0.0], 'TotalSysCpuTimeHistory': [0.0], 'WallDurations': [0], 'JobIds': ['137314158.0'], 'State': 'idle', 'RecordedSite': False}, '279': {'Retries': 0, 'Restarts': 0, 'SiteHistory': ['Unknown'], 'ResidentSetSize': [0], 'SubmitTimes': [1762278682.0], 'StartTimes': [], 'EndTimes': [], 'TotalUserCpuTimeHistory': [0.0], 'TotalSysCpuTimeHistory': [0.0], 'WallDurations': [0], 'JobIds': ['137314159.0'], 'State': 'idle', 'RecordedSite': False}, '280': {'Retries': 0, 'Restarts': 0, 'SiteHistory': ['Unknown'], 'ResidentSetSize': [0], 'SubmitTimes': [1762278682.0], 'StartTimes': [], 'EndTimes': [], 'TotalUserCpuTimeHistory': [0.0], 'TotalSysCpuTimeHistory': [0.0], 'WallDurations': [0], 'JobIds': ['137314160.0'], 'State': 'idle', 'RecordedSite': False}, '281': {'Retries': 0, 'Restarts': 0, 'SiteHistory': ['Unknown'], 'ResidentSetSize': [0], 'SubmitTimes': [1762278682.0], 'StartTimes': [], 'EndTimes': [], 'TotalUserCpuTimeHistory': [0.0], 'TotalSysCpuTimeHistory': [0.0], 'WallDurations': [0], 'JobIds': ['137314161.0'], 'State': 'idle', 'RecordedSite': False}, '282': {'Retries': 0, 'Restarts': 0, 'SiteHistory': ['Unknown'], 'ResidentSetSize': [0], 'SubmitTimes': [1762278682.0], 'StartTimes': [], 'EndTimes': [], 'TotalUserCpuTimeHistory': [0.0], 'TotalSysCpuTimeHistory': [0.0], 'WallDurations': [0], 'JobIds': ['137314162.0'], 'State': 'idle', 'RecordedSite': False}, '283': {'Retries': 0, 'Restarts': 0, 'SiteHistory': ['Unknown'], 'ResidentSetSize': [0], 'SubmitTimes': [1762278682.0], 'StartTimes': [], 'EndTimes': [], 'TotalUserCpuTimeHistory': [0.0], 'TotalSysCpuTimeHistory': [0.0], 'WallDurations': [0], 'JobIds': ['137314163.0'], 'State': 'idle', 'RecordedSite': False}, '284': {'Retries': 0, 'Restarts': 0, 'SiteHistory': ['Unknown'], 'ResidentSetSize': [0], 'SubmitTimes': [1762278682.0], 'StartTimes': [], 'EndTimes': [], 'TotalUserCpuTimeHistory': [0.0], 'TotalSysCpuTimeHistory': [0.0], 'WallDurations': [0], 'JobIds': ['137314164.0'], 'State': 'idle', 'RecordedSite': False}, '285': {'Retries': 0, 'Restarts': 0, 'SiteHistory': ['Unknown'], 'ResidentSetSize': [0], 'SubmitTimes': [1762278682.0], 'StartTimes': [], 'EndTimes': [], 'TotalUserCpuTimeHistory': [0.0], 'TotalSysCpuTimeHistory': [0.0], 'WallDurations': [0], 'JobIds': ['137314165.0'], 'State': 'idle', 'RecordedSite': False}, '286': {'Retries': 0, 'Restarts': 0, 'SiteHistory': ['Unknown'], 'ResidentSetSize': [0], 'SubmitTimes': [1762278682.0], 'StartTimes': [], 'EndTimes': [], 'TotalUserCpuTimeHistory': [0.0], 'TotalSysCpuTimeHistory': [0.0], 'WallDurations': [0], 'JobIds': ['137314166.0'], 'State': 'idle', 'RecordedSite': False}, '287': {'Retries': 0, 'Restarts': 0, 'SiteHistory': ['Unknown'], 'ResidentSetSize': [0], 'SubmitTimes': [1762278682.0], 'StartTimes': [], 'EndTimes': [], 'TotalUserCpuTimeHistory': [0.0], 'TotalSysCpuTimeHistory': [0.0], 'WallDurations': [0], 'JobIds': ['137314167.0'], 'State': 'idle', 'RecordedSite': False}, '288': {'Retries': 0, 'Restarts': 0, 'SiteHistory': ['Unknown'], 'ResidentSetSize': [0], 'SubmitTimes': [1762278682.0], 'StartTimes': [], 'EndTimes': [], 'TotalUserCpuTimeHistory': [0.0], 'TotalSysCpuTimeHistory': [0.0], 'WallDurations': [0], 'JobIds': ['137314168.0'], 'State': 'idle', 'RecordedSite': False}, '289': {'Retries': 0, 'Restarts': 0, 'SiteHistory': ['Unknown'], 'ResidentSetSize': [0], 'SubmitTimes': [1762278682.0], 'StartTimes': [], 'EndTimes': [], 'TotalUserCpuTimeHistory': [0.0], 'TotalSysCpuTimeHistory': [0.0], 'WallDurations': [0], 'JobIds': ['137314169.0'], 'State': 'idle', 'RecordedSite': False}, '290': {'Retries': 0, 'Restarts': 0, 'SiteHistory': ['Unknown'], 'ResidentSetSize': [0], 'SubmitTimes': [1762278682.0], 'StartTimes': [], 'EndTimes': [], 'TotalUserCpuTimeHistory': [0.0], 'TotalSysCpuTimeHistory': [0.0], 'WallDurations': [0], 'JobIds': ['137314170.0'], 'State': 'idle', 'RecordedSite': False}, '293': {'Retries': 0, 'Restarts': 0, 'SiteHistory': ['Unknown'], 'ResidentSetSize': [0], 'SubmitTimes': [1762278682.0], 'StartTimes': [], 'EndTimes': [], 'TotalUserCpuTimeHistory': [0.0], 'TotalSysCpuTimeHistory': [0.0], 'WallDurations': [0], 'JobIds': ['137314171.0'], 'State': 'idle', 'RecordedSite': False}, '302': {'Retries': 0, 'Restarts': 0, 'SiteHistory': ['Unknown'], 'ResidentSetSize': [0], 'SubmitTimes': [1762278682.0], 'StartTimes': [], 'EndTimes': [], 'TotalUserCpuTimeHistory': [0.0], 'TotalSysCpuTimeHistory': [0.0], 'WallDurations': [0], 'JobIds': ['137314172.0'], 'State': 'idle', 'RecordedSite': False}, '305': {'Retries': 0, 'Restarts': 0, 'SiteHistory': ['Unknown'], 'ResidentSetSize': [0], 'SubmitTimes': [1762278682.0], 'StartTimes': [], 'EndTimes': [], 'TotalUserCpuTimeHistory': [0.0], 'TotalSysCpuTimeHistory': [0.0], 'WallDurations': [0], 'JobIds': ['137314173.0'], 'State': 'idle', 'RecordedSite': False}, '308': {'Retries': 0, 'Restarts': 0, 'SiteHistory': ['Unknown'], 'ResidentSetSize': [0], 'SubmitTimes': [1762278682.0], 'StartTimes': [], 'EndTimes': [], 'TotalUserCpuTimeHistory': [0.0], 'TotalSysCpuTimeHistory': [0.0], 'WallDurations': [0], 'JobIds': ['137314174.0'], 'State': 'idle', 'RecordedSite': False}, '297': {'Retries': 0, 'Restarts': 0, 'SiteHistory': ['Unknown'], 'ResidentSetSize': [0], 'SubmitTimes': [1762278682.0], 'StartTimes': [], 'EndTimes': [], 'TotalUserCpuTimeHistory': [0.0], 'TotalSysCpuTimeHistory': [0.0], 'WallDurations': [0], 'JobIds': ['137314175.0'], 'State': 'idle', 'RecordedSite': False}, '299': {'Retries': 0, 'Restarts': 0, 'SiteHistory': ['Unknown'], 'ResidentSetSize': [0], 'SubmitTimes': [1762278682.0], 'StartTimes': [], 'EndTimes': [], 'TotalUserCpuTimeHistory': [0.0], 'TotalSysCpuTimeHistory': [0.0], 'WallDurations': [0], 'JobIds': ['137314176.0'], 'State': 'idle', 'RecordedSite': False}, '303': {'Retries': 0, 'Restarts': 0, 'SiteHistory': ['Unknown'], 'ResidentSetSize': [0], 'SubmitTimes': [1762278682.0], 'StartTimes': [], 'EndTimes': [], 'TotalUserCpuTimeHistory': [0.0], 'TotalSysCpuTimeHistory': [0.0], 'WallDurations': [0], 'JobIds': ['137314177.0'], 'State': 'idle', 'RecordedSite': False}, '307': {'Retries': 0, 'Restarts': 0, 'SiteHistory': ['Unknown'], 'ResidentSetSize': [0], 'SubmitTimes': [1762278682.0], 'StartTimes': [], 'EndTimes': [], 'TotalUserCpuTimeHistory': [0.0], 'TotalSysCpuTimeHistory': [0.0], 'WallDurations': [0], 'JobIds': ['137314178.0'], 'State': 'idle', 'RecordedSite': False}, '311': {'Retries': 0, 'Restarts': 0, 'SiteHistory': ['Unknown'], 'ResidentSetSize': [0], 'SubmitTimes': [1762278682.0], 'StartTimes': [], 'EndTimes': [], 'TotalUserCpuTimeHistory': [0.0], 'TotalSysCpuTimeHistory': [0.0], 'WallDurations': [0], 'JobIds': ['137314179.0'], 'State': 'idle', 'RecordedSite': False}, '294': {'Retries': 0, 'Restarts': 0, 'SiteHistory': ['Unknown'], 'ResidentSetSize': [0], 'SubmitTimes': [1762278682.0], 'StartTimes': [], 'EndTimes': [], 'TotalUserCpuTimeHistory': [0.0], 'TotalSysCpuTimeHistory': [0.0], 'WallDurations': [0], 'JobIds': ['137314180.0'], 'State': 'idle', 'RecordedSite': False}, '300': {'Retries': 0, 'Restarts': 0, 'SiteHistory': ['Unknown'], 'ResidentSetSize': [0], 'SubmitTimes': [1762278682.0], 'StartTimes': [], 'EndTimes': [], 'TotalUserCpuTimeHistory': [0.0], 'TotalSysCpuTimeHistory': [0.0], 'WallDurations': [0], 'JobIds': ['137314181.0'], 'State': 'idle', 'RecordedSite': False}, '304': {'Retries': 0, 'Restarts': 0, 'SiteHistory': ['Unknown'], 'ResidentSetSize': [0], 'SubmitTimes': [1762278682.0], 'StartTimes': [], 'EndTimes': [], 'TotalUserCpuTimeHistory': [0.0], 'TotalSysCpuTimeHistory': [0.0], 'WallDurations': [0], 'JobIds': ['137314182.0'], 'State': 'idle', 'RecordedSite': False}, '310': {'Retries': 0, 'Restarts': 0, 'SiteHistory': ['Unknown'], 'ResidentSetSize': [0], 'SubmitTimes': [1762278682.0], 'StartTimes': [], 'EndTimes': [], 'TotalUserCpuTimeHistory': [0.0], 'TotalSysCpuTimeHistory': [0.0], 'WallDurations': [0], 'JobIds': ['137314183.0'], 'State': 'idle', 'RecordedSite': False}, '306': {'Retries': 0, 'Restarts': 0, 'SiteHistory': ['Unknown'], 'ResidentSetSize': [0], 'SubmitTimes': [1762278682.0], 'StartTimes': [], 'EndTimes': [], 'TotalUserCpuTimeHistory': [0.0], 'TotalSysCpuTimeHistory': [0.0], 'WallDurations': [0], 'JobIds': ['137314184.0'], 'State': 'idle', 'RecordedSite': False}, '301': {'Retries': 0, 'Restarts': 0, 'SiteHistory': ['Unknown'], 'ResidentSetSize': [0], 'SubmitTimes': [1762278682.0], 'StartTimes': [], 'EndTimes': [], 'TotalUserCpuTimeHistory': [0.0], 'TotalSysCpuTimeHistory': [0.0], 'WallDurations': [0], 'JobIds': ['137314185.0'], 'State': 'idle', 'RecordedSite': False}, '309': {'Retries': 0, 'Restarts': 0, 'SiteHistory': ['Unknown'], 'ResidentSetSize': [0], 'SubmitTimes': [1762278682.0], 'StartTimes': [], 'EndTimes': [], 'TotalUserCpuTimeHistory': [0.0], 'TotalSysCpuTimeHistory': [0.0], 'WallDurations': [0], 'JobIds': ['137314186.0'], 'State': 'idle', 'RecordedSite': False}, '295': {'Retries': 0, 'Restarts': 0, 'SiteHistory': ['Unknown'], 'ResidentSetSize': [0], 'SubmitTimes': [1762278682.0], 'StartTimes': [], 'EndTimes': [], 'TotalUserCpuTimeHistory': [0.0], 'TotalSysCpuTimeHistory': [0.0], 'WallDurations': [0], 'JobIds': ['137314187.0'], 'State': 'idle', 'RecordedSite': False}, '317': {'Retries': 0, 'Restarts': 0, 'SiteHistory': ['Unknown'], 'ResidentSetSize': [0], 'SubmitTimes': [1762278682.0], 'StartTimes': [], 'EndTimes': [], 'TotalUserCpuTimeHistory': [0.0], 'TotalSysCpuTimeHistory': [0.0], 'WallDurations': [0], 'JobIds': ['137314188.0'], 'State': 'idle', 'RecordedSite': False}, '312': {'Retries': 0, 'Restarts': 0, 'SiteHistory': ['Unknown'], 'ResidentSetSize': [0], 'SubmitTimes': [1762278682.0], 'StartTimes': [], 'EndTimes': [], 'TotalUserCpuTimeHistory': [0.0], 'TotalSysCpuTimeHistory': [0.0], 'WallDurations': [0], 'JobIds': ['137314189.0'], 'State': 'idle', 'RecordedSite': False}, '292': {'Retries': 0, 'Restarts': 0, 'SiteHistory': ['Unknown'], 'ResidentSetSize': [0], 'SubmitTimes': [1762278682.0], 'StartTimes': [], 'EndTimes': [], 'TotalUserCpuTimeHistory': [0.0], 'TotalSysCpuTimeHistory': [0.0], 'WallDurations': [0], 'JobIds': ['137314190.0'], 'State': 'idle', 'RecordedSite': False}, '298': {'Retries': 0, 'Restarts': 0, 'SiteHistory': ['Unknown'], 'ResidentSetSize': [0], 'SubmitTimes': [1762278682.0], 'StartTimes': [], 'EndTimes': [], 'TotalUserCpuTimeHistory': [0.0], 'TotalSysCpuTimeHistory': [0.0], 'WallDurations': [0], 'JobIds': ['137314191.0'], 'State': 'idle', 'RecordedSite': False}, '296': {'Retries': 0, 'Restarts': 0, 'SiteHistory': ['Unknown'], 'ResidentSetSize': [0], 'SubmitTimes': [1762278682.0], 'StartTimes': [], 'EndTimes': [], 'TotalUserCpuTimeHistory': [0.0], 'TotalSysCpuTimeHistory': [0.0], 'WallDurations': [0], 'JobIds': ['137314192.0'], 'State': 'idle', 'RecordedSite': False}, '316': {'Retries': 0, 'Restarts': 0, 'SiteHistory': ['Unknown'], 'ResidentSetSize': [0], 'SubmitTimes': [1762278682.0], 'StartTimes': [], 'EndTimes': [], 'TotalUserCpuTimeHistory': [0.0], 'TotalSysCpuTimeHistory': [0.0], 'WallDurations': [0], 'JobIds': ['137314193.0'], 'State': 'idle', 'RecordedSite': False}, '318': {'Retries': 0, 'Restarts': 0, 'SiteHistory': ['Unknown'], 'ResidentSetSize': [0], 'SubmitTimes': [1762278682.0], 'StartTimes': [], 'EndTimes': [], 'TotalUserCpuTimeHistory': [0.0], 'TotalSysCpuTimeHistory': [0.0], 'WallDurations': [0], 'JobIds': ['137314194.0'], 'State': 'idle', 'RecordedSite': False}, '322': {'Retries': 0, 'Restarts': 0, 'SiteHistory': ['Unknown'], 'ResidentSetSize': [0], 'SubmitTimes': [1762278682.0], 'StartTimes': [], 'EndTimes': [], 'TotalUserCpuTimeHistory': [0.0], 'TotalSysCpuTimeHistory': [0.0], 'WallDurations': [0], 'JobIds': ['137314195.0'], 'State': 'idle', 'RecordedSite': False}, '313': {'Retries': 0, 'Restarts': 0, 'SiteHistory': ['Unknown'], 'ResidentSetSize': [0], 'SubmitTimes': [1762278687.0], 'StartTimes': [], 'EndTimes': [], 'TotalUserCpuTimeHistory': [0.0], 'TotalSysCpuTimeHistory': [0.0], 'WallDurations': [0], 'JobIds': ['137314196.0'], 'State': 'idle', 'RecordedSite': False}, '328': {'Retries': 0, 'Restarts': 0, 'SiteHistory': ['Unknown'], 'ResidentSetSize': [0], 'SubmitTimes': [1762278687.0], 'StartTimes': [], 'EndTimes': [], 'TotalUserCpuTimeHistory': [0.0], 'TotalSysCpuTimeHistory': [0.0], 'WallDurations': [0], 'JobIds': ['137314197.0'], 'State': 'idle', 'RecordedSite': False}, '314': {'Retries': 0, 'Restarts': 0, 'SiteHistory': ['Unknown'], 'ResidentSetSize': [0], 'SubmitTimes': [1762278687.0], 'StartTimes': [], 'EndTimes': [], 'TotalUserCpuTimeHistory': [0.0], 'TotalSysCpuTimeHistory': [0.0], 'WallDurations': [0], 'JobIds': ['137314198.0'], 'State': 'idle', 'RecordedSite': False}, '315': {'Retries': 0, 'Restarts': 0, 'SiteHistory': ['Unknown'], 'ResidentSetSize': [0], 'SubmitTimes': [1762278687.0], 'StartTimes': [], 'EndTimes': [], 'TotalUserCpuTimeHistory': [0.0], 'TotalSysCpuTimeHistory': [0.0], 'WallDurations': [0], 'JobIds': ['137314199.0'], 'State': 'idle', 'RecordedSite': False}, '323': {'Retries': 0, 'Restarts': 0, 'SiteHistory': ['Unknown'], 'ResidentSetSize': [0], 'SubmitTimes': [1762278687.0], 'StartTimes': [], 'EndTimes': [], 'TotalUserCpuTimeHistory': [0.0], 'TotalSysCpuTimeHistory': [0.0], 'WallDurations': [0], 'JobIds': ['137314200.0'], 'State': 'idle', 'RecordedSite': False}, '321': {'Retries': 0, 'Restarts': 0, 'SiteHistory': ['Unknown'], 'ResidentSetSize': [0], 'SubmitTimes': [1762278688.0], 'StartTimes': [], 'EndTimes': [], 'TotalUserCpuTimeHistory': [0.0], 'TotalSysCpuTimeHistory': [0.0], 'WallDurations': [0], 'JobIds': ['137314201.0'], 'State': 'idle', 'RecordedSite': False}, '324': {'Retries': 0, 'Restarts': 0, 'SiteHistory': ['Unknown'], 'ResidentSetSize': [0], 'SubmitTimes': [1762278688.0], 'StartTimes': [], 'EndTimes': [], 'TotalUserCpuTimeHistory': [0.0], 'TotalSysCpuTimeHistory': [0.0], 'WallDurations': [0], 'JobIds': ['137314202.0'], 'State': 'idle', 'RecordedSite': False}, '320': {'Retries': 0, 'Restarts': 0, 'SiteHistory': ['Unknown'], 'ResidentSetSize': [0], 'SubmitTimes': [1762278688.0], 'StartTimes': [], 'EndTimes': [], 'TotalUserCpuTimeHistory': [0.0], 'TotalSysCpuTimeHistory': [0.0], 'WallDurations': [0], 'JobIds': ['137314203.0'], 'State': 'idle', 'RecordedSite': False}, '319': {'Retries': 0, 'Restarts': 0, 'SiteHistory': ['Unknown'], 'ResidentSetSize': [0], 'SubmitTimes': [1762278688.0], 'StartTimes': [], 'EndTimes': [], 'TotalUserCpuTimeHistory': [0.0], 'TotalSysCpuTimeHistory': [0.0], 'WallDurations': [0], 'JobIds': ['137314204.0'], 'State': 'idle', 'RecordedSite': False}, '325': {'Retries': 0, 'Restarts': 0, 'SiteHistory': ['Unknown'], 'ResidentSetSize': [0], 'SubmitTimes': [1762278688.0], 'StartTimes': [], 'EndTimes': [], 'TotalUserCpuTimeHistory': [0.0], 'TotalSysCpuTimeHistory': [0.0], 'WallDurations': [0], 'JobIds': ['137314205.0'], 'State': 'idle', 'RecordedSite': False}, '327': {'Retries': 0, 'Restarts': 0, 'SiteHistory': ['Unknown'], 'ResidentSetSize': [0], 'SubmitTimes': [1762278688.0], 'StartTimes': [], 'EndTimes': [], 'TotalUserCpuTimeHistory': [0.0], 'TotalSysCpuTimeHistory': [0.0], 'WallDurations': [0], 'JobIds': ['137314206.0'], 'State': 'idle', 'RecordedSite': False}, '342': {'Retries': 0, 'Restarts': 0, 'SiteHistory': ['Unknown'], 'ResidentSetSize': [0], 'SubmitTimes': [1762278688.0], 'StartTimes': [], 'EndTimes': [], 'TotalUserCpuTimeHistory': [0.0], 'TotalSysCpuTimeHistory': [0.0], 'WallDurations': [0], 'JobIds': ['137314207.0'], 'State': 'idle', 'RecordedSite': False}, '329': {'Retries': 0, 'Restarts': 0, 'SiteHistory': ['Unknown'], 'ResidentSetSize': [0], 'SubmitTimes': [1762278688.0], 'StartTimes': [], 'EndTimes': [], 'TotalUserCpuTimeHistory': [0.0], 'TotalSysCpuTimeHistory': [0.0], 'WallDurations': [0], 'JobIds': ['137314208.0'], 'State': 'idle', 'RecordedSite': False}, '330': {'Retries': 0, 'Restarts': 0, 'SiteHistory': ['Unknown'], 'ResidentSetSize': [0], 'SubmitTimes': [1762278688.0], 'StartTimes': [], 'EndTimes': [], 'TotalUserCpuTimeHistory': [0.0], 'TotalSysCpuTimeHistory': [0.0], 'WallDurations': [0], 'JobIds': ['137314209.0'], 'State': 'idle', 'RecordedSite': False}, '337': {'Retries': 0, 'Restarts': 0, 'SiteHistory': ['Unknown'], 'ResidentSetSize': [0], 'SubmitTimes': [1762278688.0], 'StartTimes': [], 'EndTimes': [], 'TotalUserCpuTimeHistory': [0.0], 'TotalSysCpuTimeHistory': [0.0], 'WallDurations': [0], 'JobIds': ['137314210.0'], 'State': 'idle', 'RecordedSite': False}, '326': {'Retries': 0, 'Restarts': 0, 'SiteHistory': ['Unknown'], 'ResidentSetSize': [0], 'SubmitTimes': [1762278688.0], 'StartTimes': [], 'EndTimes': [], 'TotalUserCpuTimeHistory': [0.0], 'TotalSysCpuTimeHistory': [0.0], 'WallDurations': [0], 'JobIds': ['137314211.0'], 'State': 'idle', 'RecordedSite': False}, '335': {'Retries': 0, 'Restarts': 0, 'SiteHistory': ['Unknown'], 'ResidentSetSize': [0], 'SubmitTimes': [1762278688.0], 'StartTimes': [], 'EndTimes': [], 'TotalUserCpuTimeHistory': [0.0], 'TotalSysCpuTimeHistory': [0.0], 'WallDurations': [0], 'JobIds': ['137314212.0'], 'State': 'idle', 'RecordedSite': False}, '332': {'Retries': 0, 'Restarts': 0, 'SiteHistory': ['Unknown'], 'ResidentSetSize': [0], 'SubmitTimes': [1762278688.0], 'StartTimes': [], 'EndTimes': [], 'TotalUserCpuTimeHistory': [0.0], 'TotalSysCpuTimeHistory': [0.0], 'WallDurations': [0], 'JobIds': ['137314213.0'], 'State': 'idle', 'RecordedSite': False}, '331': {'Retries': 0, 'Restarts': 0, 'SiteHistory': ['Unknown'], 'ResidentSetSize': [0], 'SubmitTimes': [1762278688.0], 'StartTimes': [], 'EndTimes': [], 'TotalUserCpuTimeHistory': [0.0], 'TotalSysCpuTimeHistory': [0.0], 'WallDurations': [0], 'JobIds': ['137314214.0'], 'State': 'idle', 'RecordedSite': False}, '333': {'Retries': 0, 'Restarts': 0, 'SiteHistory': ['Unknown'], 'ResidentSetSize': [0], 'SubmitTimes': [1762278688.0], 'StartTimes': [], 'EndTimes': [], 'TotalUserCpuTimeHistory': [0.0], 'TotalSysCpuTimeHistory': [0.0], 'WallDurations': [0], 'JobIds': ['137314215.0'], 'State': 'idle', 'RecordedSite': False}, '344': {'Retries': 0, 'Restarts': 0, 'SiteHistory': ['Unknown'], 'ResidentSetSize': [0], 'SubmitTimes': [1762278688.0], 'StartTimes': [], 'EndTimes': [], 'TotalUserCpuTimeHistory': [0.0], 'TotalSysCpuTimeHistory': [0.0], 'WallDurations': [0], 'JobIds': ['137314216.0'], 'State': 'idle', 'RecordedSite': False}, '339': {'Retries': 0, 'Restarts': 0, 'SiteHistory': ['Unknown'], 'ResidentSetSize': [0], 'SubmitTimes': [1762278688.0], 'StartTimes': [], 'EndTimes': [], 'TotalUserCpuTimeHistory': [0.0], 'TotalSysCpuTimeHistory': [0.0], 'WallDurations': [0], 'JobIds': ['137314217.0'], 'State': 'idle', 'RecordedSite': False}, '334': {'Retries': 0, 'Restarts': 0, 'SiteHistory': ['Unknown'], 'ResidentSetSize': [0], 'SubmitTimes': [1762278688.0], 'StartTimes': [], 'EndTimes': [], 'TotalUserCpuTimeHistory': [0.0], 'TotalSysCpuTimeHistory': [0.0], 'WallDurations': [0], 'JobIds': ['137314218.0'], 'State': 'idle', 'RecordedSite': False}, '341': {'Retries': 0, 'Restarts': 0, 'SiteHistory': ['Unknown'], 'ResidentSetSize': [0], 'SubmitTimes': [1762278688.0], 'StartTimes': [], 'EndTimes': [], 'TotalUserCpuTimeHistory': [0.0], 'TotalSysCpuTimeHistory': [0.0], 'WallDurations': [0], 'JobIds': ['137314219.0'], 'State': 'idle', 'RecordedSite': False}, '338': {'Retries': 0, 'Restarts': 0, 'SiteHistory': ['Unknown'], 'ResidentSetSize': [0], 'SubmitTimes': [1762278688.0], 'StartTimes': [], 'EndTimes': [], 'TotalUserCpuTimeHistory': [0.0], 'TotalSysCpuTimeHistory': [0.0], 'WallDurations': [0], 'JobIds': ['137314220.0'], 'State': 'idle', 'RecordedSite': False}, '336': {'Retries': 0, 'Restarts': 0, 'SiteHistory': ['Unknown'], 'ResidentSetSize': [0], 'SubmitTimes': [1762278688.0], 'StartTimes': [], 'EndTimes': [], 'TotalUserCpuTimeHistory': [0.0], 'TotalSysCpuTimeHistory': [0.0], 'WallDurations': [0], 'JobIds': ['137314221.0'], 'State': 'idle', 'RecordedSite': False}, '340': {'Retries': 0, 'Restarts': 0, 'SiteHistory': ['Unknown'], 'ResidentSetSize': [0], 'SubmitTimes': [1762278688.0], 'StartTimes': [], 'EndTimes': [], 'TotalUserCpuTimeHistory': [0.0], 'TotalSysCpuTimeHistory': [0.0], 'WallDurations': [0], 'JobIds': ['137314222.0'], 'State': 'idle', 'RecordedSite': False}, '345': {'Retries': 0, 'Restarts': 0, 'SiteHistory': ['Unknown'], 'ResidentSetSize': [0], 'SubmitTimes': [1762278688.0], 'StartTimes': [], 'EndTimes': [], 'TotalUserCpuTimeHistory': [0.0], 'TotalSysCpuTimeHistory': [0.0], 'WallDurations': [0], 'JobIds': ['137314223.0'], 'State': 'idle', 'RecordedSite': False}, '346': {'Retries': 0, 'Restarts': 0, 'SiteHistory': ['Unknown'], 'ResidentSetSize': [0], 'SubmitTimes': [1762278688.0], 'StartTimes': [], 'EndTimes': [], 'TotalUserCpuTimeHistory': [0.0], 'TotalSysCpuTimeHistory': [0.0], 'WallDurations': [0], 'JobIds': ['137314224.0'], 'State': 'idle', 'RecordedSite': False}, '343': {'Retries': 0, 'Restarts': 0, 'SiteHistory': ['Unknown'], 'ResidentSetSize': [0], 'SubmitTimes': [1762278688.0], 'StartTimes': [], 'EndTimes': [], 'TotalUserCpuTimeHistory': [0.0], 'TotalSysCpuTimeHistory': [0.0], 'WallDurations': [0], 'JobIds': ['137314225.0'], 'State': 'idle', 'RecordedSite': False}, '351': {'Retries': 0, 'Restarts': 0, 'SiteHistory': ['Unknown'], 'ResidentSetSize': [0], 'SubmitTimes': [1762278688.0], 'StartTimes': [], 'EndTimes': [], 'TotalUserCpuTimeHistory': [0.0], 'TotalSysCpuTimeHistory': [0.0], 'WallDurations': [0], 'JobIds': ['137314226.0'], 'State': 'idle', 'RecordedSite': False}, '347': {'Retries': 0, 'Restarts': 0, 'SiteHistory': ['Unknown'], 'ResidentSetSize': [0], 'SubmitTimes': [1762278688.0], 'StartTimes': [], 'EndTimes': [], 'TotalUserCpuTimeHistory': [0.0], 'TotalSysCpuTimeHistory': [0.0], 'WallDurations': [0], 'JobIds': ['137314227.0'], 'State': 'idle', 'RecordedSite': False}, '348': {'Retries': 0, 'Restarts': 0, 'SiteHistory': ['Unknown'], 'ResidentSetSize': [0], 'SubmitTimes': [1762278688.0], 'StartTimes': [], 'EndTimes': [], 'TotalUserCpuTimeHistory': [0.0], 'TotalSysCpuTimeHistory': [0.0], 'WallDurations': [0], 'JobIds': ['137314228.0'], 'State': 'idle', 'RecordedSite': False}, '358': {'Retries': 0, 'Restarts': 0, 'SiteHistory': ['Unknown'], 'ResidentSetSize': [0], 'SubmitTimes': [1762278688.0], 'StartTimes': [], 'EndTimes': [], 'TotalUserCpuTimeHistory': [0.0], 'TotalSysCpuTimeHistory': [0.0], 'WallDurations': [0], 'JobIds': ['137314229.0'], 'State': 'idle', 'RecordedSite': False}, '355': {'Retries': 0, 'Restarts': 0, 'SiteHistory': ['Unknown'], 'ResidentSetSize': [0], 'SubmitTimes': [1762278688.0], 'StartTimes': [], 'EndTimes': [], 'TotalUserCpuTimeHistory': [0.0], 'TotalSysCpuTimeHistory': [0.0], 'WallDurations': [0], 'JobIds': ['137314230.0'], 'State': 'idle', 'RecordedSite': False}, '349': {'Retries': 0, 'Restarts': 0, 'SiteHistory': ['Unknown'], 'ResidentSetSize': [0], 'SubmitTimes': [1762278688.0], 'StartTimes': [], 'EndTimes': [], 'TotalUserCpuTimeHistory': [0.0], 'TotalSysCpuTimeHistory': [0.0], 'WallDurations': [0], 'JobIds': ['137314231.0'], 'State': 'idle', 'RecordedSite': False}, '352': {'Retries': 0, 'Restarts': 0, 'SiteHistory': ['Unknown'], 'ResidentSetSize': [0], 'SubmitTimes': [1762278688.0], 'StartTimes': [], 'EndTimes': [], 'TotalUserCpuTimeHistory': [0.0], 'TotalSysCpuTimeHistory': [0.0], 'WallDurations': [0], 'JobIds': ['137314232.0'], 'State': 'idle', 'RecordedSite': False}, '361': {'Retries': 0, 'Restarts': 0, 'SiteHistory': ['Unknown'], 'ResidentSetSize': [0], 'SubmitTimes': [1762278688.0], 'StartTimes': [], 'EndTimes': [], 'TotalUserCpuTimeHistory': [0.0], 'TotalSysCpuTimeHistory': [0.0], 'WallDurations': [0], 'JobIds': ['137314233.0'], 'State': 'idle', 'RecordedSite': False}, '353': {'Retries': 0, 'Restarts': 0, 'SiteHistory': ['Unknown'], 'ResidentSetSize': [0], 'SubmitTimes': [1762278688.0], 'StartTimes': [], 'EndTimes': [], 'TotalUserCpuTimeHistory': [0.0], 'TotalSysCpuTimeHistory': [0.0], 'WallDurations': [0], 'JobIds': ['137314234.0'], 'State': 'idle', 'RecordedSite': False}, '350': {'Retries': 0, 'Restarts': 0, 'SiteHistory': ['Unknown'], 'ResidentSetSize': [0], 'SubmitTimes': [1762278688.0], 'StartTimes': [], 'EndTimes': [], 'TotalUserCpuTimeHistory': [0.0], 'TotalSysCpuTimeHistory': [0.0], 'WallDurations': [0], 'JobIds': ['137314235.0'], 'State': 'idle', 'RecordedSite': False}, '356': {'Retries': 0, 'Restarts': 0, 'SiteHistory': ['Unknown'], 'ResidentSetSize': [0], 'SubmitTimes': [1762278688.0], 'StartTimes': [], 'EndTimes': [], 'TotalUserCpuTimeHistory': [0.0], 'TotalSysCpuTimeHistory': [0.0], 'WallDurations': [0], 'JobIds': ['137314236.0'], 'State': 'idle', 'RecordedSite': False}, '357': {'Retries': 0, 'Restarts': 0, 'SiteHistory': ['Unknown'], 'ResidentSetSize': [0], 'SubmitTimes': [1762278688.0], 'StartTimes': [], 'EndTimes': [], 'TotalUserCpuTimeHistory': [0.0], 'TotalSysCpuTimeHistory': [0.0], 'WallDurations': [0], 'JobIds': ['137314237.0'], 'State': 'idle', 'RecordedSite': False}, '364': {'Retries': 0, 'Restarts': 0, 'SiteHistory': ['Unknown'], 'ResidentSetSize': [0], 'SubmitTimes': [1762278688.0], 'StartTimes': [], 'EndTimes': [], 'TotalUserCpuTimeHistory': [0.0], 'TotalSysCpuTimeHistory': [0.0], 'WallDurations': [0], 'JobIds': ['137314238.0'], 'State': 'idle', 'RecordedSite': False}, '359': {'Retries': 0, 'Restarts': 0, 'SiteHistory': ['Unknown'], 'ResidentSetSize': [0], 'SubmitTimes': [1762278688.0], 'StartTimes': [], 'EndTimes': [], 'TotalUserCpuTimeHistory': [0.0], 'TotalSysCpuTimeHistory': [0.0], 'WallDurations': [0], 'JobIds': ['137314239.0'], 'State': 'idle', 'RecordedSite': False}, '354': {'Retries': 0, 'Restarts': 0, 'SiteHistory': ['Unknown'], 'ResidentSetSize': [0], 'SubmitTimes': [1762278688.0], 'StartTimes': [], 'EndTimes': [], 'TotalUserCpuTimeHistory': [0.0], 'TotalSysCpuTimeHistory': [0.0], 'WallDurations': [0], 'JobIds': ['137314240.0'], 'State': 'idle', 'RecordedSite': False}, '362': {'Retries': 0, 'Restarts': 0, 'SiteHistory': ['Unknown'], 'ResidentSetSize': [0], 'SubmitTimes': [1762278688.0], 'StartTimes': [], 'EndTimes': [], 'TotalUserCpuTimeHistory': [0.0], 'TotalSysCpuTimeHistory': [0.0], 'WallDurations': [0], 'JobIds': ['137314241.0'], 'State': 'idle', 'RecordedSite': False}, '365': {'Retries': 0, 'Restarts': 0, 'SiteHistory': ['Unknown'], 'ResidentSetSize': [0], 'SubmitTimes': [1762278688.0], 'StartTimes': [], 'EndTimes': [], 'TotalUserCpuTimeHistory': [0.0], 'TotalSysCpuTimeHistory': [0.0], 'WallDurations': [0], 'JobIds': ['137314242.0'], 'State': 'idle', 'RecordedSite': False}, '360': {'Retries': 0, 'Restarts': 0, 'SiteHistory': ['Unknown'], 'ResidentSetSize': [0], 'SubmitTimes': [1762278688.0], 'StartTimes': [], 'EndTimes': [], 'TotalUserCpuTimeHistory': [0.0], 'TotalSysCpuTimeHistory': [0.0], 'WallDurations': [0], 'JobIds': ['137314243.0'], 'State': 'idle', 'RecordedSite': False}, '366': {'Retries': 0, 'Restarts': 0, 'SiteHistory': ['Unknown'], 'ResidentSetSize': [0], 'SubmitTimes': [1762278688.0], 'StartTimes': [], 'EndTimes': [], 'TotalUserCpuTimeHistory': [0.0], 'TotalSysCpuTimeHistory': [0.0], 'WallDurations': [0], 'JobIds': ['137314244.0'], 'State': 'idle', 'RecordedSite': False}, '363': {'Retries': 0, 'Restarts': 0, 'SiteHistory': ['Unknown'], 'ResidentSetSize': [0], 'SubmitTimes': [1762278688.0], 'StartTimes': [], 'EndTimes': [], 'TotalUserCpuTimeHistory': [0.0], 'TotalSysCpuTimeHistory': [0.0], 'WallDurations': [0], 'JobIds': ['137314245.0'], 'State': 'idle', 'RecordedSite': False}, '368': {'Retries': 0, 'Restarts': 0, 'SiteHistory': ['Unknown'], 'ResidentSetSize': [0], 'SubmitTimes': [1762278688.0], 'StartTimes': [], 'EndTimes': [], 'TotalUserCpuTimeHistory': [0.0], 'TotalSysCpuTimeHistory': [0.0], 'WallDurations': [0], 'JobIds': ['137314246.0'], 'State': 'idle', 'RecordedSite': False}, '376': {'Retries': 0, 'Restarts': 0, 'SiteHistory': ['Unknown'], 'ResidentSetSize': [0], 'SubmitTimes': [1762278688.0], 'StartTimes': [], 'EndTimes': [], 'TotalUserCpuTimeHistory': [0.0], 'TotalSysCpuTimeHistory': [0.0], 'WallDurations': [0], 'JobIds': ['137314247.0'], 'State': 'idle', 'RecordedSite': False}, '369': {'Retries': 0, 'Restarts': 0, 'SiteHistory': ['Unknown'], 'ResidentSetSize': [0], 'SubmitTimes': [1762278688.0], 'StartTimes': [], 'EndTimes': [], 'TotalUserCpuTimeHistory': [0.0], 'TotalSysCpuTimeHistory': [0.0], 'WallDurations': [0], 'JobIds': ['137314248.0'], 'State': 'idle', 'RecordedSite': False}, '373': {'Retries': 0, 'Restarts': 0, 'SiteHistory': ['Unknown'], 'ResidentSetSize': [0], 'SubmitTimes': [1762278688.0], 'StartTimes': [], 'EndTimes': [], 'TotalUserCpuTimeHistory': [0.0], 'TotalSysCpuTimeHistory': [0.0], 'WallDurations': [0], 'JobIds': ['137314249.0'], 'State': 'idle', 'RecordedSite': False}, '367': {'Retries': 0, 'Restarts': 0, 'SiteHistory': ['Unknown'], 'ResidentSetSize': [0], 'SubmitTimes': [1762278689.0], 'StartTimes': [], 'EndTimes': [], 'TotalUserCpuTimeHistory': [0.0], 'TotalSysCpuTimeHistory': [0.0], 'WallDurations': [0], 'JobIds': ['137314250.0'], 'State': 'idle', 'RecordedSite': False}, '370': {'Retries': 0, 'Restarts': 0, 'SiteHistory': ['Unknown'], 'ResidentSetSize': [0], 'SubmitTimes': [1762278689.0], 'StartTimes': [], 'EndTimes': [], 'TotalUserCpuTimeHistory': [0.0], 'TotalSysCpuTimeHistory': [0.0], 'WallDurations': [0], 'JobIds': ['137314251.0'], 'State': 'idle', 'RecordedSite': False}, '371': {'Retries': 0, 'Restarts': 0, 'SiteHistory': ['Unknown'], 'ResidentSetSize': [0], 'SubmitTimes': [1762278689.0], 'StartTimes': [], 'EndTimes': [], 'TotalUserCpuTimeHistory': [0.0], 'TotalSysCpuTimeHistory': [0.0], 'WallDurations': [0], 'JobIds': ['137314252.0'], 'State': 'idle', 'RecordedSite': False}, '372': {'Retries': 0, 'Restarts': 0, 'SiteHistory': ['Unknown'], 'ResidentSetSize': [0], 'SubmitTimes': [1762278689.0], 'StartTimes': [], 'EndTimes': [], 'TotalUserCpuTimeHistory': [0.0], 'TotalSysCpuTimeHistory': [0.0], 'WallDurations': [0], 'JobIds': ['137314253.0'], 'State': 'idle', 'RecordedSite': False}, '374': {'Retries': 0, 'Restarts': 0, 'SiteHistory': ['Unknown'], 'ResidentSetSize': [0], 'SubmitTimes': [1762278689.0], 'StartTimes': [], 'EndTimes': [], 'TotalUserCpuTimeHistory': [0.0], 'TotalSysCpuTimeHistory': [0.0], 'WallDurations': [0], 'JobIds': ['137314254.0'], 'State': 'idle', 'RecordedSite': False}, '375': {'Retries': 0, 'Restarts': 0, 'SiteHistory': ['Unknown'], 'ResidentSetSize': [0], 'SubmitTimes': [1762278689.0], 'StartTimes': [], 'EndTimes': [], 'TotalUserCpuTimeHistory': [0.0], 'TotalSysCpuTimeHistory': [0.0], 'WallDurations': [0], 'JobIds': ['137314255.0'], 'State': 'idle', 'RecordedSite': False}, '377': {'Retries': 0, 'Restarts': 0, 'SiteHistory': ['Unknown'], 'ResidentSetSize': [0], 'SubmitTimes': [1762278689.0], 'StartTimes': [], 'EndTimes': [], 'TotalUserCpuTimeHistory': [0.0], 'TotalSysCpuTimeHistory': [0.0], 'WallDurations': [0], 'JobIds': ['137314256.0'], 'State': 'idle', 'RecordedSite': False}, '378': {'Retries': 0, 'Restarts': 0, 'SiteHistory': ['Unknown'], 'ResidentSetSize': [0], 'SubmitTimes': [1762278689.0], 'StartTimes': [], 'EndTimes': [], 'TotalUserCpuTimeHistory': [0.0], 'TotalSysCpuTimeHistory': [0.0], 'WallDurations': [0], 'JobIds': ['137314257.0'], 'State': 'idle', 'RecordedSite': False}, '379': {'Retries': 0, 'Restarts': 0, 'SiteHistory': ['Unknown'], 'ResidentSetSize': [0], 'SubmitTimes': [1762278689.0], 'StartTimes': [], 'EndTimes': [], 'TotalUserCpuTimeHistory': [0.0], 'TotalSysCpuTimeHistory': [0.0], 'WallDurations': [0], 'JobIds': ['137314258.0'], 'State': 'idle', 'RecordedSite': False}, '380': {'Retries': 0, 'Restarts': 0, 'SiteHistory': ['Unknown'], 'ResidentSetSize': [0], 'SubmitTimes': [1762278689.0], 'StartTimes': [], 'EndTimes': [], 'TotalUserCpuTimeHistory': [0.0], 'TotalSysCpuTimeHistory': [0.0], 'WallDurations': [0], 'JobIds': ['137314259.0'], 'State': 'idle', 'RecordedSite': False}, '381': {'Retries': 0, 'Restarts': 0, 'SiteHistory': ['Unknown'], 'ResidentSetSize': [0], 'SubmitTimes': [1762278689.0], 'StartTimes': [], 'EndTimes': [], 'TotalUserCpuTimeHistory': [0.0], 'TotalSysCpuTimeHistory': [0.0], 'WallDurations': [0], 'JobIds': ['137314260.0'], 'State': 'idle', 'RecordedSite': False}, '382': {'Retries': 0, 'Restarts': 0, 'SiteHistory': ['Unknown'], 'ResidentSetSize': [0], 'SubmitTimes': [1762278689.0], 'StartTimes': [], 'EndTimes': [], 'TotalUserCpuTimeHistory': [0.0], 'TotalSysCpuTimeHistory': [0.0], 'WallDurations': [0], 'JobIds': ['137314261.0'], 'State': 'idle', 'RecordedSite': False}, '383': {'Retries': 0, 'Restarts': 0, 'SiteHistory': ['Unknown'], 'ResidentSetSize': [0], 'SubmitTimes': [1762278689.0], 'StartTimes': [], 'EndTimes': [], 'TotalUserCpuTimeHistory': [0.0], 'TotalSysCpuTimeHistory': [0.0], 'WallDurations': [0], 'JobIds': ['137314262.0'], 'State': 'idle', 'RecordedSite': False}, '384': {'Retries': 0, 'Restarts': 0, 'SiteHistory': ['Unknown'], 'ResidentSetSize': [0], 'SubmitTimes': [1762278689.0], 'StartTimes': [], 'EndTimes': [], 'TotalUserCpuTimeHistory': [0.0], 'TotalSysCpuTimeHistory': [0.0], 'WallDurations': [0], 'JobIds': ['137314263.0'], 'State': 'idle', 'RecordedSite': False}, '385': {'Retries': 0, 'Restarts': 0, 'SiteHistory': ['Unknown'], 'ResidentSetSize': [0], 'SubmitTimes': [1762278689.0], 'StartTimes': [], 'EndTimes': [], 'TotalUserCpuTimeHistory': [0.0], 'TotalSysCpuTimeHistory': [0.0], 'WallDurations': [0], 'JobIds': ['137314264.0'], 'State': 'idle', 'RecordedSite': False}, '386': {'Retries': 0, 'Restarts': 0, 'SiteHistory': ['Unknown'], 'ResidentSetSize': [0], 'SubmitTimes': [1762278689.0], 'StartTimes': [], 'EndTimes': [], 'TotalUserCpuTimeHistory': [0.0], 'TotalSysCpuTimeHistory': [0.0], 'WallDurations': [0], 'JobIds': ['137314265.0'], 'State': 'idle', 'RecordedSite': False}, '387': {'Retries': 0, 'Restarts': 0, 'SiteHistory': ['Unknown'], 'ResidentSetSize': [0], 'SubmitTimes': [1762278689.0], 'StartTimes': [], 'EndTimes': [], 'TotalUserCpuTimeHistory': [0.0], 'TotalSysCpuTimeHistory': [0.0], 'WallDurations': [0], 'JobIds': ['137314266.0'], 'State': 'idle', 'RecordedSite': False}, '388': {'Retries': 0, 'Restarts': 0, 'SiteHistory': ['Unknown'], 'ResidentSetSize': [0], 'SubmitTimes': [1762278689.0], 'StartTimes': [], 'EndTimes': [], 'TotalUserCpuTimeHistory': [0.0], 'TotalSysCpuTimeHistory': [0.0], 'WallDurations': [0], 'JobIds': ['137314267.0'], 'State': 'idle', 'RecordedSite': False}, '389': {'Retries': 0, 'Restarts': 0, 'SiteHistory': ['Unknown'], 'ResidentSetSize': [0], 'SubmitTimes': [1762278689.0], 'StartTimes': [], 'EndTimes': [], 'TotalUserCpuTimeHistory': [0.0], 'TotalSysCpuTimeHistory': [0.0], 'WallDurations': [0], 'JobIds': ['137314268.0'], 'State': 'idle', 'RecordedSite': False}, '407': {'Retries': 0, 'Restarts': 0, 'SiteHistory': ['Unknown'], 'ResidentSetSize': [0], 'SubmitTimes': [1762278689.0], 'StartTimes': [], 'EndTimes': [], 'TotalUserCpuTimeHistory': [0.0], 'TotalSysCpuTimeHistory': [0.0], 'WallDurations': [0], 'JobIds': ['137314269.0'], 'State': 'idle', 'RecordedSite': False}, '401': {'Retries': 0, 'Restarts': 0, 'SiteHistory': ['Unknown'], 'ResidentSetSize': [0], 'SubmitTimes': [1762278689.0], 'StartTimes': [], 'EndTimes': [], 'TotalUserCpuTimeHistory': [0.0], 'TotalSysCpuTimeHistory': [0.0], 'WallDurations': [0], 'JobIds': ['137314270.0'], 'State': 'idle', 'RecordedSite': False}, '395': {'Retries': 0, 'Restarts': 0, 'SiteHistory': ['Unknown'], 'ResidentSetSize': [0], 'SubmitTimes': [1762278689.0], 'StartTimes': [], 'EndTimes': [], 'TotalUserCpuTimeHistory': [0.0], 'TotalSysCpuTimeHistory': [0.0], 'WallDurations': [0], 'JobIds': ['137314271.0'], 'State': 'idle', 'RecordedSite': False}, '399': {'Retries': 0, 'Restarts': 0, 'SiteHistory': ['Unknown'], 'ResidentSetSize': [0], 'SubmitTimes': [1762278689.0], 'StartTimes': [], 'EndTimes': [], 'TotalUserCpuTimeHistory': [0.0], 'TotalSysCpuTimeHistory': [0.0], 'WallDurations': [0], 'JobIds': ['137314272.0'], 'State': 'idle', 'RecordedSite': False}, '402': {'Retries': 0, 'Restarts': 0, 'SiteHistory': ['Unknown'], 'ResidentSetSize': [0], 'SubmitTimes': [1762278689.0], 'StartTimes': [], 'EndTimes': [], 'TotalUserCpuTimeHistory': [0.0], 'TotalSysCpuTimeHistory': [0.0], 'WallDurations': [0], 'JobIds': ['137314273.0'], 'State': 'idle', 'RecordedSite': False}, '403': {'Retries': 0, 'Restarts': 0, 'SiteHistory': ['Unknown'], 'ResidentSetSize': [0], 'SubmitTimes': [1762278689.0], 'StartTimes': [], 'EndTimes': [], 'TotalUserCpuTimeHistory': [0.0], 'TotalSysCpuTimeHistory': [0.0], 'WallDurations': [0], 'JobIds': ['137314274.0'], 'State': 'idle', 'RecordedSite': False}, '409': {'Retries': 0, 'Restarts': 0, 'SiteHistory': ['Unknown'], 'ResidentSetSize': [0], 'SubmitTimes': [1762278689.0], 'StartTimes': [], 'EndTimes': [], 'TotalUserCpuTimeHistory': [0.0], 'TotalSysCpuTimeHistory': [0.0], 'WallDurations': [0], 'JobIds': ['137314275.0'], 'State': 'idle', 'RecordedSite': False}, '410': {'Retries': 0, 'Restarts': 0, 'SiteHistory': ['Unknown'], 'ResidentSetSize': [0], 'SubmitTimes': [1762278689.0], 'StartTimes': [], 'EndTimes': [], 'TotalUserCpuTimeHistory': [0.0], 'TotalSysCpuTimeHistory': [0.0], 'WallDurations': [0], 'JobIds': ['137314276.0'], 'State': 'idle', 'RecordedSite': False}, '394': {'Retries': 0, 'Restarts': 0, 'SiteHistory': ['Unknown'], 'ResidentSetSize': [0], 'SubmitTimes': [1762278689.0], 'StartTimes': [], 'EndTimes': [], 'TotalUserCpuTimeHistory': [0.0], 'TotalSysCpuTimeHistory': [0.0], 'WallDurations': [0], 'JobIds': ['137314277.0'], 'State': 'idle', 'RecordedSite': False}, '398': {'Retries': 0, 'Restarts': 0, 'SiteHistory': ['Unknown'], 'ResidentSetSize': [0], 'SubmitTimes': [1762278689.0], 'StartTimes': [], 'EndTimes': [], 'TotalUserCpuTimeHistory': [0.0], 'TotalSysCpuTimeHistory': [0.0], 'WallDurations': [0], 'JobIds': ['137314278.0'], 'State': 'idle', 'RecordedSite': False}, '396': {'Retries': 0, 'Restarts': 0, 'SiteHistory': ['Unknown'], 'ResidentSetSize': [0], 'SubmitTimes': [1762278689.0], 'StartTimes': [], 'EndTimes': [], 'TotalUserCpuTimeHistory': [0.0], 'TotalSysCpuTimeHistory': [0.0], 'WallDurations': [0], 'JobIds': ['137314279.0'], 'State': 'idle', 'RecordedSite': False}, '391': {'Retries': 0, 'Restarts': 0, 'SiteHistory': ['Unknown'], 'ResidentSetSize': [0], 'SubmitTimes': [1762278689.0], 'StartTimes': [], 'EndTimes': [], 'TotalUserCpuTimeHistory': [0.0], 'TotalSysCpuTimeHistory': [0.0], 'WallDurations': [0], 'JobIds': ['137314280.0'], 'State': 'idle', 'RecordedSite': False}, '393': {'Retries': 0, 'Restarts': 0, 'SiteHistory': ['Unknown'], 'ResidentSetSize': [0], 'SubmitTimes': [1762278689.0], 'StartTimes': [], 'EndTimes': [], 'TotalUserCpuTimeHistory': [0.0], 'TotalSysCpuTimeHistory': [0.0], 'WallDurations': [0], 'JobIds': ['137314281.0'], 'State': 'idle', 'RecordedSite': False}, '397': {'Retries': 0, 'Restarts': 0, 'SiteHistory': ['Unknown'], 'ResidentSetSize': [0], 'SubmitTimes': [1762278689.0], 'StartTimes': [], 'EndTimes': [], 'TotalUserCpuTimeHistory': [0.0], 'TotalSysCpuTimeHistory': [0.0], 'WallDurations': [0], 'JobIds': ['137314282.0'], 'State': 'idle', 'RecordedSite': False}, '392': {'Retries': 0, 'Restarts': 0, 'SiteHistory': ['Unknown'], 'ResidentSetSize': [0], 'SubmitTimes': [1762278689.0], 'StartTimes': [], 'EndTimes': [], 'TotalUserCpuTimeHistory': [0.0], 'TotalSysCpuTimeHistory': [0.0], 'WallDurations': [0], 'JobIds': ['137314283.0'], 'State': 'idle', 'RecordedSite': False}, '405': {'Retries': 0, 'Restarts': 0, 'SiteHistory': ['Unknown'], 'ResidentSetSize': [0], 'SubmitTimes': [1762278689.0], 'StartTimes': [], 'EndTimes': [], 'TotalUserCpuTimeHistory': [0.0], 'TotalSysCpuTimeHistory': [0.0], 'WallDurations': [0], 'JobIds': ['137314284.0'], 'State': 'idle', 'RecordedSite': False}, '400': {'Retries': 0, 'Restarts': 0, 'SiteHistory': ['Unknown'], 'ResidentSetSize': [0], 'SubmitTimes': [1762278689.0], 'StartTimes': [], 'EndTimes': [], 'TotalUserCpuTimeHistory': [0.0], 'TotalSysCpuTimeHistory': [0.0], 'WallDurations': [0], 'JobIds': ['137314285.0'], 'State': 'idle', 'RecordedSite': False}, '404': {'Retries': 0, 'Restarts': 0, 'SiteHistory': ['Unknown'], 'ResidentSetSize': [0], 'SubmitTimes': [1762278690.0], 'StartTimes': [], 'EndTimes': [], 'TotalUserCpuTimeHistory': [0.0], 'TotalSysCpuTimeHistory': [0.0], 'WallDurations': [0], 'JobIds': ['137314286.0'], 'State': 'idle', 'RecordedSite': False}, '406': {'Retries': 0, 'Restarts': 0, 'SiteHistory': ['Unknown'], 'ResidentSetSize': [0], 'SubmitTimes': [1762278690.0], 'StartTimes': [], 'EndTimes': [], 'TotalUserCpuTimeHistory': [0.0], 'TotalSysCpuTimeHistory': [0.0], 'WallDurations': [0], 'JobIds': ['137314287.0'], 'State': 'idle', 'RecordedSite': False}, '408': {'Retries': 0, 'Restarts': 0, 'SiteHistory': ['Unknown'], 'ResidentSetSize': [0], 'SubmitTimes': [1762278690.0], 'StartTimes': [], 'EndTimes': [], 'TotalUserCpuTimeHistory': [0.0], 'TotalSysCpuTimeHistory': [0.0], 'WallDurations': [0], 'JobIds': ['137314288.0'], 'State': 'idle', 'RecordedSite': False}, '412': {'Retries': 0, 'Restarts': 0, 'SiteHistory': ['Unknown'], 'ResidentSetSize': [0], 'SubmitTimes': [1762278690.0], 'StartTimes': [], 'EndTimes': [], 'TotalUserCpuTimeHistory': [0.0], 'TotalSysCpuTimeHistory': [0.0], 'WallDurations': [0], 'JobIds': ['137314289.0'], 'State': 'idle', 'RecordedSite': False}, '411': {'Retries': 0, 'Restarts': 0, 'SiteHistory': ['Unknown'], 'ResidentSetSize': [0], 'SubmitTimes': [1762278690.0], 'StartTimes': [], 'EndTimes': [], 'TotalUserCpuTimeHistory': [0.0], 'TotalSysCpuTimeHistory': [0.0], 'WallDurations': [0], 'JobIds': ['137314290.0'], 'State': 'idle', 'RecordedSite': False}, '413': {'Retries': 0, 'Restarts': 0, 'SiteHistory': ['Unknown'], 'ResidentSetSize': [0], 'SubmitTimes': [1762278690.0], 'StartTimes': [], 'EndTimes': [], 'TotalUserCpuTimeHistory': [0.0], 'TotalSysCpuTimeHistory': [0.0], 'WallDurations': [0], 'JobIds': ['137314291.0'], 'State': 'idle', 'RecordedSite': False}, '422': {'Retries': 0, 'Restarts': 0, 'SiteHistory': ['Unknown'], 'ResidentSetSize': [0], 'SubmitTimes': [1762278690.0], 'StartTimes': [], 'EndTimes': [], 'TotalUserCpuTimeHistory': [0.0], 'TotalSysCpuTimeHistory': [0.0], 'WallDurations': [0], 'JobIds': ['137314292.0'], 'State': 'idle', 'RecordedSite': False}, '420': {'Retries': 0, 'Restarts': 0, 'SiteHistory': ['Unknown'], 'ResidentSetSize': [0], 'SubmitTimes': [1762278690.0], 'StartTimes': [], 'EndTimes': [], 'TotalUserCpuTimeHistory': [0.0], 'TotalSysCpuTimeHistory': [0.0], 'WallDurations': [0], 'JobIds': ['137314293.0'], 'State': 'idle', 'RecordedSite': False}, '419': {'Retries': 0, 'Restarts': 0, 'SiteHistory': ['Unknown'], 'ResidentSetSize': [0], 'SubmitTimes': [1762278690.0], 'StartTimes': [], 'EndTimes': [], 'TotalUserCpuTimeHistory': [0.0], 'TotalSysCpuTimeHistory': [0.0], 'WallDurations': [0], 'JobIds': ['137314294.0'], 'State': 'idle', 'RecordedSite': False}, '416': {'Retries': 0, 'Restarts': 0, 'SiteHistory': ['Unknown'], 'ResidentSetSize': [0], 'SubmitTimes': [1762278690.0], 'StartTimes': [], 'EndTimes': [], 'TotalUserCpuTimeHistory': [0.0], 'TotalSysCpuTimeHistory': [0.0], 'WallDurations': [0], 'JobIds': ['137314295.0'], 'State': 'idle', 'RecordedSite': False}, '415': {'Retries': 0, 'Restarts': 0, 'SiteHistory': ['Unknown'], 'ResidentSetSize': [0], 'SubmitTimes': [1762278695.0], 'StartTimes': [], 'EndTimes': [], 'TotalUserCpuTimeHistory': [0.0], 'TotalSysCpuTimeHistory': [0.0], 'WallDurations': [0], 'JobIds': ['137314296.0'], 'State': 'idle', 'RecordedSite': False}, '421': {'Retries': 0, 'Restarts': 0, 'SiteHistory': ['Unknown'], 'ResidentSetSize': [0], 'SubmitTimes': [1762278695.0], 'StartTimes': [], 'EndTimes': [], 'TotalUserCpuTimeHistory': [0.0], 'TotalSysCpuTimeHistory': [0.0], 'WallDurations': [0], 'JobIds': ['137314297.0'], 'State': 'idle', 'RecordedSite': False}, '414': {'Retries': 0, 'Restarts': 0, 'SiteHistory': ['Unknown'], 'ResidentSetSize': [0], 'SubmitTimes': [1762278695.0], 'StartTimes': [], 'EndTimes': [], 'TotalUserCpuTimeHistory': [0.0], 'TotalSysCpuTimeHistory': [0.0], 'WallDurations': [0], 'JobIds': ['137314298.0'], 'State': 'idle', 'RecordedSite': False}, '426': {'Retries': 0, 'Restarts': 0, 'SiteHistory': ['Unknown'], 'ResidentSetSize': [0], 'SubmitTimes': [1762278695.0], 'StartTimes': [], 'EndTimes': [], 'TotalUserCpuTimeHistory': [0.0], 'TotalSysCpuTimeHistory': [0.0], 'WallDurations': [0], 'JobIds': ['137314299.0'], 'State': 'idle', 'RecordedSite': False}, '423': {'Retries': 0, 'Restarts': 0, 'SiteHistory': ['Unknown'], 'ResidentSetSize': [0], 'SubmitTimes': [1762278695.0], 'StartTimes': [], 'EndTimes': [], 'TotalUserCpuTimeHistory': [0.0], 'TotalSysCpuTimeHistory': [0.0], 'WallDurations': [0], 'JobIds': ['137314300.0'], 'State': 'idle', 'RecordedSite': False}, '417': {'Retries': 0, 'Restarts': 0, 'SiteHistory': ['Unknown'], 'ResidentSetSize': [0], 'SubmitTimes': [1762278695.0], 'StartTimes': [], 'EndTimes': [], 'TotalUserCpuTimeHistory': [0.0], 'TotalSysCpuTimeHistory': [0.0], 'WallDurations': [0], 'JobIds': ['137314301.0'], 'State': 'idle', 'RecordedSite': False}, '418': {'Retries': 0, 'Restarts': 0, 'SiteHistory': ['Unknown'], 'ResidentSetSize': [0], 'SubmitTimes': [1762278695.0], 'StartTimes': [], 'EndTimes': [], 'TotalUserCpuTimeHistory': [0.0], 'TotalSysCpuTimeHistory': [0.0], 'WallDurations': [0], 'JobIds': ['137314302.0'], 'State': 'idle', 'RecordedSite': False}, '424': {'Retries': 0, 'Restarts': 0, 'SiteHistory': ['Unknown'], 'ResidentSetSize': [0], 'SubmitTimes': [1762278695.0], 'StartTimes': [], 'EndTimes': [], 'TotalUserCpuTimeHistory': [0.0], 'TotalSysCpuTimeHistory': [0.0], 'WallDurations': [0], 'JobIds': ['137314303.0'], 'State': 'idle', 'RecordedSite': False}, '425': {'Retries': 0, 'Restarts': 0, 'SiteHistory': ['Unknown'], 'ResidentSetSize': [0], 'SubmitTimes': [1762278695.0], 'StartTimes': [], 'EndTimes': [], 'TotalUserCpuTimeHistory': [0.0], 'TotalSysCpuTimeHistory': [0.0], 'WallDurations': [0], 'JobIds': ['137314304.0'], 'State': 'idle', 'RecordedSite': False}, '427': {'Retries': 0, 'Restarts': 0, 'SiteHistory': ['Unknown'], 'ResidentSetSize': [0], 'SubmitTimes': [1762278695.0], 'StartTimes': [], 'EndTimes': [], 'TotalUserCpuTimeHistory': [0.0], 'TotalSysCpuTimeHistory': [0.0], 'WallDurations': [0], 'JobIds': ['137314305.0'], 'State': 'idle', 'RecordedSite': False}, '428': {'Retries': 0, 'Restarts': 0, 'SiteHistory': ['Unknown'], 'ResidentSetSize': [0], 'SubmitTimes': [1762278695.0], 'StartTimes': [], 'EndTimes': [], 'TotalUserCpuTimeHistory': [0.0], 'TotalSysCpuTimeHistory': [0.0], 'WallDurations': [0], 'JobIds': ['137314306.0'], 'State': 'idle', 'RecordedSite': False}, '430': {'Retries': 0, 'Restarts': 0, 'SiteHistory': ['Unknown'], 'ResidentSetSize': [0], 'SubmitTimes': [1762278695.0], 'StartTimes': [], 'EndTimes': [], 'TotalUserCpuTimeHistory': [0.0], 'TotalSysCpuTimeHistory': [0.0], 'WallDurations': [0], 'JobIds': ['137314307.0'], 'State': 'idle', 'RecordedSite': False}, '429': {'Retries': 0, 'Restarts': 0, 'SiteHistory': ['Unknown'], 'ResidentSetSize': [0], 'SubmitTimes': [1762278695.0], 'StartTimes': [], 'EndTimes': [], 'TotalUserCpuTimeHistory': [0.0], 'TotalSysCpuTimeHistory': [0.0], 'WallDurations': [0], 'JobIds': ['137314308.0'], 'State': 'idle', 'RecordedSite': False}, '441': {'Retries': 0, 'Restarts': 0, 'SiteHistory': ['Unknown'], 'ResidentSetSize': [0], 'SubmitTimes': [1762278695.0], 'StartTimes': [], 'EndTimes': [], 'TotalUserCpuTimeHistory': [0.0], 'TotalSysCpuTimeHistory': [0.0], 'WallDurations': [0], 'JobIds': ['137314309.0'], 'State': 'idle', 'RecordedSite': False}, '433': {'Retries': 0, 'Restarts': 0, 'SiteHistory': ['Unknown'], 'ResidentSetSize': [0], 'SubmitTimes': [1762278695.0], 'StartTimes': [], 'EndTimes': [], 'TotalUserCpuTimeHistory': [0.0], 'TotalSysCpuTimeHistory': [0.0], 'WallDurations': [0], 'JobIds': ['137314310.0'], 'State': 'idle', 'RecordedSite': False}, '437': {'Retries': 0, 'Restarts': 0, 'SiteHistory': ['Unknown'], 'ResidentSetSize': [0], 'SubmitTimes': [1762278695.0], 'StartTimes': [], 'EndTimes': [], 'TotalUserCpuTimeHistory': [0.0], 'TotalSysCpuTimeHistory': [0.0], 'WallDurations': [0], 'JobIds': ['137314311.0'], 'State': 'idle', 'RecordedSite': False}, '436': {'Retries': 0, 'Restarts': 0, 'SiteHistory': ['Unknown'], 'ResidentSetSize': [0], 'SubmitTimes': [1762278695.0], 'StartTimes': [], 'EndTimes': [], 'TotalUserCpuTimeHistory': [0.0], 'TotalSysCpuTimeHistory': [0.0], 'WallDurations': [0], 'JobIds': ['137314312.0'], 'State': 'idle', 'RecordedSite': False}, '435': {'Retries': 0, 'Restarts': 0, 'SiteHistory': ['Unknown'], 'ResidentSetSize': [0], 'SubmitTimes': [1762278695.0], 'StartTimes': [], 'EndTimes': [], 'TotalUserCpuTimeHistory': [0.0], 'TotalSysCpuTimeHistory': [0.0], 'WallDurations': [0], 'JobIds': ['137314313.0'], 'State': 'idle', 'RecordedSite': False}, '432': {'Retries': 0, 'Restarts': 0, 'SiteHistory': ['Unknown'], 'ResidentSetSize': [0], 'SubmitTimes': [1762278695.0], 'StartTimes': [], 'EndTimes': [], 'TotalUserCpuTimeHistory': [0.0], 'TotalSysCpuTimeHistory': [0.0], 'WallDurations': [0], 'JobIds': ['137314314.0'], 'State': 'idle', 'RecordedSite': False}, '445': {'Retries': 0, 'Restarts': 0, 'SiteHistory': ['Unknown'], 'ResidentSetSize': [0], 'SubmitTimes': [1762278695.0], 'StartTimes': [], 'EndTimes': [], 'TotalUserCpuTimeHistory': [0.0], 'TotalSysCpuTimeHistory': [0.0], 'WallDurations': [0], 'JobIds': ['137314315.0'], 'State': 'idle', 'RecordedSite': False}, '431': {'Retries': 0, 'Restarts': 0, 'SiteHistory': ['Unknown'], 'ResidentSetSize': [0], 'SubmitTimes': [1762278695.0], 'StartTimes': [], 'EndTimes': [], 'TotalUserCpuTimeHistory': [0.0], 'TotalSysCpuTimeHistory': [0.0], 'WallDurations': [0], 'JobIds': ['137314316.0'], 'State': 'idle', 'RecordedSite': False}, '448': {'Retries': 0, 'Restarts': 0, 'SiteHistory': ['Unknown'], 'ResidentSetSize': [0], 'SubmitTimes': [1762278695.0], 'StartTimes': [], 'EndTimes': [], 'TotalUserCpuTimeHistory': [0.0], 'TotalSysCpuTimeHistory': [0.0], 'WallDurations': [0], 'JobIds': ['137314317.0'], 'State': 'idle', 'RecordedSite': False}, '438': {'Retries': 0, 'Restarts': 0, 'SiteHistory': ['Unknown'], 'ResidentSetSize': [0], 'SubmitTimes': [1762278695.0], 'StartTimes': [], 'EndTimes': [], 'TotalUserCpuTimeHistory': [0.0], 'TotalSysCpuTimeHistory': [0.0], 'WallDurations': [0], 'JobIds': ['137314318.0'], 'State': 'idle', 'RecordedSite': False}, '446': {'Retries': 0, 'Restarts': 0, 'SiteHistory': ['Unknown'], 'ResidentSetSize': [0], 'SubmitTimes': [1762278695.0], 'StartTimes': [], 'EndTimes': [], 'TotalUserCpuTimeHistory': [0.0], 'TotalSysCpuTimeHistory': [0.0], 'WallDurations': [0], 'JobIds': ['137314319.0'], 'State': 'idle', 'RecordedSite': False}, '444': {'Retries': 0, 'Restarts': 0, 'SiteHistory': ['Unknown'], 'ResidentSetSize': [0], 'SubmitTimes': [1762278695.0], 'StartTimes': [], 'EndTimes': [], 'TotalUserCpuTimeHistory': [0.0], 'TotalSysCpuTimeHistory': [0.0], 'WallDurations': [0], 'JobIds': ['137314320.0'], 'State': 'idle', 'RecordedSite': False}, '447': {'Retries': 0, 'Restarts': 0, 'SiteHistory': ['Unknown'], 'ResidentSetSize': [0], 'SubmitTimes': [1762278695.0], 'StartTimes': [], 'EndTimes': [], 'TotalUserCpuTimeHistory': [0.0], 'TotalSysCpuTimeHistory': [0.0], 'WallDurations': [0], 'JobIds': ['137314321.0'], 'State': 'idle', 'RecordedSite': False}, '434': {'Retries': 0, 'Restarts': 0, 'SiteHistory': ['Unknown'], 'ResidentSetSize': [0], 'SubmitTimes': [1762278695.0], 'StartTimes': [], 'EndTimes': [], 'TotalUserCpuTimeHistory': [0.0], 'TotalSysCpuTimeHistory': [0.0], 'WallDurations': [0], 'JobIds': ['137314322.0'], 'State': 'idle', 'RecordedSite': False}, '443': {'Retries': 0, 'Restarts': 0, 'SiteHistory': ['Unknown'], 'ResidentSetSize': [0], 'SubmitTimes': [1762278695.0], 'StartTimes': [], 'EndTimes': [], 'TotalUserCpuTimeHistory': [0.0], 'TotalSysCpuTimeHistory': [0.0], 'WallDurations': [0], 'JobIds': ['137314323.0'], 'State': 'idle', 'RecordedSite': False}, '450': {'Retries': 0, 'Restarts': 0, 'SiteHistory': ['Unknown'], 'ResidentSetSize': [0], 'SubmitTimes': [1762278695.0], 'StartTimes': [], 'EndTimes': [], 'TotalUserCpuTimeHistory': [0.0], 'TotalSysCpuTimeHistory': [0.0], 'WallDurations': [0], 'JobIds': ['137314324.0'], 'State': 'idle', 'RecordedSite': False}, '439': {'Retries': 0, 'Restarts': 0, 'SiteHistory': ['Unknown'], 'ResidentSetSize': [0], 'SubmitTimes': [1762278695.0], 'StartTimes': [], 'EndTimes': [], 'TotalUserCpuTimeHistory': [0.0], 'TotalSysCpuTimeHistory': [0.0], 'WallDurations': [0], 'JobIds': ['137314325.0'], 'State': 'idle', 'RecordedSite': False}, '440': {'Retries': 0, 'Restarts': 0, 'SiteHistory': ['Unknown'], 'ResidentSetSize': [0], 'SubmitTimes': [1762278695.0], 'StartTimes': [], 'EndTimes': [], 'TotalUserCpuTimeHistory': [0.0], 'TotalSysCpuTimeHistory': [0.0], 'WallDurations': [0], 'JobIds': ['137314326.0'], 'State': 'idle', 'RecordedSite': False}, '449': {'Retries': 0, 'Restarts': 0, 'SiteHistory': ['Unknown'], 'ResidentSetSize': [0], 'SubmitTimes': [1762278695.0], 'StartTimes': [], 'EndTimes': [], 'TotalUserCpuTimeHistory': [0.0], 'TotalSysCpuTimeHistory': [0.0], 'WallDurations': [0], 'JobIds': ['137314327.0'], 'State': 'idle', 'RecordedSite': False}, '442': {'Retries': 0, 'Restarts': 0, 'SiteHistory': ['Unknown'], 'ResidentSetSize': [0], 'SubmitTimes': [1762278695.0], 'StartTimes': [], 'EndTimes': [], 'TotalUserCpuTimeHistory': [0.0], 'TotalSysCpuTimeHistory': [0.0], 'WallDurations': [0], 'JobIds': ['137314328.0'], 'State': 'idle', 'RecordedSite': False}, '454': {'Retries': 0, 'Restarts': 0, 'SiteHistory': ['Unknown'], 'ResidentSetSize': [0], 'SubmitTimes': [1762278695.0], 'StartTimes': [], 'EndTimes': [], 'TotalUserCpuTimeHistory': [0.0], 'TotalSysCpuTimeHistory': [0.0], 'WallDurations': [0], 'JobIds': ['137314329.0'], 'State': 'idle', 'RecordedSite': False}, '453': {'Retries': 0, 'Restarts': 0, 'SiteHistory': ['Unknown'], 'ResidentSetSize': [0], 'SubmitTimes': [1762278695.0], 'StartTimes': [], 'EndTimes': [], 'TotalUserCpuTimeHistory': [0.0], 'TotalSysCpuTimeHistory': [0.0], 'WallDurations': [0], 'JobIds': ['137314330.0'], 'State': 'idle', 'RecordedSite': False}, '459': {'Retries': 0, 'Restarts': 0, 'SiteHistory': ['Unknown'], 'ResidentSetSize': [0], 'SubmitTimes': [1762278695.0], 'StartTimes': [], 'EndTimes': [], 'TotalUserCpuTimeHistory': [0.0], 'TotalSysCpuTimeHistory': [0.0], 'WallDurations': [0], 'JobIds': ['137314331.0'], 'State': 'idle', 'RecordedSite': False}, '455': {'Retries': 0, 'Restarts': 0, 'SiteHistory': ['Unknown'], 'ResidentSetSize': [0], 'SubmitTimes': [1762278695.0], 'StartTimes': [], 'EndTimes': [], 'TotalUserCpuTimeHistory': [0.0], 'TotalSysCpuTimeHistory': [0.0], 'WallDurations': [0], 'JobIds': ['137314332.0'], 'State': 'idle', 'RecordedSite': False}, '460': {'Retries': 0, 'Restarts': 0, 'SiteHistory': ['Unknown'], 'ResidentSetSize': [0], 'SubmitTimes': [1762278695.0], 'StartTimes': [], 'EndTimes': [], 'TotalUserCpuTimeHistory': [0.0], 'TotalSysCpuTimeHistory': [0.0], 'WallDurations': [0], 'JobIds': ['137314333.0'], 'State': 'idle', 'RecordedSite': False}, '457': {'Retries': 0, 'Restarts': 0, 'SiteHistory': ['Unknown'], 'ResidentSetSize': [0], 'SubmitTimes': [1762278695.0], 'StartTimes': [], 'EndTimes': [], 'TotalUserCpuTimeHistory': [0.0], 'TotalSysCpuTimeHistory': [0.0], 'WallDurations': [0], 'JobIds': ['137314334.0'], 'State': 'idle', 'RecordedSite': False}, '456': {'Retries': 0, 'Restarts': 0, 'SiteHistory': ['Unknown'], 'ResidentSetSize': [0], 'SubmitTimes': [1762278695.0], 'StartTimes': [], 'EndTimes': [], 'TotalUserCpuTimeHistory': [0.0], 'TotalSysCpuTimeHistory': [0.0], 'WallDurations': [0], 'JobIds': ['137314335.0'], 'State': 'idle', 'RecordedSite': False}, '461': {'Retries': 0, 'Restarts': 0, 'SiteHistory': ['Unknown'], 'ResidentSetSize': [0], 'SubmitTimes': [1762278695.0], 'StartTimes': [], 'EndTimes': [], 'TotalUserCpuTimeHistory': [0.0], 'TotalSysCpuTimeHistory': [0.0], 'WallDurations': [0], 'JobIds': ['137314336.0'], 'State': 'idle', 'RecordedSite': False}, '164': {'Retries': 0, 'Restarts': 0, 'SiteHistory': ['Unknown'], 'ResidentSetSize': [0], 'SubmitTimes': [1762278695.0], 'StartTimes': [], 'EndTimes': [], 'TotalUserCpuTimeHistory': [0.0], 'TotalSysCpuTimeHistory': [0.0], 'WallDurations': [0], 'JobIds': ['137314337.0'], 'State': 'idle', 'RecordedSite': False}, '458': {'Retries': 0, 'Restarts': 0, 'SiteHistory': ['Unknown'], 'ResidentSetSize': [0], 'SubmitTimes': [1762278695.0], 'StartTimes': [], 'EndTimes': [], 'TotalUserCpuTimeHistory': [0.0], 'TotalSysCpuTimeHistory': [0.0], 'WallDurations': [0], 'JobIds': ['137314338.0'], 'State': 'idle', 'RecordedSite': False}, '451': {'Retries': 0, 'Restarts': 0, 'SiteHistory': ['Unknown'], 'ResidentSetSize': [0], 'SubmitTimes': [1762278695.0], 'StartTimes': [], 'EndTimes': [], 'TotalUserCpuTimeHistory': [0.0], 'TotalSysCpuTimeHistory': [0.0], 'WallDurations': [0], 'JobIds': ['137314339.0'], 'State': 'idle', 'RecordedSite': False}, '452': {'Retries': 0, 'Restarts': 0, 'SiteHistory': ['Unknown'], 'ResidentSetSize': [0], 'SubmitTimes': [1762278695.0], 'StartTimes': [], 'EndTimes': [], 'TotalUserCpuTimeHistory': [0.0], 'TotalSysCpuTimeHistory': [0.0], 'WallDurations': [0], 'JobIds': ['137314340.0'], 'State': 'idle', 'RecordedSite': False}, '34': {'Retries': 0, 'Restarts': 0, 'SiteHistory': ['Unknown'], 'ResidentSetSize': [0], 'SubmitTimes': [1762278695.0], 'StartTimes': [], 'EndTimes': [], 'TotalUserCpuTimeHistory': [0.0], 'TotalSysCpuTimeHistory': [0.0], 'WallDurations': [0], 'JobIds': ['137314341.0'], 'State': 'idle', 'RecordedSite': False}, '291': {'Retries': 0, 'Restarts': 0, 'SiteHistory': ['Unknown'], 'ResidentSetSize': [0], 'SubmitTimes': [1762278696.0], 'StartTimes': [], 'EndTimes': [], 'TotalUserCpuTimeHistory': [0.0], 'TotalSysCpuTimeHistory': [0.0], 'WallDurations': [0], 'JobIds': ['137314342.0'], 'State': 'idle', 'RecordedSite': False}, '390': {'Retries': 0, 'Restarts': 0, 'SiteHistory': ['Unknown'], 'ResidentSetSize': [0], 'SubmitTimes': [1762278696.0], 'StartTimes': [], 'EndTimes': [], 'TotalUserCpuTimeHistory': [0.0], 'TotalSysCpuTimeHistory': [0.0], 'WallDurations': [0], 'JobIds': ['137314343.0'], 'State': 'idle', 'RecordedSite': False}}
INFO 2025-11-04 18:55:41.619 UTC: 	 Status on the scheduler:	SUBMITTED
INFO 2025-11-04 18:55:41.619 UTC: 	 
Jobs status:                    idle         		 99.6% (459/461)
INFO 2025-11-04 18:55:41.619 UTC: 	 				running      		  0.4% (  2/461)
INFO 2025-11-04 18:55:41.620 UTC: 	 
No publication information (publication has been disabled in the CRAB configuration file)
INFO 2025-11-04 18:55:41.685 UTC: 	 Log file is /afs/cern.ch/user/a/amalhotr/CMSSW_14_0_18_patch1/src/Run3ScoutingAnalysisTools/crab_ScoutingData_Redone_v5/crab.log
