DEBUG 2025-03-23 06:04:46.035 UTC: 	 CRAB Client version: v3.250318
DEBUG 2025-03-23 06:04:46.035 UTC: 	 Running on: Linux lxplus940.cern.ch 5.14.0-503.22.1.el9_5.x86_64 #1 SMP PREEMPT_DYNAMIC Wed Jan 15 08:02:15 EST 2025 x86_64 x86_64 x86_64 GNU/Linux
DEBUG 2025-03-23 06:04:46.035 UTC: 	 Not using Singularity
DEBUG 2025-03-23 06:04:46.035 UTC: 	 Operating System: Red Hat Enterprise Linux 9.5 (Plow)
DEBUG 2025-03-23 06:04:46.035 UTC: 	 Executing command: 'submit'
DEBUG 2025-03-23 06:04:46.035 UTC: 	 Found CRAB cache file /afs/cern.ch/user/a/amalhotr/.crab3
INFO 2025-03-23 06:04:46.036 UTC: 	 Will use CRAB configuration file HLTScoutingUnpackProducer_CRAB.py
DEBUG 2025-03-23 06:04:46.036 UTC: 	 Loading CRAB configuration file.
DEBUG 2025-03-23 06:04:46.136 UTC: 	 Will use CRAB plugin ANALYSIS (i.e. will run an analysis job type).
DEBUG 2025-03-23 06:04:46.142 UTC: 	 Checking credentials
DEBUG 2025-03-23 06:04:46.142 UTC: 	 Found proxy file /tmp/x509up_u180451
DEBUG 2025-03-23 06:04:46.142 UTC: 	 Making sure it has proper VOMS extension
DEBUG 2025-03-23 06:04:46.142 UTC: 	 Executing command :
 voms-proxy-info --vo --file /tmp/x509up_u180451
DEBUG 2025-03-23 06:04:46.484 UTC: 	 output : cms

 error: 
 retcode : 0
DEBUG 2025-03-23 06:04:46.484 UTC: 	 Getting proxy life time left
DEBUG 2025-03-23 06:04:46.484 UTC: 	 Executing command :
 voms-proxy-info --actimeleft --timeleft --file /tmp/x509up_u180451
DEBUG 2025-03-23 06:04:46.806 UTC: 	 output : 691154
691154

 error: 
 retcode : 0
DEBUG 2025-03-23 06:04:46.806 UTC: 	 Proxy valid for 191:59:14 hours
DEBUG 2025-03-23 06:04:46.806 UTC: 	 Encoded data for curl request: subresource=delegatedn
DEBUG 2025-03-23 06:04:46.848 UTC: 	 Registering user credentials on myproxy for /DC=ch/DC=cern/OU=computers/CN=crab-(preprod|prod)-tw(01|02).cern.ch|/DC=ch/DC=cern/OU=computers/CN=crab-dev-tw(01|02|03|04).cern.ch|/DC=ch/DC=cern/OU=Organic Units/OU=Users/CN=cmscrab/CN=(817881|373708)/CN=Robot: cms crab|/DC=ch/DC=cern/OU=Organic Units/OU=Users/CN=crabint1/CN=373708/CN=Robot: CMS CRAB Integration 1
DEBUG 2025-03-23 06:04:46.848 UTC: 	 Executing command :
 voms-proxy-info --identity --file /tmp/x509up_u180451
DEBUG 2025-03-23 06:04:47.173 UTC: 	 output : /DC=ch/DC=cern/OU=Organic Units/OU=Users/CN=amalhotr/CN=884837/CN=Aryan Malhotra

 error: 
 retcode : 0
DEBUG 2025-03-23 06:04:47.173 UTC: 	 Getting myproxy life time left for 2382a3cf28fdeacb1de9b039908761ea517a5ed6
DEBUG 2025-03-23 06:04:47.173 UTC: 	 Executing command :
 myproxy-info -s myproxy.cern.ch -l 2382a3cf28fdeacb1de9b039908761ea517a5ed6
DEBUG 2025-03-23 06:04:47.497 UTC: 	 output : username: 2382a3cf28fdeacb1de9b039908761ea517a5ed6
owner: /DC=ch/DC=cern/OU=Organic Units/OU=Users/CN=amalhotr/CN=884837/CN=Aryan Malhotra
  renewal policy: /DC=ch/DC=cern/OU=computers/CN=crab-(preprod|prod)-tw(01|02).cern.ch|/DC=ch/DC=cern/OU=computers/CN=crab-dev-tw(01|02|03|04).cern.ch|/DC=ch/DC=cern/OU=Organic Units/OU=Users/CN=cmscrab/CN=(817881|373708)/CN=Robot: cms crab|/DC=ch/DC=cern/OU=Organic Units/OU=Users/CN=crabint1/CN=373708/CN=Robot: CMS CRAB Integration 1
  trusted retrieval policy: /DC=ch/DC=cern/OU=computers/CN=crab-(preprod|prod)-tw(01|02).cern.ch|/DC=ch/DC=cern/OU=computers/CN=crab-dev-tw(01|02|03|04).cern.ch|/DC=ch/DC=cern/OU=Organic Units/OU=Users/CN=cmscrab/CN=(817881|373708)/CN=Robot: cms crab|/DC=ch/DC=cern/OU=Organic Units/OU=Users/CN=crabint1/CN=373708/CN=Robot: CMS CRAB Integration 1
  timeleft: 622:15:31  (25.9 days)

 error: 
 retcode : 0
DEBUG 2025-03-23 06:04:47.497 UTC: 	 Myproxy is valid: 2240100
DEBUG 2025-03-23 06:04:47.497 UTC: 	 Result of myproxy credential check:
  Credential exists on myproxy: username: 2382a3cf28fdeacb1de9b039908761ea517a5ed6  - validity: 25 days, 22:15:00
DEBUG 2025-03-23 06:04:47.498 UTC: 	 Command use: submit
DEBUG 2025-03-23 06:04:47.498 UTC: 	 Options use: ['-c', 'HLTScoutingUnpackProducer_CRAB.py']
DEBUG 2025-03-23 06:04:47.498 UTC: 	 Encoded data for curl request: subresource=version
DEBUG 2025-03-23 06:04:47.542 UTC: 	 CRABClient version: v3.250318
DEBUG 2025-03-23 06:04:47.542 UTC: 	 Instance is prod
DEBUG 2025-03-23 06:04:47.542 UTC: 	 Server base url is cmsweb.cern.ch
DEBUG 2025-03-23 06:04:47.542 UTC: 	 Command api workflow
DEBUG 2025-03-23 06:04:47.542 UTC: 	 Started submission
DEBUG 2025-03-23 06:04:47.542 UTC: 	 Working on /afs/cern.ch/user/a/amalhotr/CMSSW_14_0_18_patch1/src/Run3ScoutingAnalysisTools/crab_DYto2Mu4Jets_Unpacker_Large
DEBUG 2025-03-23 06:04:47.542 UTC: 	 Encoded data for curl request: subresource=backendurls
DEBUG 2025-03-23 06:04:47.608 UTC: 	 Loading required information from the environment
DEBUG 2025-03-23 06:04:47.608 UTC: 	 Found CMSSW_14_0_18_patch1 for el9_amd64_gcc12 with base /afs/cern.ch/user/a/amalhotr/CMSSW_14_0_18_patch1
DEBUG 2025-03-23 06:04:47.608 UTC: 	 Loading required information from the environment
DEBUG 2025-03-23 06:04:47.608 UTC: 	 Found CMSSW_14_0_18_patch1 for el9_amd64_gcc12 with base /afs/cern.ch/user/a/amalhotr/CMSSW_14_0_18_patch1
DEBUG 2025-03-23 06:04:47.608 UTC: 	 UNIQUE NAME: tarUUID 480cdecc-1f17-4f7e-b56f-90582fdffd00 
DEBUG 2025-03-23 06:04:47.608 UTC: 	 self.config: from WMCore.Configuration import Configuration
config = Configuration()
config.section_('General')
config.General.transferOutputs = True
config.General.transferLogs = True
config.General.requestName = 'DYto2Mu4Jets_Unpacker_Large'
config.section_('JobType')
config.JobType.pluginName = 'Analysis'
config.JobType.psetName = 'HLTScoutingUnpackProducer.py'
config.section_('Data')
config.Data.publication = True
config.Data.inputDataset = '/DYto2Mu-4Jets_Bin-MLL-50_TuneCP5_13p6TeV_madgraphMLM-pythia8/RunIII2024Summer24MiniAOD-140X_mcRun3_2024_realistic_v26-v2/MINIAODSIM'
config.Data.unitsPerJob = 5
config.Data.outputDatasetTag = 'DYto2Mu4Jets_Unpacker_Large'
config.Data.totalUnits = 75
config.Data.splitting = 'FileBased'
config.section_('Site')
config.Site.storageSite = 'T3_CH_CERNBOX'
config.section_('User')
config.section_('Debug')

DEBUG 2025-03-23 06:04:47.608 UTC: 	 self.config.JobType.psetName: HLTScoutingUnpackProducer.py
INFO 2025-03-23 06:04:47.608 UTC: 	 Importing CMSSW configuration HLTScoutingUnpackProducer.py
INFO 2025-03-23 06:04:48.010 UTC: 	 Finished importing CMSSW configuration HLTScoutingUnpackProducer.py
DEBUG 2025-03-23 06:04:48.011 UTC: 	 Writing CMSSW configuration to /afs/cern.ch/user/a/amalhotr/CMSSW_14_0_18_patch1/src/Run3ScoutingAnalysisTools/crab_DYto2Mu4Jets_Unpacker_Large/inputs/PSet.py
DEBUG 2025-03-23 06:04:48.035 UTC: 	 The following EDM output files will be collected: ['HLTUnpackerOutputLarge.root']
DEBUG 2025-03-23 06:04:48.035 UTC: 	 The following TFile output files will be collected: []
DEBUG 2025-03-23 06:04:48.035 UTC: 	 The following user output files (not listed as PoolOuputModule or TFileService in the CMSSW PSet) will be collected: 
DEBUG 2025-03-23 06:04:48.035 UTC: 	 Loading required information from the environment
DEBUG 2025-03-23 06:04:48.035 UTC: 	 Found CMSSW_14_0_18_patch1 for el9_amd64_gcc12 with base /afs/cern.ch/user/a/amalhotr/CMSSW_14_0_18_patch1
DEBUG 2025-03-23 06:04:48.035 UTC: 	 Making tarball in /afs/cern.ch/user/a/amalhotr/CMSSW_14_0_18_patch1/src/Run3ScoutingAnalysisTools/crab_DYto2Mu4Jets_Unpacker_Large/inputs/480cdecc-1f17-4f7e-b56f-90582fdffd00default.tgz
DEBUG 2025-03-23 06:04:48.036 UTC: 	 Checking directory /afs/cern.ch/user/a/amalhotr/CMSSW_14_0_18_patch1/bin
DEBUG 2025-03-23 06:04:48.036 UTC: 	 Adding directory /afs/cern.ch/user/a/amalhotr/CMSSW_14_0_18_patch1/bin to tarball
DEBUG 2025-03-23 06:04:48.037 UTC: 	 Checking directory /afs/cern.ch/user/a/amalhotr/CMSSW_14_0_18_patch1/python
DEBUG 2025-03-23 06:04:48.037 UTC: 	 Adding directory /afs/cern.ch/user/a/amalhotr/CMSSW_14_0_18_patch1/python to tarball
DEBUG 2025-03-23 06:04:48.731 UTC: 	 Checking directory /afs/cern.ch/user/a/amalhotr/CMSSW_14_0_18_patch1/cfipython
DEBUG 2025-03-23 06:04:48.732 UTC: 	 Adding directory /afs/cern.ch/user/a/amalhotr/CMSSW_14_0_18_patch1/cfipython to tarball
DEBUG 2025-03-23 06:04:48.901 UTC: 	 Checking directory /afs/cern.ch/user/a/amalhotr/CMSSW_14_0_18_patch1/lib
DEBUG 2025-03-23 06:04:48.901 UTC: 	 Adding directory /afs/cern.ch/user/a/amalhotr/CMSSW_14_0_18_patch1/lib to tarball
DEBUG 2025-03-23 06:04:49.941 UTC: 	 Checking directory /afs/cern.ch/user/a/amalhotr/CMSSW_14_0_18_patch1/biglib
DEBUG 2025-03-23 06:04:49.941 UTC: 	 Adding directory /afs/cern.ch/user/a/amalhotr/CMSSW_14_0_18_patch1/biglib to tarball
DEBUG 2025-03-23 06:04:49.941 UTC: 	 Checking directory /afs/cern.ch/user/a/amalhotr/CMSSW_14_0_18_patch1/module
DEBUG 2025-03-23 06:04:49.941 UTC: 	 Checking directory /afs/cern.ch/user/a/amalhotr/CMSSW_14_0_18_patch1/config/SCRAM/hooks
DEBUG 2025-03-23 06:04:49.941 UTC: 	 Adding directory /afs/cern.ch/user/a/amalhotr/CMSSW_14_0_18_patch1/config/SCRAM/hooks to tarball
DEBUG 2025-03-23 06:04:50.320 UTC: 	 Adding directory /afs/cern.ch/user/a/amalhotr/CMSSW_14_0_18_patch1/src/Run3ScoutingAnalysisTools/DataFormats/Scouting/interface to tarball
DEBUG 2025-03-23 06:04:50.435 UTC: 	 Adding directory /afs/cern.ch/user/a/amalhotr/CMSSW_14_0_18_patch1/src/Run3ScoutingAnalysisTools/ScoutingTreeMakerRun3/python to tarball
DEBUG 2025-03-23 06:04:50.535 UTC: 	 Adding directory /afs/cern.ch/user/a/amalhotr/CMSSW_14_0_18_patch1/src/DataFormats/Scouting/interface to tarball
DEBUG 2025-03-23 06:04:50.983 UTC: 	 Adding directory /afs/cern.ch/user/a/amalhotr/CMSSW_14_0_18_patch1/src/Configuration/GenProduction/python to tarball
DEBUG 2025-03-23 06:04:51.095 UTC: 	 Uploading archive /afs/cern.ch/user/a/amalhotr/CMSSW_14_0_18_patch1/src/Run3ScoutingAnalysisTools/crab_DYto2Mu4Jets_Unpacker_Large/inputs/480cdecc-1f17-4f7e-b56f-90582fdffd00default.tgz (462 KB) to the CRAB cache. Using URI https://cmsweb.cern.ch/S3/crabcache_prod
DEBUG 2025-03-23 06:04:51.223 UTC: 	 Encoded data for curl request: subresource=upload&objecttype=sandbox&tarballname=3347ab5ebddcbcf20e5a549cff91c4ac4d53283ca301d10bc07120adeaa8b0f2.tar.gz
DEBUG 2025-03-23 06:04:51.359 UTC: 	 Will execute:
curl -f -v -X POST  -H "User-Agent: CRAB" -F "key=amalhotr/sandboxes/3347ab5ebddcbcf20e5a549cff91c4ac4d53283ca301d10bc07120adeaa8b0f2.tar.gz" -F "AWSAccessKeyId=715203df6482458ba839e73e6dab634b" -F "policy=eyJleHBpcmF0aW9uIjogIjIwMjUtMDMtMjNUMDc6MDQ6NTFaIiwgImNvbmRpdGlvbnMiOiBbeyJidWNrZXQiOiAiY3JhYmNhY2hlX3Byb2QifSwgeyJrZXkiOiAiYW1hbGhvdHIvc2FuZGJveGVzLzMzNDdhYjVlYmRkY2JjZjIwZTVhNTQ5Y2ZmOTFjNGFjNGQ1MzI4M2NhMzAxZDEwYmMwNzEyMGFkZWFhOGIwZjIudGFyLmd6In1dfQ==" -F "signature=BxGW15kWXZadkL7DUYTMsNs0Q7c=" -F "file=@/afs/cern.ch/user/a/amalhotr/CMSSW_14_0_18_patch1/src/Run3ScoutingAnalysisTools/crab_DYto2Mu4Jets_Unpacker_Large/inputs/480cdecc-1f17-4f7e-b56f-90582fdffd00default.tgz" "https://s3.cern.ch/crabcache_prod"
DEBUG 2025-03-23 06:04:51.414 UTC: 	 exitcode: 0
stdout: b''
DEBUG 2025-03-23 06:04:51.414 UTC: 	 upload to S3 of sandbox /afs/cern.ch/user/a/amalhotr/CMSSW_14_0_18_patch1/src/Run3ScoutingAnalysisTools/crab_DYto2Mu4Jets_Unpacker_Large/inputs/480cdecc-1f17-4f7e-b56f-90582fdffd00default.tgz completed
DEBUG 2025-03-23 06:04:51.414 UTC: 	 make sure that object is ready for retrieve
DEBUG 2025-03-23 06:04:52.416 UTC: 	 Encoded data for curl request: subresource=download&objecttype=sandbox&tarballname=3347ab5ebddcbcf20e5a549cff91c4ac4d53283ca301d10bc07120adeaa8b0f2.tar.gz&clientmethod=head_object
DEBUG 2025-03-23 06:04:52.566 UTC: 	 PreSignedUrl to download sandbox received OK
DEBUG 2025-03-23 06:04:52.568 UTC: 	 Will execute:
 curl -v -s -f -o /dev/null --head  "https://s3.cern.ch/crabcache_prod/amalhotr/sandboxes/3347ab5ebddcbcf20e5a549cff91c4ac4d53283ca301d10bc07120adeaa8b0f2.tar.gz?AWSAccessKeyId=715203df6482458ba839e73e6dab634b&Signature=SDTC2WDXOS%2FF7e7MG6vSwTZaUb0%3D&Expires=1742713492"
DEBUG 2025-03-23 06:04:52.605 UTC: 	 exitcode: 0
stdout: b''
DEBUG 2025-03-23 06:04:52.605 UTC: 	 sandbox /afs/cern.ch/user/a/amalhotr/CMSSW_14_0_18_patch1/src/Run3ScoutingAnalysisTools/crab_DYto2Mu4Jets_Unpacker_Large/inputs/480cdecc-1f17-4f7e-b56f-90582fdffd00default.tgz successfully uploaded to S3
DEBUG 2025-03-23 06:04:52.605 UTC: 	 Loading required information from the environment
DEBUG 2025-03-23 06:04:52.606 UTC: 	 Found CMSSW_14_0_18_patch1 for el9_amd64_gcc12 with base /afs/cern.ch/user/a/amalhotr/CMSSW_14_0_18_patch1
DEBUG 2025-03-23 06:04:52.606 UTC: 	 Making tarball in /afs/cern.ch/user/a/amalhotr/CMSSW_14_0_18_patch1/src/Run3ScoutingAnalysisTools/crab_DYto2Mu4Jets_Unpacker_Large/inputs/debugFiles.tgz
DEBUG 2025-03-23 06:04:52.617 UTC: 	 Uploading archive /afs/cern.ch/user/a/amalhotr/CMSSW_14_0_18_patch1/src/Run3ScoutingAnalysisTools/crab_DYto2Mu4Jets_Unpacker_Large/inputs/debugFiles.tgz (1 KB) to the CRAB cache. Using URI https://cmsweb.cern.ch/S3/crabcache_prod
DEBUG 2025-03-23 06:04:52.619 UTC: 	 Encoded data for curl request: subresource=upload&objecttype=sandbox&tarballname=092c95d3b1ed17d5c8f35311372fbafe5aae77e928c0bec78cce9935847f1e25.tar.gz
DEBUG 2025-03-23 06:04:52.940 UTC: 	 Will execute:
curl -f -v -X POST  -H "User-Agent: CRAB" -F "key=amalhotr/sandboxes/092c95d3b1ed17d5c8f35311372fbafe5aae77e928c0bec78cce9935847f1e25.tar.gz" -F "AWSAccessKeyId=715203df6482458ba839e73e6dab634b" -F "policy=eyJleHBpcmF0aW9uIjogIjIwMjUtMDMtMjNUMDc6MDQ6NTJaIiwgImNvbmRpdGlvbnMiOiBbeyJidWNrZXQiOiAiY3JhYmNhY2hlX3Byb2QifSwgeyJrZXkiOiAiYW1hbGhvdHIvc2FuZGJveGVzLzA5MmM5NWQzYjFlZDE3ZDVjOGYzNTMxMTM3MmZiYWZlNWFhZTc3ZTkyOGMwYmVjNzhjY2U5OTM1ODQ3ZjFlMjUudGFyLmd6In1dfQ==" -F "signature=KoNSz8HkEFBWKNpXMQGuI9ek7PY=" -F "file=@/afs/cern.ch/user/a/amalhotr/CMSSW_14_0_18_patch1/src/Run3ScoutingAnalysisTools/crab_DYto2Mu4Jets_Unpacker_Large/inputs/debugFiles.tgz" "https://s3.cern.ch/crabcache_prod"
DEBUG 2025-03-23 06:04:53.309 UTC: 	 exitcode: 0
stdout: b''
DEBUG 2025-03-23 06:04:53.310 UTC: 	 upload to S3 of sandbox /afs/cern.ch/user/a/amalhotr/CMSSW_14_0_18_patch1/src/Run3ScoutingAnalysisTools/crab_DYto2Mu4Jets_Unpacker_Large/inputs/debugFiles.tgz completed
DEBUG 2025-03-23 06:04:53.310 UTC: 	 make sure that object is ready for retrieve
DEBUG 2025-03-23 06:04:54.310 UTC: 	 Encoded data for curl request: subresource=download&objecttype=sandbox&tarballname=092c95d3b1ed17d5c8f35311372fbafe5aae77e928c0bec78cce9935847f1e25.tar.gz&clientmethod=head_object
DEBUG 2025-03-23 06:04:54.344 UTC: 	 PreSignedUrl to download sandbox received OK
DEBUG 2025-03-23 06:04:54.346 UTC: 	 Will execute:
 curl -v -s -f -o /dev/null --head  "https://s3.cern.ch/crabcache_prod/amalhotr/sandboxes/092c95d3b1ed17d5c8f35311372fbafe5aae77e928c0bec78cce9935847f1e25.tar.gz?AWSAccessKeyId=715203df6482458ba839e73e6dab634b&Signature=wSrePv2eHfM2vBYXmuJJxFIw4u0%3D&Expires=1742713494"
DEBUG 2025-03-23 06:04:54.373 UTC: 	 exitcode: 0
stdout: b''
DEBUG 2025-03-23 06:04:54.373 UTC: 	 sandbox /afs/cern.ch/user/a/amalhotr/CMSSW_14_0_18_patch1/src/Run3ScoutingAnalysisTools/crab_DYto2Mu4Jets_Unpacker_Large/inputs/debugFiles.tgz successfully uploaded to S3
DEBUG 2025-03-23 06:04:54.373 UTC: 	 Result uploading input files: 3347ab5ebddcbcf20e5a549cff91c4ac4d53283ca301d10bc07120adeaa8b0f2.tar.gz 
DEBUG 2025-03-23 06:04:54.373 UTC: 	 submit() - self.configuration from WMCore.Configuration import Configuration
config = Configuration()
config.section_('General')
config.General.transferOutputs = True
config.General.transferLogs = True
config.General.requestName = 'DYto2Mu4Jets_Unpacker_Large'
config.section_('JobType')
config.JobType.pluginName = 'Analysis'
config.JobType.psetName = 'HLTScoutingUnpackProducer.py'
config.section_('Data')
config.Data.publication = True
config.Data.inputDataset = '/DYto2Mu-4Jets_Bin-MLL-50_TuneCP5_13p6TeV_madgraphMLM-pythia8/RunIII2024Summer24MiniAOD-140X_mcRun3_2024_realistic_v26-v2/MINIAODSIM'
config.Data.unitsPerJob = 5
config.Data.outputDatasetTag = 'DYto2Mu4Jets_Unpacker_Large'
config.Data.totalUnits = 75
config.Data.splitting = 'FileBased'
config.section_('Site')
config.Site.storageSite = 'T3_CH_CERNBOX'
config.section_('User')
config.section_('Debug')

DEBUG 2025-03-23 06:04:54.373 UTC: 	 submit() - self.configreq {'dryrun': 0, 'workflow': 'crab_DYto2Mu4Jets_Unpacker_Large', 'saveoutput': 1, 'savelogsflag': 1, 'inputdata': '/DYto2Mu-4Jets_Bin-MLL-50_TuneCP5_13p6TeV_madgraphMLM-pythia8/RunIII2024Summer24MiniAOD-140X_mcRun3_2024_realistic_v26-v2/MINIAODSIM', 'nonvaliddata': 0, 'userfiles': [], 'dbsurl': 'https://cmsweb.cern.ch/dbs/prod/global/DBSReader', 'useparent': 0, 'ignorelocality': 0, 'splitalgo': 'FileBased', 'algoargs': 5, 'totalunits': 75, 'publication': 1, 'publishdbsurl': 'https://cmsweb.cern.ch/dbs/prod/phys03/DBSWriter', 'publishname2': 'DYto2Mu4Jets_Unpacker_Large', 'jobtype': 'Analysis', 'generator': 'pythia', 'addoutputfiles': [], 'maxjobruntime': 1250, 'numcores': 1, 'maxmemory': 2000, 'priority': 10, 'nonprodsw': 0, 'asyncdest': 'T3_CH_CERNBOX', 'requireaccelerator': 0, 'oneEventMode': 0, 'extrajdl': [], 'ignoreglobalblacklist': 0, 'partialdataset': 0, 'inputblocks': []}
DEBUG 2025-03-23 06:04:54.373 UTC: 	 submit() - jobconfig {'addoutputfiles': [], 'tfileoutfiles': [], 'edmoutfiles': ['HLTUnpackerOutputLarge.root'], 'jobarch': 'el9_amd64_gcc12', 'jobminuarch': 'any', 'jobsw': 'CMSSW_14_0_18_patch1', 'inputdata': '/DYto2Mu-4Jets_Bin-MLL-50_TuneCP5_13p6TeV_madgraphMLM-pythia8/RunIII2024Summer24MiniAOD-140X_mcRun3_2024_realistic_v26-v2/MINIAODSIM', 'cacheurl': 'https://cmsweb.cern.ch/S3/crabcache_prod', 'cachefilename': '3347ab5ebddcbcf20e5a549cff91c4ac4d53283ca301d10bc07120adeaa8b0f2.tar.gz', 'debugfilename': '092c95d3b1ed17d5c8f35311372fbafe5aae77e928c0bec78cce9935847f1e25.tar.gz', 'jobtype': 'Analysis'}
INFO 2025-03-23 06:04:54.373 UTC: 	 Sending the request to the server at cmsweb.cern.ch
DEBUG 2025-03-23 06:04:54.373 UTC: 	 Submitting {'dryrun': 0, 'workflow': 'crab_DYto2Mu4Jets_Unpacker_Large', 'saveoutput': 1, 'savelogsflag': 1, 'inputdata': '/DYto2Mu-4Jets_Bin-MLL-50_TuneCP5_13p6TeV_madgraphMLM-pythia8/RunIII2024Summer24MiniAOD-140X_mcRun3_2024_realistic_v26-v2/MINIAODSIM', 'nonvaliddata': 0, 'userfiles': [], 'dbsurl': 'https://cmsweb.cern.ch/dbs/prod/global/DBSReader', 'useparent': 0, 'ignorelocality': 0, 'splitalgo': 'FileBased', 'algoargs': 5, 'totalunits': 75, 'publication': 1, 'publishdbsurl': 'https://cmsweb.cern.ch/dbs/prod/phys03/DBSWriter', 'publishname2': 'DYto2Mu4Jets_Unpacker_Large', 'jobtype': 'Analysis', 'generator': 'pythia', 'addoutputfiles': [], 'maxjobruntime': 1250, 'numcores': 1, 'maxmemory': 2000, 'priority': 10, 'nonprodsw': 0, 'asyncdest': 'T3_CH_CERNBOX', 'requireaccelerator': 0, 'oneEventMode': 0, 'extrajdl': [], 'ignoreglobalblacklist': 0, 'partialdataset': 0, 'inputblocks': [], 'tfileoutfiles': [], 'edmoutfiles': ['HLTUnpackerOutputLarge.root'], 'jobarch': 'el9_amd64_gcc12', 'jobminuarch': 'any', 'jobsw': 'CMSSW_14_0_18_patch1', 'cacheurl': 'https://cmsweb.cern.ch/S3/crabcache_prod', 'cachefilename': '3347ab5ebddcbcf20e5a549cff91c4ac4d53283ca301d10bc07120adeaa8b0f2.tar.gz', 'debugfilename': '092c95d3b1ed17d5c8f35311372fbafe5aae77e928c0bec78cce9935847f1e25.tar.gz'} 
DEBUG 2025-03-23 06:04:54.373 UTC: 	 Encoded data for curl request: dryrun=0&workflow=crab_DYto2Mu4Jets_Unpacker_Large&saveoutput=1&savelogsflag=1&inputdata=%2FDYto2Mu-4Jets_Bin-MLL-50_TuneCP5_13p6TeV_madgraphMLM-pythia8%2FRunIII2024Summer24MiniAOD-140X_mcRun3_2024_realistic_v26-v2%2FMINIAODSIM&nonvaliddata=0&dbsurl=https%3A%2F%2Fcmsweb.cern.ch%2Fdbs%2Fprod%2Fglobal%2FDBSReader&useparent=0&ignorelocality=0&splitalgo=FileBased&algoargs=5&totalunits=75&publication=1&publishdbsurl=https%3A%2F%2Fcmsweb.cern.ch%2Fdbs%2Fprod%2Fphys03%2FDBSWriter&publishname2=DYto2Mu4Jets_Unpacker_Large&jobtype=Analysis&generator=pythia&maxjobruntime=1250&numcores=1&maxmemory=2000&priority=10&nonprodsw=0&asyncdest=T3_CH_CERNBOX&requireaccelerator=0&oneEventMode=0&ignoreglobalblacklist=0&partialdataset=0&jobarch=el9_amd64_gcc12&jobminuarch=any&jobsw=CMSSW_14_0_18_patch1&cacheurl=https%3A%2F%2Fcmsweb.cern.ch%2FS3%2Fcrabcache_prod&cachefilename=3347ab5ebddcbcf20e5a549cff91c4ac4d53283ca301d10bc07120adeaa8b0f2.tar.gz&debugfilename=092c95d3b1ed17d5c8f35311372fbafe5aae77e928c0bec78cce9935847f1e25.tar.gz&edmoutfiles=HLTUnpackerOutputLarge.root
DEBUG 2025-03-23 06:04:55.514 UTC: 	 Result: {'result': [{'RequestName': '250323_060454:amalhotr_crab_DYto2Mu4Jets_Unpacker_Large'}]}
INFO 2025-03-23 06:04:55.517 UTC: 	 Success: Your task has been delivered to the prod CRAB3 server.
INFO 2025-03-23 06:04:55.517 UTC: 	 Task name: 250323_060454:amalhotr_crab_DYto2Mu4Jets_Unpacker_Large
INFO 2025-03-23 06:04:55.517 UTC: 	 Project dir: ./crab_DYto2Mu4Jets_Unpacker_Large
INFO 2025-03-23 06:04:55.517 UTC: 	 Please use ' crab status -d ./crab_DYto2Mu4Jets_Unpacker_Large ' to check how the submission process proceeds.
DEBUG 2025-03-23 06:04:55.517 UTC: 	 About to return
INFO 2025-03-23 06:04:55.519 UTC: 	 Log file is /afs/cern.ch/user/a/amalhotr/CMSSW_14_0_18_patch1/src/Run3ScoutingAnalysisTools/crab_DYto2Mu4Jets_Unpacker_Large/crab.log
DEBUG 2025-03-23 06:06:00.652 UTC: 	 CRAB Client version: v3.250318
DEBUG 2025-03-23 06:06:00.652 UTC: 	 Running on: Linux lxplus940.cern.ch 5.14.0-503.22.1.el9_5.x86_64 #1 SMP PREEMPT_DYNAMIC Wed Jan 15 08:02:15 EST 2025 x86_64 x86_64 x86_64 GNU/Linux
DEBUG 2025-03-23 06:06:00.652 UTC: 	 Not using Singularity
DEBUG 2025-03-23 06:06:00.652 UTC: 	 Operating System: Red Hat Enterprise Linux 9.5 (Plow)
DEBUG 2025-03-23 06:06:00.652 UTC: 	 Executing command: 'status'
DEBUG 2025-03-23 06:06:00.652 UTC: 	 Found CRAB cache file /afs/cern.ch/user/a/amalhotr/.crab3
DEBUG 2025-03-23 06:06:00.656 UTC: 	 Checking credentials
DEBUG 2025-03-23 06:06:00.656 UTC: 	 Found proxy file /tmp/x509up_u180451
DEBUG 2025-03-23 06:06:00.656 UTC: 	 Making sure it has proper VOMS extension
DEBUG 2025-03-23 06:06:00.656 UTC: 	 Executing command :
 voms-proxy-info --vo --file /tmp/x509up_u180451
DEBUG 2025-03-23 06:06:00.995 UTC: 	 output : cms

 error: 
 retcode : 0
DEBUG 2025-03-23 06:06:00.995 UTC: 	 Getting proxy life time left
DEBUG 2025-03-23 06:06:00.995 UTC: 	 Executing command :
 voms-proxy-info --actimeleft --timeleft --file /tmp/x509up_u180451
DEBUG 2025-03-23 06:06:01.356 UTC: 	 output : 691079
691079

 error: 
 retcode : 0
DEBUG 2025-03-23 06:06:01.356 UTC: 	 Proxy valid for 191:57:59 hours
DEBUG 2025-03-23 06:06:01.357 UTC: 	 Encoded data for curl request: subresource=delegatedn
DEBUG 2025-03-23 06:06:01.400 UTC: 	 Registering user credentials on myproxy for /DC=ch/DC=cern/OU=computers/CN=crab-(preprod|prod)-tw(01|02).cern.ch|/DC=ch/DC=cern/OU=computers/CN=crab-dev-tw(01|02|03|04).cern.ch|/DC=ch/DC=cern/OU=Organic Units/OU=Users/CN=cmscrab/CN=(817881|373708)/CN=Robot: cms crab|/DC=ch/DC=cern/OU=Organic Units/OU=Users/CN=crabint1/CN=373708/CN=Robot: CMS CRAB Integration 1
DEBUG 2025-03-23 06:06:01.400 UTC: 	 Executing command :
 voms-proxy-info --identity --file /tmp/x509up_u180451
DEBUG 2025-03-23 06:06:01.734 UTC: 	 output : /DC=ch/DC=cern/OU=Organic Units/OU=Users/CN=amalhotr/CN=884837/CN=Aryan Malhotra

 error: 
 retcode : 0
DEBUG 2025-03-23 06:06:01.734 UTC: 	 Getting myproxy life time left for 2382a3cf28fdeacb1de9b039908761ea517a5ed6
DEBUG 2025-03-23 06:06:01.734 UTC: 	 Executing command :
 myproxy-info -s myproxy.cern.ch -l 2382a3cf28fdeacb1de9b039908761ea517a5ed6
DEBUG 2025-03-23 06:06:02.085 UTC: 	 output : username: 2382a3cf28fdeacb1de9b039908761ea517a5ed6
owner: /DC=ch/DC=cern/OU=Organic Units/OU=Users/CN=amalhotr/CN=884837/CN=Aryan Malhotra
  renewal policy: /DC=ch/DC=cern/OU=computers/CN=crab-(preprod|prod)-tw(01|02).cern.ch|/DC=ch/DC=cern/OU=computers/CN=crab-dev-tw(01|02|03|04).cern.ch|/DC=ch/DC=cern/OU=Organic Units/OU=Users/CN=cmscrab/CN=(817881|373708)/CN=Robot: cms crab|/DC=ch/DC=cern/OU=Organic Units/OU=Users/CN=crabint1/CN=373708/CN=Robot: CMS CRAB Integration 1
  trusted retrieval policy: /DC=ch/DC=cern/OU=computers/CN=crab-(preprod|prod)-tw(01|02).cern.ch|/DC=ch/DC=cern/OU=computers/CN=crab-dev-tw(01|02|03|04).cern.ch|/DC=ch/DC=cern/OU=Organic Units/OU=Users/CN=cmscrab/CN=(817881|373708)/CN=Robot: cms crab|/DC=ch/DC=cern/OU=Organic Units/OU=Users/CN=crabint1/CN=373708/CN=Robot: CMS CRAB Integration 1
  timeleft: 622:14:16  (25.9 days)

 error: 
 retcode : 0
DEBUG 2025-03-23 06:06:02.085 UTC: 	 Myproxy is valid: 2240040
DEBUG 2025-03-23 06:06:02.085 UTC: 	 Result of myproxy credential check:
  Credential exists on myproxy: username: 2382a3cf28fdeacb1de9b039908761ea517a5ed6  - validity: 25 days, 22:14:00
DEBUG 2025-03-23 06:06:02.085 UTC: 	 Retrieving username ...
DEBUG 2025-03-23 06:06:02.085 UTC: 	 Retrieving username from CRIC...
DEBUG 2025-03-23 06:06:02.833 UTC: 	 username is amalhotr
INFO 2025-03-23 06:06:03.286 UTC: 	 Rucio client intialized for account amalhotr
DEBUG 2025-03-23 06:06:03.286 UTC: 	 Command use: status
DEBUG 2025-03-23 06:06:03.286 UTC: 	 Options use: ['-d', './crab_DYto2Mu4Jets_Unpacker_Large']
DEBUG 2025-03-23 06:06:03.286 UTC: 	 Encoded data for curl request: subresource=version
DEBUG 2025-03-23 06:06:03.323 UTC: 	 CRABClient version: v3.250318
DEBUG 2025-03-23 06:06:03.323 UTC: 	 Instance is prod
DEBUG 2025-03-23 06:06:03.323 UTC: 	 Server base url is cmsweb.cern.ch
DEBUG 2025-03-23 06:06:03.323 UTC: 	 Command api workflow
DEBUG 2025-03-23 06:06:03.323 UTC: 	 Encoded data for curl request: subresource=search&workflow=250323_060454%3Aamalhotr_crab_DYto2Mu4Jets_Unpacker_Large
DEBUG 2025-03-23 06:06:03.378 UTC: 	 Got information from server oracle database: {'desc': {'columns': ['tm_taskname', 'tm_activity', 'tm_task_status', 'tm_task_command', 'tm_start_time', 'tm_start_injection', 'tm_end_injection', 'tm_task_failure', 'tm_job_sw', 'tm_job_arch', 'tm_input_dataset', 'tm_nonvalid_input_dataset', 'tm_use_parent', 'tm_site_whitelist', 'tm_site_blacklist', 'tm_split_algo', 'tm_split_args', 'tm_user_sandbox', 'tm_cache_url', 'tm_username', 'tm_user_dn', 'tm_user_vo', 'tm_user_role', 'tm_user_group', 'tm_publish_name', 'tm_publish_groupname', 'tm_asyncdest', 'tm_dbs_url', 'tm_publish_dbs_url', 'tm_publication', 'tm_outfiles', 'tm_tfile_outfiles', 'tm_edm_outfiles', 'tm_job_type', 'tm_generator', 'tm_events_per_lumi', 'tm_arguments', 'tm_save_logs', 'tw_name', 'tm_user_infiles', 'tm_maxjobruntime', 'tm_numcores', 'tm_maxmemory', 'tm_priority', 'tm_output_dataset', 'tm_task_warnings', 'tm_user_webdir', 'tm_scriptexe', 'tm_scriptargs', 'tm_extrajdl', 'tm_collector', 'tm_schedd', 'tm_dry_run', 'tm_user_files', 'tm_transfer_outputs', 'tm_output_lfn', 'tm_ignore_locality', 'tm_fail_limit', 'tm_one_event_mode', 'tm_secondary_input_dataset', 'tm_primary_dataset', 'tm_last_publication', 'tm_debug_files', 'clusterid', 'tm_ignore_global_blacklist', 'tm_submitter_ip_addr', 'tm_totalunits', 'tm_ddm_reqid', 'tm_user_config', 'tm_transfer_container', 'tm_transfer_rule', 'tm_publish_rule', 'tm_multipub_rule', 'tm_job_min_microarch']}, 'result': ['250323_060454:amalhotr_crab_DYto2Mu4Jets_Unpacker_Large', 'None', 'QUEUED', 'SUBMIT', '2025-03-23 06:04:55.506480', 'None', 'None', 'None', 'CMSSW_14_0_18_patch1', 'el9_amd64_gcc12', '/DYto2Mu-4Jets_Bin-MLL-50_TuneCP5_13p6TeV_madgraphMLM-pythia8/RunIII2024Summer24MiniAOD-140X_mcRun3_2024_realistic_v26-v2/MINIAODSIM', 'F', '0', '[]', '[]', 'FileBased', "{'halt_job_on_file_boundaries': False, 'splitOnRun': False, 'files_per_job': 5, 'runs': [], 'lumis': []}", '3347ab5ebddcbcf20e5a549cff91c4ac4d53283ca301d10bc07120adeaa8b0f2.tar.gz', 'https://cmsweb.cern.ch/S3/crabcache_prod', 'amalhotr', '/DC=ch/DC=cern/OU=Organic Units/OU=Users/CN=amalhotr/CN=884837/CN=Aryan Malhotra', 'cms', 'None', 'None', 'DYto2Mu4Jets_Unpacker_Large-00000000000000000000000000000000', 'F', 'T3_CH_CERNBOX', 'https://cmsweb.cern.ch/dbs/prod/global/DBSReader', 'https://cmsweb.cern.ch/dbs/prod/phys03/DBSWriter', 'T', '[]', '[]', "['HLTUnpackerOutputLarge.root']", 'Analysis', 'pythia', 'None', '{}', 'T', 'crab-prod-tw01', '[]', '1250', '1', '2000', '10', 'None', '[]', 'None', 'None', '[]', '[]', 'cmsgwms-collector-global.cern.ch:9620,cmsgwms-collector-global.fnal.gov:9620', 'None', 'F', '[]', 'T', '/store/user/amalhotr/', 'F', 'None', 'F', 'None', 'DYto2Mu-4Jets_Bin-MLL-50_TuneCP5_13p6TeV_madgraphMLM-pythia8', 'None', '092c95d3b1ed17d5c8f35311372fbafe5aae77e928c0bec78cce9935847f1e25.tar.gz', 'None', 'F', '188.184.73.32', '75.0', 'None', '{"partialdataset": false, "requireaccelerator": false, "acceleratorparams": null, "inputblocks": null}', 'None', 'None', 'None', 'None', 'any']}
INFO 2025-03-23 06:06:03.378 UTC: 	 CRAB project directory:		/afs/cern.ch/user/a/amalhotr/CMSSW_14_0_18_patch1/src/Run3ScoutingAnalysisTools/crab_DYto2Mu4Jets_Unpacker_Large
INFO 2025-03-23 06:06:03.379 UTC: 	 Task name:			250323_060454:amalhotr_crab_DYto2Mu4Jets_Unpacker_Large
INFO 2025-03-23 06:06:03.379 UTC: 	 Grid scheduler - Task Worker:	N/A yet - crab-prod-tw01
INFO 2025-03-23 06:06:03.379 UTC: 	 Status on the CRAB server:	QUEUED on command SUBMIT
INFO 2025-03-23 06:06:03.379 UTC: 	 Task URL to use for HELP:	https://cmsweb.cern.ch/crabserver/ui/task/250323_060454%3Aamalhotr_crab_DYto2Mu4Jets_Unpacker_Large
INFO 2025-03-23 06:06:03.384 UTC: 	 Dashboard monitoring URL:	https://monit-grafana.cern.ch/d/cmsTMDetail/cms-task-monitoring-task-view?orgId=11&var-user=amalhotr&var-task=250323_060454%3Aamalhotr_crab_DYto2Mu4Jets_Unpacker_Large&from=1742706295000&to=now
DEBUG 2025-03-23 06:06:03.385 UTC: 	 The task has not been submitted to the Grid scheduler yet. Not printing job information.
INFO 2025-03-23 06:06:03.386 UTC: 	 Log file is /afs/cern.ch/user/a/amalhotr/CMSSW_14_0_18_patch1/src/Run3ScoutingAnalysisTools/crab_DYto2Mu4Jets_Unpacker_Large/crab.log
DEBUG 2025-03-23 06:08:47.755 UTC: 	 CRAB Client version: v3.250318
DEBUG 2025-03-23 06:08:47.755 UTC: 	 Running on: Linux lxplus940.cern.ch 5.14.0-503.22.1.el9_5.x86_64 #1 SMP PREEMPT_DYNAMIC Wed Jan 15 08:02:15 EST 2025 x86_64 x86_64 x86_64 GNU/Linux
DEBUG 2025-03-23 06:08:47.755 UTC: 	 Not using Singularity
DEBUG 2025-03-23 06:08:47.755 UTC: 	 Operating System: Red Hat Enterprise Linux 9.5 (Plow)
DEBUG 2025-03-23 06:08:47.755 UTC: 	 Executing command: 'status'
DEBUG 2025-03-23 06:08:47.755 UTC: 	 Found CRAB cache file /afs/cern.ch/user/a/amalhotr/.crab3
DEBUG 2025-03-23 06:08:47.760 UTC: 	 Checking credentials
DEBUG 2025-03-23 06:08:47.760 UTC: 	 Found proxy file /tmp/x509up_u180451
DEBUG 2025-03-23 06:08:47.760 UTC: 	 Making sure it has proper VOMS extension
DEBUG 2025-03-23 06:08:47.760 UTC: 	 Executing command :
 voms-proxy-info --vo --file /tmp/x509up_u180451
DEBUG 2025-03-23 06:08:48.086 UTC: 	 output : cms

 error: 
 retcode : 0
DEBUG 2025-03-23 06:08:48.086 UTC: 	 Getting proxy life time left
DEBUG 2025-03-23 06:08:48.086 UTC: 	 Executing command :
 voms-proxy-info --actimeleft --timeleft --file /tmp/x509up_u180451
DEBUG 2025-03-23 06:08:48.417 UTC: 	 output : 690912
690912

 error: 
 retcode : 0
DEBUG 2025-03-23 06:08:48.417 UTC: 	 Proxy valid for 191:55:12 hours
DEBUG 2025-03-23 06:08:48.418 UTC: 	 Encoded data for curl request: subresource=delegatedn
DEBUG 2025-03-23 06:08:48.507 UTC: 	 Registering user credentials on myproxy for /DC=ch/DC=cern/OU=computers/CN=crab-(preprod|prod)-tw(01|02).cern.ch|/DC=ch/DC=cern/OU=computers/CN=crab-dev-tw(01|02|03|04).cern.ch|/DC=ch/DC=cern/OU=Organic Units/OU=Users/CN=cmscrab/CN=(817881|373708)/CN=Robot: cms crab|/DC=ch/DC=cern/OU=Organic Units/OU=Users/CN=crabint1/CN=373708/CN=Robot: CMS CRAB Integration 1
DEBUG 2025-03-23 06:08:48.507 UTC: 	 Executing command :
 voms-proxy-info --identity --file /tmp/x509up_u180451
DEBUG 2025-03-23 06:08:48.852 UTC: 	 output : /DC=ch/DC=cern/OU=Organic Units/OU=Users/CN=amalhotr/CN=884837/CN=Aryan Malhotra

 error: 
 retcode : 0
DEBUG 2025-03-23 06:08:48.853 UTC: 	 Getting myproxy life time left for 2382a3cf28fdeacb1de9b039908761ea517a5ed6
DEBUG 2025-03-23 06:08:48.853 UTC: 	 Executing command :
 myproxy-info -s myproxy.cern.ch -l 2382a3cf28fdeacb1de9b039908761ea517a5ed6
DEBUG 2025-03-23 06:08:49.125 UTC: 	 output : username: 2382a3cf28fdeacb1de9b039908761ea517a5ed6
owner: /DC=ch/DC=cern/OU=Organic Units/OU=Users/CN=amalhotr/CN=884837/CN=Aryan Malhotra
  renewal policy: /DC=ch/DC=cern/OU=computers/CN=crab-(preprod|prod)-tw(01|02).cern.ch|/DC=ch/DC=cern/OU=computers/CN=crab-dev-tw(01|02|03|04).cern.ch|/DC=ch/DC=cern/OU=Organic Units/OU=Users/CN=cmscrab/CN=(817881|373708)/CN=Robot: cms crab|/DC=ch/DC=cern/OU=Organic Units/OU=Users/CN=crabint1/CN=373708/CN=Robot: CMS CRAB Integration 1
  trusted retrieval policy: /DC=ch/DC=cern/OU=computers/CN=crab-(preprod|prod)-tw(01|02).cern.ch|/DC=ch/DC=cern/OU=computers/CN=crab-dev-tw(01|02|03|04).cern.ch|/DC=ch/DC=cern/OU=Organic Units/OU=Users/CN=cmscrab/CN=(817881|373708)/CN=Robot: cms crab|/DC=ch/DC=cern/OU=Organic Units/OU=Users/CN=crabint1/CN=373708/CN=Robot: CMS CRAB Integration 1
  timeleft: 622:11:29  (25.9 days)

 error: 
 retcode : 0
DEBUG 2025-03-23 06:08:49.125 UTC: 	 Myproxy is valid: 2239860
DEBUG 2025-03-23 06:08:49.125 UTC: 	 Result of myproxy credential check:
  Credential exists on myproxy: username: 2382a3cf28fdeacb1de9b039908761ea517a5ed6  - validity: 25 days, 22:11:00
DEBUG 2025-03-23 06:08:49.125 UTC: 	 Retrieving username ...
DEBUG 2025-03-23 06:08:49.125 UTC: 	 Retrieving username from CRIC...
DEBUG 2025-03-23 06:08:49.856 UTC: 	 username is amalhotr
INFO 2025-03-23 06:08:50.314 UTC: 	 Rucio client intialized for account amalhotr
DEBUG 2025-03-23 06:08:50.315 UTC: 	 Command use: status
DEBUG 2025-03-23 06:08:50.315 UTC: 	 Options use: ['-d', './crab_DYto2Mu4Jets_Unpacker_Large']
DEBUG 2025-03-23 06:08:50.315 UTC: 	 Encoded data for curl request: subresource=version
DEBUG 2025-03-23 06:08:50.352 UTC: 	 CRABClient version: v3.250318
DEBUG 2025-03-23 06:08:50.352 UTC: 	 Instance is prod
DEBUG 2025-03-23 06:08:50.352 UTC: 	 Server base url is cmsweb.cern.ch
DEBUG 2025-03-23 06:08:50.352 UTC: 	 Command api workflow
DEBUG 2025-03-23 06:08:50.352 UTC: 	 Encoded data for curl request: subresource=search&workflow=250323_060454%3Aamalhotr_crab_DYto2Mu4Jets_Unpacker_Large
DEBUG 2025-03-23 06:08:50.392 UTC: 	 Got information from server oracle database: {'desc': {'columns': ['tm_taskname', 'tm_activity', 'tm_task_status', 'tm_task_command', 'tm_start_time', 'tm_start_injection', 'tm_end_injection', 'tm_task_failure', 'tm_job_sw', 'tm_job_arch', 'tm_input_dataset', 'tm_nonvalid_input_dataset', 'tm_use_parent', 'tm_site_whitelist', 'tm_site_blacklist', 'tm_split_algo', 'tm_split_args', 'tm_user_sandbox', 'tm_cache_url', 'tm_username', 'tm_user_dn', 'tm_user_vo', 'tm_user_role', 'tm_user_group', 'tm_publish_name', 'tm_publish_groupname', 'tm_asyncdest', 'tm_dbs_url', 'tm_publish_dbs_url', 'tm_publication', 'tm_outfiles', 'tm_tfile_outfiles', 'tm_edm_outfiles', 'tm_job_type', 'tm_generator', 'tm_events_per_lumi', 'tm_arguments', 'tm_save_logs', 'tw_name', 'tm_user_infiles', 'tm_maxjobruntime', 'tm_numcores', 'tm_maxmemory', 'tm_priority', 'tm_output_dataset', 'tm_task_warnings', 'tm_user_webdir', 'tm_scriptexe', 'tm_scriptargs', 'tm_extrajdl', 'tm_collector', 'tm_schedd', 'tm_dry_run', 'tm_user_files', 'tm_transfer_outputs', 'tm_output_lfn', 'tm_ignore_locality', 'tm_fail_limit', 'tm_one_event_mode', 'tm_secondary_input_dataset', 'tm_primary_dataset', 'tm_last_publication', 'tm_debug_files', 'clusterid', 'tm_ignore_global_blacklist', 'tm_submitter_ip_addr', 'tm_totalunits', 'tm_ddm_reqid', 'tm_user_config', 'tm_transfer_container', 'tm_transfer_rule', 'tm_publish_rule', 'tm_multipub_rule', 'tm_job_min_microarch']}, 'result': ['250323_060454:amalhotr_crab_DYto2Mu4Jets_Unpacker_Large', 'None', 'SUBMITTED', 'SUBMIT', '2025-03-23 06:04:55.506480', 'None', '2025-03-23 06:06:35.392815', 'None', 'CMSSW_14_0_18_patch1', 'el9_amd64_gcc12', '/DYto2Mu-4Jets_Bin-MLL-50_TuneCP5_13p6TeV_madgraphMLM-pythia8/RunIII2024Summer24MiniAOD-140X_mcRun3_2024_realistic_v26-v2/MINIAODSIM', 'F', '0', '[]', '[]', 'FileBased', "{'halt_job_on_file_boundaries': False, 'splitOnRun': False, 'files_per_job': 5, 'runs': [], 'lumis': []}", '3347ab5ebddcbcf20e5a549cff91c4ac4d53283ca301d10bc07120adeaa8b0f2.tar.gz', 'https://cmsweb.cern.ch/S3/crabcache_prod', 'amalhotr', '/DC=ch/DC=cern/OU=Organic Units/OU=Users/CN=amalhotr/CN=884837/CN=Aryan Malhotra', 'cms', 'None', 'None', 'DYto2Mu4Jets_Unpacker_Large-00000000000000000000000000000000', 'F', 'T3_CH_CERNBOX', 'https://cmsweb.cern.ch/dbs/prod/global/DBSReader', 'https://cmsweb.cern.ch/dbs/prod/phys03/DBSWriter', 'T', '[]', '[]', "['HLTUnpackerOutputLarge.root']", 'Analysis', 'pythia', 'None', '{}', 'T', 'crab-prod-tw01', '[]', '1250', '1', '2000', '10', 'None', '[]', 'http://vocms0198.cern.ch/mon/amalhotr/250323_060454:amalhotr_crab_DYto2Mu4Jets_Unpacker_Large', 'None', '[]', '[]', 'cmsgwms-collector-global.cern.ch:9620,cmsgwms-collector-global.fnal.gov:9620', 'crab3@vocms0198.cern.ch', 'F', '[]', 'T', '/store/user/amalhotr/', 'F', 'None', 'F', 'None', 'DYto2Mu-4Jets_Bin-MLL-50_TuneCP5_13p6TeV_madgraphMLM-pythia8', 'None', '092c95d3b1ed17d5c8f35311372fbafe5aae77e928c0bec78cce9935847f1e25.tar.gz', '113626991', 'F', '188.184.73.32', '75.0', 'None', '{"partialdataset": false, "requireaccelerator": false, "acceleratorparams": null, "inputblocks": null}', 'None', 'None', 'None', 'None', 'any']}
INFO 2025-03-23 06:08:50.393 UTC: 	 CRAB project directory:		/afs/cern.ch/user/a/amalhotr/CMSSW_14_0_18_patch1/src/Run3ScoutingAnalysisTools/crab_DYto2Mu4Jets_Unpacker_Large
INFO 2025-03-23 06:08:50.393 UTC: 	 Task name:			250323_060454:amalhotr_crab_DYto2Mu4Jets_Unpacker_Large
INFO 2025-03-23 06:08:50.393 UTC: 	 Grid scheduler - Task Worker:	crab3@vocms0198.cern.ch - crab-prod-tw01
INFO 2025-03-23 06:08:50.393 UTC: 	 Status on the CRAB server:	SUBMITTED
INFO 2025-03-23 06:08:50.393 UTC: 	 Task URL to use for HELP:	https://cmsweb.cern.ch/crabserver/ui/task/250323_060454%3Aamalhotr_crab_DYto2Mu4Jets_Unpacker_Large
INFO 2025-03-23 06:08:50.400 UTC: 	 Dashboard monitoring URL:	https://monit-grafana.cern.ch/d/cmsTMDetail/cms-task-monitoring-task-view?orgId=11&var-user=amalhotr&var-task=250323_060454%3Aamalhotr_crab_DYto2Mu4Jets_Unpacker_Large&from=1742706295000&to=now
DEBUG 2025-03-23 06:08:50.400 UTC: 	 The CRAB server submitted your task to the Grid scheduler (cluster ID: 113626991)
DEBUG 2025-03-23 06:08:50.400 UTC: 	 Webdir is located at http://vocms0198.cern.ch/mon/amalhotr/250323_060454:amalhotr_crab_DYto2Mu4Jets_Unpacker_Large
DEBUG 2025-03-23 06:08:50.400 UTC: 	 Encoded data for curl request: subresource=webdirprx&workflow=250323_060454%3Aamalhotr_crab_DYto2Mu4Jets_Unpacker_Large
DEBUG 2025-03-23 06:08:50.441 UTC: 	 Proxied webdir is located at https://cmsweb.cern.ch:8443/scheddmon/0198/amalhotr/250323_060454:amalhotr_crab_DYto2Mu4Jets_Unpacker_Large
DEBUG 2025-03-23 06:08:50.451 UTC: 	 Retrieving 'status_cache' file from https://cmsweb.cern.ch:8443/scheddmon/0198/amalhotr/250323_060454:amalhotr_crab_DYto2Mu4Jets_Unpacker_Large/status_cache.pkl
DEBUG 2025-03-23 06:08:50.451 UTC: 	 Will execute:
curl -sS --capath /etc/grid-security/certificates --cert /tmp/x509up_u180451 --key /tmp/x509up_u180451 -o /tmp/crab_status-cache-h268vtwh.pkl -w %"{http_code}" "https://cmsweb.cern.ch:8443/scheddmon/0198/amalhotr/250323_060454:amalhotr_crab_DYto2Mu4Jets_Unpacker_Large/status_cache.pkl"
DEBUG 2025-03-23 06:08:50.451 UTC: 	 Executing command :
 curl -sS --capath /etc/grid-security/certificates --cert /tmp/x509up_u180451 --key /tmp/x509up_u180451 -o /tmp/crab_status-cache-h268vtwh.pkl -w %"{http_code}" "https://cmsweb.cern.ch:8443/scheddmon/0198/amalhotr/250323_060454:amalhotr_crab_DYto2Mu4Jets_Unpacker_Large/status_cache.pkl"
DEBUG 2025-03-23 06:08:50.482 UTC: 	 output : 200
 error: 
 retcode : 0
DEBUG 2025-03-23 06:08:50.482 UTC: 	 exitcode: 0
stdout: 200
stderr: 
error details: 
DEBUG 2025-03-23 06:08:50.482 UTC: 	 Got information from status cache file: {'6': {'Retries': 0, 'Restarts': 0, 'SiteHistory': ['Unknown'], 'ResidentSetSize': [0], 'SubmitTimes': [1742710065.0], 'StartTimes': [], 'EndTimes': [], 'TotalUserCpuTimeHistory': [0.0], 'TotalSysCpuTimeHistory': [0.0], 'WallDurations': [0], 'JobIds': ['113627002.0'], 'State': 'idle', 'RecordedSite': False}, '11': {'Retries': 0, 'Restarts': 0, 'SiteHistory': ['Unknown'], 'ResidentSetSize': [0], 'SubmitTimes': [1742710065.0], 'StartTimes': [], 'EndTimes': [], 'TotalUserCpuTimeHistory': [0.0], 'TotalSysCpuTimeHistory': [0.0], 'WallDurations': [0], 'JobIds': ['113627003.0'], 'State': 'idle', 'RecordedSite': False}, '13': {'Retries': 0, 'Restarts': 0, 'SiteHistory': ['Unknown'], 'ResidentSetSize': [0], 'SubmitTimes': [1742710065.0], 'StartTimes': [], 'EndTimes': [], 'TotalUserCpuTimeHistory': [0.0], 'TotalSysCpuTimeHistory': [0.0], 'WallDurations': [0], 'JobIds': ['113627004.0'], 'State': 'idle', 'RecordedSite': False}, '9': {'Retries': 0, 'Restarts': 0, 'SiteHistory': ['Unknown'], 'ResidentSetSize': [0], 'SubmitTimes': [1742710065.0], 'StartTimes': [], 'EndTimes': [], 'TotalUserCpuTimeHistory': [0.0], 'TotalSysCpuTimeHistory': [0.0], 'WallDurations': [0], 'JobIds': ['113627005.0'], 'State': 'idle', 'RecordedSite': False}, '12': {'Retries': 0, 'Restarts': 0, 'SiteHistory': ['Unknown'], 'ResidentSetSize': [0], 'SubmitTimes': [1742710065.0], 'StartTimes': [], 'EndTimes': [], 'TotalUserCpuTimeHistory': [0.0], 'TotalSysCpuTimeHistory': [0.0], 'WallDurations': [0], 'JobIds': ['113627006.0'], 'State': 'idle', 'RecordedSite': False}, '8': {'Retries': 0, 'Restarts': 0, 'SiteHistory': ['Unknown'], 'ResidentSetSize': [0], 'SubmitTimes': [1742710065.0], 'StartTimes': [], 'EndTimes': [], 'TotalUserCpuTimeHistory': [0.0], 'TotalSysCpuTimeHistory': [0.0], 'WallDurations': [0], 'JobIds': ['113627007.0'], 'State': 'idle', 'RecordedSite': False}, '4': {'Retries': 0, 'Restarts': 0, 'SiteHistory': ['Unknown'], 'ResidentSetSize': [0], 'SubmitTimes': [1742710065.0], 'StartTimes': [], 'EndTimes': [], 'TotalUserCpuTimeHistory': [0.0], 'TotalSysCpuTimeHistory': [0.0], 'WallDurations': [0], 'JobIds': ['113627008.0'], 'State': 'idle', 'RecordedSite': False}, '3': {'Retries': 0, 'Restarts': 0, 'SiteHistory': ['Unknown'], 'ResidentSetSize': [0], 'SubmitTimes': [1742710065.0], 'StartTimes': [], 'EndTimes': [], 'TotalUserCpuTimeHistory': [0.0], 'TotalSysCpuTimeHistory': [0.0], 'WallDurations': [0], 'JobIds': ['113627009.0'], 'State': 'idle', 'RecordedSite': False}, '18': {'Retries': 0, 'Restarts': 0, 'SiteHistory': ['Unknown'], 'ResidentSetSize': [0], 'SubmitTimes': [1742710065.0], 'StartTimes': [], 'EndTimes': [], 'TotalUserCpuTimeHistory': [0.0], 'TotalSysCpuTimeHistory': [0.0], 'WallDurations': [0], 'JobIds': ['113627010.0'], 'State': 'idle', 'RecordedSite': False}, '2': {'Retries': 0, 'Restarts': 0, 'SiteHistory': ['Unknown'], 'ResidentSetSize': [0], 'SubmitTimes': [1742710065.0], 'StartTimes': [], 'EndTimes': [], 'TotalUserCpuTimeHistory': [0.0], 'TotalSysCpuTimeHistory': [0.0], 'WallDurations': [0], 'JobIds': ['113627011.0'], 'State': 'idle', 'RecordedSite': False}, '7': {'Retries': 0, 'Restarts': 0, 'SiteHistory': ['Unknown'], 'ResidentSetSize': [0], 'SubmitTimes': [1742710065.0], 'StartTimes': [], 'EndTimes': [], 'TotalUserCpuTimeHistory': [0.0], 'TotalSysCpuTimeHistory': [0.0], 'WallDurations': [0], 'JobIds': ['113627012.0'], 'State': 'idle', 'RecordedSite': False}, '19': {'Retries': 0, 'Restarts': 0, 'SiteHistory': ['Unknown'], 'ResidentSetSize': [0], 'SubmitTimes': [1742710065.0], 'StartTimes': [], 'EndTimes': [], 'TotalUserCpuTimeHistory': [0.0], 'TotalSysCpuTimeHistory': [0.0], 'WallDurations': [0], 'JobIds': ['113627013.0'], 'State': 'idle', 'RecordedSite': False}, '14': {'Retries': 0, 'Restarts': 0, 'SiteHistory': ['Unknown'], 'ResidentSetSize': [0], 'SubmitTimes': [1742710066.0], 'StartTimes': [], 'EndTimes': [], 'TotalUserCpuTimeHistory': [0.0], 'TotalSysCpuTimeHistory': [0.0], 'WallDurations': [0], 'JobIds': ['113627014.0'], 'State': 'idle', 'RecordedSite': False}, '1': {'Retries': 0, 'Restarts': 0, 'SiteHistory': ['Unknown'], 'ResidentSetSize': [0], 'SubmitTimes': [1742710066.0], 'StartTimes': [], 'EndTimes': [], 'TotalUserCpuTimeHistory': [0.0], 'TotalSysCpuTimeHistory': [0.0], 'WallDurations': [0], 'JobIds': ['113627015.0'], 'State': 'idle', 'RecordedSite': False}, '17': {'Retries': 0, 'Restarts': 0, 'SiteHistory': ['Unknown'], 'ResidentSetSize': [0], 'SubmitTimes': [1742710066.0], 'StartTimes': [], 'EndTimes': [], 'TotalUserCpuTimeHistory': [0.0], 'TotalSysCpuTimeHistory': [0.0], 'WallDurations': [0], 'JobIds': ['113627016.0'], 'State': 'idle', 'RecordedSite': False}, '5': {'Retries': 0, 'Restarts': 0, 'SiteHistory': ['Unknown'], 'ResidentSetSize': [0], 'SubmitTimes': [1742710066.0], 'StartTimes': [], 'EndTimes': [], 'TotalUserCpuTimeHistory': [0.0], 'TotalSysCpuTimeHistory': [0.0], 'WallDurations': [0], 'JobIds': ['113627017.0'], 'State': 'idle', 'RecordedSite': False}, '15': {'Retries': 0, 'Restarts': 0, 'SiteHistory': ['Unknown'], 'ResidentSetSize': [0], 'SubmitTimes': [1742710066.0], 'StartTimes': [], 'EndTimes': [], 'TotalUserCpuTimeHistory': [0.0], 'TotalSysCpuTimeHistory': [0.0], 'WallDurations': [0], 'JobIds': ['113627018.0'], 'State': 'idle', 'RecordedSite': False}, '10': {'Retries': 0, 'Restarts': 0, 'SiteHistory': ['Unknown'], 'ResidentSetSize': [0], 'SubmitTimes': [1742710066.0], 'StartTimes': [], 'EndTimes': [], 'TotalUserCpuTimeHistory': [0.0], 'TotalSysCpuTimeHistory': [0.0], 'WallDurations': [0], 'JobIds': ['113627019.0'], 'State': 'idle', 'RecordedSite': False}, '21': {'Retries': 0, 'Restarts': 0, 'SiteHistory': ['Unknown'], 'ResidentSetSize': [0], 'SubmitTimes': [1742710066.0], 'StartTimes': [], 'EndTimes': [], 'TotalUserCpuTimeHistory': [0.0], 'TotalSysCpuTimeHistory': [0.0], 'WallDurations': [0], 'JobIds': ['113627020.0'], 'State': 'idle', 'RecordedSite': False}, '16': {'Retries': 0, 'Restarts': 0, 'SiteHistory': ['Unknown'], 'ResidentSetSize': [0], 'SubmitTimes': [1742710066.0], 'StartTimes': [], 'EndTimes': [], 'TotalUserCpuTimeHistory': [0.0], 'TotalSysCpuTimeHistory': [0.0], 'WallDurations': [0], 'JobIds': ['113627021.0'], 'State': 'idle', 'RecordedSite': False}, '20': {'Retries': 0, 'Restarts': 0, 'SiteHistory': ['Unknown'], 'ResidentSetSize': [0], 'SubmitTimes': [1742710066.0], 'StartTimes': [], 'EndTimes': [], 'TotalUserCpuTimeHistory': [0.0], 'TotalSysCpuTimeHistory': [0.0], 'WallDurations': [0], 'JobIds': ['113627022.0'], 'State': 'idle', 'RecordedSite': False}}
INFO 2025-03-23 06:08:50.482 UTC: 	 Status on the scheduler:	SUBMITTED
INFO 2025-03-23 06:08:50.482 UTC: 	 
Jobs status:                    idle         		100.0% (21/21)
INFO 2025-03-23 06:08:50.483 UTC: 	 
No publication information available yet
INFO 2025-03-23 06:08:50.484 UTC: 	 Log file is /afs/cern.ch/user/a/amalhotr/CMSSW_14_0_18_patch1/src/Run3ScoutingAnalysisTools/crab_DYto2Mu4Jets_Unpacker_Large/crab.log
DEBUG 2025-03-23 06:11:39.912 UTC: 	 CRAB Client version: v3.250318
DEBUG 2025-03-23 06:11:39.912 UTC: 	 Running on: Linux lxplus940.cern.ch 5.14.0-503.22.1.el9_5.x86_64 #1 SMP PREEMPT_DYNAMIC Wed Jan 15 08:02:15 EST 2025 x86_64 x86_64 x86_64 GNU/Linux
DEBUG 2025-03-23 06:11:39.912 UTC: 	 Not using Singularity
DEBUG 2025-03-23 06:11:39.912 UTC: 	 Operating System: Red Hat Enterprise Linux 9.5 (Plow)
DEBUG 2025-03-23 06:11:39.912 UTC: 	 Executing command: 'status'
DEBUG 2025-03-23 06:11:39.912 UTC: 	 Found CRAB cache file /afs/cern.ch/user/a/amalhotr/.crab3
DEBUG 2025-03-23 06:11:39.925 UTC: 	 Checking credentials
DEBUG 2025-03-23 06:11:39.925 UTC: 	 Found proxy file /tmp/x509up_u180451
DEBUG 2025-03-23 06:11:39.925 UTC: 	 Making sure it has proper VOMS extension
DEBUG 2025-03-23 06:11:39.925 UTC: 	 Executing command :
 voms-proxy-info --vo --file /tmp/x509up_u180451
DEBUG 2025-03-23 06:11:40.269 UTC: 	 output : cms

 error: 
 retcode : 0
DEBUG 2025-03-23 06:11:40.269 UTC: 	 Getting proxy life time left
DEBUG 2025-03-23 06:11:40.269 UTC: 	 Executing command :
 voms-proxy-info --actimeleft --timeleft --file /tmp/x509up_u180451
DEBUG 2025-03-23 06:11:40.606 UTC: 	 output : 690740
690740

 error: 
 retcode : 0
DEBUG 2025-03-23 06:11:40.606 UTC: 	 Proxy valid for 191:52:20 hours
DEBUG 2025-03-23 06:11:40.606 UTC: 	 Encoded data for curl request: subresource=delegatedn
DEBUG 2025-03-23 06:11:40.670 UTC: 	 Registering user credentials on myproxy for /DC=ch/DC=cern/OU=computers/CN=crab-(preprod|prod)-tw(01|02).cern.ch|/DC=ch/DC=cern/OU=computers/CN=crab-dev-tw(01|02|03|04).cern.ch|/DC=ch/DC=cern/OU=Organic Units/OU=Users/CN=cmscrab/CN=(817881|373708)/CN=Robot: cms crab|/DC=ch/DC=cern/OU=Organic Units/OU=Users/CN=crabint1/CN=373708/CN=Robot: CMS CRAB Integration 1
DEBUG 2025-03-23 06:11:40.670 UTC: 	 Executing command :
 voms-proxy-info --identity --file /tmp/x509up_u180451
DEBUG 2025-03-23 06:11:41.020 UTC: 	 output : /DC=ch/DC=cern/OU=Organic Units/OU=Users/CN=amalhotr/CN=884837/CN=Aryan Malhotra

 error: 
 retcode : 0
DEBUG 2025-03-23 06:11:41.020 UTC: 	 Getting myproxy life time left for 2382a3cf28fdeacb1de9b039908761ea517a5ed6
DEBUG 2025-03-23 06:11:41.020 UTC: 	 Executing command :
 myproxy-info -s myproxy.cern.ch -l 2382a3cf28fdeacb1de9b039908761ea517a5ed6
DEBUG 2025-03-23 06:11:41.290 UTC: 	 output : username: 2382a3cf28fdeacb1de9b039908761ea517a5ed6
owner: /DC=ch/DC=cern/OU=Organic Units/OU=Users/CN=amalhotr/CN=884837/CN=Aryan Malhotra
  renewal policy: /DC=ch/DC=cern/OU=computers/CN=crab-(preprod|prod)-tw(01|02).cern.ch|/DC=ch/DC=cern/OU=computers/CN=crab-dev-tw(01|02|03|04).cern.ch|/DC=ch/DC=cern/OU=Organic Units/OU=Users/CN=cmscrab/CN=(817881|373708)/CN=Robot: cms crab|/DC=ch/DC=cern/OU=Organic Units/OU=Users/CN=crabint1/CN=373708/CN=Robot: CMS CRAB Integration 1
  trusted retrieval policy: /DC=ch/DC=cern/OU=computers/CN=crab-(preprod|prod)-tw(01|02).cern.ch|/DC=ch/DC=cern/OU=computers/CN=crab-dev-tw(01|02|03|04).cern.ch|/DC=ch/DC=cern/OU=Organic Units/OU=Users/CN=cmscrab/CN=(817881|373708)/CN=Robot: cms crab|/DC=ch/DC=cern/OU=Organic Units/OU=Users/CN=crabint1/CN=373708/CN=Robot: CMS CRAB Integration 1
  timeleft: 622:08:37  (25.9 days)

 error: 
 retcode : 0
DEBUG 2025-03-23 06:11:41.291 UTC: 	 Myproxy is valid: 2239680
DEBUG 2025-03-23 06:11:41.291 UTC: 	 Result of myproxy credential check:
  Credential exists on myproxy: username: 2382a3cf28fdeacb1de9b039908761ea517a5ed6  - validity: 25 days, 22:08:00
DEBUG 2025-03-23 06:11:41.291 UTC: 	 Retrieving username ...
DEBUG 2025-03-23 06:11:41.291 UTC: 	 Retrieving username from CRIC...
DEBUG 2025-03-23 06:11:41.934 UTC: 	 username is amalhotr
INFO 2025-03-23 06:11:42.401 UTC: 	 Rucio client intialized for account amalhotr
DEBUG 2025-03-23 06:11:42.402 UTC: 	 Command use: status
DEBUG 2025-03-23 06:11:42.402 UTC: 	 Options use: ['-d', './crab_DYto2Mu4Jets_Unpacker_Large']
DEBUG 2025-03-23 06:11:42.402 UTC: 	 Encoded data for curl request: subresource=version
DEBUG 2025-03-23 06:11:42.439 UTC: 	 CRABClient version: v3.250318
DEBUG 2025-03-23 06:11:42.439 UTC: 	 Instance is prod
DEBUG 2025-03-23 06:11:42.439 UTC: 	 Server base url is cmsweb.cern.ch
DEBUG 2025-03-23 06:11:42.439 UTC: 	 Command api workflow
DEBUG 2025-03-23 06:11:42.439 UTC: 	 Encoded data for curl request: subresource=search&workflow=250323_060454%3Aamalhotr_crab_DYto2Mu4Jets_Unpacker_Large
DEBUG 2025-03-23 06:11:42.490 UTC: 	 Got information from server oracle database: {'desc': {'columns': ['tm_taskname', 'tm_activity', 'tm_task_status', 'tm_task_command', 'tm_start_time', 'tm_start_injection', 'tm_end_injection', 'tm_task_failure', 'tm_job_sw', 'tm_job_arch', 'tm_input_dataset', 'tm_nonvalid_input_dataset', 'tm_use_parent', 'tm_site_whitelist', 'tm_site_blacklist', 'tm_split_algo', 'tm_split_args', 'tm_user_sandbox', 'tm_cache_url', 'tm_username', 'tm_user_dn', 'tm_user_vo', 'tm_user_role', 'tm_user_group', 'tm_publish_name', 'tm_publish_groupname', 'tm_asyncdest', 'tm_dbs_url', 'tm_publish_dbs_url', 'tm_publication', 'tm_outfiles', 'tm_tfile_outfiles', 'tm_edm_outfiles', 'tm_job_type', 'tm_generator', 'tm_events_per_lumi', 'tm_arguments', 'tm_save_logs', 'tw_name', 'tm_user_infiles', 'tm_maxjobruntime', 'tm_numcores', 'tm_maxmemory', 'tm_priority', 'tm_output_dataset', 'tm_task_warnings', 'tm_user_webdir', 'tm_scriptexe', 'tm_scriptargs', 'tm_extrajdl', 'tm_collector', 'tm_schedd', 'tm_dry_run', 'tm_user_files', 'tm_transfer_outputs', 'tm_output_lfn', 'tm_ignore_locality', 'tm_fail_limit', 'tm_one_event_mode', 'tm_secondary_input_dataset', 'tm_primary_dataset', 'tm_last_publication', 'tm_debug_files', 'clusterid', 'tm_ignore_global_blacklist', 'tm_submitter_ip_addr', 'tm_totalunits', 'tm_ddm_reqid', 'tm_user_config', 'tm_transfer_container', 'tm_transfer_rule', 'tm_publish_rule', 'tm_multipub_rule', 'tm_job_min_microarch']}, 'result': ['250323_060454:amalhotr_crab_DYto2Mu4Jets_Unpacker_Large', 'None', 'SUBMITTED', 'SUBMIT', '2025-03-23 06:04:55.506480', 'None', '2025-03-23 06:06:35.392815', 'None', 'CMSSW_14_0_18_patch1', 'el9_amd64_gcc12', '/DYto2Mu-4Jets_Bin-MLL-50_TuneCP5_13p6TeV_madgraphMLM-pythia8/RunIII2024Summer24MiniAOD-140X_mcRun3_2024_realistic_v26-v2/MINIAODSIM', 'F', '0', '[]', '[]', 'FileBased', "{'halt_job_on_file_boundaries': False, 'splitOnRun': False, 'files_per_job': 5, 'runs': [], 'lumis': []}", '3347ab5ebddcbcf20e5a549cff91c4ac4d53283ca301d10bc07120adeaa8b0f2.tar.gz', 'https://cmsweb.cern.ch/S3/crabcache_prod', 'amalhotr', '/DC=ch/DC=cern/OU=Organic Units/OU=Users/CN=amalhotr/CN=884837/CN=Aryan Malhotra', 'cms', 'None', 'None', 'DYto2Mu4Jets_Unpacker_Large-00000000000000000000000000000000', 'F', 'T3_CH_CERNBOX', 'https://cmsweb.cern.ch/dbs/prod/global/DBSReader', 'https://cmsweb.cern.ch/dbs/prod/phys03/DBSWriter', 'T', '[]', '[]', "['HLTUnpackerOutputLarge.root']", 'Analysis', 'pythia', 'None', '{}', 'T', 'crab-prod-tw01', '[]', '1250', '1', '2000', '10', 'None', '[]', 'http://vocms0198.cern.ch/mon/amalhotr/250323_060454:amalhotr_crab_DYto2Mu4Jets_Unpacker_Large', 'None', '[]', '[]', 'cmsgwms-collector-global.cern.ch:9620,cmsgwms-collector-global.fnal.gov:9620', 'crab3@vocms0198.cern.ch', 'F', '[]', 'T', '/store/user/amalhotr/', 'F', 'None', 'F', 'None', 'DYto2Mu-4Jets_Bin-MLL-50_TuneCP5_13p6TeV_madgraphMLM-pythia8', 'None', '092c95d3b1ed17d5c8f35311372fbafe5aae77e928c0bec78cce9935847f1e25.tar.gz', '113626991', 'F', '188.184.73.32', '75.0', 'None', '{"partialdataset": false, "requireaccelerator": false, "acceleratorparams": null, "inputblocks": null}', 'None', 'None', 'None', 'None', 'any']}
INFO 2025-03-23 06:11:42.491 UTC: 	 CRAB project directory:		/afs/cern.ch/user/a/amalhotr/CMSSW_14_0_18_patch1/src/Run3ScoutingAnalysisTools/crab_DYto2Mu4Jets_Unpacker_Large
INFO 2025-03-23 06:11:42.491 UTC: 	 Task name:			250323_060454:amalhotr_crab_DYto2Mu4Jets_Unpacker_Large
INFO 2025-03-23 06:11:42.491 UTC: 	 Grid scheduler - Task Worker:	crab3@vocms0198.cern.ch - crab-prod-tw01
INFO 2025-03-23 06:11:42.491 UTC: 	 Status on the CRAB server:	SUBMITTED
INFO 2025-03-23 06:11:42.491 UTC: 	 Task URL to use for HELP:	https://cmsweb.cern.ch/crabserver/ui/task/250323_060454%3Aamalhotr_crab_DYto2Mu4Jets_Unpacker_Large
INFO 2025-03-23 06:11:42.496 UTC: 	 Dashboard monitoring URL:	https://monit-grafana.cern.ch/d/cmsTMDetail/cms-task-monitoring-task-view?orgId=11&var-user=amalhotr&var-task=250323_060454%3Aamalhotr_crab_DYto2Mu4Jets_Unpacker_Large&from=1742706295000&to=now
DEBUG 2025-03-23 06:11:42.496 UTC: 	 The CRAB server submitted your task to the Grid scheduler (cluster ID: 113626991)
DEBUG 2025-03-23 06:11:42.496 UTC: 	 Webdir is located at http://vocms0198.cern.ch/mon/amalhotr/250323_060454:amalhotr_crab_DYto2Mu4Jets_Unpacker_Large
DEBUG 2025-03-23 06:11:42.497 UTC: 	 Encoded data for curl request: subresource=webdirprx&workflow=250323_060454%3Aamalhotr_crab_DYto2Mu4Jets_Unpacker_Large
DEBUG 2025-03-23 06:11:42.551 UTC: 	 Proxied webdir is located at https://cmsweb.cern.ch:8443/scheddmon/0198/amalhotr/250323_060454:amalhotr_crab_DYto2Mu4Jets_Unpacker_Large
DEBUG 2025-03-23 06:11:42.551 UTC: 	 Retrieving 'status_cache' file from https://cmsweb.cern.ch:8443/scheddmon/0198/amalhotr/250323_060454:amalhotr_crab_DYto2Mu4Jets_Unpacker_Large/status_cache.pkl
DEBUG 2025-03-23 06:11:42.551 UTC: 	 Will execute:
curl -sS --capath /etc/grid-security/certificates --cert /tmp/x509up_u180451 --key /tmp/x509up_u180451 -o /tmp/crab_status-cache-11rltv37.pkl -w %"{http_code}" "https://cmsweb.cern.ch:8443/scheddmon/0198/amalhotr/250323_060454:amalhotr_crab_DYto2Mu4Jets_Unpacker_Large/status_cache.pkl"
DEBUG 2025-03-23 06:11:42.551 UTC: 	 Executing command :
 curl -sS --capath /etc/grid-security/certificates --cert /tmp/x509up_u180451 --key /tmp/x509up_u180451 -o /tmp/crab_status-cache-11rltv37.pkl -w %"{http_code}" "https://cmsweb.cern.ch:8443/scheddmon/0198/amalhotr/250323_060454:amalhotr_crab_DYto2Mu4Jets_Unpacker_Large/status_cache.pkl"
DEBUG 2025-03-23 06:11:42.583 UTC: 	 output : 200
 error: 
 retcode : 0
DEBUG 2025-03-23 06:11:42.583 UTC: 	 exitcode: 0
stdout: 200
stderr: 
error details: 
DEBUG 2025-03-23 06:11:42.583 UTC: 	 Got information from status cache file: {'6': {'Retries': 0, 'Restarts': 0, 'SiteHistory': ['Unknown'], 'ResidentSetSize': [0], 'SubmitTimes': [1742710065.0], 'StartTimes': [], 'EndTimes': [], 'TotalUserCpuTimeHistory': [0.0], 'TotalSysCpuTimeHistory': [0.0], 'WallDurations': [0], 'JobIds': ['113627002.0'], 'State': 'idle', 'RecordedSite': False}, '11': {'Retries': 0, 'Restarts': 0, 'SiteHistory': ['Unknown'], 'ResidentSetSize': [0], 'SubmitTimes': [1742710065.0], 'StartTimes': [], 'EndTimes': [], 'TotalUserCpuTimeHistory': [0.0], 'TotalSysCpuTimeHistory': [0.0], 'WallDurations': [0], 'JobIds': ['113627003.0'], 'State': 'idle', 'RecordedSite': False}, '13': {'Retries': 0, 'Restarts': 0, 'SiteHistory': ['Unknown'], 'ResidentSetSize': [0], 'SubmitTimes': [1742710065.0], 'StartTimes': [], 'EndTimes': [], 'TotalUserCpuTimeHistory': [0.0], 'TotalSysCpuTimeHistory': [0.0], 'WallDurations': [0], 'JobIds': ['113627004.0'], 'State': 'idle', 'RecordedSite': False}, '9': {'Retries': 0, 'Restarts': 0, 'SiteHistory': ['Unknown'], 'ResidentSetSize': [0], 'SubmitTimes': [1742710065.0], 'StartTimes': [], 'EndTimes': [], 'TotalUserCpuTimeHistory': [0.0], 'TotalSysCpuTimeHistory': [0.0], 'WallDurations': [0], 'JobIds': ['113627005.0'], 'State': 'idle', 'RecordedSite': False}, '12': {'Retries': 0, 'Restarts': 0, 'SiteHistory': ['Unknown'], 'ResidentSetSize': [0], 'SubmitTimes': [1742710065.0], 'StartTimes': [], 'EndTimes': [], 'TotalUserCpuTimeHistory': [0.0], 'TotalSysCpuTimeHistory': [0.0], 'WallDurations': [0], 'JobIds': ['113627006.0'], 'State': 'idle', 'RecordedSite': False}, '8': {'Retries': 0, 'Restarts': 0, 'SiteHistory': ['Unknown'], 'ResidentSetSize': [0], 'SubmitTimes': [1742710065.0], 'StartTimes': [], 'EndTimes': [], 'TotalUserCpuTimeHistory': [0.0], 'TotalSysCpuTimeHistory': [0.0], 'WallDurations': [0], 'JobIds': ['113627007.0'], 'State': 'idle', 'RecordedSite': False}, '4': {'Retries': 0, 'Restarts': 0, 'SiteHistory': ['Unknown'], 'ResidentSetSize': [0], 'SubmitTimes': [1742710065.0], 'StartTimes': [], 'EndTimes': [], 'TotalUserCpuTimeHistory': [0.0], 'TotalSysCpuTimeHistory': [0.0], 'WallDurations': [0], 'JobIds': ['113627008.0'], 'State': 'idle', 'RecordedSite': False}, '3': {'Retries': 0, 'Restarts': 0, 'SiteHistory': ['Unknown'], 'ResidentSetSize': [0], 'SubmitTimes': [1742710065.0], 'StartTimes': [], 'EndTimes': [], 'TotalUserCpuTimeHistory': [0.0], 'TotalSysCpuTimeHistory': [0.0], 'WallDurations': [0], 'JobIds': ['113627009.0'], 'State': 'idle', 'RecordedSite': False}, '18': {'Retries': 0, 'Restarts': 0, 'SiteHistory': ['Unknown'], 'ResidentSetSize': [0], 'SubmitTimes': [1742710065.0], 'StartTimes': [], 'EndTimes': [], 'TotalUserCpuTimeHistory': [0.0], 'TotalSysCpuTimeHistory': [0.0], 'WallDurations': [0], 'JobIds': ['113627010.0'], 'State': 'idle', 'RecordedSite': False}, '2': {'Retries': 0, 'Restarts': 0, 'SiteHistory': ['Unknown'], 'ResidentSetSize': [0], 'SubmitTimes': [1742710065.0], 'StartTimes': [], 'EndTimes': [], 'TotalUserCpuTimeHistory': [0.0], 'TotalSysCpuTimeHistory': [0.0], 'WallDurations': [0], 'JobIds': ['113627011.0'], 'State': 'idle', 'RecordedSite': False}, '7': {'Retries': 0, 'Restarts': 0, 'SiteHistory': ['Unknown'], 'ResidentSetSize': [0], 'SubmitTimes': [1742710065.0], 'StartTimes': [], 'EndTimes': [], 'TotalUserCpuTimeHistory': [0.0], 'TotalSysCpuTimeHistory': [0.0], 'WallDurations': [0], 'JobIds': ['113627012.0'], 'State': 'idle', 'RecordedSite': False}, '19': {'Retries': 0, 'Restarts': 0, 'SiteHistory': ['Unknown'], 'ResidentSetSize': [0], 'SubmitTimes': [1742710065.0], 'StartTimes': [], 'EndTimes': [], 'TotalUserCpuTimeHistory': [0.0], 'TotalSysCpuTimeHistory': [0.0], 'WallDurations': [0], 'JobIds': ['113627013.0'], 'State': 'idle', 'RecordedSite': False}, '14': {'Retries': 0, 'Restarts': 0, 'SiteHistory': ['Unknown'], 'ResidentSetSize': [0], 'SubmitTimes': [1742710066.0], 'StartTimes': [], 'EndTimes': [], 'TotalUserCpuTimeHistory': [0.0], 'TotalSysCpuTimeHistory': [0.0], 'WallDurations': [0], 'JobIds': ['113627014.0'], 'State': 'idle', 'RecordedSite': False}, '1': {'Retries': 0, 'Restarts': 0, 'SiteHistory': ['Unknown'], 'ResidentSetSize': [0], 'SubmitTimes': [1742710066.0], 'StartTimes': [], 'EndTimes': [], 'TotalUserCpuTimeHistory': [0.0], 'TotalSysCpuTimeHistory': [0.0], 'WallDurations': [0], 'JobIds': ['113627015.0'], 'State': 'idle', 'RecordedSite': False}, '17': {'Retries': 0, 'Restarts': 0, 'SiteHistory': ['Unknown'], 'ResidentSetSize': [0], 'SubmitTimes': [1742710066.0], 'StartTimes': [], 'EndTimes': [], 'TotalUserCpuTimeHistory': [0.0], 'TotalSysCpuTimeHistory': [0.0], 'WallDurations': [0], 'JobIds': ['113627016.0'], 'State': 'idle', 'RecordedSite': False}, '5': {'Retries': 0, 'Restarts': 0, 'SiteHistory': ['Unknown'], 'ResidentSetSize': [0], 'SubmitTimes': [1742710066.0], 'StartTimes': [], 'EndTimes': [], 'TotalUserCpuTimeHistory': [0.0], 'TotalSysCpuTimeHistory': [0.0], 'WallDurations': [0], 'JobIds': ['113627017.0'], 'State': 'idle', 'RecordedSite': False}, '15': {'Retries': 0, 'Restarts': 0, 'SiteHistory': ['Unknown'], 'ResidentSetSize': [0], 'SubmitTimes': [1742710066.0], 'StartTimes': [], 'EndTimes': [], 'TotalUserCpuTimeHistory': [0.0], 'TotalSysCpuTimeHistory': [0.0], 'WallDurations': [0], 'JobIds': ['113627018.0'], 'State': 'idle', 'RecordedSite': False}, '10': {'Retries': 0, 'Restarts': 0, 'SiteHistory': ['Unknown'], 'ResidentSetSize': [0], 'SubmitTimes': [1742710066.0], 'StartTimes': [], 'EndTimes': [], 'TotalUserCpuTimeHistory': [0.0], 'TotalSysCpuTimeHistory': [0.0], 'WallDurations': [0], 'JobIds': ['113627019.0'], 'State': 'idle', 'RecordedSite': False}, '21': {'Retries': 0, 'Restarts': 0, 'SiteHistory': ['Unknown'], 'ResidentSetSize': [0], 'SubmitTimes': [1742710066.0], 'StartTimes': [], 'EndTimes': [], 'TotalUserCpuTimeHistory': [0.0], 'TotalSysCpuTimeHistory': [0.0], 'WallDurations': [0], 'JobIds': ['113627020.0'], 'State': 'idle', 'RecordedSite': False}, '16': {'Retries': 0, 'Restarts': 0, 'SiteHistory': ['Unknown'], 'ResidentSetSize': [0], 'SubmitTimes': [1742710066.0], 'StartTimes': [], 'EndTimes': [], 'TotalUserCpuTimeHistory': [0.0], 'TotalSysCpuTimeHistory': [0.0], 'WallDurations': [0], 'JobIds': ['113627021.0'], 'State': 'idle', 'RecordedSite': False}, '20': {'Retries': 0, 'Restarts': 0, 'SiteHistory': ['Unknown'], 'ResidentSetSize': [0], 'SubmitTimes': [1742710066.0], 'StartTimes': [], 'EndTimes': [], 'TotalUserCpuTimeHistory': [0.0], 'TotalSysCpuTimeHistory': [0.0], 'WallDurations': [0], 'JobIds': ['113627022.0'], 'State': 'idle', 'RecordedSite': False}}
INFO 2025-03-23 06:11:42.583 UTC: 	 Status on the scheduler:	SUBMITTED
INFO 2025-03-23 06:11:42.584 UTC: 	 
Jobs status:                    idle         		100.0% (21/21)
INFO 2025-03-23 06:11:42.584 UTC: 	 
No publication information available yet
INFO 2025-03-23 06:11:42.585 UTC: 	 Log file is /afs/cern.ch/user/a/amalhotr/CMSSW_14_0_18_patch1/src/Run3ScoutingAnalysisTools/crab_DYto2Mu4Jets_Unpacker_Large/crab.log
DEBUG 2025-03-23 06:12:48.611 UTC: 	 CRAB Client version: v3.250318
DEBUG 2025-03-23 06:12:48.611 UTC: 	 Running on: Linux lxplus940.cern.ch 5.14.0-503.22.1.el9_5.x86_64 #1 SMP PREEMPT_DYNAMIC Wed Jan 15 08:02:15 EST 2025 x86_64 x86_64 x86_64 GNU/Linux
DEBUG 2025-03-23 06:12:48.611 UTC: 	 Not using Singularity
DEBUG 2025-03-23 06:12:48.611 UTC: 	 Operating System: Red Hat Enterprise Linux 9.5 (Plow)
DEBUG 2025-03-23 06:12:48.611 UTC: 	 Executing command: 'status'
DEBUG 2025-03-23 06:12:48.611 UTC: 	 Found CRAB cache file /afs/cern.ch/user/a/amalhotr/.crab3
DEBUG 2025-03-23 06:12:48.617 UTC: 	 Checking credentials
DEBUG 2025-03-23 06:12:48.617 UTC: 	 Found proxy file /tmp/x509up_u180451
DEBUG 2025-03-23 06:12:48.617 UTC: 	 Making sure it has proper VOMS extension
DEBUG 2025-03-23 06:12:48.617 UTC: 	 Executing command :
 voms-proxy-info --vo --file /tmp/x509up_u180451
DEBUG 2025-03-23 06:12:48.973 UTC: 	 output : cms

 error: 
 retcode : 0
DEBUG 2025-03-23 06:12:48.973 UTC: 	 Getting proxy life time left
DEBUG 2025-03-23 06:12:48.973 UTC: 	 Executing command :
 voms-proxy-info --actimeleft --timeleft --file /tmp/x509up_u180451
DEBUG 2025-03-23 06:12:49.296 UTC: 	 output : 690671
690671

 error: 
 retcode : 0
DEBUG 2025-03-23 06:12:49.296 UTC: 	 Proxy valid for 191:51:11 hours
DEBUG 2025-03-23 06:12:49.297 UTC: 	 Encoded data for curl request: subresource=delegatedn
DEBUG 2025-03-23 06:12:49.336 UTC: 	 Registering user credentials on myproxy for /DC=ch/DC=cern/OU=computers/CN=crab-(preprod|prod)-tw(01|02).cern.ch|/DC=ch/DC=cern/OU=computers/CN=crab-dev-tw(01|02|03|04).cern.ch|/DC=ch/DC=cern/OU=Organic Units/OU=Users/CN=cmscrab/CN=(817881|373708)/CN=Robot: cms crab|/DC=ch/DC=cern/OU=Organic Units/OU=Users/CN=crabint1/CN=373708/CN=Robot: CMS CRAB Integration 1
DEBUG 2025-03-23 06:12:49.336 UTC: 	 Executing command :
 voms-proxy-info --identity --file /tmp/x509up_u180451
DEBUG 2025-03-23 06:12:49.656 UTC: 	 output : /DC=ch/DC=cern/OU=Organic Units/OU=Users/CN=amalhotr/CN=884837/CN=Aryan Malhotra

 error: 
 retcode : 0
DEBUG 2025-03-23 06:12:49.657 UTC: 	 Getting myproxy life time left for 2382a3cf28fdeacb1de9b039908761ea517a5ed6
DEBUG 2025-03-23 06:12:49.657 UTC: 	 Executing command :
 myproxy-info -s myproxy.cern.ch -l 2382a3cf28fdeacb1de9b039908761ea517a5ed6
DEBUG 2025-03-23 06:12:49.943 UTC: 	 output : username: 2382a3cf28fdeacb1de9b039908761ea517a5ed6
owner: /DC=ch/DC=cern/OU=Organic Units/OU=Users/CN=amalhotr/CN=884837/CN=Aryan Malhotra
  renewal policy: /DC=ch/DC=cern/OU=computers/CN=crab-(preprod|prod)-tw(01|02).cern.ch|/DC=ch/DC=cern/OU=computers/CN=crab-dev-tw(01|02|03|04).cern.ch|/DC=ch/DC=cern/OU=Organic Units/OU=Users/CN=cmscrab/CN=(817881|373708)/CN=Robot: cms crab|/DC=ch/DC=cern/OU=Organic Units/OU=Users/CN=crabint1/CN=373708/CN=Robot: CMS CRAB Integration 1
  trusted retrieval policy: /DC=ch/DC=cern/OU=computers/CN=crab-(preprod|prod)-tw(01|02).cern.ch|/DC=ch/DC=cern/OU=computers/CN=crab-dev-tw(01|02|03|04).cern.ch|/DC=ch/DC=cern/OU=Organic Units/OU=Users/CN=cmscrab/CN=(817881|373708)/CN=Robot: cms crab|/DC=ch/DC=cern/OU=Organic Units/OU=Users/CN=crabint1/CN=373708/CN=Robot: CMS CRAB Integration 1
  timeleft: 622:07:29  (25.9 days)

 error: 
 retcode : 0
DEBUG 2025-03-23 06:12:49.944 UTC: 	 Myproxy is valid: 2239620
DEBUG 2025-03-23 06:12:49.944 UTC: 	 Result of myproxy credential check:
  Credential exists on myproxy: username: 2382a3cf28fdeacb1de9b039908761ea517a5ed6  - validity: 25 days, 22:07:00
DEBUG 2025-03-23 06:12:49.944 UTC: 	 Retrieving username ...
DEBUG 2025-03-23 06:12:49.944 UTC: 	 Retrieving username from CRIC...
DEBUG 2025-03-23 06:12:50.664 UTC: 	 username is amalhotr
INFO 2025-03-23 06:12:51.137 UTC: 	 Rucio client intialized for account amalhotr
DEBUG 2025-03-23 06:12:51.138 UTC: 	 Command use: status
DEBUG 2025-03-23 06:12:51.138 UTC: 	 Options use: ['-d', './crab_DYto2Mu4Jets_Unpacker_Large']
DEBUG 2025-03-23 06:12:51.138 UTC: 	 Encoded data for curl request: subresource=version
DEBUG 2025-03-23 06:12:51.197 UTC: 	 CRABClient version: v3.250318
DEBUG 2025-03-23 06:12:51.197 UTC: 	 Instance is prod
DEBUG 2025-03-23 06:12:51.197 UTC: 	 Server base url is cmsweb.cern.ch
DEBUG 2025-03-23 06:12:51.197 UTC: 	 Command api workflow
DEBUG 2025-03-23 06:12:51.198 UTC: 	 Encoded data for curl request: subresource=search&workflow=250323_060454%3Aamalhotr_crab_DYto2Mu4Jets_Unpacker_Large
DEBUG 2025-03-23 06:12:51.243 UTC: 	 Got information from server oracle database: {'desc': {'columns': ['tm_taskname', 'tm_activity', 'tm_task_status', 'tm_task_command', 'tm_start_time', 'tm_start_injection', 'tm_end_injection', 'tm_task_failure', 'tm_job_sw', 'tm_job_arch', 'tm_input_dataset', 'tm_nonvalid_input_dataset', 'tm_use_parent', 'tm_site_whitelist', 'tm_site_blacklist', 'tm_split_algo', 'tm_split_args', 'tm_user_sandbox', 'tm_cache_url', 'tm_username', 'tm_user_dn', 'tm_user_vo', 'tm_user_role', 'tm_user_group', 'tm_publish_name', 'tm_publish_groupname', 'tm_asyncdest', 'tm_dbs_url', 'tm_publish_dbs_url', 'tm_publication', 'tm_outfiles', 'tm_tfile_outfiles', 'tm_edm_outfiles', 'tm_job_type', 'tm_generator', 'tm_events_per_lumi', 'tm_arguments', 'tm_save_logs', 'tw_name', 'tm_user_infiles', 'tm_maxjobruntime', 'tm_numcores', 'tm_maxmemory', 'tm_priority', 'tm_output_dataset', 'tm_task_warnings', 'tm_user_webdir', 'tm_scriptexe', 'tm_scriptargs', 'tm_extrajdl', 'tm_collector', 'tm_schedd', 'tm_dry_run', 'tm_user_files', 'tm_transfer_outputs', 'tm_output_lfn', 'tm_ignore_locality', 'tm_fail_limit', 'tm_one_event_mode', 'tm_secondary_input_dataset', 'tm_primary_dataset', 'tm_last_publication', 'tm_debug_files', 'clusterid', 'tm_ignore_global_blacklist', 'tm_submitter_ip_addr', 'tm_totalunits', 'tm_ddm_reqid', 'tm_user_config', 'tm_transfer_container', 'tm_transfer_rule', 'tm_publish_rule', 'tm_multipub_rule', 'tm_job_min_microarch']}, 'result': ['250323_060454:amalhotr_crab_DYto2Mu4Jets_Unpacker_Large', 'None', 'SUBMITTED', 'SUBMIT', '2025-03-23 06:04:55.506480', 'None', '2025-03-23 06:06:35.392815', 'None', 'CMSSW_14_0_18_patch1', 'el9_amd64_gcc12', '/DYto2Mu-4Jets_Bin-MLL-50_TuneCP5_13p6TeV_madgraphMLM-pythia8/RunIII2024Summer24MiniAOD-140X_mcRun3_2024_realistic_v26-v2/MINIAODSIM', 'F', '0', '[]', '[]', 'FileBased', "{'halt_job_on_file_boundaries': False, 'splitOnRun': False, 'files_per_job': 5, 'runs': [], 'lumis': []}", '3347ab5ebddcbcf20e5a549cff91c4ac4d53283ca301d10bc07120adeaa8b0f2.tar.gz', 'https://cmsweb.cern.ch/S3/crabcache_prod', 'amalhotr', '/DC=ch/DC=cern/OU=Organic Units/OU=Users/CN=amalhotr/CN=884837/CN=Aryan Malhotra', 'cms', 'None', 'None', 'DYto2Mu4Jets_Unpacker_Large-00000000000000000000000000000000', 'F', 'T3_CH_CERNBOX', 'https://cmsweb.cern.ch/dbs/prod/global/DBSReader', 'https://cmsweb.cern.ch/dbs/prod/phys03/DBSWriter', 'T', '[]', '[]', "['HLTUnpackerOutputLarge.root']", 'Analysis', 'pythia', 'None', '{}', 'T', 'crab-prod-tw01', '[]', '1250', '1', '2000', '10', 'None', '[]', 'http://vocms0198.cern.ch/mon/amalhotr/250323_060454:amalhotr_crab_DYto2Mu4Jets_Unpacker_Large', 'None', '[]', '[]', 'cmsgwms-collector-global.cern.ch:9620,cmsgwms-collector-global.fnal.gov:9620', 'crab3@vocms0198.cern.ch', 'F', '[]', 'T', '/store/user/amalhotr/', 'F', 'None', 'F', 'None', 'DYto2Mu-4Jets_Bin-MLL-50_TuneCP5_13p6TeV_madgraphMLM-pythia8', 'None', '092c95d3b1ed17d5c8f35311372fbafe5aae77e928c0bec78cce9935847f1e25.tar.gz', '113626991', 'F', '188.184.73.32', '75.0', 'None', '{"partialdataset": false, "requireaccelerator": false, "acceleratorparams": null, "inputblocks": null}', 'None', 'None', 'None', 'None', 'any']}
INFO 2025-03-23 06:12:51.243 UTC: 	 CRAB project directory:		/afs/cern.ch/user/a/amalhotr/CMSSW_14_0_18_patch1/src/Run3ScoutingAnalysisTools/crab_DYto2Mu4Jets_Unpacker_Large
INFO 2025-03-23 06:12:51.243 UTC: 	 Task name:			250323_060454:amalhotr_crab_DYto2Mu4Jets_Unpacker_Large
INFO 2025-03-23 06:12:51.243 UTC: 	 Grid scheduler - Task Worker:	crab3@vocms0198.cern.ch - crab-prod-tw01
INFO 2025-03-23 06:12:51.243 UTC: 	 Status on the CRAB server:	SUBMITTED
INFO 2025-03-23 06:12:51.244 UTC: 	 Task URL to use for HELP:	https://cmsweb.cern.ch/crabserver/ui/task/250323_060454%3Aamalhotr_crab_DYto2Mu4Jets_Unpacker_Large
INFO 2025-03-23 06:12:51.250 UTC: 	 Dashboard monitoring URL:	https://monit-grafana.cern.ch/d/cmsTMDetail/cms-task-monitoring-task-view?orgId=11&var-user=amalhotr&var-task=250323_060454%3Aamalhotr_crab_DYto2Mu4Jets_Unpacker_Large&from=1742706295000&to=now
DEBUG 2025-03-23 06:12:51.250 UTC: 	 The CRAB server submitted your task to the Grid scheduler (cluster ID: 113626991)
DEBUG 2025-03-23 06:12:51.250 UTC: 	 Webdir is located at http://vocms0198.cern.ch/mon/amalhotr/250323_060454:amalhotr_crab_DYto2Mu4Jets_Unpacker_Large
DEBUG 2025-03-23 06:12:51.250 UTC: 	 Encoded data for curl request: subresource=webdirprx&workflow=250323_060454%3Aamalhotr_crab_DYto2Mu4Jets_Unpacker_Large
DEBUG 2025-03-23 06:12:51.287 UTC: 	 Proxied webdir is located at https://cmsweb.cern.ch:8443/scheddmon/0198/amalhotr/250323_060454:amalhotr_crab_DYto2Mu4Jets_Unpacker_Large
DEBUG 2025-03-23 06:12:51.287 UTC: 	 Retrieving 'status_cache' file from https://cmsweb.cern.ch:8443/scheddmon/0198/amalhotr/250323_060454:amalhotr_crab_DYto2Mu4Jets_Unpacker_Large/status_cache.pkl
DEBUG 2025-03-23 06:12:51.287 UTC: 	 Will execute:
curl -sS --capath /etc/grid-security/certificates --cert /tmp/x509up_u180451 --key /tmp/x509up_u180451 -o /tmp/crab_status-cache-_axisw20.pkl -w %"{http_code}" "https://cmsweb.cern.ch:8443/scheddmon/0198/amalhotr/250323_060454:amalhotr_crab_DYto2Mu4Jets_Unpacker_Large/status_cache.pkl"
DEBUG 2025-03-23 06:12:51.288 UTC: 	 Executing command :
 curl -sS --capath /etc/grid-security/certificates --cert /tmp/x509up_u180451 --key /tmp/x509up_u180451 -o /tmp/crab_status-cache-_axisw20.pkl -w %"{http_code}" "https://cmsweb.cern.ch:8443/scheddmon/0198/amalhotr/250323_060454:amalhotr_crab_DYto2Mu4Jets_Unpacker_Large/status_cache.pkl"
DEBUG 2025-03-23 06:12:51.322 UTC: 	 output : 200
 error: 
 retcode : 0
DEBUG 2025-03-23 06:12:51.322 UTC: 	 exitcode: 0
stdout: 200
stderr: 
error details: 
DEBUG 2025-03-23 06:12:51.322 UTC: 	 Got information from status cache file: {'6': {'Retries': 0, 'Restarts': 0, 'SiteHistory': ['Unknown'], 'ResidentSetSize': [0], 'SubmitTimes': [1742710065.0], 'StartTimes': [], 'EndTimes': [], 'TotalUserCpuTimeHistory': [0.0], 'TotalSysCpuTimeHistory': [0.0], 'WallDurations': [0], 'JobIds': ['113627002.0'], 'State': 'idle', 'RecordedSite': False}, '11': {'Retries': 0, 'Restarts': 0, 'SiteHistory': ['Unknown'], 'ResidentSetSize': [0], 'SubmitTimes': [1742710065.0], 'StartTimes': [], 'EndTimes': [], 'TotalUserCpuTimeHistory': [0.0], 'TotalSysCpuTimeHistory': [0.0], 'WallDurations': [0], 'JobIds': ['113627003.0'], 'State': 'idle', 'RecordedSite': False}, '13': {'Retries': 0, 'Restarts': 0, 'SiteHistory': ['Unknown'], 'ResidentSetSize': [0], 'SubmitTimes': [1742710065.0], 'StartTimes': [], 'EndTimes': [], 'TotalUserCpuTimeHistory': [0.0], 'TotalSysCpuTimeHistory': [0.0], 'WallDurations': [0], 'JobIds': ['113627004.0'], 'State': 'idle', 'RecordedSite': False}, '9': {'Retries': 0, 'Restarts': 0, 'SiteHistory': ['Unknown'], 'ResidentSetSize': [0], 'SubmitTimes': [1742710065.0], 'StartTimes': [], 'EndTimes': [], 'TotalUserCpuTimeHistory': [0.0], 'TotalSysCpuTimeHistory': [0.0], 'WallDurations': [0], 'JobIds': ['113627005.0'], 'State': 'idle', 'RecordedSite': False}, '12': {'Retries': 0, 'Restarts': 0, 'SiteHistory': ['Unknown'], 'ResidentSetSize': [0], 'SubmitTimes': [1742710065.0], 'StartTimes': [], 'EndTimes': [], 'TotalUserCpuTimeHistory': [0.0], 'TotalSysCpuTimeHistory': [0.0], 'WallDurations': [0], 'JobIds': ['113627006.0'], 'State': 'idle', 'RecordedSite': False}, '8': {'Retries': 0, 'Restarts': 0, 'SiteHistory': ['Unknown'], 'ResidentSetSize': [0], 'SubmitTimes': [1742710065.0], 'StartTimes': [], 'EndTimes': [], 'TotalUserCpuTimeHistory': [0.0], 'TotalSysCpuTimeHistory': [0.0], 'WallDurations': [0], 'JobIds': ['113627007.0'], 'State': 'idle', 'RecordedSite': False}, '4': {'Retries': 0, 'Restarts': 0, 'SiteHistory': ['Unknown'], 'ResidentSetSize': [0], 'SubmitTimes': [1742710065.0], 'StartTimes': [], 'EndTimes': [], 'TotalUserCpuTimeHistory': [0.0], 'TotalSysCpuTimeHistory': [0.0], 'WallDurations': [0], 'JobIds': ['113627008.0'], 'State': 'idle', 'RecordedSite': False}, '3': {'Retries': 0, 'Restarts': 0, 'SiteHistory': ['Unknown'], 'ResidentSetSize': [0], 'SubmitTimes': [1742710065.0], 'StartTimes': [], 'EndTimes': [], 'TotalUserCpuTimeHistory': [0.0], 'TotalSysCpuTimeHistory': [0.0], 'WallDurations': [0], 'JobIds': ['113627009.0'], 'State': 'idle', 'RecordedSite': False}, '18': {'Retries': 0, 'Restarts': 0, 'SiteHistory': ['Unknown'], 'ResidentSetSize': [0], 'SubmitTimes': [1742710065.0], 'StartTimes': [], 'EndTimes': [], 'TotalUserCpuTimeHistory': [0.0], 'TotalSysCpuTimeHistory': [0.0], 'WallDurations': [0], 'JobIds': ['113627010.0'], 'State': 'idle', 'RecordedSite': False}, '2': {'Retries': 0, 'Restarts': 0, 'SiteHistory': ['Unknown'], 'ResidentSetSize': [0], 'SubmitTimes': [1742710065.0], 'StartTimes': [], 'EndTimes': [], 'TotalUserCpuTimeHistory': [0.0], 'TotalSysCpuTimeHistory': [0.0], 'WallDurations': [0], 'JobIds': ['113627011.0'], 'State': 'idle', 'RecordedSite': False}, '7': {'Retries': 0, 'Restarts': 0, 'SiteHistory': ['Unknown'], 'ResidentSetSize': [0], 'SubmitTimes': [1742710065.0], 'StartTimes': [], 'EndTimes': [], 'TotalUserCpuTimeHistory': [0.0], 'TotalSysCpuTimeHistory': [0.0], 'WallDurations': [0], 'JobIds': ['113627012.0'], 'State': 'idle', 'RecordedSite': False}, '19': {'Retries': 0, 'Restarts': 0, 'SiteHistory': ['Unknown'], 'ResidentSetSize': [0], 'SubmitTimes': [1742710065.0], 'StartTimes': [], 'EndTimes': [], 'TotalUserCpuTimeHistory': [0.0], 'TotalSysCpuTimeHistory': [0.0], 'WallDurations': [0], 'JobIds': ['113627013.0'], 'State': 'idle', 'RecordedSite': False}, '14': {'Retries': 0, 'Restarts': 0, 'SiteHistory': ['Unknown'], 'ResidentSetSize': [0], 'SubmitTimes': [1742710066.0], 'StartTimes': [], 'EndTimes': [], 'TotalUserCpuTimeHistory': [0.0], 'TotalSysCpuTimeHistory': [0.0], 'WallDurations': [0], 'JobIds': ['113627014.0'], 'State': 'idle', 'RecordedSite': False}, '1': {'Retries': 0, 'Restarts': 0, 'SiteHistory': ['Unknown'], 'ResidentSetSize': [0], 'SubmitTimes': [1742710066.0], 'StartTimes': [], 'EndTimes': [], 'TotalUserCpuTimeHistory': [0.0], 'TotalSysCpuTimeHistory': [0.0], 'WallDurations': [0], 'JobIds': ['113627015.0'], 'State': 'idle', 'RecordedSite': False}, '17': {'Retries': 0, 'Restarts': 0, 'SiteHistory': ['Unknown'], 'ResidentSetSize': [0], 'SubmitTimes': [1742710066.0], 'StartTimes': [], 'EndTimes': [], 'TotalUserCpuTimeHistory': [0.0], 'TotalSysCpuTimeHistory': [0.0], 'WallDurations': [0], 'JobIds': ['113627016.0'], 'State': 'idle', 'RecordedSite': False}, '5': {'Retries': 0, 'Restarts': 0, 'SiteHistory': ['Unknown'], 'ResidentSetSize': [0], 'SubmitTimes': [1742710066.0], 'StartTimes': [], 'EndTimes': [], 'TotalUserCpuTimeHistory': [0.0], 'TotalSysCpuTimeHistory': [0.0], 'WallDurations': [0], 'JobIds': ['113627017.0'], 'State': 'idle', 'RecordedSite': False}, '15': {'Retries': 0, 'Restarts': 0, 'SiteHistory': ['Unknown'], 'ResidentSetSize': [0], 'SubmitTimes': [1742710066.0], 'StartTimes': [], 'EndTimes': [], 'TotalUserCpuTimeHistory': [0.0], 'TotalSysCpuTimeHistory': [0.0], 'WallDurations': [0], 'JobIds': ['113627018.0'], 'State': 'idle', 'RecordedSite': False}, '10': {'Retries': 0, 'Restarts': 0, 'SiteHistory': ['Unknown'], 'ResidentSetSize': [0], 'SubmitTimes': [1742710066.0], 'StartTimes': [], 'EndTimes': [], 'TotalUserCpuTimeHistory': [0.0], 'TotalSysCpuTimeHistory': [0.0], 'WallDurations': [0], 'JobIds': ['113627019.0'], 'State': 'idle', 'RecordedSite': False}, '21': {'Retries': 0, 'Restarts': 0, 'SiteHistory': ['Unknown'], 'ResidentSetSize': [0], 'SubmitTimes': [1742710066.0], 'StartTimes': [], 'EndTimes': [], 'TotalUserCpuTimeHistory': [0.0], 'TotalSysCpuTimeHistory': [0.0], 'WallDurations': [0], 'JobIds': ['113627020.0'], 'State': 'idle', 'RecordedSite': False}, '16': {'Retries': 0, 'Restarts': 0, 'SiteHistory': ['Unknown'], 'ResidentSetSize': [0], 'SubmitTimes': [1742710066.0], 'StartTimes': [], 'EndTimes': [], 'TotalUserCpuTimeHistory': [0.0], 'TotalSysCpuTimeHistory': [0.0], 'WallDurations': [0], 'JobIds': ['113627021.0'], 'State': 'idle', 'RecordedSite': False}, '20': {'Retries': 0, 'Restarts': 0, 'SiteHistory': ['Unknown'], 'ResidentSetSize': [0], 'SubmitTimes': [1742710066.0], 'StartTimes': [], 'EndTimes': [], 'TotalUserCpuTimeHistory': [0.0], 'TotalSysCpuTimeHistory': [0.0], 'WallDurations': [0], 'JobIds': ['113627022.0'], 'State': 'idle', 'RecordedSite': False}}
INFO 2025-03-23 06:12:51.322 UTC: 	 Status on the scheduler:	SUBMITTED
INFO 2025-03-23 06:12:51.322 UTC: 	 
Jobs status:                    idle         		100.0% (21/21)
INFO 2025-03-23 06:12:51.323 UTC: 	 
No publication information available yet
INFO 2025-03-23 06:12:51.326 UTC: 	 Log file is /afs/cern.ch/user/a/amalhotr/CMSSW_14_0_18_patch1/src/Run3ScoutingAnalysisTools/crab_DYto2Mu4Jets_Unpacker_Large/crab.log
DEBUG 2025-03-23 06:16:59.532 UTC: 	 CRAB Client version: v3.250318
DEBUG 2025-03-23 06:16:59.532 UTC: 	 Running on: Linux lxplus940.cern.ch 5.14.0-503.22.1.el9_5.x86_64 #1 SMP PREEMPT_DYNAMIC Wed Jan 15 08:02:15 EST 2025 x86_64 x86_64 x86_64 GNU/Linux
DEBUG 2025-03-23 06:16:59.532 UTC: 	 Not using Singularity
DEBUG 2025-03-23 06:16:59.532 UTC: 	 Operating System: Red Hat Enterprise Linux 9.5 (Plow)
DEBUG 2025-03-23 06:16:59.532 UTC: 	 Executing command: 'status'
DEBUG 2025-03-23 06:16:59.532 UTC: 	 Found CRAB cache file /afs/cern.ch/user/a/amalhotr/.crab3
DEBUG 2025-03-23 06:16:59.537 UTC: 	 Checking credentials
DEBUG 2025-03-23 06:16:59.537 UTC: 	 Found proxy file /tmp/x509up_u180451
DEBUG 2025-03-23 06:16:59.537 UTC: 	 Making sure it has proper VOMS extension
DEBUG 2025-03-23 06:16:59.537 UTC: 	 Executing command :
 voms-proxy-info --vo --file /tmp/x509up_u180451
DEBUG 2025-03-23 06:16:59.893 UTC: 	 output : cms

 error: 
 retcode : 0
DEBUG 2025-03-23 06:16:59.893 UTC: 	 Getting proxy life time left
DEBUG 2025-03-23 06:16:59.893 UTC: 	 Executing command :
 voms-proxy-info --actimeleft --timeleft --file /tmp/x509up_u180451
DEBUG 2025-03-23 06:17:00.247 UTC: 	 output : 690420
690420

 error: 
 retcode : 0
DEBUG 2025-03-23 06:17:00.248 UTC: 	 Proxy valid for 191:47:00 hours
DEBUG 2025-03-23 06:17:00.248 UTC: 	 Encoded data for curl request: subresource=delegatedn
DEBUG 2025-03-23 06:17:00.321 UTC: 	 Registering user credentials on myproxy for /DC=ch/DC=cern/OU=computers/CN=crab-(preprod|prod)-tw(01|02).cern.ch|/DC=ch/DC=cern/OU=computers/CN=crab-dev-tw(01|02|03|04).cern.ch|/DC=ch/DC=cern/OU=Organic Units/OU=Users/CN=cmscrab/CN=(817881|373708)/CN=Robot: cms crab|/DC=ch/DC=cern/OU=Organic Units/OU=Users/CN=crabint1/CN=373708/CN=Robot: CMS CRAB Integration 1
DEBUG 2025-03-23 06:17:00.321 UTC: 	 Executing command :
 voms-proxy-info --identity --file /tmp/x509up_u180451
DEBUG 2025-03-23 06:17:00.669 UTC: 	 output : /DC=ch/DC=cern/OU=Organic Units/OU=Users/CN=amalhotr/CN=884837/CN=Aryan Malhotra

 error: 
 retcode : 0
DEBUG 2025-03-23 06:17:00.670 UTC: 	 Getting myproxy life time left for 2382a3cf28fdeacb1de9b039908761ea517a5ed6
DEBUG 2025-03-23 06:17:00.670 UTC: 	 Executing command :
 myproxy-info -s myproxy.cern.ch -l 2382a3cf28fdeacb1de9b039908761ea517a5ed6
DEBUG 2025-03-23 06:17:00.944 UTC: 	 output : username: 2382a3cf28fdeacb1de9b039908761ea517a5ed6
owner: /DC=ch/DC=cern/OU=Organic Units/OU=Users/CN=amalhotr/CN=884837/CN=Aryan Malhotra
  renewal policy: /DC=ch/DC=cern/OU=computers/CN=crab-(preprod|prod)-tw(01|02).cern.ch|/DC=ch/DC=cern/OU=computers/CN=crab-dev-tw(01|02|03|04).cern.ch|/DC=ch/DC=cern/OU=Organic Units/OU=Users/CN=cmscrab/CN=(817881|373708)/CN=Robot: cms crab|/DC=ch/DC=cern/OU=Organic Units/OU=Users/CN=crabint1/CN=373708/CN=Robot: CMS CRAB Integration 1
  trusted retrieval policy: /DC=ch/DC=cern/OU=computers/CN=crab-(preprod|prod)-tw(01|02).cern.ch|/DC=ch/DC=cern/OU=computers/CN=crab-dev-tw(01|02|03|04).cern.ch|/DC=ch/DC=cern/OU=Organic Units/OU=Users/CN=cmscrab/CN=(817881|373708)/CN=Robot: cms crab|/DC=ch/DC=cern/OU=Organic Units/OU=Users/CN=crabint1/CN=373708/CN=Robot: CMS CRAB Integration 1
  timeleft: 622:03:18  (25.9 days)

 error: 
 retcode : 0
DEBUG 2025-03-23 06:17:00.944 UTC: 	 Myproxy is valid: 2239380
DEBUG 2025-03-23 06:17:00.944 UTC: 	 Result of myproxy credential check:
  Credential exists on myproxy: username: 2382a3cf28fdeacb1de9b039908761ea517a5ed6  - validity: 25 days, 22:03:00
DEBUG 2025-03-23 06:17:00.944 UTC: 	 Retrieving username ...
DEBUG 2025-03-23 06:17:00.944 UTC: 	 Retrieving username from CRIC...
DEBUG 2025-03-23 06:17:01.603 UTC: 	 username is amalhotr
INFO 2025-03-23 06:17:02.112 UTC: 	 Rucio client intialized for account amalhotr
DEBUG 2025-03-23 06:17:02.113 UTC: 	 Command use: status
DEBUG 2025-03-23 06:17:02.113 UTC: 	 Options use: ['-d', './crab_DYto2Mu4Jets_Unpacker_Large']
DEBUG 2025-03-23 06:17:02.113 UTC: 	 Encoded data for curl request: subresource=version
DEBUG 2025-03-23 06:17:02.235 UTC: 	 CRABClient version: v3.250318
DEBUG 2025-03-23 06:17:02.235 UTC: 	 Instance is prod
DEBUG 2025-03-23 06:17:02.235 UTC: 	 Server base url is cmsweb.cern.ch
DEBUG 2025-03-23 06:17:02.235 UTC: 	 Command api workflow
DEBUG 2025-03-23 06:17:02.236 UTC: 	 Encoded data for curl request: subresource=search&workflow=250323_060454%3Aamalhotr_crab_DYto2Mu4Jets_Unpacker_Large
DEBUG 2025-03-23 06:17:02.282 UTC: 	 Got information from server oracle database: {'desc': {'columns': ['tm_taskname', 'tm_activity', 'tm_task_status', 'tm_task_command', 'tm_start_time', 'tm_start_injection', 'tm_end_injection', 'tm_task_failure', 'tm_job_sw', 'tm_job_arch', 'tm_input_dataset', 'tm_nonvalid_input_dataset', 'tm_use_parent', 'tm_site_whitelist', 'tm_site_blacklist', 'tm_split_algo', 'tm_split_args', 'tm_user_sandbox', 'tm_cache_url', 'tm_username', 'tm_user_dn', 'tm_user_vo', 'tm_user_role', 'tm_user_group', 'tm_publish_name', 'tm_publish_groupname', 'tm_asyncdest', 'tm_dbs_url', 'tm_publish_dbs_url', 'tm_publication', 'tm_outfiles', 'tm_tfile_outfiles', 'tm_edm_outfiles', 'tm_job_type', 'tm_generator', 'tm_events_per_lumi', 'tm_arguments', 'tm_save_logs', 'tw_name', 'tm_user_infiles', 'tm_maxjobruntime', 'tm_numcores', 'tm_maxmemory', 'tm_priority', 'tm_output_dataset', 'tm_task_warnings', 'tm_user_webdir', 'tm_scriptexe', 'tm_scriptargs', 'tm_extrajdl', 'tm_collector', 'tm_schedd', 'tm_dry_run', 'tm_user_files', 'tm_transfer_outputs', 'tm_output_lfn', 'tm_ignore_locality', 'tm_fail_limit', 'tm_one_event_mode', 'tm_secondary_input_dataset', 'tm_primary_dataset', 'tm_last_publication', 'tm_debug_files', 'clusterid', 'tm_ignore_global_blacklist', 'tm_submitter_ip_addr', 'tm_totalunits', 'tm_ddm_reqid', 'tm_user_config', 'tm_transfer_container', 'tm_transfer_rule', 'tm_publish_rule', 'tm_multipub_rule', 'tm_job_min_microarch']}, 'result': ['250323_060454:amalhotr_crab_DYto2Mu4Jets_Unpacker_Large', 'None', 'SUBMITTED', 'SUBMIT', '2025-03-23 06:04:55.506480', 'None', '2025-03-23 06:06:35.392815', 'None', 'CMSSW_14_0_18_patch1', 'el9_amd64_gcc12', '/DYto2Mu-4Jets_Bin-MLL-50_TuneCP5_13p6TeV_madgraphMLM-pythia8/RunIII2024Summer24MiniAOD-140X_mcRun3_2024_realistic_v26-v2/MINIAODSIM', 'F', '0', '[]', '[]', 'FileBased', "{'halt_job_on_file_boundaries': False, 'splitOnRun': False, 'files_per_job': 5, 'runs': [], 'lumis': []}", '3347ab5ebddcbcf20e5a549cff91c4ac4d53283ca301d10bc07120adeaa8b0f2.tar.gz', 'https://cmsweb.cern.ch/S3/crabcache_prod', 'amalhotr', '/DC=ch/DC=cern/OU=Organic Units/OU=Users/CN=amalhotr/CN=884837/CN=Aryan Malhotra', 'cms', 'None', 'None', 'DYto2Mu4Jets_Unpacker_Large-00000000000000000000000000000000', 'F', 'T3_CH_CERNBOX', 'https://cmsweb.cern.ch/dbs/prod/global/DBSReader', 'https://cmsweb.cern.ch/dbs/prod/phys03/DBSWriter', 'T', '[]', '[]', "['HLTUnpackerOutputLarge.root']", 'Analysis', 'pythia', 'None', '{}', 'T', 'crab-prod-tw01', '[]', '1250', '1', '2000', '10', 'None', '[]', 'http://vocms0198.cern.ch/mon/amalhotr/250323_060454:amalhotr_crab_DYto2Mu4Jets_Unpacker_Large', 'None', '[]', '[]', 'cmsgwms-collector-global.cern.ch:9620,cmsgwms-collector-global.fnal.gov:9620', 'crab3@vocms0198.cern.ch', 'F', '[]', 'T', '/store/user/amalhotr/', 'F', 'None', 'F', 'None', 'DYto2Mu-4Jets_Bin-MLL-50_TuneCP5_13p6TeV_madgraphMLM-pythia8', 'None', '092c95d3b1ed17d5c8f35311372fbafe5aae77e928c0bec78cce9935847f1e25.tar.gz', '113626991', 'F', '188.184.73.32', '75.0', 'None', '{"partialdataset": false, "requireaccelerator": false, "acceleratorparams": null, "inputblocks": null}', 'None', 'None', 'None', 'None', 'any']}
INFO 2025-03-23 06:17:02.282 UTC: 	 CRAB project directory:		/afs/cern.ch/user/a/amalhotr/CMSSW_14_0_18_patch1/src/Run3ScoutingAnalysisTools/crab_DYto2Mu4Jets_Unpacker_Large
INFO 2025-03-23 06:17:02.282 UTC: 	 Task name:			250323_060454:amalhotr_crab_DYto2Mu4Jets_Unpacker_Large
INFO 2025-03-23 06:17:02.282 UTC: 	 Grid scheduler - Task Worker:	crab3@vocms0198.cern.ch - crab-prod-tw01
INFO 2025-03-23 06:17:02.282 UTC: 	 Status on the CRAB server:	SUBMITTED
INFO 2025-03-23 06:17:02.282 UTC: 	 Task URL to use for HELP:	https://cmsweb.cern.ch/crabserver/ui/task/250323_060454%3Aamalhotr_crab_DYto2Mu4Jets_Unpacker_Large
INFO 2025-03-23 06:17:02.288 UTC: 	 Dashboard monitoring URL:	https://monit-grafana.cern.ch/d/cmsTMDetail/cms-task-monitoring-task-view?orgId=11&var-user=amalhotr&var-task=250323_060454%3Aamalhotr_crab_DYto2Mu4Jets_Unpacker_Large&from=1742706295000&to=now
DEBUG 2025-03-23 06:17:02.288 UTC: 	 The CRAB server submitted your task to the Grid scheduler (cluster ID: 113626991)
DEBUG 2025-03-23 06:17:02.288 UTC: 	 Webdir is located at http://vocms0198.cern.ch/mon/amalhotr/250323_060454:amalhotr_crab_DYto2Mu4Jets_Unpacker_Large
DEBUG 2025-03-23 06:17:02.288 UTC: 	 Encoded data for curl request: subresource=webdirprx&workflow=250323_060454%3Aamalhotr_crab_DYto2Mu4Jets_Unpacker_Large
DEBUG 2025-03-23 06:17:02.331 UTC: 	 Proxied webdir is located at https://cmsweb.cern.ch:8443/scheddmon/0198/amalhotr/250323_060454:amalhotr_crab_DYto2Mu4Jets_Unpacker_Large
DEBUG 2025-03-23 06:17:02.331 UTC: 	 Retrieving 'status_cache' file from https://cmsweb.cern.ch:8443/scheddmon/0198/amalhotr/250323_060454:amalhotr_crab_DYto2Mu4Jets_Unpacker_Large/status_cache.pkl
DEBUG 2025-03-23 06:17:02.331 UTC: 	 Will execute:
curl -sS --capath /etc/grid-security/certificates --cert /tmp/x509up_u180451 --key /tmp/x509up_u180451 -o /tmp/crab_status-cache-m_tpelps.pkl -w %"{http_code}" "https://cmsweb.cern.ch:8443/scheddmon/0198/amalhotr/250323_060454:amalhotr_crab_DYto2Mu4Jets_Unpacker_Large/status_cache.pkl"
DEBUG 2025-03-23 06:17:02.331 UTC: 	 Executing command :
 curl -sS --capath /etc/grid-security/certificates --cert /tmp/x509up_u180451 --key /tmp/x509up_u180451 -o /tmp/crab_status-cache-m_tpelps.pkl -w %"{http_code}" "https://cmsweb.cern.ch:8443/scheddmon/0198/amalhotr/250323_060454:amalhotr_crab_DYto2Mu4Jets_Unpacker_Large/status_cache.pkl"
DEBUG 2025-03-23 06:17:02.367 UTC: 	 output : 200
 error: 
 retcode : 0
DEBUG 2025-03-23 06:17:02.367 UTC: 	 exitcode: 0
stdout: 200
stderr: 
error details: 
DEBUG 2025-03-23 06:17:02.367 UTC: 	 Got information from status cache file: {'6': {'Retries': 0, 'Restarts': 0, 'SiteHistory': ['Unknown', 'T2_US_Vanderbilt', 'T2_US_Vanderbilt'], 'ResidentSetSize': [4456], 'SubmitTimes': [1742710065.0], 'StartTimes': [1742710306.0], 'EndTimes': [], 'TotalUserCpuTimeHistory': [0.0], 'TotalSysCpuTimeHistory': [0.0], 'WallDurations': [8.0, 119.46214818954468, 119.46214818954468], 'JobIds': ['113627002.0'], 'State': 'running', 'RecordedSite': True}, '11': {'Retries': 0, 'Restarts': 0, 'SiteHistory': ['Unknown', 'T1_US_FNAL', 'T1_US_FNAL'], 'ResidentSetSize': [67900], 'SubmitTimes': [1742710065.0], 'StartTimes': [1742710240.0], 'EndTimes': [], 'TotalUserCpuTimeHistory': [0.0], 'TotalSysCpuTimeHistory': [0.0], 'WallDurations': [9.0, 185.46214818954468, 185.46214818954468], 'JobIds': ['113627003.0'], 'State': 'running', 'RecordedSite': True}, '13': {'Retries': 0, 'Restarts': 0, 'SiteHistory': ['Unknown', 'T1_US_FNAL', 'T1_US_FNAL'], 'ResidentSetSize': [6448], 'SubmitTimes': [1742710065.0], 'StartTimes': [1742710239.0], 'EndTimes': [], 'TotalUserCpuTimeHistory': [0.0], 'TotalSysCpuTimeHistory': [0.0], 'WallDurations': [10.0, 186.46214818954468, 186.46214818954468], 'JobIds': ['113627004.0'], 'State': 'running', 'RecordedSite': True}, '9': {'Retries': 0, 'Restarts': 0, 'SiteHistory': ['Unknown', 'T2_US_Vanderbilt', 'T2_US_Vanderbilt'], 'ResidentSetSize': [4040], 'SubmitTimes': [1742710065.0], 'StartTimes': [1742710306.0], 'EndTimes': [], 'TotalUserCpuTimeHistory': [0.0], 'TotalSysCpuTimeHistory': [0.0], 'WallDurations': [9.0, 119.46214818954468, 119.46214818954468], 'JobIds': ['113627005.0'], 'State': 'running', 'RecordedSite': True}, '12': {'Retries': 0, 'Restarts': 0, 'SiteHistory': ['Unknown', 'T1_UK_RAL', 'T1_UK_RAL'], 'ResidentSetSize': [4592], 'SubmitTimes': [1742710065.0], 'StartTimes': [1742710238.0], 'EndTimes': [], 'TotalUserCpuTimeHistory': [0.0], 'TotalSysCpuTimeHistory': [0.0], 'WallDurations': [8.0, 187.46214818954468, 187.46214818954468], 'JobIds': ['113627006.0'], 'State': 'running', 'RecordedSite': True}, '8': {'Retries': 0, 'Restarts': 0, 'SiteHistory': ['Unknown', 'T2_US_Vanderbilt', 'T2_US_Vanderbilt'], 'ResidentSetSize': [4036], 'SubmitTimes': [1742710065.0], 'StartTimes': [1742710307.0], 'EndTimes': [], 'TotalUserCpuTimeHistory': [0.0], 'TotalSysCpuTimeHistory': [0.0], 'WallDurations': [8.0, 118.46214818954468, 118.46214818954468], 'JobIds': ['113627007.0'], 'State': 'running', 'RecordedSite': True}, '4': {'Retries': 0, 'Restarts': 0, 'SiteHistory': ['Unknown', 'T2_US_Vanderbilt', 'T2_US_Vanderbilt'], 'ResidentSetSize': [47168], 'SubmitTimes': [1742710065.0], 'StartTimes': [1742710308.0], 'EndTimes': [], 'TotalUserCpuTimeHistory': [0.0], 'TotalSysCpuTimeHistory': [0.0], 'WallDurations': [8.0, 117.46214818954468, 117.46214818954468], 'JobIds': ['113627008.0'], 'State': 'running', 'RecordedSite': True}, '3': {'Retries': 0, 'Restarts': 0, 'SiteHistory': ['Unknown', 'T2_US_Vanderbilt', 'T2_US_Vanderbilt'], 'ResidentSetSize': [4740], 'SubmitTimes': [1742710065.0], 'StartTimes': [1742710306.0], 'EndTimes': [], 'TotalUserCpuTimeHistory': [0.0], 'TotalSysCpuTimeHistory': [0.0], 'WallDurations': [9.0, 119.46214818954468, 119.46214818954468], 'JobIds': ['113627009.0'], 'State': 'running', 'RecordedSite': True}, '18': {'Retries': 0, 'Restarts': 0, 'SiteHistory': ['Unknown', 'T1_FR_CCIN2P3', 'T1_FR_CCIN2P3'], 'ResidentSetSize': [4848], 'SubmitTimes': [1742710065.0], 'StartTimes': [1742710237.0], 'EndTimes': [], 'TotalUserCpuTimeHistory': [0.0], 'TotalSysCpuTimeHistory': [0.0], 'WallDurations': [9.0, 188.46214818954468, 188.46214818954468], 'JobIds': ['113627010.0'], 'State': 'running', 'RecordedSite': True}, '2': {'Retries': 0, 'Restarts': 0, 'SiteHistory': ['Unknown', 'T1_ES_PIC', 'T1_ES_PIC'], 'ResidentSetSize': [93072], 'SubmitTimes': [1742710065.0], 'StartTimes': [1742710239.0], 'EndTimes': [], 'TotalUserCpuTimeHistory': [1.0], 'TotalSysCpuTimeHistory': [0.0], 'WallDurations': [9.0, 186.46214818954468, 186.46214818954468], 'JobIds': ['113627011.0'], 'State': 'running', 'RecordedSite': True}, '7': {'Retries': 0, 'Restarts': 0, 'SiteHistory': ['Unknown', 'T2_US_Vanderbilt', 'T2_US_Vanderbilt'], 'ResidentSetSize': [4052], 'SubmitTimes': [1742710065.0], 'StartTimes': [1742710306.0], 'EndTimes': [], 'TotalUserCpuTimeHistory': [0.0], 'TotalSysCpuTimeHistory': [0.0], 'WallDurations': [8.0, 119.46214818954468, 119.46214818954468], 'JobIds': ['113627012.0'], 'State': 'running', 'RecordedSite': True}, '19': {'Retries': 0, 'Restarts': 0, 'SiteHistory': ['Unknown', 'T1_FR_CCIN2P3', 'T1_FR_CCIN2P3'], 'ResidentSetSize': [114612], 'SubmitTimes': [1742710065.0], 'StartTimes': [1742710237.0], 'EndTimes': [], 'TotalUserCpuTimeHistory': [0.0], 'TotalSysCpuTimeHistory': [0.0], 'WallDurations': [9.0, 188.46214818954468, 188.46214818954468], 'JobIds': ['113627013.0'], 'State': 'running', 'RecordedSite': True}, '14': {'Retries': 0, 'Restarts': 0, 'SiteHistory': ['Unknown', 'T1_UK_RAL', 'T1_UK_RAL'], 'ResidentSetSize': [105000], 'SubmitTimes': [1742710066.0], 'StartTimes': [1742710237.0], 'EndTimes': [], 'TotalUserCpuTimeHistory': [0.0], 'TotalSysCpuTimeHistory': [0.0], 'WallDurations': [10.0, 188.46214818954468, 188.46214818954468], 'JobIds': ['113627014.0'], 'State': 'running', 'RecordedSite': True}, '1': {'Retries': 0, 'Restarts': 0, 'SiteHistory': ['Unknown', 'T2_US_Vanderbilt', 'T2_US_Vanderbilt'], 'ResidentSetSize': [84904], 'SubmitTimes': [1742710066.0], 'StartTimes': [1742710307.0], 'EndTimes': [], 'TotalUserCpuTimeHistory': [0.0], 'TotalSysCpuTimeHistory': [0.0], 'WallDurations': [8.0, 118.46214818954468, 118.46214818954468], 'JobIds': ['113627015.0'], 'State': 'running', 'RecordedSite': True}, '17': {'Retries': 0, 'Restarts': 0, 'SiteHistory': ['Unknown', 'T1_US_FNAL', 'T1_US_FNAL'], 'ResidentSetSize': [6132], 'SubmitTimes': [1742710066.0], 'StartTimes': [1742710240.0], 'EndTimes': [], 'TotalUserCpuTimeHistory': [0.0], 'TotalSysCpuTimeHistory': [0.0], 'WallDurations': [10.0, 185.46214818954468, 185.46214818954468], 'JobIds': ['113627016.0'], 'State': 'running', 'RecordedSite': True}, '5': {'Retries': 0, 'Restarts': 0, 'SiteHistory': ['Unknown', 'T2_US_Vanderbilt', 'T2_US_Vanderbilt'], 'ResidentSetSize': [4048], 'SubmitTimes': [1742710066.0], 'StartTimes': [1742710307.0], 'EndTimes': [], 'TotalUserCpuTimeHistory': [0.0], 'TotalSysCpuTimeHistory': [0.0], 'WallDurations': [8.0, 118.46214818954468, 118.46214818954468], 'JobIds': ['113627017.0'], 'State': 'running', 'RecordedSite': True}, '15': {'Retries': 0, 'Restarts': 0, 'SiteHistory': ['Unknown', 'T1_UK_RAL', 'T1_UK_RAL'], 'ResidentSetSize': [94528], 'SubmitTimes': [1742710066.0], 'StartTimes': [1742710238.0], 'EndTimes': [], 'TotalUserCpuTimeHistory': [0.0], 'TotalSysCpuTimeHistory': [0.0], 'WallDurations': [9.0, 187.46214818954468, 187.46214818954468], 'JobIds': ['113627018.0'], 'State': 'running', 'RecordedSite': True}, '10': {'Retries': 0, 'Restarts': 0, 'SiteHistory': ['Unknown', 'T1_US_FNAL', 'T1_US_FNAL'], 'ResidentSetSize': [4844], 'SubmitTimes': [1742710066.0], 'StartTimes': [1742710243.0], 'EndTimes': [], 'TotalUserCpuTimeHistory': [0.0], 'TotalSysCpuTimeHistory': [0.0], 'WallDurations': [9.0, 182.46214818954468, 182.46214818954468], 'JobIds': ['113627019.0'], 'State': 'running', 'RecordedSite': True}, '21': {'Retries': 0, 'Restarts': 0, 'SiteHistory': ['Unknown', 'T1_UK_RAL', 'T1_UK_RAL'], 'ResidentSetSize': [4616], 'SubmitTimes': [1742710066.0], 'StartTimes': [1742710238.0], 'EndTimes': [], 'TotalUserCpuTimeHistory': [0.0], 'TotalSysCpuTimeHistory': [0.0], 'WallDurations': [9.0, 187.46214818954468, 187.46214818954468], 'JobIds': ['113627020.0'], 'State': 'running', 'RecordedSite': True}, '16': {'Retries': 0, 'Restarts': 0, 'SiteHistory': ['Unknown', 'T1_US_FNAL', 'T1_US_FNAL'], 'ResidentSetSize': [6448], 'SubmitTimes': [1742710066.0], 'StartTimes': [1742710239.0], 'EndTimes': [], 'TotalUserCpuTimeHistory': [0.0], 'TotalSysCpuTimeHistory': [0.0], 'WallDurations': [10.0, 186.46214818954468, 186.46214818954468], 'JobIds': ['113627021.0'], 'State': 'running', 'RecordedSite': True}, '20': {'Retries': 0, 'Restarts': 0, 'SiteHistory': ['Unknown', 'T1_DE_KIT', 'T1_DE_KIT'], 'ResidentSetSize': [3976], 'SubmitTimes': [1742710066.0], 'StartTimes': [1742710237.0], 'EndTimes': [], 'TotalUserCpuTimeHistory': [0.0], 'TotalSysCpuTimeHistory': [0.0], 'WallDurations': [10.0, 188.46214818954468, 188.46214818954468], 'JobIds': ['113627022.0'], 'State': 'running', 'RecordedSite': True}}
INFO 2025-03-23 06:17:02.367 UTC: 	 Status on the scheduler:	SUBMITTED
INFO 2025-03-23 06:17:02.368 UTC: 	 
Jobs status:                    running      		100.0% (21/21)
INFO 2025-03-23 06:17:02.368 UTC: 	 
No publication information available yet
INFO 2025-03-23 06:17:02.370 UTC: 	 Log file is /afs/cern.ch/user/a/amalhotr/CMSSW_14_0_18_patch1/src/Run3ScoutingAnalysisTools/crab_DYto2Mu4Jets_Unpacker_Large/crab.log
DEBUG 2025-03-23 06:21:18.835 UTC: 	 CRAB Client version: v3.250318
DEBUG 2025-03-23 06:21:18.836 UTC: 	 Running on: Linux lxplus940.cern.ch 5.14.0-503.22.1.el9_5.x86_64 #1 SMP PREEMPT_DYNAMIC Wed Jan 15 08:02:15 EST 2025 x86_64 x86_64 x86_64 GNU/Linux
DEBUG 2025-03-23 06:21:18.836 UTC: 	 Not using Singularity
DEBUG 2025-03-23 06:21:18.836 UTC: 	 Operating System: Red Hat Enterprise Linux 9.5 (Plow)
DEBUG 2025-03-23 06:21:18.836 UTC: 	 Executing command: 'status'
DEBUG 2025-03-23 06:21:18.836 UTC: 	 Found CRAB cache file /afs/cern.ch/user/a/amalhotr/.crab3
DEBUG 2025-03-23 06:21:18.855 UTC: 	 Checking credentials
DEBUG 2025-03-23 06:21:18.855 UTC: 	 Found proxy file /tmp/x509up_u180451
DEBUG 2025-03-23 06:21:18.855 UTC: 	 Making sure it has proper VOMS extension
DEBUG 2025-03-23 06:21:18.855 UTC: 	 Executing command :
 voms-proxy-info --vo --file /tmp/x509up_u180451
DEBUG 2025-03-23 06:21:19.177 UTC: 	 output : cms

 error: 
 retcode : 0
DEBUG 2025-03-23 06:21:19.177 UTC: 	 Getting proxy life time left
DEBUG 2025-03-23 06:21:19.177 UTC: 	 Executing command :
 voms-proxy-info --actimeleft --timeleft --file /tmp/x509up_u180451
DEBUG 2025-03-23 06:21:19.513 UTC: 	 output : 690161
690161

 error: 
 retcode : 0
DEBUG 2025-03-23 06:21:19.513 UTC: 	 Proxy valid for 191:42:41 hours
DEBUG 2025-03-23 06:21:19.513 UTC: 	 Encoded data for curl request: subresource=delegatedn
DEBUG 2025-03-23 06:21:19.570 UTC: 	 Registering user credentials on myproxy for /DC=ch/DC=cern/OU=computers/CN=crab-(preprod|prod)-tw(01|02).cern.ch|/DC=ch/DC=cern/OU=computers/CN=crab-dev-tw(01|02|03|04).cern.ch|/DC=ch/DC=cern/OU=Organic Units/OU=Users/CN=cmscrab/CN=(817881|373708)/CN=Robot: cms crab|/DC=ch/DC=cern/OU=Organic Units/OU=Users/CN=crabint1/CN=373708/CN=Robot: CMS CRAB Integration 1
DEBUG 2025-03-23 06:21:19.570 UTC: 	 Executing command :
 voms-proxy-info --identity --file /tmp/x509up_u180451
DEBUG 2025-03-23 06:21:19.890 UTC: 	 output : /DC=ch/DC=cern/OU=Organic Units/OU=Users/CN=amalhotr/CN=884837/CN=Aryan Malhotra

 error: 
 retcode : 0
DEBUG 2025-03-23 06:21:19.890 UTC: 	 Getting myproxy life time left for 2382a3cf28fdeacb1de9b039908761ea517a5ed6
DEBUG 2025-03-23 06:21:19.890 UTC: 	 Executing command :
 myproxy-info -s myproxy.cern.ch -l 2382a3cf28fdeacb1de9b039908761ea517a5ed6
DEBUG 2025-03-23 06:21:20.198 UTC: 	 output : username: 2382a3cf28fdeacb1de9b039908761ea517a5ed6
owner: /DC=ch/DC=cern/OU=Organic Units/OU=Users/CN=amalhotr/CN=884837/CN=Aryan Malhotra
  renewal policy: /DC=ch/DC=cern/OU=computers/CN=crab-(preprod|prod)-tw(01|02).cern.ch|/DC=ch/DC=cern/OU=computers/CN=crab-dev-tw(01|02|03|04).cern.ch|/DC=ch/DC=cern/OU=Organic Units/OU=Users/CN=cmscrab/CN=(817881|373708)/CN=Robot: cms crab|/DC=ch/DC=cern/OU=Organic Units/OU=Users/CN=crabint1/CN=373708/CN=Robot: CMS CRAB Integration 1
  trusted retrieval policy: /DC=ch/DC=cern/OU=computers/CN=crab-(preprod|prod)-tw(01|02).cern.ch|/DC=ch/DC=cern/OU=computers/CN=crab-dev-tw(01|02|03|04).cern.ch|/DC=ch/DC=cern/OU=Organic Units/OU=Users/CN=cmscrab/CN=(817881|373708)/CN=Robot: cms crab|/DC=ch/DC=cern/OU=Organic Units/OU=Users/CN=crabint1/CN=373708/CN=Robot: CMS CRAB Integration 1
  timeleft: 621:58:58  (25.9 days)

 error: 
 retcode : 0
DEBUG 2025-03-23 06:21:20.198 UTC: 	 Myproxy is valid: 2239080
DEBUG 2025-03-23 06:21:20.198 UTC: 	 Result of myproxy credential check:
  Credential exists on myproxy: username: 2382a3cf28fdeacb1de9b039908761ea517a5ed6  - validity: 25 days, 21:58:00
DEBUG 2025-03-23 06:21:20.198 UTC: 	 Retrieving username ...
DEBUG 2025-03-23 06:21:20.198 UTC: 	 Retrieving username from CRIC...
DEBUG 2025-03-23 06:21:20.865 UTC: 	 username is amalhotr
INFO 2025-03-23 06:21:21.305 UTC: 	 Rucio client intialized for account amalhotr
DEBUG 2025-03-23 06:21:21.305 UTC: 	 Command use: status
DEBUG 2025-03-23 06:21:21.305 UTC: 	 Options use: ['-d', './crab_DYto2Mu4Jets_Unpacker_Large']
DEBUG 2025-03-23 06:21:21.305 UTC: 	 Encoded data for curl request: subresource=version
DEBUG 2025-03-23 06:21:21.342 UTC: 	 CRABClient version: v3.250318
DEBUG 2025-03-23 06:21:21.342 UTC: 	 Instance is prod
DEBUG 2025-03-23 06:21:21.342 UTC: 	 Server base url is cmsweb.cern.ch
DEBUG 2025-03-23 06:21:21.342 UTC: 	 Command api workflow
DEBUG 2025-03-23 06:21:21.342 UTC: 	 Encoded data for curl request: subresource=search&workflow=250323_060454%3Aamalhotr_crab_DYto2Mu4Jets_Unpacker_Large
DEBUG 2025-03-23 06:21:21.381 UTC: 	 Got information from server oracle database: {'desc': {'columns': ['tm_taskname', 'tm_activity', 'tm_task_status', 'tm_task_command', 'tm_start_time', 'tm_start_injection', 'tm_end_injection', 'tm_task_failure', 'tm_job_sw', 'tm_job_arch', 'tm_input_dataset', 'tm_nonvalid_input_dataset', 'tm_use_parent', 'tm_site_whitelist', 'tm_site_blacklist', 'tm_split_algo', 'tm_split_args', 'tm_user_sandbox', 'tm_cache_url', 'tm_username', 'tm_user_dn', 'tm_user_vo', 'tm_user_role', 'tm_user_group', 'tm_publish_name', 'tm_publish_groupname', 'tm_asyncdest', 'tm_dbs_url', 'tm_publish_dbs_url', 'tm_publication', 'tm_outfiles', 'tm_tfile_outfiles', 'tm_edm_outfiles', 'tm_job_type', 'tm_generator', 'tm_events_per_lumi', 'tm_arguments', 'tm_save_logs', 'tw_name', 'tm_user_infiles', 'tm_maxjobruntime', 'tm_numcores', 'tm_maxmemory', 'tm_priority', 'tm_output_dataset', 'tm_task_warnings', 'tm_user_webdir', 'tm_scriptexe', 'tm_scriptargs', 'tm_extrajdl', 'tm_collector', 'tm_schedd', 'tm_dry_run', 'tm_user_files', 'tm_transfer_outputs', 'tm_output_lfn', 'tm_ignore_locality', 'tm_fail_limit', 'tm_one_event_mode', 'tm_secondary_input_dataset', 'tm_primary_dataset', 'tm_last_publication', 'tm_debug_files', 'clusterid', 'tm_ignore_global_blacklist', 'tm_submitter_ip_addr', 'tm_totalunits', 'tm_ddm_reqid', 'tm_user_config', 'tm_transfer_container', 'tm_transfer_rule', 'tm_publish_rule', 'tm_multipub_rule', 'tm_job_min_microarch']}, 'result': ['250323_060454:amalhotr_crab_DYto2Mu4Jets_Unpacker_Large', 'None', 'SUBMITTED', 'SUBMIT', '2025-03-23 06:04:55.506480', 'None', '2025-03-23 06:06:35.392815', 'None', 'CMSSW_14_0_18_patch1', 'el9_amd64_gcc12', '/DYto2Mu-4Jets_Bin-MLL-50_TuneCP5_13p6TeV_madgraphMLM-pythia8/RunIII2024Summer24MiniAOD-140X_mcRun3_2024_realistic_v26-v2/MINIAODSIM', 'F', '0', '[]', '[]', 'FileBased', "{'halt_job_on_file_boundaries': False, 'splitOnRun': False, 'files_per_job': 5, 'runs': [], 'lumis': []}", '3347ab5ebddcbcf20e5a549cff91c4ac4d53283ca301d10bc07120adeaa8b0f2.tar.gz', 'https://cmsweb.cern.ch/S3/crabcache_prod', 'amalhotr', '/DC=ch/DC=cern/OU=Organic Units/OU=Users/CN=amalhotr/CN=884837/CN=Aryan Malhotra', 'cms', 'None', 'None', 'DYto2Mu4Jets_Unpacker_Large-00000000000000000000000000000000', 'F', 'T3_CH_CERNBOX', 'https://cmsweb.cern.ch/dbs/prod/global/DBSReader', 'https://cmsweb.cern.ch/dbs/prod/phys03/DBSWriter', 'T', '[]', '[]', "['HLTUnpackerOutputLarge.root']", 'Analysis', 'pythia', 'None', '{}', 'T', 'crab-prod-tw01', '[]', '1250', '1', '2000', '10', "['/DYto2Mu-4Jets_Bin-MLL-50_TuneCP5_13p6TeV_madgraphMLM-pythia8/amalhotr-DYto2Mu4Jets_Unpacker_Large-49feb6938084587a06052f9676570a55/USER']", '[]', 'http://vocms0198.cern.ch/mon/amalhotr/250323_060454:amalhotr_crab_DYto2Mu4Jets_Unpacker_Large', 'None', '[]', '[]', 'cmsgwms-collector-global.cern.ch:9620,cmsgwms-collector-global.fnal.gov:9620', 'crab3@vocms0198.cern.ch', 'F', '[]', 'T', '/store/user/amalhotr/', 'F', 'None', 'F', 'None', 'DYto2Mu-4Jets_Bin-MLL-50_TuneCP5_13p6TeV_madgraphMLM-pythia8', 'None', '092c95d3b1ed17d5c8f35311372fbafe5aae77e928c0bec78cce9935847f1e25.tar.gz', '113626991', 'F', '188.184.73.32', '75.0', 'None', '{"partialdataset": false, "requireaccelerator": false, "acceleratorparams": null, "inputblocks": null}', 'None', 'None', 'None', 'None', 'any']}
INFO 2025-03-23 06:21:21.382 UTC: 	 CRAB project directory:		/afs/cern.ch/user/a/amalhotr/CMSSW_14_0_18_patch1/src/Run3ScoutingAnalysisTools/crab_DYto2Mu4Jets_Unpacker_Large
INFO 2025-03-23 06:21:21.382 UTC: 	 Task name:			250323_060454:amalhotr_crab_DYto2Mu4Jets_Unpacker_Large
INFO 2025-03-23 06:21:21.382 UTC: 	 Grid scheduler - Task Worker:	crab3@vocms0198.cern.ch - crab-prod-tw01
INFO 2025-03-23 06:21:21.382 UTC: 	 Status on the CRAB server:	SUBMITTED
INFO 2025-03-23 06:21:21.382 UTC: 	 Task URL to use for HELP:	https://cmsweb.cern.ch/crabserver/ui/task/250323_060454%3Aamalhotr_crab_DYto2Mu4Jets_Unpacker_Large
INFO 2025-03-23 06:21:21.388 UTC: 	 Dashboard monitoring URL:	https://monit-grafana.cern.ch/d/cmsTMDetail/cms-task-monitoring-task-view?orgId=11&var-user=amalhotr&var-task=250323_060454%3Aamalhotr_crab_DYto2Mu4Jets_Unpacker_Large&from=1742706295000&to=now
DEBUG 2025-03-23 06:21:21.388 UTC: 	 The CRAB server submitted your task to the Grid scheduler (cluster ID: 113626991)
DEBUG 2025-03-23 06:21:21.388 UTC: 	 Webdir is located at http://vocms0198.cern.ch/mon/amalhotr/250323_060454:amalhotr_crab_DYto2Mu4Jets_Unpacker_Large
DEBUG 2025-03-23 06:21:21.388 UTC: 	 Encoded data for curl request: subresource=webdirprx&workflow=250323_060454%3Aamalhotr_crab_DYto2Mu4Jets_Unpacker_Large
DEBUG 2025-03-23 06:21:21.444 UTC: 	 Proxied webdir is located at https://cmsweb.cern.ch:8443/scheddmon/0198/amalhotr/250323_060454:amalhotr_crab_DYto2Mu4Jets_Unpacker_Large
DEBUG 2025-03-23 06:21:21.445 UTC: 	 Retrieving 'status_cache' file from https://cmsweb.cern.ch:8443/scheddmon/0198/amalhotr/250323_060454:amalhotr_crab_DYto2Mu4Jets_Unpacker_Large/status_cache.pkl
DEBUG 2025-03-23 06:21:21.445 UTC: 	 Will execute:
curl -sS --capath /etc/grid-security/certificates --cert /tmp/x509up_u180451 --key /tmp/x509up_u180451 -o /tmp/crab_status-cache-whiyb5zk.pkl -w %"{http_code}" "https://cmsweb.cern.ch:8443/scheddmon/0198/amalhotr/250323_060454:amalhotr_crab_DYto2Mu4Jets_Unpacker_Large/status_cache.pkl"
DEBUG 2025-03-23 06:21:21.445 UTC: 	 Executing command :
 curl -sS --capath /etc/grid-security/certificates --cert /tmp/x509up_u180451 --key /tmp/x509up_u180451 -o /tmp/crab_status-cache-whiyb5zk.pkl -w %"{http_code}" "https://cmsweb.cern.ch:8443/scheddmon/0198/amalhotr/250323_060454:amalhotr_crab_DYto2Mu4Jets_Unpacker_Large/status_cache.pkl"
DEBUG 2025-03-23 06:21:21.478 UTC: 	 output : 200
 error: 
 retcode : 0
DEBUG 2025-03-23 06:21:21.478 UTC: 	 exitcode: 0
stdout: 200
stderr: 
error details: 
DEBUG 2025-03-23 06:21:21.479 UTC: 	 Got information from status cache file: {'6': {'Retries': 0, 'Restarts': 0, 'SiteHistory': ['Unknown', 'T2_US_Vanderbilt', 'T2_US_Vanderbilt'], 'ResidentSetSize': [1076184], 'SubmitTimes': [1742710065.0], 'StartTimes': [1742710306.0], 'EndTimes': [], 'TotalUserCpuTimeHistory': [9.0], 'TotalSysCpuTimeHistory': [6.0], 'WallDurations': [8.0, 119.46214818954468, 308.0], 'JobIds': ['113627002.0'], 'State': 'running', 'RecordedSite': True}, '11': {'Retries': 0, 'Restarts': 0, 'SiteHistory': ['Unknown', 'T1_US_FNAL', 'T1_US_FNAL'], 'ResidentSetSize': [1154844], 'SubmitTimes': [1742710065.0], 'StartTimes': [1742710240.0], 'EndTimes': [], 'TotalUserCpuTimeHistory': [85.0], 'TotalSysCpuTimeHistory': [63.0], 'WallDurations': [9.0, 185.46214818954468, 310.0], 'JobIds': ['113627003.0'], 'State': 'running', 'RecordedSite': True}, '13': {'Retries': 0, 'Restarts': 0, 'SiteHistory': ['Unknown', 'T1_US_FNAL', 'T1_US_FNAL'], 'ResidentSetSize': [1174320], 'SubmitTimes': [1742710065.0], 'StartTimes': [1742710239.0], 'EndTimes': [], 'TotalUserCpuTimeHistory': [81.0], 'TotalSysCpuTimeHistory': [59.0], 'WallDurations': [10.0, 186.46214818954468, 310.0], 'JobIds': ['113627004.0'], 'State': 'running', 'RecordedSite': True}, '9': {'Retries': 0, 'Restarts': 0, 'SiteHistory': ['Unknown', 'T2_US_Vanderbilt', 'T2_US_Vanderbilt'], 'ResidentSetSize': [778068], 'SubmitTimes': [1742710065.0], 'StartTimes': [1742710306.0], 'EndTimes': [], 'TotalUserCpuTimeHistory': [21.0], 'TotalSysCpuTimeHistory': [8.0], 'WallDurations': [9.0, 119.46214818954468, 310.0], 'JobIds': ['113627005.0'], 'State': 'running', 'RecordedSite': True}, '12': {'Retries': 0, 'Restarts': 0, 'SiteHistory': ['Unknown', 'T1_UK_RAL', 'T1_UK_RAL'], 'ResidentSetSize': [1112836], 'SubmitTimes': [1742710065.0], 'StartTimes': [1742710238.0], 'EndTimes': [], 'TotalUserCpuTimeHistory': [35.0], 'TotalSysCpuTimeHistory': [37.0], 'WallDurations': [8.0, 187.46214818954468, 308.0], 'JobIds': ['113627006.0'], 'State': 'running', 'RecordedSite': True}, '8': {'Retries': 0, 'Restarts': 0, 'SiteHistory': ['Unknown', 'T2_US_Vanderbilt', 'T2_US_Vanderbilt'], 'ResidentSetSize': [775956], 'SubmitTimes': [1742710065.0], 'StartTimes': [1742710307.0], 'EndTimes': [], 'TotalUserCpuTimeHistory': [20.0], 'TotalSysCpuTimeHistory': [7.0], 'WallDurations': [8.0, 118.46214818954468, 308.0], 'JobIds': ['113627007.0'], 'State': 'running', 'RecordedSite': True}, '4': {'Retries': 0, 'Restarts': 0, 'SiteHistory': ['Unknown', 'T2_US_Vanderbilt', 'T2_US_Vanderbilt'], 'ResidentSetSize': [781368], 'SubmitTimes': [1742710065.0], 'StartTimes': [1742710308.0], 'EndTimes': [], 'TotalUserCpuTimeHistory': [24.0], 'TotalSysCpuTimeHistory': [5.0], 'WallDurations': [8.0, 117.46214818954468, 308.0], 'JobIds': ['113627008.0'], 'State': 'running', 'RecordedSite': True}, '3': {'Retries': 0, 'Restarts': 0, 'SiteHistory': ['Unknown', 'T2_US_Vanderbilt', 'T2_US_Vanderbilt'], 'ResidentSetSize': [1112668], 'SubmitTimes': [1742710065.0], 'StartTimes': [1742710306.0], 'EndTimes': [], 'TotalUserCpuTimeHistory': [12.0], 'TotalSysCpuTimeHistory': [12.0], 'WallDurations': [9.0, 119.46214818954468, 310.0], 'JobIds': ['113627009.0'], 'State': 'running', 'RecordedSite': True}, '18': {'Retries': 0, 'Restarts': 0, 'SiteHistory': ['Unknown', 'T1_FR_CCIN2P3', 'T1_FR_CCIN2P3'], 'ResidentSetSize': [1164524], 'SubmitTimes': [1742710065.0], 'StartTimes': [1742710237.0], 'EndTimes': [], 'TotalUserCpuTimeHistory': [107.0], 'TotalSysCpuTimeHistory': [76.0], 'WallDurations': [9.0, 188.46214818954468, 310.0], 'JobIds': ['113627010.0'], 'State': 'running', 'RecordedSite': True}, '2': {'Retries': 0, 'Restarts': 0, 'SiteHistory': ['Unknown', 'T1_ES_PIC', 'T1_ES_PIC'], 'ResidentSetSize': [1131164], 'SubmitTimes': [1742710065.0], 'StartTimes': [1742710239.0], 'EndTimes': [], 'TotalUserCpuTimeHistory': [67.0], 'TotalSysCpuTimeHistory': [48.0], 'WallDurations': [9.0, 186.46214818954468, 310.0], 'JobIds': ['113627011.0'], 'State': 'running', 'RecordedSite': True}, '7': {'Retries': 0, 'Restarts': 0, 'SiteHistory': ['Unknown', 'T2_US_Vanderbilt', 'T2_US_Vanderbilt'], 'ResidentSetSize': [808120], 'SubmitTimes': [1742710065.0], 'StartTimes': [1742710306.0], 'EndTimes': [], 'TotalUserCpuTimeHistory': [20.0], 'TotalSysCpuTimeHistory': [7.0], 'WallDurations': [8.0, 119.46214818954468, 308.0], 'JobIds': ['113627012.0'], 'State': 'running', 'RecordedSite': True}, '19': {'Retries': 0, 'Restarts': 0, 'SiteHistory': ['Unknown', 'T1_FR_CCIN2P3', 'T1_FR_CCIN2P3'], 'ResidentSetSize': [1165824], 'SubmitTimes': [1742710065.0], 'StartTimes': [1742710237.0], 'EndTimes': [], 'TotalUserCpuTimeHistory': [98.0], 'TotalSysCpuTimeHistory': [72.0], 'WallDurations': [9.0, 188.46214818954468, 310.0], 'JobIds': ['113627013.0'], 'State': 'running', 'RecordedSite': True}, '14': {'Retries': 0, 'Restarts': 0, 'SiteHistory': ['Unknown', 'T1_UK_RAL', 'T1_UK_RAL'], 'ResidentSetSize': [1095376], 'SubmitTimes': [1742710066.0], 'StartTimes': [1742710237.0], 'EndTimes': [], 'TotalUserCpuTimeHistory': [39.0], 'TotalSysCpuTimeHistory': [41.0], 'WallDurations': [10.0, 188.46214818954468, 311.0], 'JobIds': ['113627014.0'], 'State': 'running', 'RecordedSite': True}, '1': {'Retries': 0, 'Restarts': 0, 'SiteHistory': ['Unknown', 'T2_US_Vanderbilt', 'T2_US_Vanderbilt'], 'ResidentSetSize': [1094580], 'SubmitTimes': [1742710066.0], 'StartTimes': [1742710307.0], 'EndTimes': [], 'TotalUserCpuTimeHistory': [17.0], 'TotalSysCpuTimeHistory': [6.0], 'WallDurations': [8.0, 118.46214818954468, 308.0], 'JobIds': ['113627015.0'], 'State': 'running', 'RecordedSite': True}, '17': {'Retries': 0, 'Restarts': 0, 'SiteHistory': ['Unknown', 'T1_US_FNAL', 'T1_US_FNAL'], 'ResidentSetSize': [1172472], 'SubmitTimes': [1742710066.0], 'StartTimes': [1742710240.0], 'EndTimes': [], 'TotalUserCpuTimeHistory': [103.0], 'TotalSysCpuTimeHistory': [69.0], 'WallDurations': [10.0, 185.46214818954468, 310.0], 'JobIds': ['113627016.0'], 'State': 'running', 'RecordedSite': True}, '5': {'Retries': 0, 'Restarts': 0, 'SiteHistory': ['Unknown', 'T2_US_Vanderbilt', 'T2_US_Vanderbilt'], 'ResidentSetSize': [765124], 'SubmitTimes': [1742710066.0], 'StartTimes': [1742710307.0], 'EndTimes': [], 'TotalUserCpuTimeHistory': [21.0], 'TotalSysCpuTimeHistory': [9.0], 'WallDurations': [8.0, 118.46214818954468, 309.0], 'JobIds': ['113627017.0'], 'State': 'running', 'RecordedSite': True}, '15': {'Retries': 0, 'Restarts': 0, 'SiteHistory': ['Unknown', 'T1_UK_RAL', 'T1_UK_RAL'], 'ResidentSetSize': [1098320], 'SubmitTimes': [1742710066.0], 'StartTimes': [1742710238.0], 'EndTimes': [], 'TotalUserCpuTimeHistory': [39.0], 'TotalSysCpuTimeHistory': [40.0], 'WallDurations': [9.0, 187.46214818954468, 311.0], 'JobIds': ['113627018.0'], 'State': 'running', 'RecordedSite': True}, '10': {'Retries': 0, 'Restarts': 0, 'SiteHistory': ['Unknown', 'T1_US_FNAL', 'T1_US_FNAL'], 'ResidentSetSize': [1147732], 'SubmitTimes': [1742710066.0], 'StartTimes': [1742710243.0], 'EndTimes': [], 'TotalUserCpuTimeHistory': [77.0], 'TotalSysCpuTimeHistory': [97.0], 'WallDurations': [9.0, 182.46214818954468, 310.0], 'JobIds': ['113627019.0'], 'State': 'running', 'RecordedSite': True}, '21': {'Retries': 0, 'Restarts': 0, 'SiteHistory': ['Unknown', 'T1_UK_RAL', 'T1_UK_RAL'], 'ResidentSetSize': [1056204], 'SubmitTimes': [1742710066.0], 'StartTimes': [1742710238.0], 'EndTimes': [], 'TotalUserCpuTimeHistory': [45.0], 'TotalSysCpuTimeHistory': [45.0], 'WallDurations': [9.0, 187.46214818954468, 310.0], 'JobIds': ['113627020.0'], 'State': 'running', 'RecordedSite': True}, '16': {'Retries': 0, 'Restarts': 0, 'SiteHistory': ['Unknown', 'T1_US_FNAL', 'T1_US_FNAL'], 'ResidentSetSize': [1148980], 'SubmitTimes': [1742710066.0], 'StartTimes': [1742710239.0], 'EndTimes': [], 'TotalUserCpuTimeHistory': [94.0], 'TotalSysCpuTimeHistory': [65.0], 'WallDurations': [10.0, 186.46214818954468, 310.0], 'JobIds': ['113627021.0'], 'State': 'running', 'RecordedSite': True}, '20': {'Retries': 0, 'Restarts': 0, 'SiteHistory': ['Unknown', 'T1_DE_KIT', 'T1_DE_KIT'], 'ResidentSetSize': [1182028], 'SubmitTimes': [1742710066.0], 'StartTimes': [1742710237.0], 'EndTimes': [], 'TotalUserCpuTimeHistory': [93.0], 'TotalSysCpuTimeHistory': [53.0], 'WallDurations': [10.0, 188.46214818954468, 310.0], 'JobIds': ['113627022.0'], 'State': 'running', 'RecordedSite': True}}
INFO 2025-03-23 06:21:21.479 UTC: 	 Status on the scheduler:	SUBMITTED
INFO 2025-03-23 06:21:21.479 UTC: 	 
Jobs status:                    running      		100.0% (21/21)
INFO 2025-03-23 06:21:21.479 UTC: 	 
Output dataset:			/DYto2Mu-4Jets_Bin-MLL-50_TuneCP5_13p6TeV_madgraphMLM-pythia8/amalhotr-DYto2Mu4Jets_Unpacker_Large-49feb6938084587a06052f9676570a55/USER
INFO 2025-03-23 06:21:21.479 UTC: 	 
No publication information available yet
INFO 2025-03-23 06:21:21.481 UTC: 	 Log file is /afs/cern.ch/user/a/amalhotr/CMSSW_14_0_18_patch1/src/Run3ScoutingAnalysisTools/crab_DYto2Mu4Jets_Unpacker_Large/crab.log
DEBUG 2025-03-23 06:23:19.462 UTC: 	 CRAB Client version: v3.250318
DEBUG 2025-03-23 06:23:19.462 UTC: 	 Running on: Linux lxplus940.cern.ch 5.14.0-503.22.1.el9_5.x86_64 #1 SMP PREEMPT_DYNAMIC Wed Jan 15 08:02:15 EST 2025 x86_64 x86_64 x86_64 GNU/Linux
DEBUG 2025-03-23 06:23:19.462 UTC: 	 Not using Singularity
DEBUG 2025-03-23 06:23:19.462 UTC: 	 Operating System: Red Hat Enterprise Linux 9.5 (Plow)
DEBUG 2025-03-23 06:23:19.462 UTC: 	 Executing command: 'status'
DEBUG 2025-03-23 06:23:19.462 UTC: 	 Found CRAB cache file /afs/cern.ch/user/a/amalhotr/.crab3
DEBUG 2025-03-23 06:23:19.467 UTC: 	 Checking credentials
DEBUG 2025-03-23 06:23:19.467 UTC: 	 Found proxy file /tmp/x509up_u180451
DEBUG 2025-03-23 06:23:19.467 UTC: 	 Making sure it has proper VOMS extension
DEBUG 2025-03-23 06:23:19.467 UTC: 	 Executing command :
 voms-proxy-info --vo --file /tmp/x509up_u180451
DEBUG 2025-03-23 06:23:19.800 UTC: 	 output : cms

 error: 
 retcode : 0
DEBUG 2025-03-23 06:23:19.800 UTC: 	 Getting proxy life time left
DEBUG 2025-03-23 06:23:19.800 UTC: 	 Executing command :
 voms-proxy-info --actimeleft --timeleft --file /tmp/x509up_u180451
DEBUG 2025-03-23 06:23:20.121 UTC: 	 output : 690040
690040

 error: 
 retcode : 0
DEBUG 2025-03-23 06:23:20.121 UTC: 	 Proxy valid for 191:40:40 hours
DEBUG 2025-03-23 06:23:20.121 UTC: 	 Encoded data for curl request: subresource=delegatedn
DEBUG 2025-03-23 06:23:20.173 UTC: 	 Registering user credentials on myproxy for /DC=ch/DC=cern/OU=computers/CN=crab-(preprod|prod)-tw(01|02).cern.ch|/DC=ch/DC=cern/OU=computers/CN=crab-dev-tw(01|02|03|04).cern.ch|/DC=ch/DC=cern/OU=Organic Units/OU=Users/CN=cmscrab/CN=(817881|373708)/CN=Robot: cms crab|/DC=ch/DC=cern/OU=Organic Units/OU=Users/CN=crabint1/CN=373708/CN=Robot: CMS CRAB Integration 1
DEBUG 2025-03-23 06:23:20.173 UTC: 	 Executing command :
 voms-proxy-info --identity --file /tmp/x509up_u180451
DEBUG 2025-03-23 06:23:20.531 UTC: 	 output : /DC=ch/DC=cern/OU=Organic Units/OU=Users/CN=amalhotr/CN=884837/CN=Aryan Malhotra

 error: 
 retcode : 0
DEBUG 2025-03-23 06:23:20.531 UTC: 	 Getting myproxy life time left for 2382a3cf28fdeacb1de9b039908761ea517a5ed6
DEBUG 2025-03-23 06:23:20.531 UTC: 	 Executing command :
 myproxy-info -s myproxy.cern.ch -l 2382a3cf28fdeacb1de9b039908761ea517a5ed6
DEBUG 2025-03-23 06:23:20.833 UTC: 	 output : username: 2382a3cf28fdeacb1de9b039908761ea517a5ed6
owner: /DC=ch/DC=cern/OU=Organic Units/OU=Users/CN=amalhotr/CN=884837/CN=Aryan Malhotra
  renewal policy: /DC=ch/DC=cern/OU=computers/CN=crab-(preprod|prod)-tw(01|02).cern.ch|/DC=ch/DC=cern/OU=computers/CN=crab-dev-tw(01|02|03|04).cern.ch|/DC=ch/DC=cern/OU=Organic Units/OU=Users/CN=cmscrab/CN=(817881|373708)/CN=Robot: cms crab|/DC=ch/DC=cern/OU=Organic Units/OU=Users/CN=crabint1/CN=373708/CN=Robot: CMS CRAB Integration 1
  trusted retrieval policy: /DC=ch/DC=cern/OU=computers/CN=crab-(preprod|prod)-tw(01|02).cern.ch|/DC=ch/DC=cern/OU=computers/CN=crab-dev-tw(01|02|03|04).cern.ch|/DC=ch/DC=cern/OU=Organic Units/OU=Users/CN=cmscrab/CN=(817881|373708)/CN=Robot: cms crab|/DC=ch/DC=cern/OU=Organic Units/OU=Users/CN=crabint1/CN=373708/CN=Robot: CMS CRAB Integration 1
  timeleft: 621:56:58  (25.9 days)

 error: 
 retcode : 0
DEBUG 2025-03-23 06:23:20.834 UTC: 	 Myproxy is valid: 2238960
DEBUG 2025-03-23 06:23:20.834 UTC: 	 Result of myproxy credential check:
  Credential exists on myproxy: username: 2382a3cf28fdeacb1de9b039908761ea517a5ed6  - validity: 25 days, 21:56:00
DEBUG 2025-03-23 06:23:20.834 UTC: 	 Retrieving username ...
DEBUG 2025-03-23 06:23:20.834 UTC: 	 Retrieving username from CRIC...
DEBUG 2025-03-23 06:23:21.481 UTC: 	 username is amalhotr
INFO 2025-03-23 06:23:21.932 UTC: 	 Rucio client intialized for account amalhotr
DEBUG 2025-03-23 06:23:21.932 UTC: 	 Command use: status
DEBUG 2025-03-23 06:23:21.932 UTC: 	 Options use: ['-d', './crab_DYto2Mu4Jets_Unpacker_Large']
DEBUG 2025-03-23 06:23:21.932 UTC: 	 Encoded data for curl request: subresource=version
DEBUG 2025-03-23 06:23:21.973 UTC: 	 CRABClient version: v3.250318
DEBUG 2025-03-23 06:23:21.973 UTC: 	 Instance is prod
DEBUG 2025-03-23 06:23:21.973 UTC: 	 Server base url is cmsweb.cern.ch
DEBUG 2025-03-23 06:23:21.973 UTC: 	 Command api workflow
DEBUG 2025-03-23 06:23:21.973 UTC: 	 Encoded data for curl request: subresource=search&workflow=250323_060454%3Aamalhotr_crab_DYto2Mu4Jets_Unpacker_Large
DEBUG 2025-03-23 06:23:22.028 UTC: 	 Got information from server oracle database: {'desc': {'columns': ['tm_taskname', 'tm_activity', 'tm_task_status', 'tm_task_command', 'tm_start_time', 'tm_start_injection', 'tm_end_injection', 'tm_task_failure', 'tm_job_sw', 'tm_job_arch', 'tm_input_dataset', 'tm_nonvalid_input_dataset', 'tm_use_parent', 'tm_site_whitelist', 'tm_site_blacklist', 'tm_split_algo', 'tm_split_args', 'tm_user_sandbox', 'tm_cache_url', 'tm_username', 'tm_user_dn', 'tm_user_vo', 'tm_user_role', 'tm_user_group', 'tm_publish_name', 'tm_publish_groupname', 'tm_asyncdest', 'tm_dbs_url', 'tm_publish_dbs_url', 'tm_publication', 'tm_outfiles', 'tm_tfile_outfiles', 'tm_edm_outfiles', 'tm_job_type', 'tm_generator', 'tm_events_per_lumi', 'tm_arguments', 'tm_save_logs', 'tw_name', 'tm_user_infiles', 'tm_maxjobruntime', 'tm_numcores', 'tm_maxmemory', 'tm_priority', 'tm_output_dataset', 'tm_task_warnings', 'tm_user_webdir', 'tm_scriptexe', 'tm_scriptargs', 'tm_extrajdl', 'tm_collector', 'tm_schedd', 'tm_dry_run', 'tm_user_files', 'tm_transfer_outputs', 'tm_output_lfn', 'tm_ignore_locality', 'tm_fail_limit', 'tm_one_event_mode', 'tm_secondary_input_dataset', 'tm_primary_dataset', 'tm_last_publication', 'tm_debug_files', 'clusterid', 'tm_ignore_global_blacklist', 'tm_submitter_ip_addr', 'tm_totalunits', 'tm_ddm_reqid', 'tm_user_config', 'tm_transfer_container', 'tm_transfer_rule', 'tm_publish_rule', 'tm_multipub_rule', 'tm_job_min_microarch']}, 'result': ['250323_060454:amalhotr_crab_DYto2Mu4Jets_Unpacker_Large', 'None', 'SUBMITTED', 'SUBMIT', '2025-03-23 06:04:55.506480', 'None', '2025-03-23 06:06:35.392815', 'None', 'CMSSW_14_0_18_patch1', 'el9_amd64_gcc12', '/DYto2Mu-4Jets_Bin-MLL-50_TuneCP5_13p6TeV_madgraphMLM-pythia8/RunIII2024Summer24MiniAOD-140X_mcRun3_2024_realistic_v26-v2/MINIAODSIM', 'F', '0', '[]', '[]', 'FileBased', "{'halt_job_on_file_boundaries': False, 'splitOnRun': False, 'files_per_job': 5, 'runs': [], 'lumis': []}", '3347ab5ebddcbcf20e5a549cff91c4ac4d53283ca301d10bc07120adeaa8b0f2.tar.gz', 'https://cmsweb.cern.ch/S3/crabcache_prod', 'amalhotr', '/DC=ch/DC=cern/OU=Organic Units/OU=Users/CN=amalhotr/CN=884837/CN=Aryan Malhotra', 'cms', 'None', 'None', 'DYto2Mu4Jets_Unpacker_Large-00000000000000000000000000000000', 'F', 'T3_CH_CERNBOX', 'https://cmsweb.cern.ch/dbs/prod/global/DBSReader', 'https://cmsweb.cern.ch/dbs/prod/phys03/DBSWriter', 'T', '[]', '[]', "['HLTUnpackerOutputLarge.root']", 'Analysis', 'pythia', 'None', '{}', 'T', 'crab-prod-tw01', '[]', '1250', '1', '2000', '10', "['/DYto2Mu-4Jets_Bin-MLL-50_TuneCP5_13p6TeV_madgraphMLM-pythia8/amalhotr-DYto2Mu4Jets_Unpacker_Large-49feb6938084587a06052f9676570a55/USER']", '[]', 'http://vocms0198.cern.ch/mon/amalhotr/250323_060454:amalhotr_crab_DYto2Mu4Jets_Unpacker_Large', 'None', '[]', '[]', 'cmsgwms-collector-global.cern.ch:9620,cmsgwms-collector-global.fnal.gov:9620', 'crab3@vocms0198.cern.ch', 'F', '[]', 'T', '/store/user/amalhotr/', 'F', 'None', 'F', 'None', 'DYto2Mu-4Jets_Bin-MLL-50_TuneCP5_13p6TeV_madgraphMLM-pythia8', 'None', '092c95d3b1ed17d5c8f35311372fbafe5aae77e928c0bec78cce9935847f1e25.tar.gz', '113626991', 'F', '188.184.73.32', '75.0', 'None', '{"partialdataset": false, "requireaccelerator": false, "acceleratorparams": null, "inputblocks": null}', 'None', 'None', 'None', 'None', 'any']}
INFO 2025-03-23 06:23:22.028 UTC: 	 CRAB project directory:		/afs/cern.ch/user/a/amalhotr/CMSSW_14_0_18_patch1/src/Run3ScoutingAnalysisTools/crab_DYto2Mu4Jets_Unpacker_Large
INFO 2025-03-23 06:23:22.028 UTC: 	 Task name:			250323_060454:amalhotr_crab_DYto2Mu4Jets_Unpacker_Large
INFO 2025-03-23 06:23:22.028 UTC: 	 Grid scheduler - Task Worker:	crab3@vocms0198.cern.ch - crab-prod-tw01
INFO 2025-03-23 06:23:22.028 UTC: 	 Status on the CRAB server:	SUBMITTED
INFO 2025-03-23 06:23:22.028 UTC: 	 Task URL to use for HELP:	https://cmsweb.cern.ch/crabserver/ui/task/250323_060454%3Aamalhotr_crab_DYto2Mu4Jets_Unpacker_Large
INFO 2025-03-23 06:23:22.034 UTC: 	 Dashboard monitoring URL:	https://monit-grafana.cern.ch/d/cmsTMDetail/cms-task-monitoring-task-view?orgId=11&var-user=amalhotr&var-task=250323_060454%3Aamalhotr_crab_DYto2Mu4Jets_Unpacker_Large&from=1742706295000&to=now
DEBUG 2025-03-23 06:23:22.034 UTC: 	 The CRAB server submitted your task to the Grid scheduler (cluster ID: 113626991)
DEBUG 2025-03-23 06:23:22.034 UTC: 	 Webdir is located at http://vocms0198.cern.ch/mon/amalhotr/250323_060454:amalhotr_crab_DYto2Mu4Jets_Unpacker_Large
DEBUG 2025-03-23 06:23:22.034 UTC: 	 Encoded data for curl request: subresource=webdirprx&workflow=250323_060454%3Aamalhotr_crab_DYto2Mu4Jets_Unpacker_Large
DEBUG 2025-03-23 06:23:22.081 UTC: 	 Proxied webdir is located at https://cmsweb.cern.ch:8443/scheddmon/0198/amalhotr/250323_060454:amalhotr_crab_DYto2Mu4Jets_Unpacker_Large
DEBUG 2025-03-23 06:23:22.088 UTC: 	 Retrieving 'status_cache' file from https://cmsweb.cern.ch:8443/scheddmon/0198/amalhotr/250323_060454:amalhotr_crab_DYto2Mu4Jets_Unpacker_Large/status_cache.pkl
DEBUG 2025-03-23 06:23:22.088 UTC: 	 Will execute:
curl -sS --capath /etc/grid-security/certificates --cert /tmp/x509up_u180451 --key /tmp/x509up_u180451 -o /tmp/crab_status-cache-48llbtro.pkl -w %"{http_code}" "https://cmsweb.cern.ch:8443/scheddmon/0198/amalhotr/250323_060454:amalhotr_crab_DYto2Mu4Jets_Unpacker_Large/status_cache.pkl"
DEBUG 2025-03-23 06:23:22.088 UTC: 	 Executing command :
 curl -sS --capath /etc/grid-security/certificates --cert /tmp/x509up_u180451 --key /tmp/x509up_u180451 -o /tmp/crab_status-cache-48llbtro.pkl -w %"{http_code}" "https://cmsweb.cern.ch:8443/scheddmon/0198/amalhotr/250323_060454:amalhotr_crab_DYto2Mu4Jets_Unpacker_Large/status_cache.pkl"
DEBUG 2025-03-23 06:23:22.119 UTC: 	 output : 200
 error: 
 retcode : 0
DEBUG 2025-03-23 06:23:22.119 UTC: 	 exitcode: 0
stdout: 200
stderr: 
error details: 
DEBUG 2025-03-23 06:23:22.120 UTC: 	 Got information from status cache file: {'6': {'Retries': 0, 'Restarts': 0, 'SiteHistory': ['Unknown', 'T2_US_Vanderbilt', 'T2_US_Vanderbilt'], 'ResidentSetSize': [1076184], 'SubmitTimes': [1742710065.0], 'StartTimes': [1742710306.0], 'EndTimes': [], 'TotalUserCpuTimeHistory': [9.0], 'TotalSysCpuTimeHistory': [6.0], 'WallDurations': [8.0, 119.46214818954468, 308.0], 'JobIds': ['113627002.0'], 'State': 'running', 'RecordedSite': True}, '11': {'Retries': 0, 'Restarts': 0, 'SiteHistory': ['Unknown', 'T1_US_FNAL', 'T1_US_FNAL'], 'ResidentSetSize': [1154844], 'SubmitTimes': [1742710065.0], 'StartTimes': [1742710240.0], 'EndTimes': [], 'TotalUserCpuTimeHistory': [85.0], 'TotalSysCpuTimeHistory': [63.0], 'WallDurations': [9.0, 185.46214818954468, 310.0], 'JobIds': ['113627003.0'], 'State': 'running', 'RecordedSite': True}, '13': {'Retries': 0, 'Restarts': 0, 'SiteHistory': ['Unknown', 'T1_US_FNAL', 'T1_US_FNAL'], 'ResidentSetSize': [1174320], 'SubmitTimes': [1742710065.0], 'StartTimes': [1742710239.0], 'EndTimes': [], 'TotalUserCpuTimeHistory': [81.0], 'TotalSysCpuTimeHistory': [59.0], 'WallDurations': [10.0, 186.46214818954468, 310.0], 'JobIds': ['113627004.0'], 'State': 'running', 'RecordedSite': True}, '9': {'Retries': 0, 'Restarts': 0, 'SiteHistory': ['Unknown', 'T2_US_Vanderbilt', 'T2_US_Vanderbilt'], 'ResidentSetSize': [778068], 'SubmitTimes': [1742710065.0], 'StartTimes': [1742710306.0], 'EndTimes': [], 'TotalUserCpuTimeHistory': [21.0], 'TotalSysCpuTimeHistory': [8.0], 'WallDurations': [9.0, 119.46214818954468, 310.0], 'JobIds': ['113627005.0'], 'State': 'running', 'RecordedSite': True}, '12': {'Retries': 0, 'Restarts': 0, 'SiteHistory': ['Unknown', 'T1_UK_RAL', 'T1_UK_RAL'], 'ResidentSetSize': [1112836], 'SubmitTimes': [1742710065.0], 'StartTimes': [1742710238.0], 'EndTimes': [], 'TotalUserCpuTimeHistory': [35.0], 'TotalSysCpuTimeHistory': [37.0], 'WallDurations': [8.0, 187.46214818954468, 308.0], 'JobIds': ['113627006.0'], 'State': 'running', 'RecordedSite': True}, '8': {'Retries': 0, 'Restarts': 0, 'SiteHistory': ['Unknown', 'T2_US_Vanderbilt', 'T2_US_Vanderbilt'], 'ResidentSetSize': [775956], 'SubmitTimes': [1742710065.0], 'StartTimes': [1742710307.0], 'EndTimes': [], 'TotalUserCpuTimeHistory': [20.0], 'TotalSysCpuTimeHistory': [7.0], 'WallDurations': [8.0, 118.46214818954468, 308.0], 'JobIds': ['113627007.0'], 'State': 'running', 'RecordedSite': True}, '4': {'Retries': 0, 'Restarts': 0, 'SiteHistory': ['Unknown', 'T2_US_Vanderbilt', 'T2_US_Vanderbilt'], 'ResidentSetSize': [781368], 'SubmitTimes': [1742710065.0], 'StartTimes': [1742710308.0], 'EndTimes': [], 'TotalUserCpuTimeHistory': [24.0], 'TotalSysCpuTimeHistory': [5.0], 'WallDurations': [8.0, 117.46214818954468, 308.0], 'JobIds': ['113627008.0'], 'State': 'running', 'RecordedSite': True}, '3': {'Retries': 0, 'Restarts': 0, 'SiteHistory': ['Unknown', 'T2_US_Vanderbilt', 'T2_US_Vanderbilt'], 'ResidentSetSize': [1112668], 'SubmitTimes': [1742710065.0], 'StartTimes': [1742710306.0], 'EndTimes': [], 'TotalUserCpuTimeHistory': [12.0], 'TotalSysCpuTimeHistory': [12.0], 'WallDurations': [9.0, 119.46214818954468, 310.0], 'JobIds': ['113627009.0'], 'State': 'running', 'RecordedSite': True}, '18': {'Retries': 0, 'Restarts': 0, 'SiteHistory': ['Unknown', 'T1_FR_CCIN2P3', 'T1_FR_CCIN2P3'], 'ResidentSetSize': [1164524], 'SubmitTimes': [1742710065.0], 'StartTimes': [1742710237.0], 'EndTimes': [], 'TotalUserCpuTimeHistory': [107.0], 'TotalSysCpuTimeHistory': [76.0], 'WallDurations': [9.0, 188.46214818954468, 310.0], 'JobIds': ['113627010.0'], 'State': 'running', 'RecordedSite': True}, '2': {'Retries': 0, 'Restarts': 0, 'SiteHistory': ['Unknown', 'T1_ES_PIC', 'T1_ES_PIC'], 'ResidentSetSize': [1131164], 'SubmitTimes': [1742710065.0], 'StartTimes': [1742710239.0], 'EndTimes': [], 'TotalUserCpuTimeHistory': [67.0], 'TotalSysCpuTimeHistory': [48.0], 'WallDurations': [9.0, 186.46214818954468, 310.0], 'JobIds': ['113627011.0'], 'State': 'running', 'RecordedSite': True}, '7': {'Retries': 0, 'Restarts': 0, 'SiteHistory': ['Unknown', 'T2_US_Vanderbilt', 'T2_US_Vanderbilt'], 'ResidentSetSize': [808120], 'SubmitTimes': [1742710065.0], 'StartTimes': [1742710306.0], 'EndTimes': [], 'TotalUserCpuTimeHistory': [20.0], 'TotalSysCpuTimeHistory': [7.0], 'WallDurations': [8.0, 119.46214818954468, 308.0], 'JobIds': ['113627012.0'], 'State': 'running', 'RecordedSite': True}, '19': {'Retries': 0, 'Restarts': 0, 'SiteHistory': ['Unknown', 'T1_FR_CCIN2P3', 'T1_FR_CCIN2P3'], 'ResidentSetSize': [1165824], 'SubmitTimes': [1742710065.0], 'StartTimes': [1742710237.0], 'EndTimes': [], 'TotalUserCpuTimeHistory': [98.0], 'TotalSysCpuTimeHistory': [72.0], 'WallDurations': [9.0, 188.46214818954468, 310.0], 'JobIds': ['113627013.0'], 'State': 'running', 'RecordedSite': True}, '14': {'Retries': 0, 'Restarts': 0, 'SiteHistory': ['Unknown', 'T1_UK_RAL', 'T1_UK_RAL'], 'ResidentSetSize': [1095376], 'SubmitTimes': [1742710066.0], 'StartTimes': [1742710237.0], 'EndTimes': [], 'TotalUserCpuTimeHistory': [39.0], 'TotalSysCpuTimeHistory': [41.0], 'WallDurations': [10.0, 188.46214818954468, 311.0], 'JobIds': ['113627014.0'], 'State': 'running', 'RecordedSite': True}, '1': {'Retries': 0, 'Restarts': 0, 'SiteHistory': ['Unknown', 'T2_US_Vanderbilt', 'T2_US_Vanderbilt'], 'ResidentSetSize': [1094580], 'SubmitTimes': [1742710066.0], 'StartTimes': [1742710307.0], 'EndTimes': [], 'TotalUserCpuTimeHistory': [17.0], 'TotalSysCpuTimeHistory': [6.0], 'WallDurations': [8.0, 118.46214818954468, 308.0], 'JobIds': ['113627015.0'], 'State': 'running', 'RecordedSite': True}, '17': {'Retries': 0, 'Restarts': 0, 'SiteHistory': ['Unknown', 'T1_US_FNAL', 'T1_US_FNAL'], 'ResidentSetSize': [1172472], 'SubmitTimes': [1742710066.0], 'StartTimes': [1742710240.0], 'EndTimes': [], 'TotalUserCpuTimeHistory': [103.0], 'TotalSysCpuTimeHistory': [69.0], 'WallDurations': [10.0, 185.46214818954468, 310.0], 'JobIds': ['113627016.0'], 'State': 'running', 'RecordedSite': True}, '5': {'Retries': 0, 'Restarts': 0, 'SiteHistory': ['Unknown', 'T2_US_Vanderbilt', 'T2_US_Vanderbilt'], 'ResidentSetSize': [765124], 'SubmitTimes': [1742710066.0], 'StartTimes': [1742710307.0], 'EndTimes': [], 'TotalUserCpuTimeHistory': [21.0], 'TotalSysCpuTimeHistory': [9.0], 'WallDurations': [8.0, 118.46214818954468, 309.0], 'JobIds': ['113627017.0'], 'State': 'running', 'RecordedSite': True}, '15': {'Retries': 0, 'Restarts': 0, 'SiteHistory': ['Unknown', 'T1_UK_RAL', 'T1_UK_RAL'], 'ResidentSetSize': [1098320], 'SubmitTimes': [1742710066.0], 'StartTimes': [1742710238.0], 'EndTimes': [], 'TotalUserCpuTimeHistory': [39.0], 'TotalSysCpuTimeHistory': [40.0], 'WallDurations': [9.0, 187.46214818954468, 311.0], 'JobIds': ['113627018.0'], 'State': 'running', 'RecordedSite': True}, '10': {'Retries': 0, 'Restarts': 0, 'SiteHistory': ['Unknown', 'T1_US_FNAL', 'T1_US_FNAL'], 'ResidentSetSize': [1147732], 'SubmitTimes': [1742710066.0], 'StartTimes': [1742710243.0], 'EndTimes': [], 'TotalUserCpuTimeHistory': [77.0], 'TotalSysCpuTimeHistory': [97.0], 'WallDurations': [9.0, 182.46214818954468, 310.0], 'JobIds': ['113627019.0'], 'State': 'running', 'RecordedSite': True}, '21': {'Retries': 0, 'Restarts': 0, 'SiteHistory': ['Unknown', 'T1_UK_RAL', 'T1_UK_RAL'], 'ResidentSetSize': [1056204], 'SubmitTimes': [1742710066.0], 'StartTimes': [1742710238.0], 'EndTimes': [], 'TotalUserCpuTimeHistory': [45.0], 'TotalSysCpuTimeHistory': [45.0], 'WallDurations': [9.0, 187.46214818954468, 310.0], 'JobIds': ['113627020.0'], 'State': 'running', 'RecordedSite': True}, '16': {'Retries': 0, 'Restarts': 0, 'SiteHistory': ['Unknown', 'T1_US_FNAL', 'T1_US_FNAL'], 'ResidentSetSize': [1148980], 'SubmitTimes': [1742710066.0], 'StartTimes': [1742710239.0], 'EndTimes': [], 'TotalUserCpuTimeHistory': [94.0], 'TotalSysCpuTimeHistory': [65.0], 'WallDurations': [10.0, 186.46214818954468, 310.0], 'JobIds': ['113627021.0'], 'State': 'running', 'RecordedSite': True}, '20': {'Retries': 0, 'Restarts': 0, 'SiteHistory': ['Unknown', 'T1_DE_KIT', 'T1_DE_KIT'], 'ResidentSetSize': [1182028], 'SubmitTimes': [1742710066.0], 'StartTimes': [1742710237.0], 'EndTimes': [], 'TotalUserCpuTimeHistory': [93.0], 'TotalSysCpuTimeHistory': [53.0], 'WallDurations': [10.0, 188.46214818954468, 310.0], 'JobIds': ['113627022.0'], 'State': 'running', 'RecordedSite': True}}
INFO 2025-03-23 06:23:22.120 UTC: 	 Status on the scheduler:	SUBMITTED
INFO 2025-03-23 06:23:22.120 UTC: 	 
Jobs status:                    running      		100.0% (21/21)
INFO 2025-03-23 06:23:22.120 UTC: 	 
Output dataset:			/DYto2Mu-4Jets_Bin-MLL-50_TuneCP5_13p6TeV_madgraphMLM-pythia8/amalhotr-DYto2Mu4Jets_Unpacker_Large-49feb6938084587a06052f9676570a55/USER
INFO 2025-03-23 06:23:22.120 UTC: 	 
No publication information available yet
INFO 2025-03-23 06:23:22.122 UTC: 	 Log file is /afs/cern.ch/user/a/amalhotr/CMSSW_14_0_18_patch1/src/Run3ScoutingAnalysisTools/crab_DYto2Mu4Jets_Unpacker_Large/crab.log
DEBUG 2025-03-23 16:08:37.963 UTC: 	 CRAB Client version: v3.250318
DEBUG 2025-03-23 16:08:37.964 UTC: 	 Running on: Linux lxplus940.cern.ch 5.14.0-503.22.1.el9_5.x86_64 #1 SMP PREEMPT_DYNAMIC Wed Jan 15 08:02:15 EST 2025 x86_64 x86_64 x86_64 GNU/Linux
DEBUG 2025-03-23 16:08:37.964 UTC: 	 Not using Singularity
DEBUG 2025-03-23 16:08:37.964 UTC: 	 Operating System: Red Hat Enterprise Linux 9.5 (Plow)
DEBUG 2025-03-23 16:08:37.964 UTC: 	 Executing command: 'status'
DEBUG 2025-03-23 16:08:37.964 UTC: 	 Found CRAB cache file /afs/cern.ch/user/a/amalhotr/.crab3
DEBUG 2025-03-23 16:08:38.000 UTC: 	 Checking credentials
DEBUG 2025-03-23 16:08:38.000 UTC: 	 Found proxy file /tmp/x509up_u180451
DEBUG 2025-03-23 16:08:38.000 UTC: 	 Making sure it has proper VOMS extension
DEBUG 2025-03-23 16:08:38.000 UTC: 	 Executing command :
 voms-proxy-info --vo --file /tmp/x509up_u180451
DEBUG 2025-03-23 16:08:38.497 UTC: 	 output : cms

 error: 
 retcode : 0
DEBUG 2025-03-23 16:08:38.497 UTC: 	 Getting proxy life time left
DEBUG 2025-03-23 16:08:38.497 UTC: 	 Executing command :
 voms-proxy-info --actimeleft --timeleft --file /tmp/x509up_u180451
DEBUG 2025-03-23 16:08:38.857 UTC: 	 output : 656269
656269

 error: 
 retcode : 0
DEBUG 2025-03-23 16:08:38.858 UTC: 	 Proxy valid for 182:17:49 hours
DEBUG 2025-03-23 16:08:38.858 UTC: 	 Encoded data for curl request: subresource=delegatedn
DEBUG 2025-03-23 16:08:38.910 UTC: 	 Registering user credentials on myproxy for /DC=ch/DC=cern/OU=computers/CN=crab-(preprod|prod)-tw(01|02).cern.ch|/DC=ch/DC=cern/OU=computers/CN=crab-dev-tw(01|02|03|04).cern.ch|/DC=ch/DC=cern/OU=Organic Units/OU=Users/CN=cmscrab/CN=(817881|373708)/CN=Robot: cms crab|/DC=ch/DC=cern/OU=Organic Units/OU=Users/CN=crabint1/CN=373708/CN=Robot: CMS CRAB Integration 1
DEBUG 2025-03-23 16:08:38.910 UTC: 	 Executing command :
 voms-proxy-info --identity --file /tmp/x509up_u180451
DEBUG 2025-03-23 16:08:39.309 UTC: 	 output : /DC=ch/DC=cern/OU=Organic Units/OU=Users/CN=amalhotr/CN=884837/CN=Aryan Malhotra

 error: 
 retcode : 0
DEBUG 2025-03-23 16:08:39.309 UTC: 	 Getting myproxy life time left for 2382a3cf28fdeacb1de9b039908761ea517a5ed6
DEBUG 2025-03-23 16:08:39.309 UTC: 	 Executing command :
 myproxy-info -s myproxy.cern.ch -l 2382a3cf28fdeacb1de9b039908761ea517a5ed6
DEBUG 2025-03-23 16:08:39.694 UTC: 	 output : username: 2382a3cf28fdeacb1de9b039908761ea517a5ed6
owner: /DC=ch/DC=cern/OU=Organic Units/OU=Users/CN=amalhotr/CN=884837/CN=Aryan Malhotra
  renewal policy: /DC=ch/DC=cern/OU=computers/CN=crab-(preprod|prod)-tw(01|02).cern.ch|/DC=ch/DC=cern/OU=computers/CN=crab-dev-tw(01|02|03|04).cern.ch|/DC=ch/DC=cern/OU=Organic Units/OU=Users/CN=cmscrab/CN=(817881|373708)/CN=Robot: cms crab|/DC=ch/DC=cern/OU=Organic Units/OU=Users/CN=crabint1/CN=373708/CN=Robot: CMS CRAB Integration 1
  trusted retrieval policy: /DC=ch/DC=cern/OU=computers/CN=crab-(preprod|prod)-tw(01|02).cern.ch|/DC=ch/DC=cern/OU=computers/CN=crab-dev-tw(01|02|03|04).cern.ch|/DC=ch/DC=cern/OU=Organic Units/OU=Users/CN=cmscrab/CN=(817881|373708)/CN=Robot: cms crab|/DC=ch/DC=cern/OU=Organic Units/OU=Users/CN=crabint1/CN=373708/CN=Robot: CMS CRAB Integration 1
  timeleft: 612:11:39  (25.5 days)

 error: 
 retcode : 0
DEBUG 2025-03-23 16:08:39.695 UTC: 	 Myproxy is valid: 2203860
DEBUG 2025-03-23 16:08:39.695 UTC: 	 Result of myproxy credential check:
  Credential exists on myproxy: username: 2382a3cf28fdeacb1de9b039908761ea517a5ed6  - validity: 25 days, 12:11:00
DEBUG 2025-03-23 16:08:39.695 UTC: 	 Retrieving username ...
DEBUG 2025-03-23 16:08:39.695 UTC: 	 Retrieving username from CRIC...
DEBUG 2025-03-23 16:08:40.922 UTC: 	 username is amalhotr
INFO 2025-03-23 16:08:41.603 UTC: 	 Rucio client intialized for account amalhotr
DEBUG 2025-03-23 16:08:41.604 UTC: 	 Command use: status
DEBUG 2025-03-23 16:08:41.604 UTC: 	 Options use: ['-d', './crab_DYto2Mu4Jets_Unpacker_Large']
DEBUG 2025-03-23 16:08:41.604 UTC: 	 Encoded data for curl request: subresource=version
DEBUG 2025-03-23 16:08:41.639 UTC: 	 CRABClient version: v3.250318
DEBUG 2025-03-23 16:08:41.639 UTC: 	 Instance is prod
DEBUG 2025-03-23 16:08:41.639 UTC: 	 Server base url is cmsweb.cern.ch
DEBUG 2025-03-23 16:08:41.639 UTC: 	 Command api workflow
DEBUG 2025-03-23 16:08:41.639 UTC: 	 Encoded data for curl request: subresource=search&workflow=250323_060454%3Aamalhotr_crab_DYto2Mu4Jets_Unpacker_Large
DEBUG 2025-03-23 16:08:41.693 UTC: 	 Got information from server oracle database: {'desc': {'columns': ['tm_taskname', 'tm_activity', 'tm_task_status', 'tm_task_command', 'tm_start_time', 'tm_start_injection', 'tm_end_injection', 'tm_task_failure', 'tm_job_sw', 'tm_job_arch', 'tm_input_dataset', 'tm_nonvalid_input_dataset', 'tm_use_parent', 'tm_site_whitelist', 'tm_site_blacklist', 'tm_split_algo', 'tm_split_args', 'tm_user_sandbox', 'tm_cache_url', 'tm_username', 'tm_user_dn', 'tm_user_vo', 'tm_user_role', 'tm_user_group', 'tm_publish_name', 'tm_publish_groupname', 'tm_asyncdest', 'tm_dbs_url', 'tm_publish_dbs_url', 'tm_publication', 'tm_outfiles', 'tm_tfile_outfiles', 'tm_edm_outfiles', 'tm_job_type', 'tm_generator', 'tm_events_per_lumi', 'tm_arguments', 'tm_save_logs', 'tw_name', 'tm_user_infiles', 'tm_maxjobruntime', 'tm_numcores', 'tm_maxmemory', 'tm_priority', 'tm_output_dataset', 'tm_task_warnings', 'tm_user_webdir', 'tm_scriptexe', 'tm_scriptargs', 'tm_extrajdl', 'tm_collector', 'tm_schedd', 'tm_dry_run', 'tm_user_files', 'tm_transfer_outputs', 'tm_output_lfn', 'tm_ignore_locality', 'tm_fail_limit', 'tm_one_event_mode', 'tm_secondary_input_dataset', 'tm_primary_dataset', 'tm_last_publication', 'tm_debug_files', 'clusterid', 'tm_ignore_global_blacklist', 'tm_submitter_ip_addr', 'tm_totalunits', 'tm_ddm_reqid', 'tm_user_config', 'tm_transfer_container', 'tm_transfer_rule', 'tm_publish_rule', 'tm_multipub_rule', 'tm_job_min_microarch']}, 'result': ['250323_060454:amalhotr_crab_DYto2Mu4Jets_Unpacker_Large', 'None', 'SUBMITTED', 'SUBMIT', '2025-03-23 06:04:55.506480', 'None', '2025-03-23 06:06:35.392815', 'None', 'CMSSW_14_0_18_patch1', 'el9_amd64_gcc12', '/DYto2Mu-4Jets_Bin-MLL-50_TuneCP5_13p6TeV_madgraphMLM-pythia8/RunIII2024Summer24MiniAOD-140X_mcRun3_2024_realistic_v26-v2/MINIAODSIM', 'F', '0', '[]', '[]', 'FileBased', "{'halt_job_on_file_boundaries': False, 'splitOnRun': False, 'files_per_job': 5, 'runs': [], 'lumis': []}", '3347ab5ebddcbcf20e5a549cff91c4ac4d53283ca301d10bc07120adeaa8b0f2.tar.gz', 'https://cmsweb.cern.ch/S3/crabcache_prod', 'amalhotr', '/DC=ch/DC=cern/OU=Organic Units/OU=Users/CN=amalhotr/CN=884837/CN=Aryan Malhotra', 'cms', 'None', 'None', 'DYto2Mu4Jets_Unpacker_Large-00000000000000000000000000000000', 'F', 'T3_CH_CERNBOX', 'https://cmsweb.cern.ch/dbs/prod/global/DBSReader', 'https://cmsweb.cern.ch/dbs/prod/phys03/DBSWriter', 'T', '[]', '[]', "['HLTUnpackerOutputLarge.root']", 'Analysis', 'pythia', 'None', '{}', 'T', 'crab-prod-tw01', '[]', '1250', '1', '2000', '10', "['/DYto2Mu-4Jets_Bin-MLL-50_TuneCP5_13p6TeV_madgraphMLM-pythia8/amalhotr-DYto2Mu4Jets_Unpacker_Large-49feb6938084587a06052f9676570a55/USER']", '[]', 'http://vocms0198.cern.ch/mon/amalhotr/250323_060454:amalhotr_crab_DYto2Mu4Jets_Unpacker_Large', 'None', '[]', '[]', 'cmsgwms-collector-global.cern.ch:9620,cmsgwms-collector-global.fnal.gov:9620', 'crab3@vocms0198.cern.ch', 'F', '[]', 'T', '/store/user/amalhotr/', 'F', 'None', 'F', 'None', 'DYto2Mu-4Jets_Bin-MLL-50_TuneCP5_13p6TeV_madgraphMLM-pythia8', 'None', '092c95d3b1ed17d5c8f35311372fbafe5aae77e928c0bec78cce9935847f1e25.tar.gz', '113626991', 'F', '188.184.73.32', '75.0', 'None', '{"partialdataset": false, "requireaccelerator": false, "acceleratorparams": null, "inputblocks": null}', 'None', 'None', 'None', 'None', 'any']}
INFO 2025-03-23 16:08:41.694 UTC: 	 CRAB project directory:		/afs/cern.ch/user/a/amalhotr/CMSSW_14_0_18_patch1/src/Run3ScoutingAnalysisTools/crab_DYto2Mu4Jets_Unpacker_Large
INFO 2025-03-23 16:08:41.694 UTC: 	 Task name:			250323_060454:amalhotr_crab_DYto2Mu4Jets_Unpacker_Large
INFO 2025-03-23 16:08:41.694 UTC: 	 Grid scheduler - Task Worker:	crab3@vocms0198.cern.ch - crab-prod-tw01
INFO 2025-03-23 16:08:41.694 UTC: 	 Status on the CRAB server:	SUBMITTED
INFO 2025-03-23 16:08:41.694 UTC: 	 Task URL to use for HELP:	https://cmsweb.cern.ch/crabserver/ui/task/250323_060454%3Aamalhotr_crab_DYto2Mu4Jets_Unpacker_Large
INFO 2025-03-23 16:08:41.701 UTC: 	 Dashboard monitoring URL:	https://monit-grafana.cern.ch/d/cmsTMDetail/cms-task-monitoring-task-view?orgId=11&var-user=amalhotr&var-task=250323_060454%3Aamalhotr_crab_DYto2Mu4Jets_Unpacker_Large&from=1742706295000&to=now
DEBUG 2025-03-23 16:08:41.701 UTC: 	 The CRAB server submitted your task to the Grid scheduler (cluster ID: 113626991)
DEBUG 2025-03-23 16:08:41.701 UTC: 	 Webdir is located at http://vocms0198.cern.ch/mon/amalhotr/250323_060454:amalhotr_crab_DYto2Mu4Jets_Unpacker_Large
DEBUG 2025-03-23 16:08:41.701 UTC: 	 Encoded data for curl request: subresource=webdirprx&workflow=250323_060454%3Aamalhotr_crab_DYto2Mu4Jets_Unpacker_Large
DEBUG 2025-03-23 16:08:41.738 UTC: 	 Proxied webdir is located at https://cmsweb.cern.ch:8443/scheddmon/0198/amalhotr/250323_060454:amalhotr_crab_DYto2Mu4Jets_Unpacker_Large
DEBUG 2025-03-23 16:08:41.738 UTC: 	 Retrieving 'status_cache' file from https://cmsweb.cern.ch:8443/scheddmon/0198/amalhotr/250323_060454:amalhotr_crab_DYto2Mu4Jets_Unpacker_Large/status_cache.pkl
DEBUG 2025-03-23 16:08:41.738 UTC: 	 Will execute:
curl -sS --capath /etc/grid-security/certificates --cert /tmp/x509up_u180451 --key /tmp/x509up_u180451 -o /tmp/crab_status-cache-0jt27hk4.pkl -w %"{http_code}" "https://cmsweb.cern.ch:8443/scheddmon/0198/amalhotr/250323_060454:amalhotr_crab_DYto2Mu4Jets_Unpacker_Large/status_cache.pkl"
DEBUG 2025-03-23 16:08:41.738 UTC: 	 Executing command :
 curl -sS --capath /etc/grid-security/certificates --cert /tmp/x509up_u180451 --key /tmp/x509up_u180451 -o /tmp/crab_status-cache-0jt27hk4.pkl -w %"{http_code}" "https://cmsweb.cern.ch:8443/scheddmon/0198/amalhotr/250323_060454:amalhotr_crab_DYto2Mu4Jets_Unpacker_Large/status_cache.pkl"
DEBUG 2025-03-23 16:08:41.775 UTC: 	 output : 200
 error: 
 retcode : 0
DEBUG 2025-03-23 16:08:41.775 UTC: 	 exitcode: 0
stdout: 200
stderr: 
error details: 
DEBUG 2025-03-23 16:08:41.775 UTC: 	 Got information from status cache file: {'6': {'Retries': 0, 'Restarts': 0, 'SiteHistory': ['Unknown', 'T2_US_Vanderbilt', 'T2_US_Vanderbilt'], 'ResidentSetSize': [1076184], 'SubmitTimes': [1742710065.0], 'StartTimes': [1742710306.0], 'EndTimes': [1742710781.0], 'TotalUserCpuTimeHistory': [133], 'TotalSysCpuTimeHistory': [9], 'WallDurations': [8.0, 119.46214818954468, 475.0], 'JobIds': ['113627002.0'], 'State': 'finished', 'RecordedSite': True}, '11': {'Retries': 0, 'Restarts': 0, 'SiteHistory': ['Unknown', 'T1_US_FNAL', 'T1_US_FNAL'], 'ResidentSetSize': [1419952], 'SubmitTimes': [1742710065.0], 'StartTimes': [1742710240.0], 'EndTimes': [1742713655.0], 'TotalUserCpuTimeHistory': [2331], 'TotalSysCpuTimeHistory': [371], 'WallDurations': [9.0, 185.46214818954468, 3415.0], 'JobIds': ['113627003.0'], 'State': 'finished', 'RecordedSite': True}, '13': {'Retries': 0, 'Restarts': 0, 'SiteHistory': ['Unknown', 'T1_US_FNAL', 'T1_US_FNAL'], 'ResidentSetSize': [1436960], 'SubmitTimes': [1742710065.0], 'StartTimes': [1742710239.0], 'EndTimes': [1742713670.0], 'TotalUserCpuTimeHistory': [2180], 'TotalSysCpuTimeHistory': [330], 'WallDurations': [10.0, 186.46214818954468, 3431.0], 'JobIds': ['113627004.0'], 'State': 'finished', 'RecordedSite': True}, '9': {'Retries': 0, 'Restarts': 0, 'SiteHistory': ['Unknown', 'T2_US_Vanderbilt', 'T2_US_Vanderbilt'], 'ResidentSetSize': [802440], 'SubmitTimes': [1742710065.0], 'StartTimes': [1742710306.0], 'EndTimes': [1742710978.0], 'TotalUserCpuTimeHistory': [298], 'TotalSysCpuTimeHistory': [20], 'WallDurations': [9.0, 119.46214818954468, 672.0], 'JobIds': ['113627005.0'], 'State': 'finished', 'RecordedSite': True}, '12': {'Retries': 0, 'Restarts': 0, 'SiteHistory': ['Unknown', 'T1_UK_RAL', 'T1_UK_RAL'], 'ResidentSetSize': [1343124], 'SubmitTimes': [1742710065.0], 'StartTimes': [1742710238.0], 'EndTimes': [1742714789.0], 'TotalUserCpuTimeHistory': [1373], 'TotalSysCpuTimeHistory': [386], 'WallDurations': [8.0, 187.46214818954468, 4551.0], 'JobIds': ['113627006.0'], 'State': 'finished', 'RecordedSite': True}, '8': {'Retries': 0, 'Restarts': 0, 'SiteHistory': ['Unknown', 'T2_US_Vanderbilt', 'T2_US_Vanderbilt'], 'ResidentSetSize': [777192], 'SubmitTimes': [1742710065.0], 'StartTimes': [1742710307.0], 'EndTimes': [1742710955.0], 'TotalUserCpuTimeHistory': [261], 'TotalSysCpuTimeHistory': [12], 'WallDurations': [8.0, 118.46214818954468, 648.0], 'JobIds': ['113627007.0'], 'State': 'finished', 'RecordedSite': True}, '4': {'Retries': 0, 'Restarts': 0, 'SiteHistory': ['Unknown', 'T2_US_Vanderbilt', 'T2_US_Vanderbilt'], 'ResidentSetSize': [947240], 'SubmitTimes': [1742710065.0], 'StartTimes': [1742710308.0], 'EndTimes': [1742717140.0], 'TotalUserCpuTimeHistory': [2165], 'TotalSysCpuTimeHistory': [126], 'WallDurations': [8.0, 117.46214818954468, 6832.0], 'JobIds': ['113627008.0'], 'State': 'finished', 'RecordedSite': True}, '3': {'Retries': 0, 'Restarts': 0, 'SiteHistory': ['Unknown', 'T2_US_Vanderbilt', 'T2_US_Vanderbilt'], 'ResidentSetSize': [1286504], 'SubmitTimes': [1742710065.0], 'StartTimes': [1742710306.0], 'EndTimes': [1742712563.0], 'TotalUserCpuTimeHistory': [1309], 'TotalSysCpuTimeHistory': [94], 'WallDurations': [9.0, 119.46214818954468, 2257.0], 'JobIds': ['113627009.0'], 'State': 'finished', 'RecordedSite': True}, '18': {'Retries': 0, 'Restarts': 0, 'SiteHistory': ['Unknown', 'T1_FR_CCIN2P3', 'T1_FR_CCIN2P3'], 'ResidentSetSize': [1268972], 'SubmitTimes': [1742710065.0], 'StartTimes': [1742710237.0], 'EndTimes': [1742712221.0], 'TotalUserCpuTimeHistory': [1079], 'TotalSysCpuTimeHistory': [339], 'WallDurations': [9.0, 188.46214818954468, 1984.0], 'JobIds': ['113627010.0'], 'State': 'finished', 'RecordedSite': True}, '2': {'Retries': 0, 'Restarts': 0, 'SiteHistory': ['Unknown', 'T1_ES_PIC', 'T1_ES_PIC'], 'ResidentSetSize': [1247448], 'SubmitTimes': [1742710065.0], 'StartTimes': [1742710239.0], 'EndTimes': [1742712766.0], 'TotalUserCpuTimeHistory': [1443], 'TotalSysCpuTimeHistory': [250], 'WallDurations': [9.0, 186.46214818954468, 2527.0], 'JobIds': ['113627011.0'], 'State': 'finished', 'RecordedSite': True}, '7': {'Retries': 0, 'Restarts': 0, 'SiteHistory': ['Unknown', 'T2_US_Vanderbilt', 'T2_US_Vanderbilt'], 'ResidentSetSize': [863816], 'SubmitTimes': [1742710065.0], 'StartTimes': [1742710306.0], 'EndTimes': [1742710966.0], 'TotalUserCpuTimeHistory': [269], 'TotalSysCpuTimeHistory': [15], 'WallDurations': [8.0, 119.46214818954468, 660.0], 'JobIds': ['113627012.0'], 'State': 'finished', 'RecordedSite': True}, '19': {'Retries': 0, 'Restarts': 0, 'SiteHistory': ['Unknown', 'T1_FR_CCIN2P3', 'T1_FR_CCIN2P3'], 'ResidentSetSize': [1165824], 'SubmitTimes': [1742710065.0], 'StartTimes': [1742710237.0], 'EndTimes': [1742711131.0], 'TotalUserCpuTimeHistory': [472], 'TotalSysCpuTimeHistory': [152], 'WallDurations': [9.0, 188.46214818954468, 894.0], 'JobIds': ['113627013.0'], 'State': 'finished', 'RecordedSite': True}, '14': {'Retries': 0, 'Restarts': 0, 'SiteHistory': ['Unknown', 'T1_UK_RAL', 'T1_UK_RAL'], 'ResidentSetSize': [1353096], 'SubmitTimes': [1742710066.0], 'StartTimes': [1742710237.0], 'EndTimes': [1742714922.0], 'TotalUserCpuTimeHistory': [1479], 'TotalSysCpuTimeHistory': [450], 'WallDurations': [10.0, 188.46214818954468, 4685.0], 'JobIds': ['113627014.0'], 'State': 'finished', 'RecordedSite': True}, '1': {'Retries': 0, 'Restarts': 0, 'SiteHistory': ['Unknown', 'T2_US_Vanderbilt', 'T2_US_Vanderbilt'], 'ResidentSetSize': [1260064], 'SubmitTimes': [1742710066.0], 'StartTimes': [1742710307.0], 'EndTimes': [1742712690.0], 'TotalUserCpuTimeHistory': [1434], 'TotalSysCpuTimeHistory': [67], 'WallDurations': [8.0, 118.46214818954468, 2383.0], 'JobIds': ['113627015.0'], 'State': 'finished', 'RecordedSite': True}, '17': {'Retries': 0, 'Restarts': 0, 'SiteHistory': ['Unknown', 'T1_US_FNAL', 'T1_US_FNAL'], 'ResidentSetSize': [1377252], 'SubmitTimes': [1742710066.0], 'StartTimes': [1742710240.0], 'EndTimes': [1742714286.0], 'TotalUserCpuTimeHistory': [2701], 'TotalSysCpuTimeHistory': [392], 'WallDurations': [10.0, 185.46214818954468, 4046.0], 'JobIds': ['113627016.0'], 'State': 'finished', 'RecordedSite': True}, '5': {'Retries': 0, 'Restarts': 0, 'SiteHistory': ['Unknown', 'T2_US_Vanderbilt', 'T2_US_Vanderbilt'], 'ResidentSetSize': [878040], 'SubmitTimes': [1742710066.0], 'StartTimes': [1742710307.0], 'EndTimes': [1742711819.0], 'TotalUserCpuTimeHistory': [826], 'TotalSysCpuTimeHistory': [44], 'WallDurations': [8.0, 118.46214818954468, 1512.0], 'JobIds': ['113627017.0'], 'State': 'finished', 'RecordedSite': True}, '15': {'Retries': 0, 'Restarts': 0, 'SiteHistory': ['Unknown', 'T1_UK_RAL', 'T1_UK_RAL'], 'ResidentSetSize': [1288332], 'SubmitTimes': [1742710066.0], 'StartTimes': [1742710238.0], 'EndTimes': [1742714538.0], 'TotalUserCpuTimeHistory': [1338], 'TotalSysCpuTimeHistory': [388], 'WallDurations': [9.0, 187.46214818954468, 4300.0], 'JobIds': ['113627018.0'], 'State': 'finished', 'RecordedSite': True}, '10': {'Retries': 0, 'Restarts': 0, 'SiteHistory': ['Unknown', 'T1_US_FNAL', 'T1_US_FNAL'], 'ResidentSetSize': [1363512], 'SubmitTimes': [1742710066.0], 'StartTimes': [1742710243.0], 'EndTimes': [1742714241.0], 'TotalUserCpuTimeHistory': [2361], 'TotalSysCpuTimeHistory': [655], 'WallDurations': [9.0, 182.46214818954468, 3998.0], 'JobIds': ['113627019.0'], 'State': 'finished', 'RecordedSite': True}, '21': {'Retries': 0, 'Restarts': 0, 'SiteHistory': ['Unknown', 'T1_UK_RAL', 'T1_UK_RAL'], 'ResidentSetSize': [1157532], 'SubmitTimes': [1742710066.0], 'StartTimes': [1742710238.0], 'EndTimes': [1742711502.0], 'TotalUserCpuTimeHistory': [419], 'TotalSysCpuTimeHistory': [119], 'WallDurations': [9.0, 187.46214818954468, 1264.0], 'JobIds': ['113627020.0'], 'State': 'finished', 'RecordedSite': True}, '16': {'Retries': 0, 'Restarts': 0, 'SiteHistory': ['Unknown', 'T1_US_FNAL', 'T1_US_FNAL'], 'ResidentSetSize': [1393648], 'SubmitTimes': [1742710066.0], 'StartTimes': [1742710239.0], 'EndTimes': [1742713661.0], 'TotalUserCpuTimeHistory': [2371], 'TotalSysCpuTimeHistory': [357], 'WallDurations': [10.0, 186.46214818954468, 3422.0], 'JobIds': ['113627021.0'], 'State': 'finished', 'RecordedSite': True}, '20': {'Retries': 0, 'Restarts': 0, 'SiteHistory': ['Unknown', 'T1_DE_KIT', 'T1_DE_KIT'], 'ResidentSetSize': [1225936], 'SubmitTimes': [1742710066.0], 'StartTimes': [1742710237.0], 'EndTimes': [1742711239.0], 'TotalUserCpuTimeHistory': [537], 'TotalSysCpuTimeHistory': [140], 'WallDurations': [10.0, 188.46214818954468, 1002.0], 'JobIds': ['113627022.0'], 'State': 'finished', 'RecordedSite': True}}
INFO 2025-03-23 16:08:41.775 UTC: 	 Status on the scheduler:	COMPLETED
INFO 2025-03-23 16:08:41.775 UTC: 	 
Jobs status:                    finished     		100.0% (21/21)
DEBUG 2025-03-23 16:08:41.776 UTC: 	 Encoded data for curl request: subresource=publicationstatus&workflow=250323_060454%3Aamalhotr_crab_DYto2Mu4Jets_Unpacker_Large&username=amalhotr
INFO 2025-03-23 16:08:41.830 UTC: 	 
Publication status of 1 dataset(s):	done         		100.0% (21/21)
(from CRAB internal bookkeeping in transferdb)
INFO 2025-03-23 16:08:41.830 UTC: 	 
Output dataset:			/DYto2Mu-4Jets_Bin-MLL-50_TuneCP5_13p6TeV_madgraphMLM-pythia8/amalhotr-DYto2Mu4Jets_Unpacker_Large-49feb6938084587a06052f9676570a55/USER
Output dataset DAS URL:		https://cmsweb.cern.ch/das/request?input=%2FDYto2Mu-4Jets_Bin-MLL-50_TuneCP5_13p6TeV_madgraphMLM-pythia8%2Famalhotr-DYto2Mu4Jets_Unpacker_Large-49feb6938084587a06052f9676570a55%2FUSER&instance=prod%2Fphys03
INFO 2025-03-23 16:08:41.831 UTC: 	 
Warning: the max jobs runtime is less than 30% of the task requested value (1250 min), please consider to request a lower value for failed jobs (allowed through crab resubmit) and/or improve the jobs splitting (e.g. config.Data.splitting = 'Automatic') in a new task.
INFO 2025-03-23 16:08:41.831 UTC: 	 
Summary of run jobs:
 * Memory: 783MB min, 1403MB max, 1159MB ave
 * Runtime: 0:07:55 min, 1:53:52 max, 0:43:37 ave
 * CPU eff: 30% min, 80% max, 57% ave
 * Waste: 0:59:26 (6% of total)

INFO 2025-03-23 16:08:42.140 UTC: 	 Log file is /afs/cern.ch/user/a/amalhotr/CMSSW_14_0_18_patch1/src/Run3ScoutingAnalysisTools/crab_DYto2Mu4Jets_Unpacker_Large/crab.log
DEBUG 2025-03-23 16:10:23.223 UTC: 	 CRAB Client version: v3.250318
DEBUG 2025-03-23 16:10:23.224 UTC: 	 Running on: Linux lxplus940.cern.ch 5.14.0-503.22.1.el9_5.x86_64 #1 SMP PREEMPT_DYNAMIC Wed Jan 15 08:02:15 EST 2025 x86_64 x86_64 x86_64 GNU/Linux
DEBUG 2025-03-23 16:10:23.224 UTC: 	 Not using Singularity
DEBUG 2025-03-23 16:10:23.224 UTC: 	 Operating System: Red Hat Enterprise Linux 9.5 (Plow)
DEBUG 2025-03-23 16:10:23.224 UTC: 	 Executing command: 'status'
DEBUG 2025-03-23 16:10:23.224 UTC: 	 Found CRAB cache file /afs/cern.ch/user/a/amalhotr/.crab3
DEBUG 2025-03-23 16:10:23.338 UTC: 	 Checking credentials
DEBUG 2025-03-23 16:10:23.338 UTC: 	 Found proxy file /tmp/x509up_u180451
DEBUG 2025-03-23 16:10:23.338 UTC: 	 Making sure it has proper VOMS extension
DEBUG 2025-03-23 16:10:23.338 UTC: 	 Executing command :
 voms-proxy-info --vo --file /tmp/x509up_u180451
DEBUG 2025-03-23 16:10:23.708 UTC: 	 output : cms

 error: 
 retcode : 0
DEBUG 2025-03-23 16:10:23.708 UTC: 	 Getting proxy life time left
DEBUG 2025-03-23 16:10:23.708 UTC: 	 Executing command :
 voms-proxy-info --actimeleft --timeleft --file /tmp/x509up_u180451
DEBUG 2025-03-23 16:10:24.032 UTC: 	 output : 656163
656163

 error: 
 retcode : 0
DEBUG 2025-03-23 16:10:24.032 UTC: 	 Proxy valid for 182:16:03 hours
DEBUG 2025-03-23 16:10:24.032 UTC: 	 Encoded data for curl request: subresource=delegatedn
DEBUG 2025-03-23 16:10:24.072 UTC: 	 Registering user credentials on myproxy for /DC=ch/DC=cern/OU=computers/CN=crab-(preprod|prod)-tw(01|02).cern.ch|/DC=ch/DC=cern/OU=computers/CN=crab-dev-tw(01|02|03|04).cern.ch|/DC=ch/DC=cern/OU=Organic Units/OU=Users/CN=cmscrab/CN=(817881|373708)/CN=Robot: cms crab|/DC=ch/DC=cern/OU=Organic Units/OU=Users/CN=crabint1/CN=373708/CN=Robot: CMS CRAB Integration 1
DEBUG 2025-03-23 16:10:24.072 UTC: 	 Executing command :
 voms-proxy-info --identity --file /tmp/x509up_u180451
DEBUG 2025-03-23 16:10:24.413 UTC: 	 output : /DC=ch/DC=cern/OU=Organic Units/OU=Users/CN=amalhotr/CN=884837/CN=Aryan Malhotra

 error: 
 retcode : 0
DEBUG 2025-03-23 16:10:24.414 UTC: 	 Getting myproxy life time left for 2382a3cf28fdeacb1de9b039908761ea517a5ed6
DEBUG 2025-03-23 16:10:24.414 UTC: 	 Executing command :
 myproxy-info -s myproxy.cern.ch -l 2382a3cf28fdeacb1de9b039908761ea517a5ed6
DEBUG 2025-03-23 16:10:24.677 UTC: 	 output : username: 2382a3cf28fdeacb1de9b039908761ea517a5ed6
owner: /DC=ch/DC=cern/OU=Organic Units/OU=Users/CN=amalhotr/CN=884837/CN=Aryan Malhotra
  renewal policy: /DC=ch/DC=cern/OU=computers/CN=crab-(preprod|prod)-tw(01|02).cern.ch|/DC=ch/DC=cern/OU=computers/CN=crab-dev-tw(01|02|03|04).cern.ch|/DC=ch/DC=cern/OU=Organic Units/OU=Users/CN=cmscrab/CN=(817881|373708)/CN=Robot: cms crab|/DC=ch/DC=cern/OU=Organic Units/OU=Users/CN=crabint1/CN=373708/CN=Robot: CMS CRAB Integration 1
  trusted retrieval policy: /DC=ch/DC=cern/OU=computers/CN=crab-(preprod|prod)-tw(01|02).cern.ch|/DC=ch/DC=cern/OU=computers/CN=crab-dev-tw(01|02|03|04).cern.ch|/DC=ch/DC=cern/OU=Organic Units/OU=Users/CN=cmscrab/CN=(817881|373708)/CN=Robot: cms crab|/DC=ch/DC=cern/OU=Organic Units/OU=Users/CN=crabint1/CN=373708/CN=Robot: CMS CRAB Integration 1
  timeleft: 612:09:54  (25.5 days)

 error: 
 retcode : 0
DEBUG 2025-03-23 16:10:24.677 UTC: 	 Myproxy is valid: 2203740
DEBUG 2025-03-23 16:10:24.678 UTC: 	 Result of myproxy credential check:
  Credential exists on myproxy: username: 2382a3cf28fdeacb1de9b039908761ea517a5ed6  - validity: 25 days, 12:09:00
DEBUG 2025-03-23 16:10:24.678 UTC: 	 Retrieving username ...
DEBUG 2025-03-23 16:10:24.678 UTC: 	 Retrieving username from CRIC...
DEBUG 2025-03-23 16:10:25.373 UTC: 	 username is amalhotr
INFO 2025-03-23 16:10:25.815 UTC: 	 Rucio client intialized for account amalhotr
DEBUG 2025-03-23 16:10:25.815 UTC: 	 Command use: status
DEBUG 2025-03-23 16:10:25.815 UTC: 	 Options use: ['-d', './crab_DYto2Mu4Jets_Unpacker_Large']
DEBUG 2025-03-23 16:10:25.815 UTC: 	 Encoded data for curl request: subresource=version
DEBUG 2025-03-23 16:10:25.853 UTC: 	 CRABClient version: v3.250318
DEBUG 2025-03-23 16:10:25.854 UTC: 	 Instance is prod
DEBUG 2025-03-23 16:10:25.854 UTC: 	 Server base url is cmsweb.cern.ch
DEBUG 2025-03-23 16:10:25.854 UTC: 	 Command api workflow
DEBUG 2025-03-23 16:10:25.854 UTC: 	 Encoded data for curl request: subresource=search&workflow=250323_060454%3Aamalhotr_crab_DYto2Mu4Jets_Unpacker_Large
DEBUG 2025-03-23 16:10:25.899 UTC: 	 Got information from server oracle database: {'desc': {'columns': ['tm_taskname', 'tm_activity', 'tm_task_status', 'tm_task_command', 'tm_start_time', 'tm_start_injection', 'tm_end_injection', 'tm_task_failure', 'tm_job_sw', 'tm_job_arch', 'tm_input_dataset', 'tm_nonvalid_input_dataset', 'tm_use_parent', 'tm_site_whitelist', 'tm_site_blacklist', 'tm_split_algo', 'tm_split_args', 'tm_user_sandbox', 'tm_cache_url', 'tm_username', 'tm_user_dn', 'tm_user_vo', 'tm_user_role', 'tm_user_group', 'tm_publish_name', 'tm_publish_groupname', 'tm_asyncdest', 'tm_dbs_url', 'tm_publish_dbs_url', 'tm_publication', 'tm_outfiles', 'tm_tfile_outfiles', 'tm_edm_outfiles', 'tm_job_type', 'tm_generator', 'tm_events_per_lumi', 'tm_arguments', 'tm_save_logs', 'tw_name', 'tm_user_infiles', 'tm_maxjobruntime', 'tm_numcores', 'tm_maxmemory', 'tm_priority', 'tm_output_dataset', 'tm_task_warnings', 'tm_user_webdir', 'tm_scriptexe', 'tm_scriptargs', 'tm_extrajdl', 'tm_collector', 'tm_schedd', 'tm_dry_run', 'tm_user_files', 'tm_transfer_outputs', 'tm_output_lfn', 'tm_ignore_locality', 'tm_fail_limit', 'tm_one_event_mode', 'tm_secondary_input_dataset', 'tm_primary_dataset', 'tm_last_publication', 'tm_debug_files', 'clusterid', 'tm_ignore_global_blacklist', 'tm_submitter_ip_addr', 'tm_totalunits', 'tm_ddm_reqid', 'tm_user_config', 'tm_transfer_container', 'tm_transfer_rule', 'tm_publish_rule', 'tm_multipub_rule', 'tm_job_min_microarch']}, 'result': ['250323_060454:amalhotr_crab_DYto2Mu4Jets_Unpacker_Large', 'None', 'SUBMITTED', 'SUBMIT', '2025-03-23 06:04:55.506480', 'None', '2025-03-23 06:06:35.392815', 'None', 'CMSSW_14_0_18_patch1', 'el9_amd64_gcc12', '/DYto2Mu-4Jets_Bin-MLL-50_TuneCP5_13p6TeV_madgraphMLM-pythia8/RunIII2024Summer24MiniAOD-140X_mcRun3_2024_realistic_v26-v2/MINIAODSIM', 'F', '0', '[]', '[]', 'FileBased', "{'halt_job_on_file_boundaries': False, 'splitOnRun': False, 'files_per_job': 5, 'runs': [], 'lumis': []}", '3347ab5ebddcbcf20e5a549cff91c4ac4d53283ca301d10bc07120adeaa8b0f2.tar.gz', 'https://cmsweb.cern.ch/S3/crabcache_prod', 'amalhotr', '/DC=ch/DC=cern/OU=Organic Units/OU=Users/CN=amalhotr/CN=884837/CN=Aryan Malhotra', 'cms', 'None', 'None', 'DYto2Mu4Jets_Unpacker_Large-00000000000000000000000000000000', 'F', 'T3_CH_CERNBOX', 'https://cmsweb.cern.ch/dbs/prod/global/DBSReader', 'https://cmsweb.cern.ch/dbs/prod/phys03/DBSWriter', 'T', '[]', '[]', "['HLTUnpackerOutputLarge.root']", 'Analysis', 'pythia', 'None', '{}', 'T', 'crab-prod-tw01', '[]', '1250', '1', '2000', '10', "['/DYto2Mu-4Jets_Bin-MLL-50_TuneCP5_13p6TeV_madgraphMLM-pythia8/amalhotr-DYto2Mu4Jets_Unpacker_Large-49feb6938084587a06052f9676570a55/USER']", '[]', 'http://vocms0198.cern.ch/mon/amalhotr/250323_060454:amalhotr_crab_DYto2Mu4Jets_Unpacker_Large', 'None', '[]', '[]', 'cmsgwms-collector-global.cern.ch:9620,cmsgwms-collector-global.fnal.gov:9620', 'crab3@vocms0198.cern.ch', 'F', '[]', 'T', '/store/user/amalhotr/', 'F', 'None', 'F', 'None', 'DYto2Mu-4Jets_Bin-MLL-50_TuneCP5_13p6TeV_madgraphMLM-pythia8', 'None', '092c95d3b1ed17d5c8f35311372fbafe5aae77e928c0bec78cce9935847f1e25.tar.gz', '113626991', 'F', '188.184.73.32', '75.0', 'None', '{"partialdataset": false, "requireaccelerator": false, "acceleratorparams": null, "inputblocks": null}', 'None', 'None', 'None', 'None', 'any']}
INFO 2025-03-23 16:10:25.899 UTC: 	 CRAB project directory:		/afs/cern.ch/user/a/amalhotr/CMSSW_14_0_18_patch1/src/Run3ScoutingAnalysisTools/crab_DYto2Mu4Jets_Unpacker_Large
INFO 2025-03-23 16:10:25.899 UTC: 	 Task name:			250323_060454:amalhotr_crab_DYto2Mu4Jets_Unpacker_Large
INFO 2025-03-23 16:10:25.899 UTC: 	 Grid scheduler - Task Worker:	crab3@vocms0198.cern.ch - crab-prod-tw01
INFO 2025-03-23 16:10:25.899 UTC: 	 Status on the CRAB server:	SUBMITTED
INFO 2025-03-23 16:10:25.900 UTC: 	 Task URL to use for HELP:	https://cmsweb.cern.ch/crabserver/ui/task/250323_060454%3Aamalhotr_crab_DYto2Mu4Jets_Unpacker_Large
INFO 2025-03-23 16:10:25.906 UTC: 	 Dashboard monitoring URL:	https://monit-grafana.cern.ch/d/cmsTMDetail/cms-task-monitoring-task-view?orgId=11&var-user=amalhotr&var-task=250323_060454%3Aamalhotr_crab_DYto2Mu4Jets_Unpacker_Large&from=1742706295000&to=now
DEBUG 2025-03-23 16:10:25.906 UTC: 	 The CRAB server submitted your task to the Grid scheduler (cluster ID: 113626991)
DEBUG 2025-03-23 16:10:25.906 UTC: 	 Webdir is located at http://vocms0198.cern.ch/mon/amalhotr/250323_060454:amalhotr_crab_DYto2Mu4Jets_Unpacker_Large
DEBUG 2025-03-23 16:10:25.906 UTC: 	 Encoded data for curl request: subresource=webdirprx&workflow=250323_060454%3Aamalhotr_crab_DYto2Mu4Jets_Unpacker_Large
DEBUG 2025-03-23 16:10:25.945 UTC: 	 Proxied webdir is located at https://cmsweb.cern.ch:8443/scheddmon/0198/amalhotr/250323_060454:amalhotr_crab_DYto2Mu4Jets_Unpacker_Large
DEBUG 2025-03-23 16:10:25.945 UTC: 	 Retrieving 'status_cache' file from https://cmsweb.cern.ch:8443/scheddmon/0198/amalhotr/250323_060454:amalhotr_crab_DYto2Mu4Jets_Unpacker_Large/status_cache.pkl
DEBUG 2025-03-23 16:10:25.945 UTC: 	 Will execute:
curl -sS --capath /etc/grid-security/certificates --cert /tmp/x509up_u180451 --key /tmp/x509up_u180451 -o /tmp/crab_status-cache-847ss8qf.pkl -w %"{http_code}" "https://cmsweb.cern.ch:8443/scheddmon/0198/amalhotr/250323_060454:amalhotr_crab_DYto2Mu4Jets_Unpacker_Large/status_cache.pkl"
DEBUG 2025-03-23 16:10:25.945 UTC: 	 Executing command :
 curl -sS --capath /etc/grid-security/certificates --cert /tmp/x509up_u180451 --key /tmp/x509up_u180451 -o /tmp/crab_status-cache-847ss8qf.pkl -w %"{http_code}" "https://cmsweb.cern.ch:8443/scheddmon/0198/amalhotr/250323_060454:amalhotr_crab_DYto2Mu4Jets_Unpacker_Large/status_cache.pkl"
DEBUG 2025-03-23 16:10:25.986 UTC: 	 output : 200
 error: 
 retcode : 0
DEBUG 2025-03-23 16:10:25.987 UTC: 	 exitcode: 0
stdout: 200
stderr: 
error details: 
DEBUG 2025-03-23 16:10:25.987 UTC: 	 Got information from status cache file: {'6': {'Retries': 0, 'Restarts': 0, 'SiteHistory': ['Unknown', 'T2_US_Vanderbilt', 'T2_US_Vanderbilt'], 'ResidentSetSize': [1076184], 'SubmitTimes': [1742710065.0], 'StartTimes': [1742710306.0], 'EndTimes': [1742710781.0], 'TotalUserCpuTimeHistory': [133], 'TotalSysCpuTimeHistory': [9], 'WallDurations': [8.0, 119.46214818954468, 475.0], 'JobIds': ['113627002.0'], 'State': 'finished', 'RecordedSite': True}, '11': {'Retries': 0, 'Restarts': 0, 'SiteHistory': ['Unknown', 'T1_US_FNAL', 'T1_US_FNAL'], 'ResidentSetSize': [1419952], 'SubmitTimes': [1742710065.0], 'StartTimes': [1742710240.0], 'EndTimes': [1742713655.0], 'TotalUserCpuTimeHistory': [2331], 'TotalSysCpuTimeHistory': [371], 'WallDurations': [9.0, 185.46214818954468, 3415.0], 'JobIds': ['113627003.0'], 'State': 'finished', 'RecordedSite': True}, '13': {'Retries': 0, 'Restarts': 0, 'SiteHistory': ['Unknown', 'T1_US_FNAL', 'T1_US_FNAL'], 'ResidentSetSize': [1436960], 'SubmitTimes': [1742710065.0], 'StartTimes': [1742710239.0], 'EndTimes': [1742713670.0], 'TotalUserCpuTimeHistory': [2180], 'TotalSysCpuTimeHistory': [330], 'WallDurations': [10.0, 186.46214818954468, 3431.0], 'JobIds': ['113627004.0'], 'State': 'finished', 'RecordedSite': True}, '9': {'Retries': 0, 'Restarts': 0, 'SiteHistory': ['Unknown', 'T2_US_Vanderbilt', 'T2_US_Vanderbilt'], 'ResidentSetSize': [802440], 'SubmitTimes': [1742710065.0], 'StartTimes': [1742710306.0], 'EndTimes': [1742710978.0], 'TotalUserCpuTimeHistory': [298], 'TotalSysCpuTimeHistory': [20], 'WallDurations': [9.0, 119.46214818954468, 672.0], 'JobIds': ['113627005.0'], 'State': 'finished', 'RecordedSite': True}, '12': {'Retries': 0, 'Restarts': 0, 'SiteHistory': ['Unknown', 'T1_UK_RAL', 'T1_UK_RAL'], 'ResidentSetSize': [1343124], 'SubmitTimes': [1742710065.0], 'StartTimes': [1742710238.0], 'EndTimes': [1742714789.0], 'TotalUserCpuTimeHistory': [1373], 'TotalSysCpuTimeHistory': [386], 'WallDurations': [8.0, 187.46214818954468, 4551.0], 'JobIds': ['113627006.0'], 'State': 'finished', 'RecordedSite': True}, '8': {'Retries': 0, 'Restarts': 0, 'SiteHistory': ['Unknown', 'T2_US_Vanderbilt', 'T2_US_Vanderbilt'], 'ResidentSetSize': [777192], 'SubmitTimes': [1742710065.0], 'StartTimes': [1742710307.0], 'EndTimes': [1742710955.0], 'TotalUserCpuTimeHistory': [261], 'TotalSysCpuTimeHistory': [12], 'WallDurations': [8.0, 118.46214818954468, 648.0], 'JobIds': ['113627007.0'], 'State': 'finished', 'RecordedSite': True}, '4': {'Retries': 0, 'Restarts': 0, 'SiteHistory': ['Unknown', 'T2_US_Vanderbilt', 'T2_US_Vanderbilt'], 'ResidentSetSize': [947240], 'SubmitTimes': [1742710065.0], 'StartTimes': [1742710308.0], 'EndTimes': [1742717140.0], 'TotalUserCpuTimeHistory': [2165], 'TotalSysCpuTimeHistory': [126], 'WallDurations': [8.0, 117.46214818954468, 6832.0], 'JobIds': ['113627008.0'], 'State': 'finished', 'RecordedSite': True}, '3': {'Retries': 0, 'Restarts': 0, 'SiteHistory': ['Unknown', 'T2_US_Vanderbilt', 'T2_US_Vanderbilt'], 'ResidentSetSize': [1286504], 'SubmitTimes': [1742710065.0], 'StartTimes': [1742710306.0], 'EndTimes': [1742712563.0], 'TotalUserCpuTimeHistory': [1309], 'TotalSysCpuTimeHistory': [94], 'WallDurations': [9.0, 119.46214818954468, 2257.0], 'JobIds': ['113627009.0'], 'State': 'finished', 'RecordedSite': True}, '18': {'Retries': 0, 'Restarts': 0, 'SiteHistory': ['Unknown', 'T1_FR_CCIN2P3', 'T1_FR_CCIN2P3'], 'ResidentSetSize': [1268972], 'SubmitTimes': [1742710065.0], 'StartTimes': [1742710237.0], 'EndTimes': [1742712221.0], 'TotalUserCpuTimeHistory': [1079], 'TotalSysCpuTimeHistory': [339], 'WallDurations': [9.0, 188.46214818954468, 1984.0], 'JobIds': ['113627010.0'], 'State': 'finished', 'RecordedSite': True}, '2': {'Retries': 0, 'Restarts': 0, 'SiteHistory': ['Unknown', 'T1_ES_PIC', 'T1_ES_PIC'], 'ResidentSetSize': [1247448], 'SubmitTimes': [1742710065.0], 'StartTimes': [1742710239.0], 'EndTimes': [1742712766.0], 'TotalUserCpuTimeHistory': [1443], 'TotalSysCpuTimeHistory': [250], 'WallDurations': [9.0, 186.46214818954468, 2527.0], 'JobIds': ['113627011.0'], 'State': 'finished', 'RecordedSite': True}, '7': {'Retries': 0, 'Restarts': 0, 'SiteHistory': ['Unknown', 'T2_US_Vanderbilt', 'T2_US_Vanderbilt'], 'ResidentSetSize': [863816], 'SubmitTimes': [1742710065.0], 'StartTimes': [1742710306.0], 'EndTimes': [1742710966.0], 'TotalUserCpuTimeHistory': [269], 'TotalSysCpuTimeHistory': [15], 'WallDurations': [8.0, 119.46214818954468, 660.0], 'JobIds': ['113627012.0'], 'State': 'finished', 'RecordedSite': True}, '19': {'Retries': 0, 'Restarts': 0, 'SiteHistory': ['Unknown', 'T1_FR_CCIN2P3', 'T1_FR_CCIN2P3'], 'ResidentSetSize': [1165824], 'SubmitTimes': [1742710065.0], 'StartTimes': [1742710237.0], 'EndTimes': [1742711131.0], 'TotalUserCpuTimeHistory': [472], 'TotalSysCpuTimeHistory': [152], 'WallDurations': [9.0, 188.46214818954468, 894.0], 'JobIds': ['113627013.0'], 'State': 'finished', 'RecordedSite': True}, '14': {'Retries': 0, 'Restarts': 0, 'SiteHistory': ['Unknown', 'T1_UK_RAL', 'T1_UK_RAL'], 'ResidentSetSize': [1353096], 'SubmitTimes': [1742710066.0], 'StartTimes': [1742710237.0], 'EndTimes': [1742714922.0], 'TotalUserCpuTimeHistory': [1479], 'TotalSysCpuTimeHistory': [450], 'WallDurations': [10.0, 188.46214818954468, 4685.0], 'JobIds': ['113627014.0'], 'State': 'finished', 'RecordedSite': True}, '1': {'Retries': 0, 'Restarts': 0, 'SiteHistory': ['Unknown', 'T2_US_Vanderbilt', 'T2_US_Vanderbilt'], 'ResidentSetSize': [1260064], 'SubmitTimes': [1742710066.0], 'StartTimes': [1742710307.0], 'EndTimes': [1742712690.0], 'TotalUserCpuTimeHistory': [1434], 'TotalSysCpuTimeHistory': [67], 'WallDurations': [8.0, 118.46214818954468, 2383.0], 'JobIds': ['113627015.0'], 'State': 'finished', 'RecordedSite': True}, '17': {'Retries': 0, 'Restarts': 0, 'SiteHistory': ['Unknown', 'T1_US_FNAL', 'T1_US_FNAL'], 'ResidentSetSize': [1377252], 'SubmitTimes': [1742710066.0], 'StartTimes': [1742710240.0], 'EndTimes': [1742714286.0], 'TotalUserCpuTimeHistory': [2701], 'TotalSysCpuTimeHistory': [392], 'WallDurations': [10.0, 185.46214818954468, 4046.0], 'JobIds': ['113627016.0'], 'State': 'finished', 'RecordedSite': True}, '5': {'Retries': 0, 'Restarts': 0, 'SiteHistory': ['Unknown', 'T2_US_Vanderbilt', 'T2_US_Vanderbilt'], 'ResidentSetSize': [878040], 'SubmitTimes': [1742710066.0], 'StartTimes': [1742710307.0], 'EndTimes': [1742711819.0], 'TotalUserCpuTimeHistory': [826], 'TotalSysCpuTimeHistory': [44], 'WallDurations': [8.0, 118.46214818954468, 1512.0], 'JobIds': ['113627017.0'], 'State': 'finished', 'RecordedSite': True}, '15': {'Retries': 0, 'Restarts': 0, 'SiteHistory': ['Unknown', 'T1_UK_RAL', 'T1_UK_RAL'], 'ResidentSetSize': [1288332], 'SubmitTimes': [1742710066.0], 'StartTimes': [1742710238.0], 'EndTimes': [1742714538.0], 'TotalUserCpuTimeHistory': [1338], 'TotalSysCpuTimeHistory': [388], 'WallDurations': [9.0, 187.46214818954468, 4300.0], 'JobIds': ['113627018.0'], 'State': 'finished', 'RecordedSite': True}, '10': {'Retries': 0, 'Restarts': 0, 'SiteHistory': ['Unknown', 'T1_US_FNAL', 'T1_US_FNAL'], 'ResidentSetSize': [1363512], 'SubmitTimes': [1742710066.0], 'StartTimes': [1742710243.0], 'EndTimes': [1742714241.0], 'TotalUserCpuTimeHistory': [2361], 'TotalSysCpuTimeHistory': [655], 'WallDurations': [9.0, 182.46214818954468, 3998.0], 'JobIds': ['113627019.0'], 'State': 'finished', 'RecordedSite': True}, '21': {'Retries': 0, 'Restarts': 0, 'SiteHistory': ['Unknown', 'T1_UK_RAL', 'T1_UK_RAL'], 'ResidentSetSize': [1157532], 'SubmitTimes': [1742710066.0], 'StartTimes': [1742710238.0], 'EndTimes': [1742711502.0], 'TotalUserCpuTimeHistory': [419], 'TotalSysCpuTimeHistory': [119], 'WallDurations': [9.0, 187.46214818954468, 1264.0], 'JobIds': ['113627020.0'], 'State': 'finished', 'RecordedSite': True}, '16': {'Retries': 0, 'Restarts': 0, 'SiteHistory': ['Unknown', 'T1_US_FNAL', 'T1_US_FNAL'], 'ResidentSetSize': [1393648], 'SubmitTimes': [1742710066.0], 'StartTimes': [1742710239.0], 'EndTimes': [1742713661.0], 'TotalUserCpuTimeHistory': [2371], 'TotalSysCpuTimeHistory': [357], 'WallDurations': [10.0, 186.46214818954468, 3422.0], 'JobIds': ['113627021.0'], 'State': 'finished', 'RecordedSite': True}, '20': {'Retries': 0, 'Restarts': 0, 'SiteHistory': ['Unknown', 'T1_DE_KIT', 'T1_DE_KIT'], 'ResidentSetSize': [1225936], 'SubmitTimes': [1742710066.0], 'StartTimes': [1742710237.0], 'EndTimes': [1742711239.0], 'TotalUserCpuTimeHistory': [537], 'TotalSysCpuTimeHistory': [140], 'WallDurations': [10.0, 188.46214818954468, 1002.0], 'JobIds': ['113627022.0'], 'State': 'finished', 'RecordedSite': True}}
INFO 2025-03-23 16:10:25.987 UTC: 	 Status on the scheduler:	COMPLETED
INFO 2025-03-23 16:10:25.987 UTC: 	 
Jobs status:                    finished     		100.0% (21/21)
DEBUG 2025-03-23 16:10:25.988 UTC: 	 Encoded data for curl request: subresource=publicationstatus&workflow=250323_060454%3Aamalhotr_crab_DYto2Mu4Jets_Unpacker_Large&username=amalhotr
INFO 2025-03-23 16:10:26.324 UTC: 	 
Publication status of 1 dataset(s):	done         		100.0% (21/21)
(from CRAB internal bookkeeping in transferdb)
INFO 2025-03-23 16:10:26.325 UTC: 	 
Output dataset:			/DYto2Mu-4Jets_Bin-MLL-50_TuneCP5_13p6TeV_madgraphMLM-pythia8/amalhotr-DYto2Mu4Jets_Unpacker_Large-49feb6938084587a06052f9676570a55/USER
Output dataset DAS URL:		https://cmsweb.cern.ch/das/request?input=%2FDYto2Mu-4Jets_Bin-MLL-50_TuneCP5_13p6TeV_madgraphMLM-pythia8%2Famalhotr-DYto2Mu4Jets_Unpacker_Large-49feb6938084587a06052f9676570a55%2FUSER&instance=prod%2Fphys03
INFO 2025-03-23 16:10:26.325 UTC: 	 
Warning: the max jobs runtime is less than 30% of the task requested value (1250 min), please consider to request a lower value for failed jobs (allowed through crab resubmit) and/or improve the jobs splitting (e.g. config.Data.splitting = 'Automatic') in a new task.
INFO 2025-03-23 16:10:26.325 UTC: 	 
Summary of run jobs:
 * Memory: 783MB min, 1403MB max, 1159MB ave
 * Runtime: 0:07:55 min, 1:53:52 max, 0:43:37 ave
 * CPU eff: 30% min, 80% max, 57% ave
 * Waste: 0:59:26 (6% of total)

INFO 2025-03-23 16:10:26.327 UTC: 	 Log file is /afs/cern.ch/user/a/amalhotr/CMSSW_14_0_18_patch1/src/Run3ScoutingAnalysisTools/crab_DYto2Mu4Jets_Unpacker_Large/crab.log
DEBUG 2025-03-23 16:11:28.061 UTC: 	 CRAB Client version: v3.250318
DEBUG 2025-03-23 16:11:28.061 UTC: 	 Running on: Linux lxplus940.cern.ch 5.14.0-503.22.1.el9_5.x86_64 #1 SMP PREEMPT_DYNAMIC Wed Jan 15 08:02:15 EST 2025 x86_64 x86_64 x86_64 GNU/Linux
DEBUG 2025-03-23 16:11:28.061 UTC: 	 Not using Singularity
DEBUG 2025-03-23 16:11:28.061 UTC: 	 Operating System: Red Hat Enterprise Linux 9.5 (Plow)
DEBUG 2025-03-23 16:11:28.061 UTC: 	 Executing command: 'report'
DEBUG 2025-03-23 16:11:28.061 UTC: 	 Found CRAB cache file /afs/cern.ch/user/a/amalhotr/.crab3
DEBUG 2025-03-23 16:11:28.073 UTC: 	 Checking credentials
DEBUG 2025-03-23 16:11:28.073 UTC: 	 Found proxy file /tmp/x509up_u180451
DEBUG 2025-03-23 16:11:28.073 UTC: 	 Making sure it has proper VOMS extension
DEBUG 2025-03-23 16:11:28.074 UTC: 	 Executing command :
 voms-proxy-info --vo --file /tmp/x509up_u180451
DEBUG 2025-03-23 16:11:28.428 UTC: 	 output : cms

 error: 
 retcode : 0
DEBUG 2025-03-23 16:11:28.428 UTC: 	 Getting proxy life time left
DEBUG 2025-03-23 16:11:28.428 UTC: 	 Executing command :
 voms-proxy-info --actimeleft --timeleft --file /tmp/x509up_u180451
DEBUG 2025-03-23 16:11:28.782 UTC: 	 output : 656099
656099

 error: 
 retcode : 0
DEBUG 2025-03-23 16:11:28.782 UTC: 	 Proxy valid for 182:14:59 hours
DEBUG 2025-03-23 16:11:28.782 UTC: 	 Encoded data for curl request: subresource=delegatedn
DEBUG 2025-03-23 16:11:28.824 UTC: 	 Registering user credentials on myproxy for /DC=ch/DC=cern/OU=computers/CN=crab-(preprod|prod)-tw(01|02).cern.ch|/DC=ch/DC=cern/OU=computers/CN=crab-dev-tw(01|02|03|04).cern.ch|/DC=ch/DC=cern/OU=Organic Units/OU=Users/CN=cmscrab/CN=(817881|373708)/CN=Robot: cms crab|/DC=ch/DC=cern/OU=Organic Units/OU=Users/CN=crabint1/CN=373708/CN=Robot: CMS CRAB Integration 1
DEBUG 2025-03-23 16:11:28.824 UTC: 	 Executing command :
 voms-proxy-info --identity --file /tmp/x509up_u180451
DEBUG 2025-03-23 16:11:29.182 UTC: 	 output : /DC=ch/DC=cern/OU=Organic Units/OU=Users/CN=amalhotr/CN=884837/CN=Aryan Malhotra

 error: 
 retcode : 0
DEBUG 2025-03-23 16:11:29.182 UTC: 	 Getting myproxy life time left for 2382a3cf28fdeacb1de9b039908761ea517a5ed6
DEBUG 2025-03-23 16:11:29.182 UTC: 	 Executing command :
 myproxy-info -s myproxy.cern.ch -l 2382a3cf28fdeacb1de9b039908761ea517a5ed6
DEBUG 2025-03-23 16:11:29.455 UTC: 	 output : username: 2382a3cf28fdeacb1de9b039908761ea517a5ed6
owner: /DC=ch/DC=cern/OU=Organic Units/OU=Users/CN=amalhotr/CN=884837/CN=Aryan Malhotra
  renewal policy: /DC=ch/DC=cern/OU=computers/CN=crab-(preprod|prod)-tw(01|02).cern.ch|/DC=ch/DC=cern/OU=computers/CN=crab-dev-tw(01|02|03|04).cern.ch|/DC=ch/DC=cern/OU=Organic Units/OU=Users/CN=cmscrab/CN=(817881|373708)/CN=Robot: cms crab|/DC=ch/DC=cern/OU=Organic Units/OU=Users/CN=crabint1/CN=373708/CN=Robot: CMS CRAB Integration 1
  trusted retrieval policy: /DC=ch/DC=cern/OU=computers/CN=crab-(preprod|prod)-tw(01|02).cern.ch|/DC=ch/DC=cern/OU=computers/CN=crab-dev-tw(01|02|03|04).cern.ch|/DC=ch/DC=cern/OU=Organic Units/OU=Users/CN=cmscrab/CN=(817881|373708)/CN=Robot: cms crab|/DC=ch/DC=cern/OU=Organic Units/OU=Users/CN=crabint1/CN=373708/CN=Robot: CMS CRAB Integration 1
  timeleft: 612:08:49  (25.5 days)

 error: 
 retcode : 0
DEBUG 2025-03-23 16:11:29.455 UTC: 	 Myproxy is valid: 2203680
DEBUG 2025-03-23 16:11:29.456 UTC: 	 Result of myproxy credential check:
  Credential exists on myproxy: username: 2382a3cf28fdeacb1de9b039908761ea517a5ed6  - validity: 25 days, 12:08:00
DEBUG 2025-03-23 16:11:29.456 UTC: 	 Command use: report
DEBUG 2025-03-23 16:11:29.456 UTC: 	 Options use: ['-d', './crab_DYto2Mu4Jets_Unpacker_Large']
DEBUG 2025-03-23 16:11:29.456 UTC: 	 Encoded data for curl request: subresource=version
DEBUG 2025-03-23 16:11:29.503 UTC: 	 CRABClient version: v3.250318
DEBUG 2025-03-23 16:11:29.503 UTC: 	 Instance is prod
DEBUG 2025-03-23 16:11:29.503 UTC: 	 Server base url is cmsweb.cern.ch
DEBUG 2025-03-23 16:11:29.503 UTC: 	 Command api workflow
DEBUG 2025-03-23 16:11:29.503 UTC: 	 Looking up report for task 250323_060454:amalhotr_crab_DYto2Mu4Jets_Unpacker_Large
DEBUG 2025-03-23 16:11:29.503 UTC: 	 Encoded data for curl request: workflow=250323_060454%3Aamalhotr_crab_DYto2Mu4Jets_Unpacker_Large&subresource=report2
DEBUG 2025-03-23 16:11:29.988 UTC: 	 Result: {'result': [{'taskDBInfo': {'userWebDirURL': 'http://vocms0198.cern.ch/mon/amalhotr/250323_060454:amalhotr_crab_DYto2Mu4Jets_Unpacker_Large', 'inputDataset': '/DYto2Mu-4Jets_Bin-MLL-50_TuneCP5_13p6TeV_madgraphMLM-pythia8/RunIII2024Summer24MiniAOD-140X_mcRun3_2024_realistic_v26-v2/MINIAODSIM', 'outputDatasets': ['/DYto2Mu-4Jets_Bin-MLL-50_TuneCP5_13p6TeV_madgraphMLM-pythia8/amalhotr-DYto2Mu4Jets_Unpacker_Large-49feb6938084587a06052f9676570a55/USER'], 'publication': True}, 'runsAndLumis': {'4': [{'parents': "['/store/mc/RunIII2024Summer24MiniAOD/DYto2Mu-4Jets_Bin-MLL-50_TuneCP5_13p6TeV_madgraphMLM-pythia8/MINIAODSIM/140X_mcRun3_2024_realistic_v26-v2/110000/0c940d17-29c1-44a0-914c-c9761266eac5.root', '/store/mc/RunIII2024Summer24MiniAOD/DYto2Mu-4Jets_Bin-MLL-50_TuneCP5_13p6TeV_madgraphMLM-pythia8/MINIAODSIM/140X_mcRun3_2024_realistic_v26-v2/110000/11bd9e87-c80a-49f0-833c-b935699e1434.root', '/store/mc/RunIII2024Summer24MiniAOD/DYto2Mu-4Jets_Bin-MLL-50_TuneCP5_13p6TeV_madgraphMLM-pythia8/MINIAODSIM/140X_mcRun3_2024_realistic_v26-v2/110000/13aed0aa-ac46-4e47-aba9-f9e65ae9cbfd.root', '/store/mc/RunIII2024Summer24MiniAOD/DYto2Mu-4Jets_Bin-MLL-50_TuneCP5_13p6TeV_madgraphMLM-pythia8/MINIAODSIM/140X_mcRun3_2024_realistic_v26-v2/110000/13b3a9b2-2312-4479-b808-89fdc0a27bfa.root', '/store/mc/RunIII2024Summer24MiniAOD/DYto2Mu-4Jets_Bin-MLL-50_TuneCP5_13p6TeV_madgraphMLM-pythia8/MINIAODSIM/140X_mcRun3_2024_realistic_v26-v2/110000/14fd7213-211c-4d6d-a48b-e14ee196f1f4.root']", 'runlumi': "{'1': {'45076': '721', '45142': '676', '45247': '659', '45270': '713', '45352': '737', '45393': '670', '45465': '684', '45489': '729', '89158': '704', '89343': '749', '89400': '678', '89472': '706', '89473': '679', '89483': '688', '89496': '680', '89499': '712', '89505': '697', '89517': '681', '89539': '717', '89541': '689', '89627': '726', '89638': '673', '89640': '702', '89686': '706', '89733': '691', '89792': '680', '89823': '737', '89841': '743', '89854': '752', '89863': '702', '89931': '707', '89979': '732', '89980': '705', '90516': '726', '100037': '740', '100057': '687', '100073': '684', '100114': '690', '100122': '717', '100155': '710', '100180': '690', '100193': '666', '100225': '719', '100284': '701', '100324': '711', '100371': '714', '100390': '678', '100544': '722', '144966': '764', '145629': '711', '145989': '700', '151662': '682', '180043': '711', '180175': '734', '180380': '705', '180743': '762', '180798': '731', '180821': '727', '180838': '776', '180858': '715', '180979': '748', '180981': '730', '180995': '724', '181146': '699', '181278': '715', '181281': '659', '181282': '723', '181298': '715', '181319': '707', '181343': '715', '181392': '725', '181418': '715', '181422': '717', '181449': '704', '181482': '733', '181655': '651', '181929': '689', '182009': '701', '182023': '735', '182036': '710', '182063': '689', '182073': '740', '182099': '725', '182132': '709', '182196': '742', '182304': '669', '182336': '709', '182406': '720', '182410': '673', '182475': '724', '182499': '739', '182573': '746', '182599': '713', '182608': '709', '182615': '691', '182649': '712', '182671': '724', '182742': '687', '182865': '676', '182918': '718', '186058': '689', '186426': '726', '186511': '689', '186768': '677', '186795': '716', '186852': '744', '186875': '678', '186894': '680', '186975': '712', '186996': '659', '394312': '704', '394315': '668', '394316': '721', '394320': '664', '394322': '667', '394325': '723', '394326': '745', '394329': '686', '394332': '681', '394334': '725', '394348': '724', '394356': '699', '394357': '688', '394361': '721', '394362': '730', '394366': '725', '394386': '715', '394391': '747', '394392': '757', '394400': '698', '394403': '753', '394407': '677', '394409': '723', '394429': '723', '394432': '687', '394438': '681', '394439': '710', '394444': '725', '394450': '721', '394463': '677', '394466': '716', '394471': '701', '394473': '684', '394477': '707', '394481': '676', '394483': '715', '394504': '708', '394505': '693', '394519': '738', '394538': '711', '394540': '723', '394551': '700', '394553': '671', '394561': '708', '394562': '697', '394568': '696', '394569': '737', '394571': '710', '394572': '728', '394584': '669', '394585': '697', '394605': '658', '394606': '730', '394608': '770', '394615': '727', '394620': '681', '394621': '678', '394628': '697', '394629': '660', '394636': '725', '394644': '701', '394652': '706', '394655': '713', '394658': '723', '394668': '688', '394674': '696', '394675': '735', '394679': '722', '394685': '701', '394687': '719', '453837': '702', '453847': '702', '453854': '687', '453874': '702', '453876': '692', '453880': '695', '453881': '707', '453887': '728', '453906': '665', '453923': '692', '453931': '768', '453934': '699', '453936': '680', '453947': '704', '453960': '684', '453968': '728', '453972': '714', '453986': '694', '453997': '711', '454697': '714', '454849': '706', '454895': '689', '454907': '712', '454922': '709', '454950': '725', '454967': '755', '455022': '778', '455050': '726', '455059': '716', '455082': '706', '455090': '727', '455121': '746', '455130': '754', '455153': '728', '455231': '710', '455264': '757', '455289': '774', '455346': '717', '455381': '722', '455399': '686', '455404': '740', '455414': '733', '455421': '726', '455559': '688', '455575': '693', '455582': '701', '455602': '749', '455622': '715', '455684': '724', '455712': '708', '455745': '742', '455770': '714', '455772': '735', '455856': '771', '465036': '710', '465038': '730', '465056': '692', '465084': '705', '465085': '686', '465091': '751', '465097': '718', '465102': '686', '465120': '674', '465141': '702', '465149': '708', '465152': '708', '465157': '698', '465159': '672', '465182': '684', '465205': '772', '465208': '733', '465221': '737', '465222': '713', '465250': '720', '465263': '670', '465280': '655', '465367': '733', '465407': '686', '465424': '685', '465441': '728', '465494': '698', '465609': '718', '465714': '717', '465725': '712', '465739': '714', '465783': '663', '465834': '705', '465837': '726', '465845': '669', '465850': '650', '465865': '666', '465875': '718', '465915': '688', '465921': '665', '465959': '689', '472002': '745', '472024': '684', '472128': '701', '472173': '690', '472189': '716', '472256': '721', '472271': '715', '472336': '725', '472454': '706', '472476': '724', '472635': '721', '472664': '694', '472678': '669', '472735': '721', '472749': '716', '472774': '698', '472875': '683', '478748': '675'}}", 'events': 207586, 'type': 'EDM', 'lfn': '/store/user/amalhotr/DYto2Mu-4Jets_Bin-MLL-50_TuneCP5_13p6TeV_madgraphMLM-pythia8/DYto2Mu4Jets_Unpacker_Large/250323_060454/0000/HLTUnpackerOutputLarge_4.root'}, {'parents': '[]', 'runlumi': "{'1': {'45076': 'None', '45142': 'None', '45247': 'None', '45270': 'None', '45352': 'None', '45393': 'None', '45465': 'None', '45489': 'None', '89343': 'None', '89400': 'None', '89472': 'None', '89473': 'None', '89483': 'None', '89496': 'None', '89499': 'None', '89505': 'None', '89517': 'None', '89539': 'None', '89541': 'None', '89627': 'None', '89638': 'None', '89640': 'None', '89686': 'None', '89733': 'None', '89792': 'None', '89823': 'None', '89841': 'None', '89854': 'None', '89863': 'None', '89931': 'None', '89979': 'None', '89980': 'None', '90516': 'None', '100037': 'None', '100057': 'None', '100073': 'None', '100114': 'None', '100122': 'None', '100155': 'None', '100180': 'None', '100193': 'None', '100225': 'None', '100284': 'None', '100324': 'None', '100371': 'None', '100390': 'None', '100544': 'None'}}", 'events': 33076, 'type': 'POOLIN', 'lfn': '/store/mc/RunIII2024Summer24MiniAOD/DYto2Mu-4Jets_Bin-MLL-50_TuneCP5_13p6TeV_madgraphMLM-pythia8/MINIAODSIM/140X_mcRun3_2024_realistic_v26-v2/110000/14fd7213-211c-4d6d-a48b-e14ee196f1f4.root_4'}, {'parents': '[]', 'runlumi': "{'1': {'394312': 'None', '394315': 'None', '394316': 'None', '394320': 'None', '394322': 'None', '394325': 'None', '394326': 'None', '394329': 'None', '394332': 'None', '394334': 'None', '394348': 'None', '394356': 'None', '394357': 'None', '394361': 'None', '394362': 'None', '394366': 'None', '394386': 'None', '394391': 'None', '394392': 'None', '394400': 'None', '394403': 'None', '394407': 'None', '394409': 'None', '394429': 'None', '394432': 'None', '394438': 'None', '394439': 'None', '394444': 'None', '394450': 'None', '394463': 'None', '394466': 'None', '394471': 'None', '394473': 'None', '394477': 'None', '394481': 'None', '394483': 'None', '394504': 'None', '394505': 'None', '394519': 'None', '394538': 'None', '394540': 'None', '394551': 'None', '394553': 'None', '394561': 'None', '394562': 'None', '394568': 'None', '394569': 'None', '394571': 'None', '394572': 'None', '394584': 'None', '394585': 'None', '394605': 'None', '394606': 'None', '394608': 'None', '394615': 'None', '394620': 'None', '394621': 'None', '394628': 'None', '394629': 'None', '394636': 'None', '394644': 'None', '394652': 'None', '394655': 'None', '394658': 'None', '394668': 'None', '394674': 'None', '394675': 'None', '394679': 'None', '394685': 'None', '394687': 'None'}}", 'events': 49480, 'type': 'POOLIN', 'lfn': '/store/mc/RunIII2024Summer24MiniAOD/DYto2Mu-4Jets_Bin-MLL-50_TuneCP5_13p6TeV_madgraphMLM-pythia8/MINIAODSIM/140X_mcRun3_2024_realistic_v26-v2/110000/13b3a9b2-2312-4479-b808-89fdc0a27bfa.root_4'}, {'parents': '[]', 'runlumi': "{'1': {'465208': 'None', '465221': 'None', '465222': 'None', '465250': 'None', '465263': 'None', '465280': 'None', '465367': 'None', '465407': 'None', '465424': 'None', '465441': 'None', '465494': 'None', '465609': 'None', '465714': 'None', '465725': 'None', '465739': 'None', '465783': 'None', '465834': 'None', '465837': 'None', '465845': 'None', '465850': 'None', '465865': 'None', '465875': 'None', '465915': 'None', '465921': 'None', '465959': 'None', '472002': 'None', '472024': 'None', '472128': 'None', '472173': 'None', '472189': 'None', '472256': 'None', '472271': 'None', '472336': 'None', '472454': 'None', '472476': 'None', '472635': 'None', '472664': 'None', '472678': 'None', '472735': 'None', '472749': 'None', '472774': 'None', '472875': 'None', '478748': 'None'}}", 'events': 30162, 'type': 'POOLIN', 'lfn': '/store/mc/RunIII2024Summer24MiniAOD/DYto2Mu-4Jets_Bin-MLL-50_TuneCP5_13p6TeV_madgraphMLM-pythia8/MINIAODSIM/140X_mcRun3_2024_realistic_v26-v2/110000/13aed0aa-ac46-4e47-aba9-f9e65ae9cbfd.root_4'}, {'parents': '[]', 'runlumi': "{'1': {'453837': 'None', '453847': 'None', '453854': 'None', '453874': 'None', '453876': 'None', '453880': 'None', '453881': 'None', '453887': 'None', '453906': 'None', '453923': 'None', '453931': 'None', '453934': 'None', '453936': 'None', '453947': 'None', '453960': 'None', '453968': 'None', '453972': 'None', '453986': 'None', '453997': 'None', '454697': 'None', '454849': 'None', '454895': 'None', '454907': 'None', '454922': 'None', '454950': 'None', '454967': 'None', '455022': 'None', '455050': 'None', '455059': 'None', '455082': 'None', '455090': 'None', '455121': 'None', '455130': 'None', '455153': 'None', '455231': 'None', '455264': 'None', '455289': 'None', '455346': 'None', '455381': 'None', '455399': 'None', '455404': 'None', '455414': 'None', '455421': 'None', '455559': 'None', '455575': 'None', '455582': 'None', '455602': 'None', '455622': 'None', '455684': 'None', '455712': 'None', '455745': 'None', '455770': 'None', '455772': 'None', '455856': 'None', '465036': 'None', '465038': 'None', '465056': 'None', '465084': 'None', '465085': 'None', '465091': 'None', '465097': 'None', '465102': 'None', '465120': 'None', '465141': 'None', '465149': 'None', '465152': 'None', '465157': 'None', '465159': 'None', '465182': 'None', '465205': 'None'}}", 'events': 50046, 'type': 'POOLIN', 'lfn': '/store/mc/RunIII2024Summer24MiniAOD/DYto2Mu-4Jets_Bin-MLL-50_TuneCP5_13p6TeV_madgraphMLM-pythia8/MINIAODSIM/140X_mcRun3_2024_realistic_v26-v2/110000/11bd9e87-c80a-49f0-833c-b935699e1434.root_4'}, {'parents': '[]', 'runlumi': "{'1': {'89158': 'None', '144966': 'None', '145629': 'None', '145989': 'None', '151662': 'None', '180043': 'None', '180175': 'None', '180380': 'None', '180743': 'None', '180798': 'None', '180821': 'None', '180838': 'None', '180858': 'None', '180979': 'None', '180981': 'None', '180995': 'None', '181146': 'None', '181278': 'None', '181281': 'None', '181282': 'None', '181298': 'None', '181319': 'None', '181343': 'None', '181392': 'None', '181418': 'None', '181422': 'None', '181449': 'None', '181482': 'None', '181655': 'None', '181929': 'None', '182009': 'None', '182023': 'None', '182036': 'None', '182063': 'None', '182073': 'None', '182099': 'None', '182132': 'None', '182196': 'None', '182304': 'None', '182336': 'None', '182406': 'None', '182410': 'None', '182475': 'None', '182499': 'None', '182573': 'None', '182599': 'None', '182608': 'None', '182615': 'None', '182649': 'None', '182671': 'None', '182742': 'None', '182865': 'None', '182918': 'None', '186058': 'None', '186426': 'None', '186511': 'None', '186768': 'None', '186795': 'None', '186852': 'None', '186875': 'None', '186894': 'None', '186975': 'None', '186996': 'None'}}", 'events': 44822, 'type': 'POOLIN', 'lfn': '/store/mc/RunIII2024Summer24MiniAOD/DYto2Mu-4Jets_Bin-MLL-50_TuneCP5_13p6TeV_madgraphMLM-pythia8/MINIAODSIM/140X_mcRun3_2024_realistic_v26-v2/110000/0c940d17-29c1-44a0-914c-c9761266eac5.root_4'}], '16': [{'parents': "['/store/mc/RunIII2024Summer24MiniAOD/DYto2Mu-4Jets_Bin-MLL-50_TuneCP5_13p6TeV_madgraphMLM-pythia8/MINIAODSIM/140X_mcRun3_2024_realistic_v26-v2/110000/11f0a13c-7791-4271-82e9-7089f2bf085c.root', '/store/mc/RunIII2024Summer24MiniAOD/DYto2Mu-4Jets_Bin-MLL-50_TuneCP5_13p6TeV_madgraphMLM-pythia8/MINIAODSIM/140X_mcRun3_2024_realistic_v26-v2/110000/12549d5a-3d43-4624-99d5-510086659728.root', '/store/mc/RunIII2024Summer24MiniAOD/DYto2Mu-4Jets_Bin-MLL-50_TuneCP5_13p6TeV_madgraphMLM-pythia8/MINIAODSIM/140X_mcRun3_2024_realistic_v26-v2/110000/1395713b-4693-453c-8afd-0cc17056d594.root', '/store/mc/RunIII2024Summer24MiniAOD/DYto2Mu-4Jets_Bin-MLL-50_TuneCP5_13p6TeV_madgraphMLM-pythia8/MINIAODSIM/140X_mcRun3_2024_realistic_v26-v2/110000/14d137a6-c33e-4377-bab0-56de092370e2.root', '/store/mc/RunIII2024Summer24MiniAOD/DYto2Mu-4Jets_Bin-MLL-50_TuneCP5_13p6TeV_madgraphMLM-pythia8/MINIAODSIM/140X_mcRun3_2024_realistic_v26-v2/110000/153fcb47-cb59-4af3-85d3-6b17347bde8e.root']", 'runlumi': "{'1': {'14069': '712', '100270': '689', '100271': '733', '100277': '741', '100278': '692', '100281': '705', '100286': '719', '100288': '729', '100289': '715', '100293': '692', '100294': '736', '100295': '733', '100303': '716', '100306': '717', '100310': '705', '100311': '680', '100319': '695', '100322': '711', '100336': '740', '100337': '693', '100353': '694', '100360': '694', '100361': '723', '100363': '698', '100370': '682', '100378': '710', '100392': '751', '100393': '720', '100394': '723', '100401': '752', '100404': '754', '100457': '716', '100494': '715', '100499': '702', '100502': '710', '100512': '733', '100555': '699', '100559': '733', '100563': '708', '100572': '706', '100576': '684', '100580': '704', '100584': '702', '100596': '708', '100613': '716', '100621': '711', '100629': '694', '100633': '736', '100637': '725', '100641': '711', '100645': '684', '100646': '713', '100650': '721', '100654': '674', '100655': '699', '100657': '733', '100658': '723', '100662': '702', '100666': '714', '100673': '682', '100678': '724', '100690': '725', '100691': '713', '100695': '724', '100698': '712', '100699': '704', '100703': '703', '100711': '729', '100714': '656', '100723': '730', '100731': '668', '100732': '683', '100739': '732', '100743': '699', '100747': '705', '100755': '717', '100756': '721', '100765': '744', '100772': '700', '100773': '707', '100781': '720', '100788': '722', '100789': '697', '100796': '721', '100797': '724', '100802': '729', '100806': '714', '100813': '706', '100814': '663', '100818': '745', '100829': '700', '100830': '709', '100834': '687', '100837': '661', '100838': '743', '100843': '711', '100851': '705', '100854': '755', '100855': '692', '100859': '734', '100863': '746', '100875': '700', '100884': '713', '100892': '716', '100900': '671', '100910': '731', '100916': '701', '101130': '718', '101135': '731', '101136': '721', '101138': '686', '101139': '723', '101141': '724', '101143': '721', '101151': '724', '101172': '689', '101220': '737', '101228': '694', '101246': '717', '101272': '725', '101313': '680', '101327': '734', '101328': '738', '101359': '688', '101369': '727', '101530': '701', '101598': '685', '101603': '726', '101609': '718', '101612': '722', '101620': '725', '101644': '746', '101687': '691', '180194': '682', '186376': '742', '186747': '764', '202316': '677', '202581': '727', '203869': '691', '204026': '722', '204185': '723', '204281': '707', '204288': '710', '204313': '703', '204339': '695', '204370': '717', '204380': '710', '204396': '680', '204427': '700', '204437': '668', '204462': '666', '204469': '669', '204478': '700', '204494': '710', '204495': '713', '204503': '708', '204510': '727', '204519': '709', '204526': '730', '204607': '700', '204624': '723', '204630': '731', '204632': '715', '204641': '747', '204649': '709', '204658': '703', '204665': '705', '204674': '713', '204682': '727', '204690': '715', '204699': '712', '204706': '685', '204715': '747', '204731': '710', '204740': '682', '204762': '706', '204765': '743', '204773': '716', '204788': '698', '204797': '671', '204829': '720', '204838': '718', '204846': '728', '204855': '726', '204862': '712', '204985': '741', '205068': '702', '205853': '720', '240002': '696', '240004': '664', '240008': '679', '240023': '673', '240028': '686', '240038': '667', '240041': '681', '240045': '667', '240056': '673', '240058': '737', '240059': '656', '240070': '688', '240074': '704', '240082': '719', '240087': '692', '240089': '715', '240102': '685', '240110': '721', '240142': '699', '240155': '668', '240158': '674', '240159': '694', '240168': '676', '240189': '727', '240199': '660', '240223': '701', '240237': '645', '240239': '722', '240240': '698', '240278': '685', '240294': '684', '240319': '694', '240325': '666', '240352': '705', '240362': '667', '240398': '675', '240421': '690', '240435': '669', '240459': '692', '240471': '654', '240473': '676', '240477': '681', '240500': '685', '240512': '678', '240533': '649', '240574': '673', '240586': '692', '240608': '751', '240641': '676', '240648': '684', '240655': '687', '240658': '655', '240666': '759', '240678': '656', '240680': '671', '240706': '675', '240707': '727', '240713': '685', '240733': '735', '240754': '654', '240758': '687', '240764': '750', '240773': '689', '240775': '658', '240776': '683', '240788': '698', '240797': '696', '240857': '712', '240858': '674', '240865': '706', '240873': '712', '240896': '674', '240927': '677', '240961': '658', '240963': '704', '240993': '707', '241174': '717', '241401': '718', '241418': '709', '241589': '745', '241630': '719', '241652': '744', '241747': '687', '241761': '751', '241771': '673', '241779': '721', '266204': '671', '266209': '714', '266215': '711', '266219': '665', '266222': '719', '266223': '714', '266228': '684', '266229': '661', '266237': '718', '266238': '664', '266249': '704', '266256': '688', '266260': '693', '266261': '716', '266262': '690', '266272': '698', '266273': '705', '266279': '676', '266290': '692', '266295': '717', '266306': '694', '266308': '701', '266320': '687', '266328': '678', '266335': '708', '266336': '696', '266343': '702', '266361': '681', '266365': '696', '266366': '717', '266369': '687', '266371': '676', '266400': '717', '266493': '692', '266575': '679', '266592': '689', '266616': '693', '266636': '701', '266659': '747', '266675': '727', '266677': '653', '266683': '716', '266724': '738', '266750': '721', '266772': '691', '266794': '721', '266924': '680', '266941': '743', '266946': '695', '266953': '689', '266957': '713', '266965': '696', '266969': '712', '266970': '750', '266981': '725', '266982': '694', '266987': '703', '266994': '683', '266998': '679', '295055': '729', '295072': '689', '295088': '698', '295092': '747', '295105': '688', '295109': '702', '295110': '728', '295113': '674', '295123': '704', '295125': '695', '295126': '731', '295129': '721'}}", 'events': 243032, 'type': 'EDM', 'lfn': '/store/user/amalhotr/DYto2Mu-4Jets_Bin-MLL-50_TuneCP5_13p6TeV_madgraphMLM-pythia8/DYto2Mu4Jets_Unpacker_Large/250323_060454/0000/HLTUnpackerOutputLarge_16.root'}, {'parents': '[]', 'runlumi': "{'1': {'100270': 'None', '100271': 'None', '100277': 'None', '100278': 'None', '100281': 'None', '100286': 'None', '100288': 'None', '100289': 'None', '100293': 'None', '100294': 'None', '100295': 'None', '100303': 'None', '100306': 'None', '100310': 'None', '100311': 'None', '100319': 'None', '100322': 'None', '100336': 'None', '100337': 'None', '100353': 'None', '100360': 'None', '100361': 'None', '100363': 'None', '100370': 'None', '100378': 'None', '100392': 'None', '100393': 'None', '100394': 'None', '100401': 'None', '100404': 'None', '100457': 'None', '100494': 'None', '100499': 'None', '100502': 'None', '100512': 'None', '100576': 'None', '100580': 'None', '100584': 'None', '100641': 'None', '100650': 'None', '100655': 'None', '100673': 'None', '100690': 'None', '100691': 'None', '100698': 'None', '100699': 'None', '100714': 'None', '100731': 'None', '100732': 'None', '100743': 'None', '100756': 'None', '100765': 'None', '100788': 'None', '100789': 'None', '100796': 'None', '100806': 'None', '100813': 'None', '100814': 'None', '100834': 'None', '100837': 'None', '100855': 'None', '100910': 'None', '101130': 'None', '101135': 'None', '101136': 'None', '101138': 'None', '101139': 'None', '101141': 'None', '101143': 'None', '101151': 'None'}}", 'events': 49688, 'type': 'POOLIN', 'lfn': '/store/mc/RunIII2024Summer24MiniAOD/DYto2Mu-4Jets_Bin-MLL-50_TuneCP5_13p6TeV_madgraphMLM-pythia8/MINIAODSIM/140X_mcRun3_2024_realistic_v26-v2/110000/153fcb47-cb59-4af3-85d3-6b17347bde8e.root_16'}, {'parents': '[]', 'runlumi': "{'1': {'100555': 'None', '100559': 'None', '100563': 'None', '100572': 'None', '100596': 'None', '100613': 'None', '100621': 'None', '100629': 'None', '100633': 'None', '100637': 'None', '100645': 'None', '100646': 'None', '100654': 'None', '100657': 'None', '100658': 'None', '100662': 'None', '100666': 'None', '100678': 'None', '100695': 'None', '100703': 'None', '100711': 'None', '100723': 'None', '100739': 'None', '100747': 'None', '100755': 'None', '100772': 'None', '100773': 'None', '100781': 'None', '100797': 'None', '100802': 'None', '100818': 'None', '100829': 'None', '100830': 'None', '100838': 'None', '100843': 'None', '100851': 'None', '100854': 'None', '100859': 'None', '100863': 'None', '100875': 'None', '100884': 'None', '100892': 'None', '100900': 'None', '100916': 'None', '101172': 'None', '101220': 'None', '101228': 'None', '101246': 'None', '101272': 'None', '101313': 'None', '101327': 'None', '101328': 'None', '101359': 'None', '101369': 'None', '101530': 'None', '101598': 'None', '101603': 'None', '101609': 'None', '101612': 'None', '101620': 'None', '101644': 'None', '101687': 'None'}}", 'events': 44315, 'type': 'POOLIN', 'lfn': '/store/mc/RunIII2024Summer24MiniAOD/DYto2Mu-4Jets_Bin-MLL-50_TuneCP5_13p6TeV_madgraphMLM-pythia8/MINIAODSIM/140X_mcRun3_2024_realistic_v26-v2/110000/14d137a6-c33e-4377-bab0-56de092370e2.root_16'}, {'parents': '[]', 'runlumi': "{'1': {'204370': 'None', '204380': 'None', '204396': 'None', '204437': 'None', '204462': 'None', '204469': 'None', '204478': 'None', '204494': 'None', '204495': 'None', '204503': 'None', '204510': 'None', '204519': 'None', '204526': 'None', '204607': 'None', '204624': 'None', '204632': 'None', '204641': 'None', '204649': 'None', '204658': 'None', '204665': 'None', '204674': 'None', '204682': 'None', '204690': 'None', '204699': 'None', '204706': 'None', '204715': 'None', '204731': 'None', '204740': 'None', '204762': 'None', '204788': 'None', '204797': 'None', '204829': 'None', '204838': 'None', '204846': 'None', '204855': 'None', '204862': 'None', '204985': 'None', '240004': 'None', '240008': 'None', '240023': 'None', '240028': 'None', '240038': 'None', '240041': 'None', '240045': 'None', '240056': 'None', '240059': 'None', '240070': 'None', '240074': 'None', '240087': 'None', '240102': 'None', '240155': 'None', '240158': 'None', '240237': 'None', '240278': 'None', '240294': 'None', '240325': 'None', '240435': 'None', '240459': 'None', '240471': 'None', '240500': 'None', '240533': 'None', '240574': 'None', '240586': 'None', '240641': 'None', '240678': 'None', '240680': 'None', '240706': 'None', '240713': 'None', '240754': 'None', '240758': 'None', '240773': 'None', '240775': 'None'}}", 'events': 49822, 'type': 'POOLIN', 'lfn': '/store/mc/RunIII2024Summer24MiniAOD/DYto2Mu-4Jets_Bin-MLL-50_TuneCP5_13p6TeV_madgraphMLM-pythia8/MINIAODSIM/140X_mcRun3_2024_realistic_v26-v2/110000/1395713b-4693-453c-8afd-0cc17056d594.root_16'}, {'parents': '[]', 'runlumi': "{'1': {'266204': 'None', '266209': 'None', '266215': 'None', '266219': 'None', '266222': 'None', '266223': 'None', '266228': 'None', '266229': 'None', '266237': 'None', '266238': 'None', '266249': 'None', '266256': 'None', '266260': 'None', '266261': 'None', '266262': 'None', '266272': 'None', '266273': 'None', '266279': 'None', '266290': 'None', '266295': 'None', '266306': 'None', '266308': 'None', '266320': 'None', '266328': 'None', '266335': 'None', '266336': 'None', '266343': 'None', '266361': 'None', '266365': 'None', '266366': 'None', '266369': 'None', '266371': 'None', '266400': 'None', '266493': 'None', '266575': 'None', '266592': 'None', '266616': 'None', '266636': 'None', '266659': 'None', '266675': 'None', '266677': 'None', '266683': 'None', '266724': 'None', '266750': 'None', '266772': 'None', '266794': 'None', '266924': 'None', '266941': 'None', '266946': 'None', '266953': 'None', '266957': 'None', '266965': 'None', '266969': 'None', '266970': 'None', '266981': 'None', '266982': 'None', '266987': 'None', '266994': 'None', '266998': 'None', '295055': 'None', '295072': 'None', '295088': 'None', '295092': 'None', '295105': 'None', '295109': 'None', '295110': 'None', '295113': 'None', '295123': 'None', '295125': 'None', '295126': 'None', '295129': 'None'}}", 'events': 49776, 'type': 'POOLIN', 'lfn': '/store/mc/RunIII2024Summer24MiniAOD/DYto2Mu-4Jets_Bin-MLL-50_TuneCP5_13p6TeV_madgraphMLM-pythia8/MINIAODSIM/140X_mcRun3_2024_realistic_v26-v2/110000/12549d5a-3d43-4624-99d5-510086659728.root_16'}, {'parents': '[]', 'runlumi': "{'1': {'14069': 'None', '180194': 'None', '186376': 'None', '186747': 'None', '202316': 'None', '202581': 'None', '203869': 'None', '204026': 'None', '204185': 'None', '204281': 'None', '204288': 'None', '204313': 'None', '204339': 'None', '204427': 'None', '204630': 'None', '204765': 'None', '204773': 'None', '205068': 'None', '205853': 'None', '240002': 'None', '240058': 'None', '240082': 'None', '240089': 'None', '240110': 'None', '240142': 'None', '240159': 'None', '240168': 'None', '240189': 'None', '240199': 'None', '240223': 'None', '240239': 'None', '240240': 'None', '240319': 'None', '240352': 'None', '240362': 'None', '240398': 'None', '240421': 'None', '240473': 'None', '240477': 'None', '240512': 'None', '240608': 'None', '240648': 'None', '240655': 'None', '240658': 'None', '240666': 'None', '240707': 'None', '240733': 'None', '240764': 'None', '240776': 'None', '240788': 'None', '240797': 'None', '240857': 'None', '240858': 'None', '240865': 'None', '240873': 'None', '240896': 'None', '240927': 'None', '240961': 'None', '240963': 'None', '240993': 'None', '241174': 'None', '241401': 'None', '241418': 'None', '241589': 'None', '241630': 'None', '241652': 'None', '241747': 'None', '241761': 'None', '241771': 'None', '241779': 'None'}}", 'events': 49431, 'type': 'POOLIN', 'lfn': '/store/mc/RunIII2024Summer24MiniAOD/DYto2Mu-4Jets_Bin-MLL-50_TuneCP5_13p6TeV_madgraphMLM-pythia8/MINIAODSIM/140X_mcRun3_2024_realistic_v26-v2/110000/11f0a13c-7791-4271-82e9-7089f2bf085c.root_16'}], '14': [{'parents': "['/store/mc/RunIII2024Summer24MiniAOD/DYto2Mu-4Jets_Bin-MLL-50_TuneCP5_13p6TeV_madgraphMLM-pythia8/MINIAODSIM/140X_mcRun3_2024_realistic_v26-v2/110000/0a7ef2a6-11c5-4368-96d7-cea7c7ce1fc9.root', '/store/mc/RunIII2024Summer24MiniAOD/DYto2Mu-4Jets_Bin-MLL-50_TuneCP5_13p6TeV_madgraphMLM-pythia8/MINIAODSIM/140X_mcRun3_2024_realistic_v26-v2/110000/0c7e3389-4643-47ee-80a7-2f07944ba1a2.root', '/store/mc/RunIII2024Summer24MiniAOD/DYto2Mu-4Jets_Bin-MLL-50_TuneCP5_13p6TeV_madgraphMLM-pythia8/MINIAODSIM/140X_mcRun3_2024_realistic_v26-v2/110000/0dbb27e6-ea03-4554-914e-f6c157a97a6f.root', '/store/mc/RunIII2024Summer24MiniAOD/DYto2Mu-4Jets_Bin-MLL-50_TuneCP5_13p6TeV_madgraphMLM-pythia8/MINIAODSIM/140X_mcRun3_2024_realistic_v26-v2/110000/0e4ebc6b-afbf-404d-bb57-7fd8bbdbfecc.root', '/store/mc/RunIII2024Summer24MiniAOD/DYto2Mu-4Jets_Bin-MLL-50_TuneCP5_13p6TeV_madgraphMLM-pythia8/MINIAODSIM/140X_mcRun3_2024_realistic_v26-v2/110000/0f330959-cd49-47a9-9d2f-9c29cdfd89ff.root']", 'runlumi': "{'1': {'182313': '712', '186053': '723', '186059': '750', '186862': '743', '202041': '654', '202375': '736', '202560': '695', '202807': '706', '202851': '755', '203958': '752', '204006': '700', '204034': '765', '204043': '712', '204059': '718', '204089': '701', '204118': '714', '204126': '771', '204134': '679', '204143': '739', '204151': '702', '204159': '733', '204175': '699', '204184': '709', '204192': '707', '204200': '690', '204272': '749', '204428': '720', '204518': '731', '204525': '739', '204535': '744', '204550': '736', '204687': '723', '204839': '753', '204853': '715', '204861': '716', '205038': '701', '205092': '706', '205436': '684', '205498': '676', '205590': '701', '205655': '745', '205931': '709', '240009': '707', '240015': '717', '240026': '721', '240032': '739', '240034': '686', '240050': '724', '240065': '700', '240067': '715', '240104': '682', '240137': '718', '240172': '694', '240180': '716', '240197': '691', '240212': '698', '240213': '697', '240220': '704', '240230': '696', '240238': '691', '240254': '698', '240271': '721', '240279': '715', '240295': '708', '240312': '739', '240336': '692', '240353': '717', '240381': '706', '240382': '709', '240389': '690', '259513': '699', '259529': '708', '259557': '685', '259570': '679', '259595': '706', '259611': '674', '259627': '693', '259639': '691', '259652': '701', '259679': '712', '259680': '659', '259688': '716', '259696': '708', '259697': '693', '259721': '684', '259729': '727', '259737': '729', '259754': '659', '259778': '689', '259792': '698', '259805': '659', '259825': '735', '259828': '699', '259831': '717', '259838': '704', '259855': '699', '259872': '713', '259879': '733', '259904': '682', '259910': '689', '259913': '733', '259917': '695', '259920': '726', '259945': '671', '259954': '690', '259961': '670', '260018': '706', '260031': '713', '260038': '684', '260052': '700', '260076': '686', '260078': '709', '260079': '726', '260092': '701', '260093': '691', '260110': '754', '260120': '682', '260135': '671', '260136': '707', '260141': '694', '260153': '690', '260157': '672', '260160': '706', '260168': '724', '260174': '713', '260177': '707', '260185': '703', '260193': '689', '260211': '721', '260215': '700', '260219': '721', '260229': '711', '260234': '697', '260236': '723', '260252': '717', '260256': '704', '260260': '727', '260267': '710', '260273': '694', '260275': '698', '260277': '713', '303182': '716', '303207': '722', '303208': '714', '303211': '723', '303216': '696', '303232': '715', '303249': '688', '303257': '710', '303265': '751', '303273': '666', '303277': '706', '303279': '752', '303280': '644', '303290': '706', '303298': '720', '303304': '721', '303314': '712', '303315': '706', '303317': '709', '303318': '713', '303320': '711', '303322': '736', '303323': '698', '303324': '708', '303327': '705', '303331': '709', '303333': '741', '303335': '673', '303337': '708', '303338': '685', '303340': '666', '303341': '673', '303345': '689', '303347': '674', '303348': '692', '303351': '683', '303352': '760', '303354': '707', '303358': '676', '303359': '701', '303361': '735', '303362': '720', '303364': '656', '303365': '719', '303369': '744', '303372': '713', '303373': '695', '303374': '665', '303375': '717', '303380': '679', '303385': '707', '303387': '683', '303388': '715', '303395': '679', '303396': '711', '303397': '695', '303399': '697', '303402': '711', '303403': '717', '303405': '719', '303407': '696', '303413': '698', '303414': '725', '303416': '709', '303429': '689', '303437': '700', '303440': '746', '303443': '702', '303444': '653', '303445': '697', '303446': '742', '395376': '744', '395461': '722', '395479': '664', '395552': '734', '395555': '728', '395556': '713', '395562': '714', '395579': '729', '395582': '717', '395589': '714', '395603': '718', '395620': '715', '395631': '704', '395664': '719', '395713': '750', '395719': '722', '395733': '716', '395743': '712', '395745': '701', '395760': '720', '395762': '736', '395769': '730', '395793': '714', '395800': '716', '395817': '679', '395820': '721', '395821': '718', '395826': '698', '395833': '710', '395837': '746', '395851': '718', '395858': '724', '395896': '690', '395916': '718', '395919': '705', '395922': '758', '395939': '734', '395942': '682', '395958': '740', '395971': '701', '395973': '717', '395976': '690', '395983': '695', '395989': '695', '396008': '704', '396012': '715', '396021': '730', '396025': '718', '396031': '774', '396034': '711', '396041': '720', '396047': '738', '396061': '703', '396067': '717', '396084': '699', '396098': '719', '396100': '737', '396102': '714', '396115': '731', '396116': '769', '396117': '754', '396121': '737', '396123': '715', '396128': '707', '396132': '676', '396133': '664', '396136': '749', '396137': '725', '396141': '668', '400740': '740', '400767': '705', '400807': '697', '400823': '681', '400929': '694', '425004': '732', '425014': '731', '425021': '648', '425033': '660', '425044': '702', '425053': '693', '425055': '690', '425061': '686', '425062': '745', '425069': '704', '425076': '683', '425085': '671', '425086': '705', '425087': '709', '425093': '670', '425110': '729', '425118': '669', '425125': '725', '425126': '689', '425134': '717', '425140': '714', '425150': '692', '425190': '707', '425191': '691', '425192': '730', '425207': '723', '425216': '695', '425217': '679', '425223': '677', '425231': '725', '425240': '719', '425243': '751', '425247': '702', '425248': '706', '425264': '710', '425272': '726', '425289': '715', '425305': '674', '425306': '718', '425315': '694', '425326': '724', '425329': '730', '425337': '699', '425381': '682', '425401': '699', '425409': '683', '425416': '728', '425418': '722', '425426': '668', '425428': '696', '425442': '701', '425443': '727', '425450': '688', '425459': '705', '425466': '656', '425469': '719', '425506': '693', '425540': '687', '425548': '682', '425573': '716', '425581': '731', '425597': '702', '425614': '716', '425621': '693', '425630': '693', '425643': '698'}}", 'events': 249158, 'type': 'EDM', 'lfn': '/store/user/amalhotr/DYto2Mu-4Jets_Bin-MLL-50_TuneCP5_13p6TeV_madgraphMLM-pythia8/DYto2Mu4Jets_Unpacker_Large/250323_060454/0000/HLTUnpackerOutputLarge_14.root'}, {'parents': '[]', 'runlumi': "{'1': {'182313': 'None', '186053': 'None', '186059': 'None', '186862': 'None', '202041': 'None', '202375': 'None', '202560': 'None', '202807': 'None', '202851': 'None', '203958': 'None', '204006': 'None', '204034': 'None', '204043': 'None', '204059': 'None', '204089': 'None', '204118': 'None', '204126': 'None', '204134': 'None', '204143': 'None', '204151': 'None', '204159': 'None', '204175': 'None', '204184': 'None', '204192': 'None', '204200': 'None', '204272': 'None', '204428': 'None', '204518': 'None', '204525': 'None', '204535': 'None', '204550': 'None', '204687': 'None', '204839': 'None', '204853': 'None', '204861': 'None', '205038': 'None', '205092': 'None', '205436': 'None', '205498': 'None', '205590': 'None', '205655': 'None', '205931': 'None', '240009': 'None', '240015': 'None', '240026': 'None', '240032': 'None', '240034': 'None', '240050': 'None', '240065': 'None', '240067': 'None', '240104': 'None', '240137': 'None', '240172': 'None', '240180': 'None', '240197': 'None', '240212': 'None', '240213': 'None', '240220': 'None', '240230': 'None', '240238': 'None', '240254': 'None', '240271': 'None', '240279': 'None', '240295': 'None', '240312': 'None', '240336': 'None', '240353': 'None', '240381': 'None', '240382': 'None', '240389': 'None'}}", 'events': 50004, 'type': 'POOLIN', 'lfn': '/store/mc/RunIII2024Summer24MiniAOD/DYto2Mu-4Jets_Bin-MLL-50_TuneCP5_13p6TeV_madgraphMLM-pythia8/MINIAODSIM/140X_mcRun3_2024_realistic_v26-v2/110000/0f330959-cd49-47a9-9d2f-9c29cdfd89ff.root_14'}, {'parents': '[]', 'runlumi': "{'1': {'259513': 'None', '259529': 'None', '259557': 'None', '259570': 'None', '259595': 'None', '259611': 'None', '259627': 'None', '259639': 'None', '259652': 'None', '259679': 'None', '259680': 'None', '259688': 'None', '259696': 'None', '259697': 'None', '259721': 'None', '259729': 'None', '259737': 'None', '259754': 'None', '259778': 'None', '259792': 'None', '259805': 'None', '259825': 'None', '259828': 'None', '259831': 'None', '259838': 'None', '259855': 'None', '259872': 'None', '259879': 'None', '259904': 'None', '259910': 'None', '259913': 'None', '259917': 'None', '259920': 'None', '259945': 'None', '259954': 'None', '259961': 'None', '260018': 'None', '260031': 'None', '260038': 'None', '260052': 'None', '260076': 'None', '260078': 'None', '260079': 'None', '260092': 'None', '260093': 'None', '260110': 'None', '260120': 'None', '260135': 'None', '260136': 'None', '260141': 'None', '260153': 'None', '260157': 'None', '260160': 'None', '260168': 'None', '260174': 'None', '260177': 'None', '260185': 'None', '260193': 'None', '260211': 'None', '260215': 'None', '260219': 'None', '260229': 'None', '260234': 'None', '260236': 'None', '260252': 'None', '260256': 'None', '260260': 'None', '260267': 'None', '260273': 'None', '260275': 'None', '260277': 'None'}}", 'events': 49789, 'type': 'POOLIN', 'lfn': '/store/mc/RunIII2024Summer24MiniAOD/DYto2Mu-4Jets_Bin-MLL-50_TuneCP5_13p6TeV_madgraphMLM-pythia8/MINIAODSIM/140X_mcRun3_2024_realistic_v26-v2/110000/0e4ebc6b-afbf-404d-bb57-7fd8bbdbfecc.root_14'}, {'parents': '[]', 'runlumi': "{'1': {'303182': 'None', '303207': 'None', '303208': 'None', '303211': 'None', '303216': 'None', '303232': 'None', '303249': 'None', '303257': 'None', '303265': 'None', '303273': 'None', '303277': 'None', '303279': 'None', '303280': 'None', '303290': 'None', '303298': 'None', '303304': 'None', '303314': 'None', '303315': 'None', '303317': 'None', '303318': 'None', '303320': 'None', '303322': 'None', '303323': 'None', '303324': 'None', '303327': 'None', '303331': 'None', '303333': 'None', '303335': 'None', '303337': 'None', '303338': 'None', '303340': 'None', '303341': 'None', '303345': 'None', '303347': 'None', '303348': 'None', '303351': 'None', '303352': 'None', '303354': 'None', '303358': 'None', '303359': 'None', '303361': 'None', '303362': 'None', '303364': 'None', '303365': 'None', '303369': 'None', '303372': 'None', '303373': 'None', '303374': 'None', '303375': 'None', '303380': 'None', '303385': 'None', '303387': 'None', '303388': 'None', '303395': 'None', '303396': 'None', '303397': 'None', '303399': 'None', '303402': 'None', '303403': 'None', '303405': 'None', '303407': 'None', '303413': 'None', '303414': 'None', '303416': 'None', '303429': 'None', '303437': 'None', '303440': 'None', '303443': 'None', '303444': 'None', '303445': 'None', '303446': 'None'}}", 'events': 50019, 'type': 'POOLIN', 'lfn': '/store/mc/RunIII2024Summer24MiniAOD/DYto2Mu-4Jets_Bin-MLL-50_TuneCP5_13p6TeV_madgraphMLM-pythia8/MINIAODSIM/140X_mcRun3_2024_realistic_v26-v2/110000/0dbb27e6-ea03-4554-914e-f6c157a97a6f.root_14'}, {'parents': '[]', 'runlumi': "{'1': {'400740': 'None', '400767': 'None', '400807': 'None', '400823': 'None', '400929': 'None', '425004': 'None', '425014': 'None', '425021': 'None', '425033': 'None', '425044': 'None', '425053': 'None', '425055': 'None', '425061': 'None', '425062': 'None', '425069': 'None', '425076': 'None', '425085': 'None', '425086': 'None', '425087': 'None', '425093': 'None', '425110': 'None', '425118': 'None', '425125': 'None', '425126': 'None', '425134': 'None', '425140': 'None', '425150': 'None', '425190': 'None', '425191': 'None', '425192': 'None', '425207': 'None', '425216': 'None', '425217': 'None', '425223': 'None', '425231': 'None', '425240': 'None', '425243': 'None', '425247': 'None', '425248': 'None', '425264': 'None', '425272': 'None', '425289': 'None', '425305': 'None', '425306': 'None', '425315': 'None', '425326': 'None', '425329': 'None', '425337': 'None', '425381': 'None', '425401': 'None', '425409': 'None', '425416': 'None', '425418': 'None', '425426': 'None', '425428': 'None', '425442': 'None', '425443': 'None', '425450': 'None', '425459': 'None', '425466': 'None', '425469': 'None', '425506': 'None', '425540': 'None', '425548': 'None', '425573': 'None', '425581': 'None', '425597': 'None', '425614': 'None', '425621': 'None', '425630': 'None', '425643': 'None'}}", 'events': 49861, 'type': 'POOLIN', 'lfn': '/store/mc/RunIII2024Summer24MiniAOD/DYto2Mu-4Jets_Bin-MLL-50_TuneCP5_13p6TeV_madgraphMLM-pythia8/MINIAODSIM/140X_mcRun3_2024_realistic_v26-v2/110000/0c7e3389-4643-47ee-80a7-2f07944ba1a2.root_14'}, {'parents': '[]', 'runlumi': "{'1': {'395376': 'None', '395461': 'None', '395479': 'None', '395552': 'None', '395555': 'None', '395556': 'None', '395562': 'None', '395579': 'None', '395582': 'None', '395589': 'None', '395603': 'None', '395620': 'None', '395631': 'None', '395664': 'None', '395713': 'None', '395719': 'None', '395733': 'None', '395743': 'None', '395745': 'None', '395760': 'None', '395762': 'None', '395769': 'None', '395793': 'None', '395800': 'None', '395817': 'None', '395820': 'None', '395821': 'None', '395826': 'None', '395833': 'None', '395837': 'None', '395851': 'None', '395858': 'None', '395896': 'None', '395916': 'None', '395919': 'None', '395922': 'None', '395939': 'None', '395942': 'None', '395958': 'None', '395971': 'None', '395973': 'None', '395976': 'None', '395983': 'None', '395989': 'None', '396008': 'None', '396012': 'None', '396021': 'None', '396025': 'None', '396031': 'None', '396034': 'None', '396041': 'None', '396047': 'None', '396061': 'None', '396067': 'None', '396084': 'None', '396098': 'None', '396100': 'None', '396102': 'None', '396115': 'None', '396116': 'None', '396117': 'None', '396121': 'None', '396123': 'None', '396128': 'None', '396132': 'None', '396133': 'None', '396136': 'None', '396137': 'None', '396141': 'None'}}", 'events': 49485, 'type': 'POOLIN', 'lfn': '/store/mc/RunIII2024Summer24MiniAOD/DYto2Mu-4Jets_Bin-MLL-50_TuneCP5_13p6TeV_madgraphMLM-pythia8/MINIAODSIM/140X_mcRun3_2024_realistic_v26-v2/110000/0a7ef2a6-11c5-4368-96d7-cea7c7ce1fc9.root_14'}], '12': [{'parents': "['/store/mc/RunIII2024Summer24MiniAOD/DYto2Mu-4Jets_Bin-MLL-50_TuneCP5_13p6TeV_madgraphMLM-pythia8/MINIAODSIM/140X_mcRun3_2024_realistic_v26-v2/110000/040f2898-d2a0-4285-bf5d-272346581288.root', '/store/mc/RunIII2024Summer24MiniAOD/DYto2Mu-4Jets_Bin-MLL-50_TuneCP5_13p6TeV_madgraphMLM-pythia8/MINIAODSIM/140X_mcRun3_2024_realistic_v26-v2/110000/04b4be5b-945c-47b0-aaec-6dcb832034ad.root', '/store/mc/RunIII2024Summer24MiniAOD/DYto2Mu-4Jets_Bin-MLL-50_TuneCP5_13p6TeV_madgraphMLM-pythia8/MINIAODSIM/140X_mcRun3_2024_realistic_v26-v2/110000/055815e3-1419-4fdd-bea7-cf27799ff757.root', '/store/mc/RunIII2024Summer24MiniAOD/DYto2Mu-4Jets_Bin-MLL-50_TuneCP5_13p6TeV_madgraphMLM-pythia8/MINIAODSIM/140X_mcRun3_2024_realistic_v26-v2/110000/065fa198-83b1-4665-a922-cc4dffcd8d4b.root', '/store/mc/RunIII2024Summer24MiniAOD/DYto2Mu-4Jets_Bin-MLL-50_TuneCP5_13p6TeV_madgraphMLM-pythia8/MINIAODSIM/140X_mcRun3_2024_realistic_v26-v2/110000/088776bd-1b32-4123-a414-7932733bb46d.root']", 'runlumi': "{'1': {'38978': '743', '38986': '743', '45055': '679', '45124': '711', '45157': '711', '45286': '714', '45303': '699', '45416': '707', '45456': '729', '45499': '717', '45659': '705', '45805': '769', '46170': '706', '47758': '726', '48306': '695', '48339': '703', '48340': '703', '48372': '662', '48473': '692', '48486': '695', '48523': '676', '48534': '679', '48592': '702', '48609': '710', '48687': '684', '48702': '708', '48704': '717', '48788': '711', '48854': '694', '48885': '714', '48902': '696', '49453': '687', '49476': '687', '49575': '712', '49871': '692', '49888': '701', '50632': '677', '50722': '675', '90003': '736', '90005': '732', '90014': '725', '90023': '681', '90027': '721', '90031': '716', '90039': '705', '90044': '715', '90045': '748', '90048': '712', '90052': '728', '90069': '722', '90075': '711', '90081': '707', '90089': '699', '90091': '724', '90093': '738', '90098': '699', '90105': '708', '90107': '692', '90122': '727', '90127': '733', '90135': '678', '90141': '728', '90145': '721', '90162': '715', '90170': '735', '90172': '721', '90175': '670', '90182': '715', '90184': '703', '90193': '723', '240049': '733', '240051': '725', '240057': '731', '240061': '719', '240062': '726', '240064': '684', '240068': '723', '240069': '730', '240073': '695', '240075': '724', '240076': '724', '240079': '712', '240081': '722', '240084': '716', '240085': '716', '240086': '715', '240091': '735', '240092': '729', '240116': '710', '240122': '741', '240125': '710', '240138': '733', '240140': '709', '240141': '705', '240145': '701', '240149': '689', '240157': '710', '240162': '713', '240163': '707', '240165': '723', '240166': '711', '240174': '692', '240178': '743', '240179': '755', '240181': '690', '240182': '722', '240195': '714', '240198': '731', '240203': '702', '240206': '730', '240219': '735', '240222': '683', '240225': '701', '240236': '670', '240244': '716', '240253': '737', '240256': '675', '240259': '689', '240260': '665', '240261': '734', '240267': '712', '240276': '718', '240277': '715', '240284': '726', '240285': '704', '240292': '702', '240300': '712', '240301': '712', '240302': '756', '240309': '715', '240317': '682', '240318': '751', '240321': '687', '240326': '698', '240333': '727', '240334': '695', '240337': '672', '240341': '690', '240342': '732', '240350': '692', '241073': '692', '312874': '735', '361363': '652', '362689': '728', '363459': '730', '363479': '702', '363489': '704', '363496': '668', '363498': '735', '363499': '691', '363500': '769', '363504': '693', '363506': '719', '363513': '707', '363514': '714', '363515': '719', '363517': '760', '363518': '683', '363520': '705', '363522': '692', '363529': '748', '363530': '698', '363533': '689', '363535': '708', '363536': '715', '363537': '758', '363538': '752', '363541': '709', '363543': '691', '363545': '736', '363546': '715', '363547': '723', '363552': '700', '363553': '735', '363554': '729', '363555': '672', '363556': '697', '363559': '724', '363560': '722', '363561': '739', '363563': '687', '363569': '725', '363574': '709', '363577': '695', '363578': '666', '363579': '730', '363580': '703', '363583': '724', '363586': '732', '363587': '669', '363588': '696', '363591': '689', '363594': '696', '363595': '702', '363596': '738', '363597': '726', '363598': '724', '363602': '686', '363604': '692', '363610': '727', '363611': '710', '363612': '702', '363615': '727', '363616': '736', '363619': '678', '363620': '701', '363623': '713', '363627': '697', '363629': '744', '363632': '705', '363635': '711', '363636': '714', '363639': '736', '363643': '703', '363645': '740', '363648': '732', '364889': '712', '394646': '737', '396484': '714', '396672': '701', '396735': '689', '396741': '724', '396748': '720', '396749': '700', '396754': '719', '396757': '724', '396773': '702', '396776': '717', '396777': '735', '396790': '748', '396793': '691', '396814': '718', '396818': '735', '396823': '741', '396831': '699', '396839': '671', '396856': '721', '396980': '679', '396993': '736', '399001': '696', '399009': '709', '399070': '677', '399093': '701', '399118': '720', '399845': '691', '400031': '687', '400033': '725', '400079': '701', '400112': '710', '400113': '716', '400120': '662', '400129': '669', '400141': '709', '400152': '694', '400177': '706', '400221': '752', '400229': '718', '400248': '728', '400259': '720', '400275': '739', '400341': '735', '400359': '700', '400407': '725', '400408': '721', '400439': '703', '400440': '736', '400453': '726', '400470': '708', '400481': '722', '400489': '747', '400506': '784', '400512': '715', '400514': '723', '400515': '757', '400519': '701', '400520': '738', '400522': '705', '400524': '713', '400530': '741', '400532': '701', '400536': '710', '400546': '701', '400548': '732', '400553': '711', '400560': '720', '400567': '716', '400570': '724', '400572': '724', '400577': '705', '400587': '765', '400588': '748', '400593': '712', '400594': '742', '400601': '707', '400617': '735', '400774': '719', '426084': '746', '426150': '740', '426218': '753', '426654': '692', '426666': '719', '426668': '707', '426675': '753', '426700': '739', '426715': '707', '426718': '722', '426754': '684', '426778': '694', '426787': '690', '426803': '687', '426812': '750', '426819': '725', '426860': '740', '426871': '691', '426894': '683', '426934': '725', '426951': '670', '426957': '726', '452005': '731', '452023': '722', '452078': '716', '452192': '722', '452232': '707', '452305': '714', '452357': '689', '452417': '713', '452429': '708', '452454': '681', '452478': '681', '452587': '707', '452632': '700', '452716': '706', '452740': '712', '452862': '699', '452908': '743', '452942': '733', '454024': '704', '454041': '696', '454073': '695', '454085': '712', '454089': '693', '454164': '707', '454738': '753', '454861': '733', '454886': '739', '454924': '767', '454927': '725', '454952': '748', '455181': '723'}}", 'events': 248902, 'type': 'EDM', 'lfn': '/store/user/amalhotr/DYto2Mu-4Jets_Bin-MLL-50_TuneCP5_13p6TeV_madgraphMLM-pythia8/DYto2Mu4Jets_Unpacker_Large/250323_060454/0000/HLTUnpackerOutputLarge_12.root'}, {'parents': '[]', 'runlumi': "{'1': {'240049': 'None', '240051': 'None', '240057': 'None', '240061': 'None', '240062': 'None', '240064': 'None', '240068': 'None', '240069': 'None', '240073': 'None', '240075': 'None', '240076': 'None', '240079': 'None', '240081': 'None', '240084': 'None', '240085': 'None', '240086': 'None', '240091': 'None', '240092': 'None', '240116': 'None', '240122': 'None', '240125': 'None', '240138': 'None', '240140': 'None', '240141': 'None', '240145': 'None', '240149': 'None', '240157': 'None', '240162': 'None', '240163': 'None', '240165': 'None', '240166': 'None', '240174': 'None', '240178': 'None', '240179': 'None', '240181': 'None', '240182': 'None', '240195': 'None', '240198': 'None', '240203': 'None', '240206': 'None', '240219': 'None', '240222': 'None', '240225': 'None', '240236': 'None', '240244': 'None', '240253': 'None', '240256': 'None', '240259': 'None', '240260': 'None', '240261': 'None', '240267': 'None', '240276': 'None', '240277': 'None', '240284': 'None', '240285': 'None', '240292': 'None', '240300': 'None', '240301': 'None', '240302': 'None', '240309': 'None', '240317': 'None', '240318': 'None', '240321': 'None', '240326': 'None', '240333': 'None', '240334': 'None', '240337': 'None', '240341': 'None', '240342': 'None', '240350': 'None'}}", 'events': 49903, 'type': 'POOLIN', 'lfn': '/store/mc/RunIII2024Summer24MiniAOD/DYto2Mu-4Jets_Bin-MLL-50_TuneCP5_13p6TeV_madgraphMLM-pythia8/MINIAODSIM/140X_mcRun3_2024_realistic_v26-v2/110000/088776bd-1b32-4123-a414-7932733bb46d.root_12'}, {'parents': '[]', 'runlumi': "{'1': {'396735': 'None', '396741': 'None', '396748': 'None', '396749': 'None', '396754': 'None', '396757': 'None', '396773': 'None', '396776': 'None', '396777': 'None', '396790': 'None', '396793': 'None', '396814': 'None', '396818': 'None', '396831': 'None', '396839': 'None', '396856': 'None', '396980': 'None', '396993': 'None', '399001': 'None', '399009': 'None', '399070': 'None', '399093': 'None', '399118': 'None', '400031': 'None', '400033': 'None', '400079': 'None', '400113': 'None', '400120': 'None', '400129': 'None', '400152': 'None', '400177': 'None', '400221': 'None', '400259': 'None', '400275': 'None', '400341': 'None', '400359': 'None', '400407': 'None', '400408': 'None', '400439': 'None', '400440': 'None', '400453': 'None', '400470': 'None', '400481': 'None', '400489': 'None', '400506': 'None', '400512': 'None', '400514': 'None', '400515': 'None', '400519': 'None', '400520': 'None', '400522': 'None', '400524': 'None', '400530': 'None', '400532': 'None', '400536': 'None', '400546': 'None', '400548': 'None', '400553': 'None', '400560': 'None', '400567': 'None', '400570': 'None', '400572': 'None', '400577': 'None', '400587': 'None', '400588': 'None', '400593': 'None', '400594': 'None', '400601': 'None', '400617': 'None'}}", 'events': 49455, 'type': 'POOLIN', 'lfn': '/store/mc/RunIII2024Summer24MiniAOD/DYto2Mu-4Jets_Bin-MLL-50_TuneCP5_13p6TeV_madgraphMLM-pythia8/MINIAODSIM/140X_mcRun3_2024_realistic_v26-v2/110000/065fa198-83b1-4665-a922-cc4dffcd8d4b.root_12'}, {'parents': '[]', 'runlumi': "{'1': {'241073': 'None', '312874': 'None', '361363': 'None', '362689': 'None', '363459': 'None', '363560': 'None', '364889': 'None', '394646': 'None', '396484': 'None', '396672': 'None', '396823': 'None', '399845': 'None', '400112': 'None', '400141': 'None', '400229': 'None', '400248': 'None', '400774': 'None', '426084': 'None', '426150': 'None', '426218': 'None', '426654': 'None', '426666': 'None', '426668': 'None', '426675': 'None', '426700': 'None', '426715': 'None', '426718': 'None', '426754': 'None', '426778': 'None', '426787': 'None', '426803': 'None', '426812': 'None', '426819': 'None', '426860': 'None', '426871': 'None', '426894': 'None', '426934': 'None', '426951': 'None', '426957': 'None', '452005': 'None', '452023': 'None', '452078': 'None', '452192': 'None', '452232': 'None', '452305': 'None', '452357': 'None', '452417': 'None', '452429': 'None', '452454': 'None', '452478': 'None', '452587': 'None', '452632': 'None', '452716': 'None', '452740': 'None', '452862': 'None', '452908': 'None', '452942': 'None', '454024': 'None', '454041': 'None', '454073': 'None', '454085': 'None', '454089': 'None', '454164': 'None', '454738': 'None', '454861': 'None', '454886': 'None', '454924': 'None', '454927': 'None', '454952': 'None', '455181': 'None'}}", 'events': 50061, 'type': 'POOLIN', 'lfn': '/store/mc/RunIII2024Summer24MiniAOD/DYto2Mu-4Jets_Bin-MLL-50_TuneCP5_13p6TeV_madgraphMLM-pythia8/MINIAODSIM/140X_mcRun3_2024_realistic_v26-v2/110000/055815e3-1419-4fdd-bea7-cf27799ff757.root_12'}, {'parents': '[]', 'runlumi': "{'1': {'363479': 'None', '363489': 'None', '363496': 'None', '363498': 'None', '363499': 'None', '363500': 'None', '363504': 'None', '363506': 'None', '363513': 'None', '363514': 'None', '363515': 'None', '363517': 'None', '363518': 'None', '363520': 'None', '363522': 'None', '363529': 'None', '363530': 'None', '363533': 'None', '363535': 'None', '363536': 'None', '363537': 'None', '363538': 'None', '363541': 'None', '363543': 'None', '363545': 'None', '363546': 'None', '363547': 'None', '363552': 'None', '363553': 'None', '363554': 'None', '363555': 'None', '363556': 'None', '363559': 'None', '363561': 'None', '363563': 'None', '363569': 'None', '363574': 'None', '363577': 'None', '363578': 'None', '363579': 'None', '363580': 'None', '363583': 'None', '363586': 'None', '363587': 'None', '363588': 'None', '363591': 'None', '363594': 'None', '363595': 'None', '363596': 'None', '363597': 'None', '363598': 'None', '363602': 'None', '363604': 'None', '363610': 'None', '363611': 'None', '363612': 'None', '363615': 'None', '363616': 'None', '363619': 'None', '363620': 'None', '363623': 'None', '363627': 'None', '363629': 'None', '363632': 'None', '363635': 'None', '363636': 'None', '363639': 'None', '363643': 'None', '363645': 'None', '363648': 'None'}}", 'events': 49864, 'type': 'POOLIN', 'lfn': '/store/mc/RunIII2024Summer24MiniAOD/DYto2Mu-4Jets_Bin-MLL-50_TuneCP5_13p6TeV_madgraphMLM-pythia8/MINIAODSIM/140X_mcRun3_2024_realistic_v26-v2/110000/04b4be5b-945c-47b0-aaec-6dcb832034ad.root_12'}, {'parents': '[]', 'runlumi': "{'1': {'38978': 'None', '38986': 'None', '45055': 'None', '45124': 'None', '45157': 'None', '45286': 'None', '45303': 'None', '45416': 'None', '45456': 'None', '45499': 'None', '45659': 'None', '45805': 'None', '46170': 'None', '47758': 'None', '48306': 'None', '48339': 'None', '48340': 'None', '48372': 'None', '48473': 'None', '48486': 'None', '48523': 'None', '48534': 'None', '48592': 'None', '48609': 'None', '48687': 'None', '48702': 'None', '48704': 'None', '48788': 'None', '48854': 'None', '48885': 'None', '48902': 'None', '49453': 'None', '49476': 'None', '49575': 'None', '49871': 'None', '49888': 'None', '50632': 'None', '50722': 'None', '90003': 'None', '90005': 'None', '90014': 'None', '90023': 'None', '90027': 'None', '90031': 'None', '90039': 'None', '90044': 'None', '90045': 'None', '90048': 'None', '90052': 'None', '90069': 'None', '90075': 'None', '90081': 'None', '90089': 'None', '90091': 'None', '90093': 'None', '90098': 'None', '90105': 'None', '90107': 'None', '90122': 'None', '90127': 'None', '90135': 'None', '90141': 'None', '90145': 'None', '90162': 'None', '90170': 'None', '90172': 'None', '90175': 'None', '90182': 'None', '90184': 'None', '90193': 'None'}}", 'events': 49619, 'type': 'POOLIN', 'lfn': '/store/mc/RunIII2024Summer24MiniAOD/DYto2Mu-4Jets_Bin-MLL-50_TuneCP5_13p6TeV_madgraphMLM-pythia8/MINIAODSIM/140X_mcRun3_2024_realistic_v26-v2/110000/040f2898-d2a0-4285-bf5d-272346581288.root_12'}], '15': [{'parents': "['/store/mc/RunIII2024Summer24MiniAOD/DYto2Mu-4Jets_Bin-MLL-50_TuneCP5_13p6TeV_madgraphMLM-pythia8/MINIAODSIM/140X_mcRun3_2024_realistic_v26-v2/110000/1059f228-62f6-4c22-ac58-81a6d140ce91.root', '/store/mc/RunIII2024Summer24MiniAOD/DYto2Mu-4Jets_Bin-MLL-50_TuneCP5_13p6TeV_madgraphMLM-pythia8/MINIAODSIM/140X_mcRun3_2024_realistic_v26-v2/110000/10f46573-062d-478b-9b47-fd60a6b70a25.root', '/store/mc/RunIII2024Summer24MiniAOD/DYto2Mu-4Jets_Bin-MLL-50_TuneCP5_13p6TeV_madgraphMLM-pythia8/MINIAODSIM/140X_mcRun3_2024_realistic_v26-v2/110000/118a52e0-89d7-4b37-95c2-fb999aa9b1d5.root', '/store/mc/RunIII2024Summer24MiniAOD/DYto2Mu-4Jets_Bin-MLL-50_TuneCP5_13p6TeV_madgraphMLM-pythia8/MINIAODSIM/140X_mcRun3_2024_realistic_v26-v2/110000/11c25bec-721b-436e-858e-61ada8aa7f42.root', '/store/mc/RunIII2024Summer24MiniAOD/DYto2Mu-4Jets_Bin-MLL-50_TuneCP5_13p6TeV_madgraphMLM-pythia8/MINIAODSIM/140X_mcRun3_2024_realistic_v26-v2/110000/11e4ec2b-6141-4ca4-af84-7e51cb81b751.root']", 'runlumi': "{'1': {'12024': '688', '12033': '705', '12063': '667', '12087': '664', '12096': '696', '12137': '682', '12185': '695', '12284': '662', '12291': '676', '12315': '716', '12325': '664', '12342': '691', '12349': '693', '12365': '685', '12383': '722', '12457': '714', '12480': '676', '12512': '709', '12579': '668', '12611': '699', '12612': '703', '12616': '662', '12833': '691', '12850': '684', '12999': '696', '13036': '678', '13060': '752', '13143': '677', '13202': '690', '13206': '681', '13207': '713', '13210': '715', '13212': '725', '13213': '715', '13214': '702', '13215': '706', '13217': '718', '13220': '732', '13223': '710', '13226': '668', '13232': '725', '13241': '744', '13243': '731', '13245': '727', '13248': '658', '13252': '709', '13263': '686', '13265': '712', '13267': '668', '13273': '696', '13274': '721', '13276': '738', '13280': '710', '13281': '703', '13282': '665', '13284': '714', '13286': '714', '13289': '693', '13290': '716', '13291': '704', '13293': '682', '13298': '708', '13301': '775', '13307': '674', '13315': '709', '13323': '685', '13324': '742', '13326': '710', '13330': '717', '13337': '722', '13338': '696', '205109': '732', '205139': '710', '205232': '713', '205249': '714', '205314': '726', '205367': '710', '205376': '697', '205384': '690', '205417': '723', '205420': '652', '205449': '723', '205524': '717', '205531': '703', '205566': '741', '205689': '705', '205698': '693', '205728': '709', '205754': '675', '205769': '695', '205778': '692', '205785': '723', '205821': '719', '205827': '736', '205844': '727', '205858': '671', '205860': '681', '205866': '669', '205874': '679', '205883': '734', '205885': '733', '205890': '679', '205892': '717', '205916': '710', '205926': '693', '205940': '722', '205941': '762', '205957': '713', '205977': '681', '205989': '737', '295342': '710', '295459': '691', '304033': '759', '304035': '715', '304036': '749', '304040': '687', '304044': '696', '304049': '724', '304051': '701', '304052': '685', '304056': '702', '304057': '666', '304065': '738', '304069': '767', '304071': '710', '304073': '736', '304074': '740', '304075': '736', '304076': '705', '304077': '696', '304079': '695', '304080': '702', '304085': '713', '304089': '731', '304090': '710', '304091': '711', '304092': '699', '304093': '696', '304096': '711', '304101': '736', '304106': '687', '304108': '703', '304109': '723', '304111': '717', '304121': '700', '304123': '727', '304124': '704', '304125': '696', '304130': '733', '304136': '710', '304140': '695', '304145': '669', '304146': '693', '304151': '683', '304155': '647', '304158': '710', '304161': '680', '304162': '711', '304163': '708', '304164': '717', '304168': '711', '304172': '721', '304174': '685', '304177': '738', '304182': '747', '304185': '668', '304186': '733', '304189': '680', '304198': '689', '304202': '684', '304203': '685', '304204': '735', '304206': '719', '304209': '721', '304213': '722', '304215': '664', '304222': '714', '304223': '717', '304226': '715', '304230': '710', '304236': '746', '304241': '739', '311538': '743', '311625': '715', '358125': '702', '358202': '695', '358237': '693', '358342': '732', '358419': '730', '358618': '683', '360215': '689', '360410': '710', '361840': '716', '362121': '751', '362127': '699', '362130': '719', '362146': '728', '362162': '737', '362179': '749', '362187': '696', '362204': '733', '362220': '716', '362226': '729', '362230': '730', '362240': '735', '362245': '706', '362261': '721', '362283': '766', '362324': '714', '362329': '716', '362331': '722', '362340': '700', '362348': '727', '362365': '692', '362368': '685', '362370': '658', '362393': '724', '362402': '722', '362688': '710', '363299': '709', '363894': '717', '364002': '700', '364022': '694', '364047': '681', '364050': '700', '364077': '648', '364083': '717', '364084': '682', '364088': '684', '364091': '693', '364097': '730', '364100': '669', '364104': '678', '364114': '712', '364132': '698', '364140': '697', '364148': '726', '364158': '688', '364165': '744', '364206': '674', '364222': '674', '364231': '708', '364239': '694', '364263': '681', '364280': '708', '364288': '775', '364304': '731', '364310': '680', '364326': '646', '364346': '748', '364359': '723', '364367': '669', '364417': '766', '364421': '731', '364498': '673', '364501': '624', '364539': '720', '364563': '700', '364581': '721', '364601': '728', '364618': '721', '364643': '711', '364647': '704', '364651': '702', '364660': '708', '364664': '685', '394018': '721', '394045': '727', '394132': '723', '394171': '708', '394335': '722', '394437': '730', '394461': '740', '394478': '699', '394495': '715', '394530': '712', '394536': '701', '394560': '697', '394587': '701', '394647': '702', '394788': '714', '394826': '737', '394828': '732', '394947': '711', '395025': '711', '395089': '710', '395340': '708', '395372': '709', '395653': '706', '395862': '723', '396289': '705', '396354': '714', '396476': '711', '396499': '729', '396625': '734', '396638': '698', '396888': '711', '396899': '738', '396910': '729', '396940': '776', '396981': '709', '399004': '716', '399017': '703', '399052': '707', '399069': '691', '399106': '708', '399109': '741', '399215': '724', '399231': '704', '399245': '712', '399272': '720', '399273': '738', '399278': '705', '399284': '658', '399286': '657', '399302': '746', '399316': '719', '399325': '668', '399432': '676', '399437': '688'}}", 'events': 226382, 'type': 'EDM', 'lfn': '/store/user/amalhotr/DYto2Mu-4Jets_Bin-MLL-50_TuneCP5_13p6TeV_madgraphMLM-pythia8/DYto2Mu4Jets_Unpacker_Large/250323_060454/0000/HLTUnpackerOutputLarge_15.root'}, {'parents': '[]', 'runlumi': "{'1': {'205109': 'None', '205139': 'None', '205232': 'None', '205249': 'None', '205314': 'None', '205367': 'None', '205376': 'None', '205384': 'None', '205417': 'None', '205420': 'None', '205449': 'None', '205524': 'None', '205531': 'None', '205566': 'None', '205689': 'None', '205698': 'None', '205728': 'None', '205754': 'None', '205769': 'None', '205778': 'None', '205785': 'None', '205821': 'None', '205827': 'None', '205844': 'None', '205858': 'None', '205860': 'None', '205866': 'None', '205874': 'None', '205883': 'None', '205885': 'None', '205890': 'None', '205892': 'None', '205916': 'None', '205926': 'None', '205940': 'None', '205941': 'None', '205957': 'None', '205977': 'None', '205989': 'None'}}", 'events': 27606, 'type': 'POOLIN', 'lfn': '/store/mc/RunIII2024Summer24MiniAOD/DYto2Mu-4Jets_Bin-MLL-50_TuneCP5_13p6TeV_madgraphMLM-pythia8/MINIAODSIM/140X_mcRun3_2024_realistic_v26-v2/110000/11e4ec2b-6141-4ca4-af84-7e51cb81b751.root_15'}, {'parents': '[]', 'runlumi': "{'1': {'362121': 'None', '362127': 'None', '362130': 'None', '362146': 'None', '362162': 'None', '362179': 'None', '362187': 'None', '362204': 'None', '362220': 'None', '362226': 'None', '362230': 'None', '362240': 'None', '362245': 'None', '362261': 'None', '362283': 'None', '362324': 'None', '362331': 'None', '362340': 'None', '362348': 'None', '362365': 'None', '362368': 'None', '362370': 'None', '362393': 'None', '362402': 'None', '363299': 'None', '364002': 'None', '364022': 'None', '364047': 'None', '364050': 'None', '364077': 'None', '364083': 'None', '364084': 'None', '364088': 'None', '364091': 'None', '364097': 'None', '364100': 'None', '364104': 'None', '364114': 'None', '364132': 'None', '364140': 'None', '364148': 'None', '364158': 'None', '364165': 'None', '364206': 'None', '364222': 'None', '364231': 'None', '364239': 'None', '364263': 'None', '364280': 'None', '364288': 'None', '364304': 'None', '364310': 'None', '364326': 'None', '364346': 'None', '364359': 'None', '364367': 'None', '364417': 'None', '364421': 'None', '364498': 'None', '364501': 'None', '364539': 'None', '364563': 'None', '364581': 'None', '364601': 'None', '364618': 'None', '364643': 'None', '364647': 'None', '364651': 'None', '364660': 'None', '364664': 'None'}}", 'events': 49514, 'type': 'POOLIN', 'lfn': '/store/mc/RunIII2024Summer24MiniAOD/DYto2Mu-4Jets_Bin-MLL-50_TuneCP5_13p6TeV_madgraphMLM-pythia8/MINIAODSIM/140X_mcRun3_2024_realistic_v26-v2/110000/11c25bec-721b-436e-858e-61ada8aa7f42.root_15'}, {'parents': '[]', 'runlumi': "{'1': {'12024': 'None', '12033': 'None', '12063': 'None', '12087': 'None', '12096': 'None', '12137': 'None', '12185': 'None', '12284': 'None', '12291': 'None', '12315': 'None', '12325': 'None', '12342': 'None', '12349': 'None', '12365': 'None', '12383': 'None', '12457': 'None', '12480': 'None', '12512': 'None', '12579': 'None', '12611': 'None', '12612': 'None', '12616': 'None', '12833': 'None', '12850': 'None', '12999': 'None', '13036': 'None', '13060': 'None', '13143': 'None', '13202': 'None', '13206': 'None', '13207': 'None', '13210': 'None', '13212': 'None', '13213': 'None', '13214': 'None', '13215': 'None', '13217': 'None', '13220': 'None', '13223': 'None', '13226': 'None', '13232': 'None', '13241': 'None', '13243': 'None', '13245': 'None', '13248': 'None', '13252': 'None', '13263': 'None', '13265': 'None', '13267': 'None', '13273': 'None', '13274': 'None', '13276': 'None', '13280': 'None', '13281': 'None', '13282': 'None', '13284': 'None', '13286': 'None', '13289': 'None', '13290': 'None', '13291': 'None', '13293': 'None', '13298': 'None', '13301': 'None', '13307': 'None', '13315': 'None', '13323': 'None', '13324': 'None', '13326': 'None', '13330': 'None', '13337': 'None', '13338': 'None'}}", 'events': 49744, 'type': 'POOLIN', 'lfn': '/store/mc/RunIII2024Summer24MiniAOD/DYto2Mu-4Jets_Bin-MLL-50_TuneCP5_13p6TeV_madgraphMLM-pythia8/MINIAODSIM/140X_mcRun3_2024_realistic_v26-v2/110000/118a52e0-89d7-4b37-95c2-fb999aa9b1d5.root_15'}, {'parents': '[]', 'runlumi': "{'1': {'295342': 'None', '295459': 'None', '311538': 'None', '311625': 'None', '358125': 'None', '358202': 'None', '358237': 'None', '358342': 'None', '358419': 'None', '358618': 'None', '360215': 'None', '360410': 'None', '361840': 'None', '362329': 'None', '362688': 'None', '363894': 'None', '394018': 'None', '394045': 'None', '394132': 'None', '394171': 'None', '394335': 'None', '394437': 'None', '394461': 'None', '394478': 'None', '394495': 'None', '394530': 'None', '394536': 'None', '394560': 'None', '394587': 'None', '394647': 'None', '394788': 'None', '394826': 'None', '394828': 'None', '394947': 'None', '395025': 'None', '395089': 'None', '395340': 'None', '395372': 'None', '395653': 'None', '395862': 'None', '396289': 'None', '396354': 'None', '396476': 'None', '396499': 'None', '396625': 'None', '396638': 'None', '396888': 'None', '396899': 'None', '396910': 'None', '396940': 'None', '396981': 'None', '399004': 'None', '399017': 'None', '399052': 'None', '399069': 'None', '399106': 'None', '399109': 'None', '399215': 'None', '399231': 'None', '399245': 'None', '399272': 'None', '399273': 'None', '399278': 'None', '399284': 'None', '399286': 'None', '399302': 'None', '399316': 'None', '399325': 'None', '399432': 'None', '399437': 'None'}}", 'events': 49846, 'type': 'POOLIN', 'lfn': '/store/mc/RunIII2024Summer24MiniAOD/DYto2Mu-4Jets_Bin-MLL-50_TuneCP5_13p6TeV_madgraphMLM-pythia8/MINIAODSIM/140X_mcRun3_2024_realistic_v26-v2/110000/10f46573-062d-478b-9b47-fd60a6b70a25.root_15'}, {'parents': '[]', 'runlumi': "{'1': {'304033': 'None', '304035': 'None', '304036': 'None', '304040': 'None', '304044': 'None', '304049': 'None', '304051': 'None', '304052': 'None', '304056': 'None', '304057': 'None', '304065': 'None', '304069': 'None', '304071': 'None', '304073': 'None', '304074': 'None', '304075': 'None', '304076': 'None', '304077': 'None', '304079': 'None', '304080': 'None', '304085': 'None', '304089': 'None', '304090': 'None', '304091': 'None', '304092': 'None', '304093': 'None', '304096': 'None', '304101': 'None', '304106': 'None', '304108': 'None', '304109': 'None', '304111': 'None', '304121': 'None', '304123': 'None', '304124': 'None', '304125': 'None', '304130': 'None', '304136': 'None', '304140': 'None', '304145': 'None', '304146': 'None', '304151': 'None', '304155': 'None', '304158': 'None', '304161': 'None', '304162': 'None', '304163': 'None', '304164': 'None', '304168': 'None', '304172': 'None', '304174': 'None', '304177': 'None', '304182': 'None', '304185': 'None', '304186': 'None', '304189': 'None', '304198': 'None', '304202': 'None', '304203': 'None', '304204': 'None', '304206': 'None', '304209': 'None', '304213': 'None', '304215': 'None', '304222': 'None', '304223': 'None', '304226': 'None', '304230': 'None', '304236': 'None', '304241': 'None'}}", 'events': 49672, 'type': 'POOLIN', 'lfn': '/store/mc/RunIII2024Summer24MiniAOD/DYto2Mu-4Jets_Bin-MLL-50_TuneCP5_13p6TeV_madgraphMLM-pythia8/MINIAODSIM/140X_mcRun3_2024_realistic_v26-v2/110000/1059f228-62f6-4c22-ac58-81a6d140ce91.root_15'}], '17': [{'parents': "['/store/mc/RunIII2024Summer24MiniAOD/DYto2Mu-4Jets_Bin-MLL-50_TuneCP5_13p6TeV_madgraphMLM-pythia8/MINIAODSIM/140X_mcRun3_2024_realistic_v26-v2/110000/1622a71d-0599-4c9b-b59e-dc76d545782b.root', '/store/mc/RunIII2024Summer24MiniAOD/DYto2Mu-4Jets_Bin-MLL-50_TuneCP5_13p6TeV_madgraphMLM-pythia8/MINIAODSIM/140X_mcRun3_2024_realistic_v26-v2/110000/16fefc78-d150-498e-a4d8-18d22e1774df.root', '/store/mc/RunIII2024Summer24MiniAOD/DYto2Mu-4Jets_Bin-MLL-50_TuneCP5_13p6TeV_madgraphMLM-pythia8/MINIAODSIM/140X_mcRun3_2024_realistic_v26-v2/110000/177ea5e5-c5d7-4ca8-8e65-948683a3b585.root', '/store/mc/RunIII2024Summer24MiniAOD/DYto2Mu-4Jets_Bin-MLL-50_TuneCP5_13p6TeV_madgraphMLM-pythia8/MINIAODSIM/140X_mcRun3_2024_realistic_v26-v2/110000/18039cb1-1979-48ef-9d5a-f07ea19434f0.root', '/store/mc/RunIII2024Summer24MiniAOD/DYto2Mu-4Jets_Bin-MLL-50_TuneCP5_13p6TeV_madgraphMLM-pythia8/MINIAODSIM/140X_mcRun3_2024_realistic_v26-v2/110000/186e279e-5a7e-4b7c-8d20-90e99937d1ca.root']", 'runlumi': "{'1': {'17': '719', '33': '675', '34': '707', '41': '695', '65': '722', '75': '701', '91': '722', '227': '719', '238': '721', '279': '702', '291': '771', '298': '692', '313': '725', '324': '705', '332': '711', '349': '745', '356': '738', '365': '727', '373': '711', '377': '720', '388': '753', '393': '737', '396': '712', '402': '734', '435': '712', '470': '684', '479': '691', '486': '726', '495': '712', '503': '727', '512': '712', '522': '726', '539': '717', '579': '716', '587': '726', '603': '723', '611': '708', '612': '743', '620': '660', '628': '654', '644': '703', '653': '729', '655': '724', '661': '720', '669': '722', '676': '714', '699': '709', '700': '687', '708': '731', '716': '688', '728': '723', '734': '715', '740': '708', '749': '698', '757': '719', '774': '685', '781': '706', '788': '681', '796': '661', '803': '687', '813': '702', '828': '671', '850': '704', '870': '707', '887': '693', '922': '674', '952': '678', '959': '684', '962': '671', '12007': '705', '12960': '699', '13959': '706', '14541': '709', '38093': '647', '39099': '742', '39156': '744', '45131': '721', '45132': '740', '48328': '741', '48917': '687', '50868': '749', '89159': '725', '89170': '716', '90343': '747', '90347': '705', '90363': '708', '90370': '721', '90420': '693', '90425': '706', '90437': '726', '90487': '689', '90499': '731', '90514': '719', '90544': '714', '90569': '707', '90615': '718', '90695': '757', '90740': '743', '90773': '679', '90906': '728', '90934': '710', '90995': '729', '100002': '693', '100008': '733', '100009': '697', '100018': '702', '100027': '718', '100039': '684', '100043': '695', '100049': '689', '100059': '708', '100068': '692', '100077': '703', '100086': '731', '100109': '711', '100113': '710', '100117': '696', '100125': '731', '100130': '739', '100132': '678', '100134': '741', '100135': '731', '100137': '680', '100142': '708', '100147': '725', '100151': '726', '100154': '715', '100163': '684', '100166': '735', '100168': '700', '100181': '710', '100188': '708', '100190': '677', '100194': '731', '100195': '719', '100197': '677', '100200': '687', '100207': '690', '100211': '677', '100213': '716', '100217': '701', '100222': '723', '100224': '718', '100230': '714', '100231': '729', '100236': '704', '100238': '633', '100245': '686', '100248': '683', '100250': '724', '100252': '703', '100253': '685', '100254': '685', '100257': '709', '100262': '681', '100265': '715', '100410': '647', '100412': '697', '100444': '733', '100453': '704', '100543': '710', '100582': '701', '100670': '671', '100682': '715', '100724': '718', '100736': '696', '100777': '653', '100895': '702', '100928': '680', '100968': '699', '100987': '700', '101082': '730', '101177': '760', '101205': '751', '101391': '740', '101393': '716', '101410': '729', '101433': '751', '101474': '744', '101511': '731', '101578': '759', '101581': '757', '101651': '667', '101679': '716', '101720': '725', '101747': '697', '101799': '711', '101948': '727', '101950': '705', '101951': '701', '101956': '696', '101973': '714', '101976': '722', '101995': '737', '119009': '724', '119032': '679', '119036': '721', '119041': '705', '119118': '712', '119135': '728', '119171': '689', '119176': '680', '119192': '679', '119217': '724', '119233': '728', '119242': '773', '119251': '680', '119252': '726', '119256': '683', '119259': '690', '181415': '711', '181430': '723', '181438': '750', '181455': '727', '181636': '742', '181646': '754', '181674': '718', '181680': '673', '181685': '693', '181686': '740', '181688': '731', '181702': '677', '181743': '715', '181784': '734', '181800': '686', '181801': '712', '181808': '691', '181811': '748', '181816': '720', '181824': '735', '181825': '699', '181832': '738', '181835': '708', '181841': '729', '181842': '717', '181843': '733', '181849': '702', '181852': '707', '181865': '704', '181873': '687', '181882': '705', '181883': '694', '181890': '730', '182004': '689', '182013': '702', '182021': '697', '182037': '695', '182045': '718', '182054': '729', '182119': '702', '182137': '677', '182148': '700', '182163': '687', '182167': '731', '182174': '690', '182180': '703', '182184': '677', '182205': '707', '182206': '689', '182208': '723', '182212': '682', '182214': '716', '182215': '714', '182216': '665', '182221': '679', '182222': '692', '182223': '663', '182228': '714', '182234': '737', '182238': '664', '182249': '729', '182255': '689', '182263': '687', '182264': '651', '182269': '706', '182271': '688', '182273': '739', '182279': '708', '182286': '685', '182297': '680', '202729': '748', '202806': '718', '202887': '729', '202986': '724', '203000': '708', '203071': '714', '203074': '732', '203079': '695', '203145': '715', '203154': '739', '203155': '705', '203191': '716', '203199': '719', '203202': '693', '203212': '713', '203217': '722', '203219': '705', '203228': '746', '203229': '669', '203234': '731', '203236': '719', '203243': '751', '203245': '699', '203247': '676', '203251': '707', '203253': '744', '203254': '682', '203258': '730', '203260': '742', '203262': '728', '203267': '685', '203272': '694', '203279': '742', '203288': '728', '203289': '692', '203295': '693', '203303': '698', '203305': '717', '203313': '720', '203320': '725', '203321': '750', '203322': '733', '203329': '710', '203330': '705', '203336': '690', '203345': '707', '203346': '755', '203347': '727', '203353': '687', '203356': '713', '203361': '678', '203370': '714', '203377': '717', '203385': '696', '203387': '698', '203401': '736', '203409': '721', '203417': '704', '203427': '719', '203434': '686', '203442': '652', '203443': '671', '203451': '707', '203471': '723', '203486': '693', '203489': '710', '203511': '746', '203519': '692', '203527': '746', '203534': '736'}}", 'events': 248401, 'type': 'EDM', 'lfn': '/store/user/amalhotr/DYto2Mu-4Jets_Bin-MLL-50_TuneCP5_13p6TeV_madgraphMLM-pythia8/DYto2Mu4Jets_Unpacker_Large/250323_060454/0000/HLTUnpackerOutputLarge_17.root'}, {'parents': '[]', 'runlumi': "{'1': {'181415': 'None', '181430': 'None', '181438': 'None', '181455': 'None', '181636': 'None', '181646': 'None', '181674': 'None', '181680': 'None', '181685': 'None', '181686': 'None', '181688': 'None', '181702': 'None', '181743': 'None', '181784': 'None', '181800': 'None', '181801': 'None', '181808': 'None', '181811': 'None', '181816': 'None', '181824': 'None', '181825': 'None', '181832': 'None', '181835': 'None', '181841': 'None', '181842': 'None', '181843': 'None', '181849': 'None', '181852': 'None', '181865': 'None', '181873': 'None', '181882': 'None', '181883': 'None', '181890': 'None', '182004': 'None', '182013': 'None', '182021': 'None', '182037': 'None', '182045': 'None', '182054': 'None', '182119': 'None', '182137': 'None', '182148': 'None', '182163': 'None', '182167': 'None', '182174': 'None', '182180': 'None', '182184': 'None', '182205': 'None', '182206': 'None', '182208': 'None', '182212': 'None', '182214': 'None', '182215': 'None', '182216': 'None', '182221': 'None', '182222': 'None', '182223': 'None', '182228': 'None', '182234': 'None', '182238': 'None', '182249': 'None', '182255': 'None', '182263': 'None', '182264': 'None', '182269': 'None', '182271': 'None', '182273': 'None', '182279': 'None', '182286': 'None', '182297': 'None'}}", 'events': 49437, 'type': 'POOLIN', 'lfn': '/store/mc/RunIII2024Summer24MiniAOD/DYto2Mu-4Jets_Bin-MLL-50_TuneCP5_13p6TeV_madgraphMLM-pythia8/MINIAODSIM/140X_mcRun3_2024_realistic_v26-v2/110000/186e279e-5a7e-4b7c-8d20-90e99937d1ca.root_17'}, {'parents': '[]', 'runlumi': "{'1': {'12960': 'None', '13959': 'None', '14541': 'None', '38093': 'None', '39099': 'None', '39156': 'None', '45131': 'None', '45132': 'None', '48328': 'None', '48917': 'None', '50868': 'None', '89159': 'None', '89170': 'None', '90487': 'None', '90615': 'None', '100049': 'None', '100410': 'None', '100412': 'None', '100444': 'None', '100453': 'None', '100543': 'None', '100582': 'None', '100670': 'None', '100682': 'None', '100724': 'None', '100736': 'None', '100777': 'None', '100895': 'None', '100928': 'None', '100968': 'None', '100987': 'None', '101082': 'None', '101177': 'None', '101205': 'None', '101391': 'None', '101393': 'None', '101410': 'None', '101433': 'None', '101474': 'None', '101511': 'None', '101578': 'None', '101581': 'None', '101651': 'None', '101679': 'None', '101720': 'None', '101747': 'None', '101799': 'None', '101948': 'None', '101950': 'None', '101951': 'None', '101956': 'None', '101973': 'None', '101976': 'None', '101995': 'None', '119009': 'None', '119032': 'None', '119036': 'None', '119041': 'None', '119118': 'None', '119135': 'None', '119171': 'None', '119176': 'None', '119192': 'None', '119217': 'None', '119233': 'None', '119242': 'None', '119251': 'None', '119252': 'None', '119256': 'None', '119259': 'None'}}", 'events': 49855, 'type': 'POOLIN', 'lfn': '/store/mc/RunIII2024Summer24MiniAOD/DYto2Mu-4Jets_Bin-MLL-50_TuneCP5_13p6TeV_madgraphMLM-pythia8/MINIAODSIM/140X_mcRun3_2024_realistic_v26-v2/110000/18039cb1-1979-48ef-9d5a-f07ea19434f0.root_17'}, {'parents': '[]', 'runlumi': "{'1': {'90343': 'None', '90347': 'None', '90363': 'None', '90370': 'None', '90420': 'None', '90425': 'None', '90437': 'None', '90499': 'None', '90514': 'None', '90544': 'None', '90569': 'None', '90695': 'None', '90740': 'None', '90773': 'None', '90906': 'None', '90934': 'None', '90995': 'None', '100002': 'None', '100008': 'None', '100009': 'None', '100018': 'None', '100027': 'None', '100039': 'None', '100043': 'None', '100059': 'None', '100068': 'None', '100077': 'None', '100086': 'None', '100109': 'None', '100113': 'None', '100117': 'None', '100125': 'None', '100130': 'None', '100132': 'None', '100134': 'None', '100135': 'None', '100137': 'None', '100142': 'None', '100147': 'None', '100151': 'None', '100154': 'None', '100163': 'None', '100166': 'None', '100168': 'None', '100181': 'None', '100188': 'None', '100190': 'None', '100194': 'None', '100195': 'None', '100197': 'None', '100200': 'None', '100207': 'None', '100211': 'None', '100213': 'None', '100217': 'None', '100222': 'None', '100224': 'None', '100230': 'None', '100231': 'None', '100236': 'None', '100238': 'None', '100245': 'None', '100248': 'None', '100250': 'None', '100252': 'None', '100253': 'None', '100254': 'None', '100257': 'None', '100262': 'None', '100265': 'None'}}", 'events': 49574, 'type': 'POOLIN', 'lfn': '/store/mc/RunIII2024Summer24MiniAOD/DYto2Mu-4Jets_Bin-MLL-50_TuneCP5_13p6TeV_madgraphMLM-pythia8/MINIAODSIM/140X_mcRun3_2024_realistic_v26-v2/110000/177ea5e5-c5d7-4ca8-8e65-948683a3b585.root_17'}, {'parents': '[]', 'runlumi': "{'1': {'202729': 'None', '202806': 'None', '202887': 'None', '202986': 'None', '203000': 'None', '203071': 'None', '203074': 'None', '203079': 'None', '203145': 'None', '203154': 'None', '203155': 'None', '203191': 'None', '203199': 'None', '203202': 'None', '203212': 'None', '203217': 'None', '203219': 'None', '203228': 'None', '203229': 'None', '203234': 'None', '203236': 'None', '203243': 'None', '203245': 'None', '203247': 'None', '203251': 'None', '203253': 'None', '203254': 'None', '203258': 'None', '203260': 'None', '203262': 'None', '203267': 'None', '203272': 'None', '203279': 'None', '203288': 'None', '203289': 'None', '203295': 'None', '203303': 'None', '203305': 'None', '203313': 'None', '203320': 'None', '203321': 'None', '203322': 'None', '203329': 'None', '203330': 'None', '203336': 'None', '203345': 'None', '203346': 'None', '203347': 'None', '203353': 'None', '203356': 'None', '203361': 'None', '203370': 'None', '203377': 'None', '203385': 'None', '203387': 'None', '203401': 'None', '203409': 'None', '203417': 'None', '203427': 'None', '203434': 'None', '203442': 'None', '203443': 'None', '203451': 'None', '203471': 'None', '203486': 'None', '203489': 'None', '203511': 'None', '203519': 'None', '203527': 'None', '203534': 'None'}}", 'events': 49935, 'type': 'POOLIN', 'lfn': '/store/mc/RunIII2024Summer24MiniAOD/DYto2Mu-4Jets_Bin-MLL-50_TuneCP5_13p6TeV_madgraphMLM-pythia8/MINIAODSIM/140X_mcRun3_2024_realistic_v26-v2/110000/16fefc78-d150-498e-a4d8-18d22e1774df.root_17'}, {'parents': '[]', 'runlumi': "{'1': {'17': 'None', '33': 'None', '34': 'None', '41': 'None', '65': 'None', '75': 'None', '91': 'None', '227': 'None', '238': 'None', '279': 'None', '291': 'None', '298': 'None', '313': 'None', '324': 'None', '332': 'None', '349': 'None', '356': 'None', '365': 'None', '373': 'None', '377': 'None', '388': 'None', '393': 'None', '396': 'None', '402': 'None', '435': 'None', '470': 'None', '479': 'None', '486': 'None', '495': 'None', '503': 'None', '512': 'None', '522': 'None', '539': 'None', '579': 'None', '587': 'None', '603': 'None', '611': 'None', '612': 'None', '620': 'None', '628': 'None', '644': 'None', '653': 'None', '655': 'None', '661': 'None', '669': 'None', '676': 'None', '699': 'None', '700': 'None', '708': 'None', '716': 'None', '728': 'None', '734': 'None', '740': 'None', '749': 'None', '757': 'None', '774': 'None', '781': 'None', '788': 'None', '796': 'None', '803': 'None', '813': 'None', '828': 'None', '850': 'None', '870': 'None', '887': 'None', '922': 'None', '952': 'None', '959': 'None', '962': 'None', '12007': 'None'}}", 'events': 49600, 'type': 'POOLIN', 'lfn': '/store/mc/RunIII2024Summer24MiniAOD/DYto2Mu-4Jets_Bin-MLL-50_TuneCP5_13p6TeV_madgraphMLM-pythia8/MINIAODSIM/140X_mcRun3_2024_realistic_v26-v2/110000/1622a71d-0599-4c9b-b59e-dc76d545782b.root_17'}], '10': [{'parents': "['/store/mc/RunIII2024Summer24MiniAOD/DYto2Mu-4Jets_Bin-MLL-50_TuneCP5_13p6TeV_madgraphMLM-pythia8/MINIAODSIM/140X_mcRun3_2024_realistic_v26-v2/110000/003d60b2-e312-4154-9795-f95564228da5.root', '/store/mc/RunIII2024Summer24MiniAOD/DYto2Mu-4Jets_Bin-MLL-50_TuneCP5_13p6TeV_madgraphMLM-pythia8/MINIAODSIM/140X_mcRun3_2024_realistic_v26-v2/110000/00a31e63-ef33-4b0a-a267-ef8004cda8ac.root', '/store/mc/RunIII2024Summer24MiniAOD/DYto2Mu-4Jets_Bin-MLL-50_TuneCP5_13p6TeV_madgraphMLM-pythia8/MINIAODSIM/140X_mcRun3_2024_realistic_v26-v2/110000/010ea098-2b59-46ec-aec3-b81ae27bcdc0.root', '/store/mc/RunIII2024Summer24MiniAOD/DYto2Mu-4Jets_Bin-MLL-50_TuneCP5_13p6TeV_madgraphMLM-pythia8/MINIAODSIM/140X_mcRun3_2024_realistic_v26-v2/110000/0253044d-64ff-4aee-bbb7-d491f62d5a36.root', '/store/mc/RunIII2024Summer24MiniAOD/DYto2Mu-4Jets_Bin-MLL-50_TuneCP5_13p6TeV_madgraphMLM-pythia8/MINIAODSIM/140X_mcRun3_2024_realistic_v26-v2/110000/02df5b47-6f7c-4376-ab0b-a477f3d0df52.root']", 'runlumi': "{'1': {'45954': '728', '48932': '766', '89154': '721', '89174': '710', '89205': '697', '89333': '715', '89432': '733', '89576': '681', '89698': '745', '89766': '705', '89886': '709', '89902': '712', '89939': '710', '90136': '729', '90759': '680', '90816': '732', '90841': '701', '90932': '723', '90976': '747', '100273': '706', '100620': '685', '100887': '703', '100937': '686', '100984': '703', '101017': '715', '101155': '715', '101156': '692', '101160': '730', '101163': '705', '101173': '721', '101176': '710', '101182': '746', '101184': '696', '101189': '713', '101192': '725', '101193': '693', '101200': '724', '101206': '679', '101238': '733', '101245': '709', '101281': '731', '101286': '722', '101292': '721', '101298': '762', '101303': '723', '101322': '701', '101331': '753', '101338': '705', '101379': '757', '101396': '704', '101426': '704', '101437': '722', '101467': '735', '101502': '741', '101516': '745', '101545': '751', '101546': '717', '101550': '721', '101553': '716', '101555': '683', '101558': '692', '101562': '753', '101572': '751', '101574': '734', '101577': '719', '101579': '734', '101582': '712', '101591': '709', '101632': '741', '101668': '703', '101689': '684', '101696': '757', '101697': '714', '101700': '754', '101709': '730', '101712': '741', '101714': '716', '101716': '685', '101721': '709', '101726': '712', '101729': '685', '101732': '671', '101736': '677', '101745': '721', '101750': '688', '101756': '697', '101758': '707', '101785': '699', '101791': '708', '101792': '681', '101794': '708', '101803': '698', '101804': '750', '101806': '675', '101943': '707', '119278': '706', '119410': '767', '119430': '706', '119503': '711', '119730': '672', '119741': '692', '119912': '757', '120030': '693', '120063': '699', '120097': '698', '120120': '740', '120138': '726', '120237': '693', '120284': '705', '120329': '696', '120358': '721', '120467': '691', '120489': '694', '120540': '669', '120628': '705', '120706': '749', '120743': '746', '120758': '696', '120874': '679', '120962': '703', '120995': '719', '143065': '665', '143080': '721', '143119': '712', '143331': '755', '143356': '686', '143372': '721', '143447': '737', '143471': '709', '143479': '704', '143488': '734', '143562': '725', '143610': '736', '144008': '713', '144017': '694', '144025': '681', '144041': '695', '144147': '735', '144161': '692', '182968': '708', '186020': '672', '186029': '677', '186034': '694', '186149': '672', '186351': '717', '186375': '714', '186428': '726', '186436': '726', '186444': '728', '186460': '695', '186469': '715', '186475': '702', '186477': '710', '186485': '666', '186494': '716', '186501': '720', '186518': '737', '186526': '698', '186535': '679', '186559': '724', '186567': '678', '186590': '699', '186602': '733', '186611': '747', '186734': '745', '186787': '720', '186812': '683', '186829': '697', '186834': '717', '186836': '700', '186843': '748', '186845': '682', '186853': '694', '186870': '744', '186877': '692', '186886': '704', '186903': '736', '186911': '686', '186918': '739', '186941': '719', '186957': '739', '186973': '712', '186981': '696', '202064': '704', '202082': '682', '202097': '698', '202099': '670', '202113': '678', '202134': '672', '202142': '655', '202289': '693', '202330': '703', '202346': '689', '202370': '716', '202372': '708', '202376': '704', '202382': '663', '202384': '704', '202386': '668', '202389': '691', '202390': '698', '202392': '723', '202393': '665', '202396': '700', '202400': '693', '202407': '694', '202411': '723', '202451': '742', '202487': '706', '202494': '690', '203544': '715', '203560': '706', '203568': '701', '203585': '727', '203601': '681', '203609': '734', '203617': '649', '203620': '712', '203626': '740', '203642': '723', '203650': '681', '203651': '689', '203659': '657', '203667': '700', '203683': '716', '203700': '692', '203708': '715', '203751': '756', '203760': '699', '203768': '707', '203776': '686', '203785': '722', '203792': '703', '203801': '753', '203809': '742', '203818': '718', '203826': '691', '203833': '740', '203842': '709', '203855': '730', '203879': '716', '203994': '715', '204025': '708', '204029': '714', '204030': '676', '204035': '730', '204038': '712', '204039': '710', '204055': '732', '204063': '677', '204079': '709', '204095': '686', '204112': '685', '204120': '693', '204121': '680', '204135': '711', '204136': '705', '204137': '727', '204145': '709', '204146': '708', '204161': '713', '204162': '663', '204172': '729', '204178': '677', '204179': '721', '204189': '701', '204202': '668', '204204': '737', '204226': '702', '204229': '730', '204235': '728', '204251': '684', '204253': '714', '204260': '711', '204263': '739', '204264': '721', '204267': '675', '204275': '711', '204284': '698', '204298': '698', '204308': '715', '204314': '761', '204317': '718', '204320': '724', '204322': '723', '204329': '695', '204333': '687', '204342': '708', '204346': '692', '204349': '707', '204350': '719', '204354': '692', '204363': '722', '204420': '712', '204436': '742', '204465': '677', '204496': '700', '204549': '716', '204551': '721', '204574': '679', '204672': '699', '204721': '713', '204756': '706', '204763': '714', '204764': '694', '204781': '734', '204812': '690', '204928': '675', '204946': '725', '204960': '671', '205039': '725', '205135': '726', '205137': '728', '205188': '734', '205219': '696', '205266': '704', '205268': '680', '205299': '710', '205308': '716', '205395': '724', '205462': '717', '205473': '700', '205606': '698', '205622': '688', '205678': '730', '205685': '717', '205687': '712', '205694': '713', '205703': '707', '205705': '677', '205712': '736', '205719': '716', '205741': '738', '205760': '701', '205774': '678', '205776': '691', '205784': '723', '205798': '721', '205801': '728', '205809': '705', '205814': '733', '205815': '693', '205817': '757', '205848': '713', '205865': '733', '205869': '777', '205882': '700', '205898': '759', '205907': '721', '205908': '722'}}", 'events': 248550, 'type': 'EDM', 'lfn': '/store/user/amalhotr/DYto2Mu-4Jets_Bin-MLL-50_TuneCP5_13p6TeV_madgraphMLM-pythia8/DYto2Mu4Jets_Unpacker_Large/250323_060454/0000/HLTUnpackerOutputLarge_10.root'}, {'parents': '[]', 'runlumi': "{'1': {'101155': 'None', '101156': 'None', '101160': 'None', '101163': 'None', '101173': 'None', '101176': 'None', '101182': 'None', '101184': 'None', '101189': 'None', '101192': 'None', '101193': 'None', '101200': 'None', '101206': 'None', '101238': 'None', '101245': 'None', '101281': 'None', '101286': 'None', '101292': 'None', '101298': 'None', '101303': 'None', '101322': 'None', '101331': 'None', '101338': 'None', '101379': 'None', '101396': 'None', '101426': 'None', '101437': 'None', '101467': 'None', '101502': 'None', '101516': 'None', '101545': 'None', '101546': 'None', '101550': 'None', '101553': 'None', '101555': 'None', '101558': 'None', '101562': 'None', '101572': 'None', '101574': 'None', '101577': 'None', '101579': 'None', '101582': 'None', '101591': 'None', '101632': 'None', '101668': 'None', '101689': 'None', '101696': 'None', '101697': 'None', '101700': 'None', '101709': 'None', '101712': 'None', '101714': 'None', '101716': 'None', '101721': 'None', '101726': 'None', '101729': 'None', '101732': 'None', '101736': 'None', '101745': 'None', '101750': 'None', '101756': 'None', '101758': 'None', '101785': 'None', '101791': 'None', '101792': 'None', '101794': 'None', '101803': 'None', '101804': 'None', '101806': 'None'}}", 'events': 49420, 'type': 'POOLIN', 'lfn': '/store/mc/RunIII2024Summer24MiniAOD/DYto2Mu-4Jets_Bin-MLL-50_TuneCP5_13p6TeV_madgraphMLM-pythia8/MINIAODSIM/140X_mcRun3_2024_realistic_v26-v2/110000/02df5b47-6f7c-4376-ab0b-a477f3d0df52.root_10'}, {'parents': '[]', 'runlumi': "{'1': {'204135': 'None', '204172': 'None', '204189': 'None', '204204': 'None', '204263': 'None', '204264': 'None', '204275': 'None', '204298': 'None', '204322': 'None', '204329': 'None', '204346': 'None', '204354': 'None', '204363': 'None', '204420': 'None', '204436': 'None', '204465': 'None', '204496': 'None', '204549': 'None', '204551': 'None', '204574': 'None', '204672': 'None', '204721': 'None', '204756': 'None', '204763': 'None', '204764': 'None', '204781': 'None', '204812': 'None', '204928': 'None', '204946': 'None', '204960': 'None', '205039': 'None', '205135': 'None', '205137': 'None', '205188': 'None', '205219': 'None', '205266': 'None', '205268': 'None', '205299': 'None', '205308': 'None', '205395': 'None', '205462': 'None', '205473': 'None', '205606': 'None', '205622': 'None', '205678': 'None', '205685': 'None', '205687': 'None', '205694': 'None', '205703': 'None', '205705': 'None', '205712': 'None', '205719': 'None', '205741': 'None', '205760': 'None', '205774': 'None', '205776': 'None', '205784': 'None', '205798': 'None', '205801': 'None', '205809': 'None', '205814': 'None', '205815': 'None', '205817': 'None', '205848': 'None', '205865': 'None', '205869': 'None', '205882': 'None', '205898': 'None', '205907': 'None', '205908': 'None'}}", 'events': 49886, 'type': 'POOLIN', 'lfn': '/store/mc/RunIII2024Summer24MiniAOD/DYto2Mu-4Jets_Bin-MLL-50_TuneCP5_13p6TeV_madgraphMLM-pythia8/MINIAODSIM/140X_mcRun3_2024_realistic_v26-v2/110000/0253044d-64ff-4aee-bbb7-d491f62d5a36.root_10'}, {'parents': '[]', 'runlumi': "{'1': {'203544': 'None', '203560': 'None', '203568': 'None', '203585': 'None', '203601': 'None', '203609': 'None', '203617': 'None', '203620': 'None', '203626': 'None', '203642': 'None', '203650': 'None', '203651': 'None', '203659': 'None', '203667': 'None', '203683': 'None', '203700': 'None', '203708': 'None', '203751': 'None', '203760': 'None', '203768': 'None', '203776': 'None', '203785': 'None', '203792': 'None', '203801': 'None', '203809': 'None', '203818': 'None', '203826': 'None', '203833': 'None', '203842': 'None', '203855': 'None', '203879': 'None', '203994': 'None', '204025': 'None', '204029': 'None', '204030': 'None', '204035': 'None', '204038': 'None', '204039': 'None', '204055': 'None', '204063': 'None', '204079': 'None', '204095': 'None', '204112': 'None', '204120': 'None', '204121': 'None', '204136': 'None', '204137': 'None', '204145': 'None', '204146': 'None', '204161': 'None', '204162': 'None', '204178': 'None', '204179': 'None', '204202': 'None', '204226': 'None', '204229': 'None', '204235': 'None', '204251': 'None', '204253': 'None', '204260': 'None', '204267': 'None', '204284': 'None', '204308': 'None', '204314': 'None', '204317': 'None', '204320': 'None', '204333': 'None', '204342': 'None', '204349': 'None', '204350': 'None'}}", 'events': 49509, 'type': 'POOLIN', 'lfn': '/store/mc/RunIII2024Summer24MiniAOD/DYto2Mu-4Jets_Bin-MLL-50_TuneCP5_13p6TeV_madgraphMLM-pythia8/MINIAODSIM/140X_mcRun3_2024_realistic_v26-v2/110000/010ea098-2b59-46ec-aec3-b81ae27bcdc0.root_10'}, {'parents': '[]', 'runlumi': "{'1': {'182968': 'None', '186020': 'None', '186029': 'None', '186034': 'None', '186149': 'None', '186351': 'None', '186375': 'None', '186428': 'None', '186436': 'None', '186444': 'None', '186460': 'None', '186469': 'None', '186475': 'None', '186477': 'None', '186485': 'None', '186494': 'None', '186501': 'None', '186518': 'None', '186526': 'None', '186535': 'None', '186559': 'None', '186567': 'None', '186590': 'None', '186602': 'None', '186611': 'None', '186734': 'None', '186787': 'None', '186812': 'None', '186829': 'None', '186834': 'None', '186836': 'None', '186843': 'None', '186845': 'None', '186853': 'None', '186870': 'None', '186877': 'None', '186886': 'None', '186903': 'None', '186911': 'None', '186918': 'None', '186941': 'None', '186957': 'None', '186973': 'None', '186981': 'None', '202064': 'None', '202082': 'None', '202097': 'None', '202099': 'None', '202113': 'None', '202134': 'None', '202142': 'None', '202289': 'None', '202330': 'None', '202346': 'None', '202370': 'None', '202372': 'None', '202376': 'None', '202382': 'None', '202384': 'None', '202386': 'None', '202389': 'None', '202390': 'None', '202392': 'None', '202393': 'None', '202396': 'None', '202400': 'None', '202407': 'None', '202411': 'None', '202451': 'None', '202487': 'None', '202494': 'None'}}", 'events': 49938, 'type': 'POOLIN', 'lfn': '/store/mc/RunIII2024Summer24MiniAOD/DYto2Mu-4Jets_Bin-MLL-50_TuneCP5_13p6TeV_madgraphMLM-pythia8/MINIAODSIM/140X_mcRun3_2024_realistic_v26-v2/110000/00a31e63-ef33-4b0a-a267-ef8004cda8ac.root_10'}, {'parents': '[]', 'runlumi': "{'1': {'45954': 'None', '48932': 'None', '89154': 'None', '89174': 'None', '89205': 'None', '89333': 'None', '89432': 'None', '89576': 'None', '89698': 'None', '89766': 'None', '89886': 'None', '89902': 'None', '89939': 'None', '90136': 'None', '90759': 'None', '90816': 'None', '90841': 'None', '90932': 'None', '90976': 'None', '100273': 'None', '100620': 'None', '100887': 'None', '100937': 'None', '100984': 'None', '101017': 'None', '101943': 'None', '119278': 'None', '119410': 'None', '119430': 'None', '119503': 'None', '119730': 'None', '119741': 'None', '119912': 'None', '120030': 'None', '120063': 'None', '120097': 'None', '120120': 'None', '120138': 'None', '120237': 'None', '120284': 'None', '120329': 'None', '120358': 'None', '120467': 'None', '120489': 'None', '120540': 'None', '120628': 'None', '120706': 'None', '120743': 'None', '120758': 'None', '120874': 'None', '120962': 'None', '120995': 'None', '143065': 'None', '143080': 'None', '143119': 'None', '143331': 'None', '143356': 'None', '143372': 'None', '143447': 'None', '143471': 'None', '143479': 'None', '143488': 'None', '143562': 'None', '143610': 'None', '144008': 'None', '144017': 'None', '144025': 'None', '144041': 'None', '144147': 'None', '144161': 'None'}}", 'events': 49797, 'type': 'POOLIN', 'lfn': '/store/mc/RunIII2024Summer24MiniAOD/DYto2Mu-4Jets_Bin-MLL-50_TuneCP5_13p6TeV_madgraphMLM-pythia8/MINIAODSIM/140X_mcRun3_2024_realistic_v26-v2/110000/003d60b2-e312-4154-9795-f95564228da5.root_10'}], '13': [{'parents': "['/store/mc/RunIII2024Summer24MiniAOD/DYto2Mu-4Jets_Bin-MLL-50_TuneCP5_13p6TeV_madgraphMLM-pythia8/MINIAODSIM/140X_mcRun3_2024_realistic_v26-v2/110000/09117461-951d-4839-80b7-23a2bde76164.root', '/store/mc/RunIII2024Summer24MiniAOD/DYto2Mu-4Jets_Bin-MLL-50_TuneCP5_13p6TeV_madgraphMLM-pythia8/MINIAODSIM/140X_mcRun3_2024_realistic_v26-v2/110000/09917817-fc65-4f75-8ba7-eaf27abe2a80.root', '/store/mc/RunIII2024Summer24MiniAOD/DYto2Mu-4Jets_Bin-MLL-50_TuneCP5_13p6TeV_madgraphMLM-pythia8/MINIAODSIM/140X_mcRun3_2024_realistic_v26-v2/110000/09ac5438-a590-40e4-908f-913237709985.root', '/store/mc/RunIII2024Summer24MiniAOD/DYto2Mu-4Jets_Bin-MLL-50_TuneCP5_13p6TeV_madgraphMLM-pythia8/MINIAODSIM/140X_mcRun3_2024_realistic_v26-v2/110000/0a23ca2b-fc23-4a35-99d5-02503121f8d2.root', '/store/mc/RunIII2024Summer24MiniAOD/DYto2Mu-4Jets_Bin-MLL-50_TuneCP5_13p6TeV_madgraphMLM-pythia8/MINIAODSIM/140X_mcRun3_2024_realistic_v26-v2/110000/0a4528c3-9844-46c2-b07e-133d1c1e63e2.root']", 'runlumi': "{'1': {'12467': '710', '12583': '665', '12900': '720', '12912': '705', '14427': '712', '14738': '721', '38078': '695', '38147': '712', '38176': '736', '38270': '703', '38308': '718', '38309': '712', '38392': '708', '38397': '688', '38479': '710', '38532': '704', '38593': '722', '38635': '708', '38638': '665', '38644': '689', '38664': '707', '38684': '688', '38691': '723', '38692': '725', '38717': '707', '38733': '739', '38742': '686', '38831': '700', '38927': '726', '38930': '743', '38945': '691', '38977': '671', '38984': '697', '45041': '728', '45310': '710', '45327': '654', '45354': '733', '45653': '693', '45657': '697', '46005': '690', '46011': '730', '46012': '717', '46031': '704', '46035': '697', '46038': '723', '46039': '733', '46076': '671', '46080': '719', '46087': '699', '46094': '729', '46100': '724', '46117': '685', '46136': '749', '46144': '707', '46145': '715', '46154': '725', '46158': '711', '46174': '740', '46182': '747', '46186': '690', '46191': '656', '46199': '675', '46202': '704', '46211': '700', '46229': '717', '46230': '722', '46240': '750', '46243': '676', '46245': '697', '46248': '682', '46254': '689', '46261': '686', '46262': '715', '46271': '720', '46274': '666', '46288': '704', '47234': '753', '49299': '715', '49323': '687', '50413': '726', '50415': '726', '50421': '711', '50425': '724', '50429': '693', '50431': '655', '50434': '708', '50437': '675', '50444': '735', '50446': '695', '50449': '707', '50451': '684', '50454': '670', '50456': '699', '50459': '676', '50472': '687', '50475': '708', '50487': '732', '50492': '689', '50495': '735', '50496': '690', '50500': '705', '50503': '669', '50510': '702', '50512': '723', '50513': '699', '50516': '693', '50519': '735', '50520': '735', '50528': '722', '50530': '707', '50533': '711', '50536': '686', '50544': '726', '50547': '735', '50551': '694', '50552': '679', '50554': '720', '50561': '686', '50562': '711', '50570': '735', '50571': '721', '50574': '740', '50577': '704', '50578': '704', '50585': '720', '50588': '667', '50590': '690', '50592': '714', '50593': '693', '50594': '723', '50595': '662', '50599': '731', '50600': '687', '50602': '684', '50605': '702', '50609': '656', '50611': '707', '50615': '710', '50618': '727', '50619': '658', '50625': '691', '50634': '722', '50635': '728', '50643': '677', '50650': '736', '50656': '733', '50667': '730', '50672': '704', '50674': '700', '50683': '706', '89051': '733', '89052': '710', '89057': '728', '89060': '711', '89062': '709', '89069': '745', '89074': '703', '89076': '723', '89082': '709', '89091': '728', '89092': '734', '89098': '670', '89099': '720', '89101': '705', '89108': '733', '89114': '731', '89115': '723', '89117': '739', '89122': '715', '89123': '727', '89124': '746', '89125': '731', '89132': '741', '89138': '734', '89140': '714', '89141': '723', '89143': '716', '89155': '693', '89161': '717', '89162': '702', '89164': '721', '89169': '682', '89171': '718', '89172': '704', '89185': '714', '89186': '758', '89187': '684', '89192': '711', '89193': '695', '89194': '705', '89196': '736', '89203': '732', '89210': '704', '89211': '767', '89213': '713', '89217': '714', '89218': '702', '89220': '722', '89221': '714', '89228': '697', '89233': '732', '89234': '746', '89235': '740', '89237': '708', '89238': '738', '89241': '750', '89243': '710', '89245': '684', '89251': '699', '89254': '720', '89265': '722', '89266': '721', '89267': '713', '89271': '692', '89272': '705', '89273': '678', '89274': '714', '89278': '717', '89282': '718', '89283': '689', '89288': '725', '89290': '710', '89291': '691', '89298': '718', '89299': '699', '89306': '696', '89307': '731', '89308': '727', '89313': '744', '89315': '691', '89318': '718', '89323': '690', '89324': '697', '89328': '687', '89329': '716', '89331': '714', '89335': '710', '89339': '729', '89347': '697', '89375': '745', '89427': '734', '89502': '700', '89519': '683', '89553': '690', '89573': '707', '89590': '684', '89610': '690', '89648': '705', '89651': '708', '89663': '722', '89673': '725', '89680': '712', '89696': '714', '89742': '705', '89759': '701', '89806': '691', '89824': '692', '90007': '679', '90011': '708', '90021': '695', '90037': '696', '90040': '720', '90047': '724', '90053': '702', '90057': '703', '90064': '698', '90129': '684', '90130': '701', '90143': '727', '90152': '699', '90165': '686', '90166': '708', '90186': '689', '90194': '705', '90199': '670', '90201': '692', '90217': '666', '90225': '684', '90234': '653', '90257': '719', '90262': '703', '205041': '697', '205049': '690', '205118': '684', '205128': '707', '205136': '696', '205143': '714', '205148': '727', '205170': '705', '205178': '709', '205185': '713', '205194': '702', '205209': '732', '205214': '685', '205220': '704', '205284': '709', '205291': '730', '205307': '702', '205341': '691', '205342': '699', '205350': '681', '205357': '690', '205397': '682', '205398': '698', '205406': '713', '205408': '713', '205439': '693', '205454': '724', '205455': '716', '205463': '690', '205470': '691', '205481': '698', '205489': '718', '205497': '719', '205504': '702', '205511': '732', '205513': '680', '205522': '745', '205529': '736', '205536': '747', '205538': '722', '205556': '694', '205593': '710', '205608': '716', '205611': '681', '205636': '696', '205661': '735', '205718': '710', '205736': '675', '205743': '646', '205747': '696', '205767': '704', '205775': '720', '205783': '684', '205792': '674', '205800': '696', '205806': '679', '205813': '707', '205823': '672', '205829': '670', '205837': '675', '205846': '671', '205861': '699', '205893': '690', '205919': '715', '205937': '670', '205984': '716', '205987': '702', '241031': '686', '241039': '684', '241057': '723', '241064': '716'}}", 'events': 248774, 'type': 'EDM', 'lfn': '/store/user/amalhotr/DYto2Mu-4Jets_Bin-MLL-50_TuneCP5_13p6TeV_madgraphMLM-pythia8/DYto2Mu4Jets_Unpacker_Large/250323_060454/0000/HLTUnpackerOutputLarge_13.root'}, {'parents': '[]', 'runlumi': "{'1': {'50413': 'None', '50415': 'None', '50421': 'None', '50425': 'None', '50429': 'None', '50431': 'None', '50434': 'None', '50437': 'None', '50444': 'None', '50446': 'None', '50449': 'None', '50451': 'None', '50454': 'None', '50456': 'None', '50459': 'None', '50472': 'None', '50475': 'None', '50487': 'None', '50492': 'None', '50495': 'None', '50496': 'None', '50500': 'None', '50503': 'None', '50510': 'None', '50512': 'None', '50513': 'None', '50516': 'None', '50519': 'None', '50520': 'None', '50528': 'None', '50530': 'None', '50533': 'None', '50536': 'None', '50544': 'None', '50547': 'None', '50551': 'None', '50552': 'None', '50554': 'None', '50561': 'None', '50562': 'None', '50570': 'None', '50571': 'None', '50574': 'None', '50577': 'None', '50578': 'None', '50585': 'None', '50588': 'None', '50590': 'None', '50592': 'None', '50593': 'None', '50594': 'None', '50595': 'None', '50599': 'None', '50600': 'None', '50602': 'None', '50605': 'None', '50609': 'None', '50611': 'None', '50615': 'None', '50618': 'None', '50619': 'None', '50625': 'None', '50634': 'None', '50635': 'None', '50643': 'None', '50650': 'None', '50656': 'None', '50667': 'None', '50672': 'None', '50674': 'None', '50683': 'None'}}", 'events': 50025, 'type': 'POOLIN', 'lfn': '/store/mc/RunIII2024Summer24MiniAOD/DYto2Mu-4Jets_Bin-MLL-50_TuneCP5_13p6TeV_madgraphMLM-pythia8/MINIAODSIM/140X_mcRun3_2024_realistic_v26-v2/110000/0a4528c3-9844-46c2-b07e-133d1c1e63e2.root_13'}, {'parents': '[]', 'runlumi': "{'1': {'45041': 'None', '45310': 'None', '45327': 'None', '45354': 'None', '45653': 'None', '45657': 'None', '47234': 'None', '49299': 'None', '49323': 'None', '89051': 'None', '89052': 'None', '89057': 'None', '89060': 'None', '89062': 'None', '89069': 'None', '89074': 'None', '89076': 'None', '89082': 'None', '89091': 'None', '89092': 'None', '89098': 'None', '89099': 'None', '89101': 'None', '89108': 'None', '89114': 'None', '89115': 'None', '89117': 'None', '89122': 'None', '89123': 'None', '89124': 'None', '89125': 'None', '89132': 'None', '89138': 'None', '89140': 'None', '89141': 'None', '89143': 'None', '89155': 'None', '89161': 'None', '89164': 'None', '89169': 'None', '89172': 'None', '89186': 'None', '89196': 'None', '89203': 'None', '89211': 'None', '89213': 'None', '89218': 'None', '89221': 'None', '89228': 'None', '89234': 'None', '89235': 'None', '89237': 'None', '89238': 'None', '89243': 'None', '89245': 'None', '89267': 'None', '89271': 'None', '89274': 'None', '89278': 'None', '89288': 'None', '89299': 'None', '89307': 'None', '89308': 'None', '89315': 'None', '89318': 'None', '89324': 'None', '89328': 'None', '89331': 'None', '89335': 'None'}}", 'events': 49468, 'type': 'POOLIN', 'lfn': '/store/mc/RunIII2024Summer24MiniAOD/DYto2Mu-4Jets_Bin-MLL-50_TuneCP5_13p6TeV_madgraphMLM-pythia8/MINIAODSIM/140X_mcRun3_2024_realistic_v26-v2/110000/0a23ca2b-fc23-4a35-99d5-02503121f8d2.root_13'}, {'parents': '[]', 'runlumi': "{'1': {'12467': 'None', '12583': 'None', '12900': 'None', '12912': 'None', '14427': 'None', '14738': 'None', '38078': 'None', '38147': 'None', '38176': 'None', '38270': 'None', '38308': 'None', '38309': 'None', '38392': 'None', '38397': 'None', '38479': 'None', '38532': 'None', '38593': 'None', '38635': 'None', '38638': 'None', '38644': 'None', '38664': 'None', '38684': 'None', '38691': 'None', '38692': 'None', '38717': 'None', '38733': 'None', '38742': 'None', '38831': 'None', '38927': 'None', '38930': 'None', '38945': 'None', '38977': 'None', '38984': 'None', '46005': 'None', '46011': 'None', '46012': 'None', '46031': 'None', '46035': 'None', '46038': 'None', '46039': 'None', '46076': 'None', '46080': 'None', '46087': 'None', '46094': 'None', '46100': 'None', '46117': 'None', '46136': 'None', '46144': 'None', '46145': 'None', '46154': 'None', '46158': 'None', '46174': 'None', '46182': 'None', '46186': 'None', '46191': 'None', '46199': 'None', '46202': 'None', '46211': 'None', '46229': 'None', '46230': 'None', '46240': 'None', '46243': 'None', '46245': 'None', '46248': 'None', '46254': 'None', '46261': 'None', '46262': 'None', '46271': 'None', '46274': 'None', '46288': 'None'}}", 'events': 49470, 'type': 'POOLIN', 'lfn': '/store/mc/RunIII2024Summer24MiniAOD/DYto2Mu-4Jets_Bin-MLL-50_TuneCP5_13p6TeV_madgraphMLM-pythia8/MINIAODSIM/140X_mcRun3_2024_realistic_v26-v2/110000/09ac5438-a590-40e4-908f-913237709985.root_13'}, {'parents': '[]', 'runlumi': "{'1': {'89162': 'None', '89171': 'None', '89185': 'None', '89187': 'None', '89192': 'None', '89193': 'None', '89194': 'None', '89210': 'None', '89217': 'None', '89220': 'None', '89233': 'None', '89241': 'None', '89251': 'None', '89254': 'None', '89265': 'None', '89266': 'None', '89272': 'None', '89273': 'None', '89282': 'None', '89283': 'None', '89290': 'None', '89291': 'None', '89298': 'None', '89306': 'None', '89313': 'None', '89323': 'None', '89329': 'None', '89339': 'None', '89347': 'None', '89375': 'None', '89427': 'None', '89502': 'None', '89519': 'None', '89553': 'None', '89573': 'None', '89590': 'None', '89610': 'None', '89648': 'None', '89651': 'None', '89663': 'None', '89673': 'None', '89680': 'None', '89696': 'None', '89742': 'None', '89759': 'None', '89806': 'None', '89824': 'None', '90007': 'None', '90011': 'None', '90021': 'None', '90037': 'None', '90040': 'None', '90047': 'None', '90053': 'None', '90057': 'None', '90064': 'None', '90129': 'None', '90130': 'None', '90143': 'None', '90152': 'None', '90165': 'None', '90166': 'None', '90186': 'None', '90194': 'None', '90199': 'None', '90201': 'None', '90217': 'None', '90225': 'None', '90234': 'None', '90257': 'None', '90262': 'None'}}", 'events': 50013, 'type': 'POOLIN', 'lfn': '/store/mc/RunIII2024Summer24MiniAOD/DYto2Mu-4Jets_Bin-MLL-50_TuneCP5_13p6TeV_madgraphMLM-pythia8/MINIAODSIM/140X_mcRun3_2024_realistic_v26-v2/110000/09917817-fc65-4f75-8ba7-eaf27abe2a80.root_13'}, {'parents': '[]', 'runlumi': "{'1': {'205041': 'None', '205049': 'None', '205118': 'None', '205128': 'None', '205136': 'None', '205143': 'None', '205148': 'None', '205170': 'None', '205178': 'None', '205185': 'None', '205194': 'None', '205209': 'None', '205214': 'None', '205220': 'None', '205284': 'None', '205291': 'None', '205307': 'None', '205341': 'None', '205342': 'None', '205350': 'None', '205357': 'None', '205397': 'None', '205398': 'None', '205406': 'None', '205408': 'None', '205439': 'None', '205454': 'None', '205455': 'None', '205463': 'None', '205470': 'None', '205481': 'None', '205489': 'None', '205497': 'None', '205504': 'None', '205511': 'None', '205513': 'None', '205522': 'None', '205529': 'None', '205536': 'None', '205538': 'None', '205556': 'None', '205593': 'None', '205608': 'None', '205611': 'None', '205636': 'None', '205661': 'None', '205718': 'None', '205736': 'None', '205743': 'None', '205747': 'None', '205767': 'None', '205775': 'None', '205783': 'None', '205792': 'None', '205800': 'None', '205806': 'None', '205813': 'None', '205823': 'None', '205829': 'None', '205837': 'None', '205846': 'None', '205861': 'None', '205893': 'None', '205919': 'None', '205937': 'None', '205984': 'None', '205987': 'None', '241031': 'None', '241039': 'None', '241057': 'None', '241064': 'None'}}", 'events': 49798, 'type': 'POOLIN', 'lfn': '/store/mc/RunIII2024Summer24MiniAOD/DYto2Mu-4Jets_Bin-MLL-50_TuneCP5_13p6TeV_madgraphMLM-pythia8/MINIAODSIM/140X_mcRun3_2024_realistic_v26-v2/110000/09117461-951d-4839-80b7-23a2bde76164.root_13'}], '11': [{'parents': "['/store/mc/RunIII2024Summer24MiniAOD/DYto2Mu-4Jets_Bin-MLL-50_TuneCP5_13p6TeV_madgraphMLM-pythia8/MINIAODSIM/140X_mcRun3_2024_realistic_v26-v2/110000/030e82c1-6866-4b23-b7e0-8618968bdb76.root', '/store/mc/RunIII2024Summer24MiniAOD/DYto2Mu-4Jets_Bin-MLL-50_TuneCP5_13p6TeV_madgraphMLM-pythia8/MINIAODSIM/140X_mcRun3_2024_realistic_v26-v2/110000/03cd698d-d48d-45bd-a48e-9e2798c2dc9b.root', '/store/mc/RunIII2024Summer24MiniAOD/DYto2Mu-4Jets_Bin-MLL-50_TuneCP5_13p6TeV_madgraphMLM-pythia8/MINIAODSIM/140X_mcRun3_2024_realistic_v26-v2/110000/03d4cf81-5097-42ac-ab1e-08308a74af6b.root', '/store/mc/RunIII2024Summer24MiniAOD/DYto2Mu-4Jets_Bin-MLL-50_TuneCP5_13p6TeV_madgraphMLM-pythia8/MINIAODSIM/140X_mcRun3_2024_realistic_v26-v2/110000/03e2d5b8-4a37-4ade-a91a-ae59b47dfcab.root', '/store/mc/RunIII2024Summer24MiniAOD/DYto2Mu-4Jets_Bin-MLL-50_TuneCP5_13p6TeV_madgraphMLM-pythia8/MINIAODSIM/140X_mcRun3_2024_realistic_v26-v2/110000/0404de91-564e-4576-ae9a-6b7536261a11.root']", 'runlumi': "{'1': {'906': '745', '12243': '708', '12256': '671', '12264': '671', '12272': '725', '12298': '742', '12300': '709', '12316': '678', '12324': '709', '12333': '712', '12341': '714', '12343': '667', '12357': '754', '12374': '675', '12382': '717', '12390': '741', '12398': '699', '12415': '705', '12420': '670', '12423': '688', '12431': '660', '12439': '696', '12458': '681', '12510': '681', '12548': '694', '12561': '725', '12591': '677', '12642': '726', '12744': '714', '12834': '702', '12890': '727', '12920': '719', '12922': '722', '12924': '708', '12929': '731', '12931': '711', '12947': '693', '12955': '749', '12956': '702', '12965': '711', '14011': '745', '14022': '723', '14085': '715', '14142': '671', '14248': '691', '14331': '733', '14339': '728', '14413': '743', '14422': '712', '14454': '707', '14471': '695', '14487': '700', '14495': '704', '14512': '703', '14562': '692', '14570': '692', '14579': '728', '14595': '668', '14611': '703', '14620': '702', '14627': '702', '14643': '675', '14661': '725', '14677': '727', '14684': '731', '14693': '691', '14703': '733', '14711': '718', '14720': '705', '14727': '713', '14737': '707', '46273': '727', '47136': '728', '47243': '738', '48491': '683', '48753': '683', '49360': '750', '49898': '735', '89053': '729', '89086': '700', '89094': '725', '89133': '770', '89277': '703', '89287': '699', '89320': '729', '89332': '709', '89369': '701', '89410': '727', '89451': '694', '89470': '714', '89509': '755', '89557': '726', '89566': '739', '89582': '758', '89589': '725', '89612': '703', '89664': '695', '89670': '754', '89689': '722', '89697': '754', '89719': '711', '89730': '743', '89737': '776', '89738': '714', '89743': '703', '89746': '750', '89749': '663', '89796': '726', '89860': '749', '89867': '702', '89885': '713', '89929': '697', '89971': '738', '89993': '740', '90133': '696', '90642': '739', '100010': '702', '100070': '678', '100093': '737', '100110': '716', '100119': '724', '100127': '729', '100150': '720', '100159': '730', '100175': '724', '100186': '702', '100204': '737', '100240': '765', '100279': '692', '100352': '730', '100377': '713', '100387': '760', '100409': '705', '100423': '756', '100425': '701', '100432': '725', '100440': '703', '100477': '710', '100485': '696', '145826': '659', '145830': '716', '145833': '698', '145834': '724', '145836': '724', '145840': '702', '145847': '687', '145855': '717', '145856': '748', '145863': '677', '145865': '707', '145871': '660', '145880': '711', '145887': '683', '145892': '737', '145896': '717', '145901': '681', '145903': '692', '145908': '702', '145911': '749', '145921': '734', '145925': '707', '145928': '709', '145933': '722', '145934': '713', '145937': '688', '145939': '721', '145942': '699', '145944': '703', '145950': '778', '145952': '720', '145956': '681', '145961': '748', '145964': '714', '145967': '695', '145969': '732', '145975': '682', '145978': '705', '145985': '726', '145991': '738', '145998': '707', '151001': '716', '151005': '748', '151010': '754', '151014': '707', '151018': '667', '151019': '722', '151020': '695', '151021': '686', '151025': '687', '151029': '720', '151034': '739', '151038': '709', '151046': '743', '151054': '699', '151055': '724', '151058': '680', '151066': '698', '151070': '704', '151071': '730', '151076': '695', '151079': '663', '151095': '730', '151096': '699', '151111': '700', '151112': '715', '151118': '732', '151119': '732', '151121': '732', '151129': '731', '303808': '703', '303814': '718', '303815': '719', '303817': '703', '303819': '731', '303821': '694', '303823': '701', '303824': '715', '303831': '745', '303844': '684', '303848': '725', '303849': '719', '303850': '721', '303851': '747', '303853': '676', '303864': '664', '303865': '707', '303870': '704', '303871': '719', '303873': '719', '303881': '716', '303889': '723', '303890': '685', '303894': '760', '303895': '725', '303896': '681', '303898': '754', '303899': '699', '303901': '736', '303913': '693', '303916': '684', '303918': '727', '303928': '728', '303933': '724', '303935': '714', '303936': '703', '303944': '739', '303953': '715', '303955': '722', '303958': '728', '303959': '703', '303960': '736', '303963': '735', '303969': '715', '303975': '715', '303976': '693', '303977': '703', '303983': '660', '303984': '685', '303985': '674', '303989': '744', '303991': '804', '303992': '703', '303993': '716', '303996': '615', '303998': '735', '304000': '693', '304001': '716', '304002': '702', '304003': '710', '304008': '697', '304010': '764', '304015': '711', '304017': '728', '304018': '685', '304019': '698', '304023': '711', '304024': '711', '304026': '694', '304027': '695', '311210': '679', '311216': '672', '311218': '704', '311220': '695', '311228': '695', '311234': '695', '311236': '719', '311244': '737', '311245': '681', '311259': '653', '311260': '673', '311269': '721', '311275': '694', '311276': '713', '311277': '694', '311281': '694', '311285': '722', '311288': '710', '311296': '703', '311297': '738', '311298': '731', '311300': '730', '311301': '643', '311302': '713', '311305': '739', '311309': '709', '311312': '704', '311314': '723', '311317': '682', '311326': '728', '311329': '683', '311330': '735', '311331': '682', '311337': '682', '311338': '715', '311339': '689', '311343': '700', '311346': '714', '311350': '679', '311353': '717', '311354': '703', '311355': '715', '311367': '737', '311370': '701', '311373': '661', '311376': '694', '311378': '699', '311384': '745', '311388': '676', '311389': '738', '311391': '703', '311393': '716', '311395': '686', '311397': '693', '311401': '699', '311408': '732', '311411': '717', '311414': '699', '311419': '676', '311422': '717', '311423': '728', '311425': '704', '311427': '746', '311430': '714', '311431': '693', '311436': '728', '311442': '709', '311447': '707', '311449': '680', '311464': '711', '311472': '700'}}", 'events': 248909, 'type': 'EDM', 'lfn': '/store/user/amalhotr/DYto2Mu-4Jets_Bin-MLL-50_TuneCP5_13p6TeV_madgraphMLM-pythia8/DYto2Mu4Jets_Unpacker_Large/250323_060454/0000/HLTUnpackerOutputLarge_11.root'}, {'parents': '[]', 'runlumi': "{'1': {'311210': 'None', '311216': 'None', '311218': 'None', '311220': 'None', '311228': 'None', '311234': 'None', '311236': 'None', '311244': 'None', '311245': 'None', '311259': 'None', '311260': 'None', '311269': 'None', '311275': 'None', '311276': 'None', '311277': 'None', '311281': 'None', '311285': 'None', '311288': 'None', '311296': 'None', '311297': 'None', '311298': 'None', '311300': 'None', '311301': 'None', '311302': 'None', '311305': 'None', '311309': 'None', '311312': 'None', '311314': 'None', '311317': 'None', '311326': 'None', '311329': 'None', '311330': 'None', '311331': 'None', '311337': 'None', '311338': 'None', '311339': 'None', '311343': 'None', '311346': 'None', '311350': 'None', '311353': 'None', '311354': 'None', '311355': 'None', '311367': 'None', '311370': 'None', '311373': 'None', '311376': 'None', '311378': 'None', '311384': 'None', '311388': 'None', '311389': 'None', '311391': 'None', '311393': 'None', '311395': 'None', '311397': 'None', '311401': 'None', '311408': 'None', '311411': 'None', '311414': 'None', '311419': 'None', '311422': 'None', '311423': 'None', '311425': 'None', '311427': 'None', '311430': 'None', '311431': 'None', '311436': 'None', '311442': 'None', '311447': 'None', '311449': 'None', '311464': 'None', '311472': 'None'}}", 'events': 50017, 'type': 'POOLIN', 'lfn': '/store/mc/RunIII2024Summer24MiniAOD/DYto2Mu-4Jets_Bin-MLL-50_TuneCP5_13p6TeV_madgraphMLM-pythia8/MINIAODSIM/140X_mcRun3_2024_realistic_v26-v2/110000/0404de91-564e-4576-ae9a-6b7536261a11.root_11'}, {'parents': '[]', 'runlumi': "{'1': {'906': 'None', '46273': 'None', '47136': 'None', '47243': 'None', '48491': 'None', '48753': 'None', '49360': 'None', '49898': 'None', '89053': 'None', '89086': 'None', '89094': 'None', '89133': 'None', '89277': 'None', '89287': 'None', '89320': 'None', '89332': 'None', '89369': 'None', '89410': 'None', '89451': 'None', '89470': 'None', '89509': 'None', '89557': 'None', '89566': 'None', '89582': 'None', '89589': 'None', '89612': 'None', '89664': 'None', '89670': 'None', '89689': 'None', '89697': 'None', '89719': 'None', '89730': 'None', '89737': 'None', '89738': 'None', '89743': 'None', '89746': 'None', '89749': 'None', '89796': 'None', '89860': 'None', '89867': 'None', '89885': 'None', '89929': 'None', '89971': 'None', '89993': 'None', '90133': 'None', '90642': 'None', '100010': 'None', '100070': 'None', '100093': 'None', '100110': 'None', '100119': 'None', '100127': 'None', '100150': 'None', '100159': 'None', '100175': 'None', '100186': 'None', '100204': 'None', '100240': 'None', '100279': 'None', '100352': 'None', '100377': 'None', '100387': 'None', '100409': 'None', '100423': 'None', '100425': 'None', '100432': 'None', '100440': 'None', '100477': 'None', '100485': 'None'}}", 'events': 49835, 'type': 'POOLIN', 'lfn': '/store/mc/RunIII2024Summer24MiniAOD/DYto2Mu-4Jets_Bin-MLL-50_TuneCP5_13p6TeV_madgraphMLM-pythia8/MINIAODSIM/140X_mcRun3_2024_realistic_v26-v2/110000/03e2d5b8-4a37-4ade-a91a-ae59b47dfcab.root_11'}, {'parents': '[]', 'runlumi': "{'1': {'145826': 'None', '145830': 'None', '145833': 'None', '145834': 'None', '145836': 'None', '145840': 'None', '145847': 'None', '145855': 'None', '145856': 'None', '145863': 'None', '145865': 'None', '145871': 'None', '145880': 'None', '145887': 'None', '145892': 'None', '145896': 'None', '145901': 'None', '145903': 'None', '145908': 'None', '145911': 'None', '145921': 'None', '145925': 'None', '145928': 'None', '145933': 'None', '145934': 'None', '145937': 'None', '145939': 'None', '145942': 'None', '145944': 'None', '145950': 'None', '145952': 'None', '145956': 'None', '145961': 'None', '145964': 'None', '145967': 'None', '145969': 'None', '145975': 'None', '145978': 'None', '145985': 'None', '145991': 'None', '145998': 'None', '151001': 'None', '151005': 'None', '151010': 'None', '151014': 'None', '151018': 'None', '151019': 'None', '151020': 'None', '151021': 'None', '151025': 'None', '151029': 'None', '151034': 'None', '151038': 'None', '151046': 'None', '151054': 'None', '151055': 'None', '151058': 'None', '151066': 'None', '151070': 'None', '151071': 'None', '151076': 'None', '151079': 'None', '151095': 'None', '151096': 'None', '151111': 'None', '151112': 'None', '151118': 'None', '151119': 'None', '151121': 'None', '151129': 'None'}}", 'events': 49770, 'type': 'POOLIN', 'lfn': '/store/mc/RunIII2024Summer24MiniAOD/DYto2Mu-4Jets_Bin-MLL-50_TuneCP5_13p6TeV_madgraphMLM-pythia8/MINIAODSIM/140X_mcRun3_2024_realistic_v26-v2/110000/03d4cf81-5097-42ac-ab1e-08308a74af6b.root_11'}, {'parents': '[]', 'runlumi': "{'1': {'303808': 'None', '303814': 'None', '303815': 'None', '303817': 'None', '303819': 'None', '303821': 'None', '303823': 'None', '303824': 'None', '303831': 'None', '303844': 'None', '303848': 'None', '303849': 'None', '303850': 'None', '303851': 'None', '303853': 'None', '303864': 'None', '303865': 'None', '303870': 'None', '303871': 'None', '303873': 'None', '303881': 'None', '303889': 'None', '303890': 'None', '303894': 'None', '303895': 'None', '303896': 'None', '303898': 'None', '303899': 'None', '303901': 'None', '303913': 'None', '303916': 'None', '303918': 'None', '303928': 'None', '303933': 'None', '303935': 'None', '303936': 'None', '303944': 'None', '303953': 'None', '303955': 'None', '303958': 'None', '303959': 'None', '303960': 'None', '303963': 'None', '303969': 'None', '303975': 'None', '303976': 'None', '303977': 'None', '303983': 'None', '303984': 'None', '303985': 'None', '303989': 'None', '303991': 'None', '303992': 'None', '303993': 'None', '303996': 'None', '303998': 'None', '304000': 'None', '304001': 'None', '304002': 'None', '304003': 'None', '304008': 'None', '304010': 'None', '304015': 'None', '304017': 'None', '304018': 'None', '304019': 'None', '304023': 'None', '304024': 'None', '304026': 'None', '304027': 'None'}}", 'events': 49821, 'type': 'POOLIN', 'lfn': '/store/mc/RunIII2024Summer24MiniAOD/DYto2Mu-4Jets_Bin-MLL-50_TuneCP5_13p6TeV_madgraphMLM-pythia8/MINIAODSIM/140X_mcRun3_2024_realistic_v26-v2/110000/03cd698d-d48d-45bd-a48e-9e2798c2dc9b.root_11'}, {'parents': '[]', 'runlumi': "{'1': {'12243': 'None', '12256': 'None', '12264': 'None', '12272': 'None', '12298': 'None', '12300': 'None', '12316': 'None', '12324': 'None', '12333': 'None', '12341': 'None', '12343': 'None', '12357': 'None', '12374': 'None', '12382': 'None', '12390': 'None', '12398': 'None', '12415': 'None', '12420': 'None', '12423': 'None', '12431': 'None', '12439': 'None', '12458': 'None', '12510': 'None', '12548': 'None', '12561': 'None', '12591': 'None', '12642': 'None', '12744': 'None', '12834': 'None', '12890': 'None', '12920': 'None', '12922': 'None', '12924': 'None', '12929': 'None', '12931': 'None', '12947': 'None', '12955': 'None', '12956': 'None', '12965': 'None', '14011': 'None', '14022': 'None', '14085': 'None', '14142': 'None', '14248': 'None', '14331': 'None', '14339': 'None', '14413': 'None', '14422': 'None', '14454': 'None', '14471': 'None', '14487': 'None', '14495': 'None', '14512': 'None', '14562': 'None', '14570': 'None', '14579': 'None', '14595': 'None', '14611': 'None', '14620': 'None', '14627': 'None', '14643': 'None', '14661': 'None', '14677': 'None', '14684': 'None', '14693': 'None', '14703': 'None', '14711': 'None', '14720': 'None', '14727': 'None', '14737': 'None'}}", 'events': 49466, 'type': 'POOLIN', 'lfn': '/store/mc/RunIII2024Summer24MiniAOD/DYto2Mu-4Jets_Bin-MLL-50_TuneCP5_13p6TeV_madgraphMLM-pythia8/MINIAODSIM/140X_mcRun3_2024_realistic_v26-v2/110000/030e82c1-6866-4b23-b7e0-8618968bdb76.root_11'}], '2': [{'parents': "['/store/mc/RunIII2024Summer24MiniAOD/DYto2Mu-4Jets_Bin-MLL-50_TuneCP5_13p6TeV_madgraphMLM-pythia8/MINIAODSIM/140X_mcRun3_2024_realistic_v26-v2/110000/044e2c27-6eeb-49d2-bc61-96922a59fe15.root', '/store/mc/RunIII2024Summer24MiniAOD/DYto2Mu-4Jets_Bin-MLL-50_TuneCP5_13p6TeV_madgraphMLM-pythia8/MINIAODSIM/140X_mcRun3_2024_realistic_v26-v2/110000/11ce5553-5614-464d-b4c5-97c62c31212b.root', '/store/mc/RunIII2024Summer24MiniAOD/DYto2Mu-4Jets_Bin-MLL-50_TuneCP5_13p6TeV_madgraphMLM-pythia8/MINIAODSIM/140X_mcRun3_2024_realistic_v26-v2/110000/13b514ae-b329-4439-8041-ad98f992f3e6.root', '/store/mc/RunIII2024Summer24MiniAOD/DYto2Mu-4Jets_Bin-MLL-50_TuneCP5_13p6TeV_madgraphMLM-pythia8/MINIAODSIM/140X_mcRun3_2024_realistic_v26-v2/110000/16891f4c-24ba-433b-a2a5-8604183eb08f.root']", 'runlumi': "{'1': {'513': '704', '12460': '689', '13010': '718', '13132': '709', '38002': '721', '39040': '728', '39874': '717', '45049': '690', '45097': '656', '45105': '736', '45159': '737', '45186': '732', '45287': '733', '45362': '701', '45374': '735', '45427': '736', '45433': '663', '45531': '676', '45567': '717', '45574': '678', '45601': '700', '45640': '749', '45641': '671', '45650': '704', '45716': '734', '45747': '737', '45758': '687', '45793': '705', '45796': '693', '45816': '699', '45838': '675', '45853': '704', '47677': '666', '47764': '742', '47796': '726', '48141': '683', '48336': '694', '48409': '670', '48426': '705', '48480': '736', '48589': '676', '48651': '703', '48671': '696', '48715': '742', '48817': '698', '49029': '722', '49054': '717', '49218': '724', '49224': '729', '49301': '688', '49407': '685', '49608': '683', '49744': '715', '49841': '692', '49848': '690', '50433': '736', '50695': '702', '89039': '679', '89212': '693', '89219': '691', '89437': '739', '89972': '643', '90099': '715', '90348': '703', '90349': '764', '90354': '730', '90357': '690', '90444': '676', '90452': '702', '90496': '724', '90529': '692', '90660': '702', '90820': '675', '100044': '699', '145281': '676', '151090': '714', '151713': '739', '151926': '674', '180868': '751', '181516': '710', '181543': '748', '181665': '683', '181810': '750', '181846': '709', '181888': '718', '182457': '738', '182878': '692', '186037': '710', '186077': '722', '186216': '693', '186247': '722', '186260': '702', '186384': '683', '186861': '703', '202136': '701', '202145': '755', '202388': '683', '202493': '731', '202650': '706', '202681': '707', '202757': '699', '202860': '650', '203025': '743', '203536': '767', '203628': '706', '203646': '737', '203758': '686', '203777': '717', '203791': '761', '203866': '681', '203936': '748', '204017': '689', '204024': '764', '204115': '684', '204203': '645', '204531': '670', '204544': '710', '204573': '709', '204589': '709', '204592': '753', '204759': '733', '204767': '725', '204791': '670', '204857': '698', '204897': '670', '204945': '736', '204958': '728', '204967': '735', '205079': '736', '205145': '759', '205152': '680', '205203': '679', '205221': '647', '205236': '749', '205244': '702', '205324': '698', '205330': '714', '205355': '682', '205369': '698', '205555': '677', '205610': '687', '205620': '719', '205658': '737', '205699': '742', '205725': '722', '205738': '690', '205795': '652', '205799': '747', '205836': '745', '205929': '704', '205943': '680', '205961': '710', '205968': '671', '205980': '707', '241001': '689', '241107': '735', '241112': '691', '241113': '694', '241124': '697', '241136': '680', '241158': '703', '241183': '714', '241212': '699', '241307': '712', '241325': '701', '241390': '671', '241391': '738', '241400': '664', '241514': '704', '241517': '734', '241590': '716', '241689': '732', '241732': '727'}}", 'events': 122349, 'type': 'EDM', 'lfn': '/store/user/amalhotr/DYto2Mu-4Jets_Bin-MLL-50_TuneCP5_13p6TeV_madgraphMLM-pythia8/DYto2Mu4Jets_Unpacker_Large/250323_060454/0000/HLTUnpackerOutputLarge_2.root'}, {'parents': '[]', 'runlumi': "{'1': {'145281': 'None', '151090': 'None', '151713': 'None', '151926': 'None', '181516': 'None', '181543': 'None', '181665': 'None', '181810': 'None', '181846': 'None', '181888': 'None', '182457': 'None', '182878': 'None', '186037': 'None', '186077': 'None', '186216': 'None', '186247': 'None', '186384': 'None', '202136': 'None', '202145': 'None', '202388': 'None', '202650': 'None', '202681': 'None', '202757': 'None', '203025': 'None', '203536': 'None', '203646': 'None', '203758': 'None', '203777': 'None', '203791': 'None', '203936': 'None', '204203': 'None', '204531': 'None', '204544': 'None', '204573': 'None', '204759': 'None', '204767': 'None', '204791': 'None', '204857': 'None', '204897': 'None', '204945': 'None', '205221': 'None', '205324': 'None', '205355': 'None', '205369': 'None', '205610': 'None', '205658': 'None', '205725': 'None', '205738': 'None', '205795': 'None', '241001': 'None', '241124': 'None', '241307': 'None'}}", 'events': 36768, 'type': 'POOLIN', 'lfn': '/store/mc/RunIII2024Summer24MiniAOD/DYto2Mu-4Jets_Bin-MLL-50_TuneCP5_13p6TeV_madgraphMLM-pythia8/MINIAODSIM/140X_mcRun3_2024_realistic_v26-v2/110000/16891f4c-24ba-433b-a2a5-8604183eb08f.root_2'}, {'parents': '[]', 'runlumi': "{'1': {'12460': 'None', '38002': 'None', '45097': 'None', '45186': 'None', '45374': 'None', '45427': 'None', '45567': 'None', '45640': 'None', '45641': 'None', '45650': 'None', '45716': 'None', '45747': 'None', '45793': 'None', '45796': 'None', '45816': 'None', '45853': 'None', '48715': 'None', '48817': 'None', '49301': 'None', '50695': 'None', '89039': 'None', '89212': 'None', '89219': 'None', '89437': 'None', '89972': 'None', '90099': 'None', '90348': 'None', '90349': 'None', '90354': 'None', '90357': 'None', '90444': 'None', '90452': 'None', '90496': 'None', '90529': 'None', '90660': 'None', '90820': 'None', '100044': 'None'}}", 'events': 26129, 'type': 'POOLIN', 'lfn': '/store/mc/RunIII2024Summer24MiniAOD/DYto2Mu-4Jets_Bin-MLL-50_TuneCP5_13p6TeV_madgraphMLM-pythia8/MINIAODSIM/140X_mcRun3_2024_realistic_v26-v2/110000/13b514ae-b329-4439-8041-ad98f992f3e6.root_2'}, {'parents': '[]', 'runlumi': "{'1': {'180868': 'None', '186260': 'None', '186861': 'None', '202493': 'None', '202860': 'None', '203628': 'None', '203866': 'None', '204017': 'None', '204024': 'None', '204115': 'None', '204589': 'None', '204592': 'None', '204958': 'None', '204967': 'None', '205079': 'None', '205145': 'None', '205152': 'None', '205203': 'None', '205236': 'None', '205244': 'None', '205330': 'None', '205555': 'None', '205620': 'None', '205699': 'None', '205799': 'None', '205836': 'None', '205929': 'None', '205943': 'None', '205961': 'None', '205968': 'None', '205980': 'None', '241107': 'None', '241112': 'None', '241113': 'None', '241136': 'None', '241158': 'None', '241183': 'None', '241212': 'None', '241325': 'None', '241390': 'None', '241391': 'None', '241400': 'None', '241514': 'None', '241517': 'None', '241590': 'None', '241689': 'None', '241732': 'None'}}", 'events': 33410, 'type': 'POOLIN', 'lfn': '/store/mc/RunIII2024Summer24MiniAOD/DYto2Mu-4Jets_Bin-MLL-50_TuneCP5_13p6TeV_madgraphMLM-pythia8/MINIAODSIM/140X_mcRun3_2024_realistic_v26-v2/110000/11ce5553-5614-464d-b4c5-97c62c31212b.root_2'}, {'parents': '[]', 'runlumi': "{'1': {'513': 'None', '13010': 'None', '13132': 'None', '39040': 'None', '39874': 'None', '45049': 'None', '45105': 'None', '45159': 'None', '45287': 'None', '45362': 'None', '45433': 'None', '45531': 'None', '45574': 'None', '45601': 'None', '45758': 'None', '45838': 'None', '47677': 'None', '47764': 'None', '47796': 'None', '48141': 'None', '48336': 'None', '48409': 'None', '48426': 'None', '48480': 'None', '48589': 'None', '48651': 'None', '48671': 'None', '49029': 'None', '49054': 'None', '49218': 'None', '49224': 'None', '49407': 'None', '49608': 'None', '49744': 'None', '49841': 'None', '49848': 'None', '50433': 'None'}}", 'events': 26042, 'type': 'POOLIN', 'lfn': '/store/mc/RunIII2024Summer24MiniAOD/DYto2Mu-4Jets_Bin-MLL-50_TuneCP5_13p6TeV_madgraphMLM-pythia8/MINIAODSIM/140X_mcRun3_2024_realistic_v26-v2/110000/044e2c27-6eeb-49d2-bc61-96922a59fe15.root_2'}], '1': [{'parents': "['/store/mc/RunIII2024Summer24MiniAOD/DYto2Mu-4Jets_Bin-MLL-50_TuneCP5_13p6TeV_madgraphMLM-pythia8/MINIAODSIM/140X_mcRun3_2024_realistic_v26-v2/110000/00ec2d24-6d81-4fde-a650-892805966ea9.root', '/store/mc/RunIII2024Summer24MiniAOD/DYto2Mu-4Jets_Bin-MLL-50_TuneCP5_13p6TeV_madgraphMLM-pythia8/MINIAODSIM/140X_mcRun3_2024_realistic_v26-v2/110000/050ea95d-2d49-4a18-bb9a-a0d272a79945.root', '/store/mc/RunIII2024Summer24MiniAOD/DYto2Mu-4Jets_Bin-MLL-50_TuneCP5_13p6TeV_madgraphMLM-pythia8/MINIAODSIM/140X_mcRun3_2024_realistic_v26-v2/110000/06ec8a57-3007-4c85-b9e7-383aaa1464a1.root', '/store/mc/RunIII2024Summer24MiniAOD/DYto2Mu-4Jets_Bin-MLL-50_TuneCP5_13p6TeV_madgraphMLM-pythia8/MINIAODSIM/140X_mcRun3_2024_realistic_v26-v2/110000/16198f96-cbf3-4809-95f8-c77574e534ec.root']", 'runlumi': "{'1': {'455': '709', '13539': '707', '14390': '735', '39298': '716', '39770': '709', '45138': '726', '45151': '704', '45153': '741', '45211': '690', '45738': '766', '45842': '707', '46027': '695', '46165': '715', '46510': '674', '46523': '732', '46617': '693', '47214': '713', '47548': '699', '48058': '687', '48164': '737', '48321': '738', '48956': '709', '49171': '682', '49173': '730', '49418': '734', '49539': '703', '49827': '715', '49988': '712', '50447': '732', '50486': '690', '50664': '713', '50845': '712', '89030': '736', '89244': '710', '90493': '697', '90543': '718', '90775': '720', '90837': '707', '90849': '738', '90862': '718', '90911': '721', '90977': '649', '205716': '723', '295426': '738', '295705': '681', '295804': '738', '295828': '737', '311857': '723', '311962': '681', '312438': '696', '312856': '707', '312996': '701', '358146': '727', '358192': '700', '358213': '703', '358260': '709', '358441': '681', '358444': '733', '358559': '688', '358602': '736', '358603': '710', '358604': '713', '358872': '687', '359223': '712', '359274': '733', '359482': '714', '359524': '684', '359774': '710', '360025': '692', '360249': '740', '360440': '688', '360689': '752', '360715': '710', '360812': '728', '361042': '702', '361124': '699', '361186': '700', '361289': '685', '361785': '714', '361803': '682', '361877': '694', '362059': '703', '362737': '713', '362747': '691', '362753': '701', '362777': '701', '362780': '694', '362917': '776', '362946': '691', '362994': '737', '363262': '734', '363402': '729', '363511': '680', '363736': '696', '364073': '724', '364201': '702', '364247': '683', '364450': '696', '364464': '714', '364465': '677', '394188': '719', '394378': '677', '394408': '704', '394465': '705', '394507': '703', '394521': '716', '394743': '719', '394772': '721', '394815': '724', '394885': '696', '394953': '728', '394955': '676', '395029': '706', '395033': '711', '395079': '720', '395245': '709', '395295': '714', '395393': '713', '395478': '686', '395489': '700', '395496': '713', '395587': '722', '395604': '700', '395759': '719', '395857': '704', '396291': '744', '396437': '711', '396514': '682', '396529': '724', '396656': '728', '396786': '709', '396867': '667', '396870': '717', '396930': '736', '396947': '715', '396951': '712', '396990': '682', '399057': '672', '399066': '704', '399125': '712', '399128': '680', '399649': '728', '399772': '732', '399879': '723', '400018': '682', '400058': '720', '400093': '719', '400166': '718', '400263': '668', '400345': '683', '400409': '696', '400447': '719', '400535': '679', '400586': '694', '400655': '731', '400690': '737', '400752': '729', '400805': '692', '400914': '708', '400976': '688', '425181': '711', '425308': '718', '425325': '711', '425339': '721', '425388': '717', '425422': '720', '425463': '702', '425590': '667', '425610': '707', '425670': '717', '425678': '724', '425718': '712', '425743': '691', '425750': '689', '425776': '677', '425810': '735', '425844': '718', '425954': '719', '425957': '690', '426137': '700', '426378': '689', '426464': '686', '426649': '706', '426816': '687', '426858': '679', '426994': '736', '452118': '698', '452187': '698', '452503': '706', '452824': '760', '453027': '697', '453088': '675', '453414': '693', '454699': '745', '465511': '647', '465918': '737', '465981': '652', '472465': '724', '472550': '733', '472559': '741', '472606': '678', '472648': '712'}}", 'events': 143103, 'type': 'EDM', 'lfn': '/store/user/amalhotr/DYto2Mu-4Jets_Bin-MLL-50_TuneCP5_13p6TeV_madgraphMLM-pythia8/DYto2Mu4Jets_Unpacker_Large/250323_060454/0000/HLTUnpackerOutputLarge_1.root'}, {'parents': '[]', 'runlumi': "{'1': {'295426': 'None', '358192': 'None', '358213': 'None', '358260': 'None', '358441': 'None', '358444': 'None', '358559': 'None', '358602': 'None', '358603': 'None', '359223': 'None', '359274': 'None', '359482': 'None', '359774': 'None', '360715': 'None', '360812': 'None', '362737': 'None', '362747': 'None', '362994': 'None', '363402': 'None', '364073': 'None', '364201': 'None', '364450': 'None', '364464': 'None', '364465': 'None', '394378': 'None', '394408': 'None', '394465': 'None', '394521': 'None', '394772': 'None', '394815': 'None', '394885': 'None', '394953': 'None', '394955': 'None', '395079': 'None', '395759': 'None', '396437': 'None', '396529': 'None', '396786': 'None', '396867': 'None', '396930': 'None', '396947': 'None', '396951': 'None', '396990': 'None', '399057': 'None', '399066': 'None', '399125': 'None', '399128': 'None', '400058': 'None', '400093': 'None', '400166': 'None', '400263': 'None', '400345': 'None', '400409': 'None', '400447': 'None', '400535': 'None', '400586': 'None', '400655': 'None', '400690': 'None', '400752': 'None', '400805': 'None', '400914': 'None'}}", 'events': 43191, 'type': 'POOLIN', 'lfn': '/store/mc/RunIII2024Summer24MiniAOD/DYto2Mu-4Jets_Bin-MLL-50_TuneCP5_13p6TeV_madgraphMLM-pythia8/MINIAODSIM/140X_mcRun3_2024_realistic_v26-v2/110000/16198f96-cbf3-4809-95f8-c77574e534ec.root_1'}, {'parents': '[]', 'runlumi': "{'1': {'205716': 'None', '295705': 'None', '295804': 'None', '295828': 'None', '311857': 'None', '311962': 'None', '312438': 'None', '312856': 'None', '312996': 'None', '358146': 'None', '358604': 'None', '358872': 'None', '359524': 'None', '360025': 'None', '360249': 'None', '360440': 'None', '360689': 'None', '361042': 'None', '361124': 'None', '361186': 'None', '361289': 'None', '361785': 'None', '361803': 'None', '361877': 'None', '362059': 'None', '362753': 'None', '362777': 'None', '362780': 'None', '362917': 'None', '362946': 'None', '363262': 'None', '363511': 'None', '363736': 'None', '364247': 'None', '395029': 'None', '395033': 'None', '395245': 'None', '395295': 'None', '395393': 'None', '395478': 'None', '395489': 'None', '395496': 'None', '395587': 'None', '395604': 'None', '395857': 'None', '396514': 'None'}}", 'events': 32465, 'type': 'POOLIN', 'lfn': '/store/mc/RunIII2024Summer24MiniAOD/DYto2Mu-4Jets_Bin-MLL-50_TuneCP5_13p6TeV_madgraphMLM-pythia8/MINIAODSIM/140X_mcRun3_2024_realistic_v26-v2/110000/06ec8a57-3007-4c85-b9e7-383aaa1464a1.root_1'}, {'parents': '[]', 'runlumi': "{'1': {'394188': 'None', '394507': 'None', '394743': 'None', '396291': 'None', '396656': 'None', '396870': 'None', '399649': 'None', '399772': 'None', '399879': 'None', '400018': 'None', '400976': 'None', '425181': 'None', '425308': 'None', '425325': 'None', '425339': 'None', '425388': 'None', '425422': 'None', '425463': 'None', '425590': 'None', '425610': 'None', '425670': 'None', '425678': 'None', '425718': 'None', '425743': 'None', '425750': 'None', '425776': 'None', '425810': 'None', '425844': 'None', '425954': 'None', '425957': 'None', '426137': 'None', '426378': 'None', '426464': 'None', '426649': 'None', '426816': 'None', '426858': 'None', '426994': 'None', '452118': 'None', '452187': 'None', '452503': 'None', '452824': 'None', '453027': 'None', '453088': 'None', '453414': 'None', '454699': 'None', '465511': 'None', '465918': 'None', '465981': 'None', '472465': 'None', '472550': 'None', '472559': 'None', '472606': 'None', '472648': 'None'}}", 'events': 37508, 'type': 'POOLIN', 'lfn': '/store/mc/RunIII2024Summer24MiniAOD/DYto2Mu-4Jets_Bin-MLL-50_TuneCP5_13p6TeV_madgraphMLM-pythia8/MINIAODSIM/140X_mcRun3_2024_realistic_v26-v2/110000/050ea95d-2d49-4a18-bb9a-a0d272a79945.root_1'}, {'parents': '[]', 'runlumi': "{'1': {'455': 'None', '13539': 'None', '14390': 'None', '39298': 'None', '39770': 'None', '45138': 'None', '45151': 'None', '45153': 'None', '45211': 'None', '45738': 'None', '45842': 'None', '46027': 'None', '46165': 'None', '46510': 'None', '46523': 'None', '46617': 'None', '47214': 'None', '47548': 'None', '48058': 'None', '48164': 'None', '48321': 'None', '48956': 'None', '49171': 'None', '49173': 'None', '49418': 'None', '49539': 'None', '49827': 'None', '49988': 'None', '50447': 'None', '50486': 'None', '50664': 'None', '50845': 'None', '89030': 'None', '89244': 'None', '90493': 'None', '90543': 'None', '90775': 'None', '90837': 'None', '90849': 'None', '90862': 'None', '90911': 'None', '90977': 'None'}}", 'events': 29939, 'type': 'POOLIN', 'lfn': '/store/mc/RunIII2024Summer24MiniAOD/DYto2Mu-4Jets_Bin-MLL-50_TuneCP5_13p6TeV_madgraphMLM-pythia8/MINIAODSIM/140X_mcRun3_2024_realistic_v26-v2/110000/00ec2d24-6d81-4fde-a650-892805966ea9.root_1'}], '3': [{'parents': "['/store/mc/RunIII2024Summer24MiniAOD/DYto2Mu-4Jets_Bin-MLL-50_TuneCP5_13p6TeV_madgraphMLM-pythia8/MINIAODSIM/140X_mcRun3_2024_realistic_v26-v2/110000/04443ab6-68f7-47bd-91dc-daf2f0102e42.root', '/store/mc/RunIII2024Summer24MiniAOD/DYto2Mu-4Jets_Bin-MLL-50_TuneCP5_13p6TeV_madgraphMLM-pythia8/MINIAODSIM/140X_mcRun3_2024_realistic_v26-v2/110000/04e58f70-8271-41e2-a58e-56390fcd0006.root', '/store/mc/RunIII2024Summer24MiniAOD/DYto2Mu-4Jets_Bin-MLL-50_TuneCP5_13p6TeV_madgraphMLM-pythia8/MINIAODSIM/140X_mcRun3_2024_realistic_v26-v2/110000/05ee07f1-3852-48ee-8ae8-1848e6b1e143.root', '/store/mc/RunIII2024Summer24MiniAOD/DYto2Mu-4Jets_Bin-MLL-50_TuneCP5_13p6TeV_madgraphMLM-pythia8/MINIAODSIM/140X_mcRun3_2024_realistic_v26-v2/110000/06b89440-f971-4c13-81d8-b5ae9a7963dc.root', '/store/mc/RunIII2024Summer24MiniAOD/DYto2Mu-4Jets_Bin-MLL-50_TuneCP5_13p6TeV_madgraphMLM-pythia8/MINIAODSIM/140X_mcRun3_2024_realistic_v26-v2/110000/0b3d68bf-e9aa-4bb3-a3a1-94648dbdfb3c.root']", 'runlumi': "{'1': {'45230': '693', '45244': '738', '45273': '670', '45312': '719', '45325': '683', '48923': '686', '89026': '673', '89334': '730', '89346': '733', '89366': '720', '89392': '736', '89401': '749', '89425': '707', '89430': '701', '89439': '720', '89441': '727', '89602': '695', '89708': '705', '89797': '715', '89890': '738', '89938': '725', '90359': '720', '90491': '725', '90532': '743', '90562': '728', '90573': '724', '90632': '705', '90640': '757', '90649': '683', '90683': '720', '90706': '776', '90910': '704', '90951': '725', '100035': '720', '100069': '711', '100126': '709', '100185': '659', '100340': '739', '100348': '713', '100405': '706', '119839': '678', '119841': '722', '119842': '701', '119844': '745', '119868': '744', '119873': '696', '119880': '736', '119896': '699', '119900': '692', '119921': '720', '119925': '693', '119930': '691', '119933': '728', '119937': '679', '119946': '707', '119947': '709', '119951': '734', '119954': '693', '119966': '700', '119967': '729', '119972': '714', '119988': '692', '119992': '706', '120004': '714', '120007': '699', '120021': '717', '120028': '700', '120038': '682', '120040': '739', '120044': '733', '120056': '726', '120057': '726', '120059': '721', '120064': '706', '120093': '692', '120095': '707', '120111': '720', '120122': '708', '120125': '739', '120130': '686', '120144': '698', '120156': '686', '120166': '724', '120168': '709', '120177': '701', '120180': '704', '120189': '667', '120195': '695', '120204': '710', '120208': '733', '120220': '728', '120232': '739', '120240': '744', '120249': '716', '120250': '684', '120257': '693', '120262': '706', '120267': '678', '120271': '700', '120280': '720', '120281': '660', '120291': '701', '120303': '720', '120310': '715', '120345': '684', '120349': '748', '120351': '693', '120352': '718', '120360': '725', '120363': '731', '143857': '746', '144149': '721', '144252': '706', '144334': '707', '145319': '745', '145469': '714', '145487': '716', '145579': '715', '145886': '740', '145958': '742', '151240': '712', '151280': '703', '180028': '716', '180044': '714', '180076': '738', '180077': '690', '180093': '723', '180100': '700', '180101': '745', '180108': '691', '180117': '740', '180125': '712', '180133': '709', '180141': '696', '180158': '751', '180159': '724', '180166': '712', '180171': '711', '180192': '686', '180207': '713', '180212': '674', '180215': '709', '180223': '733', '180240': '684', '180245': '692', '180256': '718', '180257': '695', '180261': '706', '180265': '750', '180273': '713', '180295': '714', '180297': '720', '180304': '727', '180333': '756', '180339': '701', '180369': '708', '180375': '695', '180387': '722', '180397': '702', '180412': '712', '180420': '704', '180421': '742', '180424': '684', '180442': '728', '180453': '698', '180458': '720', '180461': '720', '180462': '730', '180476': '741', '180478': '689', '180479': '710', '180481': '710', '180484': '721', '180486': '733', '180487': '705', '180494': '718', '180504': '688', '180511': '692', '180519': '721', '180520': '729', '180535': '722', '180552': '696', '180734': '714', '181351': '715', '181427': '740', '181925': '732', '181957': '743', '181963': '713', '181979': '738', '182006': '755', '186041': '754', '186046': '754', '186175': '677', '186230': '747', '186289': '715', '186349': '683', '186462': '729', '186486': '693', '186540': '700', '186631': '673', '186653': '732', '186668': '762', '186730': '702', '186809': '712', '186835': '715', '186900': '681', '186940': '766', '202110': '708', '202285': '716', '202291': '703', '202358': '709', '202373': '716', '202399': '726', '202426': '715', '202491': '686', '202511': '776', '202646': '707', '202668': '748', '202692': '686', '202737': '706', '202755': '713', '202823': '720', '203924': '722', '205344': '728', '205850': '679', '259092': '742', '259689': '728', '259708': '737', '260061': '721', '265673': '735', '266420': '717', '295343': '696', '295893': '689', '303093': '736', '303193': '730', '303267': '723', '303302': '696', '303303': '720', '303411': '733', '303427': '692', '303435': '727', '303534': '714', '303550': '711', '303563': '685', '303579': '709', '303750': '704', '303832': '679', '303869': '722', '303884': '699', '303925': '713', '303981': '745', '304011': '705', '304016': '700', '304120': '696', '304144': '709', '304197': '726', '304243': '698', '304293': '667', '304363': '749', '304396': '737', '304408': '708', '304472': '670', '304480': '737', '304514': '672', '304628': '725', '304739': '707', '304771': '696', '304788': '721', '304799': '715', '304805': '725', '304845': '675', '304862': '689', '304899': '711', '304910': '683', '304928': '679', '304956': '682', '304960': '693', '304977': '723', '305149': '698', '305968': '691', '311001': '641', '311007': '723', '311009': '691', '311038': '714', '311066': '736', '311068': '699', '311115': '717', '311165': '708', '311167': '679', '311246': '702', '311247': '726', '311270': '711', '311321': '718', '311328': '709'}}", 'events': 209526, 'type': 'EDM', 'lfn': '/store/user/amalhotr/DYto2Mu-4Jets_Bin-MLL-50_TuneCP5_13p6TeV_madgraphMLM-pythia8/DYto2Mu4Jets_Unpacker_Large/250323_060454/0000/HLTUnpackerOutputLarge_3.root'}, {'parents': '[]', 'runlumi': "{'1': {'45230': 'None', '45244': 'None', '45273': 'None', '45312': 'None', '45325': 'None', '48923': 'None', '89026': 'None', '89334': 'None', '89346': 'None', '89366': 'None', '89392': 'None', '89401': 'None', '89425': 'None', '89430': 'None', '89439': 'None', '89441': 'None', '89602': 'None', '89708': 'None', '89797': 'None', '89890': 'None', '89938': 'None', '90359': 'None', '90491': 'None', '90532': 'None', '90562': 'None', '90573': 'None', '90632': 'None', '90640': 'None', '90649': 'None', '90683': 'None', '90706': 'None', '90910': 'None', '90951': 'None', '100035': 'None', '100069': 'None', '100126': 'None', '100185': 'None', '100340': 'None', '100348': 'None', '100405': 'None'}}", 'events': 28630, 'type': 'POOLIN', 'lfn': '/store/mc/RunIII2024Summer24MiniAOD/DYto2Mu-4Jets_Bin-MLL-50_TuneCP5_13p6TeV_madgraphMLM-pythia8/MINIAODSIM/140X_mcRun3_2024_realistic_v26-v2/110000/0b3d68bf-e9aa-4bb3-a3a1-94648dbdfb3c.root_3'}, {'parents': '[]', 'runlumi': "{'1': {'203924': 'None', '259092': 'None', '259689': 'None', '259708': 'None', '260061': 'None', '265673': 'None', '266420': 'None', '295343': 'None', '295893': 'None', '303093': 'None', '303193': 'None', '303267': 'None', '303302': 'None', '303303': 'None', '303411': 'None', '303427': 'None', '303435': 'None', '303534': 'None', '303550': 'None', '303563': 'None', '303579': 'None', '303750': 'None', '303832': 'None', '303869': 'None', '303884': 'None', '303925': 'None', '303981': 'None', '304011': 'None', '304016': 'None', '304120': 'None', '304144': 'None', '304197': 'None', '304243': 'None', '304293': 'None', '304363': 'None', '304396': 'None', '304408': 'None', '304472': 'None', '304480': 'None', '304514': 'None', '304628': 'None', '304739': 'None', '304771': 'None', '304788': 'None', '304799': 'None', '304805': 'None', '304845': 'None', '304862': 'None', '304899': 'None', '304910': 'None', '304928': 'None', '304956': 'None', '304960': 'None', '304977': 'None', '305149': 'None', '305968': 'None', '311001': 'None', '311007': 'None', '311009': 'None', '311038': 'None', '311066': 'None', '311068': 'None', '311115': 'None', '311165': 'None', '311167': 'None', '311246': 'None', '311247': 'None', '311270': 'None', '311321': 'None', '311328': 'None'}}", 'events': 49586, 'type': 'POOLIN', 'lfn': '/store/mc/RunIII2024Summer24MiniAOD/DYto2Mu-4Jets_Bin-MLL-50_TuneCP5_13p6TeV_madgraphMLM-pythia8/MINIAODSIM/140X_mcRun3_2024_realistic_v26-v2/110000/06b89440-f971-4c13-81d8-b5ae9a7963dc.root_3'}, {'parents': '[]', 'runlumi': "{'1': {'119839': 'None', '119841': 'None', '119842': 'None', '119844': 'None', '119868': 'None', '119873': 'None', '119880': 'None', '119896': 'None', '119900': 'None', '119921': 'None', '119925': 'None', '119930': 'None', '119933': 'None', '119937': 'None', '119946': 'None', '119947': 'None', '119951': 'None', '119954': 'None', '119966': 'None', '119967': 'None', '119972': 'None', '119988': 'None', '119992': 'None', '120004': 'None', '120007': 'None', '120021': 'None', '120028': 'None', '120038': 'None', '120040': 'None', '120044': 'None', '120056': 'None', '120057': 'None', '120059': 'None', '120064': 'None', '120093': 'None', '120095': 'None', '120111': 'None', '120122': 'None', '120125': 'None', '120130': 'None', '120144': 'None', '120156': 'None', '120166': 'None', '120168': 'None', '120177': 'None', '120180': 'None', '120189': 'None', '120195': 'None', '120204': 'None', '120208': 'None', '120220': 'None', '120232': 'None', '120240': 'None', '120249': 'None', '120250': 'None', '120257': 'None', '120262': 'None', '120267': 'None', '120271': 'None', '120280': 'None', '120281': 'None', '120291': 'None', '120303': 'None', '120310': 'None', '120345': 'None', '120349': 'None', '120351': 'None', '120352': 'None', '120360': 'None', '120363': 'None'}}", 'events': 49653, 'type': 'POOLIN', 'lfn': '/store/mc/RunIII2024Summer24MiniAOD/DYto2Mu-4Jets_Bin-MLL-50_TuneCP5_13p6TeV_madgraphMLM-pythia8/MINIAODSIM/140X_mcRun3_2024_realistic_v26-v2/110000/05ee07f1-3852-48ee-8ae8-1848e6b1e143.root_3'}, {'parents': '[]', 'runlumi': "{'1': {'144149': 'None', '145958': 'None', '151240': 'None', '180734': 'None', '181351': 'None', '181427': 'None', '181925': 'None', '181957': 'None', '181963': 'None', '181979': 'None', '182006': 'None', '186041': 'None', '186046': 'None', '186175': 'None', '186230': 'None', '186289': 'None', '186349': 'None', '186462': 'None', '186486': 'None', '186540': 'None', '186631': 'None', '186653': 'None', '186668': 'None', '186730': 'None', '186809': 'None', '186835': 'None', '186900': 'None', '186940': 'None', '202110': 'None', '202285': 'None', '202291': 'None', '202358': 'None', '202373': 'None', '202399': 'None', '202426': 'None', '202491': 'None', '202511': 'None', '202646': 'None', '202668': 'None', '202692': 'None', '202737': 'None', '202755': 'None', '202823': 'None', '205344': 'None', '205850': 'None'}}", 'events': 32362, 'type': 'POOLIN', 'lfn': '/store/mc/RunIII2024Summer24MiniAOD/DYto2Mu-4Jets_Bin-MLL-50_TuneCP5_13p6TeV_madgraphMLM-pythia8/MINIAODSIM/140X_mcRun3_2024_realistic_v26-v2/110000/04e58f70-8271-41e2-a58e-56390fcd0006.root_3'}, {'parents': '[]', 'runlumi': "{'1': {'143857': 'None', '144252': 'None', '144334': 'None', '145319': 'None', '145469': 'None', '145487': 'None', '145579': 'None', '145886': 'None', '151280': 'None', '180028': 'None', '180044': 'None', '180076': 'None', '180077': 'None', '180093': 'None', '180100': 'None', '180101': 'None', '180108': 'None', '180117': 'None', '180125': 'None', '180133': 'None', '180141': 'None', '180158': 'None', '180159': 'None', '180166': 'None', '180171': 'None', '180192': 'None', '180207': 'None', '180212': 'None', '180215': 'None', '180223': 'None', '180240': 'None', '180245': 'None', '180256': 'None', '180257': 'None', '180261': 'None', '180265': 'None', '180273': 'None', '180295': 'None', '180297': 'None', '180304': 'None', '180333': 'None', '180339': 'None', '180369': 'None', '180375': 'None', '180387': 'None', '180397': 'None', '180412': 'None', '180420': 'None', '180421': 'None', '180424': 'None', '180442': 'None', '180453': 'None', '180458': 'None', '180461': 'None', '180462': 'None', '180476': 'None', '180478': 'None', '180479': 'None', '180481': 'None', '180484': 'None', '180486': 'None', '180487': 'None', '180494': 'None', '180504': 'None', '180511': 'None', '180519': 'None', '180520': 'None', '180535': 'None', '180552': 'None'}}", 'events': 49295, 'type': 'POOLIN', 'lfn': '/store/mc/RunIII2024Summer24MiniAOD/DYto2Mu-4Jets_Bin-MLL-50_TuneCP5_13p6TeV_madgraphMLM-pythia8/MINIAODSIM/140X_mcRun3_2024_realistic_v26-v2/110000/04443ab6-68f7-47bd-91dc-daf2f0102e42.root_3'}], '18': [{'parents': "['/store/mc/RunIII2024Summer24MiniAOD/DYto2Mu-4Jets_Bin-MLL-50_TuneCP5_13p6TeV_madgraphMLM-pythia8/MINIAODSIM/140X_mcRun3_2024_realistic_v26-v2/110000/01819a8d-0481-4d13-a8c1-5f8187d639f3.root', '/store/mc/RunIII2024Summer24MiniAOD/DYto2Mu-4Jets_Bin-MLL-50_TuneCP5_13p6TeV_madgraphMLM-pythia8/MINIAODSIM/140X_mcRun3_2024_realistic_v26-v2/110000/05335145-acdf-4ed5-a8e7-3fd529cb48a5.root', '/store/mc/RunIII2024Summer24MiniAOD/DYto2Mu-4Jets_Bin-MLL-50_TuneCP5_13p6TeV_madgraphMLM-pythia8/MINIAODSIM/140X_mcRun3_2024_realistic_v26-v2/110000/05ddacb1-60a0-4b6c-ae5b-3d64d749e428.root', '/store/mc/RunIII2024Summer24MiniAOD/DYto2Mu-4Jets_Bin-MLL-50_TuneCP5_13p6TeV_madgraphMLM-pythia8/MINIAODSIM/140X_mcRun3_2024_realistic_v26-v2/110000/0ce3c48a-f978-4f3a-b750-134c11ba3eaa.root', '/store/mc/RunIII2024Summer24MiniAOD/DYto2Mu-4Jets_Bin-MLL-50_TuneCP5_13p6TeV_madgraphMLM-pythia8/MINIAODSIM/140X_mcRun3_2024_realistic_v26-v2/110000/1003c009-038c-4ae0-bc08-d3f4350495e7.root']", 'runlumi': "{'1': {'566': '700', '941': '703', '14242': '697', '14292': '656', '45047': '711', '45108': '743', '45147': '687', '45154': '737', '45294': '697', '45305': '718', '45313': '731', '45387': '699', '45403': '750', '45445': '738', '45506': '694', '45543': '710', '45585': '722', '45606': '685', '45634': '705', '45739': '691', '45750': '707', '45835': '729', '45870': '707', '45888': '693', '45902': '694', '48325': '692', '48329': '731', '48485': '711', '48528': '744', '48537': '739', '48549': '715', '48553': '729', '48666': '763', '48915': '678', '48928': '687', '48967': '738', '48984': '672', '48986': '688', '48995': '691', '49163': '697', '49477': '724', '49588': '729', '50084': '692', '89256': '675', '89471': '710', '89591': '692', '89615': '708', '89617': '753', '90035': '732', '90119': '675', '90177': '698', '90232': '716', '90403': '727', '90422': '713', '90464': '714', '90607': '720', '90943': '701', '100017': '697', '100165': '718', '100216': '683', '100255': '690', '100302': '752', '100318': '738', '100347': '691', '100389': '730', '100421': '695', '100463': '761', '100465': '715', '100476': '699', '100489': '685', '100503': '734', '100510': '729', '100524': '686', '100546': '755', '100548': '724', '100634': '675', '100653': '674', '100680': '672', '100692': '748', '100704': '727', '100713': '697', '100717': '692', '100766': '710', '100824': '722', '100826': '707', '100883': '653', '100901': '696', '100915': '727', '101011': '711', '101015': '711', '101051': '738', '101062': '697', '101074': '720', '101397': '694', '101402': '704', '101552': '732', '101661': '688', '101692': '712', '101717': '699', '101733': '701', '101734': '714', '101777': '667', '101845': '692', '101854': '680', '101931': '695', '101933': '685', '119031': '650', '119182': '686', '203802': '719', '203883': '706', '203982': '692', '203996': '714', '204141': '668', '204213': '715', '204438': '699', '204717': '707', '204836': '734', '204914': '682', '204925': '719', '204979': '707', '205162': '731', '205168': '681', '205276': '680', '205325': '689', '205456': '722', '205563': '764', '205602': '696', '205621': '686', '205666': '675', '205700': '682', '205707': '759', '205727': '647', '205759': '704', '205841': '747', '205938': '721', '240478': '697', '240595': '740', '240836': '728', '241025': '724', '241310': '715', '241314': '683', '241340': '721', '241359': '728', '241364': '718', '241404': '661', '241421': '725', '241519': '676', '241553': '695', '241634': '692', '259030': '682', '259040': '700', '259179': '726', '259192': '684', '260608': '708', '260797': '716', '260871': '720', '260950': '684', '260970': '732', '260985': '722', '265096': '709', '265152': '683', '265158': '710', '265194': '723', '265231': '676', '265383': '702', '265472': '684', '265689': '691', '265755': '677', '265951': '713', '265959': '698', '266042': '691', '266066': '692', '266107': '711', '266177': '722', '266185': '713', '266230': '697', '266321': '733', '266346': '722', '266377': '690', '266381': '704', '266392': '736', '266426': '674', '266447': '710', '266510': '764', '266621': '743', '266795': '690', '266820': '708', '266971': '666', '295007': '704', '295115': '719', '295121': '721', '295307': '711', '305133': '687', '305906': '689', '312512': '686', '358008': '713', '358240': '707', '358534': '683', '358583': '728', '358782': '696', '359013': '673', '359499': '712', '359870': '710', '360161': '698', '360264': '701', '360645': '757', '360669': '727', '360968': '701', '361990': '696', '362556': '684', '363746': '725', '363924': '659', '364089': '711', '364102': '713', '364306': '726', '364447': '737', '364547': '703', '364707': '720', '364759': '678', '364777': '692', '364847': '674', '394649': '742', '394970': '709', '395047': '723', '395838': '721', '396271': '761', '396795': '678'}}", 'events': 160446, 'type': 'EDM', 'lfn': '/store/user/amalhotr/DYto2Mu-4Jets_Bin-MLL-50_TuneCP5_13p6TeV_madgraphMLM-pythia8/DYto2Mu4Jets_Unpacker_Large/250323_060454/0000/HLTUnpackerOutputLarge_18.root'}, {'parents': '[]', 'runlumi': "{'1': {'204836': 'None', '240595': 'None', '295307': 'None', '305133': 'None', '305906': 'None', '312512': 'None', '358008': 'None', '358240': 'None', '358534': 'None', '358583': 'None', '358782': 'None', '359013': 'None', '359499': 'None', '359870': 'None', '360161': 'None', '360264': 'None', '360645': 'None', '360669': 'None', '360968': 'None', '361990': 'None', '362556': 'None', '363746': 'None', '363924': 'None', '364089': 'None', '364102': 'None', '364306': 'None', '364447': 'None', '364547': 'None', '364707': 'None', '364759': 'None', '364777': 'None', '364847': 'None', '394649': 'None', '394970': 'None', '395047': 'None', '395838': 'None', '396271': 'None', '396795': 'None'}}", 'events': 26905, 'type': 'POOLIN', 'lfn': '/store/mc/RunIII2024Summer24MiniAOD/DYto2Mu-4Jets_Bin-MLL-50_TuneCP5_13p6TeV_madgraphMLM-pythia8/MINIAODSIM/140X_mcRun3_2024_realistic_v26-v2/110000/1003c009-038c-4ae0-bc08-d3f4350495e7.root_18'}, {'parents': '[]', 'runlumi': "{'1': {'89471': 'None', '89591': 'None', '89615': 'None', '89617': 'None', '100017': 'None', '100165': 'None', '100216': 'None', '100255': 'None', '100302': 'None', '100318': 'None', '100347': 'None', '100389': 'None', '100421': 'None', '100463': 'None', '100465': 'None', '100476': 'None', '100489': 'None', '100503': 'None', '100510': 'None', '100524': 'None', '100546': 'None', '100548': 'None', '100634': 'None', '100653': 'None', '100680': 'None', '100692': 'None', '100704': 'None', '100713': 'None', '100717': 'None', '100766': 'None', '100824': 'None', '100826': 'None', '100883': 'None', '100901': 'None', '100915': 'None', '101011': 'None', '101015': 'None', '101051': 'None', '101062': 'None', '101074': 'None', '101397': 'None', '101402': 'None', '101552': 'None', '101661': 'None', '101692': 'None', '101717': 'None', '101733': 'None', '101734': 'None', '101777': 'None', '101845': 'None', '101854': 'None', '101931': 'None', '101933': 'None', '119031': 'None', '119182': 'None'}}", 'events': 38821, 'type': 'POOLIN', 'lfn': '/store/mc/RunIII2024Summer24MiniAOD/DYto2Mu-4Jets_Bin-MLL-50_TuneCP5_13p6TeV_madgraphMLM-pythia8/MINIAODSIM/140X_mcRun3_2024_realistic_v26-v2/110000/0ce3c48a-f978-4f3a-b750-134c11ba3eaa.root_18'}, {'parents': '[]', 'runlumi': "{'1': {'203802': 'None', '203883': 'None', '203982': 'None', '203996': 'None', '204141': 'None', '204213': 'None', '204438': 'None', '204717': 'None', '204914': 'None', '204925': 'None', '204979': 'None', '205162': 'None', '205168': 'None', '205276': 'None', '205325': 'None', '205456': 'None', '205563': 'None', '205602': 'None', '205621': 'None', '205666': 'None', '205700': 'None', '205707': 'None', '205727': 'None', '205759': 'None', '205841': 'None', '205938': 'None', '240478': 'None', '241025': 'None', '241310': 'None', '241314': 'None', '241340': 'None', '241359': 'None', '241364': 'None', '241404': 'None', '241421': 'None', '241519': 'None', '241553': 'None', '241634': 'None', '259040': 'None'}}", 'events': 27447, 'type': 'POOLIN', 'lfn': '/store/mc/RunIII2024Summer24MiniAOD/DYto2Mu-4Jets_Bin-MLL-50_TuneCP5_13p6TeV_madgraphMLM-pythia8/MINIAODSIM/140X_mcRun3_2024_realistic_v26-v2/110000/05ddacb1-60a0-4b6c-ae5b-3d64d749e428.root_18'}, {'parents': '[]', 'runlumi': "{'1': {'240836': 'None', '259030': 'None', '259179': 'None', '259192': 'None', '260608': 'None', '260797': 'None', '260871': 'None', '260950': 'None', '260970': 'None', '260985': 'None', '265096': 'None', '265152': 'None', '265158': 'None', '265194': 'None', '265231': 'None', '265383': 'None', '265472': 'None', '265689': 'None', '265755': 'None', '265951': 'None', '265959': 'None', '266042': 'None', '266066': 'None', '266107': 'None', '266177': 'None', '266185': 'None', '266230': 'None', '266321': 'None', '266346': 'None', '266377': 'None', '266381': 'None', '266392': 'None', '266426': 'None', '266447': 'None', '266510': 'None', '266621': 'None', '266795': 'None', '266820': 'None', '266971': 'None', '295007': 'None', '295115': 'None', '295121': 'None'}}", 'events': 29678, 'type': 'POOLIN', 'lfn': '/store/mc/RunIII2024Summer24MiniAOD/DYto2Mu-4Jets_Bin-MLL-50_TuneCP5_13p6TeV_madgraphMLM-pythia8/MINIAODSIM/140X_mcRun3_2024_realistic_v26-v2/110000/05335145-acdf-4ed5-a8e7-3fd529cb48a5.root_18'}, {'parents': '[]', 'runlumi': "{'1': {'566': 'None', '941': 'None', '14242': 'None', '14292': 'None', '45047': 'None', '45108': 'None', '45147': 'None', '45154': 'None', '45294': 'None', '45305': 'None', '45313': 'None', '45387': 'None', '45403': 'None', '45445': 'None', '45506': 'None', '45543': 'None', '45585': 'None', '45606': 'None', '45634': 'None', '45739': 'None', '45750': 'None', '45835': 'None', '45870': 'None', '45888': 'None', '45902': 'None', '48325': 'None', '48329': 'None', '48485': 'None', '48528': 'None', '48537': 'None', '48549': 'None', '48553': 'None', '48666': 'None', '48915': 'None', '48928': 'None', '48967': 'None', '48984': 'None', '48986': 'None', '48995': 'None', '49163': 'None', '49477': 'None', '49588': 'None', '50084': 'None', '89256': 'None', '90035': 'None', '90119': 'None', '90177': 'None', '90232': 'None', '90403': 'None', '90422': 'None', '90464': 'None', '90607': 'None', '90943': 'None'}}", 'events': 37595, 'type': 'POOLIN', 'lfn': '/store/mc/RunIII2024Summer24MiniAOD/DYto2Mu-4Jets_Bin-MLL-50_TuneCP5_13p6TeV_madgraphMLM-pythia8/MINIAODSIM/140X_mcRun3_2024_realistic_v26-v2/110000/01819a8d-0481-4d13-a8c1-5f8187d639f3.root_18'}], '5': [{'parents': "['/store/mc/RunIII2024Summer24MiniAOD/DYto2Mu-4Jets_Bin-MLL-50_TuneCP5_13p6TeV_madgraphMLM-pythia8/MINIAODSIM/140X_mcRun3_2024_realistic_v26-v2/110000/18070fa8-cf83-4a01-88ef-adeedaa9a0d9.root', '/store/mc/RunIII2024Summer24MiniAOD/DYto2Mu-4Jets_Bin-MLL-50_TuneCP5_13p6TeV_madgraphMLM-pythia8/MINIAODSIM/140X_mcRun3_2024_realistic_v26-v2/110000/18b73eb3-ad65-4d7c-9ea0-65efacda9576.root']", 'runlumi': "{'1': {'120372': '724', '120375': '716', '120378': '703', '120394': '683', '120427': '697', '120485': '739', '120488': '686', '120517': '722', '120544': '713', '120569': '674', '120580': '708', '120594': '707', '120616': '725', '120685': '704', '120726': '669', '120750': '727', '120755': '675', '120770': '692', '120773': '709', '120779': '695', '120804': '742', '120827': '748', '120835': '699', '120847': '709', '120894': '706', '120898': '682', '120938': '686', '120942': '699', '120961': '701', '120963': '691', '120985': '720', '120993': '690', '143006': '734', '143008': '704', '143052': '733', '143057': '697', '143072': '705', '143098': '700', '143138': '688', '143147': '717', '143237': '653', '143250': '744', '143278': '693', '143301': '692', '143375': '707', '143401': '698', '143409': '693', '143441': '670', '143452': '701', '143832': '660', '144170': '658', '144330': '674', '203110': '735', '203215': '691', '295227': '712', '295255': '689', '295318': '704', '295378': '698', '295385': '688', '295500': '728', '295779': '667', '304221': '707', '311699': '739', '311928': '683', '312166': '704', '312756': '709', '312798': '721', '358001': '744', '358089': '721', '358148': '699', '358274': '719', '358355': '692', '358373': '698', '358387': '714', '358679': '690', '358730': '708', '358766': '695', '358774': '683', '358790': '678', '358864': '742', '358867': '683', '358876': '690', '358881': '705', '358890': '738', '358898': '730', '358922': '747', '358988': '721', '358997': '727', '358999': '678', '359560': '722', '359790': '708', '361966': '712', '362031': '709', '362105': '723', '362132': '744', '362272': '688', '362285': '689', '362296': '721', '362342': '687', '362349': '728', '362412': '747', '362445': '663', '363233': '690', '363423': '681', '363606': '660', '363965': '676', '364016': '679', '364020': '748', '364027': '693', '364095': '733', '364111': '667', '364115': '698', '364144': '685', '364155': '720', '364176': '668', '364184': '702', '364191': '725', '364193': '675', '364204': '697', '364217': '695', '364225': '738', '364226': '717', '364232': '699'}}", 'events': 86526, 'type': 'EDM', 'lfn': '/store/user/amalhotr/DYto2Mu-4Jets_Bin-MLL-50_TuneCP5_13p6TeV_madgraphMLM-pythia8/DYto2Mu4Jets_Unpacker_Large/250323_060454/0000/HLTUnpackerOutputLarge_5.root'}, {'parents': '[]', 'runlumi': "{'1': {'203110': 'None', '203215': 'None', '295227': 'None', '295255': 'None', '295318': 'None', '295378': 'None', '295385': 'None', '295500': 'None', '295779': 'None', '304221': 'None', '311699': 'None', '311928': 'None', '312166': 'None', '312756': 'None', '312798': 'None', '358001': 'None', '358089': 'None', '358148': 'None', '358274': 'None', '358355': 'None', '358373': 'None', '358387': 'None', '358679': 'None', '358730': 'None', '358766': 'None', '358774': 'None', '358790': 'None', '358864': 'None', '358867': 'None', '358876': 'None', '358881': 'None', '358890': 'None', '358898': 'None', '358922': 'None', '358988': 'None', '358997': 'None', '358999': 'None', '359560': 'None', '359790': 'None', '361966': 'None', '362031': 'None', '362105': 'None', '362132': 'None', '362272': 'None', '362285': 'None', '362296': 'None', '362342': 'None', '362349': 'None', '362412': 'None', '362445': 'None', '363233': 'None', '363423': 'None', '363606': 'None', '363965': 'None', '364016': 'None', '364020': 'None', '364027': 'None', '364095': 'None', '364111': 'None', '364115': 'None', '364144': 'None', '364155': 'None', '364176': 'None', '364184': 'None', '364191': 'None', '364193': 'None', '364204': 'None', '364217': 'None', '364225': 'None', '364226': 'None', '364232': 'None'}}", 'events': 50064, 'type': 'POOLIN', 'lfn': '/store/mc/RunIII2024Summer24MiniAOD/DYto2Mu-4Jets_Bin-MLL-50_TuneCP5_13p6TeV_madgraphMLM-pythia8/MINIAODSIM/140X_mcRun3_2024_realistic_v26-v2/110000/18b73eb3-ad65-4d7c-9ea0-65efacda9576.root_5'}, {'parents': '[]', 'runlumi': "{'1': {'120372': 'None', '120375': 'None', '120378': 'None', '120394': 'None', '120427': 'None', '120485': 'None', '120488': 'None', '120517': 'None', '120544': 'None', '120569': 'None', '120580': 'None', '120594': 'None', '120616': 'None', '120685': 'None', '120726': 'None', '120750': 'None', '120755': 'None', '120770': 'None', '120773': 'None', '120779': 'None', '120804': 'None', '120827': 'None', '120835': 'None', '120847': 'None', '120894': 'None', '120898': 'None', '120938': 'None', '120942': 'None', '120961': 'None', '120963': 'None', '120985': 'None', '120993': 'None', '143006': 'None', '143008': 'None', '143052': 'None', '143057': 'None', '143072': 'None', '143098': 'None', '143138': 'None', '143147': 'None', '143237': 'None', '143250': 'None', '143278': 'None', '143301': 'None', '143375': 'None', '143401': 'None', '143409': 'None', '143441': 'None', '143452': 'None', '143832': 'None', '144170': 'None', '144330': 'None'}}", 'events': 36462, 'type': 'POOLIN', 'lfn': '/store/mc/RunIII2024Summer24MiniAOD/DYto2Mu-4Jets_Bin-MLL-50_TuneCP5_13p6TeV_madgraphMLM-pythia8/MINIAODSIM/140X_mcRun3_2024_realistic_v26-v2/110000/18070fa8-cf83-4a01-88ef-adeedaa9a0d9.root_5'}], '21': [{'parents': "['/store/mc/RunIII2024Summer24MiniAOD/DYto2Mu-4Jets_Bin-MLL-50_TuneCP5_13p6TeV_madgraphMLM-pythia8/MINIAODSIM/140X_mcRun3_2024_realistic_v26-v2/110000/047ba50c-9477-429b-adc7-d7c19a1f82a2.root', '/store/mc/RunIII2024Summer24MiniAOD/DYto2Mu-4Jets_Bin-MLL-50_TuneCP5_13p6TeV_madgraphMLM-pythia8/MINIAODSIM/140X_mcRun3_2024_realistic_v26-v2/110000/08bbe0f5-9ee6-4368-8ba1-a6e4d84d11dd.root']", 'runlumi': "{'1': {'204844': '687', '205676': '669', '240303': '730', '240726': '684', '240795': '706', '240959': '667', '241000': '684', '241895': '730', '241927': '721', '241958': '726', '259032': '692', '259377': '673', '259579': '643', '259683': '710', '259711': '710', '259924': '743', '260244': '731', '260418': '730', '260435': '703', '260507': '702', '260531': '744', '260579': '694', '260727': '719', '260870': '748', '265028': '682', '265145': '703', '265674': '740', '265780': '732', '265863': '772', '266310': '678', '266433': '701', '266500': '743', '266742': '702', '266976': '716', '295292': '687', '295304': '698', '295313': '725', '295407': '714', '295448': '706', '295805': '654', '303275': '681', '303393': '705', '303434': '705', '303658': '753', '303661': '701', '303702': '735', '303730': '712', '303758': '660', '303810': '694', '303820': '648', '304380': '711', '304441': '714', '304453': '681', '304464': '708', '304469': '702', '304589': '718', '304634': '743', '304720': '713', '304792': '716', '305067': '680', '305250': '688', '305292': '679', '305443': '710', '305516': '711', '305652': '709', '311420': '687', '311533': '751', '311662': '700', '312054': '686', '312395': '674', '312403': '711', '312417': '759', '358356': '702', '359017': '709', '359697': '694', '359780': '711', '360068': '749', '361030': '694', '361072': '725', '361145': '717', '361371': '722', '361445': '696', '361967': '683', '363510': '703', '363526': '722'}}", 'events': 60071, 'type': 'EDM', 'lfn': '/store/user/amalhotr/DYto2Mu-4Jets_Bin-MLL-50_TuneCP5_13p6TeV_madgraphMLM-pythia8/DYto2Mu4Jets_Unpacker_Large/250323_060454/0000/HLTUnpackerOutputLarge_21.root'}, {'parents': '[]', 'runlumi': "{'1': {'259924': 'None', '260244': 'None', '265028': 'None', '265145': 'None', '265674': 'None', '265863': 'None', '266500': 'None', '295313': 'None', '295407': 'None', '295805': 'None', '303393': 'None', '303434': 'None', '303730': 'None', '303758': 'None', '303810': 'None', '303820': 'None', '304441': 'None', '304469': 'None', '304589': 'None', '304792': 'None', '305250': 'None', '305292': 'None', '305443': 'None', '311662': 'None', '312054': 'None', '312395': 'None', '312403': 'None', '312417': 'None', '358356': 'None', '359017': 'None', '359697': 'None', '359780': 'None', '360068': 'None', '361030': 'None', '361072': 'None', '361145': 'None', '361371': 'None', '361445': 'None', '361967': 'None', '363510': 'None', '363526': 'None'}}", 'events': 29015, 'type': 'POOLIN', 'lfn': '/store/mc/RunIII2024Summer24MiniAOD/DYto2Mu-4Jets_Bin-MLL-50_TuneCP5_13p6TeV_madgraphMLM-pythia8/MINIAODSIM/140X_mcRun3_2024_realistic_v26-v2/110000/08bbe0f5-9ee6-4368-8ba1-a6e4d84d11dd.root_21'}, {'parents': '[]', 'runlumi': "{'1': {'204844': 'None', '205676': 'None', '240303': 'None', '240726': 'None', '240795': 'None', '240959': 'None', '241000': 'None', '241895': 'None', '241927': 'None', '241958': 'None', '259032': 'None', '259377': 'None', '259579': 'None', '259683': 'None', '259711': 'None', '260418': 'None', '260435': 'None', '260507': 'None', '260531': 'None', '260579': 'None', '260727': 'None', '260870': 'None', '265780': 'None', '266310': 'None', '266433': 'None', '266742': 'None', '266976': 'None', '295292': 'None', '295304': 'None', '295448': 'None', '303275': 'None', '303658': 'None', '303661': 'None', '303702': 'None', '304380': 'None', '304453': 'None', '304464': 'None', '304634': 'None', '304720': 'None', '305067': 'None', '305516': 'None', '305652': 'None', '311420': 'None', '311533': 'None'}}", 'events': 31056, 'type': 'POOLIN', 'lfn': '/store/mc/RunIII2024Summer24MiniAOD/DYto2Mu-4Jets_Bin-MLL-50_TuneCP5_13p6TeV_madgraphMLM-pythia8/MINIAODSIM/140X_mcRun3_2024_realistic_v26-v2/110000/047ba50c-9477-429b-adc7-d7c19a1f82a2.root_21'}], '20': [{'parents': "['/store/mc/RunIII2024Summer24MiniAOD/DYto2Mu-4Jets_Bin-MLL-50_TuneCP5_13p6TeV_madgraphMLM-pythia8/MINIAODSIM/140X_mcRun3_2024_realistic_v26-v2/110000/0109af56-89a5-4ee1-a85e-afeba2f47ed7.root', '/store/mc/RunIII2024Summer24MiniAOD/DYto2Mu-4Jets_Bin-MLL-50_TuneCP5_13p6TeV_madgraphMLM-pythia8/MINIAODSIM/140X_mcRun3_2024_realistic_v26-v2/110000/04226dcd-2ba6-4508-b8f0-5fe786bee3a5.root']", 'runlumi': "{'1': {'265714': '736', '295411': '731', '295777': '716', '295881': '756', '295895': '726', '295918': '737', '303007': '690', '303037': '664', '303250': '672', '303260': '713', '303269': '748', '303353': '674', '303524': '729', '303652': '726', '304248': '683', '304284': '727', '304553': '705', '304579': '784', '304698': '713', '304709': '707', '304854': '719', '304901': '711', '304936': '714', '304981': '784', '305124': '737', '305132': '720', '305185': '743', '305230': '725', '305253': '721', '305278': '704', '305297': '695', '305301': '707', '305305': '710', '305311': '709', '305322': '706', '305332': '696', '305468': '725', '305566': '726', '305579': '722', '305657': '737', '305685': '731', '305686': '703', '305688': '689', '305782': '687', '305852': '712', '305853': '690', '305908': '708', '305934': '732', '305945': '685', '305949': '685', '311069': '732', '311205': '703', '311313': '675', '311610': '690', '311638': '720', '311669': '683', '311709': '718', '311798': '696', '311853': '708', '311862': '686', '311870': '726', '311986': '683', '311993': '706', '312219': '728', '312310': '709', '312350': '710', '312458': '742', '312603': '703', '312635': '712', '312676': '751', '312684': '706', '312693': '692', '312753': '674', '359463': '730', '359466': '687', '359622': '664', '360031': '747', '360128': '727', '360226': '716', '360243': '684', '360267': '715', '360540': '685', '360587': '701', '360604': '698', '360842': '673', '360997': '692', '361005': '687', '361161': '741', '361251': '742', '361337': '733', '361411': '713', '361473': '718', '361503': '774', '361632': '654', '361867': '728', '363037': '716', '363534': '726', '363589': '687', '363778': '721', '363984': '673'}}", 'events': 71155, 'type': 'EDM', 'lfn': '/store/user/amalhotr/DYto2Mu-4Jets_Bin-MLL-50_TuneCP5_13p6TeV_madgraphMLM-pythia8/DYto2Mu4Jets_Unpacker_Large/250323_060454/0000/HLTUnpackerOutputLarge_20.root'}, {'parents': '[]', 'runlumi': "{'1': {'303269': 'None', '303353': 'None', '303524': 'None', '303652': 'None', '304248': 'None', '304579': 'None', '304698': 'None', '304901': 'None', '304981': 'None', '305852': 'None', '311069': 'None', '311205': 'None', '311313': 'None', '311610': 'None', '311638': 'None', '311669': 'None', '311798': 'None', '311862': 'None', '311870': 'None', '311986': 'None', '311993': 'None', '312219': 'None', '312310': 'None', '312603': 'None', '312635': 'None', '312676': 'None', '312684': 'None', '312693': 'None', '312753': 'None', '359463': 'None', '359466': 'None', '359622': 'None', '360031': 'None', '360128': 'None', '360226': 'None', '360243': 'None', '360267': 'None', '360540': 'None', '360587': 'None', '360604': 'None', '360842': 'None', '360997': 'None', '361005': 'None', '361161': 'None', '361251': 'None', '361337': 'None', '361411': 'None', '361473': 'None', '361503': 'None', '361632': 'None', '361867': 'None', '363037': 'None', '363534': 'None', '363589': 'None', '363778': 'None', '363984': 'None'}}", 'events': 39771, 'type': 'POOLIN', 'lfn': '/store/mc/RunIII2024Summer24MiniAOD/DYto2Mu-4Jets_Bin-MLL-50_TuneCP5_13p6TeV_madgraphMLM-pythia8/MINIAODSIM/140X_mcRun3_2024_realistic_v26-v2/110000/04226dcd-2ba6-4508-b8f0-5fe786bee3a5.root_20'}, {'parents': '[]', 'runlumi': "{'1': {'265714': 'None', '295411': 'None', '295777': 'None', '295881': 'None', '295895': 'None', '295918': 'None', '303007': 'None', '303037': 'None', '303250': 'None', '303260': 'None', '304284': 'None', '304553': 'None', '304709': 'None', '304854': 'None', '304936': 'None', '305124': 'None', '305132': 'None', '305185': 'None', '305230': 'None', '305253': 'None', '305278': 'None', '305297': 'None', '305301': 'None', '305305': 'None', '305311': 'None', '305322': 'None', '305332': 'None', '305468': 'None', '305566': 'None', '305579': 'None', '305657': 'None', '305685': 'None', '305686': 'None', '305688': 'None', '305782': 'None', '305853': 'None', '305908': 'None', '305934': 'None', '305945': 'None', '305949': 'None', '311709': 'None', '311853': 'None', '312350': 'None', '312458': 'None'}}", 'events': 31384, 'type': 'POOLIN', 'lfn': '/store/mc/RunIII2024Summer24MiniAOD/DYto2Mu-4Jets_Bin-MLL-50_TuneCP5_13p6TeV_madgraphMLM-pythia8/MINIAODSIM/140X_mcRun3_2024_realistic_v26-v2/110000/0109af56-89a5-4ee1-a85e-afeba2f47ed7.root_20'}], '19': [{'parents': "['/store/mc/RunIII2024Summer24MiniAOD/DYto2Mu-4Jets_Bin-MLL-50_TuneCP5_13p6TeV_madgraphMLM-pythia8/MINIAODSIM/140X_mcRun3_2024_realistic_v26-v2/110000/1418f5f8-02a7-447b-ba31-4965739190ab.root', '/store/mc/RunIII2024Summer24MiniAOD/DYto2Mu-4Jets_Bin-MLL-50_TuneCP5_13p6TeV_madgraphMLM-pythia8/MINIAODSIM/140X_mcRun3_2024_realistic_v26-v2/110000/15d2ea22-c305-4e5b-9905-14e62c61cd60.root']", 'runlumi': "{'1': {'22': '663', '31': '721', '60': '715', '63': '703', '84': '735', '105': '708', '106': '706', '143': '713', '145': '714', '160': '726', '167': '691', '178': '740', '187': '703', '202': '712', '244': '683', '254': '695', '269': '684', '271': '713', '278': '723', '299': '694', '302': '686', '323': '716', '348': '714', '374': '689', '390': '721', '434': '713', '453': '738', '457': '732', '463': '715', '464': '700', '532': '678', '533': '704', '552': '663', '590': '707', '625': '689', '639': '692', '649': '659', '665': '642', '707': '679', '723': '726', '891': '708', '933': '687', '12073': '698', '12283': '701', '12317': '718', '12772': '716', '295357': '697', '295370': '687', '358054': '729', '358129': '692', '358166': '732', '358180': '689', '358196': '666', '358307': '657', '358380': '692', '358410': '699', '358482': '700', '358515': '673', '358629': '728', '358754': '751', '359001': '683', '359132': '690', '359192': '717', '359295': '791', '359345': '694', '359367': '732', '359491': '708', '359537': '703', '359663': '715', '359796': '698', '359808': '703', '359861': '747', '359881': '657', '360124': '689', '360647': '726', '361014': '645', '361029': '713', '361078': '656', '361240': '721', '361256': '710', '361270': '717', '361347': '667', '361385': '729', '361486': '740', '361490': '709', '361576': '687', '361750': '690', '361815': '725', '361828': '670', '361829': '713', '361847': '684', '361898': '711', '361906': '675', '361963': '693', '361991': '700', '364051': '674', '364588': '695'}}", 'events': 68102, 'type': 'EDM', 'lfn': '/store/user/amalhotr/DYto2Mu-4Jets_Bin-MLL-50_TuneCP5_13p6TeV_madgraphMLM-pythia8/DYto2Mu4Jets_Unpacker_Large/250323_060454/0000/HLTUnpackerOutputLarge_19.root'}, {'parents': '[]', 'runlumi': "{'1': {'22': 'None', '31': 'None', '60': 'None', '63': 'None', '84': 'None', '105': 'None', '106': 'None', '143': 'None', '145': 'None', '160': 'None', '167': 'None', '178': 'None', '187': 'None', '202': 'None', '244': 'None', '254': 'None', '269': 'None', '271': 'None', '278': 'None', '299': 'None', '302': 'None', '323': 'None', '348': 'None', '374': 'None', '390': 'None', '434': 'None', '453': 'None', '457': 'None', '463': 'None', '464': 'None', '532': 'None', '533': 'None', '552': 'None', '590': 'None', '625': 'None', '639': 'None', '649': 'None', '665': 'None', '707': 'None', '723': 'None', '891': 'None', '933': 'None', '12073': 'None', '12283': 'None', '12317': 'None', '12772': 'None'}}", 'events': 32333, 'type': 'POOLIN', 'lfn': '/store/mc/RunIII2024Summer24MiniAOD/DYto2Mu-4Jets_Bin-MLL-50_TuneCP5_13p6TeV_madgraphMLM-pythia8/MINIAODSIM/140X_mcRun3_2024_realistic_v26-v2/110000/15d2ea22-c305-4e5b-9905-14e62c61cd60.root_19'}, {'parents': '[]', 'runlumi': "{'1': {'295357': 'None', '295370': 'None', '358054': 'None', '358129': 'None', '358166': 'None', '358180': 'None', '358196': 'None', '358307': 'None', '358380': 'None', '358410': 'None', '358482': 'None', '358515': 'None', '358629': 'None', '358754': 'None', '359001': 'None', '359132': 'None', '359192': 'None', '359295': 'None', '359345': 'None', '359367': 'None', '359491': 'None', '359537': 'None', '359663': 'None', '359796': 'None', '359808': 'None', '359861': 'None', '359881': 'None', '360124': 'None', '360647': 'None', '361014': 'None', '361029': 'None', '361078': 'None', '361240': 'None', '361256': 'None', '361270': 'None', '361347': 'None', '361385': 'None', '361486': 'None', '361490': 'None', '361576': 'None', '361750': 'None', '361815': 'None', '361828': 'None', '361829': 'None', '361847': 'None', '361898': 'None', '361906': 'None', '361963': 'None', '361991': 'None', '364051': 'None', '364588': 'None'}}", 'events': 35769, 'type': 'POOLIN', 'lfn': '/store/mc/RunIII2024Summer24MiniAOD/DYto2Mu-4Jets_Bin-MLL-50_TuneCP5_13p6TeV_madgraphMLM-pythia8/MINIAODSIM/140X_mcRun3_2024_realistic_v26-v2/110000/1418f5f8-02a7-447b-ba31-4965739190ab.root_19'}], '9': [{'parents': "['/store/mc/RunIII2024Summer24MiniAOD/DYto2Mu-4Jets_Bin-MLL-50_TuneCP5_13p6TeV_madgraphMLM-pythia8/MINIAODSIM/140X_mcRun3_2024_realistic_v26-v2/110000/02dd79ed-cb54-4d4f-86c0-f296e854113c.root']", 'runlumi': "{'1': {'181103': '720', '182125': '688', '182967': '680', '182996': '716', '186277': '712', '186318': '686', '186371': '661', '203582': '701', '203670': '719', '203722': '683', '203788': '667', '203797': '690', '204106': '758', '204220': '668', '204290': '750', '204356': '746', '204673': '711', '204818': '720', '204890': '721', '204894': '728', '204910': '721', '205028': '699', '205036': '780', '205190': '719', '205255': '714', '205380': '755', '205469': '686', '205527': '739', '205787': '720', '241051': '706', '241134': '715', '241205': '723', '241241': '713', '241288': '675', '241393': '679', '241574': '711', '259039': '686', '259134': '740', '259194': '698', '259209': '720', '259274': '695', '259337': '701', '259678': '681'}}", 'events': 30501, 'type': 'EDM', 'lfn': '/store/user/amalhotr/DYto2Mu-4Jets_Bin-MLL-50_TuneCP5_13p6TeV_madgraphMLM-pythia8/DYto2Mu4Jets_Unpacker_Large/250323_060454/0000/HLTUnpackerOutputLarge_9.root'}, {'parents': '[]', 'runlumi': "{'1': {'181103': 'None', '182125': 'None', '182967': 'None', '182996': 'None', '186277': 'None', '186318': 'None', '186371': 'None', '203582': 'None', '203670': 'None', '203722': 'None', '203788': 'None', '203797': 'None', '204106': 'None', '204220': 'None', '204290': 'None', '204356': 'None', '204673': 'None', '204818': 'None', '204890': 'None', '204894': 'None', '204910': 'None', '205028': 'None', '205036': 'None', '205190': 'None', '205255': 'None', '205380': 'None', '205469': 'None', '205527': 'None', '205787': 'None', '241051': 'None', '241134': 'None', '241205': 'None', '241241': 'None', '241288': 'None', '241393': 'None', '241574': 'None', '259039': 'None', '259134': 'None', '259194': 'None', '259209': 'None', '259274': 'None', '259337': 'None', '259678': 'None'}}", 'events': 30501, 'type': 'POOLIN', 'lfn': '/store/mc/RunIII2024Summer24MiniAOD/DYto2Mu-4Jets_Bin-MLL-50_TuneCP5_13p6TeV_madgraphMLM-pythia8/MINIAODSIM/140X_mcRun3_2024_realistic_v26-v2/110000/02dd79ed-cb54-4d4f-86c0-f296e854113c.root_9'}], '7': [{'parents': "['/store/mc/RunIII2024Summer24MiniAOD/DYto2Mu-4Jets_Bin-MLL-50_TuneCP5_13p6TeV_madgraphMLM-pythia8/MINIAODSIM/140X_mcRun3_2024_realistic_v26-v2/110000/000e726a-ca68-420b-b531-23f6733ba1e4.root']", 'runlumi': "{'1': {'202043': '672', '202103': '722', '202542': '753', '203484': '691', '203754': '717', '204393': '724', '205069': '682', '205358': '732', '205653': '738', '205669': '733', '240621': '718', '241070': '701', '241236': '704', '241357': '703', '241976': '720', '259404': '661', '259440': '740', '259628': '701', '259667': '652', '260271': '713', '265447': '729', '265743': '702', '265890': '736', '266315': '717', '266528': '736', '266555': '688', '266762': '723', '295747': '718', '303741': '699', '304170': '691', '304680': '728', '304725': '709', '305893': '678', '311584': '708', '311661': '714', '311707': '704', '311809': '717', '311817': '743', '360085': '704'}}", 'events': 27721, 'type': 'EDM', 'lfn': '/store/user/amalhotr/DYto2Mu-4Jets_Bin-MLL-50_TuneCP5_13p6TeV_madgraphMLM-pythia8/DYto2Mu4Jets_Unpacker_Large/250323_060454/0000/HLTUnpackerOutputLarge_7.root'}, {'parents': '[]', 'runlumi': "{'1': {'202043': 'None', '202103': 'None', '202542': 'None', '203484': 'None', '203754': 'None', '204393': 'None', '205069': 'None', '205358': 'None', '205653': 'None', '205669': 'None', '240621': 'None', '241070': 'None', '241236': 'None', '241357': 'None', '241976': 'None', '259404': 'None', '259440': 'None', '259628': 'None', '259667': 'None', '260271': 'None', '265447': 'None', '265743': 'None', '265890': 'None', '266315': 'None', '266528': 'None', '266555': 'None', '266762': 'None', '295747': 'None', '303741': 'None', '304170': 'None', '304680': 'None', '304725': 'None', '305893': 'None', '311584': 'None', '311661': 'None', '311707': 'None', '311809': 'None', '311817': 'None', '360085': 'None'}}", 'events': 27721, 'type': 'POOLIN', 'lfn': '/store/mc/RunIII2024Summer24MiniAOD/DYto2Mu-4Jets_Bin-MLL-50_TuneCP5_13p6TeV_madgraphMLM-pythia8/MINIAODSIM/140X_mcRun3_2024_realistic_v26-v2/110000/000e726a-ca68-420b-b531-23f6733ba1e4.root_7'}], '8': [{'parents': "['/store/mc/RunIII2024Summer24MiniAOD/DYto2Mu-4Jets_Bin-MLL-50_TuneCP5_13p6TeV_madgraphMLM-pythia8/MINIAODSIM/140X_mcRun3_2024_realistic_v26-v2/110000/03cb840d-d6e1-413a-8681-6f61e19a7ac3.root']", 'runlumi': "{'1': {'45780': '713', '45861': '704', '46268': '721', '46792': '766', '49004': '677', '49699': '710', '50881': '715', '89934': '698', '100469': '675', '100624': '708', '100770': '725', '100840': '744', '100846': '707', '101006': '713', '101103': '655', '101111': '725', '101120': '746', '101158': '726', '101456': '696', '101483': '701', '101675': '641', '101737': '742', '119134': '663', '119232': '720', '119336': '702', '119756': '711', '120297': '770', '120411': '729', '120424': '700', '120558': '721', '120787': '700', '143037': '707', '143059': '700', '143064': '702', '143746': '695', '143963': '672', '144003': '739', '144015': '714', '144891': '616', '145145': '712'}}", 'events': 28281, 'type': 'EDM', 'lfn': '/store/user/amalhotr/DYto2Mu-4Jets_Bin-MLL-50_TuneCP5_13p6TeV_madgraphMLM-pythia8/DYto2Mu4Jets_Unpacker_Large/250323_060454/0000/HLTUnpackerOutputLarge_8.root'}, {'parents': '[]', 'runlumi': "{'1': {'45780': 'None', '45861': 'None', '46268': 'None', '46792': 'None', '49004': 'None', '49699': 'None', '50881': 'None', '89934': 'None', '100469': 'None', '100624': 'None', '100770': 'None', '100840': 'None', '100846': 'None', '101006': 'None', '101103': 'None', '101111': 'None', '101120': 'None', '101158': 'None', '101456': 'None', '101483': 'None', '101675': 'None', '101737': 'None', '119134': 'None', '119232': 'None', '119336': 'None', '119756': 'None', '120297': 'None', '120411': 'None', '120424': 'None', '120558': 'None', '120787': 'None', '143037': 'None', '143059': 'None', '143064': 'None', '143746': 'None', '143963': 'None', '144003': 'None', '144015': 'None', '144891': 'None', '145145': 'None'}}", 'events': 28281, 'type': 'POOLIN', 'lfn': '/store/mc/RunIII2024Summer24MiniAOD/DYto2Mu-4Jets_Bin-MLL-50_TuneCP5_13p6TeV_madgraphMLM-pythia8/MINIAODSIM/140X_mcRun3_2024_realistic_v26-v2/110000/03cb840d-d6e1-413a-8681-6f61e19a7ac3.root_8'}], '6': [{'parents': "['/store/mc/RunIII2024Summer24MiniAOD/DYto2Mu-4Jets_Bin-MLL-50_TuneCP5_13p6TeV_madgraphMLM-pythia8/MINIAODSIM/140X_mcRun3_2024_realistic_v26-v2/110000/0152da67-bef6-476f-abfb-3c6f5897327f.root']", 'runlumi': "{'1': {'49': '744', '12484': '692', '45429': '707', '45449': '739', '45470': '714', '45480': '711', '45487': '712', '45571': '729', '45608': '723', '45626': '704', '45741': '692', '45775': '703', '45823': '721', '45834': '741', '45836': '689', '45898': '701', '45906': '710', '45947': '690', '45998': '679', '47268': '678', '48474': '725', '48513': '703', '48987': '697', '49176': '661', '49338': '749', '49952': '725', '89072': '691', '89119': '671', '89151': '715', '89725': '694', '89851': '669', '90054': '723', '90702': '672', '90763': '660', '100129': '695', '100243': '731'}}", 'events': 25360, 'type': 'EDM', 'lfn': '/store/user/amalhotr/DYto2Mu-4Jets_Bin-MLL-50_TuneCP5_13p6TeV_madgraphMLM-pythia8/DYto2Mu4Jets_Unpacker_Large/250323_060454/0000/HLTUnpackerOutputLarge_6.root'}, {'parents': '[]', 'runlumi': "{'1': {'49': 'None', '12484': 'None', '45429': 'None', '45449': 'None', '45470': 'None', '45480': 'None', '45487': 'None', '45571': 'None', '45608': 'None', '45626': 'None', '45741': 'None', '45775': 'None', '45823': 'None', '45834': 'None', '45836': 'None', '45898': 'None', '45906': 'None', '45947': 'None', '45998': 'None', '47268': 'None', '48474': 'None', '48513': 'None', '48987': 'None', '49176': 'None', '49338': 'None', '49952': 'None', '89072': 'None', '89119': 'None', '89151': 'None', '89725': 'None', '89851': 'None', '90054': 'None', '90702': 'None', '90763': 'None', '100129': 'None', '100243': 'None'}}", 'events': 25360, 'type': 'POOLIN', 'lfn': '/store/mc/RunIII2024Summer24MiniAOD/DYto2Mu-4Jets_Bin-MLL-50_TuneCP5_13p6TeV_madgraphMLM-pythia8/MINIAODSIM/140X_mcRun3_2024_realistic_v26-v2/110000/0152da67-bef6-476f-abfb-3c6f5897327f.root_6'}]}}]}
INFO 2025-03-23 16:11:29.989 UTC: 	 Running crab status to fetch necessary information.
DEBUG 2025-03-23 16:11:30.011 UTC: 	 CRAB Client version: v3.250318
DEBUG 2025-03-23 16:11:30.011 UTC: 	 Running on: Linux lxplus940.cern.ch 5.14.0-503.22.1.el9_5.x86_64 #1 SMP PREEMPT_DYNAMIC Wed Jan 15 08:02:15 EST 2025 x86_64 x86_64 x86_64 GNU/Linux
DEBUG 2025-03-23 16:11:30.011 UTC: 	 Not using Singularity
DEBUG 2025-03-23 16:11:30.011 UTC: 	 Operating System: Red Hat Enterprise Linux 9.5 (Plow)
DEBUG 2025-03-23 16:11:30.011 UTC: 	 Executing command: 'status'
DEBUG 2025-03-23 16:11:30.012 UTC: 	 Found CRAB cache file /afs/cern.ch/user/a/amalhotr/.crab3
DEBUG 2025-03-23 16:11:30.019 UTC: 	 Skipping proxy creation
DEBUG 2025-03-23 16:11:30.019 UTC: 	 Retrieving username ...
DEBUG 2025-03-23 16:11:30.019 UTC: 	 Retrieving username from CRIC...
DEBUG 2025-03-23 16:11:30.658 UTC: 	 username is amalhotr
INFO 2025-03-23 16:11:31.086 UTC: 	 Rucio client intialized for account amalhotr
DEBUG 2025-03-23 16:11:31.086 UTC: 	 Command use: status
DEBUG 2025-03-23 16:11:31.086 UTC: 	 Options use: ['--proxy', '/tmp/x509up_u180451', '-d', './crab_DYto2Mu4Jets_Unpacker_Large']
DEBUG 2025-03-23 16:11:31.086 UTC: 	 Encoded data for curl request: subresource=version
DEBUG 2025-03-23 16:11:31.128 UTC: 	 CRABClient version: v3.250318
DEBUG 2025-03-23 16:11:31.128 UTC: 	 Instance is prod
DEBUG 2025-03-23 16:11:31.128 UTC: 	 Server base url is cmsweb.cern.ch
DEBUG 2025-03-23 16:11:31.128 UTC: 	 Command api workflow
DEBUG 2025-03-23 16:11:31.128 UTC: 	 Encoded data for curl request: subresource=search&workflow=250323_060454%3Aamalhotr_crab_DYto2Mu4Jets_Unpacker_Large
DEBUG 2025-03-23 16:11:31.176 UTC: 	 Got information from server oracle database: {'desc': {'columns': ['tm_taskname', 'tm_activity', 'tm_task_status', 'tm_task_command', 'tm_start_time', 'tm_start_injection', 'tm_end_injection', 'tm_task_failure', 'tm_job_sw', 'tm_job_arch', 'tm_input_dataset', 'tm_nonvalid_input_dataset', 'tm_use_parent', 'tm_site_whitelist', 'tm_site_blacklist', 'tm_split_algo', 'tm_split_args', 'tm_user_sandbox', 'tm_cache_url', 'tm_username', 'tm_user_dn', 'tm_user_vo', 'tm_user_role', 'tm_user_group', 'tm_publish_name', 'tm_publish_groupname', 'tm_asyncdest', 'tm_dbs_url', 'tm_publish_dbs_url', 'tm_publication', 'tm_outfiles', 'tm_tfile_outfiles', 'tm_edm_outfiles', 'tm_job_type', 'tm_generator', 'tm_events_per_lumi', 'tm_arguments', 'tm_save_logs', 'tw_name', 'tm_user_infiles', 'tm_maxjobruntime', 'tm_numcores', 'tm_maxmemory', 'tm_priority', 'tm_output_dataset', 'tm_task_warnings', 'tm_user_webdir', 'tm_scriptexe', 'tm_scriptargs', 'tm_extrajdl', 'tm_collector', 'tm_schedd', 'tm_dry_run', 'tm_user_files', 'tm_transfer_outputs', 'tm_output_lfn', 'tm_ignore_locality', 'tm_fail_limit', 'tm_one_event_mode', 'tm_secondary_input_dataset', 'tm_primary_dataset', 'tm_last_publication', 'tm_debug_files', 'clusterid', 'tm_ignore_global_blacklist', 'tm_submitter_ip_addr', 'tm_totalunits', 'tm_ddm_reqid', 'tm_user_config', 'tm_transfer_container', 'tm_transfer_rule', 'tm_publish_rule', 'tm_multipub_rule', 'tm_job_min_microarch']}, 'result': ['250323_060454:amalhotr_crab_DYto2Mu4Jets_Unpacker_Large', 'None', 'SUBMITTED', 'SUBMIT', '2025-03-23 06:04:55.506480', 'None', '2025-03-23 06:06:35.392815', 'None', 'CMSSW_14_0_18_patch1', 'el9_amd64_gcc12', '/DYto2Mu-4Jets_Bin-MLL-50_TuneCP5_13p6TeV_madgraphMLM-pythia8/RunIII2024Summer24MiniAOD-140X_mcRun3_2024_realistic_v26-v2/MINIAODSIM', 'F', '0', '[]', '[]', 'FileBased', "{'halt_job_on_file_boundaries': False, 'splitOnRun': False, 'files_per_job': 5, 'runs': [], 'lumis': []}", '3347ab5ebddcbcf20e5a549cff91c4ac4d53283ca301d10bc07120adeaa8b0f2.tar.gz', 'https://cmsweb.cern.ch/S3/crabcache_prod', 'amalhotr', '/DC=ch/DC=cern/OU=Organic Units/OU=Users/CN=amalhotr/CN=884837/CN=Aryan Malhotra', 'cms', 'None', 'None', 'DYto2Mu4Jets_Unpacker_Large-00000000000000000000000000000000', 'F', 'T3_CH_CERNBOX', 'https://cmsweb.cern.ch/dbs/prod/global/DBSReader', 'https://cmsweb.cern.ch/dbs/prod/phys03/DBSWriter', 'T', '[]', '[]', "['HLTUnpackerOutputLarge.root']", 'Analysis', 'pythia', 'None', '{}', 'T', 'crab-prod-tw01', '[]', '1250', '1', '2000', '10', "['/DYto2Mu-4Jets_Bin-MLL-50_TuneCP5_13p6TeV_madgraphMLM-pythia8/amalhotr-DYto2Mu4Jets_Unpacker_Large-49feb6938084587a06052f9676570a55/USER']", '[]', 'http://vocms0198.cern.ch/mon/amalhotr/250323_060454:amalhotr_crab_DYto2Mu4Jets_Unpacker_Large', 'None', '[]', '[]', 'cmsgwms-collector-global.cern.ch:9620,cmsgwms-collector-global.fnal.gov:9620', 'crab3@vocms0198.cern.ch', 'F', '[]', 'T', '/store/user/amalhotr/', 'F', 'None', 'F', 'None', 'DYto2Mu-4Jets_Bin-MLL-50_TuneCP5_13p6TeV_madgraphMLM-pythia8', 'None', '092c95d3b1ed17d5c8f35311372fbafe5aae77e928c0bec78cce9935847f1e25.tar.gz', '113626991', 'F', '188.184.73.32', '75.0', 'None', '{"partialdataset": false, "requireaccelerator": false, "acceleratorparams": null, "inputblocks": null}', 'None', 'None', 'None', 'None', 'any']}
INFO 2025-03-23 16:11:31.177 UTC: 	 CRAB project directory:		/afs/cern.ch/user/a/amalhotr/CMSSW_14_0_18_patch1/src/Run3ScoutingAnalysisTools/crab_DYto2Mu4Jets_Unpacker_Large
INFO 2025-03-23 16:11:31.177 UTC: 	 Task name:			250323_060454:amalhotr_crab_DYto2Mu4Jets_Unpacker_Large
INFO 2025-03-23 16:11:31.177 UTC: 	 Grid scheduler - Task Worker:	crab3@vocms0198.cern.ch - crab-prod-tw01
INFO 2025-03-23 16:11:31.177 UTC: 	 Status on the CRAB server:	SUBMITTED
INFO 2025-03-23 16:11:31.177 UTC: 	 Task URL to use for HELP:	https://cmsweb.cern.ch/crabserver/ui/task/250323_060454%3Aamalhotr_crab_DYto2Mu4Jets_Unpacker_Large
INFO 2025-03-23 16:11:31.182 UTC: 	 Dashboard monitoring URL:	https://monit-grafana.cern.ch/d/cmsTMDetail/cms-task-monitoring-task-view?orgId=11&var-user=amalhotr&var-task=250323_060454%3Aamalhotr_crab_DYto2Mu4Jets_Unpacker_Large&from=1742706295000&to=now
DEBUG 2025-03-23 16:11:31.182 UTC: 	 The CRAB server submitted your task to the Grid scheduler (cluster ID: 113626991)
DEBUG 2025-03-23 16:11:31.182 UTC: 	 Webdir is located at http://vocms0198.cern.ch/mon/amalhotr/250323_060454:amalhotr_crab_DYto2Mu4Jets_Unpacker_Large
DEBUG 2025-03-23 16:11:31.182 UTC: 	 Encoded data for curl request: subresource=webdirprx&workflow=250323_060454%3Aamalhotr_crab_DYto2Mu4Jets_Unpacker_Large
DEBUG 2025-03-23 16:11:31.221 UTC: 	 Proxied webdir is located at https://cmsweb.cern.ch:8443/scheddmon/0198/amalhotr/250323_060454:amalhotr_crab_DYto2Mu4Jets_Unpacker_Large
DEBUG 2025-03-23 16:11:31.221 UTC: 	 Retrieving 'status_cache' file from https://cmsweb.cern.ch:8443/scheddmon/0198/amalhotr/250323_060454:amalhotr_crab_DYto2Mu4Jets_Unpacker_Large/status_cache.pkl
DEBUG 2025-03-23 16:11:31.221 UTC: 	 Will execute:
curl -sS --capath /etc/grid-security/certificates --cert /tmp/x509up_u180451 --key /tmp/x509up_u180451 -o /tmp/crab_status-cache-8q8m2spn.pkl -w %"{http_code}" "https://cmsweb.cern.ch:8443/scheddmon/0198/amalhotr/250323_060454:amalhotr_crab_DYto2Mu4Jets_Unpacker_Large/status_cache.pkl"
DEBUG 2025-03-23 16:11:31.221 UTC: 	 Executing command :
 curl -sS --capath /etc/grid-security/certificates --cert /tmp/x509up_u180451 --key /tmp/x509up_u180451 -o /tmp/crab_status-cache-8q8m2spn.pkl -w %"{http_code}" "https://cmsweb.cern.ch:8443/scheddmon/0198/amalhotr/250323_060454:amalhotr_crab_DYto2Mu4Jets_Unpacker_Large/status_cache.pkl"
DEBUG 2025-03-23 16:11:31.253 UTC: 	 output : 200
 error: 
 retcode : 0
DEBUG 2025-03-23 16:11:31.254 UTC: 	 exitcode: 0
stdout: 200
stderr: 
error details: 
DEBUG 2025-03-23 16:11:31.254 UTC: 	 Got information from status cache file: {'6': {'Retries': 0, 'Restarts': 0, 'SiteHistory': ['Unknown', 'T2_US_Vanderbilt', 'T2_US_Vanderbilt'], 'ResidentSetSize': [1076184], 'SubmitTimes': [1742710065.0], 'StartTimes': [1742710306.0], 'EndTimes': [1742710781.0], 'TotalUserCpuTimeHistory': [133], 'TotalSysCpuTimeHistory': [9], 'WallDurations': [8.0, 119.46214818954468, 475.0], 'JobIds': ['113627002.0'], 'State': 'finished', 'RecordedSite': True}, '11': {'Retries': 0, 'Restarts': 0, 'SiteHistory': ['Unknown', 'T1_US_FNAL', 'T1_US_FNAL'], 'ResidentSetSize': [1419952], 'SubmitTimes': [1742710065.0], 'StartTimes': [1742710240.0], 'EndTimes': [1742713655.0], 'TotalUserCpuTimeHistory': [2331], 'TotalSysCpuTimeHistory': [371], 'WallDurations': [9.0, 185.46214818954468, 3415.0], 'JobIds': ['113627003.0'], 'State': 'finished', 'RecordedSite': True}, '13': {'Retries': 0, 'Restarts': 0, 'SiteHistory': ['Unknown', 'T1_US_FNAL', 'T1_US_FNAL'], 'ResidentSetSize': [1436960], 'SubmitTimes': [1742710065.0], 'StartTimes': [1742710239.0], 'EndTimes': [1742713670.0], 'TotalUserCpuTimeHistory': [2180], 'TotalSysCpuTimeHistory': [330], 'WallDurations': [10.0, 186.46214818954468, 3431.0], 'JobIds': ['113627004.0'], 'State': 'finished', 'RecordedSite': True}, '9': {'Retries': 0, 'Restarts': 0, 'SiteHistory': ['Unknown', 'T2_US_Vanderbilt', 'T2_US_Vanderbilt'], 'ResidentSetSize': [802440], 'SubmitTimes': [1742710065.0], 'StartTimes': [1742710306.0], 'EndTimes': [1742710978.0], 'TotalUserCpuTimeHistory': [298], 'TotalSysCpuTimeHistory': [20], 'WallDurations': [9.0, 119.46214818954468, 672.0], 'JobIds': ['113627005.0'], 'State': 'finished', 'RecordedSite': True}, '12': {'Retries': 0, 'Restarts': 0, 'SiteHistory': ['Unknown', 'T1_UK_RAL', 'T1_UK_RAL'], 'ResidentSetSize': [1343124], 'SubmitTimes': [1742710065.0], 'StartTimes': [1742710238.0], 'EndTimes': [1742714789.0], 'TotalUserCpuTimeHistory': [1373], 'TotalSysCpuTimeHistory': [386], 'WallDurations': [8.0, 187.46214818954468, 4551.0], 'JobIds': ['113627006.0'], 'State': 'finished', 'RecordedSite': True}, '8': {'Retries': 0, 'Restarts': 0, 'SiteHistory': ['Unknown', 'T2_US_Vanderbilt', 'T2_US_Vanderbilt'], 'ResidentSetSize': [777192], 'SubmitTimes': [1742710065.0], 'StartTimes': [1742710307.0], 'EndTimes': [1742710955.0], 'TotalUserCpuTimeHistory': [261], 'TotalSysCpuTimeHistory': [12], 'WallDurations': [8.0, 118.46214818954468, 648.0], 'JobIds': ['113627007.0'], 'State': 'finished', 'RecordedSite': True}, '4': {'Retries': 0, 'Restarts': 0, 'SiteHistory': ['Unknown', 'T2_US_Vanderbilt', 'T2_US_Vanderbilt'], 'ResidentSetSize': [947240], 'SubmitTimes': [1742710065.0], 'StartTimes': [1742710308.0], 'EndTimes': [1742717140.0], 'TotalUserCpuTimeHistory': [2165], 'TotalSysCpuTimeHistory': [126], 'WallDurations': [8.0, 117.46214818954468, 6832.0], 'JobIds': ['113627008.0'], 'State': 'finished', 'RecordedSite': True}, '3': {'Retries': 0, 'Restarts': 0, 'SiteHistory': ['Unknown', 'T2_US_Vanderbilt', 'T2_US_Vanderbilt'], 'ResidentSetSize': [1286504], 'SubmitTimes': [1742710065.0], 'StartTimes': [1742710306.0], 'EndTimes': [1742712563.0], 'TotalUserCpuTimeHistory': [1309], 'TotalSysCpuTimeHistory': [94], 'WallDurations': [9.0, 119.46214818954468, 2257.0], 'JobIds': ['113627009.0'], 'State': 'finished', 'RecordedSite': True}, '18': {'Retries': 0, 'Restarts': 0, 'SiteHistory': ['Unknown', 'T1_FR_CCIN2P3', 'T1_FR_CCIN2P3'], 'ResidentSetSize': [1268972], 'SubmitTimes': [1742710065.0], 'StartTimes': [1742710237.0], 'EndTimes': [1742712221.0], 'TotalUserCpuTimeHistory': [1079], 'TotalSysCpuTimeHistory': [339], 'WallDurations': [9.0, 188.46214818954468, 1984.0], 'JobIds': ['113627010.0'], 'State': 'finished', 'RecordedSite': True}, '2': {'Retries': 0, 'Restarts': 0, 'SiteHistory': ['Unknown', 'T1_ES_PIC', 'T1_ES_PIC'], 'ResidentSetSize': [1247448], 'SubmitTimes': [1742710065.0], 'StartTimes': [1742710239.0], 'EndTimes': [1742712766.0], 'TotalUserCpuTimeHistory': [1443], 'TotalSysCpuTimeHistory': [250], 'WallDurations': [9.0, 186.46214818954468, 2527.0], 'JobIds': ['113627011.0'], 'State': 'finished', 'RecordedSite': True}, '7': {'Retries': 0, 'Restarts': 0, 'SiteHistory': ['Unknown', 'T2_US_Vanderbilt', 'T2_US_Vanderbilt'], 'ResidentSetSize': [863816], 'SubmitTimes': [1742710065.0], 'StartTimes': [1742710306.0], 'EndTimes': [1742710966.0], 'TotalUserCpuTimeHistory': [269], 'TotalSysCpuTimeHistory': [15], 'WallDurations': [8.0, 119.46214818954468, 660.0], 'JobIds': ['113627012.0'], 'State': 'finished', 'RecordedSite': True}, '19': {'Retries': 0, 'Restarts': 0, 'SiteHistory': ['Unknown', 'T1_FR_CCIN2P3', 'T1_FR_CCIN2P3'], 'ResidentSetSize': [1165824], 'SubmitTimes': [1742710065.0], 'StartTimes': [1742710237.0], 'EndTimes': [1742711131.0], 'TotalUserCpuTimeHistory': [472], 'TotalSysCpuTimeHistory': [152], 'WallDurations': [9.0, 188.46214818954468, 894.0], 'JobIds': ['113627013.0'], 'State': 'finished', 'RecordedSite': True}, '14': {'Retries': 0, 'Restarts': 0, 'SiteHistory': ['Unknown', 'T1_UK_RAL', 'T1_UK_RAL'], 'ResidentSetSize': [1353096], 'SubmitTimes': [1742710066.0], 'StartTimes': [1742710237.0], 'EndTimes': [1742714922.0], 'TotalUserCpuTimeHistory': [1479], 'TotalSysCpuTimeHistory': [450], 'WallDurations': [10.0, 188.46214818954468, 4685.0], 'JobIds': ['113627014.0'], 'State': 'finished', 'RecordedSite': True}, '1': {'Retries': 0, 'Restarts': 0, 'SiteHistory': ['Unknown', 'T2_US_Vanderbilt', 'T2_US_Vanderbilt'], 'ResidentSetSize': [1260064], 'SubmitTimes': [1742710066.0], 'StartTimes': [1742710307.0], 'EndTimes': [1742712690.0], 'TotalUserCpuTimeHistory': [1434], 'TotalSysCpuTimeHistory': [67], 'WallDurations': [8.0, 118.46214818954468, 2383.0], 'JobIds': ['113627015.0'], 'State': 'finished', 'RecordedSite': True}, '17': {'Retries': 0, 'Restarts': 0, 'SiteHistory': ['Unknown', 'T1_US_FNAL', 'T1_US_FNAL'], 'ResidentSetSize': [1377252], 'SubmitTimes': [1742710066.0], 'StartTimes': [1742710240.0], 'EndTimes': [1742714286.0], 'TotalUserCpuTimeHistory': [2701], 'TotalSysCpuTimeHistory': [392], 'WallDurations': [10.0, 185.46214818954468, 4046.0], 'JobIds': ['113627016.0'], 'State': 'finished', 'RecordedSite': True}, '5': {'Retries': 0, 'Restarts': 0, 'SiteHistory': ['Unknown', 'T2_US_Vanderbilt', 'T2_US_Vanderbilt'], 'ResidentSetSize': [878040], 'SubmitTimes': [1742710066.0], 'StartTimes': [1742710307.0], 'EndTimes': [1742711819.0], 'TotalUserCpuTimeHistory': [826], 'TotalSysCpuTimeHistory': [44], 'WallDurations': [8.0, 118.46214818954468, 1512.0], 'JobIds': ['113627017.0'], 'State': 'finished', 'RecordedSite': True}, '15': {'Retries': 0, 'Restarts': 0, 'SiteHistory': ['Unknown', 'T1_UK_RAL', 'T1_UK_RAL'], 'ResidentSetSize': [1288332], 'SubmitTimes': [1742710066.0], 'StartTimes': [1742710238.0], 'EndTimes': [1742714538.0], 'TotalUserCpuTimeHistory': [1338], 'TotalSysCpuTimeHistory': [388], 'WallDurations': [9.0, 187.46214818954468, 4300.0], 'JobIds': ['113627018.0'], 'State': 'finished', 'RecordedSite': True}, '10': {'Retries': 0, 'Restarts': 0, 'SiteHistory': ['Unknown', 'T1_US_FNAL', 'T1_US_FNAL'], 'ResidentSetSize': [1363512], 'SubmitTimes': [1742710066.0], 'StartTimes': [1742710243.0], 'EndTimes': [1742714241.0], 'TotalUserCpuTimeHistory': [2361], 'TotalSysCpuTimeHistory': [655], 'WallDurations': [9.0, 182.46214818954468, 3998.0], 'JobIds': ['113627019.0'], 'State': 'finished', 'RecordedSite': True}, '21': {'Retries': 0, 'Restarts': 0, 'SiteHistory': ['Unknown', 'T1_UK_RAL', 'T1_UK_RAL'], 'ResidentSetSize': [1157532], 'SubmitTimes': [1742710066.0], 'StartTimes': [1742710238.0], 'EndTimes': [1742711502.0], 'TotalUserCpuTimeHistory': [419], 'TotalSysCpuTimeHistory': [119], 'WallDurations': [9.0, 187.46214818954468, 1264.0], 'JobIds': ['113627020.0'], 'State': 'finished', 'RecordedSite': True}, '16': {'Retries': 0, 'Restarts': 0, 'SiteHistory': ['Unknown', 'T1_US_FNAL', 'T1_US_FNAL'], 'ResidentSetSize': [1393648], 'SubmitTimes': [1742710066.0], 'StartTimes': [1742710239.0], 'EndTimes': [1742713661.0], 'TotalUserCpuTimeHistory': [2371], 'TotalSysCpuTimeHistory': [357], 'WallDurations': [10.0, 186.46214818954468, 3422.0], 'JobIds': ['113627021.0'], 'State': 'finished', 'RecordedSite': True}, '20': {'Retries': 0, 'Restarts': 0, 'SiteHistory': ['Unknown', 'T1_DE_KIT', 'T1_DE_KIT'], 'ResidentSetSize': [1225936], 'SubmitTimes': [1742710066.0], 'StartTimes': [1742710237.0], 'EndTimes': [1742711239.0], 'TotalUserCpuTimeHistory': [537], 'TotalSysCpuTimeHistory': [140], 'WallDurations': [10.0, 188.46214818954468, 1002.0], 'JobIds': ['113627022.0'], 'State': 'finished', 'RecordedSite': True}}
INFO 2025-03-23 16:11:31.254 UTC: 	 Status on the scheduler:	COMPLETED
INFO 2025-03-23 16:11:31.254 UTC: 	 
Jobs status:                    finished     		100.0% (21/21)
DEBUG 2025-03-23 16:11:31.254 UTC: 	 Encoded data for curl request: subresource=publicationstatus&workflow=250323_060454%3Aamalhotr_crab_DYto2Mu4Jets_Unpacker_Large&username=amalhotr
INFO 2025-03-23 16:11:31.301 UTC: 	 
Publication status of 1 dataset(s):	done         		100.0% (21/21)
(from CRAB internal bookkeeping in transferdb)
INFO 2025-03-23 16:11:31.301 UTC: 	 
Output dataset:			/DYto2Mu-4Jets_Bin-MLL-50_TuneCP5_13p6TeV_madgraphMLM-pythia8/amalhotr-DYto2Mu4Jets_Unpacker_Large-49feb6938084587a06052f9676570a55/USER
Output dataset DAS URL:		https://cmsweb.cern.ch/das/request?input=%2FDYto2Mu-4Jets_Bin-MLL-50_TuneCP5_13p6TeV_madgraphMLM-pythia8%2Famalhotr-DYto2Mu4Jets_Unpacker_Large-49feb6938084587a06052f9676570a55%2FUSER&instance=prod%2Fphys03
INFO 2025-03-23 16:11:31.301 UTC: 	 
Warning: the max jobs runtime is less than 30% of the task requested value (1250 min), please consider to request a lower value for failed jobs (allowed through crab resubmit) and/or improve the jobs splitting (e.g. config.Data.splitting = 'Automatic') in a new task.
INFO 2025-03-23 16:11:31.301 UTC: 	 
Summary of run jobs:
 * Memory: 783MB min, 1403MB max, 1159MB ave
 * Runtime: 0:07:55 min, 1:53:52 max, 0:43:37 ave
 * CPU eff: 30% min, 80% max, 57% ave
 * Waste: 0:59:26 (6% of total)

DEBUG 2025-03-23 16:11:31.302 UTC: 	 Will execute:
curl -sS --capath /etc/grid-security/certificates --cert /tmp/x509up_u180451 --key /tmp/x509up_u180451 -o /afs/cern.ch/user/a/amalhotr/CMSSW_14_0_18_patch1/src/Run3ScoutingAnalysisTools/crab_DYto2Mu4Jets_Unpacker_Large/results/run_and_lumis.tar.gz -w %"{http_code}" "https://cmsweb.cern.ch:8443/scheddmon/0198/amalhotr/250323_060454:amalhotr_crab_DYto2Mu4Jets_Unpacker_Large/run_and_lumis.tar.gz"
DEBUG 2025-03-23 16:11:31.302 UTC: 	 Executing command :
 curl -sS --capath /etc/grid-security/certificates --cert /tmp/x509up_u180451 --key /tmp/x509up_u180451 -o /afs/cern.ch/user/a/amalhotr/CMSSW_14_0_18_patch1/src/Run3ScoutingAnalysisTools/crab_DYto2Mu4Jets_Unpacker_Large/results/run_and_lumis.tar.gz -w %"{http_code}" "https://cmsweb.cern.ch:8443/scheddmon/0198/amalhotr/250323_060454:amalhotr_crab_DYto2Mu4Jets_Unpacker_Large/run_and_lumis.tar.gz"
DEBUG 2025-03-23 16:11:31.348 UTC: 	 output : 200
 error: 
 retcode : 0
DEBUG 2025-03-23 16:11:31.348 UTC: 	 exitcode: 0
stdout: 200
stderr: 
error details: 
DEBUG 2025-03-23 16:11:31.357 UTC: 	 Will execute:
curl -sS --capath /etc/grid-security/certificates --cert /tmp/x509up_u180451 --key /tmp/x509up_u180451 -o /afs/cern.ch/user/a/amalhotr/CMSSW_14_0_18_patch1/src/Run3ScoutingAnalysisTools/crab_DYto2Mu4Jets_Unpacker_Large/results/input_files.tar.gz -w %"{http_code}" "https://cmsweb.cern.ch:8443/scheddmon/0198/amalhotr/250323_060454:amalhotr_crab_DYto2Mu4Jets_Unpacker_Large/input_files.tar.gz"
DEBUG 2025-03-23 16:11:31.357 UTC: 	 Executing command :
 curl -sS --capath /etc/grid-security/certificates --cert /tmp/x509up_u180451 --key /tmp/x509up_u180451 -o /afs/cern.ch/user/a/amalhotr/CMSSW_14_0_18_patch1/src/Run3ScoutingAnalysisTools/crab_DYto2Mu4Jets_Unpacker_Large/results/input_files.tar.gz -w %"{http_code}" "https://cmsweb.cern.ch:8443/scheddmon/0198/amalhotr/250323_060454:amalhotr_crab_DYto2Mu4Jets_Unpacker_Large/input_files.tar.gz"
DEBUG 2025-03-23 16:11:31.399 UTC: 	 output : 200
 error: 
 retcode : 0
DEBUG 2025-03-23 16:11:31.399 UTC: 	 exitcode: 0
stdout: 200
stderr: 
error details: 
DEBUG 2025-03-23 16:11:31.403 UTC: 	 Will execute:
curl -sS --capath /etc/grid-security/certificates --cert /tmp/x509up_u180451 --key /tmp/x509up_u180451 -o /afs/cern.ch/user/a/amalhotr/CMSSW_14_0_18_patch1/src/Run3ScoutingAnalysisTools/crab_DYto2Mu4Jets_Unpacker_Large/results/input_dataset_lumis.json -w %"{http_code}" "https://cmsweb.cern.ch:8443/scheddmon/0198/amalhotr/250323_060454:amalhotr_crab_DYto2Mu4Jets_Unpacker_Large/input_dataset_lumis.json"
DEBUG 2025-03-23 16:11:31.403 UTC: 	 Executing command :
 curl -sS --capath /etc/grid-security/certificates --cert /tmp/x509up_u180451 --key /tmp/x509up_u180451 -o /afs/cern.ch/user/a/amalhotr/CMSSW_14_0_18_patch1/src/Run3ScoutingAnalysisTools/crab_DYto2Mu4Jets_Unpacker_Large/results/input_dataset_lumis.json -w %"{http_code}" "https://cmsweb.cern.ch:8443/scheddmon/0198/amalhotr/250323_060454:amalhotr_crab_DYto2Mu4Jets_Unpacker_Large/input_dataset_lumis.json"
DEBUG 2025-03-23 16:11:31.446 UTC: 	 output : 200
 error: 
 retcode : 0
DEBUG 2025-03-23 16:11:31.446 UTC: 	 exitcode: 0
stdout: 200
stderr: 
error details: 
DEBUG 2025-03-23 16:11:31.446 UTC: 	 Will execute:
curl -sS --capath /etc/grid-security/certificates --cert /tmp/x509up_u180451 --key /tmp/x509up_u180451 -o /afs/cern.ch/user/a/amalhotr/CMSSW_14_0_18_patch1/src/Run3ScoutingAnalysisTools/crab_DYto2Mu4Jets_Unpacker_Large/results/input_dataset_duplicate_lumis.json -w %"{http_code}" "https://cmsweb.cern.ch:8443/scheddmon/0198/amalhotr/250323_060454:amalhotr_crab_DYto2Mu4Jets_Unpacker_Large/input_dataset_duplicate_lumis.json"
DEBUG 2025-03-23 16:11:31.446 UTC: 	 Executing command :
 curl -sS --capath /etc/grid-security/certificates --cert /tmp/x509up_u180451 --key /tmp/x509up_u180451 -o /afs/cern.ch/user/a/amalhotr/CMSSW_14_0_18_patch1/src/Run3ScoutingAnalysisTools/crab_DYto2Mu4Jets_Unpacker_Large/results/input_dataset_duplicate_lumis.json -w %"{http_code}" "https://cmsweb.cern.ch:8443/scheddmon/0198/amalhotr/250323_060454:amalhotr_crab_DYto2Mu4Jets_Unpacker_Large/input_dataset_duplicate_lumis.json"
DEBUG 2025-03-23 16:11:31.486 UTC: 	 output : 200
 error: 
 retcode : 0
DEBUG 2025-03-23 16:11:31.486 UTC: 	 exitcode: 0
stdout: 200
stderr: 
error details: 
DEBUG 2025-03-23 16:11:31.486 UTC: 	 Executing command :
 dasgoclient --query 'run,lumi dataset=/DYto2Mu-4Jets_Bin-MLL-50_TuneCP5_13p6TeV_madgraphMLM-pythia8/amalhotr-DYto2Mu4Jets_Unpacker_Large-49feb6938084587a06052f9676570a55/USER instance=prod/phys03' --json
DEBUG 2025-03-23 16:11:32.629 UTC: 	 output : [
{"das":{"expire":1742746292,"instance":"prod/phys03","primary_key":"run.run_number","record":1,"services":["dbs3:run_lumi4dataset"]},"lumi":[{"number":[941,45305,45403,45739,45835,48995,90607,100713,100717,101552,203982,205602,205621,260608,260970,265472,295307,358240,361990,364102,364447,364777,120750,120779,120993,203215,295500,358001,358373,358730,358790,362031,364095,364111,364115,49004,50881,119134,120411,295895,303037,303260,303353,305853,305908,305945,311669,311709,360587,361161,361411,361473,361503,361867,363534,203722,204356,205527,105,143,278,463,639,12772,295370,358054,358129,358380,358482,359132,359491,359881,361256,361829,361991,260435,260531,260579,295304,303810,304441,304589,359017,45449,45823,45834,202542,260271,266762,45154,45902,48329,48537,48928,48986,89617,100347,100476,100524,100883,101692,205759,241364,241404,260797,260950,265158,265755,266042,266392,266621,305906,312512,364707,120394,143057,143301,143452,143832,144170,295318,312798,358089,358988,362105,364020,101120,144003,295411,303524,304579,304709,305230,305688,311986,312684,360997,363778,186371,203582,203797,204890,205028,205787,241241,178,302,453,464,649,12283,358307,359192,359537,359808,360647,361014,361270,361906,240303,259032,259579,260507,265674,303275,303702,304464,304720,305292,359697,361371,45906,100129,202043,45313,45543,45585,48549,48984,100463,100510,100634,100826,100901,101051,101845,119031,204213,204925,241340,241519,265689,266107,295121,358534,360161,363924,364547,364759,120485,120544,120594,143006,143278,358148,358766,358890,358898,361966,363233,364016,364027,364184,364193,101103,101111,143746,295881,303007,303250,304284,305132,305301,305311,305782,311313,311862,360604,361005,363984,181103,204220,259209,259678,145,244,625,665,359663,361029,361347,361815,364588,240726,241895,260244,265863,295407,295805,303434,305516,311420,361072,361145,45480,45608,45998,49952,203484,241236,241357,259628,265743,311584,311661,311707,45506,48915,48967,89256,89471,90177,90943,100216,100680,101074,101402,205700,205938,240836,241025,241421,259040,259192,265951,266177,266321,266377,295007,359013,360645,395047,120378,120517,120726,120847,120894,143008,143409,311699,311928,358679,358774,358864,358867,358881,358922,362132,362342,362349,364144,364191,364225,101675,119232,120787,143064,303269,304981,305332,305468,305657,305685,311798,360243,360540,182125,205469,241134,241574,63,299,358754,359796,361240,361486,241958,265028,265145,266433,266742,266976,295448,303730,304469,304634,305443,311533,312417,45626,45898,49176,89119,205069,259667,566,45108,50084,90232,90464,100255,100318,100692,101011,101661,101717,101734,203883,204717,205563,205707,205841,240595,241310,265152,266066,266510,266971,305133,358583,360264,362556,364306,394970,120569,120755,120804,120898,120938,120985,143098,143375,143401,295779,312756,358355,358876,359790,364204,364217,100469,101158,101483,101737,119756,143059,145145,295777,295918,304553,305253,305305,305934,305949,312350,359463,360128,360226,361337,361632,363037,182967,204894,205036,205380,241205,259039,259134,259194,22,160,254,374,12317,358166,361963,259377,260870,266310,266500,305250,305652,358356,359780,361030,361445,49,45487,45775,47268,48474,48513,89725,100243,205653,265447,266528,295747,303741,304170,311817,360085,14292,45047,45870,48325,48485,49477,89615,100017,100302,100389,100503,100546,100548,100766,101062,119182,204914,205276,205456,240478,241359,265383,266185,266346,266381,266820,358782,360669,364847,395838,396795,120372,120427,120942,120961,120963,143237,143250,144330,295227,295255,295378,304221,358274,358997,362296,362412,363606,364155,364176,46268,46792,49699,89934,100840,100846,101456,120424,120558,143037,265714,303652,305322,305686,305852,311610,311853,311993,312219,312458,312635,312693,312753,359466,360031,360842,186277,203788,204106,204673,259274,202,271,390,457,590,707,723,891,12073,358180,361385,361750,361898,204844,259924,260418,260727,295313,303658,304453,304792,312395,312403,360068,363510,363526,12484,45571,90763,205669,240621,259404,14242,45445,45606,45634,48528,48553,100165,100465,101015,101397,101733,101854,101931,204141,205325,205666,241314,241553,259030,259179,260985,265194,265231,265959,266230,266795,358008,363746,396271,120375,120580,120685,120770,120835,143147,143441,203110,295385,312166,359560,362272,363423,363965,45780,45861,100624,100770,120297,143963,144015,144891,304698,304854,304936,305124,305278,311870,312310,312603,312676,359622,361251,363589,186318,204818,204910,205190,205255,241288,241393,31,60,84,167,187,269,323,348,434,532,533,933,358196,358515,359001,359861,361078,361847,205676,240795,241000,259683,265780,295292,303393,303820,361967,45470,45836,45947,48987,90054,205358,241070,259440,265890,266555,304725,311809,45147,45294,45387,45750,45888,48666,49163,49588,89591,90035,90119,90403,90422,100421,100489,100653,100704,100824,100915,101777,101933,203802,203996,204438,204836,204979,205162,205168,205727,241634,260871,265096,266426,266447,295115,359499,359870,360968,364089,394649,120488,120616,120773,120827,143052,143072,143138,358387,358999,362285,362445,364226,364232,101006,119336,304248,304901,305185,305297,305566,305579,311069,311205,311638,360267,182996,203670,204290,241051,259337,106,552,295357,358410,358629,359295,359345,359367,360124,361490,361576,361828,364051,240959,241927,259711,303661,303758,304380,305067,311662,312054,45429,45741,49338,89072,89151,89851,90702,202103,203754,204393,241976,266315,304680,305893,45076,45270,89158,89640,89823,89979,100057,100193,180175,180743,180858,181146,182132,182304,182599,186058,394315,394326,394386,394400,394466,394471,394473,394505,394572,394606,394608,394621,394628,394655,453880,453947,453972,455684,455770,465091,465221,465424,465865,472476,472774,89343,89400,89980,100122,100324,145629,180798,181449,181655,182073,182099,182196,186996,394325,394348,394391,394409,394561,394636,453934,454697,455059,455289,455381,455421,455559,455602,465182,465739,465783,465921,472256,45247,89792,144966,180380,182063,182475,182499,182918,186511,186852,394316,394403,394504,394538,394553,394569,394629,394675,453854,453968,453986,455082,455121,455130,455414,455712,465038,465085,465208,465367,465837,465850,465959,472173,472749,45352,45489,89517,89863,89931,100114,180995,181282,181929,182009,182023,182036,182406,182410,182671,186875,186894,186975,394322,394432,394438,394481,394605,394658,394687,453887,453931,453960,454895,454907,455575,465120,465149,465152,465157,465205,465441,472189,472635,89473,89638,89686,89841,100073,100155,100225,100284,145989,151662,180043,181298,181343,181422,182742,186795,394320,394356,394361,394362,394366,394568,394584,394652,394679,453876,454849,454922,455856,465141,465222,465494,465725,472678,472735,472875,45142,45393,89539,89541,89854,90516,180838,181278,181281,182608,186426,394329,394332,394407,394429,394439,394450,394477,394519,453847,453874,453997,455153,455231,455264,455346,455745,465263,465280,465609,465834,465915,472002,472454,89472,89499,89505,89627,100037,180821,181392,182336,182615,182865,394312,394334,394357,394444,394463,394540,394562,394585,394615,394620,394668,394685,453906,453923,453936,454967,455050,455090,455404,465102,465159,465845,465875,472128,472336,478748,45465,89483,89496,89733,100180,100371,100390,100544,180979,180981,181319,181418,181482,182573,182649,186768,394392,394483,394551,394571,394644,394674,453837,453881,454950,455022,455399,455582,455622,455772,465036,465056,465084,465097,465250,465407,465714,472024,472271,472664,12460,45433,45567,48141,48671,49407,49744,50695,90660,181543,186216,186384,202757,203777,204024,204544,204592,205079,205799,205961,241001,241390,241391,241732,45738,45842,46523,47548,90977,358872,359223,360249,360715,362059,362946,363511,364465,394521,394953,395029,395604,396656,396786,399772,399879,400263,400447,425463,425776,426649,452187,453088,454699,465918,472550,472606,45954,89766,89902,90841,101155,101184,101200,101238,101502,101562,101577,101591,101696,101700,101726,101729,101806,119503,120284,120706,144008,144161,186351,186428,186501,186787,186829,186834,186836,186877,186957,202064,202097,202382,202396,203609,203855,204030,204063,204226,204264,204436,205039,205135,205219,205308,205395,205712,33,279,393,522,734,781,796,14541,48328,50868,89170,90363,90934,100009,100043,100068,100117,100125,100134,100163,100168,100222,100230,100250,100724,101581,101948,101956,119192,181455,181680,181686,181800,181849,181852,181865,182004,182021,182208,182215,182255,182269,203000,203145,203217,203251,203260,203267,203272,203471,120004,120038,120056,120122,120144,120249,120271,180158,180369,180387,180424,180486,180511,181957,186631,186809,186835,186900,202692,260061,266420,303832,303925,304016,304363,304472,304628,304805,305968,311038,311246,311321,45312,90573,90640,100035,119873,119925,119933,12467,12900,14738,38078,38309,46076,46191,46288,49299,50415,50459,50472,50516,50519,50570,50588,89060,89082,89115,89124,89141,89161,89171,89187,89192,89211,89218,89267,89298,89299,89323,89328,89329,89519,89680,89696,89824,90040,90064,90152,90262,205049,205209,205611,205718,205747,205984,100278,100286,100294,100319,100337,100563,100596,100655,100657,100699,100731,100796,100797,100818,100859,100910,100916,101143,101313,101603,101609,101644,186747,204185,204339,204380,204469,204519,204624,204665,204674,204715,204788,204838,204855,240038,240102,240159,240240,240319,240421,240471,240586,240648,240754,240927,240963,241418,241589,266204,266215,266219,266260,266336,266969,266982,295055,13060,13212,13217,13226,13274,13315,205232,205314,205449,205728,205858,205874,205926,205957,304052,304106,304123,304124,304146,362240,362324,364022,364114,364165,364421,364664,394018,394947,395089,395372,396625,396638,399432,38986,45124,45416,45659,45805,48372,48523,48788,50722,90005,90107,90127,90170,240049,240064,240069,240157,240162,240179,240181,240198,240253,363513,363518,363537,363546,363555,363615,363619,363635,394646,396484,396749,396773,396980,399070,400033,400524,400532,400560,400577,426654,452005,452862,454073,186053,204518,204853,205498,205931,240009,240180,240220,259754,259805,260078,260157,260252,303216,303257,303290,303327,303337,303365,303369,303402,303413,303440,395376,395461,395589,395769,395820,395821,395826,395833,395939,395983,396067,396098,396132,396133,425021,425053,425134,425207,425248,425264,425381,425418,425630,12264,12324,12374,12929,12931,12956,14011,14727,47243,89086,89277,89589,89796,90642,100159,100204,100352,100440,145865,145880,145892,145911,145937,145969,145991,151001,151046,151054,151070,303870,303890,303896,303935,303963,303993,304024,311216,311281,311367,311391,311411,311431,311442,311447,311449,311464,513,13132,39874,45640,45793,45796,45853,48426,89039,90354,90444,90496,90820,100044,181516,186861,202650,203758,203936,204897,205145,205555,241183,241517,46617,48058,49173,90543,295828,360689,362917,394378,394772,394815,395496,396529,396930,396951,399128,399649,400093,400690,400914,425325,425810,425957,452503,89886,90136,100887,101017,101286,101298,101331,101437,101467,101714,101716,101745,101756,101792,120120,120237,143080,143331,143447,143610,186436,186444,186477,186494,186590,186734,186843,202099,202370,202386,202487,203659,204025,204136,204204,204298,204346,204721,205473,205606,205678,205685,205703,205760,205784,205898,298,324,332,377,396,708,740,850,12007,89159,90437,100039,100109,100190,100252,100410,101082,101474,101578,101995,119041,119118,119252,119256,181816,182045,182137,182221,182249,182271,182286,202887,203154,203234,203247,203279,203288,203295,203330,203385,203534,120220,120352,120363,144252,145319,180028,180133,180212,180223,180256,180295,180297,180375,180494,181427,181925,186486,186540,186653,186668,202285,202668,203924,205344,295343,303303,304011,304771,304799,304910,304956,304960,305149,311328,45244,89708,90632,100069,119844,119930,12912,45657,46136,46186,46202,46254,50449,50496,50500,50530,50552,50585,50618,50643,89098,89108,89132,89138,89172,89213,89241,89243,89266,89283,89306,89610,90143,90225,205178,205214,205291,205357,205398,205454,205463,205511,205661,205775,241057,100288,100363,100499,100502,100580,100633,100654,100765,100788,100814,100829,100834,100892,101139,101272,101620,204396,204699,204846,240004,240028,240056,240352,240477,240512,240655,240797,240858,240961,240993,266256,266261,266272,266400,266675,266683,266924,266970,12033,12087,12383,12480,12512,12612,12999,13143,13207,13267,13284,13326,205109,205367,205417,205566,205698,205941,295459,304051,304071,304073,304074,304090,304130,304202,304215,362204,362331,362370,364581,364618,394171,396354,399069,399106,399245,46170,48339,48340,48687,48702,48704,48885,49453,90044,90075,90122,90141,90145,240062,240068,240195,240244,240256,240301,240341,363522,363538,363552,363563,363594,363632,363639,396741,396839,399001,400031,400112,400259,400359,400453,400536,400572,426894,452023,452417,202041,202375,204006,204043,204143,204839,205655,240032,240050,240295,259595,259680,260079,260168,303211,303279,303298,303320,303333,303340,303354,303359,303362,303446,395745,396008,396102,396128,400767,425062,425085,425087,425223,425337,425401,425426,12300,12333,14413,14611,14684,89689,89885,89971,100186,100377,145833,145834,145887,145925,145944,145998,151005,151029,151058,303821,303864,303871,303889,303899,303936,303955,303977,303984,304003,304017,311228,311236,311245,311260,311276,311297,311301,311338,311353,311354,311378,311408,311414,39040,45374,45601,45650,45716,48589,48651,48817,49224,90349,90529,145281,181665,186247,202388,205203,205610,205620,205658,205699,241113,241124,241514,45151,46165,50447,50664,90862,311962,312996,358260,358441,358603,361186,361289,361785,362777,363262,400166,400345,400752,425590,472648,100620,101173,101572,101750,101785,101943,120962,186460,186567,186611,186918,202113,202392,202411,203544,203585,203617,203667,203708,203994,204095,204112,204120,204137,204146,204178,204251,204320,204333,204354,204928,205188,205268,205814,205865,65,91,227,620,628,716,728,870,887,952,959,90514,90773,100018,100059,100130,100166,100188,100217,100257,100777,100895,101679,101976,119135,119171,119233,181438,181636,181784,181811,181825,181842,181882,182206,182212,182216,182264,182279,182297,202806,203191,203228,203243,203305,203345,203347,203417,119966,120064,120168,120267,120291,120345,180100,180171,180207,180458,180487,181351,186041,186175,186230,186462,186730,202426,259708,295893,303750,304862,304928,311115,89346,89439,90562,90649,38147,38270,38397,38479,38644,38664,38692,38717,38831,38930,38945,46005,46117,46144,46229,46262,46271,50429,50487,50513,50528,50547,50551,50592,50609,50615,50667,89122,89140,89162,89169,89194,89203,89210,89274,89291,89573,89663,89759,90129,90165,90166,90194,205128,205136,205341,205342,205408,205481,205504,205593,205783,205792,205813,241031,100295,100336,100360,100392,100457,100494,100645,100711,100732,100743,100747,100781,101130,101172,101327,101328,101612,180194,204494,204649,205068,240045,240189,240199,240223,240473,240666,240680,240713,240896,266262,266328,266941,295110,12096,12325,12457,12833,13213,13243,13276,13280,13293,205754,205821,205827,205890,205989,304057,304069,304140,304163,304164,304174,304182,304198,304206,304230,358342,360215,360410,362162,362187,362230,362261,362365,364077,364326,364498,394335,394461,394536,394788,396289,396899,399302,48854,90003,90048,90182,90184,240079,240141,240149,240203,240206,240259,240276,240285,240326,363479,363489,363498,363515,363556,363561,363579,363587,363616,363648,396776,396814,396823,400129,400439,400520,400522,400601,400774,426150,426675,426778,426819,452078,452305,452908,452942,454164,455181,186862,204034,204059,204525,240137,240271,259513,259639,259679,259697,259792,259913,259945,260092,260120,260219,303232,303322,303341,303374,303375,303396,303397,303429,395552,395579,395582,395664,395713,395922,396034,396084,396100,396116,425093,425192,425272,425306,425459,906,12316,12343,12357,12420,12423,12922,12965,14085,14248,14677,14737,48491,49898,89332,89509,89867,100010,100127,100150,100485,145908,145952,145961,145985,151019,151034,151038,151096,151118,151129,303848,303851,303865,303918,303933,303944,303953,303983,303985,303989,303992,304000,304001,304002,304019,311210,311259,311277,311285,311309,311312,311314,311326,311389,311423,38002,45186,45574,45838,48336,48480,49029,49218,49608,49841,50433,89972,90099,90348,181810,204531,204791,205725,205943,205980,455,45153,45211,46510,49988,90837,90849,295804,358602,359482,360812,361124,363736,364201,364450,394885,395489,396990,399057,425678,425743,425844,452118,452824,465981,472559,101163,101292,101303,101516,101558,101791,119730,120097,120138,120329,120628,120743,144017,144147,186485,186535,186853,202384,202389,203560,203651,203776,203809,203826,203842,204035,204038,204121,204135,204145,204162,204179,204229,204253,204260,204263,204308,204317,204329,204672,204763,205694,205705,205719,205741,41,435,470,579,587,611,676,699,757,828,13959,39099,45132,90343,90420,90425,100135,100248,100670,101799,101951,119009,119251,181415,181646,181702,181743,181824,182013,182163,182180,182234,203071,203155,203245,203313,203329,203356,203489,203511,119972,120007,120021,120028,120040,120093,120166,120310,144334,145487,145579,180044,180166,180215,180420,180461,180479,180481,180519,202646,202823,259689,303869,303884,304197,311009,89026,89441,89890,90359,119841,119842,119880,119896,119900,38635,38984,45354,45653,46080,46145,46174,46182,47234,49323,50434,50454,50533,50554,50562,50571,50577,50600,50611,50635,89057,89186,89196,89238,89251,89254,89273,89313,89324,89331,89375,89427,89648,89651,89673,90007,90011,90037,90186,90234,205118,205185,205307,205406,205439,205529,205800,205846,205937,205987,100271,100281,100306,100322,100361,100370,100378,100621,100637,100646,100650,100662,100695,100723,100851,100855,100884,100900,101138,101228,101359,202316,204281,204313,204495,204682,204740,204829,240059,240074,240110,240158,240294,240865,241630,266308,266335,266361,266493,266987,266998,295092,295105,295125,12024,12137,12291,12315,12850,13036,13307,13323,205778,205785,205860,205866,205892,304035,304044,304056,304085,304093,304111,304125,304145,304213,304226,304236,358419,362127,362130,362226,362393,363894,364050,364083,364091,364104,364148,364206,364280,364359,364417,364601,364651,394587,394647,395025,399109,399215,399231,399325,45055,45286,45303,45499,48473,90023,240076,240122,240165,240182,240267,240302,240317,240350,363459,363504,363506,363530,363533,363535,363545,363580,363595,363598,363610,363623,396777,396818,399009,399845,400113,400248,400548,400567,400593,426668,454024,454924,454952,182313,204089,204151,204175,204550,204687,204861,240212,259611,259696,259910,259917,260110,260160,260177,260193,260236,260273,260275,303182,303207,303318,303348,303352,303380,303385,303437,303443,395556,395562,395793,395800,395916,396021,396031,396041,400807,425033,425055,425086,425140,425191,425289,425428,425469,425581,12256,12390,14562,14627,89557,89730,100093,100119,145826,145830,145939,145950,145964,145975,151066,151095,303817,303849,303913,304015,311317,311346,311384,311425,45105,45816,89212,89219,90452,151090,151926,186077,202860,204573,204589,204767,205152,205221,205324,241325,14390,39298,46027,49171,50845,89244,311857,358604,360025,360440,361042,364073,394465,395393,395857,396291,396514,396867,400018,425308,425339,425388,425670,426378,426816,453414,89576,100937,101281,101322,101545,101546,101574,101697,101709,101712,101803,119278,143119,143488,144025,144041,186469,186475,186903,202372,203568,203620,203683,203785,203818,203879,204029,204039,204161,204275,204342,204350,204496,204574,204756,204960,205687,205815,205817,205848,503,612,655,661,669,774,788,813,962,90370,90544,100008,100113,100132,100142,100147,100194,100195,100197,100213,100238,100265,100682,100928,101391,101393,101433,101747,101973,119176,181430,181674,181685,181843,182037,182119,182174,182205,182223,182273,202729,202986,203079,203219,203289,203303,203322,203486,120044,120059,120111,120156,120177,120204,120262,145886,145958,151240,180101,180257,180265,180339,180421,180442,180504,180535,180734,181963,181979,186349,202491,202755,205850,303267,303411,303563,304120,304845,304899,311001,311066,311270,45273,89334,90491,100340,119868,119946,119947,119951,38176,38593,46035,46038,46087,46100,46230,46243,46245,46261,50413,50431,50437,50451,50475,50503,50510,50520,50593,50674,89051,89052,89099,89117,89123,89143,89237,89290,89315,89590,89742,89806,90047,90053,90217,205284,205497,205608,205736,241064,100270,100393,100394,100572,100703,100802,100806,100830,101141,204370,204437,204503,204607,204797,240002,240058,240082,240087,240089,240362,240398,240706,240707,240758,240775,240788,240873,266237,266369,266371,266575,266592,266957,266981,295088,295109,295123,12611,13210,13214,13232,13241,13252,13281,205420,205689,205769,205885,205977,295342,304075,304121,304136,304155,304158,304162,304172,304204,304209,311538,311625,358618,362146,362283,363299,364084,364288,364310,364539,364563,394132,394478,396499,396910,396981,399052,38978,45157,45456,48592,49575,90031,90081,90089,90135,90172,240057,240061,240084,240085,240086,240092,240145,240166,240225,240236,240260,240277,312874,363578,363586,363602,396748,396993,400489,400506,400514,400530,400553,400594,426218,426715,426754,426803,426860,426951,452192,452232,452429,452454,452716,454085,454886,202560,202851,203958,204118,204272,205092,205436,240026,240172,240197,240353,240389,259831,259879,259904,260136,260153,303249,303273,303314,303347,303364,303372,303388,303405,303407,303444,395603,395743,395762,395971,395973,396012,396025,396117,396136,400823,425044,425076,425240,425247,425315,425442,425466,425597,425621,12243,12341,12398,12415,12510,12548,12744,12920,14022,14512,14693,14711,14720,89470,89566,89664,89860,100240,100279,100409,145847,145942,145956,145967,145978,151014,303819,303894,303959,303998,304018,304026,311305,311339,311370,311376,311395,311436,45049,45159,45427,45747,45758,47764,47796,48409,48715,89437,180868,181846,182878,186037,186260,202136,202681,203025,203628,204017,204967,205244,205738,205929,205968,241158,241400,45138,48164,49418,49827,90493,90911,205716,312438,361877,364464,394408,395033,395295,396437,396870,400535,400805,425422,425610,425718,425954,426137,426858,426994,453027,472465,89154,89174,89333,89432,90759,100273,101189,101192,101338,101668,101736,119430,119741,119912,120030,120358,120540,120758,143372,186020,186149,186526,186559,186812,202134,202289,202346,202376,203601,203642,203700,203760,203833,204189,204202,204267,204551,204764,205137,205266,205299,205622,34,75,238,313,373,402,479,603,749,38093,39156,45131,48917,90347,90569,90615,90695,90995,100002,100086,100224,100262,100412,100453,101410,101511,119032,119242,181688,181832,181873,181890,182167,182238,182263,203229,203253,203320,203346,203361,203370,203387,203434,203443,119988,120057,120095,120125,120189,120208,120232,120257,120281,120303,120351,143857,145469,180108,180245,180261,180304,180397,180412,180453,180462,180484,180552,202737,303302,303435,303981,304480,304977,311068,311165,45230,45325,89366,89392,89401,89602,89797,89938,100348,119921,119954,14427,38532,38684,38733,38742,38927,45327,46012,46094,46154,50446,50492,50574,50578,50599,50602,50619,89069,89076,89091,89101,89185,89193,89220,89221,89234,89235,89245,89307,89308,89553,90130,90199,90201,205143,205148,205170,205538,205556,205743,205806,205829,205837,205893,100289,100303,100311,100353,100404,100613,100691,100739,100755,100863,101135,101151,101220,101369,186376,204288,204658,240008,240023,240041,240435,240459,240500,240533,240574,240764,240773,240776,266209,266222,266223,266229,266249,266279,266306,266659,266724,266794,266946,266953,266965,266994,295113,12185,12284,12342,12349,12365,13202,13245,13289,13337,205844,205940,304040,304076,304079,304108,304168,304186,304189,304222,304223,304241,362121,362179,362245,362348,362368,362402,364097,364158,364643,364647,394530,394828,395653,395862,399278,47758,48609,48902,50632,90014,90093,90105,240116,240140,240219,240261,240337,240342,361363,362689,363496,363499,363500,363517,363536,363541,363543,363554,363559,363574,363583,363596,363611,363636,363643,364889,396672,396790,396831,399093,400079,400177,400229,400481,400519,400617,426084,426787,452587,454738,202807,204126,204184,204200,205038,240015,240104,240213,240312,240336,259721,259737,259825,259828,259838,260031,260038,260052,260093,260141,260211,260229,260234,260267,303277,303317,303323,303331,303345,303373,303395,395555,395837,395958,395989,396047,396115,400740,425118,425125,425150,425217,425231,425443,425450,425548,425614,425643,12272,12298,12382,12642,12834,12955,14331,14422,14595,14661,46273,89287,89451,89612,89719,89737,89749,90133,100070,100110,100432,100477,145836,145840,145855,145856,145871,145896,145901,145903,145933,145934,151021,151071,151076,303815,303823,303824,303881,303898,303928,303975,303991,303996,304027,311244,311275,311331,311350,311373,311397,311401,311427,45097,45531,49054,49301,49848,90357,151713,181888,202493,203646,203791,203866,204203,204945,205236,205355,205369,205795,205836,241136,241212,241590,241689,13539,39770,48321,90775,295705,358192,358213,359274,361803,362753,362780,362994,364247,394507,394743,394955,395587,400586,426464,465511,48932,89205,90932,90976,100984,101156,101160,101176,101193,101206,101379,101426,101550,101555,101579,101732,101758,119410,120063,120467,120489,120995,143065,143356,143471,143479,182968,186029,186034,186375,186602,186845,186886,186911,202082,202390,202393,202400,202494,203626,203650,203751,203768,203792,204055,204284,204322,204349,204465,204812,205462,205798,205869,205882,205908,17,349,356,486,495,653,700,803,922,12960,100027,100049,100137,100151,100200,100236,100245,100582,100736,101177,101205,119036,119259,181808,181835,181841,182214,182228,203199,203212,203262,203401,203442,203451,203519,120130,120240,120280,120349,144149,180077,180093,180240,180273,180333,180476,180478,186289,202110,202511,259092,265673,303534,304243,304396,304739,304788,89430,90532,90683,90951,119839,119937,38392,38638,38691,45041,46011,46039,46158,46199,46211,46248,50444,50495,50536,50544,50594,50605,50634,50650,89062,89074,89092,89114,89155,89228,89233,89278,89288,89318,89335,89347,89502,90257,205194,205220,205397,205470,205636,205767,205823,205861,205919,100277,100293,100310,100401,100559,100576,100584,100629,100690,100756,100789,100813,100854,100875,101246,101687,204427,204478,204526,204630,204632,204641,204731,204762,204765,204773,204862,204985,205853,240142,240278,240641,240678,240857,241174,241401,241747,241779,266228,266273,266290,266320,266343,266636,266677,266750,295129,12579,13220,13223,13286,13290,13330,205531,205916,304033,304036,304049,304065,304089,304092,304096,304101,304177,362688,364002,364047,364088,364132,364231,364239,364304,364346,364367,394437,394495,394560,394826,395340,396476,399017,399272,399284,399286,399316,48306,48534,49476,49888,90039,90052,90091,90098,90162,90175,90193,240073,240081,240091,240138,240163,240174,240178,240292,240321,241073,363547,363553,363560,363569,363588,363629,396735,396793,400141,400152,400221,400407,400408,400570,400587,426718,426812,426871,426934,452357,454089,454927,186059,204159,204192,204535,240067,259557,259652,259688,259855,259872,259920,259961,260018,260076,260135,260174,260185,260256,260277,303208,303280,303304,303324,303338,303351,303361,303387,303399,303416,395479,395631,395719,395733,395817,395851,395919,395976,396121,396123,396137,425014,425061,425069,425243,425326,425409,425416,12591,12924,14142,14339,14471,14579,14620,48753,49360,89094,89320,89369,89670,89697,89743,89993,100175,100423,100425,145863,151010,151018,151025,151055,151112,151119,151121,303850,303853,303895,303901,303916,303960,303976,304010,311220,311288,311296,311298,311302,311329,311337,311343,311422,311430,13010,45287,45362,45641,47677,182457,202145,203536,204115,204759,204857,204958,205330,241107,241112,241307,47214,48956,49539,50486,89030,295426,312856,358146,358444,358559,359524,359774,362737,362747,363402,394188,395079,395245,395478,395759,396947,399066,399125,400058,400409,400655,400976,425181,425750,89698,89939,90816,101182,101245,101396,101553,101582,101632,101689,101721,101794,101804,120874,143562,186518,186870,186941,186973,186981,202142,202330,202407,202451,203801,204079,204172,204235,204314,204363,204420,204549,204781,204946,205774,205776,205801,205809,205907,291,365,388,512,539,644,90487,90499,90740,90906,100077,100154,100181,100207,100211,100231,100253,100254,100444,100543,100968,100987,101651,101720,101950,119217,181801,181883,182054,182148,182184,182222,203074,203202,203236,203254,203258,203321,203336,203353,203377,203409,203427,203527,119967,119992,120180,120195,120250,120360,151280,180076,180117,180125,180141,180159,180192,180520,182006,186046,186940,202291,202358,202373,202399,303093,303193,303427,303550,303579,304144,304293,304408,304514,311007,311167,311247,48923,89425,90706,90910,100126,100185,100405,12583,38308,38977,45310,46031,46240,46274,50421,50425,50456,50512,50561,50590,50595,50625,50656,50672,50683,89125,89164,89217,89265,89271,89272,89282,89339,90021,90057,205041,205350,205455,205489,205513,205522,205536,241039,14069,100512,100555,100641,100658,100666,100673,100678,100698,100714,100772,100773,100837,100838,100843,101136,101530,101598,202581,203869,204026,204462,204510,204690,204706,240070,240155,240168,240237,240239,240325,240608,240658,240733,241652,241761,241771,266238,266295,266365,266366,266616,266772,295072,295126,12063,12616,13206,13215,13248,13263,13265,13273,13282,13291,13298,13301,13324,13338,205139,205249,205376,205384,205524,205883,304077,304080,304091,304109,304151,304161,304185,304203,358125,358202,358237,361840,362220,362329,362340,364100,364140,364222,364263,364501,364660,394045,396888,396940,399004,399273,399437,48486,49871,90027,90045,90069,240051,240075,240125,240222,240284,240300,240309,240318,240333,240334,363514,363520,363529,363577,363591,363597,363604,363612,363620,363627,363645,396754,396757,396856,399118,400120,400275,400341,400440,400470,400512,400515,400546,400588,426666,426700,426957,452478,452632,452740,454041,454861,204134,204428,205590,240034,240065,240230,240238,240254,240279,240381,240382,259529,259570,259627,259729,259778,259954,260215,260260,303265,303315,303335,303358,303403,303414,303445,395620,395760,395858,395896,395942,396061,396141,400929,425004,425110,425126,425190,425216,425305,425329,425506,425540,425573,12431,12439,12458,12561,12890,12947,14454,14487,14495,14570,14643,14703,47136,89053,89133,89410,89582,89738,89746,89929,100387,145921,145928,151020,151079,151111,303808,303814,303831,303844,303873,303958,303969,304008,304023,311218,311234,311269,311300,311330,311355,311388,311393,311419,311472]}],"qhash":"bb3e13cbd510155ff231040d9b5422c9","run":[{"run_number":1}]}
]

 error: 
 retcode : 0
DEBUG 2025-03-23 16:11:32.632 UTC: 	 Executing command :
 dasgoclient --query 'summary dataset=/DYto2Mu-4Jets_Bin-MLL-50_TuneCP5_13p6TeV_madgraphMLM-pythia8/amalhotr-DYto2Mu4Jets_Unpacker_Large-49feb6938084587a06052f9676570a55/USER instance=prod/phys03' --json
DEBUG 2025-03-23 16:11:33.155 UTC: 	 output : [
{"das":{"expire":1742746293,"instance":"prod/phys03","primary_key":"summary","record":1,"services":["dbs3:summary4dataset_run"]},"qhash":"aa3822e316136299a996109d38e35e17","summary":[{"file_size":165477243475,"max_ldate":1742719473,"median_cdate":1742717673,"median_ldate":1742717673,"nblocks":3,"nevents":3202835,"nfiles":21,"nlumis":4520,"num_block":3,"num_event":3202835,"num_file":21,"num_lumi":4520}]}
]

 error: 
 retcode : 0
INFO 2025-03-23 16:11:33.194 UTC: 	 Will save lumi files into output directory /afs/cern.ch/user/a/amalhotr/CMSSW_14_0_18_patch1/src/Run3ScoutingAnalysisTools/crab_DYto2Mu4Jets_Unpacker_Large/results
INFO 2025-03-23 16:11:33.195 UTC: 	 Summary from successful jobs (i.e. in status 'finished'):
INFO 2025-03-23 16:11:33.195 UTC: 	   Number of files processed: 75
  Number of events read: 3202835
  Number of events written in EDM files: 3202835
  Number of events written in TFileService files: 0
  Number of events written in other type of files: 0
INFO 2025-03-23 16:11:33.202 UTC: 	   Processed lumis written to processedLumis.json
INFO 2025-03-23 16:11:33.207 UTC: 	 Summary from output datasets in DBS:
INFO 2025-03-23 16:11:33.207 UTC: 	   Number of events:
    /DYto2Mu-4Jets_Bin-MLL-50_TuneCP5_13p6TeV_madgraphMLM-pythia8/amalhotr-DYto2Mu4Jets_Unpacker_Large-49feb6938084587a06052f9676570a55/USER: 3202835
INFO 2025-03-23 16:11:33.216 UTC: 	   Output datasets lumis written to outputDatasetsLumis.json
INFO 2025-03-23 16:11:33.221 UTC: 	   Files to process written to filesToProcess.json
INFO 2025-03-23 16:11:33.224 UTC: 	   Files processed by successful jobs written to processedFiles.json
INFO 2025-03-23 16:11:33.230 UTC: 	 Log file is /afs/cern.ch/user/a/amalhotr/CMSSW_14_0_18_patch1/src/Run3ScoutingAnalysisTools/crab_DYto2Mu4Jets_Unpacker_Large/crab.log
DEBUG 2025-03-23 16:24:40.073 UTC: 	 CRAB Client version: v3.250318
DEBUG 2025-03-23 16:24:40.073 UTC: 	 Running on: Linux lxplus940.cern.ch 5.14.0-503.22.1.el9_5.x86_64 #1 SMP PREEMPT_DYNAMIC Wed Jan 15 08:02:15 EST 2025 x86_64 x86_64 x86_64 GNU/Linux
DEBUG 2025-03-23 16:24:40.074 UTC: 	 Not using Singularity
DEBUG 2025-03-23 16:24:40.074 UTC: 	 Operating System: Red Hat Enterprise Linux 9.5 (Plow)
DEBUG 2025-03-23 16:24:40.074 UTC: 	 Executing command: 'report'
DEBUG 2025-03-23 16:24:40.074 UTC: 	 Found CRAB cache file /afs/cern.ch/user/a/amalhotr/.crab3
DEBUG 2025-03-23 16:24:40.078 UTC: 	 Checking credentials
DEBUG 2025-03-23 16:24:40.078 UTC: 	 Found proxy file /tmp/x509up_u180451
DEBUG 2025-03-23 16:24:40.078 UTC: 	 Making sure it has proper VOMS extension
DEBUG 2025-03-23 16:24:40.078 UTC: 	 Executing command :
 voms-proxy-info --vo --file /tmp/x509up_u180451
DEBUG 2025-03-23 16:24:40.452 UTC: 	 output : cms

 error: 
 retcode : 0
DEBUG 2025-03-23 16:24:40.452 UTC: 	 Getting proxy life time left
DEBUG 2025-03-23 16:24:40.452 UTC: 	 Executing command :
 voms-proxy-info --actimeleft --timeleft --file /tmp/x509up_u180451
DEBUG 2025-03-23 16:24:40.825 UTC: 	 output : 655307
655307

 error: 
 retcode : 0
DEBUG 2025-03-23 16:24:40.825 UTC: 	 Proxy valid for 182:01:47 hours
DEBUG 2025-03-23 16:24:40.825 UTC: 	 Encoded data for curl request: subresource=delegatedn
DEBUG 2025-03-23 16:24:40.871 UTC: 	 Registering user credentials on myproxy for /DC=ch/DC=cern/OU=computers/CN=crab-(preprod|prod)-tw(01|02).cern.ch|/DC=ch/DC=cern/OU=computers/CN=crab-dev-tw(01|02|03|04).cern.ch|/DC=ch/DC=cern/OU=Organic Units/OU=Users/CN=cmscrab/CN=(817881|373708)/CN=Robot: cms crab|/DC=ch/DC=cern/OU=Organic Units/OU=Users/CN=crabint1/CN=373708/CN=Robot: CMS CRAB Integration 1
DEBUG 2025-03-23 16:24:40.871 UTC: 	 Executing command :
 voms-proxy-info --identity --file /tmp/x509up_u180451
DEBUG 2025-03-23 16:24:41.267 UTC: 	 output : /DC=ch/DC=cern/OU=Organic Units/OU=Users/CN=amalhotr/CN=884837/CN=Aryan Malhotra

 error: 
 retcode : 0
DEBUG 2025-03-23 16:24:41.267 UTC: 	 Getting myproxy life time left for 2382a3cf28fdeacb1de9b039908761ea517a5ed6
DEBUG 2025-03-23 16:24:41.267 UTC: 	 Executing command :
 myproxy-info -s myproxy.cern.ch -l 2382a3cf28fdeacb1de9b039908761ea517a5ed6
DEBUG 2025-03-23 16:24:41.529 UTC: 	 output : username: 2382a3cf28fdeacb1de9b039908761ea517a5ed6
owner: /DC=ch/DC=cern/OU=Organic Units/OU=Users/CN=amalhotr/CN=884837/CN=Aryan Malhotra
  renewal policy: /DC=ch/DC=cern/OU=computers/CN=crab-(preprod|prod)-tw(01|02).cern.ch|/DC=ch/DC=cern/OU=computers/CN=crab-dev-tw(01|02|03|04).cern.ch|/DC=ch/DC=cern/OU=Organic Units/OU=Users/CN=cmscrab/CN=(817881|373708)/CN=Robot: cms crab|/DC=ch/DC=cern/OU=Organic Units/OU=Users/CN=crabint1/CN=373708/CN=Robot: CMS CRAB Integration 1
  trusted retrieval policy: /DC=ch/DC=cern/OU=computers/CN=crab-(preprod|prod)-tw(01|02).cern.ch|/DC=ch/DC=cern/OU=computers/CN=crab-dev-tw(01|02|03|04).cern.ch|/DC=ch/DC=cern/OU=Organic Units/OU=Users/CN=cmscrab/CN=(817881|373708)/CN=Robot: cms crab|/DC=ch/DC=cern/OU=Organic Units/OU=Users/CN=crabint1/CN=373708/CN=Robot: CMS CRAB Integration 1
  timeleft: 611:55:37  (25.5 days)

 error: 
 retcode : 0
DEBUG 2025-03-23 16:24:41.529 UTC: 	 Myproxy is valid: 2202900
DEBUG 2025-03-23 16:24:41.529 UTC: 	 Result of myproxy credential check:
  Credential exists on myproxy: username: 2382a3cf28fdeacb1de9b039908761ea517a5ed6  - validity: 25 days, 11:55:00
DEBUG 2025-03-23 16:24:41.530 UTC: 	 Command use: report
DEBUG 2025-03-23 16:24:41.530 UTC: 	 Options use: ['-d', './crab_DYto2Mu4Jets_Unpacker_Large']
DEBUG 2025-03-23 16:24:41.530 UTC: 	 Encoded data for curl request: subresource=version
DEBUG 2025-03-23 16:24:41.570 UTC: 	 CRABClient version: v3.250318
DEBUG 2025-03-23 16:24:41.570 UTC: 	 Instance is prod
DEBUG 2025-03-23 16:24:41.570 UTC: 	 Server base url is cmsweb.cern.ch
DEBUG 2025-03-23 16:24:41.570 UTC: 	 Command api workflow
DEBUG 2025-03-23 16:24:41.570 UTC: 	 Looking up report for task 250323_060454:amalhotr_crab_DYto2Mu4Jets_Unpacker_Large
DEBUG 2025-03-23 16:24:41.570 UTC: 	 Encoded data for curl request: workflow=250323_060454%3Aamalhotr_crab_DYto2Mu4Jets_Unpacker_Large&subresource=report2
DEBUG 2025-03-23 16:24:42.483 UTC: 	 Result: {'result': [{'taskDBInfo': {'userWebDirURL': 'http://vocms0198.cern.ch/mon/amalhotr/250323_060454:amalhotr_crab_DYto2Mu4Jets_Unpacker_Large', 'inputDataset': '/DYto2Mu-4Jets_Bin-MLL-50_TuneCP5_13p6TeV_madgraphMLM-pythia8/RunIII2024Summer24MiniAOD-140X_mcRun3_2024_realistic_v26-v2/MINIAODSIM', 'outputDatasets': ['/DYto2Mu-4Jets_Bin-MLL-50_TuneCP5_13p6TeV_madgraphMLM-pythia8/amalhotr-DYto2Mu4Jets_Unpacker_Large-49feb6938084587a06052f9676570a55/USER'], 'publication': True}, 'runsAndLumis': {'4': [{'parents': "['/store/mc/RunIII2024Summer24MiniAOD/DYto2Mu-4Jets_Bin-MLL-50_TuneCP5_13p6TeV_madgraphMLM-pythia8/MINIAODSIM/140X_mcRun3_2024_realistic_v26-v2/110000/0c940d17-29c1-44a0-914c-c9761266eac5.root', '/store/mc/RunIII2024Summer24MiniAOD/DYto2Mu-4Jets_Bin-MLL-50_TuneCP5_13p6TeV_madgraphMLM-pythia8/MINIAODSIM/140X_mcRun3_2024_realistic_v26-v2/110000/11bd9e87-c80a-49f0-833c-b935699e1434.root', '/store/mc/RunIII2024Summer24MiniAOD/DYto2Mu-4Jets_Bin-MLL-50_TuneCP5_13p6TeV_madgraphMLM-pythia8/MINIAODSIM/140X_mcRun3_2024_realistic_v26-v2/110000/13aed0aa-ac46-4e47-aba9-f9e65ae9cbfd.root', '/store/mc/RunIII2024Summer24MiniAOD/DYto2Mu-4Jets_Bin-MLL-50_TuneCP5_13p6TeV_madgraphMLM-pythia8/MINIAODSIM/140X_mcRun3_2024_realistic_v26-v2/110000/13b3a9b2-2312-4479-b808-89fdc0a27bfa.root', '/store/mc/RunIII2024Summer24MiniAOD/DYto2Mu-4Jets_Bin-MLL-50_TuneCP5_13p6TeV_madgraphMLM-pythia8/MINIAODSIM/140X_mcRun3_2024_realistic_v26-v2/110000/14fd7213-211c-4d6d-a48b-e14ee196f1f4.root']", 'runlumi': "{'1': {'45076': '721', '45142': '676', '45247': '659', '45270': '713', '45352': '737', '45393': '670', '45465': '684', '45489': '729', '89158': '704', '89343': '749', '89400': '678', '89472': '706', '89473': '679', '89483': '688', '89496': '680', '89499': '712', '89505': '697', '89517': '681', '89539': '717', '89541': '689', '89627': '726', '89638': '673', '89640': '702', '89686': '706', '89733': '691', '89792': '680', '89823': '737', '89841': '743', '89854': '752', '89863': '702', '89931': '707', '89979': '732', '89980': '705', '90516': '726', '100037': '740', '100057': '687', '100073': '684', '100114': '690', '100122': '717', '100155': '710', '100180': '690', '100193': '666', '100225': '719', '100284': '701', '100324': '711', '100371': '714', '100390': '678', '100544': '722', '144966': '764', '145629': '711', '145989': '700', '151662': '682', '180043': '711', '180175': '734', '180380': '705', '180743': '762', '180798': '731', '180821': '727', '180838': '776', '180858': '715', '180979': '748', '180981': '730', '180995': '724', '181146': '699', '181278': '715', '181281': '659', '181282': '723', '181298': '715', '181319': '707', '181343': '715', '181392': '725', '181418': '715', '181422': '717', '181449': '704', '181482': '733', '181655': '651', '181929': '689', '182009': '701', '182023': '735', '182036': '710', '182063': '689', '182073': '740', '182099': '725', '182132': '709', '182196': '742', '182304': '669', '182336': '709', '182406': '720', '182410': '673', '182475': '724', '182499': '739', '182573': '746', '182599': '713', '182608': '709', '182615': '691', '182649': '712', '182671': '724', '182742': '687', '182865': '676', '182918': '718', '186058': '689', '186426': '726', '186511': '689', '186768': '677', '186795': '716', '186852': '744', '186875': '678', '186894': '680', '186975': '712', '186996': '659', '394312': '704', '394315': '668', '394316': '721', '394320': '664', '394322': '667', '394325': '723', '394326': '745', '394329': '686', '394332': '681', '394334': '725', '394348': '724', '394356': '699', '394357': '688', '394361': '721', '394362': '730', '394366': '725', '394386': '715', '394391': '747', '394392': '757', '394400': '698', '394403': '753', '394407': '677', '394409': '723', '394429': '723', '394432': '687', '394438': '681', '394439': '710', '394444': '725', '394450': '721', '394463': '677', '394466': '716', '394471': '701', '394473': '684', '394477': '707', '394481': '676', '394483': '715', '394504': '708', '394505': '693', '394519': '738', '394538': '711', '394540': '723', '394551': '700', '394553': '671', '394561': '708', '394562': '697', '394568': '696', '394569': '737', '394571': '710', '394572': '728', '394584': '669', '394585': '697', '394605': '658', '394606': '730', '394608': '770', '394615': '727', '394620': '681', '394621': '678', '394628': '697', '394629': '660', '394636': '725', '394644': '701', '394652': '706', '394655': '713', '394658': '723', '394668': '688', '394674': '696', '394675': '735', '394679': '722', '394685': '701', '394687': '719', '453837': '702', '453847': '702', '453854': '687', '453874': '702', '453876': '692', '453880': '695', '453881': '707', '453887': '728', '453906': '665', '453923': '692', '453931': '768', '453934': '699', '453936': '680', '453947': '704', '453960': '684', '453968': '728', '453972': '714', '453986': '694', '453997': '711', '454697': '714', '454849': '706', '454895': '689', '454907': '712', '454922': '709', '454950': '725', '454967': '755', '455022': '778', '455050': '726', '455059': '716', '455082': '706', '455090': '727', '455121': '746', '455130': '754', '455153': '728', '455231': '710', '455264': '757', '455289': '774', '455346': '717', '455381': '722', '455399': '686', '455404': '740', '455414': '733', '455421': '726', '455559': '688', '455575': '693', '455582': '701', '455602': '749', '455622': '715', '455684': '724', '455712': '708', '455745': '742', '455770': '714', '455772': '735', '455856': '771', '465036': '710', '465038': '730', '465056': '692', '465084': '705', '465085': '686', '465091': '751', '465097': '718', '465102': '686', '465120': '674', '465141': '702', '465149': '708', '465152': '708', '465157': '698', '465159': '672', '465182': '684', '465205': '772', '465208': '733', '465221': '737', '465222': '713', '465250': '720', '465263': '670', '465280': '655', '465367': '733', '465407': '686', '465424': '685', '465441': '728', '465494': '698', '465609': '718', '465714': '717', '465725': '712', '465739': '714', '465783': '663', '465834': '705', '465837': '726', '465845': '669', '465850': '650', '465865': '666', '465875': '718', '465915': '688', '465921': '665', '465959': '689', '472002': '745', '472024': '684', '472128': '701', '472173': '690', '472189': '716', '472256': '721', '472271': '715', '472336': '725', '472454': '706', '472476': '724', '472635': '721', '472664': '694', '472678': '669', '472735': '721', '472749': '716', '472774': '698', '472875': '683', '478748': '675'}}", 'events': 207586, 'type': 'EDM', 'lfn': '/store/user/amalhotr/DYto2Mu-4Jets_Bin-MLL-50_TuneCP5_13p6TeV_madgraphMLM-pythia8/DYto2Mu4Jets_Unpacker_Large/250323_060454/0000/HLTUnpackerOutputLarge_4.root'}, {'parents': '[]', 'runlumi': "{'1': {'45076': 'None', '45142': 'None', '45247': 'None', '45270': 'None', '45352': 'None', '45393': 'None', '45465': 'None', '45489': 'None', '89343': 'None', '89400': 'None', '89472': 'None', '89473': 'None', '89483': 'None', '89496': 'None', '89499': 'None', '89505': 'None', '89517': 'None', '89539': 'None', '89541': 'None', '89627': 'None', '89638': 'None', '89640': 'None', '89686': 'None', '89733': 'None', '89792': 'None', '89823': 'None', '89841': 'None', '89854': 'None', '89863': 'None', '89931': 'None', '89979': 'None', '89980': 'None', '90516': 'None', '100037': 'None', '100057': 'None', '100073': 'None', '100114': 'None', '100122': 'None', '100155': 'None', '100180': 'None', '100193': 'None', '100225': 'None', '100284': 'None', '100324': 'None', '100371': 'None', '100390': 'None', '100544': 'None'}}", 'events': 33076, 'type': 'POOLIN', 'lfn': '/store/mc/RunIII2024Summer24MiniAOD/DYto2Mu-4Jets_Bin-MLL-50_TuneCP5_13p6TeV_madgraphMLM-pythia8/MINIAODSIM/140X_mcRun3_2024_realistic_v26-v2/110000/14fd7213-211c-4d6d-a48b-e14ee196f1f4.root_4'}, {'parents': '[]', 'runlumi': "{'1': {'394312': 'None', '394315': 'None', '394316': 'None', '394320': 'None', '394322': 'None', '394325': 'None', '394326': 'None', '394329': 'None', '394332': 'None', '394334': 'None', '394348': 'None', '394356': 'None', '394357': 'None', '394361': 'None', '394362': 'None', '394366': 'None', '394386': 'None', '394391': 'None', '394392': 'None', '394400': 'None', '394403': 'None', '394407': 'None', '394409': 'None', '394429': 'None', '394432': 'None', '394438': 'None', '394439': 'None', '394444': 'None', '394450': 'None', '394463': 'None', '394466': 'None', '394471': 'None', '394473': 'None', '394477': 'None', '394481': 'None', '394483': 'None', '394504': 'None', '394505': 'None', '394519': 'None', '394538': 'None', '394540': 'None', '394551': 'None', '394553': 'None', '394561': 'None', '394562': 'None', '394568': 'None', '394569': 'None', '394571': 'None', '394572': 'None', '394584': 'None', '394585': 'None', '394605': 'None', '394606': 'None', '394608': 'None', '394615': 'None', '394620': 'None', '394621': 'None', '394628': 'None', '394629': 'None', '394636': 'None', '394644': 'None', '394652': 'None', '394655': 'None', '394658': 'None', '394668': 'None', '394674': 'None', '394675': 'None', '394679': 'None', '394685': 'None', '394687': 'None'}}", 'events': 49480, 'type': 'POOLIN', 'lfn': '/store/mc/RunIII2024Summer24MiniAOD/DYto2Mu-4Jets_Bin-MLL-50_TuneCP5_13p6TeV_madgraphMLM-pythia8/MINIAODSIM/140X_mcRun3_2024_realistic_v26-v2/110000/13b3a9b2-2312-4479-b808-89fdc0a27bfa.root_4'}, {'parents': '[]', 'runlumi': "{'1': {'465208': 'None', '465221': 'None', '465222': 'None', '465250': 'None', '465263': 'None', '465280': 'None', '465367': 'None', '465407': 'None', '465424': 'None', '465441': 'None', '465494': 'None', '465609': 'None', '465714': 'None', '465725': 'None', '465739': 'None', '465783': 'None', '465834': 'None', '465837': 'None', '465845': 'None', '465850': 'None', '465865': 'None', '465875': 'None', '465915': 'None', '465921': 'None', '465959': 'None', '472002': 'None', '472024': 'None', '472128': 'None', '472173': 'None', '472189': 'None', '472256': 'None', '472271': 'None', '472336': 'None', '472454': 'None', '472476': 'None', '472635': 'None', '472664': 'None', '472678': 'None', '472735': 'None', '472749': 'None', '472774': 'None', '472875': 'None', '478748': 'None'}}", 'events': 30162, 'type': 'POOLIN', 'lfn': '/store/mc/RunIII2024Summer24MiniAOD/DYto2Mu-4Jets_Bin-MLL-50_TuneCP5_13p6TeV_madgraphMLM-pythia8/MINIAODSIM/140X_mcRun3_2024_realistic_v26-v2/110000/13aed0aa-ac46-4e47-aba9-f9e65ae9cbfd.root_4'}, {'parents': '[]', 'runlumi': "{'1': {'453837': 'None', '453847': 'None', '453854': 'None', '453874': 'None', '453876': 'None', '453880': 'None', '453881': 'None', '453887': 'None', '453906': 'None', '453923': 'None', '453931': 'None', '453934': 'None', '453936': 'None', '453947': 'None', '453960': 'None', '453968': 'None', '453972': 'None', '453986': 'None', '453997': 'None', '454697': 'None', '454849': 'None', '454895': 'None', '454907': 'None', '454922': 'None', '454950': 'None', '454967': 'None', '455022': 'None', '455050': 'None', '455059': 'None', '455082': 'None', '455090': 'None', '455121': 'None', '455130': 'None', '455153': 'None', '455231': 'None', '455264': 'None', '455289': 'None', '455346': 'None', '455381': 'None', '455399': 'None', '455404': 'None', '455414': 'None', '455421': 'None', '455559': 'None', '455575': 'None', '455582': 'None', '455602': 'None', '455622': 'None', '455684': 'None', '455712': 'None', '455745': 'None', '455770': 'None', '455772': 'None', '455856': 'None', '465036': 'None', '465038': 'None', '465056': 'None', '465084': 'None', '465085': 'None', '465091': 'None', '465097': 'None', '465102': 'None', '465120': 'None', '465141': 'None', '465149': 'None', '465152': 'None', '465157': 'None', '465159': 'None', '465182': 'None', '465205': 'None'}}", 'events': 50046, 'type': 'POOLIN', 'lfn': '/store/mc/RunIII2024Summer24MiniAOD/DYto2Mu-4Jets_Bin-MLL-50_TuneCP5_13p6TeV_madgraphMLM-pythia8/MINIAODSIM/140X_mcRun3_2024_realistic_v26-v2/110000/11bd9e87-c80a-49f0-833c-b935699e1434.root_4'}, {'parents': '[]', 'runlumi': "{'1': {'89158': 'None', '144966': 'None', '145629': 'None', '145989': 'None', '151662': 'None', '180043': 'None', '180175': 'None', '180380': 'None', '180743': 'None', '180798': 'None', '180821': 'None', '180838': 'None', '180858': 'None', '180979': 'None', '180981': 'None', '180995': 'None', '181146': 'None', '181278': 'None', '181281': 'None', '181282': 'None', '181298': 'None', '181319': 'None', '181343': 'None', '181392': 'None', '181418': 'None', '181422': 'None', '181449': 'None', '181482': 'None', '181655': 'None', '181929': 'None', '182009': 'None', '182023': 'None', '182036': 'None', '182063': 'None', '182073': 'None', '182099': 'None', '182132': 'None', '182196': 'None', '182304': 'None', '182336': 'None', '182406': 'None', '182410': 'None', '182475': 'None', '182499': 'None', '182573': 'None', '182599': 'None', '182608': 'None', '182615': 'None', '182649': 'None', '182671': 'None', '182742': 'None', '182865': 'None', '182918': 'None', '186058': 'None', '186426': 'None', '186511': 'None', '186768': 'None', '186795': 'None', '186852': 'None', '186875': 'None', '186894': 'None', '186975': 'None', '186996': 'None'}}", 'events': 44822, 'type': 'POOLIN', 'lfn': '/store/mc/RunIII2024Summer24MiniAOD/DYto2Mu-4Jets_Bin-MLL-50_TuneCP5_13p6TeV_madgraphMLM-pythia8/MINIAODSIM/140X_mcRun3_2024_realistic_v26-v2/110000/0c940d17-29c1-44a0-914c-c9761266eac5.root_4'}], '16': [{'parents': "['/store/mc/RunIII2024Summer24MiniAOD/DYto2Mu-4Jets_Bin-MLL-50_TuneCP5_13p6TeV_madgraphMLM-pythia8/MINIAODSIM/140X_mcRun3_2024_realistic_v26-v2/110000/11f0a13c-7791-4271-82e9-7089f2bf085c.root', '/store/mc/RunIII2024Summer24MiniAOD/DYto2Mu-4Jets_Bin-MLL-50_TuneCP5_13p6TeV_madgraphMLM-pythia8/MINIAODSIM/140X_mcRun3_2024_realistic_v26-v2/110000/12549d5a-3d43-4624-99d5-510086659728.root', '/store/mc/RunIII2024Summer24MiniAOD/DYto2Mu-4Jets_Bin-MLL-50_TuneCP5_13p6TeV_madgraphMLM-pythia8/MINIAODSIM/140X_mcRun3_2024_realistic_v26-v2/110000/1395713b-4693-453c-8afd-0cc17056d594.root', '/store/mc/RunIII2024Summer24MiniAOD/DYto2Mu-4Jets_Bin-MLL-50_TuneCP5_13p6TeV_madgraphMLM-pythia8/MINIAODSIM/140X_mcRun3_2024_realistic_v26-v2/110000/14d137a6-c33e-4377-bab0-56de092370e2.root', '/store/mc/RunIII2024Summer24MiniAOD/DYto2Mu-4Jets_Bin-MLL-50_TuneCP5_13p6TeV_madgraphMLM-pythia8/MINIAODSIM/140X_mcRun3_2024_realistic_v26-v2/110000/153fcb47-cb59-4af3-85d3-6b17347bde8e.root']", 'runlumi': "{'1': {'14069': '712', '100270': '689', '100271': '733', '100277': '741', '100278': '692', '100281': '705', '100286': '719', '100288': '729', '100289': '715', '100293': '692', '100294': '736', '100295': '733', '100303': '716', '100306': '717', '100310': '705', '100311': '680', '100319': '695', '100322': '711', '100336': '740', '100337': '693', '100353': '694', '100360': '694', '100361': '723', '100363': '698', '100370': '682', '100378': '710', '100392': '751', '100393': '720', '100394': '723', '100401': '752', '100404': '754', '100457': '716', '100494': '715', '100499': '702', '100502': '710', '100512': '733', '100555': '699', '100559': '733', '100563': '708', '100572': '706', '100576': '684', '100580': '704', '100584': '702', '100596': '708', '100613': '716', '100621': '711', '100629': '694', '100633': '736', '100637': '725', '100641': '711', '100645': '684', '100646': '713', '100650': '721', '100654': '674', '100655': '699', '100657': '733', '100658': '723', '100662': '702', '100666': '714', '100673': '682', '100678': '724', '100690': '725', '100691': '713', '100695': '724', '100698': '712', '100699': '704', '100703': '703', '100711': '729', '100714': '656', '100723': '730', '100731': '668', '100732': '683', '100739': '732', '100743': '699', '100747': '705', '100755': '717', '100756': '721', '100765': '744', '100772': '700', '100773': '707', '100781': '720', '100788': '722', '100789': '697', '100796': '721', '100797': '724', '100802': '729', '100806': '714', '100813': '706', '100814': '663', '100818': '745', '100829': '700', '100830': '709', '100834': '687', '100837': '661', '100838': '743', '100843': '711', '100851': '705', '100854': '755', '100855': '692', '100859': '734', '100863': '746', '100875': '700', '100884': '713', '100892': '716', '100900': '671', '100910': '731', '100916': '701', '101130': '718', '101135': '731', '101136': '721', '101138': '686', '101139': '723', '101141': '724', '101143': '721', '101151': '724', '101172': '689', '101220': '737', '101228': '694', '101246': '717', '101272': '725', '101313': '680', '101327': '734', '101328': '738', '101359': '688', '101369': '727', '101530': '701', '101598': '685', '101603': '726', '101609': '718', '101612': '722', '101620': '725', '101644': '746', '101687': '691', '180194': '682', '186376': '742', '186747': '764', '202316': '677', '202581': '727', '203869': '691', '204026': '722', '204185': '723', '204281': '707', '204288': '710', '204313': '703', '204339': '695', '204370': '717', '204380': '710', '204396': '680', '204427': '700', '204437': '668', '204462': '666', '204469': '669', '204478': '700', '204494': '710', '204495': '713', '204503': '708', '204510': '727', '204519': '709', '204526': '730', '204607': '700', '204624': '723', '204630': '731', '204632': '715', '204641': '747', '204649': '709', '204658': '703', '204665': '705', '204674': '713', '204682': '727', '204690': '715', '204699': '712', '204706': '685', '204715': '747', '204731': '710', '204740': '682', '204762': '706', '204765': '743', '204773': '716', '204788': '698', '204797': '671', '204829': '720', '204838': '718', '204846': '728', '204855': '726', '204862': '712', '204985': '741', '205068': '702', '205853': '720', '240002': '696', '240004': '664', '240008': '679', '240023': '673', '240028': '686', '240038': '667', '240041': '681', '240045': '667', '240056': '673', '240058': '737', '240059': '656', '240070': '688', '240074': '704', '240082': '719', '240087': '692', '240089': '715', '240102': '685', '240110': '721', '240142': '699', '240155': '668', '240158': '674', '240159': '694', '240168': '676', '240189': '727', '240199': '660', '240223': '701', '240237': '645', '240239': '722', '240240': '698', '240278': '685', '240294': '684', '240319': '694', '240325': '666', '240352': '705', '240362': '667', '240398': '675', '240421': '690', '240435': '669', '240459': '692', '240471': '654', '240473': '676', '240477': '681', '240500': '685', '240512': '678', '240533': '649', '240574': '673', '240586': '692', '240608': '751', '240641': '676', '240648': '684', '240655': '687', '240658': '655', '240666': '759', '240678': '656', '240680': '671', '240706': '675', '240707': '727', '240713': '685', '240733': '735', '240754': '654', '240758': '687', '240764': '750', '240773': '689', '240775': '658', '240776': '683', '240788': '698', '240797': '696', '240857': '712', '240858': '674', '240865': '706', '240873': '712', '240896': '674', '240927': '677', '240961': '658', '240963': '704', '240993': '707', '241174': '717', '241401': '718', '241418': '709', '241589': '745', '241630': '719', '241652': '744', '241747': '687', '241761': '751', '241771': '673', '241779': '721', '266204': '671', '266209': '714', '266215': '711', '266219': '665', '266222': '719', '266223': '714', '266228': '684', '266229': '661', '266237': '718', '266238': '664', '266249': '704', '266256': '688', '266260': '693', '266261': '716', '266262': '690', '266272': '698', '266273': '705', '266279': '676', '266290': '692', '266295': '717', '266306': '694', '266308': '701', '266320': '687', '266328': '678', '266335': '708', '266336': '696', '266343': '702', '266361': '681', '266365': '696', '266366': '717', '266369': '687', '266371': '676', '266400': '717', '266493': '692', '266575': '679', '266592': '689', '266616': '693', '266636': '701', '266659': '747', '266675': '727', '266677': '653', '266683': '716', '266724': '738', '266750': '721', '266772': '691', '266794': '721', '266924': '680', '266941': '743', '266946': '695', '266953': '689', '266957': '713', '266965': '696', '266969': '712', '266970': '750', '266981': '725', '266982': '694', '266987': '703', '266994': '683', '266998': '679', '295055': '729', '295072': '689', '295088': '698', '295092': '747', '295105': '688', '295109': '702', '295110': '728', '295113': '674', '295123': '704', '295125': '695', '295126': '731', '295129': '721'}}", 'events': 243032, 'type': 'EDM', 'lfn': '/store/user/amalhotr/DYto2Mu-4Jets_Bin-MLL-50_TuneCP5_13p6TeV_madgraphMLM-pythia8/DYto2Mu4Jets_Unpacker_Large/250323_060454/0000/HLTUnpackerOutputLarge_16.root'}, {'parents': '[]', 'runlumi': "{'1': {'100270': 'None', '100271': 'None', '100277': 'None', '100278': 'None', '100281': 'None', '100286': 'None', '100288': 'None', '100289': 'None', '100293': 'None', '100294': 'None', '100295': 'None', '100303': 'None', '100306': 'None', '100310': 'None', '100311': 'None', '100319': 'None', '100322': 'None', '100336': 'None', '100337': 'None', '100353': 'None', '100360': 'None', '100361': 'None', '100363': 'None', '100370': 'None', '100378': 'None', '100392': 'None', '100393': 'None', '100394': 'None', '100401': 'None', '100404': 'None', '100457': 'None', '100494': 'None', '100499': 'None', '100502': 'None', '100512': 'None', '100576': 'None', '100580': 'None', '100584': 'None', '100641': 'None', '100650': 'None', '100655': 'None', '100673': 'None', '100690': 'None', '100691': 'None', '100698': 'None', '100699': 'None', '100714': 'None', '100731': 'None', '100732': 'None', '100743': 'None', '100756': 'None', '100765': 'None', '100788': 'None', '100789': 'None', '100796': 'None', '100806': 'None', '100813': 'None', '100814': 'None', '100834': 'None', '100837': 'None', '100855': 'None', '100910': 'None', '101130': 'None', '101135': 'None', '101136': 'None', '101138': 'None', '101139': 'None', '101141': 'None', '101143': 'None', '101151': 'None'}}", 'events': 49688, 'type': 'POOLIN', 'lfn': '/store/mc/RunIII2024Summer24MiniAOD/DYto2Mu-4Jets_Bin-MLL-50_TuneCP5_13p6TeV_madgraphMLM-pythia8/MINIAODSIM/140X_mcRun3_2024_realistic_v26-v2/110000/153fcb47-cb59-4af3-85d3-6b17347bde8e.root_16'}, {'parents': '[]', 'runlumi': "{'1': {'100555': 'None', '100559': 'None', '100563': 'None', '100572': 'None', '100596': 'None', '100613': 'None', '100621': 'None', '100629': 'None', '100633': 'None', '100637': 'None', '100645': 'None', '100646': 'None', '100654': 'None', '100657': 'None', '100658': 'None', '100662': 'None', '100666': 'None', '100678': 'None', '100695': 'None', '100703': 'None', '100711': 'None', '100723': 'None', '100739': 'None', '100747': 'None', '100755': 'None', '100772': 'None', '100773': 'None', '100781': 'None', '100797': 'None', '100802': 'None', '100818': 'None', '100829': 'None', '100830': 'None', '100838': 'None', '100843': 'None', '100851': 'None', '100854': 'None', '100859': 'None', '100863': 'None', '100875': 'None', '100884': 'None', '100892': 'None', '100900': 'None', '100916': 'None', '101172': 'None', '101220': 'None', '101228': 'None', '101246': 'None', '101272': 'None', '101313': 'None', '101327': 'None', '101328': 'None', '101359': 'None', '101369': 'None', '101530': 'None', '101598': 'None', '101603': 'None', '101609': 'None', '101612': 'None', '101620': 'None', '101644': 'None', '101687': 'None'}}", 'events': 44315, 'type': 'POOLIN', 'lfn': '/store/mc/RunIII2024Summer24MiniAOD/DYto2Mu-4Jets_Bin-MLL-50_TuneCP5_13p6TeV_madgraphMLM-pythia8/MINIAODSIM/140X_mcRun3_2024_realistic_v26-v2/110000/14d137a6-c33e-4377-bab0-56de092370e2.root_16'}, {'parents': '[]', 'runlumi': "{'1': {'204370': 'None', '204380': 'None', '204396': 'None', '204437': 'None', '204462': 'None', '204469': 'None', '204478': 'None', '204494': 'None', '204495': 'None', '204503': 'None', '204510': 'None', '204519': 'None', '204526': 'None', '204607': 'None', '204624': 'None', '204632': 'None', '204641': 'None', '204649': 'None', '204658': 'None', '204665': 'None', '204674': 'None', '204682': 'None', '204690': 'None', '204699': 'None', '204706': 'None', '204715': 'None', '204731': 'None', '204740': 'None', '204762': 'None', '204788': 'None', '204797': 'None', '204829': 'None', '204838': 'None', '204846': 'None', '204855': 'None', '204862': 'None', '204985': 'None', '240004': 'None', '240008': 'None', '240023': 'None', '240028': 'None', '240038': 'None', '240041': 'None', '240045': 'None', '240056': 'None', '240059': 'None', '240070': 'None', '240074': 'None', '240087': 'None', '240102': 'None', '240155': 'None', '240158': 'None', '240237': 'None', '240278': 'None', '240294': 'None', '240325': 'None', '240435': 'None', '240459': 'None', '240471': 'None', '240500': 'None', '240533': 'None', '240574': 'None', '240586': 'None', '240641': 'None', '240678': 'None', '240680': 'None', '240706': 'None', '240713': 'None', '240754': 'None', '240758': 'None', '240773': 'None', '240775': 'None'}}", 'events': 49822, 'type': 'POOLIN', 'lfn': '/store/mc/RunIII2024Summer24MiniAOD/DYto2Mu-4Jets_Bin-MLL-50_TuneCP5_13p6TeV_madgraphMLM-pythia8/MINIAODSIM/140X_mcRun3_2024_realistic_v26-v2/110000/1395713b-4693-453c-8afd-0cc17056d594.root_16'}, {'parents': '[]', 'runlumi': "{'1': {'266204': 'None', '266209': 'None', '266215': 'None', '266219': 'None', '266222': 'None', '266223': 'None', '266228': 'None', '266229': 'None', '266237': 'None', '266238': 'None', '266249': 'None', '266256': 'None', '266260': 'None', '266261': 'None', '266262': 'None', '266272': 'None', '266273': 'None', '266279': 'None', '266290': 'None', '266295': 'None', '266306': 'None', '266308': 'None', '266320': 'None', '266328': 'None', '266335': 'None', '266336': 'None', '266343': 'None', '266361': 'None', '266365': 'None', '266366': 'None', '266369': 'None', '266371': 'None', '266400': 'None', '266493': 'None', '266575': 'None', '266592': 'None', '266616': 'None', '266636': 'None', '266659': 'None', '266675': 'None', '266677': 'None', '266683': 'None', '266724': 'None', '266750': 'None', '266772': 'None', '266794': 'None', '266924': 'None', '266941': 'None', '266946': 'None', '266953': 'None', '266957': 'None', '266965': 'None', '266969': 'None', '266970': 'None', '266981': 'None', '266982': 'None', '266987': 'None', '266994': 'None', '266998': 'None', '295055': 'None', '295072': 'None', '295088': 'None', '295092': 'None', '295105': 'None', '295109': 'None', '295110': 'None', '295113': 'None', '295123': 'None', '295125': 'None', '295126': 'None', '295129': 'None'}}", 'events': 49776, 'type': 'POOLIN', 'lfn': '/store/mc/RunIII2024Summer24MiniAOD/DYto2Mu-4Jets_Bin-MLL-50_TuneCP5_13p6TeV_madgraphMLM-pythia8/MINIAODSIM/140X_mcRun3_2024_realistic_v26-v2/110000/12549d5a-3d43-4624-99d5-510086659728.root_16'}, {'parents': '[]', 'runlumi': "{'1': {'14069': 'None', '180194': 'None', '186376': 'None', '186747': 'None', '202316': 'None', '202581': 'None', '203869': 'None', '204026': 'None', '204185': 'None', '204281': 'None', '204288': 'None', '204313': 'None', '204339': 'None', '204427': 'None', '204630': 'None', '204765': 'None', '204773': 'None', '205068': 'None', '205853': 'None', '240002': 'None', '240058': 'None', '240082': 'None', '240089': 'None', '240110': 'None', '240142': 'None', '240159': 'None', '240168': 'None', '240189': 'None', '240199': 'None', '240223': 'None', '240239': 'None', '240240': 'None', '240319': 'None', '240352': 'None', '240362': 'None', '240398': 'None', '240421': 'None', '240473': 'None', '240477': 'None', '240512': 'None', '240608': 'None', '240648': 'None', '240655': 'None', '240658': 'None', '240666': 'None', '240707': 'None', '240733': 'None', '240764': 'None', '240776': 'None', '240788': 'None', '240797': 'None', '240857': 'None', '240858': 'None', '240865': 'None', '240873': 'None', '240896': 'None', '240927': 'None', '240961': 'None', '240963': 'None', '240993': 'None', '241174': 'None', '241401': 'None', '241418': 'None', '241589': 'None', '241630': 'None', '241652': 'None', '241747': 'None', '241761': 'None', '241771': 'None', '241779': 'None'}}", 'events': 49431, 'type': 'POOLIN', 'lfn': '/store/mc/RunIII2024Summer24MiniAOD/DYto2Mu-4Jets_Bin-MLL-50_TuneCP5_13p6TeV_madgraphMLM-pythia8/MINIAODSIM/140X_mcRun3_2024_realistic_v26-v2/110000/11f0a13c-7791-4271-82e9-7089f2bf085c.root_16'}], '14': [{'parents': "['/store/mc/RunIII2024Summer24MiniAOD/DYto2Mu-4Jets_Bin-MLL-50_TuneCP5_13p6TeV_madgraphMLM-pythia8/MINIAODSIM/140X_mcRun3_2024_realistic_v26-v2/110000/0a7ef2a6-11c5-4368-96d7-cea7c7ce1fc9.root', '/store/mc/RunIII2024Summer24MiniAOD/DYto2Mu-4Jets_Bin-MLL-50_TuneCP5_13p6TeV_madgraphMLM-pythia8/MINIAODSIM/140X_mcRun3_2024_realistic_v26-v2/110000/0c7e3389-4643-47ee-80a7-2f07944ba1a2.root', '/store/mc/RunIII2024Summer24MiniAOD/DYto2Mu-4Jets_Bin-MLL-50_TuneCP5_13p6TeV_madgraphMLM-pythia8/MINIAODSIM/140X_mcRun3_2024_realistic_v26-v2/110000/0dbb27e6-ea03-4554-914e-f6c157a97a6f.root', '/store/mc/RunIII2024Summer24MiniAOD/DYto2Mu-4Jets_Bin-MLL-50_TuneCP5_13p6TeV_madgraphMLM-pythia8/MINIAODSIM/140X_mcRun3_2024_realistic_v26-v2/110000/0e4ebc6b-afbf-404d-bb57-7fd8bbdbfecc.root', '/store/mc/RunIII2024Summer24MiniAOD/DYto2Mu-4Jets_Bin-MLL-50_TuneCP5_13p6TeV_madgraphMLM-pythia8/MINIAODSIM/140X_mcRun3_2024_realistic_v26-v2/110000/0f330959-cd49-47a9-9d2f-9c29cdfd89ff.root']", 'runlumi': "{'1': {'182313': '712', '186053': '723', '186059': '750', '186862': '743', '202041': '654', '202375': '736', '202560': '695', '202807': '706', '202851': '755', '203958': '752', '204006': '700', '204034': '765', '204043': '712', '204059': '718', '204089': '701', '204118': '714', '204126': '771', '204134': '679', '204143': '739', '204151': '702', '204159': '733', '204175': '699', '204184': '709', '204192': '707', '204200': '690', '204272': '749', '204428': '720', '204518': '731', '204525': '739', '204535': '744', '204550': '736', '204687': '723', '204839': '753', '204853': '715', '204861': '716', '205038': '701', '205092': '706', '205436': '684', '205498': '676', '205590': '701', '205655': '745', '205931': '709', '240009': '707', '240015': '717', '240026': '721', '240032': '739', '240034': '686', '240050': '724', '240065': '700', '240067': '715', '240104': '682', '240137': '718', '240172': '694', '240180': '716', '240197': '691', '240212': '698', '240213': '697', '240220': '704', '240230': '696', '240238': '691', '240254': '698', '240271': '721', '240279': '715', '240295': '708', '240312': '739', '240336': '692', '240353': '717', '240381': '706', '240382': '709', '240389': '690', '259513': '699', '259529': '708', '259557': '685', '259570': '679', '259595': '706', '259611': '674', '259627': '693', '259639': '691', '259652': '701', '259679': '712', '259680': '659', '259688': '716', '259696': '708', '259697': '693', '259721': '684', '259729': '727', '259737': '729', '259754': '659', '259778': '689', '259792': '698', '259805': '659', '259825': '735', '259828': '699', '259831': '717', '259838': '704', '259855': '699', '259872': '713', '259879': '733', '259904': '682', '259910': '689', '259913': '733', '259917': '695', '259920': '726', '259945': '671', '259954': '690', '259961': '670', '260018': '706', '260031': '713', '260038': '684', '260052': '700', '260076': '686', '260078': '709', '260079': '726', '260092': '701', '260093': '691', '260110': '754', '260120': '682', '260135': '671', '260136': '707', '260141': '694', '260153': '690', '260157': '672', '260160': '706', '260168': '724', '260174': '713', '260177': '707', '260185': '703', '260193': '689', '260211': '721', '260215': '700', '260219': '721', '260229': '711', '260234': '697', '260236': '723', '260252': '717', '260256': '704', '260260': '727', '260267': '710', '260273': '694', '260275': '698', '260277': '713', '303182': '716', '303207': '722', '303208': '714', '303211': '723', '303216': '696', '303232': '715', '303249': '688', '303257': '710', '303265': '751', '303273': '666', '303277': '706', '303279': '752', '303280': '644', '303290': '706', '303298': '720', '303304': '721', '303314': '712', '303315': '706', '303317': '709', '303318': '713', '303320': '711', '303322': '736', '303323': '698', '303324': '708', '303327': '705', '303331': '709', '303333': '741', '303335': '673', '303337': '708', '303338': '685', '303340': '666', '303341': '673', '303345': '689', '303347': '674', '303348': '692', '303351': '683', '303352': '760', '303354': '707', '303358': '676', '303359': '701', '303361': '735', '303362': '720', '303364': '656', '303365': '719', '303369': '744', '303372': '713', '303373': '695', '303374': '665', '303375': '717', '303380': '679', '303385': '707', '303387': '683', '303388': '715', '303395': '679', '303396': '711', '303397': '695', '303399': '697', '303402': '711', '303403': '717', '303405': '719', '303407': '696', '303413': '698', '303414': '725', '303416': '709', '303429': '689', '303437': '700', '303440': '746', '303443': '702', '303444': '653', '303445': '697', '303446': '742', '395376': '744', '395461': '722', '395479': '664', '395552': '734', '395555': '728', '395556': '713', '395562': '714', '395579': '729', '395582': '717', '395589': '714', '395603': '718', '395620': '715', '395631': '704', '395664': '719', '395713': '750', '395719': '722', '395733': '716', '395743': '712', '395745': '701', '395760': '720', '395762': '736', '395769': '730', '395793': '714', '395800': '716', '395817': '679', '395820': '721', '395821': '718', '395826': '698', '395833': '710', '395837': '746', '395851': '718', '395858': '724', '395896': '690', '395916': '718', '395919': '705', '395922': '758', '395939': '734', '395942': '682', '395958': '740', '395971': '701', '395973': '717', '395976': '690', '395983': '695', '395989': '695', '396008': '704', '396012': '715', '396021': '730', '396025': '718', '396031': '774', '396034': '711', '396041': '720', '396047': '738', '396061': '703', '396067': '717', '396084': '699', '396098': '719', '396100': '737', '396102': '714', '396115': '731', '396116': '769', '396117': '754', '396121': '737', '396123': '715', '396128': '707', '396132': '676', '396133': '664', '396136': '749', '396137': '725', '396141': '668', '400740': '740', '400767': '705', '400807': '697', '400823': '681', '400929': '694', '425004': '732', '425014': '731', '425021': '648', '425033': '660', '425044': '702', '425053': '693', '425055': '690', '425061': '686', '425062': '745', '425069': '704', '425076': '683', '425085': '671', '425086': '705', '425087': '709', '425093': '670', '425110': '729', '425118': '669', '425125': '725', '425126': '689', '425134': '717', '425140': '714', '425150': '692', '425190': '707', '425191': '691', '425192': '730', '425207': '723', '425216': '695', '425217': '679', '425223': '677', '425231': '725', '425240': '719', '425243': '751', '425247': '702', '425248': '706', '425264': '710', '425272': '726', '425289': '715', '425305': '674', '425306': '718', '425315': '694', '425326': '724', '425329': '730', '425337': '699', '425381': '682', '425401': '699', '425409': '683', '425416': '728', '425418': '722', '425426': '668', '425428': '696', '425442': '701', '425443': '727', '425450': '688', '425459': '705', '425466': '656', '425469': '719', '425506': '693', '425540': '687', '425548': '682', '425573': '716', '425581': '731', '425597': '702', '425614': '716', '425621': '693', '425630': '693', '425643': '698'}}", 'events': 249158, 'type': 'EDM', 'lfn': '/store/user/amalhotr/DYto2Mu-4Jets_Bin-MLL-50_TuneCP5_13p6TeV_madgraphMLM-pythia8/DYto2Mu4Jets_Unpacker_Large/250323_060454/0000/HLTUnpackerOutputLarge_14.root'}, {'parents': '[]', 'runlumi': "{'1': {'182313': 'None', '186053': 'None', '186059': 'None', '186862': 'None', '202041': 'None', '202375': 'None', '202560': 'None', '202807': 'None', '202851': 'None', '203958': 'None', '204006': 'None', '204034': 'None', '204043': 'None', '204059': 'None', '204089': 'None', '204118': 'None', '204126': 'None', '204134': 'None', '204143': 'None', '204151': 'None', '204159': 'None', '204175': 'None', '204184': 'None', '204192': 'None', '204200': 'None', '204272': 'None', '204428': 'None', '204518': 'None', '204525': 'None', '204535': 'None', '204550': 'None', '204687': 'None', '204839': 'None', '204853': 'None', '204861': 'None', '205038': 'None', '205092': 'None', '205436': 'None', '205498': 'None', '205590': 'None', '205655': 'None', '205931': 'None', '240009': 'None', '240015': 'None', '240026': 'None', '240032': 'None', '240034': 'None', '240050': 'None', '240065': 'None', '240067': 'None', '240104': 'None', '240137': 'None', '240172': 'None', '240180': 'None', '240197': 'None', '240212': 'None', '240213': 'None', '240220': 'None', '240230': 'None', '240238': 'None', '240254': 'None', '240271': 'None', '240279': 'None', '240295': 'None', '240312': 'None', '240336': 'None', '240353': 'None', '240381': 'None', '240382': 'None', '240389': 'None'}}", 'events': 50004, 'type': 'POOLIN', 'lfn': '/store/mc/RunIII2024Summer24MiniAOD/DYto2Mu-4Jets_Bin-MLL-50_TuneCP5_13p6TeV_madgraphMLM-pythia8/MINIAODSIM/140X_mcRun3_2024_realistic_v26-v2/110000/0f330959-cd49-47a9-9d2f-9c29cdfd89ff.root_14'}, {'parents': '[]', 'runlumi': "{'1': {'259513': 'None', '259529': 'None', '259557': 'None', '259570': 'None', '259595': 'None', '259611': 'None', '259627': 'None', '259639': 'None', '259652': 'None', '259679': 'None', '259680': 'None', '259688': 'None', '259696': 'None', '259697': 'None', '259721': 'None', '259729': 'None', '259737': 'None', '259754': 'None', '259778': 'None', '259792': 'None', '259805': 'None', '259825': 'None', '259828': 'None', '259831': 'None', '259838': 'None', '259855': 'None', '259872': 'None', '259879': 'None', '259904': 'None', '259910': 'None', '259913': 'None', '259917': 'None', '259920': 'None', '259945': 'None', '259954': 'None', '259961': 'None', '260018': 'None', '260031': 'None', '260038': 'None', '260052': 'None', '260076': 'None', '260078': 'None', '260079': 'None', '260092': 'None', '260093': 'None', '260110': 'None', '260120': 'None', '260135': 'None', '260136': 'None', '260141': 'None', '260153': 'None', '260157': 'None', '260160': 'None', '260168': 'None', '260174': 'None', '260177': 'None', '260185': 'None', '260193': 'None', '260211': 'None', '260215': 'None', '260219': 'None', '260229': 'None', '260234': 'None', '260236': 'None', '260252': 'None', '260256': 'None', '260260': 'None', '260267': 'None', '260273': 'None', '260275': 'None', '260277': 'None'}}", 'events': 49789, 'type': 'POOLIN', 'lfn': '/store/mc/RunIII2024Summer24MiniAOD/DYto2Mu-4Jets_Bin-MLL-50_TuneCP5_13p6TeV_madgraphMLM-pythia8/MINIAODSIM/140X_mcRun3_2024_realistic_v26-v2/110000/0e4ebc6b-afbf-404d-bb57-7fd8bbdbfecc.root_14'}, {'parents': '[]', 'runlumi': "{'1': {'303182': 'None', '303207': 'None', '303208': 'None', '303211': 'None', '303216': 'None', '303232': 'None', '303249': 'None', '303257': 'None', '303265': 'None', '303273': 'None', '303277': 'None', '303279': 'None', '303280': 'None', '303290': 'None', '303298': 'None', '303304': 'None', '303314': 'None', '303315': 'None', '303317': 'None', '303318': 'None', '303320': 'None', '303322': 'None', '303323': 'None', '303324': 'None', '303327': 'None', '303331': 'None', '303333': 'None', '303335': 'None', '303337': 'None', '303338': 'None', '303340': 'None', '303341': 'None', '303345': 'None', '303347': 'None', '303348': 'None', '303351': 'None', '303352': 'None', '303354': 'None', '303358': 'None', '303359': 'None', '303361': 'None', '303362': 'None', '303364': 'None', '303365': 'None', '303369': 'None', '303372': 'None', '303373': 'None', '303374': 'None', '303375': 'None', '303380': 'None', '303385': 'None', '303387': 'None', '303388': 'None', '303395': 'None', '303396': 'None', '303397': 'None', '303399': 'None', '303402': 'None', '303403': 'None', '303405': 'None', '303407': 'None', '303413': 'None', '303414': 'None', '303416': 'None', '303429': 'None', '303437': 'None', '303440': 'None', '303443': 'None', '303444': 'None', '303445': 'None', '303446': 'None'}}", 'events': 50019, 'type': 'POOLIN', 'lfn': '/store/mc/RunIII2024Summer24MiniAOD/DYto2Mu-4Jets_Bin-MLL-50_TuneCP5_13p6TeV_madgraphMLM-pythia8/MINIAODSIM/140X_mcRun3_2024_realistic_v26-v2/110000/0dbb27e6-ea03-4554-914e-f6c157a97a6f.root_14'}, {'parents': '[]', 'runlumi': "{'1': {'400740': 'None', '400767': 'None', '400807': 'None', '400823': 'None', '400929': 'None', '425004': 'None', '425014': 'None', '425021': 'None', '425033': 'None', '425044': 'None', '425053': 'None', '425055': 'None', '425061': 'None', '425062': 'None', '425069': 'None', '425076': 'None', '425085': 'None', '425086': 'None', '425087': 'None', '425093': 'None', '425110': 'None', '425118': 'None', '425125': 'None', '425126': 'None', '425134': 'None', '425140': 'None', '425150': 'None', '425190': 'None', '425191': 'None', '425192': 'None', '425207': 'None', '425216': 'None', '425217': 'None', '425223': 'None', '425231': 'None', '425240': 'None', '425243': 'None', '425247': 'None', '425248': 'None', '425264': 'None', '425272': 'None', '425289': 'None', '425305': 'None', '425306': 'None', '425315': 'None', '425326': 'None', '425329': 'None', '425337': 'None', '425381': 'None', '425401': 'None', '425409': 'None', '425416': 'None', '425418': 'None', '425426': 'None', '425428': 'None', '425442': 'None', '425443': 'None', '425450': 'None', '425459': 'None', '425466': 'None', '425469': 'None', '425506': 'None', '425540': 'None', '425548': 'None', '425573': 'None', '425581': 'None', '425597': 'None', '425614': 'None', '425621': 'None', '425630': 'None', '425643': 'None'}}", 'events': 49861, 'type': 'POOLIN', 'lfn': '/store/mc/RunIII2024Summer24MiniAOD/DYto2Mu-4Jets_Bin-MLL-50_TuneCP5_13p6TeV_madgraphMLM-pythia8/MINIAODSIM/140X_mcRun3_2024_realistic_v26-v2/110000/0c7e3389-4643-47ee-80a7-2f07944ba1a2.root_14'}, {'parents': '[]', 'runlumi': "{'1': {'395376': 'None', '395461': 'None', '395479': 'None', '395552': 'None', '395555': 'None', '395556': 'None', '395562': 'None', '395579': 'None', '395582': 'None', '395589': 'None', '395603': 'None', '395620': 'None', '395631': 'None', '395664': 'None', '395713': 'None', '395719': 'None', '395733': 'None', '395743': 'None', '395745': 'None', '395760': 'None', '395762': 'None', '395769': 'None', '395793': 'None', '395800': 'None', '395817': 'None', '395820': 'None', '395821': 'None', '395826': 'None', '395833': 'None', '395837': 'None', '395851': 'None', '395858': 'None', '395896': 'None', '395916': 'None', '395919': 'None', '395922': 'None', '395939': 'None', '395942': 'None', '395958': 'None', '395971': 'None', '395973': 'None', '395976': 'None', '395983': 'None', '395989': 'None', '396008': 'None', '396012': 'None', '396021': 'None', '396025': 'None', '396031': 'None', '396034': 'None', '396041': 'None', '396047': 'None', '396061': 'None', '396067': 'None', '396084': 'None', '396098': 'None', '396100': 'None', '396102': 'None', '396115': 'None', '396116': 'None', '396117': 'None', '396121': 'None', '396123': 'None', '396128': 'None', '396132': 'None', '396133': 'None', '396136': 'None', '396137': 'None', '396141': 'None'}}", 'events': 49485, 'type': 'POOLIN', 'lfn': '/store/mc/RunIII2024Summer24MiniAOD/DYto2Mu-4Jets_Bin-MLL-50_TuneCP5_13p6TeV_madgraphMLM-pythia8/MINIAODSIM/140X_mcRun3_2024_realistic_v26-v2/110000/0a7ef2a6-11c5-4368-96d7-cea7c7ce1fc9.root_14'}], '12': [{'parents': "['/store/mc/RunIII2024Summer24MiniAOD/DYto2Mu-4Jets_Bin-MLL-50_TuneCP5_13p6TeV_madgraphMLM-pythia8/MINIAODSIM/140X_mcRun3_2024_realistic_v26-v2/110000/040f2898-d2a0-4285-bf5d-272346581288.root', '/store/mc/RunIII2024Summer24MiniAOD/DYto2Mu-4Jets_Bin-MLL-50_TuneCP5_13p6TeV_madgraphMLM-pythia8/MINIAODSIM/140X_mcRun3_2024_realistic_v26-v2/110000/04b4be5b-945c-47b0-aaec-6dcb832034ad.root', '/store/mc/RunIII2024Summer24MiniAOD/DYto2Mu-4Jets_Bin-MLL-50_TuneCP5_13p6TeV_madgraphMLM-pythia8/MINIAODSIM/140X_mcRun3_2024_realistic_v26-v2/110000/055815e3-1419-4fdd-bea7-cf27799ff757.root', '/store/mc/RunIII2024Summer24MiniAOD/DYto2Mu-4Jets_Bin-MLL-50_TuneCP5_13p6TeV_madgraphMLM-pythia8/MINIAODSIM/140X_mcRun3_2024_realistic_v26-v2/110000/065fa198-83b1-4665-a922-cc4dffcd8d4b.root', '/store/mc/RunIII2024Summer24MiniAOD/DYto2Mu-4Jets_Bin-MLL-50_TuneCP5_13p6TeV_madgraphMLM-pythia8/MINIAODSIM/140X_mcRun3_2024_realistic_v26-v2/110000/088776bd-1b32-4123-a414-7932733bb46d.root']", 'runlumi': "{'1': {'38978': '743', '38986': '743', '45055': '679', '45124': '711', '45157': '711', '45286': '714', '45303': '699', '45416': '707', '45456': '729', '45499': '717', '45659': '705', '45805': '769', '46170': '706', '47758': '726', '48306': '695', '48339': '703', '48340': '703', '48372': '662', '48473': '692', '48486': '695', '48523': '676', '48534': '679', '48592': '702', '48609': '710', '48687': '684', '48702': '708', '48704': '717', '48788': '711', '48854': '694', '48885': '714', '48902': '696', '49453': '687', '49476': '687', '49575': '712', '49871': '692', '49888': '701', '50632': '677', '50722': '675', '90003': '736', '90005': '732', '90014': '725', '90023': '681', '90027': '721', '90031': '716', '90039': '705', '90044': '715', '90045': '748', '90048': '712', '90052': '728', '90069': '722', '90075': '711', '90081': '707', '90089': '699', '90091': '724', '90093': '738', '90098': '699', '90105': '708', '90107': '692', '90122': '727', '90127': '733', '90135': '678', '90141': '728', '90145': '721', '90162': '715', '90170': '735', '90172': '721', '90175': '670', '90182': '715', '90184': '703', '90193': '723', '240049': '733', '240051': '725', '240057': '731', '240061': '719', '240062': '726', '240064': '684', '240068': '723', '240069': '730', '240073': '695', '240075': '724', '240076': '724', '240079': '712', '240081': '722', '240084': '716', '240085': '716', '240086': '715', '240091': '735', '240092': '729', '240116': '710', '240122': '741', '240125': '710', '240138': '733', '240140': '709', '240141': '705', '240145': '701', '240149': '689', '240157': '710', '240162': '713', '240163': '707', '240165': '723', '240166': '711', '240174': '692', '240178': '743', '240179': '755', '240181': '690', '240182': '722', '240195': '714', '240198': '731', '240203': '702', '240206': '730', '240219': '735', '240222': '683', '240225': '701', '240236': '670', '240244': '716', '240253': '737', '240256': '675', '240259': '689', '240260': '665', '240261': '734', '240267': '712', '240276': '718', '240277': '715', '240284': '726', '240285': '704', '240292': '702', '240300': '712', '240301': '712', '240302': '756', '240309': '715', '240317': '682', '240318': '751', '240321': '687', '240326': '698', '240333': '727', '240334': '695', '240337': '672', '240341': '690', '240342': '732', '240350': '692', '241073': '692', '312874': '735', '361363': '652', '362689': '728', '363459': '730', '363479': '702', '363489': '704', '363496': '668', '363498': '735', '363499': '691', '363500': '769', '363504': '693', '363506': '719', '363513': '707', '363514': '714', '363515': '719', '363517': '760', '363518': '683', '363520': '705', '363522': '692', '363529': '748', '363530': '698', '363533': '689', '363535': '708', '363536': '715', '363537': '758', '363538': '752', '363541': '709', '363543': '691', '363545': '736', '363546': '715', '363547': '723', '363552': '700', '363553': '735', '363554': '729', '363555': '672', '363556': '697', '363559': '724', '363560': '722', '363561': '739', '363563': '687', '363569': '725', '363574': '709', '363577': '695', '363578': '666', '363579': '730', '363580': '703', '363583': '724', '363586': '732', '363587': '669', '363588': '696', '363591': '689', '363594': '696', '363595': '702', '363596': '738', '363597': '726', '363598': '724', '363602': '686', '363604': '692', '363610': '727', '363611': '710', '363612': '702', '363615': '727', '363616': '736', '363619': '678', '363620': '701', '363623': '713', '363627': '697', '363629': '744', '363632': '705', '363635': '711', '363636': '714', '363639': '736', '363643': '703', '363645': '740', '363648': '732', '364889': '712', '394646': '737', '396484': '714', '396672': '701', '396735': '689', '396741': '724', '396748': '720', '396749': '700', '396754': '719', '396757': '724', '396773': '702', '396776': '717', '396777': '735', '396790': '748', '396793': '691', '396814': '718', '396818': '735', '396823': '741', '396831': '699', '396839': '671', '396856': '721', '396980': '679', '396993': '736', '399001': '696', '399009': '709', '399070': '677', '399093': '701', '399118': '720', '399845': '691', '400031': '687', '400033': '725', '400079': '701', '400112': '710', '400113': '716', '400120': '662', '400129': '669', '400141': '709', '400152': '694', '400177': '706', '400221': '752', '400229': '718', '400248': '728', '400259': '720', '400275': '739', '400341': '735', '400359': '700', '400407': '725', '400408': '721', '400439': '703', '400440': '736', '400453': '726', '400470': '708', '400481': '722', '400489': '747', '400506': '784', '400512': '715', '400514': '723', '400515': '757', '400519': '701', '400520': '738', '400522': '705', '400524': '713', '400530': '741', '400532': '701', '400536': '710', '400546': '701', '400548': '732', '400553': '711', '400560': '720', '400567': '716', '400570': '724', '400572': '724', '400577': '705', '400587': '765', '400588': '748', '400593': '712', '400594': '742', '400601': '707', '400617': '735', '400774': '719', '426084': '746', '426150': '740', '426218': '753', '426654': '692', '426666': '719', '426668': '707', '426675': '753', '426700': '739', '426715': '707', '426718': '722', '426754': '684', '426778': '694', '426787': '690', '426803': '687', '426812': '750', '426819': '725', '426860': '740', '426871': '691', '426894': '683', '426934': '725', '426951': '670', '426957': '726', '452005': '731', '452023': '722', '452078': '716', '452192': '722', '452232': '707', '452305': '714', '452357': '689', '452417': '713', '452429': '708', '452454': '681', '452478': '681', '452587': '707', '452632': '700', '452716': '706', '452740': '712', '452862': '699', '452908': '743', '452942': '733', '454024': '704', '454041': '696', '454073': '695', '454085': '712', '454089': '693', '454164': '707', '454738': '753', '454861': '733', '454886': '739', '454924': '767', '454927': '725', '454952': '748', '455181': '723'}}", 'events': 248902, 'type': 'EDM', 'lfn': '/store/user/amalhotr/DYto2Mu-4Jets_Bin-MLL-50_TuneCP5_13p6TeV_madgraphMLM-pythia8/DYto2Mu4Jets_Unpacker_Large/250323_060454/0000/HLTUnpackerOutputLarge_12.root'}, {'parents': '[]', 'runlumi': "{'1': {'240049': 'None', '240051': 'None', '240057': 'None', '240061': 'None', '240062': 'None', '240064': 'None', '240068': 'None', '240069': 'None', '240073': 'None', '240075': 'None', '240076': 'None', '240079': 'None', '240081': 'None', '240084': 'None', '240085': 'None', '240086': 'None', '240091': 'None', '240092': 'None', '240116': 'None', '240122': 'None', '240125': 'None', '240138': 'None', '240140': 'None', '240141': 'None', '240145': 'None', '240149': 'None', '240157': 'None', '240162': 'None', '240163': 'None', '240165': 'None', '240166': 'None', '240174': 'None', '240178': 'None', '240179': 'None', '240181': 'None', '240182': 'None', '240195': 'None', '240198': 'None', '240203': 'None', '240206': 'None', '240219': 'None', '240222': 'None', '240225': 'None', '240236': 'None', '240244': 'None', '240253': 'None', '240256': 'None', '240259': 'None', '240260': 'None', '240261': 'None', '240267': 'None', '240276': 'None', '240277': 'None', '240284': 'None', '240285': 'None', '240292': 'None', '240300': 'None', '240301': 'None', '240302': 'None', '240309': 'None', '240317': 'None', '240318': 'None', '240321': 'None', '240326': 'None', '240333': 'None', '240334': 'None', '240337': 'None', '240341': 'None', '240342': 'None', '240350': 'None'}}", 'events': 49903, 'type': 'POOLIN', 'lfn': '/store/mc/RunIII2024Summer24MiniAOD/DYto2Mu-4Jets_Bin-MLL-50_TuneCP5_13p6TeV_madgraphMLM-pythia8/MINIAODSIM/140X_mcRun3_2024_realistic_v26-v2/110000/088776bd-1b32-4123-a414-7932733bb46d.root_12'}, {'parents': '[]', 'runlumi': "{'1': {'396735': 'None', '396741': 'None', '396748': 'None', '396749': 'None', '396754': 'None', '396757': 'None', '396773': 'None', '396776': 'None', '396777': 'None', '396790': 'None', '396793': 'None', '396814': 'None', '396818': 'None', '396831': 'None', '396839': 'None', '396856': 'None', '396980': 'None', '396993': 'None', '399001': 'None', '399009': 'None', '399070': 'None', '399093': 'None', '399118': 'None', '400031': 'None', '400033': 'None', '400079': 'None', '400113': 'None', '400120': 'None', '400129': 'None', '400152': 'None', '400177': 'None', '400221': 'None', '400259': 'None', '400275': 'None', '400341': 'None', '400359': 'None', '400407': 'None', '400408': 'None', '400439': 'None', '400440': 'None', '400453': 'None', '400470': 'None', '400481': 'None', '400489': 'None', '400506': 'None', '400512': 'None', '400514': 'None', '400515': 'None', '400519': 'None', '400520': 'None', '400522': 'None', '400524': 'None', '400530': 'None', '400532': 'None', '400536': 'None', '400546': 'None', '400548': 'None', '400553': 'None', '400560': 'None', '400567': 'None', '400570': 'None', '400572': 'None', '400577': 'None', '400587': 'None', '400588': 'None', '400593': 'None', '400594': 'None', '400601': 'None', '400617': 'None'}}", 'events': 49455, 'type': 'POOLIN', 'lfn': '/store/mc/RunIII2024Summer24MiniAOD/DYto2Mu-4Jets_Bin-MLL-50_TuneCP5_13p6TeV_madgraphMLM-pythia8/MINIAODSIM/140X_mcRun3_2024_realistic_v26-v2/110000/065fa198-83b1-4665-a922-cc4dffcd8d4b.root_12'}, {'parents': '[]', 'runlumi': "{'1': {'241073': 'None', '312874': 'None', '361363': 'None', '362689': 'None', '363459': 'None', '363560': 'None', '364889': 'None', '394646': 'None', '396484': 'None', '396672': 'None', '396823': 'None', '399845': 'None', '400112': 'None', '400141': 'None', '400229': 'None', '400248': 'None', '400774': 'None', '426084': 'None', '426150': 'None', '426218': 'None', '426654': 'None', '426666': 'None', '426668': 'None', '426675': 'None', '426700': 'None', '426715': 'None', '426718': 'None', '426754': 'None', '426778': 'None', '426787': 'None', '426803': 'None', '426812': 'None', '426819': 'None', '426860': 'None', '426871': 'None', '426894': 'None', '426934': 'None', '426951': 'None', '426957': 'None', '452005': 'None', '452023': 'None', '452078': 'None', '452192': 'None', '452232': 'None', '452305': 'None', '452357': 'None', '452417': 'None', '452429': 'None', '452454': 'None', '452478': 'None', '452587': 'None', '452632': 'None', '452716': 'None', '452740': 'None', '452862': 'None', '452908': 'None', '452942': 'None', '454024': 'None', '454041': 'None', '454073': 'None', '454085': 'None', '454089': 'None', '454164': 'None', '454738': 'None', '454861': 'None', '454886': 'None', '454924': 'None', '454927': 'None', '454952': 'None', '455181': 'None'}}", 'events': 50061, 'type': 'POOLIN', 'lfn': '/store/mc/RunIII2024Summer24MiniAOD/DYto2Mu-4Jets_Bin-MLL-50_TuneCP5_13p6TeV_madgraphMLM-pythia8/MINIAODSIM/140X_mcRun3_2024_realistic_v26-v2/110000/055815e3-1419-4fdd-bea7-cf27799ff757.root_12'}, {'parents': '[]', 'runlumi': "{'1': {'363479': 'None', '363489': 'None', '363496': 'None', '363498': 'None', '363499': 'None', '363500': 'None', '363504': 'None', '363506': 'None', '363513': 'None', '363514': 'None', '363515': 'None', '363517': 'None', '363518': 'None', '363520': 'None', '363522': 'None', '363529': 'None', '363530': 'None', '363533': 'None', '363535': 'None', '363536': 'None', '363537': 'None', '363538': 'None', '363541': 'None', '363543': 'None', '363545': 'None', '363546': 'None', '363547': 'None', '363552': 'None', '363553': 'None', '363554': 'None', '363555': 'None', '363556': 'None', '363559': 'None', '363561': 'None', '363563': 'None', '363569': 'None', '363574': 'None', '363577': 'None', '363578': 'None', '363579': 'None', '363580': 'None', '363583': 'None', '363586': 'None', '363587': 'None', '363588': 'None', '363591': 'None', '363594': 'None', '363595': 'None', '363596': 'None', '363597': 'None', '363598': 'None', '363602': 'None', '363604': 'None', '363610': 'None', '363611': 'None', '363612': 'None', '363615': 'None', '363616': 'None', '363619': 'None', '363620': 'None', '363623': 'None', '363627': 'None', '363629': 'None', '363632': 'None', '363635': 'None', '363636': 'None', '363639': 'None', '363643': 'None', '363645': 'None', '363648': 'None'}}", 'events': 49864, 'type': 'POOLIN', 'lfn': '/store/mc/RunIII2024Summer24MiniAOD/DYto2Mu-4Jets_Bin-MLL-50_TuneCP5_13p6TeV_madgraphMLM-pythia8/MINIAODSIM/140X_mcRun3_2024_realistic_v26-v2/110000/04b4be5b-945c-47b0-aaec-6dcb832034ad.root_12'}, {'parents': '[]', 'runlumi': "{'1': {'38978': 'None', '38986': 'None', '45055': 'None', '45124': 'None', '45157': 'None', '45286': 'None', '45303': 'None', '45416': 'None', '45456': 'None', '45499': 'None', '45659': 'None', '45805': 'None', '46170': 'None', '47758': 'None', '48306': 'None', '48339': 'None', '48340': 'None', '48372': 'None', '48473': 'None', '48486': 'None', '48523': 'None', '48534': 'None', '48592': 'None', '48609': 'None', '48687': 'None', '48702': 'None', '48704': 'None', '48788': 'None', '48854': 'None', '48885': 'None', '48902': 'None', '49453': 'None', '49476': 'None', '49575': 'None', '49871': 'None', '49888': 'None', '50632': 'None', '50722': 'None', '90003': 'None', '90005': 'None', '90014': 'None', '90023': 'None', '90027': 'None', '90031': 'None', '90039': 'None', '90044': 'None', '90045': 'None', '90048': 'None', '90052': 'None', '90069': 'None', '90075': 'None', '90081': 'None', '90089': 'None', '90091': 'None', '90093': 'None', '90098': 'None', '90105': 'None', '90107': 'None', '90122': 'None', '90127': 'None', '90135': 'None', '90141': 'None', '90145': 'None', '90162': 'None', '90170': 'None', '90172': 'None', '90175': 'None', '90182': 'None', '90184': 'None', '90193': 'None'}}", 'events': 49619, 'type': 'POOLIN', 'lfn': '/store/mc/RunIII2024Summer24MiniAOD/DYto2Mu-4Jets_Bin-MLL-50_TuneCP5_13p6TeV_madgraphMLM-pythia8/MINIAODSIM/140X_mcRun3_2024_realistic_v26-v2/110000/040f2898-d2a0-4285-bf5d-272346581288.root_12'}], '15': [{'parents': "['/store/mc/RunIII2024Summer24MiniAOD/DYto2Mu-4Jets_Bin-MLL-50_TuneCP5_13p6TeV_madgraphMLM-pythia8/MINIAODSIM/140X_mcRun3_2024_realistic_v26-v2/110000/1059f228-62f6-4c22-ac58-81a6d140ce91.root', '/store/mc/RunIII2024Summer24MiniAOD/DYto2Mu-4Jets_Bin-MLL-50_TuneCP5_13p6TeV_madgraphMLM-pythia8/MINIAODSIM/140X_mcRun3_2024_realistic_v26-v2/110000/10f46573-062d-478b-9b47-fd60a6b70a25.root', '/store/mc/RunIII2024Summer24MiniAOD/DYto2Mu-4Jets_Bin-MLL-50_TuneCP5_13p6TeV_madgraphMLM-pythia8/MINIAODSIM/140X_mcRun3_2024_realistic_v26-v2/110000/118a52e0-89d7-4b37-95c2-fb999aa9b1d5.root', '/store/mc/RunIII2024Summer24MiniAOD/DYto2Mu-4Jets_Bin-MLL-50_TuneCP5_13p6TeV_madgraphMLM-pythia8/MINIAODSIM/140X_mcRun3_2024_realistic_v26-v2/110000/11c25bec-721b-436e-858e-61ada8aa7f42.root', '/store/mc/RunIII2024Summer24MiniAOD/DYto2Mu-4Jets_Bin-MLL-50_TuneCP5_13p6TeV_madgraphMLM-pythia8/MINIAODSIM/140X_mcRun3_2024_realistic_v26-v2/110000/11e4ec2b-6141-4ca4-af84-7e51cb81b751.root']", 'runlumi': "{'1': {'12024': '688', '12033': '705', '12063': '667', '12087': '664', '12096': '696', '12137': '682', '12185': '695', '12284': '662', '12291': '676', '12315': '716', '12325': '664', '12342': '691', '12349': '693', '12365': '685', '12383': '722', '12457': '714', '12480': '676', '12512': '709', '12579': '668', '12611': '699', '12612': '703', '12616': '662', '12833': '691', '12850': '684', '12999': '696', '13036': '678', '13060': '752', '13143': '677', '13202': '690', '13206': '681', '13207': '713', '13210': '715', '13212': '725', '13213': '715', '13214': '702', '13215': '706', '13217': '718', '13220': '732', '13223': '710', '13226': '668', '13232': '725', '13241': '744', '13243': '731', '13245': '727', '13248': '658', '13252': '709', '13263': '686', '13265': '712', '13267': '668', '13273': '696', '13274': '721', '13276': '738', '13280': '710', '13281': '703', '13282': '665', '13284': '714', '13286': '714', '13289': '693', '13290': '716', '13291': '704', '13293': '682', '13298': '708', '13301': '775', '13307': '674', '13315': '709', '13323': '685', '13324': '742', '13326': '710', '13330': '717', '13337': '722', '13338': '696', '205109': '732', '205139': '710', '205232': '713', '205249': '714', '205314': '726', '205367': '710', '205376': '697', '205384': '690', '205417': '723', '205420': '652', '205449': '723', '205524': '717', '205531': '703', '205566': '741', '205689': '705', '205698': '693', '205728': '709', '205754': '675', '205769': '695', '205778': '692', '205785': '723', '205821': '719', '205827': '736', '205844': '727', '205858': '671', '205860': '681', '205866': '669', '205874': '679', '205883': '734', '205885': '733', '205890': '679', '205892': '717', '205916': '710', '205926': '693', '205940': '722', '205941': '762', '205957': '713', '205977': '681', '205989': '737', '295342': '710', '295459': '691', '304033': '759', '304035': '715', '304036': '749', '304040': '687', '304044': '696', '304049': '724', '304051': '701', '304052': '685', '304056': '702', '304057': '666', '304065': '738', '304069': '767', '304071': '710', '304073': '736', '304074': '740', '304075': '736', '304076': '705', '304077': '696', '304079': '695', '304080': '702', '304085': '713', '304089': '731', '304090': '710', '304091': '711', '304092': '699', '304093': '696', '304096': '711', '304101': '736', '304106': '687', '304108': '703', '304109': '723', '304111': '717', '304121': '700', '304123': '727', '304124': '704', '304125': '696', '304130': '733', '304136': '710', '304140': '695', '304145': '669', '304146': '693', '304151': '683', '304155': '647', '304158': '710', '304161': '680', '304162': '711', '304163': '708', '304164': '717', '304168': '711', '304172': '721', '304174': '685', '304177': '738', '304182': '747', '304185': '668', '304186': '733', '304189': '680', '304198': '689', '304202': '684', '304203': '685', '304204': '735', '304206': '719', '304209': '721', '304213': '722', '304215': '664', '304222': '714', '304223': '717', '304226': '715', '304230': '710', '304236': '746', '304241': '739', '311538': '743', '311625': '715', '358125': '702', '358202': '695', '358237': '693', '358342': '732', '358419': '730', '358618': '683', '360215': '689', '360410': '710', '361840': '716', '362121': '751', '362127': '699', '362130': '719', '362146': '728', '362162': '737', '362179': '749', '362187': '696', '362204': '733', '362220': '716', '362226': '729', '362230': '730', '362240': '735', '362245': '706', '362261': '721', '362283': '766', '362324': '714', '362329': '716', '362331': '722', '362340': '700', '362348': '727', '362365': '692', '362368': '685', '362370': '658', '362393': '724', '362402': '722', '362688': '710', '363299': '709', '363894': '717', '364002': '700', '364022': '694', '364047': '681', '364050': '700', '364077': '648', '364083': '717', '364084': '682', '364088': '684', '364091': '693', '364097': '730', '364100': '669', '364104': '678', '364114': '712', '364132': '698', '364140': '697', '364148': '726', '364158': '688', '364165': '744', '364206': '674', '364222': '674', '364231': '708', '364239': '694', '364263': '681', '364280': '708', '364288': '775', '364304': '731', '364310': '680', '364326': '646', '364346': '748', '364359': '723', '364367': '669', '364417': '766', '364421': '731', '364498': '673', '364501': '624', '364539': '720', '364563': '700', '364581': '721', '364601': '728', '364618': '721', '364643': '711', '364647': '704', '364651': '702', '364660': '708', '364664': '685', '394018': '721', '394045': '727', '394132': '723', '394171': '708', '394335': '722', '394437': '730', '394461': '740', '394478': '699', '394495': '715', '394530': '712', '394536': '701', '394560': '697', '394587': '701', '394647': '702', '394788': '714', '394826': '737', '394828': '732', '394947': '711', '395025': '711', '395089': '710', '395340': '708', '395372': '709', '395653': '706', '395862': '723', '396289': '705', '396354': '714', '396476': '711', '396499': '729', '396625': '734', '396638': '698', '396888': '711', '396899': '738', '396910': '729', '396940': '776', '396981': '709', '399004': '716', '399017': '703', '399052': '707', '399069': '691', '399106': '708', '399109': '741', '399215': '724', '399231': '704', '399245': '712', '399272': '720', '399273': '738', '399278': '705', '399284': '658', '399286': '657', '399302': '746', '399316': '719', '399325': '668', '399432': '676', '399437': '688'}}", 'events': 226382, 'type': 'EDM', 'lfn': '/store/user/amalhotr/DYto2Mu-4Jets_Bin-MLL-50_TuneCP5_13p6TeV_madgraphMLM-pythia8/DYto2Mu4Jets_Unpacker_Large/250323_060454/0000/HLTUnpackerOutputLarge_15.root'}, {'parents': '[]', 'runlumi': "{'1': {'205109': 'None', '205139': 'None', '205232': 'None', '205249': 'None', '205314': 'None', '205367': 'None', '205376': 'None', '205384': 'None', '205417': 'None', '205420': 'None', '205449': 'None', '205524': 'None', '205531': 'None', '205566': 'None', '205689': 'None', '205698': 'None', '205728': 'None', '205754': 'None', '205769': 'None', '205778': 'None', '205785': 'None', '205821': 'None', '205827': 'None', '205844': 'None', '205858': 'None', '205860': 'None', '205866': 'None', '205874': 'None', '205883': 'None', '205885': 'None', '205890': 'None', '205892': 'None', '205916': 'None', '205926': 'None', '205940': 'None', '205941': 'None', '205957': 'None', '205977': 'None', '205989': 'None'}}", 'events': 27606, 'type': 'POOLIN', 'lfn': '/store/mc/RunIII2024Summer24MiniAOD/DYto2Mu-4Jets_Bin-MLL-50_TuneCP5_13p6TeV_madgraphMLM-pythia8/MINIAODSIM/140X_mcRun3_2024_realistic_v26-v2/110000/11e4ec2b-6141-4ca4-af84-7e51cb81b751.root_15'}, {'parents': '[]', 'runlumi': "{'1': {'362121': 'None', '362127': 'None', '362130': 'None', '362146': 'None', '362162': 'None', '362179': 'None', '362187': 'None', '362204': 'None', '362220': 'None', '362226': 'None', '362230': 'None', '362240': 'None', '362245': 'None', '362261': 'None', '362283': 'None', '362324': 'None', '362331': 'None', '362340': 'None', '362348': 'None', '362365': 'None', '362368': 'None', '362370': 'None', '362393': 'None', '362402': 'None', '363299': 'None', '364002': 'None', '364022': 'None', '364047': 'None', '364050': 'None', '364077': 'None', '364083': 'None', '364084': 'None', '364088': 'None', '364091': 'None', '364097': 'None', '364100': 'None', '364104': 'None', '364114': 'None', '364132': 'None', '364140': 'None', '364148': 'None', '364158': 'None', '364165': 'None', '364206': 'None', '364222': 'None', '364231': 'None', '364239': 'None', '364263': 'None', '364280': 'None', '364288': 'None', '364304': 'None', '364310': 'None', '364326': 'None', '364346': 'None', '364359': 'None', '364367': 'None', '364417': 'None', '364421': 'None', '364498': 'None', '364501': 'None', '364539': 'None', '364563': 'None', '364581': 'None', '364601': 'None', '364618': 'None', '364643': 'None', '364647': 'None', '364651': 'None', '364660': 'None', '364664': 'None'}}", 'events': 49514, 'type': 'POOLIN', 'lfn': '/store/mc/RunIII2024Summer24MiniAOD/DYto2Mu-4Jets_Bin-MLL-50_TuneCP5_13p6TeV_madgraphMLM-pythia8/MINIAODSIM/140X_mcRun3_2024_realistic_v26-v2/110000/11c25bec-721b-436e-858e-61ada8aa7f42.root_15'}, {'parents': '[]', 'runlumi': "{'1': {'12024': 'None', '12033': 'None', '12063': 'None', '12087': 'None', '12096': 'None', '12137': 'None', '12185': 'None', '12284': 'None', '12291': 'None', '12315': 'None', '12325': 'None', '12342': 'None', '12349': 'None', '12365': 'None', '12383': 'None', '12457': 'None', '12480': 'None', '12512': 'None', '12579': 'None', '12611': 'None', '12612': 'None', '12616': 'None', '12833': 'None', '12850': 'None', '12999': 'None', '13036': 'None', '13060': 'None', '13143': 'None', '13202': 'None', '13206': 'None', '13207': 'None', '13210': 'None', '13212': 'None', '13213': 'None', '13214': 'None', '13215': 'None', '13217': 'None', '13220': 'None', '13223': 'None', '13226': 'None', '13232': 'None', '13241': 'None', '13243': 'None', '13245': 'None', '13248': 'None', '13252': 'None', '13263': 'None', '13265': 'None', '13267': 'None', '13273': 'None', '13274': 'None', '13276': 'None', '13280': 'None', '13281': 'None', '13282': 'None', '13284': 'None', '13286': 'None', '13289': 'None', '13290': 'None', '13291': 'None', '13293': 'None', '13298': 'None', '13301': 'None', '13307': 'None', '13315': 'None', '13323': 'None', '13324': 'None', '13326': 'None', '13330': 'None', '13337': 'None', '13338': 'None'}}", 'events': 49744, 'type': 'POOLIN', 'lfn': '/store/mc/RunIII2024Summer24MiniAOD/DYto2Mu-4Jets_Bin-MLL-50_TuneCP5_13p6TeV_madgraphMLM-pythia8/MINIAODSIM/140X_mcRun3_2024_realistic_v26-v2/110000/118a52e0-89d7-4b37-95c2-fb999aa9b1d5.root_15'}, {'parents': '[]', 'runlumi': "{'1': {'295342': 'None', '295459': 'None', '311538': 'None', '311625': 'None', '358125': 'None', '358202': 'None', '358237': 'None', '358342': 'None', '358419': 'None', '358618': 'None', '360215': 'None', '360410': 'None', '361840': 'None', '362329': 'None', '362688': 'None', '363894': 'None', '394018': 'None', '394045': 'None', '394132': 'None', '394171': 'None', '394335': 'None', '394437': 'None', '394461': 'None', '394478': 'None', '394495': 'None', '394530': 'None', '394536': 'None', '394560': 'None', '394587': 'None', '394647': 'None', '394788': 'None', '394826': 'None', '394828': 'None', '394947': 'None', '395025': 'None', '395089': 'None', '395340': 'None', '395372': 'None', '395653': 'None', '395862': 'None', '396289': 'None', '396354': 'None', '396476': 'None', '396499': 'None', '396625': 'None', '396638': 'None', '396888': 'None', '396899': 'None', '396910': 'None', '396940': 'None', '396981': 'None', '399004': 'None', '399017': 'None', '399052': 'None', '399069': 'None', '399106': 'None', '399109': 'None', '399215': 'None', '399231': 'None', '399245': 'None', '399272': 'None', '399273': 'None', '399278': 'None', '399284': 'None', '399286': 'None', '399302': 'None', '399316': 'None', '399325': 'None', '399432': 'None', '399437': 'None'}}", 'events': 49846, 'type': 'POOLIN', 'lfn': '/store/mc/RunIII2024Summer24MiniAOD/DYto2Mu-4Jets_Bin-MLL-50_TuneCP5_13p6TeV_madgraphMLM-pythia8/MINIAODSIM/140X_mcRun3_2024_realistic_v26-v2/110000/10f46573-062d-478b-9b47-fd60a6b70a25.root_15'}, {'parents': '[]', 'runlumi': "{'1': {'304033': 'None', '304035': 'None', '304036': 'None', '304040': 'None', '304044': 'None', '304049': 'None', '304051': 'None', '304052': 'None', '304056': 'None', '304057': 'None', '304065': 'None', '304069': 'None', '304071': 'None', '304073': 'None', '304074': 'None', '304075': 'None', '304076': 'None', '304077': 'None', '304079': 'None', '304080': 'None', '304085': 'None', '304089': 'None', '304090': 'None', '304091': 'None', '304092': 'None', '304093': 'None', '304096': 'None', '304101': 'None', '304106': 'None', '304108': 'None', '304109': 'None', '304111': 'None', '304121': 'None', '304123': 'None', '304124': 'None', '304125': 'None', '304130': 'None', '304136': 'None', '304140': 'None', '304145': 'None', '304146': 'None', '304151': 'None', '304155': 'None', '304158': 'None', '304161': 'None', '304162': 'None', '304163': 'None', '304164': 'None', '304168': 'None', '304172': 'None', '304174': 'None', '304177': 'None', '304182': 'None', '304185': 'None', '304186': 'None', '304189': 'None', '304198': 'None', '304202': 'None', '304203': 'None', '304204': 'None', '304206': 'None', '304209': 'None', '304213': 'None', '304215': 'None', '304222': 'None', '304223': 'None', '304226': 'None', '304230': 'None', '304236': 'None', '304241': 'None'}}", 'events': 49672, 'type': 'POOLIN', 'lfn': '/store/mc/RunIII2024Summer24MiniAOD/DYto2Mu-4Jets_Bin-MLL-50_TuneCP5_13p6TeV_madgraphMLM-pythia8/MINIAODSIM/140X_mcRun3_2024_realistic_v26-v2/110000/1059f228-62f6-4c22-ac58-81a6d140ce91.root_15'}], '17': [{'parents': "['/store/mc/RunIII2024Summer24MiniAOD/DYto2Mu-4Jets_Bin-MLL-50_TuneCP5_13p6TeV_madgraphMLM-pythia8/MINIAODSIM/140X_mcRun3_2024_realistic_v26-v2/110000/1622a71d-0599-4c9b-b59e-dc76d545782b.root', '/store/mc/RunIII2024Summer24MiniAOD/DYto2Mu-4Jets_Bin-MLL-50_TuneCP5_13p6TeV_madgraphMLM-pythia8/MINIAODSIM/140X_mcRun3_2024_realistic_v26-v2/110000/16fefc78-d150-498e-a4d8-18d22e1774df.root', '/store/mc/RunIII2024Summer24MiniAOD/DYto2Mu-4Jets_Bin-MLL-50_TuneCP5_13p6TeV_madgraphMLM-pythia8/MINIAODSIM/140X_mcRun3_2024_realistic_v26-v2/110000/177ea5e5-c5d7-4ca8-8e65-948683a3b585.root', '/store/mc/RunIII2024Summer24MiniAOD/DYto2Mu-4Jets_Bin-MLL-50_TuneCP5_13p6TeV_madgraphMLM-pythia8/MINIAODSIM/140X_mcRun3_2024_realistic_v26-v2/110000/18039cb1-1979-48ef-9d5a-f07ea19434f0.root', '/store/mc/RunIII2024Summer24MiniAOD/DYto2Mu-4Jets_Bin-MLL-50_TuneCP5_13p6TeV_madgraphMLM-pythia8/MINIAODSIM/140X_mcRun3_2024_realistic_v26-v2/110000/186e279e-5a7e-4b7c-8d20-90e99937d1ca.root']", 'runlumi': "{'1': {'17': '719', '33': '675', '34': '707', '41': '695', '65': '722', '75': '701', '91': '722', '227': '719', '238': '721', '279': '702', '291': '771', '298': '692', '313': '725', '324': '705', '332': '711', '349': '745', '356': '738', '365': '727', '373': '711', '377': '720', '388': '753', '393': '737', '396': '712', '402': '734', '435': '712', '470': '684', '479': '691', '486': '726', '495': '712', '503': '727', '512': '712', '522': '726', '539': '717', '579': '716', '587': '726', '603': '723', '611': '708', '612': '743', '620': '660', '628': '654', '644': '703', '653': '729', '655': '724', '661': '720', '669': '722', '676': '714', '699': '709', '700': '687', '708': '731', '716': '688', '728': '723', '734': '715', '740': '708', '749': '698', '757': '719', '774': '685', '781': '706', '788': '681', '796': '661', '803': '687', '813': '702', '828': '671', '850': '704', '870': '707', '887': '693', '922': '674', '952': '678', '959': '684', '962': '671', '12007': '705', '12960': '699', '13959': '706', '14541': '709', '38093': '647', '39099': '742', '39156': '744', '45131': '721', '45132': '740', '48328': '741', '48917': '687', '50868': '749', '89159': '725', '89170': '716', '90343': '747', '90347': '705', '90363': '708', '90370': '721', '90420': '693', '90425': '706', '90437': '726', '90487': '689', '90499': '731', '90514': '719', '90544': '714', '90569': '707', '90615': '718', '90695': '757', '90740': '743', '90773': '679', '90906': '728', '90934': '710', '90995': '729', '100002': '693', '100008': '733', '100009': '697', '100018': '702', '100027': '718', '100039': '684', '100043': '695', '100049': '689', '100059': '708', '100068': '692', '100077': '703', '100086': '731', '100109': '711', '100113': '710', '100117': '696', '100125': '731', '100130': '739', '100132': '678', '100134': '741', '100135': '731', '100137': '680', '100142': '708', '100147': '725', '100151': '726', '100154': '715', '100163': '684', '100166': '735', '100168': '700', '100181': '710', '100188': '708', '100190': '677', '100194': '731', '100195': '719', '100197': '677', '100200': '687', '100207': '690', '100211': '677', '100213': '716', '100217': '701', '100222': '723', '100224': '718', '100230': '714', '100231': '729', '100236': '704', '100238': '633', '100245': '686', '100248': '683', '100250': '724', '100252': '703', '100253': '685', '100254': '685', '100257': '709', '100262': '681', '100265': '715', '100410': '647', '100412': '697', '100444': '733', '100453': '704', '100543': '710', '100582': '701', '100670': '671', '100682': '715', '100724': '718', '100736': '696', '100777': '653', '100895': '702', '100928': '680', '100968': '699', '100987': '700', '101082': '730', '101177': '760', '101205': '751', '101391': '740', '101393': '716', '101410': '729', '101433': '751', '101474': '744', '101511': '731', '101578': '759', '101581': '757', '101651': '667', '101679': '716', '101720': '725', '101747': '697', '101799': '711', '101948': '727', '101950': '705', '101951': '701', '101956': '696', '101973': '714', '101976': '722', '101995': '737', '119009': '724', '119032': '679', '119036': '721', '119041': '705', '119118': '712', '119135': '728', '119171': '689', '119176': '680', '119192': '679', '119217': '724', '119233': '728', '119242': '773', '119251': '680', '119252': '726', '119256': '683', '119259': '690', '181415': '711', '181430': '723', '181438': '750', '181455': '727', '181636': '742', '181646': '754', '181674': '718', '181680': '673', '181685': '693', '181686': '740', '181688': '731', '181702': '677', '181743': '715', '181784': '734', '181800': '686', '181801': '712', '181808': '691', '181811': '748', '181816': '720', '181824': '735', '181825': '699', '181832': '738', '181835': '708', '181841': '729', '181842': '717', '181843': '733', '181849': '702', '181852': '707', '181865': '704', '181873': '687', '181882': '705', '181883': '694', '181890': '730', '182004': '689', '182013': '702', '182021': '697', '182037': '695', '182045': '718', '182054': '729', '182119': '702', '182137': '677', '182148': '700', '182163': '687', '182167': '731', '182174': '690', '182180': '703', '182184': '677', '182205': '707', '182206': '689', '182208': '723', '182212': '682', '182214': '716', '182215': '714', '182216': '665', '182221': '679', '182222': '692', '182223': '663', '182228': '714', '182234': '737', '182238': '664', '182249': '729', '182255': '689', '182263': '687', '182264': '651', '182269': '706', '182271': '688', '182273': '739', '182279': '708', '182286': '685', '182297': '680', '202729': '748', '202806': '718', '202887': '729', '202986': '724', '203000': '708', '203071': '714', '203074': '732', '203079': '695', '203145': '715', '203154': '739', '203155': '705', '203191': '716', '203199': '719', '203202': '693', '203212': '713', '203217': '722', '203219': '705', '203228': '746', '203229': '669', '203234': '731', '203236': '719', '203243': '751', '203245': '699', '203247': '676', '203251': '707', '203253': '744', '203254': '682', '203258': '730', '203260': '742', '203262': '728', '203267': '685', '203272': '694', '203279': '742', '203288': '728', '203289': '692', '203295': '693', '203303': '698', '203305': '717', '203313': '720', '203320': '725', '203321': '750', '203322': '733', '203329': '710', '203330': '705', '203336': '690', '203345': '707', '203346': '755', '203347': '727', '203353': '687', '203356': '713', '203361': '678', '203370': '714', '203377': '717', '203385': '696', '203387': '698', '203401': '736', '203409': '721', '203417': '704', '203427': '719', '203434': '686', '203442': '652', '203443': '671', '203451': '707', '203471': '723', '203486': '693', '203489': '710', '203511': '746', '203519': '692', '203527': '746', '203534': '736'}}", 'events': 248401, 'type': 'EDM', 'lfn': '/store/user/amalhotr/DYto2Mu-4Jets_Bin-MLL-50_TuneCP5_13p6TeV_madgraphMLM-pythia8/DYto2Mu4Jets_Unpacker_Large/250323_060454/0000/HLTUnpackerOutputLarge_17.root'}, {'parents': '[]', 'runlumi': "{'1': {'181415': 'None', '181430': 'None', '181438': 'None', '181455': 'None', '181636': 'None', '181646': 'None', '181674': 'None', '181680': 'None', '181685': 'None', '181686': 'None', '181688': 'None', '181702': 'None', '181743': 'None', '181784': 'None', '181800': 'None', '181801': 'None', '181808': 'None', '181811': 'None', '181816': 'None', '181824': 'None', '181825': 'None', '181832': 'None', '181835': 'None', '181841': 'None', '181842': 'None', '181843': 'None', '181849': 'None', '181852': 'None', '181865': 'None', '181873': 'None', '181882': 'None', '181883': 'None', '181890': 'None', '182004': 'None', '182013': 'None', '182021': 'None', '182037': 'None', '182045': 'None', '182054': 'None', '182119': 'None', '182137': 'None', '182148': 'None', '182163': 'None', '182167': 'None', '182174': 'None', '182180': 'None', '182184': 'None', '182205': 'None', '182206': 'None', '182208': 'None', '182212': 'None', '182214': 'None', '182215': 'None', '182216': 'None', '182221': 'None', '182222': 'None', '182223': 'None', '182228': 'None', '182234': 'None', '182238': 'None', '182249': 'None', '182255': 'None', '182263': 'None', '182264': 'None', '182269': 'None', '182271': 'None', '182273': 'None', '182279': 'None', '182286': 'None', '182297': 'None'}}", 'events': 49437, 'type': 'POOLIN', 'lfn': '/store/mc/RunIII2024Summer24MiniAOD/DYto2Mu-4Jets_Bin-MLL-50_TuneCP5_13p6TeV_madgraphMLM-pythia8/MINIAODSIM/140X_mcRun3_2024_realistic_v26-v2/110000/186e279e-5a7e-4b7c-8d20-90e99937d1ca.root_17'}, {'parents': '[]', 'runlumi': "{'1': {'12960': 'None', '13959': 'None', '14541': 'None', '38093': 'None', '39099': 'None', '39156': 'None', '45131': 'None', '45132': 'None', '48328': 'None', '48917': 'None', '50868': 'None', '89159': 'None', '89170': 'None', '90487': 'None', '90615': 'None', '100049': 'None', '100410': 'None', '100412': 'None', '100444': 'None', '100453': 'None', '100543': 'None', '100582': 'None', '100670': 'None', '100682': 'None', '100724': 'None', '100736': 'None', '100777': 'None', '100895': 'None', '100928': 'None', '100968': 'None', '100987': 'None', '101082': 'None', '101177': 'None', '101205': 'None', '101391': 'None', '101393': 'None', '101410': 'None', '101433': 'None', '101474': 'None', '101511': 'None', '101578': 'None', '101581': 'None', '101651': 'None', '101679': 'None', '101720': 'None', '101747': 'None', '101799': 'None', '101948': 'None', '101950': 'None', '101951': 'None', '101956': 'None', '101973': 'None', '101976': 'None', '101995': 'None', '119009': 'None', '119032': 'None', '119036': 'None', '119041': 'None', '119118': 'None', '119135': 'None', '119171': 'None', '119176': 'None', '119192': 'None', '119217': 'None', '119233': 'None', '119242': 'None', '119251': 'None', '119252': 'None', '119256': 'None', '119259': 'None'}}", 'events': 49855, 'type': 'POOLIN', 'lfn': '/store/mc/RunIII2024Summer24MiniAOD/DYto2Mu-4Jets_Bin-MLL-50_TuneCP5_13p6TeV_madgraphMLM-pythia8/MINIAODSIM/140X_mcRun3_2024_realistic_v26-v2/110000/18039cb1-1979-48ef-9d5a-f07ea19434f0.root_17'}, {'parents': '[]', 'runlumi': "{'1': {'90343': 'None', '90347': 'None', '90363': 'None', '90370': 'None', '90420': 'None', '90425': 'None', '90437': 'None', '90499': 'None', '90514': 'None', '90544': 'None', '90569': 'None', '90695': 'None', '90740': 'None', '90773': 'None', '90906': 'None', '90934': 'None', '90995': 'None', '100002': 'None', '100008': 'None', '100009': 'None', '100018': 'None', '100027': 'None', '100039': 'None', '100043': 'None', '100059': 'None', '100068': 'None', '100077': 'None', '100086': 'None', '100109': 'None', '100113': 'None', '100117': 'None', '100125': 'None', '100130': 'None', '100132': 'None', '100134': 'None', '100135': 'None', '100137': 'None', '100142': 'None', '100147': 'None', '100151': 'None', '100154': 'None', '100163': 'None', '100166': 'None', '100168': 'None', '100181': 'None', '100188': 'None', '100190': 'None', '100194': 'None', '100195': 'None', '100197': 'None', '100200': 'None', '100207': 'None', '100211': 'None', '100213': 'None', '100217': 'None', '100222': 'None', '100224': 'None', '100230': 'None', '100231': 'None', '100236': 'None', '100238': 'None', '100245': 'None', '100248': 'None', '100250': 'None', '100252': 'None', '100253': 'None', '100254': 'None', '100257': 'None', '100262': 'None', '100265': 'None'}}", 'events': 49574, 'type': 'POOLIN', 'lfn': '/store/mc/RunIII2024Summer24MiniAOD/DYto2Mu-4Jets_Bin-MLL-50_TuneCP5_13p6TeV_madgraphMLM-pythia8/MINIAODSIM/140X_mcRun3_2024_realistic_v26-v2/110000/177ea5e5-c5d7-4ca8-8e65-948683a3b585.root_17'}, {'parents': '[]', 'runlumi': "{'1': {'202729': 'None', '202806': 'None', '202887': 'None', '202986': 'None', '203000': 'None', '203071': 'None', '203074': 'None', '203079': 'None', '203145': 'None', '203154': 'None', '203155': 'None', '203191': 'None', '203199': 'None', '203202': 'None', '203212': 'None', '203217': 'None', '203219': 'None', '203228': 'None', '203229': 'None', '203234': 'None', '203236': 'None', '203243': 'None', '203245': 'None', '203247': 'None', '203251': 'None', '203253': 'None', '203254': 'None', '203258': 'None', '203260': 'None', '203262': 'None', '203267': 'None', '203272': 'None', '203279': 'None', '203288': 'None', '203289': 'None', '203295': 'None', '203303': 'None', '203305': 'None', '203313': 'None', '203320': 'None', '203321': 'None', '203322': 'None', '203329': 'None', '203330': 'None', '203336': 'None', '203345': 'None', '203346': 'None', '203347': 'None', '203353': 'None', '203356': 'None', '203361': 'None', '203370': 'None', '203377': 'None', '203385': 'None', '203387': 'None', '203401': 'None', '203409': 'None', '203417': 'None', '203427': 'None', '203434': 'None', '203442': 'None', '203443': 'None', '203451': 'None', '203471': 'None', '203486': 'None', '203489': 'None', '203511': 'None', '203519': 'None', '203527': 'None', '203534': 'None'}}", 'events': 49935, 'type': 'POOLIN', 'lfn': '/store/mc/RunIII2024Summer24MiniAOD/DYto2Mu-4Jets_Bin-MLL-50_TuneCP5_13p6TeV_madgraphMLM-pythia8/MINIAODSIM/140X_mcRun3_2024_realistic_v26-v2/110000/16fefc78-d150-498e-a4d8-18d22e1774df.root_17'}, {'parents': '[]', 'runlumi': "{'1': {'17': 'None', '33': 'None', '34': 'None', '41': 'None', '65': 'None', '75': 'None', '91': 'None', '227': 'None', '238': 'None', '279': 'None', '291': 'None', '298': 'None', '313': 'None', '324': 'None', '332': 'None', '349': 'None', '356': 'None', '365': 'None', '373': 'None', '377': 'None', '388': 'None', '393': 'None', '396': 'None', '402': 'None', '435': 'None', '470': 'None', '479': 'None', '486': 'None', '495': 'None', '503': 'None', '512': 'None', '522': 'None', '539': 'None', '579': 'None', '587': 'None', '603': 'None', '611': 'None', '612': 'None', '620': 'None', '628': 'None', '644': 'None', '653': 'None', '655': 'None', '661': 'None', '669': 'None', '676': 'None', '699': 'None', '700': 'None', '708': 'None', '716': 'None', '728': 'None', '734': 'None', '740': 'None', '749': 'None', '757': 'None', '774': 'None', '781': 'None', '788': 'None', '796': 'None', '803': 'None', '813': 'None', '828': 'None', '850': 'None', '870': 'None', '887': 'None', '922': 'None', '952': 'None', '959': 'None', '962': 'None', '12007': 'None'}}", 'events': 49600, 'type': 'POOLIN', 'lfn': '/store/mc/RunIII2024Summer24MiniAOD/DYto2Mu-4Jets_Bin-MLL-50_TuneCP5_13p6TeV_madgraphMLM-pythia8/MINIAODSIM/140X_mcRun3_2024_realistic_v26-v2/110000/1622a71d-0599-4c9b-b59e-dc76d545782b.root_17'}], '10': [{'parents': "['/store/mc/RunIII2024Summer24MiniAOD/DYto2Mu-4Jets_Bin-MLL-50_TuneCP5_13p6TeV_madgraphMLM-pythia8/MINIAODSIM/140X_mcRun3_2024_realistic_v26-v2/110000/003d60b2-e312-4154-9795-f95564228da5.root', '/store/mc/RunIII2024Summer24MiniAOD/DYto2Mu-4Jets_Bin-MLL-50_TuneCP5_13p6TeV_madgraphMLM-pythia8/MINIAODSIM/140X_mcRun3_2024_realistic_v26-v2/110000/00a31e63-ef33-4b0a-a267-ef8004cda8ac.root', '/store/mc/RunIII2024Summer24MiniAOD/DYto2Mu-4Jets_Bin-MLL-50_TuneCP5_13p6TeV_madgraphMLM-pythia8/MINIAODSIM/140X_mcRun3_2024_realistic_v26-v2/110000/010ea098-2b59-46ec-aec3-b81ae27bcdc0.root', '/store/mc/RunIII2024Summer24MiniAOD/DYto2Mu-4Jets_Bin-MLL-50_TuneCP5_13p6TeV_madgraphMLM-pythia8/MINIAODSIM/140X_mcRun3_2024_realistic_v26-v2/110000/0253044d-64ff-4aee-bbb7-d491f62d5a36.root', '/store/mc/RunIII2024Summer24MiniAOD/DYto2Mu-4Jets_Bin-MLL-50_TuneCP5_13p6TeV_madgraphMLM-pythia8/MINIAODSIM/140X_mcRun3_2024_realistic_v26-v2/110000/02df5b47-6f7c-4376-ab0b-a477f3d0df52.root']", 'runlumi': "{'1': {'45954': '728', '48932': '766', '89154': '721', '89174': '710', '89205': '697', '89333': '715', '89432': '733', '89576': '681', '89698': '745', '89766': '705', '89886': '709', '89902': '712', '89939': '710', '90136': '729', '90759': '680', '90816': '732', '90841': '701', '90932': '723', '90976': '747', '100273': '706', '100620': '685', '100887': '703', '100937': '686', '100984': '703', '101017': '715', '101155': '715', '101156': '692', '101160': '730', '101163': '705', '101173': '721', '101176': '710', '101182': '746', '101184': '696', '101189': '713', '101192': '725', '101193': '693', '101200': '724', '101206': '679', '101238': '733', '101245': '709', '101281': '731', '101286': '722', '101292': '721', '101298': '762', '101303': '723', '101322': '701', '101331': '753', '101338': '705', '101379': '757', '101396': '704', '101426': '704', '101437': '722', '101467': '735', '101502': '741', '101516': '745', '101545': '751', '101546': '717', '101550': '721', '101553': '716', '101555': '683', '101558': '692', '101562': '753', '101572': '751', '101574': '734', '101577': '719', '101579': '734', '101582': '712', '101591': '709', '101632': '741', '101668': '703', '101689': '684', '101696': '757', '101697': '714', '101700': '754', '101709': '730', '101712': '741', '101714': '716', '101716': '685', '101721': '709', '101726': '712', '101729': '685', '101732': '671', '101736': '677', '101745': '721', '101750': '688', '101756': '697', '101758': '707', '101785': '699', '101791': '708', '101792': '681', '101794': '708', '101803': '698', '101804': '750', '101806': '675', '101943': '707', '119278': '706', '119410': '767', '119430': '706', '119503': '711', '119730': '672', '119741': '692', '119912': '757', '120030': '693', '120063': '699', '120097': '698', '120120': '740', '120138': '726', '120237': '693', '120284': '705', '120329': '696', '120358': '721', '120467': '691', '120489': '694', '120540': '669', '120628': '705', '120706': '749', '120743': '746', '120758': '696', '120874': '679', '120962': '703', '120995': '719', '143065': '665', '143080': '721', '143119': '712', '143331': '755', '143356': '686', '143372': '721', '143447': '737', '143471': '709', '143479': '704', '143488': '734', '143562': '725', '143610': '736', '144008': '713', '144017': '694', '144025': '681', '144041': '695', '144147': '735', '144161': '692', '182968': '708', '186020': '672', '186029': '677', '186034': '694', '186149': '672', '186351': '717', '186375': '714', '186428': '726', '186436': '726', '186444': '728', '186460': '695', '186469': '715', '186475': '702', '186477': '710', '186485': '666', '186494': '716', '186501': '720', '186518': '737', '186526': '698', '186535': '679', '186559': '724', '186567': '678', '186590': '699', '186602': '733', '186611': '747', '186734': '745', '186787': '720', '186812': '683', '186829': '697', '186834': '717', '186836': '700', '186843': '748', '186845': '682', '186853': '694', '186870': '744', '186877': '692', '186886': '704', '186903': '736', '186911': '686', '186918': '739', '186941': '719', '186957': '739', '186973': '712', '186981': '696', '202064': '704', '202082': '682', '202097': '698', '202099': '670', '202113': '678', '202134': '672', '202142': '655', '202289': '693', '202330': '703', '202346': '689', '202370': '716', '202372': '708', '202376': '704', '202382': '663', '202384': '704', '202386': '668', '202389': '691', '202390': '698', '202392': '723', '202393': '665', '202396': '700', '202400': '693', '202407': '694', '202411': '723', '202451': '742', '202487': '706', '202494': '690', '203544': '715', '203560': '706', '203568': '701', '203585': '727', '203601': '681', '203609': '734', '203617': '649', '203620': '712', '203626': '740', '203642': '723', '203650': '681', '203651': '689', '203659': '657', '203667': '700', '203683': '716', '203700': '692', '203708': '715', '203751': '756', '203760': '699', '203768': '707', '203776': '686', '203785': '722', '203792': '703', '203801': '753', '203809': '742', '203818': '718', '203826': '691', '203833': '740', '203842': '709', '203855': '730', '203879': '716', '203994': '715', '204025': '708', '204029': '714', '204030': '676', '204035': '730', '204038': '712', '204039': '710', '204055': '732', '204063': '677', '204079': '709', '204095': '686', '204112': '685', '204120': '693', '204121': '680', '204135': '711', '204136': '705', '204137': '727', '204145': '709', '204146': '708', '204161': '713', '204162': '663', '204172': '729', '204178': '677', '204179': '721', '204189': '701', '204202': '668', '204204': '737', '204226': '702', '204229': '730', '204235': '728', '204251': '684', '204253': '714', '204260': '711', '204263': '739', '204264': '721', '204267': '675', '204275': '711', '204284': '698', '204298': '698', '204308': '715', '204314': '761', '204317': '718', '204320': '724', '204322': '723', '204329': '695', '204333': '687', '204342': '708', '204346': '692', '204349': '707', '204350': '719', '204354': '692', '204363': '722', '204420': '712', '204436': '742', '204465': '677', '204496': '700', '204549': '716', '204551': '721', '204574': '679', '204672': '699', '204721': '713', '204756': '706', '204763': '714', '204764': '694', '204781': '734', '204812': '690', '204928': '675', '204946': '725', '204960': '671', '205039': '725', '205135': '726', '205137': '728', '205188': '734', '205219': '696', '205266': '704', '205268': '680', '205299': '710', '205308': '716', '205395': '724', '205462': '717', '205473': '700', '205606': '698', '205622': '688', '205678': '730', '205685': '717', '205687': '712', '205694': '713', '205703': '707', '205705': '677', '205712': '736', '205719': '716', '205741': '738', '205760': '701', '205774': '678', '205776': '691', '205784': '723', '205798': '721', '205801': '728', '205809': '705', '205814': '733', '205815': '693', '205817': '757', '205848': '713', '205865': '733', '205869': '777', '205882': '700', '205898': '759', '205907': '721', '205908': '722'}}", 'events': 248550, 'type': 'EDM', 'lfn': '/store/user/amalhotr/DYto2Mu-4Jets_Bin-MLL-50_TuneCP5_13p6TeV_madgraphMLM-pythia8/DYto2Mu4Jets_Unpacker_Large/250323_060454/0000/HLTUnpackerOutputLarge_10.root'}, {'parents': '[]', 'runlumi': "{'1': {'101155': 'None', '101156': 'None', '101160': 'None', '101163': 'None', '101173': 'None', '101176': 'None', '101182': 'None', '101184': 'None', '101189': 'None', '101192': 'None', '101193': 'None', '101200': 'None', '101206': 'None', '101238': 'None', '101245': 'None', '101281': 'None', '101286': 'None', '101292': 'None', '101298': 'None', '101303': 'None', '101322': 'None', '101331': 'None', '101338': 'None', '101379': 'None', '101396': 'None', '101426': 'None', '101437': 'None', '101467': 'None', '101502': 'None', '101516': 'None', '101545': 'None', '101546': 'None', '101550': 'None', '101553': 'None', '101555': 'None', '101558': 'None', '101562': 'None', '101572': 'None', '101574': 'None', '101577': 'None', '101579': 'None', '101582': 'None', '101591': 'None', '101632': 'None', '101668': 'None', '101689': 'None', '101696': 'None', '101697': 'None', '101700': 'None', '101709': 'None', '101712': 'None', '101714': 'None', '101716': 'None', '101721': 'None', '101726': 'None', '101729': 'None', '101732': 'None', '101736': 'None', '101745': 'None', '101750': 'None', '101756': 'None', '101758': 'None', '101785': 'None', '101791': 'None', '101792': 'None', '101794': 'None', '101803': 'None', '101804': 'None', '101806': 'None'}}", 'events': 49420, 'type': 'POOLIN', 'lfn': '/store/mc/RunIII2024Summer24MiniAOD/DYto2Mu-4Jets_Bin-MLL-50_TuneCP5_13p6TeV_madgraphMLM-pythia8/MINIAODSIM/140X_mcRun3_2024_realistic_v26-v2/110000/02df5b47-6f7c-4376-ab0b-a477f3d0df52.root_10'}, {'parents': '[]', 'runlumi': "{'1': {'204135': 'None', '204172': 'None', '204189': 'None', '204204': 'None', '204263': 'None', '204264': 'None', '204275': 'None', '204298': 'None', '204322': 'None', '204329': 'None', '204346': 'None', '204354': 'None', '204363': 'None', '204420': 'None', '204436': 'None', '204465': 'None', '204496': 'None', '204549': 'None', '204551': 'None', '204574': 'None', '204672': 'None', '204721': 'None', '204756': 'None', '204763': 'None', '204764': 'None', '204781': 'None', '204812': 'None', '204928': 'None', '204946': 'None', '204960': 'None', '205039': 'None', '205135': 'None', '205137': 'None', '205188': 'None', '205219': 'None', '205266': 'None', '205268': 'None', '205299': 'None', '205308': 'None', '205395': 'None', '205462': 'None', '205473': 'None', '205606': 'None', '205622': 'None', '205678': 'None', '205685': 'None', '205687': 'None', '205694': 'None', '205703': 'None', '205705': 'None', '205712': 'None', '205719': 'None', '205741': 'None', '205760': 'None', '205774': 'None', '205776': 'None', '205784': 'None', '205798': 'None', '205801': 'None', '205809': 'None', '205814': 'None', '205815': 'None', '205817': 'None', '205848': 'None', '205865': 'None', '205869': 'None', '205882': 'None', '205898': 'None', '205907': 'None', '205908': 'None'}}", 'events': 49886, 'type': 'POOLIN', 'lfn': '/store/mc/RunIII2024Summer24MiniAOD/DYto2Mu-4Jets_Bin-MLL-50_TuneCP5_13p6TeV_madgraphMLM-pythia8/MINIAODSIM/140X_mcRun3_2024_realistic_v26-v2/110000/0253044d-64ff-4aee-bbb7-d491f62d5a36.root_10'}, {'parents': '[]', 'runlumi': "{'1': {'203544': 'None', '203560': 'None', '203568': 'None', '203585': 'None', '203601': 'None', '203609': 'None', '203617': 'None', '203620': 'None', '203626': 'None', '203642': 'None', '203650': 'None', '203651': 'None', '203659': 'None', '203667': 'None', '203683': 'None', '203700': 'None', '203708': 'None', '203751': 'None', '203760': 'None', '203768': 'None', '203776': 'None', '203785': 'None', '203792': 'None', '203801': 'None', '203809': 'None', '203818': 'None', '203826': 'None', '203833': 'None', '203842': 'None', '203855': 'None', '203879': 'None', '203994': 'None', '204025': 'None', '204029': 'None', '204030': 'None', '204035': 'None', '204038': 'None', '204039': 'None', '204055': 'None', '204063': 'None', '204079': 'None', '204095': 'None', '204112': 'None', '204120': 'None', '204121': 'None', '204136': 'None', '204137': 'None', '204145': 'None', '204146': 'None', '204161': 'None', '204162': 'None', '204178': 'None', '204179': 'None', '204202': 'None', '204226': 'None', '204229': 'None', '204235': 'None', '204251': 'None', '204253': 'None', '204260': 'None', '204267': 'None', '204284': 'None', '204308': 'None', '204314': 'None', '204317': 'None', '204320': 'None', '204333': 'None', '204342': 'None', '204349': 'None', '204350': 'None'}}", 'events': 49509, 'type': 'POOLIN', 'lfn': '/store/mc/RunIII2024Summer24MiniAOD/DYto2Mu-4Jets_Bin-MLL-50_TuneCP5_13p6TeV_madgraphMLM-pythia8/MINIAODSIM/140X_mcRun3_2024_realistic_v26-v2/110000/010ea098-2b59-46ec-aec3-b81ae27bcdc0.root_10'}, {'parents': '[]', 'runlumi': "{'1': {'182968': 'None', '186020': 'None', '186029': 'None', '186034': 'None', '186149': 'None', '186351': 'None', '186375': 'None', '186428': 'None', '186436': 'None', '186444': 'None', '186460': 'None', '186469': 'None', '186475': 'None', '186477': 'None', '186485': 'None', '186494': 'None', '186501': 'None', '186518': 'None', '186526': 'None', '186535': 'None', '186559': 'None', '186567': 'None', '186590': 'None', '186602': 'None', '186611': 'None', '186734': 'None', '186787': 'None', '186812': 'None', '186829': 'None', '186834': 'None', '186836': 'None', '186843': 'None', '186845': 'None', '186853': 'None', '186870': 'None', '186877': 'None', '186886': 'None', '186903': 'None', '186911': 'None', '186918': 'None', '186941': 'None', '186957': 'None', '186973': 'None', '186981': 'None', '202064': 'None', '202082': 'None', '202097': 'None', '202099': 'None', '202113': 'None', '202134': 'None', '202142': 'None', '202289': 'None', '202330': 'None', '202346': 'None', '202370': 'None', '202372': 'None', '202376': 'None', '202382': 'None', '202384': 'None', '202386': 'None', '202389': 'None', '202390': 'None', '202392': 'None', '202393': 'None', '202396': 'None', '202400': 'None', '202407': 'None', '202411': 'None', '202451': 'None', '202487': 'None', '202494': 'None'}}", 'events': 49938, 'type': 'POOLIN', 'lfn': '/store/mc/RunIII2024Summer24MiniAOD/DYto2Mu-4Jets_Bin-MLL-50_TuneCP5_13p6TeV_madgraphMLM-pythia8/MINIAODSIM/140X_mcRun3_2024_realistic_v26-v2/110000/00a31e63-ef33-4b0a-a267-ef8004cda8ac.root_10'}, {'parents': '[]', 'runlumi': "{'1': {'45954': 'None', '48932': 'None', '89154': 'None', '89174': 'None', '89205': 'None', '89333': 'None', '89432': 'None', '89576': 'None', '89698': 'None', '89766': 'None', '89886': 'None', '89902': 'None', '89939': 'None', '90136': 'None', '90759': 'None', '90816': 'None', '90841': 'None', '90932': 'None', '90976': 'None', '100273': 'None', '100620': 'None', '100887': 'None', '100937': 'None', '100984': 'None', '101017': 'None', '101943': 'None', '119278': 'None', '119410': 'None', '119430': 'None', '119503': 'None', '119730': 'None', '119741': 'None', '119912': 'None', '120030': 'None', '120063': 'None', '120097': 'None', '120120': 'None', '120138': 'None', '120237': 'None', '120284': 'None', '120329': 'None', '120358': 'None', '120467': 'None', '120489': 'None', '120540': 'None', '120628': 'None', '120706': 'None', '120743': 'None', '120758': 'None', '120874': 'None', '120962': 'None', '120995': 'None', '143065': 'None', '143080': 'None', '143119': 'None', '143331': 'None', '143356': 'None', '143372': 'None', '143447': 'None', '143471': 'None', '143479': 'None', '143488': 'None', '143562': 'None', '143610': 'None', '144008': 'None', '144017': 'None', '144025': 'None', '144041': 'None', '144147': 'None', '144161': 'None'}}", 'events': 49797, 'type': 'POOLIN', 'lfn': '/store/mc/RunIII2024Summer24MiniAOD/DYto2Mu-4Jets_Bin-MLL-50_TuneCP5_13p6TeV_madgraphMLM-pythia8/MINIAODSIM/140X_mcRun3_2024_realistic_v26-v2/110000/003d60b2-e312-4154-9795-f95564228da5.root_10'}], '13': [{'parents': "['/store/mc/RunIII2024Summer24MiniAOD/DYto2Mu-4Jets_Bin-MLL-50_TuneCP5_13p6TeV_madgraphMLM-pythia8/MINIAODSIM/140X_mcRun3_2024_realistic_v26-v2/110000/09117461-951d-4839-80b7-23a2bde76164.root', '/store/mc/RunIII2024Summer24MiniAOD/DYto2Mu-4Jets_Bin-MLL-50_TuneCP5_13p6TeV_madgraphMLM-pythia8/MINIAODSIM/140X_mcRun3_2024_realistic_v26-v2/110000/09917817-fc65-4f75-8ba7-eaf27abe2a80.root', '/store/mc/RunIII2024Summer24MiniAOD/DYto2Mu-4Jets_Bin-MLL-50_TuneCP5_13p6TeV_madgraphMLM-pythia8/MINIAODSIM/140X_mcRun3_2024_realistic_v26-v2/110000/09ac5438-a590-40e4-908f-913237709985.root', '/store/mc/RunIII2024Summer24MiniAOD/DYto2Mu-4Jets_Bin-MLL-50_TuneCP5_13p6TeV_madgraphMLM-pythia8/MINIAODSIM/140X_mcRun3_2024_realistic_v26-v2/110000/0a23ca2b-fc23-4a35-99d5-02503121f8d2.root', '/store/mc/RunIII2024Summer24MiniAOD/DYto2Mu-4Jets_Bin-MLL-50_TuneCP5_13p6TeV_madgraphMLM-pythia8/MINIAODSIM/140X_mcRun3_2024_realistic_v26-v2/110000/0a4528c3-9844-46c2-b07e-133d1c1e63e2.root']", 'runlumi': "{'1': {'12467': '710', '12583': '665', '12900': '720', '12912': '705', '14427': '712', '14738': '721', '38078': '695', '38147': '712', '38176': '736', '38270': '703', '38308': '718', '38309': '712', '38392': '708', '38397': '688', '38479': '710', '38532': '704', '38593': '722', '38635': '708', '38638': '665', '38644': '689', '38664': '707', '38684': '688', '38691': '723', '38692': '725', '38717': '707', '38733': '739', '38742': '686', '38831': '700', '38927': '726', '38930': '743', '38945': '691', '38977': '671', '38984': '697', '45041': '728', '45310': '710', '45327': '654', '45354': '733', '45653': '693', '45657': '697', '46005': '690', '46011': '730', '46012': '717', '46031': '704', '46035': '697', '46038': '723', '46039': '733', '46076': '671', '46080': '719', '46087': '699', '46094': '729', '46100': '724', '46117': '685', '46136': '749', '46144': '707', '46145': '715', '46154': '725', '46158': '711', '46174': '740', '46182': '747', '46186': '690', '46191': '656', '46199': '675', '46202': '704', '46211': '700', '46229': '717', '46230': '722', '46240': '750', '46243': '676', '46245': '697', '46248': '682', '46254': '689', '46261': '686', '46262': '715', '46271': '720', '46274': '666', '46288': '704', '47234': '753', '49299': '715', '49323': '687', '50413': '726', '50415': '726', '50421': '711', '50425': '724', '50429': '693', '50431': '655', '50434': '708', '50437': '675', '50444': '735', '50446': '695', '50449': '707', '50451': '684', '50454': '670', '50456': '699', '50459': '676', '50472': '687', '50475': '708', '50487': '732', '50492': '689', '50495': '735', '50496': '690', '50500': '705', '50503': '669', '50510': '702', '50512': '723', '50513': '699', '50516': '693', '50519': '735', '50520': '735', '50528': '722', '50530': '707', '50533': '711', '50536': '686', '50544': '726', '50547': '735', '50551': '694', '50552': '679', '50554': '720', '50561': '686', '50562': '711', '50570': '735', '50571': '721', '50574': '740', '50577': '704', '50578': '704', '50585': '720', '50588': '667', '50590': '690', '50592': '714', '50593': '693', '50594': '723', '50595': '662', '50599': '731', '50600': '687', '50602': '684', '50605': '702', '50609': '656', '50611': '707', '50615': '710', '50618': '727', '50619': '658', '50625': '691', '50634': '722', '50635': '728', '50643': '677', '50650': '736', '50656': '733', '50667': '730', '50672': '704', '50674': '700', '50683': '706', '89051': '733', '89052': '710', '89057': '728', '89060': '711', '89062': '709', '89069': '745', '89074': '703', '89076': '723', '89082': '709', '89091': '728', '89092': '734', '89098': '670', '89099': '720', '89101': '705', '89108': '733', '89114': '731', '89115': '723', '89117': '739', '89122': '715', '89123': '727', '89124': '746', '89125': '731', '89132': '741', '89138': '734', '89140': '714', '89141': '723', '89143': '716', '89155': '693', '89161': '717', '89162': '702', '89164': '721', '89169': '682', '89171': '718', '89172': '704', '89185': '714', '89186': '758', '89187': '684', '89192': '711', '89193': '695', '89194': '705', '89196': '736', '89203': '732', '89210': '704', '89211': '767', '89213': '713', '89217': '714', '89218': '702', '89220': '722', '89221': '714', '89228': '697', '89233': '732', '89234': '746', '89235': '740', '89237': '708', '89238': '738', '89241': '750', '89243': '710', '89245': '684', '89251': '699', '89254': '720', '89265': '722', '89266': '721', '89267': '713', '89271': '692', '89272': '705', '89273': '678', '89274': '714', '89278': '717', '89282': '718', '89283': '689', '89288': '725', '89290': '710', '89291': '691', '89298': '718', '89299': '699', '89306': '696', '89307': '731', '89308': '727', '89313': '744', '89315': '691', '89318': '718', '89323': '690', '89324': '697', '89328': '687', '89329': '716', '89331': '714', '89335': '710', '89339': '729', '89347': '697', '89375': '745', '89427': '734', '89502': '700', '89519': '683', '89553': '690', '89573': '707', '89590': '684', '89610': '690', '89648': '705', '89651': '708', '89663': '722', '89673': '725', '89680': '712', '89696': '714', '89742': '705', '89759': '701', '89806': '691', '89824': '692', '90007': '679', '90011': '708', '90021': '695', '90037': '696', '90040': '720', '90047': '724', '90053': '702', '90057': '703', '90064': '698', '90129': '684', '90130': '701', '90143': '727', '90152': '699', '90165': '686', '90166': '708', '90186': '689', '90194': '705', '90199': '670', '90201': '692', '90217': '666', '90225': '684', '90234': '653', '90257': '719', '90262': '703', '205041': '697', '205049': '690', '205118': '684', '205128': '707', '205136': '696', '205143': '714', '205148': '727', '205170': '705', '205178': '709', '205185': '713', '205194': '702', '205209': '732', '205214': '685', '205220': '704', '205284': '709', '205291': '730', '205307': '702', '205341': '691', '205342': '699', '205350': '681', '205357': '690', '205397': '682', '205398': '698', '205406': '713', '205408': '713', '205439': '693', '205454': '724', '205455': '716', '205463': '690', '205470': '691', '205481': '698', '205489': '718', '205497': '719', '205504': '702', '205511': '732', '205513': '680', '205522': '745', '205529': '736', '205536': '747', '205538': '722', '205556': '694', '205593': '710', '205608': '716', '205611': '681', '205636': '696', '205661': '735', '205718': '710', '205736': '675', '205743': '646', '205747': '696', '205767': '704', '205775': '720', '205783': '684', '205792': '674', '205800': '696', '205806': '679', '205813': '707', '205823': '672', '205829': '670', '205837': '675', '205846': '671', '205861': '699', '205893': '690', '205919': '715', '205937': '670', '205984': '716', '205987': '702', '241031': '686', '241039': '684', '241057': '723', '241064': '716'}}", 'events': 248774, 'type': 'EDM', 'lfn': '/store/user/amalhotr/DYto2Mu-4Jets_Bin-MLL-50_TuneCP5_13p6TeV_madgraphMLM-pythia8/DYto2Mu4Jets_Unpacker_Large/250323_060454/0000/HLTUnpackerOutputLarge_13.root'}, {'parents': '[]', 'runlumi': "{'1': {'50413': 'None', '50415': 'None', '50421': 'None', '50425': 'None', '50429': 'None', '50431': 'None', '50434': 'None', '50437': 'None', '50444': 'None', '50446': 'None', '50449': 'None', '50451': 'None', '50454': 'None', '50456': 'None', '50459': 'None', '50472': 'None', '50475': 'None', '50487': 'None', '50492': 'None', '50495': 'None', '50496': 'None', '50500': 'None', '50503': 'None', '50510': 'None', '50512': 'None', '50513': 'None', '50516': 'None', '50519': 'None', '50520': 'None', '50528': 'None', '50530': 'None', '50533': 'None', '50536': 'None', '50544': 'None', '50547': 'None', '50551': 'None', '50552': 'None', '50554': 'None', '50561': 'None', '50562': 'None', '50570': 'None', '50571': 'None', '50574': 'None', '50577': 'None', '50578': 'None', '50585': 'None', '50588': 'None', '50590': 'None', '50592': 'None', '50593': 'None', '50594': 'None', '50595': 'None', '50599': 'None', '50600': 'None', '50602': 'None', '50605': 'None', '50609': 'None', '50611': 'None', '50615': 'None', '50618': 'None', '50619': 'None', '50625': 'None', '50634': 'None', '50635': 'None', '50643': 'None', '50650': 'None', '50656': 'None', '50667': 'None', '50672': 'None', '50674': 'None', '50683': 'None'}}", 'events': 50025, 'type': 'POOLIN', 'lfn': '/store/mc/RunIII2024Summer24MiniAOD/DYto2Mu-4Jets_Bin-MLL-50_TuneCP5_13p6TeV_madgraphMLM-pythia8/MINIAODSIM/140X_mcRun3_2024_realistic_v26-v2/110000/0a4528c3-9844-46c2-b07e-133d1c1e63e2.root_13'}, {'parents': '[]', 'runlumi': "{'1': {'45041': 'None', '45310': 'None', '45327': 'None', '45354': 'None', '45653': 'None', '45657': 'None', '47234': 'None', '49299': 'None', '49323': 'None', '89051': 'None', '89052': 'None', '89057': 'None', '89060': 'None', '89062': 'None', '89069': 'None', '89074': 'None', '89076': 'None', '89082': 'None', '89091': 'None', '89092': 'None', '89098': 'None', '89099': 'None', '89101': 'None', '89108': 'None', '89114': 'None', '89115': 'None', '89117': 'None', '89122': 'None', '89123': 'None', '89124': 'None', '89125': 'None', '89132': 'None', '89138': 'None', '89140': 'None', '89141': 'None', '89143': 'None', '89155': 'None', '89161': 'None', '89164': 'None', '89169': 'None', '89172': 'None', '89186': 'None', '89196': 'None', '89203': 'None', '89211': 'None', '89213': 'None', '89218': 'None', '89221': 'None', '89228': 'None', '89234': 'None', '89235': 'None', '89237': 'None', '89238': 'None', '89243': 'None', '89245': 'None', '89267': 'None', '89271': 'None', '89274': 'None', '89278': 'None', '89288': 'None', '89299': 'None', '89307': 'None', '89308': 'None', '89315': 'None', '89318': 'None', '89324': 'None', '89328': 'None', '89331': 'None', '89335': 'None'}}", 'events': 49468, 'type': 'POOLIN', 'lfn': '/store/mc/RunIII2024Summer24MiniAOD/DYto2Mu-4Jets_Bin-MLL-50_TuneCP5_13p6TeV_madgraphMLM-pythia8/MINIAODSIM/140X_mcRun3_2024_realistic_v26-v2/110000/0a23ca2b-fc23-4a35-99d5-02503121f8d2.root_13'}, {'parents': '[]', 'runlumi': "{'1': {'12467': 'None', '12583': 'None', '12900': 'None', '12912': 'None', '14427': 'None', '14738': 'None', '38078': 'None', '38147': 'None', '38176': 'None', '38270': 'None', '38308': 'None', '38309': 'None', '38392': 'None', '38397': 'None', '38479': 'None', '38532': 'None', '38593': 'None', '38635': 'None', '38638': 'None', '38644': 'None', '38664': 'None', '38684': 'None', '38691': 'None', '38692': 'None', '38717': 'None', '38733': 'None', '38742': 'None', '38831': 'None', '38927': 'None', '38930': 'None', '38945': 'None', '38977': 'None', '38984': 'None', '46005': 'None', '46011': 'None', '46012': 'None', '46031': 'None', '46035': 'None', '46038': 'None', '46039': 'None', '46076': 'None', '46080': 'None', '46087': 'None', '46094': 'None', '46100': 'None', '46117': 'None', '46136': 'None', '46144': 'None', '46145': 'None', '46154': 'None', '46158': 'None', '46174': 'None', '46182': 'None', '46186': 'None', '46191': 'None', '46199': 'None', '46202': 'None', '46211': 'None', '46229': 'None', '46230': 'None', '46240': 'None', '46243': 'None', '46245': 'None', '46248': 'None', '46254': 'None', '46261': 'None', '46262': 'None', '46271': 'None', '46274': 'None', '46288': 'None'}}", 'events': 49470, 'type': 'POOLIN', 'lfn': '/store/mc/RunIII2024Summer24MiniAOD/DYto2Mu-4Jets_Bin-MLL-50_TuneCP5_13p6TeV_madgraphMLM-pythia8/MINIAODSIM/140X_mcRun3_2024_realistic_v26-v2/110000/09ac5438-a590-40e4-908f-913237709985.root_13'}, {'parents': '[]', 'runlumi': "{'1': {'89162': 'None', '89171': 'None', '89185': 'None', '89187': 'None', '89192': 'None', '89193': 'None', '89194': 'None', '89210': 'None', '89217': 'None', '89220': 'None', '89233': 'None', '89241': 'None', '89251': 'None', '89254': 'None', '89265': 'None', '89266': 'None', '89272': 'None', '89273': 'None', '89282': 'None', '89283': 'None', '89290': 'None', '89291': 'None', '89298': 'None', '89306': 'None', '89313': 'None', '89323': 'None', '89329': 'None', '89339': 'None', '89347': 'None', '89375': 'None', '89427': 'None', '89502': 'None', '89519': 'None', '89553': 'None', '89573': 'None', '89590': 'None', '89610': 'None', '89648': 'None', '89651': 'None', '89663': 'None', '89673': 'None', '89680': 'None', '89696': 'None', '89742': 'None', '89759': 'None', '89806': 'None', '89824': 'None', '90007': 'None', '90011': 'None', '90021': 'None', '90037': 'None', '90040': 'None', '90047': 'None', '90053': 'None', '90057': 'None', '90064': 'None', '90129': 'None', '90130': 'None', '90143': 'None', '90152': 'None', '90165': 'None', '90166': 'None', '90186': 'None', '90194': 'None', '90199': 'None', '90201': 'None', '90217': 'None', '90225': 'None', '90234': 'None', '90257': 'None', '90262': 'None'}}", 'events': 50013, 'type': 'POOLIN', 'lfn': '/store/mc/RunIII2024Summer24MiniAOD/DYto2Mu-4Jets_Bin-MLL-50_TuneCP5_13p6TeV_madgraphMLM-pythia8/MINIAODSIM/140X_mcRun3_2024_realistic_v26-v2/110000/09917817-fc65-4f75-8ba7-eaf27abe2a80.root_13'}, {'parents': '[]', 'runlumi': "{'1': {'205041': 'None', '205049': 'None', '205118': 'None', '205128': 'None', '205136': 'None', '205143': 'None', '205148': 'None', '205170': 'None', '205178': 'None', '205185': 'None', '205194': 'None', '205209': 'None', '205214': 'None', '205220': 'None', '205284': 'None', '205291': 'None', '205307': 'None', '205341': 'None', '205342': 'None', '205350': 'None', '205357': 'None', '205397': 'None', '205398': 'None', '205406': 'None', '205408': 'None', '205439': 'None', '205454': 'None', '205455': 'None', '205463': 'None', '205470': 'None', '205481': 'None', '205489': 'None', '205497': 'None', '205504': 'None', '205511': 'None', '205513': 'None', '205522': 'None', '205529': 'None', '205536': 'None', '205538': 'None', '205556': 'None', '205593': 'None', '205608': 'None', '205611': 'None', '205636': 'None', '205661': 'None', '205718': 'None', '205736': 'None', '205743': 'None', '205747': 'None', '205767': 'None', '205775': 'None', '205783': 'None', '205792': 'None', '205800': 'None', '205806': 'None', '205813': 'None', '205823': 'None', '205829': 'None', '205837': 'None', '205846': 'None', '205861': 'None', '205893': 'None', '205919': 'None', '205937': 'None', '205984': 'None', '205987': 'None', '241031': 'None', '241039': 'None', '241057': 'None', '241064': 'None'}}", 'events': 49798, 'type': 'POOLIN', 'lfn': '/store/mc/RunIII2024Summer24MiniAOD/DYto2Mu-4Jets_Bin-MLL-50_TuneCP5_13p6TeV_madgraphMLM-pythia8/MINIAODSIM/140X_mcRun3_2024_realistic_v26-v2/110000/09117461-951d-4839-80b7-23a2bde76164.root_13'}], '11': [{'parents': "['/store/mc/RunIII2024Summer24MiniAOD/DYto2Mu-4Jets_Bin-MLL-50_TuneCP5_13p6TeV_madgraphMLM-pythia8/MINIAODSIM/140X_mcRun3_2024_realistic_v26-v2/110000/030e82c1-6866-4b23-b7e0-8618968bdb76.root', '/store/mc/RunIII2024Summer24MiniAOD/DYto2Mu-4Jets_Bin-MLL-50_TuneCP5_13p6TeV_madgraphMLM-pythia8/MINIAODSIM/140X_mcRun3_2024_realistic_v26-v2/110000/03cd698d-d48d-45bd-a48e-9e2798c2dc9b.root', '/store/mc/RunIII2024Summer24MiniAOD/DYto2Mu-4Jets_Bin-MLL-50_TuneCP5_13p6TeV_madgraphMLM-pythia8/MINIAODSIM/140X_mcRun3_2024_realistic_v26-v2/110000/03d4cf81-5097-42ac-ab1e-08308a74af6b.root', '/store/mc/RunIII2024Summer24MiniAOD/DYto2Mu-4Jets_Bin-MLL-50_TuneCP5_13p6TeV_madgraphMLM-pythia8/MINIAODSIM/140X_mcRun3_2024_realistic_v26-v2/110000/03e2d5b8-4a37-4ade-a91a-ae59b47dfcab.root', '/store/mc/RunIII2024Summer24MiniAOD/DYto2Mu-4Jets_Bin-MLL-50_TuneCP5_13p6TeV_madgraphMLM-pythia8/MINIAODSIM/140X_mcRun3_2024_realistic_v26-v2/110000/0404de91-564e-4576-ae9a-6b7536261a11.root']", 'runlumi': "{'1': {'906': '745', '12243': '708', '12256': '671', '12264': '671', '12272': '725', '12298': '742', '12300': '709', '12316': '678', '12324': '709', '12333': '712', '12341': '714', '12343': '667', '12357': '754', '12374': '675', '12382': '717', '12390': '741', '12398': '699', '12415': '705', '12420': '670', '12423': '688', '12431': '660', '12439': '696', '12458': '681', '12510': '681', '12548': '694', '12561': '725', '12591': '677', '12642': '726', '12744': '714', '12834': '702', '12890': '727', '12920': '719', '12922': '722', '12924': '708', '12929': '731', '12931': '711', '12947': '693', '12955': '749', '12956': '702', '12965': '711', '14011': '745', '14022': '723', '14085': '715', '14142': '671', '14248': '691', '14331': '733', '14339': '728', '14413': '743', '14422': '712', '14454': '707', '14471': '695', '14487': '700', '14495': '704', '14512': '703', '14562': '692', '14570': '692', '14579': '728', '14595': '668', '14611': '703', '14620': '702', '14627': '702', '14643': '675', '14661': '725', '14677': '727', '14684': '731', '14693': '691', '14703': '733', '14711': '718', '14720': '705', '14727': '713', '14737': '707', '46273': '727', '47136': '728', '47243': '738', '48491': '683', '48753': '683', '49360': '750', '49898': '735', '89053': '729', '89086': '700', '89094': '725', '89133': '770', '89277': '703', '89287': '699', '89320': '729', '89332': '709', '89369': '701', '89410': '727', '89451': '694', '89470': '714', '89509': '755', '89557': '726', '89566': '739', '89582': '758', '89589': '725', '89612': '703', '89664': '695', '89670': '754', '89689': '722', '89697': '754', '89719': '711', '89730': '743', '89737': '776', '89738': '714', '89743': '703', '89746': '750', '89749': '663', '89796': '726', '89860': '749', '89867': '702', '89885': '713', '89929': '697', '89971': '738', '89993': '740', '90133': '696', '90642': '739', '100010': '702', '100070': '678', '100093': '737', '100110': '716', '100119': '724', '100127': '729', '100150': '720', '100159': '730', '100175': '724', '100186': '702', '100204': '737', '100240': '765', '100279': '692', '100352': '730', '100377': '713', '100387': '760', '100409': '705', '100423': '756', '100425': '701', '100432': '725', '100440': '703', '100477': '710', '100485': '696', '145826': '659', '145830': '716', '145833': '698', '145834': '724', '145836': '724', '145840': '702', '145847': '687', '145855': '717', '145856': '748', '145863': '677', '145865': '707', '145871': '660', '145880': '711', '145887': '683', '145892': '737', '145896': '717', '145901': '681', '145903': '692', '145908': '702', '145911': '749', '145921': '734', '145925': '707', '145928': '709', '145933': '722', '145934': '713', '145937': '688', '145939': '721', '145942': '699', '145944': '703', '145950': '778', '145952': '720', '145956': '681', '145961': '748', '145964': '714', '145967': '695', '145969': '732', '145975': '682', '145978': '705', '145985': '726', '145991': '738', '145998': '707', '151001': '716', '151005': '748', '151010': '754', '151014': '707', '151018': '667', '151019': '722', '151020': '695', '151021': '686', '151025': '687', '151029': '720', '151034': '739', '151038': '709', '151046': '743', '151054': '699', '151055': '724', '151058': '680', '151066': '698', '151070': '704', '151071': '730', '151076': '695', '151079': '663', '151095': '730', '151096': '699', '151111': '700', '151112': '715', '151118': '732', '151119': '732', '151121': '732', '151129': '731', '303808': '703', '303814': '718', '303815': '719', '303817': '703', '303819': '731', '303821': '694', '303823': '701', '303824': '715', '303831': '745', '303844': '684', '303848': '725', '303849': '719', '303850': '721', '303851': '747', '303853': '676', '303864': '664', '303865': '707', '303870': '704', '303871': '719', '303873': '719', '303881': '716', '303889': '723', '303890': '685', '303894': '760', '303895': '725', '303896': '681', '303898': '754', '303899': '699', '303901': '736', '303913': '693', '303916': '684', '303918': '727', '303928': '728', '303933': '724', '303935': '714', '303936': '703', '303944': '739', '303953': '715', '303955': '722', '303958': '728', '303959': '703', '303960': '736', '303963': '735', '303969': '715', '303975': '715', '303976': '693', '303977': '703', '303983': '660', '303984': '685', '303985': '674', '303989': '744', '303991': '804', '303992': '703', '303993': '716', '303996': '615', '303998': '735', '304000': '693', '304001': '716', '304002': '702', '304003': '710', '304008': '697', '304010': '764', '304015': '711', '304017': '728', '304018': '685', '304019': '698', '304023': '711', '304024': '711', '304026': '694', '304027': '695', '311210': '679', '311216': '672', '311218': '704', '311220': '695', '311228': '695', '311234': '695', '311236': '719', '311244': '737', '311245': '681', '311259': '653', '311260': '673', '311269': '721', '311275': '694', '311276': '713', '311277': '694', '311281': '694', '311285': '722', '311288': '710', '311296': '703', '311297': '738', '311298': '731', '311300': '730', '311301': '643', '311302': '713', '311305': '739', '311309': '709', '311312': '704', '311314': '723', '311317': '682', '311326': '728', '311329': '683', '311330': '735', '311331': '682', '311337': '682', '311338': '715', '311339': '689', '311343': '700', '311346': '714', '311350': '679', '311353': '717', '311354': '703', '311355': '715', '311367': '737', '311370': '701', '311373': '661', '311376': '694', '311378': '699', '311384': '745', '311388': '676', '311389': '738', '311391': '703', '311393': '716', '311395': '686', '311397': '693', '311401': '699', '311408': '732', '311411': '717', '311414': '699', '311419': '676', '311422': '717', '311423': '728', '311425': '704', '311427': '746', '311430': '714', '311431': '693', '311436': '728', '311442': '709', '311447': '707', '311449': '680', '311464': '711', '311472': '700'}}", 'events': 248909, 'type': 'EDM', 'lfn': '/store/user/amalhotr/DYto2Mu-4Jets_Bin-MLL-50_TuneCP5_13p6TeV_madgraphMLM-pythia8/DYto2Mu4Jets_Unpacker_Large/250323_060454/0000/HLTUnpackerOutputLarge_11.root'}, {'parents': '[]', 'runlumi': "{'1': {'311210': 'None', '311216': 'None', '311218': 'None', '311220': 'None', '311228': 'None', '311234': 'None', '311236': 'None', '311244': 'None', '311245': 'None', '311259': 'None', '311260': 'None', '311269': 'None', '311275': 'None', '311276': 'None', '311277': 'None', '311281': 'None', '311285': 'None', '311288': 'None', '311296': 'None', '311297': 'None', '311298': 'None', '311300': 'None', '311301': 'None', '311302': 'None', '311305': 'None', '311309': 'None', '311312': 'None', '311314': 'None', '311317': 'None', '311326': 'None', '311329': 'None', '311330': 'None', '311331': 'None', '311337': 'None', '311338': 'None', '311339': 'None', '311343': 'None', '311346': 'None', '311350': 'None', '311353': 'None', '311354': 'None', '311355': 'None', '311367': 'None', '311370': 'None', '311373': 'None', '311376': 'None', '311378': 'None', '311384': 'None', '311388': 'None', '311389': 'None', '311391': 'None', '311393': 'None', '311395': 'None', '311397': 'None', '311401': 'None', '311408': 'None', '311411': 'None', '311414': 'None', '311419': 'None', '311422': 'None', '311423': 'None', '311425': 'None', '311427': 'None', '311430': 'None', '311431': 'None', '311436': 'None', '311442': 'None', '311447': 'None', '311449': 'None', '311464': 'None', '311472': 'None'}}", 'events': 50017, 'type': 'POOLIN', 'lfn': '/store/mc/RunIII2024Summer24MiniAOD/DYto2Mu-4Jets_Bin-MLL-50_TuneCP5_13p6TeV_madgraphMLM-pythia8/MINIAODSIM/140X_mcRun3_2024_realistic_v26-v2/110000/0404de91-564e-4576-ae9a-6b7536261a11.root_11'}, {'parents': '[]', 'runlumi': "{'1': {'906': 'None', '46273': 'None', '47136': 'None', '47243': 'None', '48491': 'None', '48753': 'None', '49360': 'None', '49898': 'None', '89053': 'None', '89086': 'None', '89094': 'None', '89133': 'None', '89277': 'None', '89287': 'None', '89320': 'None', '89332': 'None', '89369': 'None', '89410': 'None', '89451': 'None', '89470': 'None', '89509': 'None', '89557': 'None', '89566': 'None', '89582': 'None', '89589': 'None', '89612': 'None', '89664': 'None', '89670': 'None', '89689': 'None', '89697': 'None', '89719': 'None', '89730': 'None', '89737': 'None', '89738': 'None', '89743': 'None', '89746': 'None', '89749': 'None', '89796': 'None', '89860': 'None', '89867': 'None', '89885': 'None', '89929': 'None', '89971': 'None', '89993': 'None', '90133': 'None', '90642': 'None', '100010': 'None', '100070': 'None', '100093': 'None', '100110': 'None', '100119': 'None', '100127': 'None', '100150': 'None', '100159': 'None', '100175': 'None', '100186': 'None', '100204': 'None', '100240': 'None', '100279': 'None', '100352': 'None', '100377': 'None', '100387': 'None', '100409': 'None', '100423': 'None', '100425': 'None', '100432': 'None', '100440': 'None', '100477': 'None', '100485': 'None'}}", 'events': 49835, 'type': 'POOLIN', 'lfn': '/store/mc/RunIII2024Summer24MiniAOD/DYto2Mu-4Jets_Bin-MLL-50_TuneCP5_13p6TeV_madgraphMLM-pythia8/MINIAODSIM/140X_mcRun3_2024_realistic_v26-v2/110000/03e2d5b8-4a37-4ade-a91a-ae59b47dfcab.root_11'}, {'parents': '[]', 'runlumi': "{'1': {'145826': 'None', '145830': 'None', '145833': 'None', '145834': 'None', '145836': 'None', '145840': 'None', '145847': 'None', '145855': 'None', '145856': 'None', '145863': 'None', '145865': 'None', '145871': 'None', '145880': 'None', '145887': 'None', '145892': 'None', '145896': 'None', '145901': 'None', '145903': 'None', '145908': 'None', '145911': 'None', '145921': 'None', '145925': 'None', '145928': 'None', '145933': 'None', '145934': 'None', '145937': 'None', '145939': 'None', '145942': 'None', '145944': 'None', '145950': 'None', '145952': 'None', '145956': 'None', '145961': 'None', '145964': 'None', '145967': 'None', '145969': 'None', '145975': 'None', '145978': 'None', '145985': 'None', '145991': 'None', '145998': 'None', '151001': 'None', '151005': 'None', '151010': 'None', '151014': 'None', '151018': 'None', '151019': 'None', '151020': 'None', '151021': 'None', '151025': 'None', '151029': 'None', '151034': 'None', '151038': 'None', '151046': 'None', '151054': 'None', '151055': 'None', '151058': 'None', '151066': 'None', '151070': 'None', '151071': 'None', '151076': 'None', '151079': 'None', '151095': 'None', '151096': 'None', '151111': 'None', '151112': 'None', '151118': 'None', '151119': 'None', '151121': 'None', '151129': 'None'}}", 'events': 49770, 'type': 'POOLIN', 'lfn': '/store/mc/RunIII2024Summer24MiniAOD/DYto2Mu-4Jets_Bin-MLL-50_TuneCP5_13p6TeV_madgraphMLM-pythia8/MINIAODSIM/140X_mcRun3_2024_realistic_v26-v2/110000/03d4cf81-5097-42ac-ab1e-08308a74af6b.root_11'}, {'parents': '[]', 'runlumi': "{'1': {'303808': 'None', '303814': 'None', '303815': 'None', '303817': 'None', '303819': 'None', '303821': 'None', '303823': 'None', '303824': 'None', '303831': 'None', '303844': 'None', '303848': 'None', '303849': 'None', '303850': 'None', '303851': 'None', '303853': 'None', '303864': 'None', '303865': 'None', '303870': 'None', '303871': 'None', '303873': 'None', '303881': 'None', '303889': 'None', '303890': 'None', '303894': 'None', '303895': 'None', '303896': 'None', '303898': 'None', '303899': 'None', '303901': 'None', '303913': 'None', '303916': 'None', '303918': 'None', '303928': 'None', '303933': 'None', '303935': 'None', '303936': 'None', '303944': 'None', '303953': 'None', '303955': 'None', '303958': 'None', '303959': 'None', '303960': 'None', '303963': 'None', '303969': 'None', '303975': 'None', '303976': 'None', '303977': 'None', '303983': 'None', '303984': 'None', '303985': 'None', '303989': 'None', '303991': 'None', '303992': 'None', '303993': 'None', '303996': 'None', '303998': 'None', '304000': 'None', '304001': 'None', '304002': 'None', '304003': 'None', '304008': 'None', '304010': 'None', '304015': 'None', '304017': 'None', '304018': 'None', '304019': 'None', '304023': 'None', '304024': 'None', '304026': 'None', '304027': 'None'}}", 'events': 49821, 'type': 'POOLIN', 'lfn': '/store/mc/RunIII2024Summer24MiniAOD/DYto2Mu-4Jets_Bin-MLL-50_TuneCP5_13p6TeV_madgraphMLM-pythia8/MINIAODSIM/140X_mcRun3_2024_realistic_v26-v2/110000/03cd698d-d48d-45bd-a48e-9e2798c2dc9b.root_11'}, {'parents': '[]', 'runlumi': "{'1': {'12243': 'None', '12256': 'None', '12264': 'None', '12272': 'None', '12298': 'None', '12300': 'None', '12316': 'None', '12324': 'None', '12333': 'None', '12341': 'None', '12343': 'None', '12357': 'None', '12374': 'None', '12382': 'None', '12390': 'None', '12398': 'None', '12415': 'None', '12420': 'None', '12423': 'None', '12431': 'None', '12439': 'None', '12458': 'None', '12510': 'None', '12548': 'None', '12561': 'None', '12591': 'None', '12642': 'None', '12744': 'None', '12834': 'None', '12890': 'None', '12920': 'None', '12922': 'None', '12924': 'None', '12929': 'None', '12931': 'None', '12947': 'None', '12955': 'None', '12956': 'None', '12965': 'None', '14011': 'None', '14022': 'None', '14085': 'None', '14142': 'None', '14248': 'None', '14331': 'None', '14339': 'None', '14413': 'None', '14422': 'None', '14454': 'None', '14471': 'None', '14487': 'None', '14495': 'None', '14512': 'None', '14562': 'None', '14570': 'None', '14579': 'None', '14595': 'None', '14611': 'None', '14620': 'None', '14627': 'None', '14643': 'None', '14661': 'None', '14677': 'None', '14684': 'None', '14693': 'None', '14703': 'None', '14711': 'None', '14720': 'None', '14727': 'None', '14737': 'None'}}", 'events': 49466, 'type': 'POOLIN', 'lfn': '/store/mc/RunIII2024Summer24MiniAOD/DYto2Mu-4Jets_Bin-MLL-50_TuneCP5_13p6TeV_madgraphMLM-pythia8/MINIAODSIM/140X_mcRun3_2024_realistic_v26-v2/110000/030e82c1-6866-4b23-b7e0-8618968bdb76.root_11'}], '2': [{'parents': "['/store/mc/RunIII2024Summer24MiniAOD/DYto2Mu-4Jets_Bin-MLL-50_TuneCP5_13p6TeV_madgraphMLM-pythia8/MINIAODSIM/140X_mcRun3_2024_realistic_v26-v2/110000/044e2c27-6eeb-49d2-bc61-96922a59fe15.root', '/store/mc/RunIII2024Summer24MiniAOD/DYto2Mu-4Jets_Bin-MLL-50_TuneCP5_13p6TeV_madgraphMLM-pythia8/MINIAODSIM/140X_mcRun3_2024_realistic_v26-v2/110000/11ce5553-5614-464d-b4c5-97c62c31212b.root', '/store/mc/RunIII2024Summer24MiniAOD/DYto2Mu-4Jets_Bin-MLL-50_TuneCP5_13p6TeV_madgraphMLM-pythia8/MINIAODSIM/140X_mcRun3_2024_realistic_v26-v2/110000/13b514ae-b329-4439-8041-ad98f992f3e6.root', '/store/mc/RunIII2024Summer24MiniAOD/DYto2Mu-4Jets_Bin-MLL-50_TuneCP5_13p6TeV_madgraphMLM-pythia8/MINIAODSIM/140X_mcRun3_2024_realistic_v26-v2/110000/16891f4c-24ba-433b-a2a5-8604183eb08f.root']", 'runlumi': "{'1': {'513': '704', '12460': '689', '13010': '718', '13132': '709', '38002': '721', '39040': '728', '39874': '717', '45049': '690', '45097': '656', '45105': '736', '45159': '737', '45186': '732', '45287': '733', '45362': '701', '45374': '735', '45427': '736', '45433': '663', '45531': '676', '45567': '717', '45574': '678', '45601': '700', '45640': '749', '45641': '671', '45650': '704', '45716': '734', '45747': '737', '45758': '687', '45793': '705', '45796': '693', '45816': '699', '45838': '675', '45853': '704', '47677': '666', '47764': '742', '47796': '726', '48141': '683', '48336': '694', '48409': '670', '48426': '705', '48480': '736', '48589': '676', '48651': '703', '48671': '696', '48715': '742', '48817': '698', '49029': '722', '49054': '717', '49218': '724', '49224': '729', '49301': '688', '49407': '685', '49608': '683', '49744': '715', '49841': '692', '49848': '690', '50433': '736', '50695': '702', '89039': '679', '89212': '693', '89219': '691', '89437': '739', '89972': '643', '90099': '715', '90348': '703', '90349': '764', '90354': '730', '90357': '690', '90444': '676', '90452': '702', '90496': '724', '90529': '692', '90660': '702', '90820': '675', '100044': '699', '145281': '676', '151090': '714', '151713': '739', '151926': '674', '180868': '751', '181516': '710', '181543': '748', '181665': '683', '181810': '750', '181846': '709', '181888': '718', '182457': '738', '182878': '692', '186037': '710', '186077': '722', '186216': '693', '186247': '722', '186260': '702', '186384': '683', '186861': '703', '202136': '701', '202145': '755', '202388': '683', '202493': '731', '202650': '706', '202681': '707', '202757': '699', '202860': '650', '203025': '743', '203536': '767', '203628': '706', '203646': '737', '203758': '686', '203777': '717', '203791': '761', '203866': '681', '203936': '748', '204017': '689', '204024': '764', '204115': '684', '204203': '645', '204531': '670', '204544': '710', '204573': '709', '204589': '709', '204592': '753', '204759': '733', '204767': '725', '204791': '670', '204857': '698', '204897': '670', '204945': '736', '204958': '728', '204967': '735', '205079': '736', '205145': '759', '205152': '680', '205203': '679', '205221': '647', '205236': '749', '205244': '702', '205324': '698', '205330': '714', '205355': '682', '205369': '698', '205555': '677', '205610': '687', '205620': '719', '205658': '737', '205699': '742', '205725': '722', '205738': '690', '205795': '652', '205799': '747', '205836': '745', '205929': '704', '205943': '680', '205961': '710', '205968': '671', '205980': '707', '241001': '689', '241107': '735', '241112': '691', '241113': '694', '241124': '697', '241136': '680', '241158': '703', '241183': '714', '241212': '699', '241307': '712', '241325': '701', '241390': '671', '241391': '738', '241400': '664', '241514': '704', '241517': '734', '241590': '716', '241689': '732', '241732': '727'}}", 'events': 122349, 'type': 'EDM', 'lfn': '/store/user/amalhotr/DYto2Mu-4Jets_Bin-MLL-50_TuneCP5_13p6TeV_madgraphMLM-pythia8/DYto2Mu4Jets_Unpacker_Large/250323_060454/0000/HLTUnpackerOutputLarge_2.root'}, {'parents': '[]', 'runlumi': "{'1': {'145281': 'None', '151090': 'None', '151713': 'None', '151926': 'None', '181516': 'None', '181543': 'None', '181665': 'None', '181810': 'None', '181846': 'None', '181888': 'None', '182457': 'None', '182878': 'None', '186037': 'None', '186077': 'None', '186216': 'None', '186247': 'None', '186384': 'None', '202136': 'None', '202145': 'None', '202388': 'None', '202650': 'None', '202681': 'None', '202757': 'None', '203025': 'None', '203536': 'None', '203646': 'None', '203758': 'None', '203777': 'None', '203791': 'None', '203936': 'None', '204203': 'None', '204531': 'None', '204544': 'None', '204573': 'None', '204759': 'None', '204767': 'None', '204791': 'None', '204857': 'None', '204897': 'None', '204945': 'None', '205221': 'None', '205324': 'None', '205355': 'None', '205369': 'None', '205610': 'None', '205658': 'None', '205725': 'None', '205738': 'None', '205795': 'None', '241001': 'None', '241124': 'None', '241307': 'None'}}", 'events': 36768, 'type': 'POOLIN', 'lfn': '/store/mc/RunIII2024Summer24MiniAOD/DYto2Mu-4Jets_Bin-MLL-50_TuneCP5_13p6TeV_madgraphMLM-pythia8/MINIAODSIM/140X_mcRun3_2024_realistic_v26-v2/110000/16891f4c-24ba-433b-a2a5-8604183eb08f.root_2'}, {'parents': '[]', 'runlumi': "{'1': {'12460': 'None', '38002': 'None', '45097': 'None', '45186': 'None', '45374': 'None', '45427': 'None', '45567': 'None', '45640': 'None', '45641': 'None', '45650': 'None', '45716': 'None', '45747': 'None', '45793': 'None', '45796': 'None', '45816': 'None', '45853': 'None', '48715': 'None', '48817': 'None', '49301': 'None', '50695': 'None', '89039': 'None', '89212': 'None', '89219': 'None', '89437': 'None', '89972': 'None', '90099': 'None', '90348': 'None', '90349': 'None', '90354': 'None', '90357': 'None', '90444': 'None', '90452': 'None', '90496': 'None', '90529': 'None', '90660': 'None', '90820': 'None', '100044': 'None'}}", 'events': 26129, 'type': 'POOLIN', 'lfn': '/store/mc/RunIII2024Summer24MiniAOD/DYto2Mu-4Jets_Bin-MLL-50_TuneCP5_13p6TeV_madgraphMLM-pythia8/MINIAODSIM/140X_mcRun3_2024_realistic_v26-v2/110000/13b514ae-b329-4439-8041-ad98f992f3e6.root_2'}, {'parents': '[]', 'runlumi': "{'1': {'180868': 'None', '186260': 'None', '186861': 'None', '202493': 'None', '202860': 'None', '203628': 'None', '203866': 'None', '204017': 'None', '204024': 'None', '204115': 'None', '204589': 'None', '204592': 'None', '204958': 'None', '204967': 'None', '205079': 'None', '205145': 'None', '205152': 'None', '205203': 'None', '205236': 'None', '205244': 'None', '205330': 'None', '205555': 'None', '205620': 'None', '205699': 'None', '205799': 'None', '205836': 'None', '205929': 'None', '205943': 'None', '205961': 'None', '205968': 'None', '205980': 'None', '241107': 'None', '241112': 'None', '241113': 'None', '241136': 'None', '241158': 'None', '241183': 'None', '241212': 'None', '241325': 'None', '241390': 'None', '241391': 'None', '241400': 'None', '241514': 'None', '241517': 'None', '241590': 'None', '241689': 'None', '241732': 'None'}}", 'events': 33410, 'type': 'POOLIN', 'lfn': '/store/mc/RunIII2024Summer24MiniAOD/DYto2Mu-4Jets_Bin-MLL-50_TuneCP5_13p6TeV_madgraphMLM-pythia8/MINIAODSIM/140X_mcRun3_2024_realistic_v26-v2/110000/11ce5553-5614-464d-b4c5-97c62c31212b.root_2'}, {'parents': '[]', 'runlumi': "{'1': {'513': 'None', '13010': 'None', '13132': 'None', '39040': 'None', '39874': 'None', '45049': 'None', '45105': 'None', '45159': 'None', '45287': 'None', '45362': 'None', '45433': 'None', '45531': 'None', '45574': 'None', '45601': 'None', '45758': 'None', '45838': 'None', '47677': 'None', '47764': 'None', '47796': 'None', '48141': 'None', '48336': 'None', '48409': 'None', '48426': 'None', '48480': 'None', '48589': 'None', '48651': 'None', '48671': 'None', '49029': 'None', '49054': 'None', '49218': 'None', '49224': 'None', '49407': 'None', '49608': 'None', '49744': 'None', '49841': 'None', '49848': 'None', '50433': 'None'}}", 'events': 26042, 'type': 'POOLIN', 'lfn': '/store/mc/RunIII2024Summer24MiniAOD/DYto2Mu-4Jets_Bin-MLL-50_TuneCP5_13p6TeV_madgraphMLM-pythia8/MINIAODSIM/140X_mcRun3_2024_realistic_v26-v2/110000/044e2c27-6eeb-49d2-bc61-96922a59fe15.root_2'}], '1': [{'parents': "['/store/mc/RunIII2024Summer24MiniAOD/DYto2Mu-4Jets_Bin-MLL-50_TuneCP5_13p6TeV_madgraphMLM-pythia8/MINIAODSIM/140X_mcRun3_2024_realistic_v26-v2/110000/00ec2d24-6d81-4fde-a650-892805966ea9.root', '/store/mc/RunIII2024Summer24MiniAOD/DYto2Mu-4Jets_Bin-MLL-50_TuneCP5_13p6TeV_madgraphMLM-pythia8/MINIAODSIM/140X_mcRun3_2024_realistic_v26-v2/110000/050ea95d-2d49-4a18-bb9a-a0d272a79945.root', '/store/mc/RunIII2024Summer24MiniAOD/DYto2Mu-4Jets_Bin-MLL-50_TuneCP5_13p6TeV_madgraphMLM-pythia8/MINIAODSIM/140X_mcRun3_2024_realistic_v26-v2/110000/06ec8a57-3007-4c85-b9e7-383aaa1464a1.root', '/store/mc/RunIII2024Summer24MiniAOD/DYto2Mu-4Jets_Bin-MLL-50_TuneCP5_13p6TeV_madgraphMLM-pythia8/MINIAODSIM/140X_mcRun3_2024_realistic_v26-v2/110000/16198f96-cbf3-4809-95f8-c77574e534ec.root']", 'runlumi': "{'1': {'455': '709', '13539': '707', '14390': '735', '39298': '716', '39770': '709', '45138': '726', '45151': '704', '45153': '741', '45211': '690', '45738': '766', '45842': '707', '46027': '695', '46165': '715', '46510': '674', '46523': '732', '46617': '693', '47214': '713', '47548': '699', '48058': '687', '48164': '737', '48321': '738', '48956': '709', '49171': '682', '49173': '730', '49418': '734', '49539': '703', '49827': '715', '49988': '712', '50447': '732', '50486': '690', '50664': '713', '50845': '712', '89030': '736', '89244': '710', '90493': '697', '90543': '718', '90775': '720', '90837': '707', '90849': '738', '90862': '718', '90911': '721', '90977': '649', '205716': '723', '295426': '738', '295705': '681', '295804': '738', '295828': '737', '311857': '723', '311962': '681', '312438': '696', '312856': '707', '312996': '701', '358146': '727', '358192': '700', '358213': '703', '358260': '709', '358441': '681', '358444': '733', '358559': '688', '358602': '736', '358603': '710', '358604': '713', '358872': '687', '359223': '712', '359274': '733', '359482': '714', '359524': '684', '359774': '710', '360025': '692', '360249': '740', '360440': '688', '360689': '752', '360715': '710', '360812': '728', '361042': '702', '361124': '699', '361186': '700', '361289': '685', '361785': '714', '361803': '682', '361877': '694', '362059': '703', '362737': '713', '362747': '691', '362753': '701', '362777': '701', '362780': '694', '362917': '776', '362946': '691', '362994': '737', '363262': '734', '363402': '729', '363511': '680', '363736': '696', '364073': '724', '364201': '702', '364247': '683', '364450': '696', '364464': '714', '364465': '677', '394188': '719', '394378': '677', '394408': '704', '394465': '705', '394507': '703', '394521': '716', '394743': '719', '394772': '721', '394815': '724', '394885': '696', '394953': '728', '394955': '676', '395029': '706', '395033': '711', '395079': '720', '395245': '709', '395295': '714', '395393': '713', '395478': '686', '395489': '700', '395496': '713', '395587': '722', '395604': '700', '395759': '719', '395857': '704', '396291': '744', '396437': '711', '396514': '682', '396529': '724', '396656': '728', '396786': '709', '396867': '667', '396870': '717', '396930': '736', '396947': '715', '396951': '712', '396990': '682', '399057': '672', '399066': '704', '399125': '712', '399128': '680', '399649': '728', '399772': '732', '399879': '723', '400018': '682', '400058': '720', '400093': '719', '400166': '718', '400263': '668', '400345': '683', '400409': '696', '400447': '719', '400535': '679', '400586': '694', '400655': '731', '400690': '737', '400752': '729', '400805': '692', '400914': '708', '400976': '688', '425181': '711', '425308': '718', '425325': '711', '425339': '721', '425388': '717', '425422': '720', '425463': '702', '425590': '667', '425610': '707', '425670': '717', '425678': '724', '425718': '712', '425743': '691', '425750': '689', '425776': '677', '425810': '735', '425844': '718', '425954': '719', '425957': '690', '426137': '700', '426378': '689', '426464': '686', '426649': '706', '426816': '687', '426858': '679', '426994': '736', '452118': '698', '452187': '698', '452503': '706', '452824': '760', '453027': '697', '453088': '675', '453414': '693', '454699': '745', '465511': '647', '465918': '737', '465981': '652', '472465': '724', '472550': '733', '472559': '741', '472606': '678', '472648': '712'}}", 'events': 143103, 'type': 'EDM', 'lfn': '/store/user/amalhotr/DYto2Mu-4Jets_Bin-MLL-50_TuneCP5_13p6TeV_madgraphMLM-pythia8/DYto2Mu4Jets_Unpacker_Large/250323_060454/0000/HLTUnpackerOutputLarge_1.root'}, {'parents': '[]', 'runlumi': "{'1': {'295426': 'None', '358192': 'None', '358213': 'None', '358260': 'None', '358441': 'None', '358444': 'None', '358559': 'None', '358602': 'None', '358603': 'None', '359223': 'None', '359274': 'None', '359482': 'None', '359774': 'None', '360715': 'None', '360812': 'None', '362737': 'None', '362747': 'None', '362994': 'None', '363402': 'None', '364073': 'None', '364201': 'None', '364450': 'None', '364464': 'None', '364465': 'None', '394378': 'None', '394408': 'None', '394465': 'None', '394521': 'None', '394772': 'None', '394815': 'None', '394885': 'None', '394953': 'None', '394955': 'None', '395079': 'None', '395759': 'None', '396437': 'None', '396529': 'None', '396786': 'None', '396867': 'None', '396930': 'None', '396947': 'None', '396951': 'None', '396990': 'None', '399057': 'None', '399066': 'None', '399125': 'None', '399128': 'None', '400058': 'None', '400093': 'None', '400166': 'None', '400263': 'None', '400345': 'None', '400409': 'None', '400447': 'None', '400535': 'None', '400586': 'None', '400655': 'None', '400690': 'None', '400752': 'None', '400805': 'None', '400914': 'None'}}", 'events': 43191, 'type': 'POOLIN', 'lfn': '/store/mc/RunIII2024Summer24MiniAOD/DYto2Mu-4Jets_Bin-MLL-50_TuneCP5_13p6TeV_madgraphMLM-pythia8/MINIAODSIM/140X_mcRun3_2024_realistic_v26-v2/110000/16198f96-cbf3-4809-95f8-c77574e534ec.root_1'}, {'parents': '[]', 'runlumi': "{'1': {'205716': 'None', '295705': 'None', '295804': 'None', '295828': 'None', '311857': 'None', '311962': 'None', '312438': 'None', '312856': 'None', '312996': 'None', '358146': 'None', '358604': 'None', '358872': 'None', '359524': 'None', '360025': 'None', '360249': 'None', '360440': 'None', '360689': 'None', '361042': 'None', '361124': 'None', '361186': 'None', '361289': 'None', '361785': 'None', '361803': 'None', '361877': 'None', '362059': 'None', '362753': 'None', '362777': 'None', '362780': 'None', '362917': 'None', '362946': 'None', '363262': 'None', '363511': 'None', '363736': 'None', '364247': 'None', '395029': 'None', '395033': 'None', '395245': 'None', '395295': 'None', '395393': 'None', '395478': 'None', '395489': 'None', '395496': 'None', '395587': 'None', '395604': 'None', '395857': 'None', '396514': 'None'}}", 'events': 32465, 'type': 'POOLIN', 'lfn': '/store/mc/RunIII2024Summer24MiniAOD/DYto2Mu-4Jets_Bin-MLL-50_TuneCP5_13p6TeV_madgraphMLM-pythia8/MINIAODSIM/140X_mcRun3_2024_realistic_v26-v2/110000/06ec8a57-3007-4c85-b9e7-383aaa1464a1.root_1'}, {'parents': '[]', 'runlumi': "{'1': {'394188': 'None', '394507': 'None', '394743': 'None', '396291': 'None', '396656': 'None', '396870': 'None', '399649': 'None', '399772': 'None', '399879': 'None', '400018': 'None', '400976': 'None', '425181': 'None', '425308': 'None', '425325': 'None', '425339': 'None', '425388': 'None', '425422': 'None', '425463': 'None', '425590': 'None', '425610': 'None', '425670': 'None', '425678': 'None', '425718': 'None', '425743': 'None', '425750': 'None', '425776': 'None', '425810': 'None', '425844': 'None', '425954': 'None', '425957': 'None', '426137': 'None', '426378': 'None', '426464': 'None', '426649': 'None', '426816': 'None', '426858': 'None', '426994': 'None', '452118': 'None', '452187': 'None', '452503': 'None', '452824': 'None', '453027': 'None', '453088': 'None', '453414': 'None', '454699': 'None', '465511': 'None', '465918': 'None', '465981': 'None', '472465': 'None', '472550': 'None', '472559': 'None', '472606': 'None', '472648': 'None'}}", 'events': 37508, 'type': 'POOLIN', 'lfn': '/store/mc/RunIII2024Summer24MiniAOD/DYto2Mu-4Jets_Bin-MLL-50_TuneCP5_13p6TeV_madgraphMLM-pythia8/MINIAODSIM/140X_mcRun3_2024_realistic_v26-v2/110000/050ea95d-2d49-4a18-bb9a-a0d272a79945.root_1'}, {'parents': '[]', 'runlumi': "{'1': {'455': 'None', '13539': 'None', '14390': 'None', '39298': 'None', '39770': 'None', '45138': 'None', '45151': 'None', '45153': 'None', '45211': 'None', '45738': 'None', '45842': 'None', '46027': 'None', '46165': 'None', '46510': 'None', '46523': 'None', '46617': 'None', '47214': 'None', '47548': 'None', '48058': 'None', '48164': 'None', '48321': 'None', '48956': 'None', '49171': 'None', '49173': 'None', '49418': 'None', '49539': 'None', '49827': 'None', '49988': 'None', '50447': 'None', '50486': 'None', '50664': 'None', '50845': 'None', '89030': 'None', '89244': 'None', '90493': 'None', '90543': 'None', '90775': 'None', '90837': 'None', '90849': 'None', '90862': 'None', '90911': 'None', '90977': 'None'}}", 'events': 29939, 'type': 'POOLIN', 'lfn': '/store/mc/RunIII2024Summer24MiniAOD/DYto2Mu-4Jets_Bin-MLL-50_TuneCP5_13p6TeV_madgraphMLM-pythia8/MINIAODSIM/140X_mcRun3_2024_realistic_v26-v2/110000/00ec2d24-6d81-4fde-a650-892805966ea9.root_1'}], '3': [{'parents': "['/store/mc/RunIII2024Summer24MiniAOD/DYto2Mu-4Jets_Bin-MLL-50_TuneCP5_13p6TeV_madgraphMLM-pythia8/MINIAODSIM/140X_mcRun3_2024_realistic_v26-v2/110000/04443ab6-68f7-47bd-91dc-daf2f0102e42.root', '/store/mc/RunIII2024Summer24MiniAOD/DYto2Mu-4Jets_Bin-MLL-50_TuneCP5_13p6TeV_madgraphMLM-pythia8/MINIAODSIM/140X_mcRun3_2024_realistic_v26-v2/110000/04e58f70-8271-41e2-a58e-56390fcd0006.root', '/store/mc/RunIII2024Summer24MiniAOD/DYto2Mu-4Jets_Bin-MLL-50_TuneCP5_13p6TeV_madgraphMLM-pythia8/MINIAODSIM/140X_mcRun3_2024_realistic_v26-v2/110000/05ee07f1-3852-48ee-8ae8-1848e6b1e143.root', '/store/mc/RunIII2024Summer24MiniAOD/DYto2Mu-4Jets_Bin-MLL-50_TuneCP5_13p6TeV_madgraphMLM-pythia8/MINIAODSIM/140X_mcRun3_2024_realistic_v26-v2/110000/06b89440-f971-4c13-81d8-b5ae9a7963dc.root', '/store/mc/RunIII2024Summer24MiniAOD/DYto2Mu-4Jets_Bin-MLL-50_TuneCP5_13p6TeV_madgraphMLM-pythia8/MINIAODSIM/140X_mcRun3_2024_realistic_v26-v2/110000/0b3d68bf-e9aa-4bb3-a3a1-94648dbdfb3c.root']", 'runlumi': "{'1': {'45230': '693', '45244': '738', '45273': '670', '45312': '719', '45325': '683', '48923': '686', '89026': '673', '89334': '730', '89346': '733', '89366': '720', '89392': '736', '89401': '749', '89425': '707', '89430': '701', '89439': '720', '89441': '727', '89602': '695', '89708': '705', '89797': '715', '89890': '738', '89938': '725', '90359': '720', '90491': '725', '90532': '743', '90562': '728', '90573': '724', '90632': '705', '90640': '757', '90649': '683', '90683': '720', '90706': '776', '90910': '704', '90951': '725', '100035': '720', '100069': '711', '100126': '709', '100185': '659', '100340': '739', '100348': '713', '100405': '706', '119839': '678', '119841': '722', '119842': '701', '119844': '745', '119868': '744', '119873': '696', '119880': '736', '119896': '699', '119900': '692', '119921': '720', '119925': '693', '119930': '691', '119933': '728', '119937': '679', '119946': '707', '119947': '709', '119951': '734', '119954': '693', '119966': '700', '119967': '729', '119972': '714', '119988': '692', '119992': '706', '120004': '714', '120007': '699', '120021': '717', '120028': '700', '120038': '682', '120040': '739', '120044': '733', '120056': '726', '120057': '726', '120059': '721', '120064': '706', '120093': '692', '120095': '707', '120111': '720', '120122': '708', '120125': '739', '120130': '686', '120144': '698', '120156': '686', '120166': '724', '120168': '709', '120177': '701', '120180': '704', '120189': '667', '120195': '695', '120204': '710', '120208': '733', '120220': '728', '120232': '739', '120240': '744', '120249': '716', '120250': '684', '120257': '693', '120262': '706', '120267': '678', '120271': '700', '120280': '720', '120281': '660', '120291': '701', '120303': '720', '120310': '715', '120345': '684', '120349': '748', '120351': '693', '120352': '718', '120360': '725', '120363': '731', '143857': '746', '144149': '721', '144252': '706', '144334': '707', '145319': '745', '145469': '714', '145487': '716', '145579': '715', '145886': '740', '145958': '742', '151240': '712', '151280': '703', '180028': '716', '180044': '714', '180076': '738', '180077': '690', '180093': '723', '180100': '700', '180101': '745', '180108': '691', '180117': '740', '180125': '712', '180133': '709', '180141': '696', '180158': '751', '180159': '724', '180166': '712', '180171': '711', '180192': '686', '180207': '713', '180212': '674', '180215': '709', '180223': '733', '180240': '684', '180245': '692', '180256': '718', '180257': '695', '180261': '706', '180265': '750', '180273': '713', '180295': '714', '180297': '720', '180304': '727', '180333': '756', '180339': '701', '180369': '708', '180375': '695', '180387': '722', '180397': '702', '180412': '712', '180420': '704', '180421': '742', '180424': '684', '180442': '728', '180453': '698', '180458': '720', '180461': '720', '180462': '730', '180476': '741', '180478': '689', '180479': '710', '180481': '710', '180484': '721', '180486': '733', '180487': '705', '180494': '718', '180504': '688', '180511': '692', '180519': '721', '180520': '729', '180535': '722', '180552': '696', '180734': '714', '181351': '715', '181427': '740', '181925': '732', '181957': '743', '181963': '713', '181979': '738', '182006': '755', '186041': '754', '186046': '754', '186175': '677', '186230': '747', '186289': '715', '186349': '683', '186462': '729', '186486': '693', '186540': '700', '186631': '673', '186653': '732', '186668': '762', '186730': '702', '186809': '712', '186835': '715', '186900': '681', '186940': '766', '202110': '708', '202285': '716', '202291': '703', '202358': '709', '202373': '716', '202399': '726', '202426': '715', '202491': '686', '202511': '776', '202646': '707', '202668': '748', '202692': '686', '202737': '706', '202755': '713', '202823': '720', '203924': '722', '205344': '728', '205850': '679', '259092': '742', '259689': '728', '259708': '737', '260061': '721', '265673': '735', '266420': '717', '295343': '696', '295893': '689', '303093': '736', '303193': '730', '303267': '723', '303302': '696', '303303': '720', '303411': '733', '303427': '692', '303435': '727', '303534': '714', '303550': '711', '303563': '685', '303579': '709', '303750': '704', '303832': '679', '303869': '722', '303884': '699', '303925': '713', '303981': '745', '304011': '705', '304016': '700', '304120': '696', '304144': '709', '304197': '726', '304243': '698', '304293': '667', '304363': '749', '304396': '737', '304408': '708', '304472': '670', '304480': '737', '304514': '672', '304628': '725', '304739': '707', '304771': '696', '304788': '721', '304799': '715', '304805': '725', '304845': '675', '304862': '689', '304899': '711', '304910': '683', '304928': '679', '304956': '682', '304960': '693', '304977': '723', '305149': '698', '305968': '691', '311001': '641', '311007': '723', '311009': '691', '311038': '714', '311066': '736', '311068': '699', '311115': '717', '311165': '708', '311167': '679', '311246': '702', '311247': '726', '311270': '711', '311321': '718', '311328': '709'}}", 'events': 209526, 'type': 'EDM', 'lfn': '/store/user/amalhotr/DYto2Mu-4Jets_Bin-MLL-50_TuneCP5_13p6TeV_madgraphMLM-pythia8/DYto2Mu4Jets_Unpacker_Large/250323_060454/0000/HLTUnpackerOutputLarge_3.root'}, {'parents': '[]', 'runlumi': "{'1': {'45230': 'None', '45244': 'None', '45273': 'None', '45312': 'None', '45325': 'None', '48923': 'None', '89026': 'None', '89334': 'None', '89346': 'None', '89366': 'None', '89392': 'None', '89401': 'None', '89425': 'None', '89430': 'None', '89439': 'None', '89441': 'None', '89602': 'None', '89708': 'None', '89797': 'None', '89890': 'None', '89938': 'None', '90359': 'None', '90491': 'None', '90532': 'None', '90562': 'None', '90573': 'None', '90632': 'None', '90640': 'None', '90649': 'None', '90683': 'None', '90706': 'None', '90910': 'None', '90951': 'None', '100035': 'None', '100069': 'None', '100126': 'None', '100185': 'None', '100340': 'None', '100348': 'None', '100405': 'None'}}", 'events': 28630, 'type': 'POOLIN', 'lfn': '/store/mc/RunIII2024Summer24MiniAOD/DYto2Mu-4Jets_Bin-MLL-50_TuneCP5_13p6TeV_madgraphMLM-pythia8/MINIAODSIM/140X_mcRun3_2024_realistic_v26-v2/110000/0b3d68bf-e9aa-4bb3-a3a1-94648dbdfb3c.root_3'}, {'parents': '[]', 'runlumi': "{'1': {'203924': 'None', '259092': 'None', '259689': 'None', '259708': 'None', '260061': 'None', '265673': 'None', '266420': 'None', '295343': 'None', '295893': 'None', '303093': 'None', '303193': 'None', '303267': 'None', '303302': 'None', '303303': 'None', '303411': 'None', '303427': 'None', '303435': 'None', '303534': 'None', '303550': 'None', '303563': 'None', '303579': 'None', '303750': 'None', '303832': 'None', '303869': 'None', '303884': 'None', '303925': 'None', '303981': 'None', '304011': 'None', '304016': 'None', '304120': 'None', '304144': 'None', '304197': 'None', '304243': 'None', '304293': 'None', '304363': 'None', '304396': 'None', '304408': 'None', '304472': 'None', '304480': 'None', '304514': 'None', '304628': 'None', '304739': 'None', '304771': 'None', '304788': 'None', '304799': 'None', '304805': 'None', '304845': 'None', '304862': 'None', '304899': 'None', '304910': 'None', '304928': 'None', '304956': 'None', '304960': 'None', '304977': 'None', '305149': 'None', '305968': 'None', '311001': 'None', '311007': 'None', '311009': 'None', '311038': 'None', '311066': 'None', '311068': 'None', '311115': 'None', '311165': 'None', '311167': 'None', '311246': 'None', '311247': 'None', '311270': 'None', '311321': 'None', '311328': 'None'}}", 'events': 49586, 'type': 'POOLIN', 'lfn': '/store/mc/RunIII2024Summer24MiniAOD/DYto2Mu-4Jets_Bin-MLL-50_TuneCP5_13p6TeV_madgraphMLM-pythia8/MINIAODSIM/140X_mcRun3_2024_realistic_v26-v2/110000/06b89440-f971-4c13-81d8-b5ae9a7963dc.root_3'}, {'parents': '[]', 'runlumi': "{'1': {'119839': 'None', '119841': 'None', '119842': 'None', '119844': 'None', '119868': 'None', '119873': 'None', '119880': 'None', '119896': 'None', '119900': 'None', '119921': 'None', '119925': 'None', '119930': 'None', '119933': 'None', '119937': 'None', '119946': 'None', '119947': 'None', '119951': 'None', '119954': 'None', '119966': 'None', '119967': 'None', '119972': 'None', '119988': 'None', '119992': 'None', '120004': 'None', '120007': 'None', '120021': 'None', '120028': 'None', '120038': 'None', '120040': 'None', '120044': 'None', '120056': 'None', '120057': 'None', '120059': 'None', '120064': 'None', '120093': 'None', '120095': 'None', '120111': 'None', '120122': 'None', '120125': 'None', '120130': 'None', '120144': 'None', '120156': 'None', '120166': 'None', '120168': 'None', '120177': 'None', '120180': 'None', '120189': 'None', '120195': 'None', '120204': 'None', '120208': 'None', '120220': 'None', '120232': 'None', '120240': 'None', '120249': 'None', '120250': 'None', '120257': 'None', '120262': 'None', '120267': 'None', '120271': 'None', '120280': 'None', '120281': 'None', '120291': 'None', '120303': 'None', '120310': 'None', '120345': 'None', '120349': 'None', '120351': 'None', '120352': 'None', '120360': 'None', '120363': 'None'}}", 'events': 49653, 'type': 'POOLIN', 'lfn': '/store/mc/RunIII2024Summer24MiniAOD/DYto2Mu-4Jets_Bin-MLL-50_TuneCP5_13p6TeV_madgraphMLM-pythia8/MINIAODSIM/140X_mcRun3_2024_realistic_v26-v2/110000/05ee07f1-3852-48ee-8ae8-1848e6b1e143.root_3'}, {'parents': '[]', 'runlumi': "{'1': {'144149': 'None', '145958': 'None', '151240': 'None', '180734': 'None', '181351': 'None', '181427': 'None', '181925': 'None', '181957': 'None', '181963': 'None', '181979': 'None', '182006': 'None', '186041': 'None', '186046': 'None', '186175': 'None', '186230': 'None', '186289': 'None', '186349': 'None', '186462': 'None', '186486': 'None', '186540': 'None', '186631': 'None', '186653': 'None', '186668': 'None', '186730': 'None', '186809': 'None', '186835': 'None', '186900': 'None', '186940': 'None', '202110': 'None', '202285': 'None', '202291': 'None', '202358': 'None', '202373': 'None', '202399': 'None', '202426': 'None', '202491': 'None', '202511': 'None', '202646': 'None', '202668': 'None', '202692': 'None', '202737': 'None', '202755': 'None', '202823': 'None', '205344': 'None', '205850': 'None'}}", 'events': 32362, 'type': 'POOLIN', 'lfn': '/store/mc/RunIII2024Summer24MiniAOD/DYto2Mu-4Jets_Bin-MLL-50_TuneCP5_13p6TeV_madgraphMLM-pythia8/MINIAODSIM/140X_mcRun3_2024_realistic_v26-v2/110000/04e58f70-8271-41e2-a58e-56390fcd0006.root_3'}, {'parents': '[]', 'runlumi': "{'1': {'143857': 'None', '144252': 'None', '144334': 'None', '145319': 'None', '145469': 'None', '145487': 'None', '145579': 'None', '145886': 'None', '151280': 'None', '180028': 'None', '180044': 'None', '180076': 'None', '180077': 'None', '180093': 'None', '180100': 'None', '180101': 'None', '180108': 'None', '180117': 'None', '180125': 'None', '180133': 'None', '180141': 'None', '180158': 'None', '180159': 'None', '180166': 'None', '180171': 'None', '180192': 'None', '180207': 'None', '180212': 'None', '180215': 'None', '180223': 'None', '180240': 'None', '180245': 'None', '180256': 'None', '180257': 'None', '180261': 'None', '180265': 'None', '180273': 'None', '180295': 'None', '180297': 'None', '180304': 'None', '180333': 'None', '180339': 'None', '180369': 'None', '180375': 'None', '180387': 'None', '180397': 'None', '180412': 'None', '180420': 'None', '180421': 'None', '180424': 'None', '180442': 'None', '180453': 'None', '180458': 'None', '180461': 'None', '180462': 'None', '180476': 'None', '180478': 'None', '180479': 'None', '180481': 'None', '180484': 'None', '180486': 'None', '180487': 'None', '180494': 'None', '180504': 'None', '180511': 'None', '180519': 'None', '180520': 'None', '180535': 'None', '180552': 'None'}}", 'events': 49295, 'type': 'POOLIN', 'lfn': '/store/mc/RunIII2024Summer24MiniAOD/DYto2Mu-4Jets_Bin-MLL-50_TuneCP5_13p6TeV_madgraphMLM-pythia8/MINIAODSIM/140X_mcRun3_2024_realistic_v26-v2/110000/04443ab6-68f7-47bd-91dc-daf2f0102e42.root_3'}], '18': [{'parents': "['/store/mc/RunIII2024Summer24MiniAOD/DYto2Mu-4Jets_Bin-MLL-50_TuneCP5_13p6TeV_madgraphMLM-pythia8/MINIAODSIM/140X_mcRun3_2024_realistic_v26-v2/110000/01819a8d-0481-4d13-a8c1-5f8187d639f3.root', '/store/mc/RunIII2024Summer24MiniAOD/DYto2Mu-4Jets_Bin-MLL-50_TuneCP5_13p6TeV_madgraphMLM-pythia8/MINIAODSIM/140X_mcRun3_2024_realistic_v26-v2/110000/05335145-acdf-4ed5-a8e7-3fd529cb48a5.root', '/store/mc/RunIII2024Summer24MiniAOD/DYto2Mu-4Jets_Bin-MLL-50_TuneCP5_13p6TeV_madgraphMLM-pythia8/MINIAODSIM/140X_mcRun3_2024_realistic_v26-v2/110000/05ddacb1-60a0-4b6c-ae5b-3d64d749e428.root', '/store/mc/RunIII2024Summer24MiniAOD/DYto2Mu-4Jets_Bin-MLL-50_TuneCP5_13p6TeV_madgraphMLM-pythia8/MINIAODSIM/140X_mcRun3_2024_realistic_v26-v2/110000/0ce3c48a-f978-4f3a-b750-134c11ba3eaa.root', '/store/mc/RunIII2024Summer24MiniAOD/DYto2Mu-4Jets_Bin-MLL-50_TuneCP5_13p6TeV_madgraphMLM-pythia8/MINIAODSIM/140X_mcRun3_2024_realistic_v26-v2/110000/1003c009-038c-4ae0-bc08-d3f4350495e7.root']", 'runlumi': "{'1': {'566': '700', '941': '703', '14242': '697', '14292': '656', '45047': '711', '45108': '743', '45147': '687', '45154': '737', '45294': '697', '45305': '718', '45313': '731', '45387': '699', '45403': '750', '45445': '738', '45506': '694', '45543': '710', '45585': '722', '45606': '685', '45634': '705', '45739': '691', '45750': '707', '45835': '729', '45870': '707', '45888': '693', '45902': '694', '48325': '692', '48329': '731', '48485': '711', '48528': '744', '48537': '739', '48549': '715', '48553': '729', '48666': '763', '48915': '678', '48928': '687', '48967': '738', '48984': '672', '48986': '688', '48995': '691', '49163': '697', '49477': '724', '49588': '729', '50084': '692', '89256': '675', '89471': '710', '89591': '692', '89615': '708', '89617': '753', '90035': '732', '90119': '675', '90177': '698', '90232': '716', '90403': '727', '90422': '713', '90464': '714', '90607': '720', '90943': '701', '100017': '697', '100165': '718', '100216': '683', '100255': '690', '100302': '752', '100318': '738', '100347': '691', '100389': '730', '100421': '695', '100463': '761', '100465': '715', '100476': '699', '100489': '685', '100503': '734', '100510': '729', '100524': '686', '100546': '755', '100548': '724', '100634': '675', '100653': '674', '100680': '672', '100692': '748', '100704': '727', '100713': '697', '100717': '692', '100766': '710', '100824': '722', '100826': '707', '100883': '653', '100901': '696', '100915': '727', '101011': '711', '101015': '711', '101051': '738', '101062': '697', '101074': '720', '101397': '694', '101402': '704', '101552': '732', '101661': '688', '101692': '712', '101717': '699', '101733': '701', '101734': '714', '101777': '667', '101845': '692', '101854': '680', '101931': '695', '101933': '685', '119031': '650', '119182': '686', '203802': '719', '203883': '706', '203982': '692', '203996': '714', '204141': '668', '204213': '715', '204438': '699', '204717': '707', '204836': '734', '204914': '682', '204925': '719', '204979': '707', '205162': '731', '205168': '681', '205276': '680', '205325': '689', '205456': '722', '205563': '764', '205602': '696', '205621': '686', '205666': '675', '205700': '682', '205707': '759', '205727': '647', '205759': '704', '205841': '747', '205938': '721', '240478': '697', '240595': '740', '240836': '728', '241025': '724', '241310': '715', '241314': '683', '241340': '721', '241359': '728', '241364': '718', '241404': '661', '241421': '725', '241519': '676', '241553': '695', '241634': '692', '259030': '682', '259040': '700', '259179': '726', '259192': '684', '260608': '708', '260797': '716', '260871': '720', '260950': '684', '260970': '732', '260985': '722', '265096': '709', '265152': '683', '265158': '710', '265194': '723', '265231': '676', '265383': '702', '265472': '684', '265689': '691', '265755': '677', '265951': '713', '265959': '698', '266042': '691', '266066': '692', '266107': '711', '266177': '722', '266185': '713', '266230': '697', '266321': '733', '266346': '722', '266377': '690', '266381': '704', '266392': '736', '266426': '674', '266447': '710', '266510': '764', '266621': '743', '266795': '690', '266820': '708', '266971': '666', '295007': '704', '295115': '719', '295121': '721', '295307': '711', '305133': '687', '305906': '689', '312512': '686', '358008': '713', '358240': '707', '358534': '683', '358583': '728', '358782': '696', '359013': '673', '359499': '712', '359870': '710', '360161': '698', '360264': '701', '360645': '757', '360669': '727', '360968': '701', '361990': '696', '362556': '684', '363746': '725', '363924': '659', '364089': '711', '364102': '713', '364306': '726', '364447': '737', '364547': '703', '364707': '720', '364759': '678', '364777': '692', '364847': '674', '394649': '742', '394970': '709', '395047': '723', '395838': '721', '396271': '761', '396795': '678'}}", 'events': 160446, 'type': 'EDM', 'lfn': '/store/user/amalhotr/DYto2Mu-4Jets_Bin-MLL-50_TuneCP5_13p6TeV_madgraphMLM-pythia8/DYto2Mu4Jets_Unpacker_Large/250323_060454/0000/HLTUnpackerOutputLarge_18.root'}, {'parents': '[]', 'runlumi': "{'1': {'204836': 'None', '240595': 'None', '295307': 'None', '305133': 'None', '305906': 'None', '312512': 'None', '358008': 'None', '358240': 'None', '358534': 'None', '358583': 'None', '358782': 'None', '359013': 'None', '359499': 'None', '359870': 'None', '360161': 'None', '360264': 'None', '360645': 'None', '360669': 'None', '360968': 'None', '361990': 'None', '362556': 'None', '363746': 'None', '363924': 'None', '364089': 'None', '364102': 'None', '364306': 'None', '364447': 'None', '364547': 'None', '364707': 'None', '364759': 'None', '364777': 'None', '364847': 'None', '394649': 'None', '394970': 'None', '395047': 'None', '395838': 'None', '396271': 'None', '396795': 'None'}}", 'events': 26905, 'type': 'POOLIN', 'lfn': '/store/mc/RunIII2024Summer24MiniAOD/DYto2Mu-4Jets_Bin-MLL-50_TuneCP5_13p6TeV_madgraphMLM-pythia8/MINIAODSIM/140X_mcRun3_2024_realistic_v26-v2/110000/1003c009-038c-4ae0-bc08-d3f4350495e7.root_18'}, {'parents': '[]', 'runlumi': "{'1': {'89471': 'None', '89591': 'None', '89615': 'None', '89617': 'None', '100017': 'None', '100165': 'None', '100216': 'None', '100255': 'None', '100302': 'None', '100318': 'None', '100347': 'None', '100389': 'None', '100421': 'None', '100463': 'None', '100465': 'None', '100476': 'None', '100489': 'None', '100503': 'None', '100510': 'None', '100524': 'None', '100546': 'None', '100548': 'None', '100634': 'None', '100653': 'None', '100680': 'None', '100692': 'None', '100704': 'None', '100713': 'None', '100717': 'None', '100766': 'None', '100824': 'None', '100826': 'None', '100883': 'None', '100901': 'None', '100915': 'None', '101011': 'None', '101015': 'None', '101051': 'None', '101062': 'None', '101074': 'None', '101397': 'None', '101402': 'None', '101552': 'None', '101661': 'None', '101692': 'None', '101717': 'None', '101733': 'None', '101734': 'None', '101777': 'None', '101845': 'None', '101854': 'None', '101931': 'None', '101933': 'None', '119031': 'None', '119182': 'None'}}", 'events': 38821, 'type': 'POOLIN', 'lfn': '/store/mc/RunIII2024Summer24MiniAOD/DYto2Mu-4Jets_Bin-MLL-50_TuneCP5_13p6TeV_madgraphMLM-pythia8/MINIAODSIM/140X_mcRun3_2024_realistic_v26-v2/110000/0ce3c48a-f978-4f3a-b750-134c11ba3eaa.root_18'}, {'parents': '[]', 'runlumi': "{'1': {'203802': 'None', '203883': 'None', '203982': 'None', '203996': 'None', '204141': 'None', '204213': 'None', '204438': 'None', '204717': 'None', '204914': 'None', '204925': 'None', '204979': 'None', '205162': 'None', '205168': 'None', '205276': 'None', '205325': 'None', '205456': 'None', '205563': 'None', '205602': 'None', '205621': 'None', '205666': 'None', '205700': 'None', '205707': 'None', '205727': 'None', '205759': 'None', '205841': 'None', '205938': 'None', '240478': 'None', '241025': 'None', '241310': 'None', '241314': 'None', '241340': 'None', '241359': 'None', '241364': 'None', '241404': 'None', '241421': 'None', '241519': 'None', '241553': 'None', '241634': 'None', '259040': 'None'}}", 'events': 27447, 'type': 'POOLIN', 'lfn': '/store/mc/RunIII2024Summer24MiniAOD/DYto2Mu-4Jets_Bin-MLL-50_TuneCP5_13p6TeV_madgraphMLM-pythia8/MINIAODSIM/140X_mcRun3_2024_realistic_v26-v2/110000/05ddacb1-60a0-4b6c-ae5b-3d64d749e428.root_18'}, {'parents': '[]', 'runlumi': "{'1': {'240836': 'None', '259030': 'None', '259179': 'None', '259192': 'None', '260608': 'None', '260797': 'None', '260871': 'None', '260950': 'None', '260970': 'None', '260985': 'None', '265096': 'None', '265152': 'None', '265158': 'None', '265194': 'None', '265231': 'None', '265383': 'None', '265472': 'None', '265689': 'None', '265755': 'None', '265951': 'None', '265959': 'None', '266042': 'None', '266066': 'None', '266107': 'None', '266177': 'None', '266185': 'None', '266230': 'None', '266321': 'None', '266346': 'None', '266377': 'None', '266381': 'None', '266392': 'None', '266426': 'None', '266447': 'None', '266510': 'None', '266621': 'None', '266795': 'None', '266820': 'None', '266971': 'None', '295007': 'None', '295115': 'None', '295121': 'None'}}", 'events': 29678, 'type': 'POOLIN', 'lfn': '/store/mc/RunIII2024Summer24MiniAOD/DYto2Mu-4Jets_Bin-MLL-50_TuneCP5_13p6TeV_madgraphMLM-pythia8/MINIAODSIM/140X_mcRun3_2024_realistic_v26-v2/110000/05335145-acdf-4ed5-a8e7-3fd529cb48a5.root_18'}, {'parents': '[]', 'runlumi': "{'1': {'566': 'None', '941': 'None', '14242': 'None', '14292': 'None', '45047': 'None', '45108': 'None', '45147': 'None', '45154': 'None', '45294': 'None', '45305': 'None', '45313': 'None', '45387': 'None', '45403': 'None', '45445': 'None', '45506': 'None', '45543': 'None', '45585': 'None', '45606': 'None', '45634': 'None', '45739': 'None', '45750': 'None', '45835': 'None', '45870': 'None', '45888': 'None', '45902': 'None', '48325': 'None', '48329': 'None', '48485': 'None', '48528': 'None', '48537': 'None', '48549': 'None', '48553': 'None', '48666': 'None', '48915': 'None', '48928': 'None', '48967': 'None', '48984': 'None', '48986': 'None', '48995': 'None', '49163': 'None', '49477': 'None', '49588': 'None', '50084': 'None', '89256': 'None', '90035': 'None', '90119': 'None', '90177': 'None', '90232': 'None', '90403': 'None', '90422': 'None', '90464': 'None', '90607': 'None', '90943': 'None'}}", 'events': 37595, 'type': 'POOLIN', 'lfn': '/store/mc/RunIII2024Summer24MiniAOD/DYto2Mu-4Jets_Bin-MLL-50_TuneCP5_13p6TeV_madgraphMLM-pythia8/MINIAODSIM/140X_mcRun3_2024_realistic_v26-v2/110000/01819a8d-0481-4d13-a8c1-5f8187d639f3.root_18'}], '5': [{'parents': "['/store/mc/RunIII2024Summer24MiniAOD/DYto2Mu-4Jets_Bin-MLL-50_TuneCP5_13p6TeV_madgraphMLM-pythia8/MINIAODSIM/140X_mcRun3_2024_realistic_v26-v2/110000/18070fa8-cf83-4a01-88ef-adeedaa9a0d9.root', '/store/mc/RunIII2024Summer24MiniAOD/DYto2Mu-4Jets_Bin-MLL-50_TuneCP5_13p6TeV_madgraphMLM-pythia8/MINIAODSIM/140X_mcRun3_2024_realistic_v26-v2/110000/18b73eb3-ad65-4d7c-9ea0-65efacda9576.root']", 'runlumi': "{'1': {'120372': '724', '120375': '716', '120378': '703', '120394': '683', '120427': '697', '120485': '739', '120488': '686', '120517': '722', '120544': '713', '120569': '674', '120580': '708', '120594': '707', '120616': '725', '120685': '704', '120726': '669', '120750': '727', '120755': '675', '120770': '692', '120773': '709', '120779': '695', '120804': '742', '120827': '748', '120835': '699', '120847': '709', '120894': '706', '120898': '682', '120938': '686', '120942': '699', '120961': '701', '120963': '691', '120985': '720', '120993': '690', '143006': '734', '143008': '704', '143052': '733', '143057': '697', '143072': '705', '143098': '700', '143138': '688', '143147': '717', '143237': '653', '143250': '744', '143278': '693', '143301': '692', '143375': '707', '143401': '698', '143409': '693', '143441': '670', '143452': '701', '143832': '660', '144170': '658', '144330': '674', '203110': '735', '203215': '691', '295227': '712', '295255': '689', '295318': '704', '295378': '698', '295385': '688', '295500': '728', '295779': '667', '304221': '707', '311699': '739', '311928': '683', '312166': '704', '312756': '709', '312798': '721', '358001': '744', '358089': '721', '358148': '699', '358274': '719', '358355': '692', '358373': '698', '358387': '714', '358679': '690', '358730': '708', '358766': '695', '358774': '683', '358790': '678', '358864': '742', '358867': '683', '358876': '690', '358881': '705', '358890': '738', '358898': '730', '358922': '747', '358988': '721', '358997': '727', '358999': '678', '359560': '722', '359790': '708', '361966': '712', '362031': '709', '362105': '723', '362132': '744', '362272': '688', '362285': '689', '362296': '721', '362342': '687', '362349': '728', '362412': '747', '362445': '663', '363233': '690', '363423': '681', '363606': '660', '363965': '676', '364016': '679', '364020': '748', '364027': '693', '364095': '733', '364111': '667', '364115': '698', '364144': '685', '364155': '720', '364176': '668', '364184': '702', '364191': '725', '364193': '675', '364204': '697', '364217': '695', '364225': '738', '364226': '717', '364232': '699'}}", 'events': 86526, 'type': 'EDM', 'lfn': '/store/user/amalhotr/DYto2Mu-4Jets_Bin-MLL-50_TuneCP5_13p6TeV_madgraphMLM-pythia8/DYto2Mu4Jets_Unpacker_Large/250323_060454/0000/HLTUnpackerOutputLarge_5.root'}, {'parents': '[]', 'runlumi': "{'1': {'203110': 'None', '203215': 'None', '295227': 'None', '295255': 'None', '295318': 'None', '295378': 'None', '295385': 'None', '295500': 'None', '295779': 'None', '304221': 'None', '311699': 'None', '311928': 'None', '312166': 'None', '312756': 'None', '312798': 'None', '358001': 'None', '358089': 'None', '358148': 'None', '358274': 'None', '358355': 'None', '358373': 'None', '358387': 'None', '358679': 'None', '358730': 'None', '358766': 'None', '358774': 'None', '358790': 'None', '358864': 'None', '358867': 'None', '358876': 'None', '358881': 'None', '358890': 'None', '358898': 'None', '358922': 'None', '358988': 'None', '358997': 'None', '358999': 'None', '359560': 'None', '359790': 'None', '361966': 'None', '362031': 'None', '362105': 'None', '362132': 'None', '362272': 'None', '362285': 'None', '362296': 'None', '362342': 'None', '362349': 'None', '362412': 'None', '362445': 'None', '363233': 'None', '363423': 'None', '363606': 'None', '363965': 'None', '364016': 'None', '364020': 'None', '364027': 'None', '364095': 'None', '364111': 'None', '364115': 'None', '364144': 'None', '364155': 'None', '364176': 'None', '364184': 'None', '364191': 'None', '364193': 'None', '364204': 'None', '364217': 'None', '364225': 'None', '364226': 'None', '364232': 'None'}}", 'events': 50064, 'type': 'POOLIN', 'lfn': '/store/mc/RunIII2024Summer24MiniAOD/DYto2Mu-4Jets_Bin-MLL-50_TuneCP5_13p6TeV_madgraphMLM-pythia8/MINIAODSIM/140X_mcRun3_2024_realistic_v26-v2/110000/18b73eb3-ad65-4d7c-9ea0-65efacda9576.root_5'}, {'parents': '[]', 'runlumi': "{'1': {'120372': 'None', '120375': 'None', '120378': 'None', '120394': 'None', '120427': 'None', '120485': 'None', '120488': 'None', '120517': 'None', '120544': 'None', '120569': 'None', '120580': 'None', '120594': 'None', '120616': 'None', '120685': 'None', '120726': 'None', '120750': 'None', '120755': 'None', '120770': 'None', '120773': 'None', '120779': 'None', '120804': 'None', '120827': 'None', '120835': 'None', '120847': 'None', '120894': 'None', '120898': 'None', '120938': 'None', '120942': 'None', '120961': 'None', '120963': 'None', '120985': 'None', '120993': 'None', '143006': 'None', '143008': 'None', '143052': 'None', '143057': 'None', '143072': 'None', '143098': 'None', '143138': 'None', '143147': 'None', '143237': 'None', '143250': 'None', '143278': 'None', '143301': 'None', '143375': 'None', '143401': 'None', '143409': 'None', '143441': 'None', '143452': 'None', '143832': 'None', '144170': 'None', '144330': 'None'}}", 'events': 36462, 'type': 'POOLIN', 'lfn': '/store/mc/RunIII2024Summer24MiniAOD/DYto2Mu-4Jets_Bin-MLL-50_TuneCP5_13p6TeV_madgraphMLM-pythia8/MINIAODSIM/140X_mcRun3_2024_realistic_v26-v2/110000/18070fa8-cf83-4a01-88ef-adeedaa9a0d9.root_5'}], '21': [{'parents': "['/store/mc/RunIII2024Summer24MiniAOD/DYto2Mu-4Jets_Bin-MLL-50_TuneCP5_13p6TeV_madgraphMLM-pythia8/MINIAODSIM/140X_mcRun3_2024_realistic_v26-v2/110000/047ba50c-9477-429b-adc7-d7c19a1f82a2.root', '/store/mc/RunIII2024Summer24MiniAOD/DYto2Mu-4Jets_Bin-MLL-50_TuneCP5_13p6TeV_madgraphMLM-pythia8/MINIAODSIM/140X_mcRun3_2024_realistic_v26-v2/110000/08bbe0f5-9ee6-4368-8ba1-a6e4d84d11dd.root']", 'runlumi': "{'1': {'204844': '687', '205676': '669', '240303': '730', '240726': '684', '240795': '706', '240959': '667', '241000': '684', '241895': '730', '241927': '721', '241958': '726', '259032': '692', '259377': '673', '259579': '643', '259683': '710', '259711': '710', '259924': '743', '260244': '731', '260418': '730', '260435': '703', '260507': '702', '260531': '744', '260579': '694', '260727': '719', '260870': '748', '265028': '682', '265145': '703', '265674': '740', '265780': '732', '265863': '772', '266310': '678', '266433': '701', '266500': '743', '266742': '702', '266976': '716', '295292': '687', '295304': '698', '295313': '725', '295407': '714', '295448': '706', '295805': '654', '303275': '681', '303393': '705', '303434': '705', '303658': '753', '303661': '701', '303702': '735', '303730': '712', '303758': '660', '303810': '694', '303820': '648', '304380': '711', '304441': '714', '304453': '681', '304464': '708', '304469': '702', '304589': '718', '304634': '743', '304720': '713', '304792': '716', '305067': '680', '305250': '688', '305292': '679', '305443': '710', '305516': '711', '305652': '709', '311420': '687', '311533': '751', '311662': '700', '312054': '686', '312395': '674', '312403': '711', '312417': '759', '358356': '702', '359017': '709', '359697': '694', '359780': '711', '360068': '749', '361030': '694', '361072': '725', '361145': '717', '361371': '722', '361445': '696', '361967': '683', '363510': '703', '363526': '722'}}", 'events': 60071, 'type': 'EDM', 'lfn': '/store/user/amalhotr/DYto2Mu-4Jets_Bin-MLL-50_TuneCP5_13p6TeV_madgraphMLM-pythia8/DYto2Mu4Jets_Unpacker_Large/250323_060454/0000/HLTUnpackerOutputLarge_21.root'}, {'parents': '[]', 'runlumi': "{'1': {'259924': 'None', '260244': 'None', '265028': 'None', '265145': 'None', '265674': 'None', '265863': 'None', '266500': 'None', '295313': 'None', '295407': 'None', '295805': 'None', '303393': 'None', '303434': 'None', '303730': 'None', '303758': 'None', '303810': 'None', '303820': 'None', '304441': 'None', '304469': 'None', '304589': 'None', '304792': 'None', '305250': 'None', '305292': 'None', '305443': 'None', '311662': 'None', '312054': 'None', '312395': 'None', '312403': 'None', '312417': 'None', '358356': 'None', '359017': 'None', '359697': 'None', '359780': 'None', '360068': 'None', '361030': 'None', '361072': 'None', '361145': 'None', '361371': 'None', '361445': 'None', '361967': 'None', '363510': 'None', '363526': 'None'}}", 'events': 29015, 'type': 'POOLIN', 'lfn': '/store/mc/RunIII2024Summer24MiniAOD/DYto2Mu-4Jets_Bin-MLL-50_TuneCP5_13p6TeV_madgraphMLM-pythia8/MINIAODSIM/140X_mcRun3_2024_realistic_v26-v2/110000/08bbe0f5-9ee6-4368-8ba1-a6e4d84d11dd.root_21'}, {'parents': '[]', 'runlumi': "{'1': {'204844': 'None', '205676': 'None', '240303': 'None', '240726': 'None', '240795': 'None', '240959': 'None', '241000': 'None', '241895': 'None', '241927': 'None', '241958': 'None', '259032': 'None', '259377': 'None', '259579': 'None', '259683': 'None', '259711': 'None', '260418': 'None', '260435': 'None', '260507': 'None', '260531': 'None', '260579': 'None', '260727': 'None', '260870': 'None', '265780': 'None', '266310': 'None', '266433': 'None', '266742': 'None', '266976': 'None', '295292': 'None', '295304': 'None', '295448': 'None', '303275': 'None', '303658': 'None', '303661': 'None', '303702': 'None', '304380': 'None', '304453': 'None', '304464': 'None', '304634': 'None', '304720': 'None', '305067': 'None', '305516': 'None', '305652': 'None', '311420': 'None', '311533': 'None'}}", 'events': 31056, 'type': 'POOLIN', 'lfn': '/store/mc/RunIII2024Summer24MiniAOD/DYto2Mu-4Jets_Bin-MLL-50_TuneCP5_13p6TeV_madgraphMLM-pythia8/MINIAODSIM/140X_mcRun3_2024_realistic_v26-v2/110000/047ba50c-9477-429b-adc7-d7c19a1f82a2.root_21'}], '20': [{'parents': "['/store/mc/RunIII2024Summer24MiniAOD/DYto2Mu-4Jets_Bin-MLL-50_TuneCP5_13p6TeV_madgraphMLM-pythia8/MINIAODSIM/140X_mcRun3_2024_realistic_v26-v2/110000/0109af56-89a5-4ee1-a85e-afeba2f47ed7.root', '/store/mc/RunIII2024Summer24MiniAOD/DYto2Mu-4Jets_Bin-MLL-50_TuneCP5_13p6TeV_madgraphMLM-pythia8/MINIAODSIM/140X_mcRun3_2024_realistic_v26-v2/110000/04226dcd-2ba6-4508-b8f0-5fe786bee3a5.root']", 'runlumi': "{'1': {'265714': '736', '295411': '731', '295777': '716', '295881': '756', '295895': '726', '295918': '737', '303007': '690', '303037': '664', '303250': '672', '303260': '713', '303269': '748', '303353': '674', '303524': '729', '303652': '726', '304248': '683', '304284': '727', '304553': '705', '304579': '784', '304698': '713', '304709': '707', '304854': '719', '304901': '711', '304936': '714', '304981': '784', '305124': '737', '305132': '720', '305185': '743', '305230': '725', '305253': '721', '305278': '704', '305297': '695', '305301': '707', '305305': '710', '305311': '709', '305322': '706', '305332': '696', '305468': '725', '305566': '726', '305579': '722', '305657': '737', '305685': '731', '305686': '703', '305688': '689', '305782': '687', '305852': '712', '305853': '690', '305908': '708', '305934': '732', '305945': '685', '305949': '685', '311069': '732', '311205': '703', '311313': '675', '311610': '690', '311638': '720', '311669': '683', '311709': '718', '311798': '696', '311853': '708', '311862': '686', '311870': '726', '311986': '683', '311993': '706', '312219': '728', '312310': '709', '312350': '710', '312458': '742', '312603': '703', '312635': '712', '312676': '751', '312684': '706', '312693': '692', '312753': '674', '359463': '730', '359466': '687', '359622': '664', '360031': '747', '360128': '727', '360226': '716', '360243': '684', '360267': '715', '360540': '685', '360587': '701', '360604': '698', '360842': '673', '360997': '692', '361005': '687', '361161': '741', '361251': '742', '361337': '733', '361411': '713', '361473': '718', '361503': '774', '361632': '654', '361867': '728', '363037': '716', '363534': '726', '363589': '687', '363778': '721', '363984': '673'}}", 'events': 71155, 'type': 'EDM', 'lfn': '/store/user/amalhotr/DYto2Mu-4Jets_Bin-MLL-50_TuneCP5_13p6TeV_madgraphMLM-pythia8/DYto2Mu4Jets_Unpacker_Large/250323_060454/0000/HLTUnpackerOutputLarge_20.root'}, {'parents': '[]', 'runlumi': "{'1': {'303269': 'None', '303353': 'None', '303524': 'None', '303652': 'None', '304248': 'None', '304579': 'None', '304698': 'None', '304901': 'None', '304981': 'None', '305852': 'None', '311069': 'None', '311205': 'None', '311313': 'None', '311610': 'None', '311638': 'None', '311669': 'None', '311798': 'None', '311862': 'None', '311870': 'None', '311986': 'None', '311993': 'None', '312219': 'None', '312310': 'None', '312603': 'None', '312635': 'None', '312676': 'None', '312684': 'None', '312693': 'None', '312753': 'None', '359463': 'None', '359466': 'None', '359622': 'None', '360031': 'None', '360128': 'None', '360226': 'None', '360243': 'None', '360267': 'None', '360540': 'None', '360587': 'None', '360604': 'None', '360842': 'None', '360997': 'None', '361005': 'None', '361161': 'None', '361251': 'None', '361337': 'None', '361411': 'None', '361473': 'None', '361503': 'None', '361632': 'None', '361867': 'None', '363037': 'None', '363534': 'None', '363589': 'None', '363778': 'None', '363984': 'None'}}", 'events': 39771, 'type': 'POOLIN', 'lfn': '/store/mc/RunIII2024Summer24MiniAOD/DYto2Mu-4Jets_Bin-MLL-50_TuneCP5_13p6TeV_madgraphMLM-pythia8/MINIAODSIM/140X_mcRun3_2024_realistic_v26-v2/110000/04226dcd-2ba6-4508-b8f0-5fe786bee3a5.root_20'}, {'parents': '[]', 'runlumi': "{'1': {'265714': 'None', '295411': 'None', '295777': 'None', '295881': 'None', '295895': 'None', '295918': 'None', '303007': 'None', '303037': 'None', '303250': 'None', '303260': 'None', '304284': 'None', '304553': 'None', '304709': 'None', '304854': 'None', '304936': 'None', '305124': 'None', '305132': 'None', '305185': 'None', '305230': 'None', '305253': 'None', '305278': 'None', '305297': 'None', '305301': 'None', '305305': 'None', '305311': 'None', '305322': 'None', '305332': 'None', '305468': 'None', '305566': 'None', '305579': 'None', '305657': 'None', '305685': 'None', '305686': 'None', '305688': 'None', '305782': 'None', '305853': 'None', '305908': 'None', '305934': 'None', '305945': 'None', '305949': 'None', '311709': 'None', '311853': 'None', '312350': 'None', '312458': 'None'}}", 'events': 31384, 'type': 'POOLIN', 'lfn': '/store/mc/RunIII2024Summer24MiniAOD/DYto2Mu-4Jets_Bin-MLL-50_TuneCP5_13p6TeV_madgraphMLM-pythia8/MINIAODSIM/140X_mcRun3_2024_realistic_v26-v2/110000/0109af56-89a5-4ee1-a85e-afeba2f47ed7.root_20'}], '19': [{'parents': "['/store/mc/RunIII2024Summer24MiniAOD/DYto2Mu-4Jets_Bin-MLL-50_TuneCP5_13p6TeV_madgraphMLM-pythia8/MINIAODSIM/140X_mcRun3_2024_realistic_v26-v2/110000/1418f5f8-02a7-447b-ba31-4965739190ab.root', '/store/mc/RunIII2024Summer24MiniAOD/DYto2Mu-4Jets_Bin-MLL-50_TuneCP5_13p6TeV_madgraphMLM-pythia8/MINIAODSIM/140X_mcRun3_2024_realistic_v26-v2/110000/15d2ea22-c305-4e5b-9905-14e62c61cd60.root']", 'runlumi': "{'1': {'22': '663', '31': '721', '60': '715', '63': '703', '84': '735', '105': '708', '106': '706', '143': '713', '145': '714', '160': '726', '167': '691', '178': '740', '187': '703', '202': '712', '244': '683', '254': '695', '269': '684', '271': '713', '278': '723', '299': '694', '302': '686', '323': '716', '348': '714', '374': '689', '390': '721', '434': '713', '453': '738', '457': '732', '463': '715', '464': '700', '532': '678', '533': '704', '552': '663', '590': '707', '625': '689', '639': '692', '649': '659', '665': '642', '707': '679', '723': '726', '891': '708', '933': '687', '12073': '698', '12283': '701', '12317': '718', '12772': '716', '295357': '697', '295370': '687', '358054': '729', '358129': '692', '358166': '732', '358180': '689', '358196': '666', '358307': '657', '358380': '692', '358410': '699', '358482': '700', '358515': '673', '358629': '728', '358754': '751', '359001': '683', '359132': '690', '359192': '717', '359295': '791', '359345': '694', '359367': '732', '359491': '708', '359537': '703', '359663': '715', '359796': '698', '359808': '703', '359861': '747', '359881': '657', '360124': '689', '360647': '726', '361014': '645', '361029': '713', '361078': '656', '361240': '721', '361256': '710', '361270': '717', '361347': '667', '361385': '729', '361486': '740', '361490': '709', '361576': '687', '361750': '690', '361815': '725', '361828': '670', '361829': '713', '361847': '684', '361898': '711', '361906': '675', '361963': '693', '361991': '700', '364051': '674', '364588': '695'}}", 'events': 68102, 'type': 'EDM', 'lfn': '/store/user/amalhotr/DYto2Mu-4Jets_Bin-MLL-50_TuneCP5_13p6TeV_madgraphMLM-pythia8/DYto2Mu4Jets_Unpacker_Large/250323_060454/0000/HLTUnpackerOutputLarge_19.root'}, {'parents': '[]', 'runlumi': "{'1': {'22': 'None', '31': 'None', '60': 'None', '63': 'None', '84': 'None', '105': 'None', '106': 'None', '143': 'None', '145': 'None', '160': 'None', '167': 'None', '178': 'None', '187': 'None', '202': 'None', '244': 'None', '254': 'None', '269': 'None', '271': 'None', '278': 'None', '299': 'None', '302': 'None', '323': 'None', '348': 'None', '374': 'None', '390': 'None', '434': 'None', '453': 'None', '457': 'None', '463': 'None', '464': 'None', '532': 'None', '533': 'None', '552': 'None', '590': 'None', '625': 'None', '639': 'None', '649': 'None', '665': 'None', '707': 'None', '723': 'None', '891': 'None', '933': 'None', '12073': 'None', '12283': 'None', '12317': 'None', '12772': 'None'}}", 'events': 32333, 'type': 'POOLIN', 'lfn': '/store/mc/RunIII2024Summer24MiniAOD/DYto2Mu-4Jets_Bin-MLL-50_TuneCP5_13p6TeV_madgraphMLM-pythia8/MINIAODSIM/140X_mcRun3_2024_realistic_v26-v2/110000/15d2ea22-c305-4e5b-9905-14e62c61cd60.root_19'}, {'parents': '[]', 'runlumi': "{'1': {'295357': 'None', '295370': 'None', '358054': 'None', '358129': 'None', '358166': 'None', '358180': 'None', '358196': 'None', '358307': 'None', '358380': 'None', '358410': 'None', '358482': 'None', '358515': 'None', '358629': 'None', '358754': 'None', '359001': 'None', '359132': 'None', '359192': 'None', '359295': 'None', '359345': 'None', '359367': 'None', '359491': 'None', '359537': 'None', '359663': 'None', '359796': 'None', '359808': 'None', '359861': 'None', '359881': 'None', '360124': 'None', '360647': 'None', '361014': 'None', '361029': 'None', '361078': 'None', '361240': 'None', '361256': 'None', '361270': 'None', '361347': 'None', '361385': 'None', '361486': 'None', '361490': 'None', '361576': 'None', '361750': 'None', '361815': 'None', '361828': 'None', '361829': 'None', '361847': 'None', '361898': 'None', '361906': 'None', '361963': 'None', '361991': 'None', '364051': 'None', '364588': 'None'}}", 'events': 35769, 'type': 'POOLIN', 'lfn': '/store/mc/RunIII2024Summer24MiniAOD/DYto2Mu-4Jets_Bin-MLL-50_TuneCP5_13p6TeV_madgraphMLM-pythia8/MINIAODSIM/140X_mcRun3_2024_realistic_v26-v2/110000/1418f5f8-02a7-447b-ba31-4965739190ab.root_19'}], '9': [{'parents': "['/store/mc/RunIII2024Summer24MiniAOD/DYto2Mu-4Jets_Bin-MLL-50_TuneCP5_13p6TeV_madgraphMLM-pythia8/MINIAODSIM/140X_mcRun3_2024_realistic_v26-v2/110000/02dd79ed-cb54-4d4f-86c0-f296e854113c.root']", 'runlumi': "{'1': {'181103': '720', '182125': '688', '182967': '680', '182996': '716', '186277': '712', '186318': '686', '186371': '661', '203582': '701', '203670': '719', '203722': '683', '203788': '667', '203797': '690', '204106': '758', '204220': '668', '204290': '750', '204356': '746', '204673': '711', '204818': '720', '204890': '721', '204894': '728', '204910': '721', '205028': '699', '205036': '780', '205190': '719', '205255': '714', '205380': '755', '205469': '686', '205527': '739', '205787': '720', '241051': '706', '241134': '715', '241205': '723', '241241': '713', '241288': '675', '241393': '679', '241574': '711', '259039': '686', '259134': '740', '259194': '698', '259209': '720', '259274': '695', '259337': '701', '259678': '681'}}", 'events': 30501, 'type': 'EDM', 'lfn': '/store/user/amalhotr/DYto2Mu-4Jets_Bin-MLL-50_TuneCP5_13p6TeV_madgraphMLM-pythia8/DYto2Mu4Jets_Unpacker_Large/250323_060454/0000/HLTUnpackerOutputLarge_9.root'}, {'parents': '[]', 'runlumi': "{'1': {'181103': 'None', '182125': 'None', '182967': 'None', '182996': 'None', '186277': 'None', '186318': 'None', '186371': 'None', '203582': 'None', '203670': 'None', '203722': 'None', '203788': 'None', '203797': 'None', '204106': 'None', '204220': 'None', '204290': 'None', '204356': 'None', '204673': 'None', '204818': 'None', '204890': 'None', '204894': 'None', '204910': 'None', '205028': 'None', '205036': 'None', '205190': 'None', '205255': 'None', '205380': 'None', '205469': 'None', '205527': 'None', '205787': 'None', '241051': 'None', '241134': 'None', '241205': 'None', '241241': 'None', '241288': 'None', '241393': 'None', '241574': 'None', '259039': 'None', '259134': 'None', '259194': 'None', '259209': 'None', '259274': 'None', '259337': 'None', '259678': 'None'}}", 'events': 30501, 'type': 'POOLIN', 'lfn': '/store/mc/RunIII2024Summer24MiniAOD/DYto2Mu-4Jets_Bin-MLL-50_TuneCP5_13p6TeV_madgraphMLM-pythia8/MINIAODSIM/140X_mcRun3_2024_realistic_v26-v2/110000/02dd79ed-cb54-4d4f-86c0-f296e854113c.root_9'}], '7': [{'parents': "['/store/mc/RunIII2024Summer24MiniAOD/DYto2Mu-4Jets_Bin-MLL-50_TuneCP5_13p6TeV_madgraphMLM-pythia8/MINIAODSIM/140X_mcRun3_2024_realistic_v26-v2/110000/000e726a-ca68-420b-b531-23f6733ba1e4.root']", 'runlumi': "{'1': {'202043': '672', '202103': '722', '202542': '753', '203484': '691', '203754': '717', '204393': '724', '205069': '682', '205358': '732', '205653': '738', '205669': '733', '240621': '718', '241070': '701', '241236': '704', '241357': '703', '241976': '720', '259404': '661', '259440': '740', '259628': '701', '259667': '652', '260271': '713', '265447': '729', '265743': '702', '265890': '736', '266315': '717', '266528': '736', '266555': '688', '266762': '723', '295747': '718', '303741': '699', '304170': '691', '304680': '728', '304725': '709', '305893': '678', '311584': '708', '311661': '714', '311707': '704', '311809': '717', '311817': '743', '360085': '704'}}", 'events': 27721, 'type': 'EDM', 'lfn': '/store/user/amalhotr/DYto2Mu-4Jets_Bin-MLL-50_TuneCP5_13p6TeV_madgraphMLM-pythia8/DYto2Mu4Jets_Unpacker_Large/250323_060454/0000/HLTUnpackerOutputLarge_7.root'}, {'parents': '[]', 'runlumi': "{'1': {'202043': 'None', '202103': 'None', '202542': 'None', '203484': 'None', '203754': 'None', '204393': 'None', '205069': 'None', '205358': 'None', '205653': 'None', '205669': 'None', '240621': 'None', '241070': 'None', '241236': 'None', '241357': 'None', '241976': 'None', '259404': 'None', '259440': 'None', '259628': 'None', '259667': 'None', '260271': 'None', '265447': 'None', '265743': 'None', '265890': 'None', '266315': 'None', '266528': 'None', '266555': 'None', '266762': 'None', '295747': 'None', '303741': 'None', '304170': 'None', '304680': 'None', '304725': 'None', '305893': 'None', '311584': 'None', '311661': 'None', '311707': 'None', '311809': 'None', '311817': 'None', '360085': 'None'}}", 'events': 27721, 'type': 'POOLIN', 'lfn': '/store/mc/RunIII2024Summer24MiniAOD/DYto2Mu-4Jets_Bin-MLL-50_TuneCP5_13p6TeV_madgraphMLM-pythia8/MINIAODSIM/140X_mcRun3_2024_realistic_v26-v2/110000/000e726a-ca68-420b-b531-23f6733ba1e4.root_7'}], '8': [{'parents': "['/store/mc/RunIII2024Summer24MiniAOD/DYto2Mu-4Jets_Bin-MLL-50_TuneCP5_13p6TeV_madgraphMLM-pythia8/MINIAODSIM/140X_mcRun3_2024_realistic_v26-v2/110000/03cb840d-d6e1-413a-8681-6f61e19a7ac3.root']", 'runlumi': "{'1': {'45780': '713', '45861': '704', '46268': '721', '46792': '766', '49004': '677', '49699': '710', '50881': '715', '89934': '698', '100469': '675', '100624': '708', '100770': '725', '100840': '744', '100846': '707', '101006': '713', '101103': '655', '101111': '725', '101120': '746', '101158': '726', '101456': '696', '101483': '701', '101675': '641', '101737': '742', '119134': '663', '119232': '720', '119336': '702', '119756': '711', '120297': '770', '120411': '729', '120424': '700', '120558': '721', '120787': '700', '143037': '707', '143059': '700', '143064': '702', '143746': '695', '143963': '672', '144003': '739', '144015': '714', '144891': '616', '145145': '712'}}", 'events': 28281, 'type': 'EDM', 'lfn': '/store/user/amalhotr/DYto2Mu-4Jets_Bin-MLL-50_TuneCP5_13p6TeV_madgraphMLM-pythia8/DYto2Mu4Jets_Unpacker_Large/250323_060454/0000/HLTUnpackerOutputLarge_8.root'}, {'parents': '[]', 'runlumi': "{'1': {'45780': 'None', '45861': 'None', '46268': 'None', '46792': 'None', '49004': 'None', '49699': 'None', '50881': 'None', '89934': 'None', '100469': 'None', '100624': 'None', '100770': 'None', '100840': 'None', '100846': 'None', '101006': 'None', '101103': 'None', '101111': 'None', '101120': 'None', '101158': 'None', '101456': 'None', '101483': 'None', '101675': 'None', '101737': 'None', '119134': 'None', '119232': 'None', '119336': 'None', '119756': 'None', '120297': 'None', '120411': 'None', '120424': 'None', '120558': 'None', '120787': 'None', '143037': 'None', '143059': 'None', '143064': 'None', '143746': 'None', '143963': 'None', '144003': 'None', '144015': 'None', '144891': 'None', '145145': 'None'}}", 'events': 28281, 'type': 'POOLIN', 'lfn': '/store/mc/RunIII2024Summer24MiniAOD/DYto2Mu-4Jets_Bin-MLL-50_TuneCP5_13p6TeV_madgraphMLM-pythia8/MINIAODSIM/140X_mcRun3_2024_realistic_v26-v2/110000/03cb840d-d6e1-413a-8681-6f61e19a7ac3.root_8'}], '6': [{'parents': "['/store/mc/RunIII2024Summer24MiniAOD/DYto2Mu-4Jets_Bin-MLL-50_TuneCP5_13p6TeV_madgraphMLM-pythia8/MINIAODSIM/140X_mcRun3_2024_realistic_v26-v2/110000/0152da67-bef6-476f-abfb-3c6f5897327f.root']", 'runlumi': "{'1': {'49': '744', '12484': '692', '45429': '707', '45449': '739', '45470': '714', '45480': '711', '45487': '712', '45571': '729', '45608': '723', '45626': '704', '45741': '692', '45775': '703', '45823': '721', '45834': '741', '45836': '689', '45898': '701', '45906': '710', '45947': '690', '45998': '679', '47268': '678', '48474': '725', '48513': '703', '48987': '697', '49176': '661', '49338': '749', '49952': '725', '89072': '691', '89119': '671', '89151': '715', '89725': '694', '89851': '669', '90054': '723', '90702': '672', '90763': '660', '100129': '695', '100243': '731'}}", 'events': 25360, 'type': 'EDM', 'lfn': '/store/user/amalhotr/DYto2Mu-4Jets_Bin-MLL-50_TuneCP5_13p6TeV_madgraphMLM-pythia8/DYto2Mu4Jets_Unpacker_Large/250323_060454/0000/HLTUnpackerOutputLarge_6.root'}, {'parents': '[]', 'runlumi': "{'1': {'49': 'None', '12484': 'None', '45429': 'None', '45449': 'None', '45470': 'None', '45480': 'None', '45487': 'None', '45571': 'None', '45608': 'None', '45626': 'None', '45741': 'None', '45775': 'None', '45823': 'None', '45834': 'None', '45836': 'None', '45898': 'None', '45906': 'None', '45947': 'None', '45998': 'None', '47268': 'None', '48474': 'None', '48513': 'None', '48987': 'None', '49176': 'None', '49338': 'None', '49952': 'None', '89072': 'None', '89119': 'None', '89151': 'None', '89725': 'None', '89851': 'None', '90054': 'None', '90702': 'None', '90763': 'None', '100129': 'None', '100243': 'None'}}", 'events': 25360, 'type': 'POOLIN', 'lfn': '/store/mc/RunIII2024Summer24MiniAOD/DYto2Mu-4Jets_Bin-MLL-50_TuneCP5_13p6TeV_madgraphMLM-pythia8/MINIAODSIM/140X_mcRun3_2024_realistic_v26-v2/110000/0152da67-bef6-476f-abfb-3c6f5897327f.root_6'}]}}]}
INFO 2025-03-23 16:24:42.484 UTC: 	 Running crab status to fetch necessary information.
DEBUG 2025-03-23 16:24:42.502 UTC: 	 CRAB Client version: v3.250318
DEBUG 2025-03-23 16:24:42.502 UTC: 	 Running on: Linux lxplus940.cern.ch 5.14.0-503.22.1.el9_5.x86_64 #1 SMP PREEMPT_DYNAMIC Wed Jan 15 08:02:15 EST 2025 x86_64 x86_64 x86_64 GNU/Linux
DEBUG 2025-03-23 16:24:42.502 UTC: 	 Not using Singularity
DEBUG 2025-03-23 16:24:42.502 UTC: 	 Operating System: Red Hat Enterprise Linux 9.5 (Plow)
DEBUG 2025-03-23 16:24:42.502 UTC: 	 Executing command: 'status'
DEBUG 2025-03-23 16:24:42.502 UTC: 	 Found CRAB cache file /afs/cern.ch/user/a/amalhotr/.crab3
DEBUG 2025-03-23 16:24:42.550 UTC: 	 Skipping proxy creation
DEBUG 2025-03-23 16:24:42.551 UTC: 	 Retrieving username ...
DEBUG 2025-03-23 16:24:42.551 UTC: 	 Retrieving username from CRIC...
DEBUG 2025-03-23 16:24:43.190 UTC: 	 username is amalhotr
INFO 2025-03-23 16:24:43.694 UTC: 	 Rucio client intialized for account amalhotr
DEBUG 2025-03-23 16:24:43.694 UTC: 	 Command use: status
DEBUG 2025-03-23 16:24:43.694 UTC: 	 Options use: ['--proxy', '/tmp/x509up_u180451', '-d', './crab_DYto2Mu4Jets_Unpacker_Large']
DEBUG 2025-03-23 16:24:43.694 UTC: 	 Encoded data for curl request: subresource=version
DEBUG 2025-03-23 16:24:43.730 UTC: 	 CRABClient version: v3.250318
DEBUG 2025-03-23 16:24:43.730 UTC: 	 Instance is prod
DEBUG 2025-03-23 16:24:43.730 UTC: 	 Server base url is cmsweb.cern.ch
DEBUG 2025-03-23 16:24:43.730 UTC: 	 Command api workflow
DEBUG 2025-03-23 16:24:43.730 UTC: 	 Encoded data for curl request: subresource=search&workflow=250323_060454%3Aamalhotr_crab_DYto2Mu4Jets_Unpacker_Large
DEBUG 2025-03-23 16:24:43.779 UTC: 	 Got information from server oracle database: {'desc': {'columns': ['tm_taskname', 'tm_activity', 'tm_task_status', 'tm_task_command', 'tm_start_time', 'tm_start_injection', 'tm_end_injection', 'tm_task_failure', 'tm_job_sw', 'tm_job_arch', 'tm_input_dataset', 'tm_nonvalid_input_dataset', 'tm_use_parent', 'tm_site_whitelist', 'tm_site_blacklist', 'tm_split_algo', 'tm_split_args', 'tm_user_sandbox', 'tm_cache_url', 'tm_username', 'tm_user_dn', 'tm_user_vo', 'tm_user_role', 'tm_user_group', 'tm_publish_name', 'tm_publish_groupname', 'tm_asyncdest', 'tm_dbs_url', 'tm_publish_dbs_url', 'tm_publication', 'tm_outfiles', 'tm_tfile_outfiles', 'tm_edm_outfiles', 'tm_job_type', 'tm_generator', 'tm_events_per_lumi', 'tm_arguments', 'tm_save_logs', 'tw_name', 'tm_user_infiles', 'tm_maxjobruntime', 'tm_numcores', 'tm_maxmemory', 'tm_priority', 'tm_output_dataset', 'tm_task_warnings', 'tm_user_webdir', 'tm_scriptexe', 'tm_scriptargs', 'tm_extrajdl', 'tm_collector', 'tm_schedd', 'tm_dry_run', 'tm_user_files', 'tm_transfer_outputs', 'tm_output_lfn', 'tm_ignore_locality', 'tm_fail_limit', 'tm_one_event_mode', 'tm_secondary_input_dataset', 'tm_primary_dataset', 'tm_last_publication', 'tm_debug_files', 'clusterid', 'tm_ignore_global_blacklist', 'tm_submitter_ip_addr', 'tm_totalunits', 'tm_ddm_reqid', 'tm_user_config', 'tm_transfer_container', 'tm_transfer_rule', 'tm_publish_rule', 'tm_multipub_rule', 'tm_job_min_microarch']}, 'result': ['250323_060454:amalhotr_crab_DYto2Mu4Jets_Unpacker_Large', 'None', 'SUBMITTED', 'SUBMIT', '2025-03-23 06:04:55.506480', 'None', '2025-03-23 06:06:35.392815', 'None', 'CMSSW_14_0_18_patch1', 'el9_amd64_gcc12', '/DYto2Mu-4Jets_Bin-MLL-50_TuneCP5_13p6TeV_madgraphMLM-pythia8/RunIII2024Summer24MiniAOD-140X_mcRun3_2024_realistic_v26-v2/MINIAODSIM', 'F', '0', '[]', '[]', 'FileBased', "{'halt_job_on_file_boundaries': False, 'splitOnRun': False, 'files_per_job': 5, 'runs': [], 'lumis': []}", '3347ab5ebddcbcf20e5a549cff91c4ac4d53283ca301d10bc07120adeaa8b0f2.tar.gz', 'https://cmsweb.cern.ch/S3/crabcache_prod', 'amalhotr', '/DC=ch/DC=cern/OU=Organic Units/OU=Users/CN=amalhotr/CN=884837/CN=Aryan Malhotra', 'cms', 'None', 'None', 'DYto2Mu4Jets_Unpacker_Large-00000000000000000000000000000000', 'F', 'T3_CH_CERNBOX', 'https://cmsweb.cern.ch/dbs/prod/global/DBSReader', 'https://cmsweb.cern.ch/dbs/prod/phys03/DBSWriter', 'T', '[]', '[]', "['HLTUnpackerOutputLarge.root']", 'Analysis', 'pythia', 'None', '{}', 'T', 'crab-prod-tw01', '[]', '1250', '1', '2000', '10', "['/DYto2Mu-4Jets_Bin-MLL-50_TuneCP5_13p6TeV_madgraphMLM-pythia8/amalhotr-DYto2Mu4Jets_Unpacker_Large-49feb6938084587a06052f9676570a55/USER']", '[]', 'http://vocms0198.cern.ch/mon/amalhotr/250323_060454:amalhotr_crab_DYto2Mu4Jets_Unpacker_Large', 'None', '[]', '[]', 'cmsgwms-collector-global.cern.ch:9620,cmsgwms-collector-global.fnal.gov:9620', 'crab3@vocms0198.cern.ch', 'F', '[]', 'T', '/store/user/amalhotr/', 'F', 'None', 'F', 'None', 'DYto2Mu-4Jets_Bin-MLL-50_TuneCP5_13p6TeV_madgraphMLM-pythia8', 'None', '092c95d3b1ed17d5c8f35311372fbafe5aae77e928c0bec78cce9935847f1e25.tar.gz', '113626991', 'F', '188.184.73.32', '75.0', 'None', '{"partialdataset": false, "requireaccelerator": false, "acceleratorparams": null, "inputblocks": null}', 'None', 'None', 'None', 'None', 'any']}
INFO 2025-03-23 16:24:43.779 UTC: 	 CRAB project directory:		/afs/cern.ch/user/a/amalhotr/CMSSW_14_0_18_patch1/src/Run3ScoutingAnalysisTools/crab_DYto2Mu4Jets_Unpacker_Large
INFO 2025-03-23 16:24:43.779 UTC: 	 Task name:			250323_060454:amalhotr_crab_DYto2Mu4Jets_Unpacker_Large
INFO 2025-03-23 16:24:43.779 UTC: 	 Grid scheduler - Task Worker:	crab3@vocms0198.cern.ch - crab-prod-tw01
INFO 2025-03-23 16:24:43.779 UTC: 	 Status on the CRAB server:	SUBMITTED
INFO 2025-03-23 16:24:43.779 UTC: 	 Task URL to use for HELP:	https://cmsweb.cern.ch/crabserver/ui/task/250323_060454%3Aamalhotr_crab_DYto2Mu4Jets_Unpacker_Large
INFO 2025-03-23 16:24:43.787 UTC: 	 Dashboard monitoring URL:	https://monit-grafana.cern.ch/d/cmsTMDetail/cms-task-monitoring-task-view?orgId=11&var-user=amalhotr&var-task=250323_060454%3Aamalhotr_crab_DYto2Mu4Jets_Unpacker_Large&from=1742706295000&to=now
DEBUG 2025-03-23 16:24:43.787 UTC: 	 The CRAB server submitted your task to the Grid scheduler (cluster ID: 113626991)
DEBUG 2025-03-23 16:24:43.787 UTC: 	 Webdir is located at http://vocms0198.cern.ch/mon/amalhotr/250323_060454:amalhotr_crab_DYto2Mu4Jets_Unpacker_Large
DEBUG 2025-03-23 16:24:43.787 UTC: 	 Encoded data for curl request: subresource=webdirprx&workflow=250323_060454%3Aamalhotr_crab_DYto2Mu4Jets_Unpacker_Large
DEBUG 2025-03-23 16:24:43.832 UTC: 	 Proxied webdir is located at https://cmsweb.cern.ch:8443/scheddmon/0198/amalhotr/250323_060454:amalhotr_crab_DYto2Mu4Jets_Unpacker_Large
DEBUG 2025-03-23 16:24:43.833 UTC: 	 Retrieving 'status_cache' file from https://cmsweb.cern.ch:8443/scheddmon/0198/amalhotr/250323_060454:amalhotr_crab_DYto2Mu4Jets_Unpacker_Large/status_cache.pkl
DEBUG 2025-03-23 16:24:43.833 UTC: 	 Will execute:
curl -sS --capath /etc/grid-security/certificates --cert /tmp/x509up_u180451 --key /tmp/x509up_u180451 -o /tmp/crab_status-cache-p2ntgbfh.pkl -w %"{http_code}" "https://cmsweb.cern.ch:8443/scheddmon/0198/amalhotr/250323_060454:amalhotr_crab_DYto2Mu4Jets_Unpacker_Large/status_cache.pkl"
DEBUG 2025-03-23 16:24:43.833 UTC: 	 Executing command :
 curl -sS --capath /etc/grid-security/certificates --cert /tmp/x509up_u180451 --key /tmp/x509up_u180451 -o /tmp/crab_status-cache-p2ntgbfh.pkl -w %"{http_code}" "https://cmsweb.cern.ch:8443/scheddmon/0198/amalhotr/250323_060454:amalhotr_crab_DYto2Mu4Jets_Unpacker_Large/status_cache.pkl"
DEBUG 2025-03-23 16:24:43.870 UTC: 	 output : 200
 error: 
 retcode : 0
DEBUG 2025-03-23 16:24:43.870 UTC: 	 exitcode: 0
stdout: 200
stderr: 
error details: 
DEBUG 2025-03-23 16:24:43.871 UTC: 	 Got information from status cache file: {'6': {'Retries': 0, 'Restarts': 0, 'SiteHistory': ['Unknown', 'T2_US_Vanderbilt', 'T2_US_Vanderbilt'], 'ResidentSetSize': [1076184], 'SubmitTimes': [1742710065.0], 'StartTimes': [1742710306.0], 'EndTimes': [1742710781.0], 'TotalUserCpuTimeHistory': [133], 'TotalSysCpuTimeHistory': [9], 'WallDurations': [8.0, 119.46214818954468, 475.0], 'JobIds': ['113627002.0'], 'State': 'finished', 'RecordedSite': True}, '11': {'Retries': 0, 'Restarts': 0, 'SiteHistory': ['Unknown', 'T1_US_FNAL', 'T1_US_FNAL'], 'ResidentSetSize': [1419952], 'SubmitTimes': [1742710065.0], 'StartTimes': [1742710240.0], 'EndTimes': [1742713655.0], 'TotalUserCpuTimeHistory': [2331], 'TotalSysCpuTimeHistory': [371], 'WallDurations': [9.0, 185.46214818954468, 3415.0], 'JobIds': ['113627003.0'], 'State': 'finished', 'RecordedSite': True}, '13': {'Retries': 0, 'Restarts': 0, 'SiteHistory': ['Unknown', 'T1_US_FNAL', 'T1_US_FNAL'], 'ResidentSetSize': [1436960], 'SubmitTimes': [1742710065.0], 'StartTimes': [1742710239.0], 'EndTimes': [1742713670.0], 'TotalUserCpuTimeHistory': [2180], 'TotalSysCpuTimeHistory': [330], 'WallDurations': [10.0, 186.46214818954468, 3431.0], 'JobIds': ['113627004.0'], 'State': 'finished', 'RecordedSite': True}, '9': {'Retries': 0, 'Restarts': 0, 'SiteHistory': ['Unknown', 'T2_US_Vanderbilt', 'T2_US_Vanderbilt'], 'ResidentSetSize': [802440], 'SubmitTimes': [1742710065.0], 'StartTimes': [1742710306.0], 'EndTimes': [1742710978.0], 'TotalUserCpuTimeHistory': [298], 'TotalSysCpuTimeHistory': [20], 'WallDurations': [9.0, 119.46214818954468, 672.0], 'JobIds': ['113627005.0'], 'State': 'finished', 'RecordedSite': True}, '12': {'Retries': 0, 'Restarts': 0, 'SiteHistory': ['Unknown', 'T1_UK_RAL', 'T1_UK_RAL'], 'ResidentSetSize': [1343124], 'SubmitTimes': [1742710065.0], 'StartTimes': [1742710238.0], 'EndTimes': [1742714789.0], 'TotalUserCpuTimeHistory': [1373], 'TotalSysCpuTimeHistory': [386], 'WallDurations': [8.0, 187.46214818954468, 4551.0], 'JobIds': ['113627006.0'], 'State': 'finished', 'RecordedSite': True}, '8': {'Retries': 0, 'Restarts': 0, 'SiteHistory': ['Unknown', 'T2_US_Vanderbilt', 'T2_US_Vanderbilt'], 'ResidentSetSize': [777192], 'SubmitTimes': [1742710065.0], 'StartTimes': [1742710307.0], 'EndTimes': [1742710955.0], 'TotalUserCpuTimeHistory': [261], 'TotalSysCpuTimeHistory': [12], 'WallDurations': [8.0, 118.46214818954468, 648.0], 'JobIds': ['113627007.0'], 'State': 'finished', 'RecordedSite': True}, '4': {'Retries': 0, 'Restarts': 0, 'SiteHistory': ['Unknown', 'T2_US_Vanderbilt', 'T2_US_Vanderbilt'], 'ResidentSetSize': [947240], 'SubmitTimes': [1742710065.0], 'StartTimes': [1742710308.0], 'EndTimes': [1742717140.0], 'TotalUserCpuTimeHistory': [2165], 'TotalSysCpuTimeHistory': [126], 'WallDurations': [8.0, 117.46214818954468, 6832.0], 'JobIds': ['113627008.0'], 'State': 'finished', 'RecordedSite': True}, '3': {'Retries': 0, 'Restarts': 0, 'SiteHistory': ['Unknown', 'T2_US_Vanderbilt', 'T2_US_Vanderbilt'], 'ResidentSetSize': [1286504], 'SubmitTimes': [1742710065.0], 'StartTimes': [1742710306.0], 'EndTimes': [1742712563.0], 'TotalUserCpuTimeHistory': [1309], 'TotalSysCpuTimeHistory': [94], 'WallDurations': [9.0, 119.46214818954468, 2257.0], 'JobIds': ['113627009.0'], 'State': 'finished', 'RecordedSite': True}, '18': {'Retries': 0, 'Restarts': 0, 'SiteHistory': ['Unknown', 'T1_FR_CCIN2P3', 'T1_FR_CCIN2P3'], 'ResidentSetSize': [1268972], 'SubmitTimes': [1742710065.0], 'StartTimes': [1742710237.0], 'EndTimes': [1742712221.0], 'TotalUserCpuTimeHistory': [1079], 'TotalSysCpuTimeHistory': [339], 'WallDurations': [9.0, 188.46214818954468, 1984.0], 'JobIds': ['113627010.0'], 'State': 'finished', 'RecordedSite': True}, '2': {'Retries': 0, 'Restarts': 0, 'SiteHistory': ['Unknown', 'T1_ES_PIC', 'T1_ES_PIC'], 'ResidentSetSize': [1247448], 'SubmitTimes': [1742710065.0], 'StartTimes': [1742710239.0], 'EndTimes': [1742712766.0], 'TotalUserCpuTimeHistory': [1443], 'TotalSysCpuTimeHistory': [250], 'WallDurations': [9.0, 186.46214818954468, 2527.0], 'JobIds': ['113627011.0'], 'State': 'finished', 'RecordedSite': True}, '7': {'Retries': 0, 'Restarts': 0, 'SiteHistory': ['Unknown', 'T2_US_Vanderbilt', 'T2_US_Vanderbilt'], 'ResidentSetSize': [863816], 'SubmitTimes': [1742710065.0], 'StartTimes': [1742710306.0], 'EndTimes': [1742710966.0], 'TotalUserCpuTimeHistory': [269], 'TotalSysCpuTimeHistory': [15], 'WallDurations': [8.0, 119.46214818954468, 660.0], 'JobIds': ['113627012.0'], 'State': 'finished', 'RecordedSite': True}, '19': {'Retries': 0, 'Restarts': 0, 'SiteHistory': ['Unknown', 'T1_FR_CCIN2P3', 'T1_FR_CCIN2P3'], 'ResidentSetSize': [1165824], 'SubmitTimes': [1742710065.0], 'StartTimes': [1742710237.0], 'EndTimes': [1742711131.0], 'TotalUserCpuTimeHistory': [472], 'TotalSysCpuTimeHistory': [152], 'WallDurations': [9.0, 188.46214818954468, 894.0], 'JobIds': ['113627013.0'], 'State': 'finished', 'RecordedSite': True}, '14': {'Retries': 0, 'Restarts': 0, 'SiteHistory': ['Unknown', 'T1_UK_RAL', 'T1_UK_RAL'], 'ResidentSetSize': [1353096], 'SubmitTimes': [1742710066.0], 'StartTimes': [1742710237.0], 'EndTimes': [1742714922.0], 'TotalUserCpuTimeHistory': [1479], 'TotalSysCpuTimeHistory': [450], 'WallDurations': [10.0, 188.46214818954468, 4685.0], 'JobIds': ['113627014.0'], 'State': 'finished', 'RecordedSite': True}, '1': {'Retries': 0, 'Restarts': 0, 'SiteHistory': ['Unknown', 'T2_US_Vanderbilt', 'T2_US_Vanderbilt'], 'ResidentSetSize': [1260064], 'SubmitTimes': [1742710066.0], 'StartTimes': [1742710307.0], 'EndTimes': [1742712690.0], 'TotalUserCpuTimeHistory': [1434], 'TotalSysCpuTimeHistory': [67], 'WallDurations': [8.0, 118.46214818954468, 2383.0], 'JobIds': ['113627015.0'], 'State': 'finished', 'RecordedSite': True}, '17': {'Retries': 0, 'Restarts': 0, 'SiteHistory': ['Unknown', 'T1_US_FNAL', 'T1_US_FNAL'], 'ResidentSetSize': [1377252], 'SubmitTimes': [1742710066.0], 'StartTimes': [1742710240.0], 'EndTimes': [1742714286.0], 'TotalUserCpuTimeHistory': [2701], 'TotalSysCpuTimeHistory': [392], 'WallDurations': [10.0, 185.46214818954468, 4046.0], 'JobIds': ['113627016.0'], 'State': 'finished', 'RecordedSite': True}, '5': {'Retries': 0, 'Restarts': 0, 'SiteHistory': ['Unknown', 'T2_US_Vanderbilt', 'T2_US_Vanderbilt'], 'ResidentSetSize': [878040], 'SubmitTimes': [1742710066.0], 'StartTimes': [1742710307.0], 'EndTimes': [1742711819.0], 'TotalUserCpuTimeHistory': [826], 'TotalSysCpuTimeHistory': [44], 'WallDurations': [8.0, 118.46214818954468, 1512.0], 'JobIds': ['113627017.0'], 'State': 'finished', 'RecordedSite': True}, '15': {'Retries': 0, 'Restarts': 0, 'SiteHistory': ['Unknown', 'T1_UK_RAL', 'T1_UK_RAL'], 'ResidentSetSize': [1288332], 'SubmitTimes': [1742710066.0], 'StartTimes': [1742710238.0], 'EndTimes': [1742714538.0], 'TotalUserCpuTimeHistory': [1338], 'TotalSysCpuTimeHistory': [388], 'WallDurations': [9.0, 187.46214818954468, 4300.0], 'JobIds': ['113627018.0'], 'State': 'finished', 'RecordedSite': True}, '10': {'Retries': 0, 'Restarts': 0, 'SiteHistory': ['Unknown', 'T1_US_FNAL', 'T1_US_FNAL'], 'ResidentSetSize': [1363512], 'SubmitTimes': [1742710066.0], 'StartTimes': [1742710243.0], 'EndTimes': [1742714241.0], 'TotalUserCpuTimeHistory': [2361], 'TotalSysCpuTimeHistory': [655], 'WallDurations': [9.0, 182.46214818954468, 3998.0], 'JobIds': ['113627019.0'], 'State': 'finished', 'RecordedSite': True}, '21': {'Retries': 0, 'Restarts': 0, 'SiteHistory': ['Unknown', 'T1_UK_RAL', 'T1_UK_RAL'], 'ResidentSetSize': [1157532], 'SubmitTimes': [1742710066.0], 'StartTimes': [1742710238.0], 'EndTimes': [1742711502.0], 'TotalUserCpuTimeHistory': [419], 'TotalSysCpuTimeHistory': [119], 'WallDurations': [9.0, 187.46214818954468, 1264.0], 'JobIds': ['113627020.0'], 'State': 'finished', 'RecordedSite': True}, '16': {'Retries': 0, 'Restarts': 0, 'SiteHistory': ['Unknown', 'T1_US_FNAL', 'T1_US_FNAL'], 'ResidentSetSize': [1393648], 'SubmitTimes': [1742710066.0], 'StartTimes': [1742710239.0], 'EndTimes': [1742713661.0], 'TotalUserCpuTimeHistory': [2371], 'TotalSysCpuTimeHistory': [357], 'WallDurations': [10.0, 186.46214818954468, 3422.0], 'JobIds': ['113627021.0'], 'State': 'finished', 'RecordedSite': True}, '20': {'Retries': 0, 'Restarts': 0, 'SiteHistory': ['Unknown', 'T1_DE_KIT', 'T1_DE_KIT'], 'ResidentSetSize': [1225936], 'SubmitTimes': [1742710066.0], 'StartTimes': [1742710237.0], 'EndTimes': [1742711239.0], 'TotalUserCpuTimeHistory': [537], 'TotalSysCpuTimeHistory': [140], 'WallDurations': [10.0, 188.46214818954468, 1002.0], 'JobIds': ['113627022.0'], 'State': 'finished', 'RecordedSite': True}}
INFO 2025-03-23 16:24:43.871 UTC: 	 Status on the scheduler:	COMPLETED
INFO 2025-03-23 16:24:43.871 UTC: 	 
Jobs status:                    finished     		100.0% (21/21)
DEBUG 2025-03-23 16:24:43.871 UTC: 	 Encoded data for curl request: subresource=publicationstatus&workflow=250323_060454%3Aamalhotr_crab_DYto2Mu4Jets_Unpacker_Large&username=amalhotr
INFO 2025-03-23 16:24:44.499 UTC: 	 
Publication status of 1 dataset(s):	done         		100.0% (21/21)
(from CRAB internal bookkeeping in transferdb)
INFO 2025-03-23 16:24:44.499 UTC: 	 
Output dataset:			/DYto2Mu-4Jets_Bin-MLL-50_TuneCP5_13p6TeV_madgraphMLM-pythia8/amalhotr-DYto2Mu4Jets_Unpacker_Large-49feb6938084587a06052f9676570a55/USER
Output dataset DAS URL:		https://cmsweb.cern.ch/das/request?input=%2FDYto2Mu-4Jets_Bin-MLL-50_TuneCP5_13p6TeV_madgraphMLM-pythia8%2Famalhotr-DYto2Mu4Jets_Unpacker_Large-49feb6938084587a06052f9676570a55%2FUSER&instance=prod%2Fphys03
INFO 2025-03-23 16:24:44.500 UTC: 	 
Warning: the max jobs runtime is less than 30% of the task requested value (1250 min), please consider to request a lower value for failed jobs (allowed through crab resubmit) and/or improve the jobs splitting (e.g. config.Data.splitting = 'Automatic') in a new task.
INFO 2025-03-23 16:24:44.500 UTC: 	 
Summary of run jobs:
 * Memory: 783MB min, 1403MB max, 1159MB ave
 * Runtime: 0:07:55 min, 1:53:52 max, 0:43:37 ave
 * CPU eff: 30% min, 80% max, 57% ave
 * Waste: 0:59:26 (6% of total)

DEBUG 2025-03-23 16:24:44.500 UTC: 	 Will execute:
curl -sS --capath /etc/grid-security/certificates --cert /tmp/x509up_u180451 --key /tmp/x509up_u180451 -o /afs/cern.ch/user/a/amalhotr/CMSSW_14_0_18_patch1/src/Run3ScoutingAnalysisTools/crab_DYto2Mu4Jets_Unpacker_Large/results/run_and_lumis.tar.gz -w %"{http_code}" "https://cmsweb.cern.ch:8443/scheddmon/0198/amalhotr/250323_060454:amalhotr_crab_DYto2Mu4Jets_Unpacker_Large/run_and_lumis.tar.gz"
DEBUG 2025-03-23 16:24:44.500 UTC: 	 Executing command :
 curl -sS --capath /etc/grid-security/certificates --cert /tmp/x509up_u180451 --key /tmp/x509up_u180451 -o /afs/cern.ch/user/a/amalhotr/CMSSW_14_0_18_patch1/src/Run3ScoutingAnalysisTools/crab_DYto2Mu4Jets_Unpacker_Large/results/run_and_lumis.tar.gz -w %"{http_code}" "https://cmsweb.cern.ch:8443/scheddmon/0198/amalhotr/250323_060454:amalhotr_crab_DYto2Mu4Jets_Unpacker_Large/run_and_lumis.tar.gz"
DEBUG 2025-03-23 16:24:44.544 UTC: 	 output : 200
 error: 
 retcode : 0
DEBUG 2025-03-23 16:24:44.544 UTC: 	 exitcode: 0
stdout: 200
stderr: 
error details: 
DEBUG 2025-03-23 16:24:44.553 UTC: 	 Will execute:
curl -sS --capath /etc/grid-security/certificates --cert /tmp/x509up_u180451 --key /tmp/x509up_u180451 -o /afs/cern.ch/user/a/amalhotr/CMSSW_14_0_18_patch1/src/Run3ScoutingAnalysisTools/crab_DYto2Mu4Jets_Unpacker_Large/results/input_files.tar.gz -w %"{http_code}" "https://cmsweb.cern.ch:8443/scheddmon/0198/amalhotr/250323_060454:amalhotr_crab_DYto2Mu4Jets_Unpacker_Large/input_files.tar.gz"
DEBUG 2025-03-23 16:24:44.553 UTC: 	 Executing command :
 curl -sS --capath /etc/grid-security/certificates --cert /tmp/x509up_u180451 --key /tmp/x509up_u180451 -o /afs/cern.ch/user/a/amalhotr/CMSSW_14_0_18_patch1/src/Run3ScoutingAnalysisTools/crab_DYto2Mu4Jets_Unpacker_Large/results/input_files.tar.gz -w %"{http_code}" "https://cmsweb.cern.ch:8443/scheddmon/0198/amalhotr/250323_060454:amalhotr_crab_DYto2Mu4Jets_Unpacker_Large/input_files.tar.gz"
DEBUG 2025-03-23 16:24:44.683 UTC: 	 output : 200
 error: 
 retcode : 0
DEBUG 2025-03-23 16:24:44.683 UTC: 	 exitcode: 0
stdout: 200
stderr: 
error details: 
DEBUG 2025-03-23 16:24:44.687 UTC: 	 Will execute:
curl -sS --capath /etc/grid-security/certificates --cert /tmp/x509up_u180451 --key /tmp/x509up_u180451 -o /afs/cern.ch/user/a/amalhotr/CMSSW_14_0_18_patch1/src/Run3ScoutingAnalysisTools/crab_DYto2Mu4Jets_Unpacker_Large/results/input_dataset_lumis.json -w %"{http_code}" "https://cmsweb.cern.ch:8443/scheddmon/0198/amalhotr/250323_060454:amalhotr_crab_DYto2Mu4Jets_Unpacker_Large/input_dataset_lumis.json"
DEBUG 2025-03-23 16:24:44.687 UTC: 	 Executing command :
 curl -sS --capath /etc/grid-security/certificates --cert /tmp/x509up_u180451 --key /tmp/x509up_u180451 -o /afs/cern.ch/user/a/amalhotr/CMSSW_14_0_18_patch1/src/Run3ScoutingAnalysisTools/crab_DYto2Mu4Jets_Unpacker_Large/results/input_dataset_lumis.json -w %"{http_code}" "https://cmsweb.cern.ch:8443/scheddmon/0198/amalhotr/250323_060454:amalhotr_crab_DYto2Mu4Jets_Unpacker_Large/input_dataset_lumis.json"
DEBUG 2025-03-23 16:24:44.736 UTC: 	 output : 200
 error: 
 retcode : 0
DEBUG 2025-03-23 16:24:44.736 UTC: 	 exitcode: 0
stdout: 200
stderr: 
error details: 
DEBUG 2025-03-23 16:24:44.737 UTC: 	 Will execute:
curl -sS --capath /etc/grid-security/certificates --cert /tmp/x509up_u180451 --key /tmp/x509up_u180451 -o /afs/cern.ch/user/a/amalhotr/CMSSW_14_0_18_patch1/src/Run3ScoutingAnalysisTools/crab_DYto2Mu4Jets_Unpacker_Large/results/input_dataset_duplicate_lumis.json -w %"{http_code}" "https://cmsweb.cern.ch:8443/scheddmon/0198/amalhotr/250323_060454:amalhotr_crab_DYto2Mu4Jets_Unpacker_Large/input_dataset_duplicate_lumis.json"
DEBUG 2025-03-23 16:24:44.737 UTC: 	 Executing command :
 curl -sS --capath /etc/grid-security/certificates --cert /tmp/x509up_u180451 --key /tmp/x509up_u180451 -o /afs/cern.ch/user/a/amalhotr/CMSSW_14_0_18_patch1/src/Run3ScoutingAnalysisTools/crab_DYto2Mu4Jets_Unpacker_Large/results/input_dataset_duplicate_lumis.json -w %"{http_code}" "https://cmsweb.cern.ch:8443/scheddmon/0198/amalhotr/250323_060454:amalhotr_crab_DYto2Mu4Jets_Unpacker_Large/input_dataset_duplicate_lumis.json"
DEBUG 2025-03-23 16:24:44.769 UTC: 	 output : 200
 error: 
 retcode : 0
DEBUG 2025-03-23 16:24:44.770 UTC: 	 exitcode: 0
stdout: 200
stderr: 
error details: 
DEBUG 2025-03-23 16:24:44.770 UTC: 	 Executing command :
 dasgoclient --query 'run,lumi dataset=/DYto2Mu-4Jets_Bin-MLL-50_TuneCP5_13p6TeV_madgraphMLM-pythia8/amalhotr-DYto2Mu4Jets_Unpacker_Large-49feb6938084587a06052f9676570a55/USER instance=prod/phys03' --json
DEBUG 2025-03-23 16:24:45.452 UTC: 	 output : [
{"das":{"expire":1742747085,"instance":"prod/phys03","primary_key":"run.run_number","record":1,"services":["dbs3:run_lumi4dataset"]},"lumi":[{"number":[941,45305,45403,45739,45835,48995,90607,100713,100717,101552,203982,205602,205621,260608,260970,265472,295307,358240,361990,364102,364447,364777,120750,120779,120993,203215,295500,358001,358373,358730,358790,362031,364095,364111,364115,49004,50881,119134,120411,295895,303037,303260,303353,305853,305908,305945,311669,311709,360587,361161,361411,361473,361503,361867,363534,203722,204356,205527,105,143,278,463,639,12772,295370,358054,358129,358380,358482,359132,359491,359881,361256,361829,361991,260435,260531,260579,295304,303810,304441,304589,359017,45449,45823,45834,202542,260271,266762,45154,45902,48329,48537,48928,48986,89617,100347,100476,100524,100883,101692,205759,241364,241404,260797,260950,265158,265755,266042,266392,266621,305906,312512,364707,120394,143057,143301,143452,143832,144170,295318,312798,358089,358988,362105,364020,101120,144003,295411,303524,304579,304709,305230,305688,311986,312684,360997,363778,186371,203582,203797,204890,205028,205787,241241,178,302,453,464,649,12283,358307,359192,359537,359808,360647,361014,361270,361906,240303,259032,259579,260507,265674,303275,303702,304464,304720,305292,359697,361371,45906,100129,202043,45313,45543,45585,48549,48984,100463,100510,100634,100826,100901,101051,101845,119031,204213,204925,241340,241519,265689,266107,295121,358534,360161,363924,364547,364759,120485,120544,120594,143006,143278,358148,358766,358890,358898,361966,363233,364016,364027,364184,364193,101103,101111,143746,295881,303007,303250,304284,305132,305301,305311,305782,311313,311862,360604,361005,363984,181103,204220,259209,259678,145,244,625,665,359663,361029,361347,361815,364588,240726,241895,260244,265863,295407,295805,303434,305516,311420,361072,361145,45480,45608,45998,49952,203484,241236,241357,259628,265743,311584,311661,311707,45506,48915,48967,89256,89471,90177,90943,100216,100680,101074,101402,205700,205938,240836,241025,241421,259040,259192,265951,266177,266321,266377,295007,359013,360645,395047,120378,120517,120726,120847,120894,143008,143409,311699,311928,358679,358774,358864,358867,358881,358922,362132,362342,362349,364144,364191,364225,101675,119232,120787,143064,303269,304981,305332,305468,305657,305685,311798,360243,360540,182125,205469,241134,241574,63,299,358754,359796,361240,361486,241958,265028,265145,266433,266742,266976,295448,303730,304469,304634,305443,311533,312417,45626,45898,49176,89119,205069,259667,566,45108,50084,90232,90464,100255,100318,100692,101011,101661,101717,101734,203883,204717,205563,205707,205841,240595,241310,265152,266066,266510,266971,305133,358583,360264,362556,364306,394970,120569,120755,120804,120898,120938,120985,143098,143375,143401,295779,312756,358355,358876,359790,364204,364217,100469,101158,101483,101737,119756,143059,145145,295777,295918,304553,305253,305305,305934,305949,312350,359463,360128,360226,361337,361632,363037,182967,204894,205036,205380,241205,259039,259134,259194,22,160,254,374,12317,358166,361963,259377,260870,266310,266500,305250,305652,358356,359780,361030,361445,49,45487,45775,47268,48474,48513,89725,100243,205653,265447,266528,295747,303741,304170,311817,360085,14292,45047,45870,48325,48485,49477,89615,100017,100302,100389,100503,100546,100548,100766,101062,119182,204914,205276,205456,240478,241359,265383,266185,266346,266381,266820,358782,360669,364847,395838,396795,120372,120427,120942,120961,120963,143237,143250,144330,295227,295255,295378,304221,358274,358997,362296,362412,363606,364155,364176,46268,46792,49699,89934,100840,100846,101456,120424,120558,143037,265714,303652,305322,305686,305852,311610,311853,311993,312219,312458,312635,312693,312753,359466,360031,360842,186277,203788,204106,204673,259274,202,271,390,457,590,707,723,891,12073,358180,361385,361750,361898,204844,259924,260418,260727,295313,303658,304453,304792,312395,312403,360068,363510,363526,12484,45571,90763,205669,240621,259404,14242,45445,45606,45634,48528,48553,100165,100465,101015,101397,101733,101854,101931,204141,205325,205666,241314,241553,259030,259179,260985,265194,265231,265959,266230,266795,358008,363746,396271,120375,120580,120685,120770,120835,143147,143441,203110,295385,312166,359560,362272,363423,363965,45780,45861,100624,100770,120297,143963,144015,144891,304698,304854,304936,305124,305278,311870,312310,312603,312676,359622,361251,363589,186318,204818,204910,205190,205255,241288,241393,31,60,84,167,187,269,323,348,434,532,533,933,358196,358515,359001,359861,361078,361847,205676,240795,241000,259683,265780,295292,303393,303820,361967,45470,45836,45947,48987,90054,205358,241070,259440,265890,266555,304725,311809,45147,45294,45387,45750,45888,48666,49163,49588,89591,90035,90119,90403,90422,100421,100489,100653,100704,100824,100915,101777,101933,203802,203996,204438,204836,204979,205162,205168,205727,241634,260871,265096,266426,266447,295115,359499,359870,360968,364089,394649,120488,120616,120773,120827,143052,143072,143138,358387,358999,362285,362445,364226,364232,101006,119336,304248,304901,305185,305297,305566,305579,311069,311205,311638,360267,182996,203670,204290,241051,259337,106,552,295357,358410,358629,359295,359345,359367,360124,361490,361576,361828,364051,240959,241927,259711,303661,303758,304380,305067,311662,312054,45429,45741,49338,89072,89151,89851,90702,202103,203754,204393,241976,266315,304680,305893,45076,45270,89158,89640,89823,89979,100057,100193,180175,180743,180858,181146,182132,182304,182599,186058,394315,394326,394386,394400,394466,394471,394473,394505,394572,394606,394608,394621,394628,394655,453880,453947,453972,455684,455770,465091,465221,465424,465865,472476,472774,89343,89400,89980,100122,100324,145629,180798,181449,181655,182073,182099,182196,186996,394325,394348,394391,394409,394561,394636,453934,454697,455059,455289,455381,455421,455559,455602,465182,465739,465783,465921,472256,45247,89792,144966,180380,182063,182475,182499,182918,186511,186852,394316,394403,394504,394538,394553,394569,394629,394675,453854,453968,453986,455082,455121,455130,455414,455712,465038,465085,465208,465367,465837,465850,465959,472173,472749,45352,45489,89517,89863,89931,100114,180995,181282,181929,182009,182023,182036,182406,182410,182671,186875,186894,186975,394322,394432,394438,394481,394605,394658,394687,453887,453931,453960,454895,454907,455575,465120,465149,465152,465157,465205,465441,472189,472635,89473,89638,89686,89841,100073,100155,100225,100284,145989,151662,180043,181298,181343,181422,182742,186795,394320,394356,394361,394362,394366,394568,394584,394652,394679,453876,454849,454922,455856,465141,465222,465494,465725,472678,472735,472875,45142,45393,89539,89541,89854,90516,180838,181278,181281,182608,186426,394329,394332,394407,394429,394439,394450,394477,394519,453847,453874,453997,455153,455231,455264,455346,455745,465263,465280,465609,465834,465915,472002,472454,89472,89499,89505,89627,100037,180821,181392,182336,182615,182865,394312,394334,394357,394444,394463,394540,394562,394585,394615,394620,394668,394685,453906,453923,453936,454967,455050,455090,455404,465102,465159,465845,465875,472128,472336,478748,45465,89483,89496,89733,100180,100371,100390,100544,180979,180981,181319,181418,181482,182573,182649,186768,394392,394483,394551,394571,394644,394674,453837,453881,454950,455022,455399,455582,455622,455772,465036,465056,465084,465097,465250,465407,465714,472024,472271,472664,12460,45433,45567,48141,48671,49407,49744,50695,90660,181543,186216,186384,202757,203777,204024,204544,204592,205079,205799,205961,241001,241390,241391,241732,45738,45842,46523,47548,90977,358872,359223,360249,360715,362059,362946,363511,364465,394521,394953,395029,395604,396656,396786,399772,399879,400263,400447,425463,425776,426649,452187,453088,454699,465918,472550,472606,45954,89766,89902,90841,101155,101184,101200,101238,101502,101562,101577,101591,101696,101700,101726,101729,101806,119503,120284,120706,144008,144161,186351,186428,186501,186787,186829,186834,186836,186877,186957,202064,202097,202382,202396,203609,203855,204030,204063,204226,204264,204436,205039,205135,205219,205308,205395,205712,33,279,393,522,734,781,796,14541,48328,50868,89170,90363,90934,100009,100043,100068,100117,100125,100134,100163,100168,100222,100230,100250,100724,101581,101948,101956,119192,181455,181680,181686,181800,181849,181852,181865,182004,182021,182208,182215,182255,182269,203000,203145,203217,203251,203260,203267,203272,203471,120004,120038,120056,120122,120144,120249,120271,180158,180369,180387,180424,180486,180511,181957,186631,186809,186835,186900,202692,260061,266420,303832,303925,304016,304363,304472,304628,304805,305968,311038,311246,311321,45312,90573,90640,100035,119873,119925,119933,12467,12900,14738,38078,38309,46076,46191,46288,49299,50415,50459,50472,50516,50519,50570,50588,89060,89082,89115,89124,89141,89161,89171,89187,89192,89211,89218,89267,89298,89299,89323,89328,89329,89519,89680,89696,89824,90040,90064,90152,90262,205049,205209,205611,205718,205747,205984,100278,100286,100294,100319,100337,100563,100596,100655,100657,100699,100731,100796,100797,100818,100859,100910,100916,101143,101313,101603,101609,101644,186747,204185,204339,204380,204469,204519,204624,204665,204674,204715,204788,204838,204855,240038,240102,240159,240240,240319,240421,240471,240586,240648,240754,240927,240963,241418,241589,266204,266215,266219,266260,266336,266969,266982,295055,13060,13212,13217,13226,13274,13315,205232,205314,205449,205728,205858,205874,205926,205957,304052,304106,304123,304124,304146,362240,362324,364022,364114,364165,364421,364664,394018,394947,395089,395372,396625,396638,399432,38986,45124,45416,45659,45805,48372,48523,48788,50722,90005,90107,90127,90170,240049,240064,240069,240157,240162,240179,240181,240198,240253,363513,363518,363537,363546,363555,363615,363619,363635,394646,396484,396749,396773,396980,399070,400033,400524,400532,400560,400577,426654,452005,452862,454073,186053,204518,204853,205498,205931,240009,240180,240220,259754,259805,260078,260157,260252,303216,303257,303290,303327,303337,303365,303369,303402,303413,303440,395376,395461,395589,395769,395820,395821,395826,395833,395939,395983,396067,396098,396132,396133,425021,425053,425134,425207,425248,425264,425381,425418,425630,12264,12324,12374,12929,12931,12956,14011,14727,47243,89086,89277,89589,89796,90642,100159,100204,100352,100440,145865,145880,145892,145911,145937,145969,145991,151001,151046,151054,151070,303870,303890,303896,303935,303963,303993,304024,311216,311281,311367,311391,311411,311431,311442,311447,311449,311464,513,13132,39874,45640,45793,45796,45853,48426,89039,90354,90444,90496,90820,100044,181516,186861,202650,203758,203936,204897,205145,205555,241183,241517,46617,48058,49173,90543,295828,360689,362917,394378,394772,394815,395496,396529,396930,396951,399128,399649,400093,400690,400914,425325,425810,425957,452503,89886,90136,100887,101017,101286,101298,101331,101437,101467,101714,101716,101745,101756,101792,120120,120237,143080,143331,143447,143610,186436,186444,186477,186494,186590,186734,186843,202099,202370,202386,202487,203659,204025,204136,204204,204298,204346,204721,205473,205606,205678,205685,205703,205760,205784,205898,298,324,332,377,396,708,740,850,12007,89159,90437,100039,100109,100190,100252,100410,101082,101474,101578,101995,119041,119118,119252,119256,181816,182045,182137,182221,182249,182271,182286,202887,203154,203234,203247,203279,203288,203295,203330,203385,203534,120220,120352,120363,144252,145319,180028,180133,180212,180223,180256,180295,180297,180375,180494,181427,181925,186486,186540,186653,186668,202285,202668,203924,205344,295343,303303,304011,304771,304799,304910,304956,304960,305149,311328,45244,89708,90632,100069,119844,119930,12912,45657,46136,46186,46202,46254,50449,50496,50500,50530,50552,50585,50618,50643,89098,89108,89132,89138,89172,89213,89241,89243,89266,89283,89306,89610,90143,90225,205178,205214,205291,205357,205398,205454,205463,205511,205661,205775,241057,100288,100363,100499,100502,100580,100633,100654,100765,100788,100814,100829,100834,100892,101139,101272,101620,204396,204699,204846,240004,240028,240056,240352,240477,240512,240655,240797,240858,240961,240993,266256,266261,266272,266400,266675,266683,266924,266970,12033,12087,12383,12480,12512,12612,12999,13143,13207,13267,13284,13326,205109,205367,205417,205566,205698,205941,295459,304051,304071,304073,304074,304090,304130,304202,304215,362204,362331,362370,364581,364618,394171,396354,399069,399106,399245,46170,48339,48340,48687,48702,48704,48885,49453,90044,90075,90122,90141,90145,240062,240068,240195,240244,240256,240301,240341,363522,363538,363552,363563,363594,363632,363639,396741,396839,399001,400031,400112,400259,400359,400453,400536,400572,426894,452023,452417,202041,202375,204006,204043,204143,204839,205655,240032,240050,240295,259595,259680,260079,260168,303211,303279,303298,303320,303333,303340,303354,303359,303362,303446,395745,396008,396102,396128,400767,425062,425085,425087,425223,425337,425401,425426,12300,12333,14413,14611,14684,89689,89885,89971,100186,100377,145833,145834,145887,145925,145944,145998,151005,151029,151058,303821,303864,303871,303889,303899,303936,303955,303977,303984,304003,304017,311228,311236,311245,311260,311276,311297,311301,311338,311353,311354,311378,311408,311414,39040,45374,45601,45650,45716,48589,48651,48817,49224,90349,90529,145281,181665,186247,202388,205203,205610,205620,205658,205699,241113,241124,241514,45151,46165,50447,50664,90862,311962,312996,358260,358441,358603,361186,361289,361785,362777,363262,400166,400345,400752,425590,472648,100620,101173,101572,101750,101785,101943,120962,186460,186567,186611,186918,202113,202392,202411,203544,203585,203617,203667,203708,203994,204095,204112,204120,204137,204146,204178,204251,204320,204333,204354,204928,205188,205268,205814,205865,65,91,227,620,628,716,728,870,887,952,959,90514,90773,100018,100059,100130,100166,100188,100217,100257,100777,100895,101679,101976,119135,119171,119233,181438,181636,181784,181811,181825,181842,181882,182206,182212,182216,182264,182279,182297,202806,203191,203228,203243,203305,203345,203347,203417,119966,120064,120168,120267,120291,120345,180100,180171,180207,180458,180487,181351,186041,186175,186230,186462,186730,202426,259708,295893,303750,304862,304928,311115,89346,89439,90562,90649,38147,38270,38397,38479,38644,38664,38692,38717,38831,38930,38945,46005,46117,46144,46229,46262,46271,50429,50487,50513,50528,50547,50551,50592,50609,50615,50667,89122,89140,89162,89169,89194,89203,89210,89274,89291,89573,89663,89759,90129,90165,90166,90194,205128,205136,205341,205342,205408,205481,205504,205593,205783,205792,205813,241031,100295,100336,100360,100392,100457,100494,100645,100711,100732,100743,100747,100781,101130,101172,101327,101328,101612,180194,204494,204649,205068,240045,240189,240199,240223,240473,240666,240680,240713,240896,266262,266328,266941,295110,12096,12325,12457,12833,13213,13243,13276,13280,13293,205754,205821,205827,205890,205989,304057,304069,304140,304163,304164,304174,304182,304198,304206,304230,358342,360215,360410,362162,362187,362230,362261,362365,364077,364326,364498,394335,394461,394536,394788,396289,396899,399302,48854,90003,90048,90182,90184,240079,240141,240149,240203,240206,240259,240276,240285,240326,363479,363489,363498,363515,363556,363561,363579,363587,363616,363648,396776,396814,396823,400129,400439,400520,400522,400601,400774,426150,426675,426778,426819,452078,452305,452908,452942,454164,455181,186862,204034,204059,204525,240137,240271,259513,259639,259679,259697,259792,259913,259945,260092,260120,260219,303232,303322,303341,303374,303375,303396,303397,303429,395552,395579,395582,395664,395713,395922,396034,396084,396100,396116,425093,425192,425272,425306,425459,906,12316,12343,12357,12420,12423,12922,12965,14085,14248,14677,14737,48491,49898,89332,89509,89867,100010,100127,100150,100485,145908,145952,145961,145985,151019,151034,151038,151096,151118,151129,303848,303851,303865,303918,303933,303944,303953,303983,303985,303989,303992,304000,304001,304002,304019,311210,311259,311277,311285,311309,311312,311314,311326,311389,311423,38002,45186,45574,45838,48336,48480,49029,49218,49608,49841,50433,89972,90099,90348,181810,204531,204791,205725,205943,205980,455,45153,45211,46510,49988,90837,90849,295804,358602,359482,360812,361124,363736,364201,364450,394885,395489,396990,399057,425678,425743,425844,452118,452824,465981,472559,101163,101292,101303,101516,101558,101791,119730,120097,120138,120329,120628,120743,144017,144147,186485,186535,186853,202384,202389,203560,203651,203776,203809,203826,203842,204035,204038,204121,204135,204145,204162,204179,204229,204253,204260,204263,204308,204317,204329,204672,204763,205694,205705,205719,205741,41,435,470,579,587,611,676,699,757,828,13959,39099,45132,90343,90420,90425,100135,100248,100670,101799,101951,119009,119251,181415,181646,181702,181743,181824,182013,182163,182180,182234,203071,203155,203245,203313,203329,203356,203489,203511,119972,120007,120021,120028,120040,120093,120166,120310,144334,145487,145579,180044,180166,180215,180420,180461,180479,180481,180519,202646,202823,259689,303869,303884,304197,311009,89026,89441,89890,90359,119841,119842,119880,119896,119900,38635,38984,45354,45653,46080,46145,46174,46182,47234,49323,50434,50454,50533,50554,50562,50571,50577,50600,50611,50635,89057,89186,89196,89238,89251,89254,89273,89313,89324,89331,89375,89427,89648,89651,89673,90007,90011,90037,90186,90234,205118,205185,205307,205406,205439,205529,205800,205846,205937,205987,100271,100281,100306,100322,100361,100370,100378,100621,100637,100646,100650,100662,100695,100723,100851,100855,100884,100900,101138,101228,101359,202316,204281,204313,204495,204682,204740,204829,240059,240074,240110,240158,240294,240865,241630,266308,266335,266361,266493,266987,266998,295092,295105,295125,12024,12137,12291,12315,12850,13036,13307,13323,205778,205785,205860,205866,205892,304035,304044,304056,304085,304093,304111,304125,304145,304213,304226,304236,358419,362127,362130,362226,362393,363894,364050,364083,364091,364104,364148,364206,364280,364359,364417,364601,364651,394587,394647,395025,399109,399215,399231,399325,45055,45286,45303,45499,48473,90023,240076,240122,240165,240182,240267,240302,240317,240350,363459,363504,363506,363530,363533,363535,363545,363580,363595,363598,363610,363623,396777,396818,399009,399845,400113,400248,400548,400567,400593,426668,454024,454924,454952,182313,204089,204151,204175,204550,204687,204861,240212,259611,259696,259910,259917,260110,260160,260177,260193,260236,260273,260275,303182,303207,303318,303348,303352,303380,303385,303437,303443,395556,395562,395793,395800,395916,396021,396031,396041,400807,425033,425055,425086,425140,425191,425289,425428,425469,425581,12256,12390,14562,14627,89557,89730,100093,100119,145826,145830,145939,145950,145964,145975,151066,151095,303817,303849,303913,304015,311317,311346,311384,311425,45105,45816,89212,89219,90452,151090,151926,186077,202860,204573,204589,204767,205152,205221,205324,241325,14390,39298,46027,49171,50845,89244,311857,358604,360025,360440,361042,364073,394465,395393,395857,396291,396514,396867,400018,425308,425339,425388,425670,426378,426816,453414,89576,100937,101281,101322,101545,101546,101574,101697,101709,101712,101803,119278,143119,143488,144025,144041,186469,186475,186903,202372,203568,203620,203683,203785,203818,203879,204029,204039,204161,204275,204342,204350,204496,204574,204756,204960,205687,205815,205817,205848,503,612,655,661,669,774,788,813,962,90370,90544,100008,100113,100132,100142,100147,100194,100195,100197,100213,100238,100265,100682,100928,101391,101393,101433,101747,101973,119176,181430,181674,181685,181843,182037,182119,182174,182205,182223,182273,202729,202986,203079,203219,203289,203303,203322,203486,120044,120059,120111,120156,120177,120204,120262,145886,145958,151240,180101,180257,180265,180339,180421,180442,180504,180535,180734,181963,181979,186349,202491,202755,205850,303267,303411,303563,304120,304845,304899,311001,311066,311270,45273,89334,90491,100340,119868,119946,119947,119951,38176,38593,46035,46038,46087,46100,46230,46243,46245,46261,50413,50431,50437,50451,50475,50503,50510,50520,50593,50674,89051,89052,89099,89117,89123,89143,89237,89290,89315,89590,89742,89806,90047,90053,90217,205284,205497,205608,205736,241064,100270,100393,100394,100572,100703,100802,100806,100830,101141,204370,204437,204503,204607,204797,240002,240058,240082,240087,240089,240362,240398,240706,240707,240758,240775,240788,240873,266237,266369,266371,266575,266592,266957,266981,295088,295109,295123,12611,13210,13214,13232,13241,13252,13281,205420,205689,205769,205885,205977,295342,304075,304121,304136,304155,304158,304162,304172,304204,304209,311538,311625,358618,362146,362283,363299,364084,364288,364310,364539,364563,394132,394478,396499,396910,396981,399052,38978,45157,45456,48592,49575,90031,90081,90089,90135,90172,240057,240061,240084,240085,240086,240092,240145,240166,240225,240236,240260,240277,312874,363578,363586,363602,396748,396993,400489,400506,400514,400530,400553,400594,426218,426715,426754,426803,426860,426951,452192,452232,452429,452454,452716,454085,454886,202560,202851,203958,204118,204272,205092,205436,240026,240172,240197,240353,240389,259831,259879,259904,260136,260153,303249,303273,303314,303347,303364,303372,303388,303405,303407,303444,395603,395743,395762,395971,395973,396012,396025,396117,396136,400823,425044,425076,425240,425247,425315,425442,425466,425597,425621,12243,12341,12398,12415,12510,12548,12744,12920,14022,14512,14693,14711,14720,89470,89566,89664,89860,100240,100279,100409,145847,145942,145956,145967,145978,151014,303819,303894,303959,303998,304018,304026,311305,311339,311370,311376,311395,311436,45049,45159,45427,45747,45758,47764,47796,48409,48715,89437,180868,181846,182878,186037,186260,202136,202681,203025,203628,204017,204967,205244,205738,205929,205968,241158,241400,45138,48164,49418,49827,90493,90911,205716,312438,361877,364464,394408,395033,395295,396437,396870,400535,400805,425422,425610,425718,425954,426137,426858,426994,453027,472465,89154,89174,89333,89432,90759,100273,101189,101192,101338,101668,101736,119430,119741,119912,120030,120358,120540,120758,143372,186020,186149,186526,186559,186812,202134,202289,202346,202376,203601,203642,203700,203760,203833,204189,204202,204267,204551,204764,205137,205266,205299,205622,34,75,238,313,373,402,479,603,749,38093,39156,45131,48917,90347,90569,90615,90695,90995,100002,100086,100224,100262,100412,100453,101410,101511,119032,119242,181688,181832,181873,181890,182167,182238,182263,203229,203253,203320,203346,203361,203370,203387,203434,203443,119988,120057,120095,120125,120189,120208,120232,120257,120281,120303,120351,143857,145469,180108,180245,180261,180304,180397,180412,180453,180462,180484,180552,202737,303302,303435,303981,304480,304977,311068,311165,45230,45325,89366,89392,89401,89602,89797,89938,100348,119921,119954,14427,38532,38684,38733,38742,38927,45327,46012,46094,46154,50446,50492,50574,50578,50599,50602,50619,89069,89076,89091,89101,89185,89193,89220,89221,89234,89235,89245,89307,89308,89553,90130,90199,90201,205143,205148,205170,205538,205556,205743,205806,205829,205837,205893,100289,100303,100311,100353,100404,100613,100691,100739,100755,100863,101135,101151,101220,101369,186376,204288,204658,240008,240023,240041,240435,240459,240500,240533,240574,240764,240773,240776,266209,266222,266223,266229,266249,266279,266306,266659,266724,266794,266946,266953,266965,266994,295113,12185,12284,12342,12349,12365,13202,13245,13289,13337,205844,205940,304040,304076,304079,304108,304168,304186,304189,304222,304223,304241,362121,362179,362245,362348,362368,362402,364097,364158,364643,364647,394530,394828,395653,395862,399278,47758,48609,48902,50632,90014,90093,90105,240116,240140,240219,240261,240337,240342,361363,362689,363496,363499,363500,363517,363536,363541,363543,363554,363559,363574,363583,363596,363611,363636,363643,364889,396672,396790,396831,399093,400079,400177,400229,400481,400519,400617,426084,426787,452587,454738,202807,204126,204184,204200,205038,240015,240104,240213,240312,240336,259721,259737,259825,259828,259838,260031,260038,260052,260093,260141,260211,260229,260234,260267,303277,303317,303323,303331,303345,303373,303395,395555,395837,395958,395989,396047,396115,400740,425118,425125,425150,425217,425231,425443,425450,425548,425614,425643,12272,12298,12382,12642,12834,12955,14331,14422,14595,14661,46273,89287,89451,89612,89719,89737,89749,90133,100070,100110,100432,100477,145836,145840,145855,145856,145871,145896,145901,145903,145933,145934,151021,151071,151076,303815,303823,303824,303881,303898,303928,303975,303991,303996,304027,311244,311275,311331,311350,311373,311397,311401,311427,45097,45531,49054,49301,49848,90357,151713,181888,202493,203646,203791,203866,204203,204945,205236,205355,205369,205795,205836,241136,241212,241590,241689,13539,39770,48321,90775,295705,358192,358213,359274,361803,362753,362780,362994,364247,394507,394743,394955,395587,400586,426464,465511,48932,89205,90932,90976,100984,101156,101160,101176,101193,101206,101379,101426,101550,101555,101579,101732,101758,119410,120063,120467,120489,120995,143065,143356,143471,143479,182968,186029,186034,186375,186602,186845,186886,186911,202082,202390,202393,202400,202494,203626,203650,203751,203768,203792,204055,204284,204322,204349,204465,204812,205462,205798,205869,205882,205908,17,349,356,486,495,653,700,803,922,12960,100027,100049,100137,100151,100200,100236,100245,100582,100736,101177,101205,119036,119259,181808,181835,181841,182214,182228,203199,203212,203262,203401,203442,203451,203519,120130,120240,120280,120349,144149,180077,180093,180240,180273,180333,180476,180478,186289,202110,202511,259092,265673,303534,304243,304396,304739,304788,89430,90532,90683,90951,119839,119937,38392,38638,38691,45041,46011,46039,46158,46199,46211,46248,50444,50495,50536,50544,50594,50605,50634,50650,89062,89074,89092,89114,89155,89228,89233,89278,89288,89318,89335,89347,89502,90257,205194,205220,205397,205470,205636,205767,205823,205861,205919,100277,100293,100310,100401,100559,100576,100584,100629,100690,100756,100789,100813,100854,100875,101246,101687,204427,204478,204526,204630,204632,204641,204731,204762,204765,204773,204862,204985,205853,240142,240278,240641,240678,240857,241174,241401,241747,241779,266228,266273,266290,266320,266343,266636,266677,266750,295129,12579,13220,13223,13286,13290,13330,205531,205916,304033,304036,304049,304065,304089,304092,304096,304101,304177,362688,364002,364047,364088,364132,364231,364239,364304,364346,364367,394437,394495,394560,394826,395340,396476,399017,399272,399284,399286,399316,48306,48534,49476,49888,90039,90052,90091,90098,90162,90175,90193,240073,240081,240091,240138,240163,240174,240178,240292,240321,241073,363547,363553,363560,363569,363588,363629,396735,396793,400141,400152,400221,400407,400408,400570,400587,426718,426812,426871,426934,452357,454089,454927,186059,204159,204192,204535,240067,259557,259652,259688,259855,259872,259920,259961,260018,260076,260135,260174,260185,260256,260277,303208,303280,303304,303324,303338,303351,303361,303387,303399,303416,395479,395631,395719,395733,395817,395851,395919,395976,396121,396123,396137,425014,425061,425069,425243,425326,425409,425416,12591,12924,14142,14339,14471,14579,14620,48753,49360,89094,89320,89369,89670,89697,89743,89993,100175,100423,100425,145863,151010,151018,151025,151055,151112,151119,151121,303850,303853,303895,303901,303916,303960,303976,304010,311220,311288,311296,311298,311302,311329,311337,311343,311422,311430,13010,45287,45362,45641,47677,182457,202145,203536,204115,204759,204857,204958,205330,241107,241112,241307,47214,48956,49539,50486,89030,295426,312856,358146,358444,358559,359524,359774,362737,362747,363402,394188,395079,395245,395478,395759,396947,399066,399125,400058,400409,400655,400976,425181,425750,89698,89939,90816,101182,101245,101396,101553,101582,101632,101689,101721,101794,101804,120874,143562,186518,186870,186941,186973,186981,202142,202330,202407,202451,203801,204079,204172,204235,204314,204363,204420,204549,204781,204946,205774,205776,205801,205809,205907,291,365,388,512,539,644,90487,90499,90740,90906,100077,100154,100181,100207,100211,100231,100253,100254,100444,100543,100968,100987,101651,101720,101950,119217,181801,181883,182054,182148,182184,182222,203074,203202,203236,203254,203258,203321,203336,203353,203377,203409,203427,203527,119967,119992,120180,120195,120250,120360,151280,180076,180117,180125,180141,180159,180192,180520,182006,186046,186940,202291,202358,202373,202399,303093,303193,303427,303550,303579,304144,304293,304408,304514,311007,311167,311247,48923,89425,90706,90910,100126,100185,100405,12583,38308,38977,45310,46031,46240,46274,50421,50425,50456,50512,50561,50590,50595,50625,50656,50672,50683,89125,89164,89217,89265,89271,89272,89282,89339,90021,90057,205041,205350,205455,205489,205513,205522,205536,241039,14069,100512,100555,100641,100658,100666,100673,100678,100698,100714,100772,100773,100837,100838,100843,101136,101530,101598,202581,203869,204026,204462,204510,204690,204706,240070,240155,240168,240237,240239,240325,240608,240658,240733,241652,241761,241771,266238,266295,266365,266366,266616,266772,295072,295126,12063,12616,13206,13215,13248,13263,13265,13273,13282,13291,13298,13301,13324,13338,205139,205249,205376,205384,205524,205883,304077,304080,304091,304109,304151,304161,304185,304203,358125,358202,358237,361840,362220,362329,362340,364100,364140,364222,364263,364501,364660,394045,396888,396940,399004,399273,399437,48486,49871,90027,90045,90069,240051,240075,240125,240222,240284,240300,240309,240318,240333,240334,363514,363520,363529,363577,363591,363597,363604,363612,363620,363627,363645,396754,396757,396856,399118,400120,400275,400341,400440,400470,400512,400515,400546,400588,426666,426700,426957,452478,452632,452740,454041,454861,204134,204428,205590,240034,240065,240230,240238,240254,240279,240381,240382,259529,259570,259627,259729,259778,259954,260215,260260,303265,303315,303335,303358,303403,303414,303445,395620,395760,395858,395896,395942,396061,396141,400929,425004,425110,425126,425190,425216,425305,425329,425506,425540,425573,12431,12439,12458,12561,12890,12947,14454,14487,14495,14570,14643,14703,47136,89053,89133,89410,89582,89738,89746,89929,100387,145921,145928,151020,151079,151111,303808,303814,303831,303844,303873,303958,303969,304008,304023,311218,311234,311269,311300,311330,311355,311388,311393,311419,311472]}],"qhash":"bb3e13cbd510155ff231040d9b5422c9","run":[{"run_number":1}]}
]

 error: 
 retcode : 0
DEBUG 2025-03-23 16:24:45.456 UTC: 	 Executing command :
 dasgoclient --query 'summary dataset=/DYto2Mu-4Jets_Bin-MLL-50_TuneCP5_13p6TeV_madgraphMLM-pythia8/amalhotr-DYto2Mu4Jets_Unpacker_Large-49feb6938084587a06052f9676570a55/USER instance=prod/phys03' --json
DEBUG 2025-03-23 16:24:46.004 UTC: 	 output : [
{"das":{"expire":1742747086,"instance":"prod/phys03","primary_key":"summary","record":1,"services":["dbs3:summary4dataset_run"]},"qhash":"aa3822e316136299a996109d38e35e17","summary":[{"file_size":165477243475,"max_ldate":1742719473,"median_cdate":1742717673,"median_ldate":1742717673,"nblocks":3,"nevents":3202835,"nfiles":21,"nlumis":4520,"num_block":3,"num_event":3202835,"num_file":21,"num_lumi":4520}]}
]

 error: 
 retcode : 0
INFO 2025-03-23 16:24:46.049 UTC: 	 Will save lumi files into output directory /afs/cern.ch/user/a/amalhotr/CMSSW_14_0_18_patch1/src/Run3ScoutingAnalysisTools/crab_DYto2Mu4Jets_Unpacker_Large/results
INFO 2025-03-23 16:24:46.050 UTC: 	 Summary from successful jobs (i.e. in status 'finished'):
INFO 2025-03-23 16:24:46.050 UTC: 	   Number of files processed: 75
  Number of events read: 3202835
  Number of events written in EDM files: 3202835
  Number of events written in TFileService files: 0
  Number of events written in other type of files: 0
INFO 2025-03-23 16:24:46.068 UTC: 	   Processed lumis written to processedLumis.json
INFO 2025-03-23 16:24:46.073 UTC: 	 Summary from output datasets in DBS:
INFO 2025-03-23 16:24:46.073 UTC: 	   Number of events:
    /DYto2Mu-4Jets_Bin-MLL-50_TuneCP5_13p6TeV_madgraphMLM-pythia8/amalhotr-DYto2Mu4Jets_Unpacker_Large-49feb6938084587a06052f9676570a55/USER: 3202835
INFO 2025-03-23 16:24:46.080 UTC: 	   Output datasets lumis written to outputDatasetsLumis.json
INFO 2025-03-23 16:24:46.086 UTC: 	   Files to process written to filesToProcess.json
INFO 2025-03-23 16:24:46.088 UTC: 	   Files processed by successful jobs written to processedFiles.json
INFO 2025-03-23 16:24:46.098 UTC: 	 Log file is /afs/cern.ch/user/a/amalhotr/CMSSW_14_0_18_patch1/src/Run3ScoutingAnalysisTools/crab_DYto2Mu4Jets_Unpacker_Large/crab.log
DEBUG 2025-03-23 16:25:14.366 UTC: 	 CRAB Client version: v3.250318
DEBUG 2025-03-23 16:25:14.367 UTC: 	 Running on: Linux lxplus940.cern.ch 5.14.0-503.22.1.el9_5.x86_64 #1 SMP PREEMPT_DYNAMIC Wed Jan 15 08:02:15 EST 2025 x86_64 x86_64 x86_64 GNU/Linux
DEBUG 2025-03-23 16:25:14.367 UTC: 	 Not using Singularity
DEBUG 2025-03-23 16:25:14.367 UTC: 	 Operating System: Red Hat Enterprise Linux 9.5 (Plow)
DEBUG 2025-03-23 16:25:14.367 UTC: 	 Executing command: 'status'
DEBUG 2025-03-23 16:25:14.367 UTC: 	 Found CRAB cache file /afs/cern.ch/user/a/amalhotr/.crab3
DEBUG 2025-03-23 16:25:14.372 UTC: 	 Checking credentials
DEBUG 2025-03-23 16:25:14.372 UTC: 	 Found proxy file /tmp/x509up_u180451
DEBUG 2025-03-23 16:25:14.372 UTC: 	 Making sure it has proper VOMS extension
DEBUG 2025-03-23 16:25:14.372 UTC: 	 Executing command :
 voms-proxy-info --vo --file /tmp/x509up_u180451
DEBUG 2025-03-23 16:25:14.728 UTC: 	 output : cms

 error: 
 retcode : 0
DEBUG 2025-03-23 16:25:14.728 UTC: 	 Getting proxy life time left
DEBUG 2025-03-23 16:25:14.728 UTC: 	 Executing command :
 voms-proxy-info --actimeleft --timeleft --file /tmp/x509up_u180451
DEBUG 2025-03-23 16:25:15.102 UTC: 	 output : 655272
655272

 error: 
 retcode : 0
DEBUG 2025-03-23 16:25:15.102 UTC: 	 Proxy valid for 182:01:12 hours
DEBUG 2025-03-23 16:25:15.102 UTC: 	 Encoded data for curl request: subresource=delegatedn
DEBUG 2025-03-23 16:25:15.142 UTC: 	 Registering user credentials on myproxy for /DC=ch/DC=cern/OU=computers/CN=crab-(preprod|prod)-tw(01|02).cern.ch|/DC=ch/DC=cern/OU=computers/CN=crab-dev-tw(01|02|03|04).cern.ch|/DC=ch/DC=cern/OU=Organic Units/OU=Users/CN=cmscrab/CN=(817881|373708)/CN=Robot: cms crab|/DC=ch/DC=cern/OU=Organic Units/OU=Users/CN=crabint1/CN=373708/CN=Robot: CMS CRAB Integration 1
DEBUG 2025-03-23 16:25:15.143 UTC: 	 Executing command :
 voms-proxy-info --identity --file /tmp/x509up_u180451
DEBUG 2025-03-23 16:25:15.523 UTC: 	 output : /DC=ch/DC=cern/OU=Organic Units/OU=Users/CN=amalhotr/CN=884837/CN=Aryan Malhotra

 error: 
 retcode : 0
DEBUG 2025-03-23 16:25:15.523 UTC: 	 Getting myproxy life time left for 2382a3cf28fdeacb1de9b039908761ea517a5ed6
DEBUG 2025-03-23 16:25:15.523 UTC: 	 Executing command :
 myproxy-info -s myproxy.cern.ch -l 2382a3cf28fdeacb1de9b039908761ea517a5ed6
DEBUG 2025-03-23 16:25:15.802 UTC: 	 output : username: 2382a3cf28fdeacb1de9b039908761ea517a5ed6
owner: /DC=ch/DC=cern/OU=Organic Units/OU=Users/CN=amalhotr/CN=884837/CN=Aryan Malhotra
  renewal policy: /DC=ch/DC=cern/OU=computers/CN=crab-(preprod|prod)-tw(01|02).cern.ch|/DC=ch/DC=cern/OU=computers/CN=crab-dev-tw(01|02|03|04).cern.ch|/DC=ch/DC=cern/OU=Organic Units/OU=Users/CN=cmscrab/CN=(817881|373708)/CN=Robot: cms crab|/DC=ch/DC=cern/OU=Organic Units/OU=Users/CN=crabint1/CN=373708/CN=Robot: CMS CRAB Integration 1
  trusted retrieval policy: /DC=ch/DC=cern/OU=computers/CN=crab-(preprod|prod)-tw(01|02).cern.ch|/DC=ch/DC=cern/OU=computers/CN=crab-dev-tw(01|02|03|04).cern.ch|/DC=ch/DC=cern/OU=Organic Units/OU=Users/CN=cmscrab/CN=(817881|373708)/CN=Robot: cms crab|/DC=ch/DC=cern/OU=Organic Units/OU=Users/CN=crabint1/CN=373708/CN=Robot: CMS CRAB Integration 1
  timeleft: 611:55:03  (25.5 days)

 error: 
 retcode : 0
DEBUG 2025-03-23 16:25:15.803 UTC: 	 Myproxy is valid: 2202900
DEBUG 2025-03-23 16:25:15.803 UTC: 	 Result of myproxy credential check:
  Credential exists on myproxy: username: 2382a3cf28fdeacb1de9b039908761ea517a5ed6  - validity: 25 days, 11:55:00
DEBUG 2025-03-23 16:25:15.803 UTC: 	 Retrieving username ...
DEBUG 2025-03-23 16:25:15.803 UTC: 	 Retrieving username from CRIC...
DEBUG 2025-03-23 16:25:16.748 UTC: 	 username is amalhotr
INFO 2025-03-23 16:25:17.328 UTC: 	 Rucio client intialized for account amalhotr
DEBUG 2025-03-23 16:25:17.329 UTC: 	 Command use: status
DEBUG 2025-03-23 16:25:17.329 UTC: 	 Options use: ['-d', './crab_DYto2Mu4Jets_Unpacker_Large']
DEBUG 2025-03-23 16:25:17.329 UTC: 	 Encoded data for curl request: subresource=version
DEBUG 2025-03-23 16:25:17.366 UTC: 	 CRABClient version: v3.250318
DEBUG 2025-03-23 16:25:17.366 UTC: 	 Instance is prod
DEBUG 2025-03-23 16:25:17.366 UTC: 	 Server base url is cmsweb.cern.ch
DEBUG 2025-03-23 16:25:17.366 UTC: 	 Command api workflow
DEBUG 2025-03-23 16:25:17.367 UTC: 	 Encoded data for curl request: subresource=search&workflow=250323_060454%3Aamalhotr_crab_DYto2Mu4Jets_Unpacker_Large
DEBUG 2025-03-23 16:25:17.427 UTC: 	 Got information from server oracle database: {'desc': {'columns': ['tm_taskname', 'tm_activity', 'tm_task_status', 'tm_task_command', 'tm_start_time', 'tm_start_injection', 'tm_end_injection', 'tm_task_failure', 'tm_job_sw', 'tm_job_arch', 'tm_input_dataset', 'tm_nonvalid_input_dataset', 'tm_use_parent', 'tm_site_whitelist', 'tm_site_blacklist', 'tm_split_algo', 'tm_split_args', 'tm_user_sandbox', 'tm_cache_url', 'tm_username', 'tm_user_dn', 'tm_user_vo', 'tm_user_role', 'tm_user_group', 'tm_publish_name', 'tm_publish_groupname', 'tm_asyncdest', 'tm_dbs_url', 'tm_publish_dbs_url', 'tm_publication', 'tm_outfiles', 'tm_tfile_outfiles', 'tm_edm_outfiles', 'tm_job_type', 'tm_generator', 'tm_events_per_lumi', 'tm_arguments', 'tm_save_logs', 'tw_name', 'tm_user_infiles', 'tm_maxjobruntime', 'tm_numcores', 'tm_maxmemory', 'tm_priority', 'tm_output_dataset', 'tm_task_warnings', 'tm_user_webdir', 'tm_scriptexe', 'tm_scriptargs', 'tm_extrajdl', 'tm_collector', 'tm_schedd', 'tm_dry_run', 'tm_user_files', 'tm_transfer_outputs', 'tm_output_lfn', 'tm_ignore_locality', 'tm_fail_limit', 'tm_one_event_mode', 'tm_secondary_input_dataset', 'tm_primary_dataset', 'tm_last_publication', 'tm_debug_files', 'clusterid', 'tm_ignore_global_blacklist', 'tm_submitter_ip_addr', 'tm_totalunits', 'tm_ddm_reqid', 'tm_user_config', 'tm_transfer_container', 'tm_transfer_rule', 'tm_publish_rule', 'tm_multipub_rule', 'tm_job_min_microarch']}, 'result': ['250323_060454:amalhotr_crab_DYto2Mu4Jets_Unpacker_Large', 'None', 'SUBMITTED', 'SUBMIT', '2025-03-23 06:04:55.506480', 'None', '2025-03-23 06:06:35.392815', 'None', 'CMSSW_14_0_18_patch1', 'el9_amd64_gcc12', '/DYto2Mu-4Jets_Bin-MLL-50_TuneCP5_13p6TeV_madgraphMLM-pythia8/RunIII2024Summer24MiniAOD-140X_mcRun3_2024_realistic_v26-v2/MINIAODSIM', 'F', '0', '[]', '[]', 'FileBased', "{'halt_job_on_file_boundaries': False, 'splitOnRun': False, 'files_per_job': 5, 'runs': [], 'lumis': []}", '3347ab5ebddcbcf20e5a549cff91c4ac4d53283ca301d10bc07120adeaa8b0f2.tar.gz', 'https://cmsweb.cern.ch/S3/crabcache_prod', 'amalhotr', '/DC=ch/DC=cern/OU=Organic Units/OU=Users/CN=amalhotr/CN=884837/CN=Aryan Malhotra', 'cms', 'None', 'None', 'DYto2Mu4Jets_Unpacker_Large-00000000000000000000000000000000', 'F', 'T3_CH_CERNBOX', 'https://cmsweb.cern.ch/dbs/prod/global/DBSReader', 'https://cmsweb.cern.ch/dbs/prod/phys03/DBSWriter', 'T', '[]', '[]', "['HLTUnpackerOutputLarge.root']", 'Analysis', 'pythia', 'None', '{}', 'T', 'crab-prod-tw01', '[]', '1250', '1', '2000', '10', "['/DYto2Mu-4Jets_Bin-MLL-50_TuneCP5_13p6TeV_madgraphMLM-pythia8/amalhotr-DYto2Mu4Jets_Unpacker_Large-49feb6938084587a06052f9676570a55/USER']", '[]', 'http://vocms0198.cern.ch/mon/amalhotr/250323_060454:amalhotr_crab_DYto2Mu4Jets_Unpacker_Large', 'None', '[]', '[]', 'cmsgwms-collector-global.cern.ch:9620,cmsgwms-collector-global.fnal.gov:9620', 'crab3@vocms0198.cern.ch', 'F', '[]', 'T', '/store/user/amalhotr/', 'F', 'None', 'F', 'None', 'DYto2Mu-4Jets_Bin-MLL-50_TuneCP5_13p6TeV_madgraphMLM-pythia8', 'None', '092c95d3b1ed17d5c8f35311372fbafe5aae77e928c0bec78cce9935847f1e25.tar.gz', '113626991', 'F', '188.184.73.32', '75.0', 'None', '{"partialdataset": false, "requireaccelerator": false, "acceleratorparams": null, "inputblocks": null}', 'None', 'None', 'None', 'None', 'any']}
INFO 2025-03-23 16:25:17.427 UTC: 	 CRAB project directory:		/afs/cern.ch/user/a/amalhotr/CMSSW_14_0_18_patch1/src/Run3ScoutingAnalysisTools/crab_DYto2Mu4Jets_Unpacker_Large
INFO 2025-03-23 16:25:17.428 UTC: 	 Task name:			250323_060454:amalhotr_crab_DYto2Mu4Jets_Unpacker_Large
INFO 2025-03-23 16:25:17.428 UTC: 	 Grid scheduler - Task Worker:	crab3@vocms0198.cern.ch - crab-prod-tw01
INFO 2025-03-23 16:25:17.428 UTC: 	 Status on the CRAB server:	SUBMITTED
INFO 2025-03-23 16:25:17.428 UTC: 	 Task URL to use for HELP:	https://cmsweb.cern.ch/crabserver/ui/task/250323_060454%3Aamalhotr_crab_DYto2Mu4Jets_Unpacker_Large
INFO 2025-03-23 16:25:17.435 UTC: 	 Dashboard monitoring URL:	https://monit-grafana.cern.ch/d/cmsTMDetail/cms-task-monitoring-task-view?orgId=11&var-user=amalhotr&var-task=250323_060454%3Aamalhotr_crab_DYto2Mu4Jets_Unpacker_Large&from=1742706295000&to=now
DEBUG 2025-03-23 16:25:17.435 UTC: 	 The CRAB server submitted your task to the Grid scheduler (cluster ID: 113626991)
DEBUG 2025-03-23 16:25:17.435 UTC: 	 Webdir is located at http://vocms0198.cern.ch/mon/amalhotr/250323_060454:amalhotr_crab_DYto2Mu4Jets_Unpacker_Large
DEBUG 2025-03-23 16:25:17.435 UTC: 	 Encoded data for curl request: subresource=webdirprx&workflow=250323_060454%3Aamalhotr_crab_DYto2Mu4Jets_Unpacker_Large
DEBUG 2025-03-23 16:25:17.479 UTC: 	 Proxied webdir is located at https://cmsweb.cern.ch:8443/scheddmon/0198/amalhotr/250323_060454:amalhotr_crab_DYto2Mu4Jets_Unpacker_Large
DEBUG 2025-03-23 16:25:17.479 UTC: 	 Retrieving 'status_cache' file from https://cmsweb.cern.ch:8443/scheddmon/0198/amalhotr/250323_060454:amalhotr_crab_DYto2Mu4Jets_Unpacker_Large/status_cache.pkl
DEBUG 2025-03-23 16:25:17.479 UTC: 	 Will execute:
curl -sS --capath /etc/grid-security/certificates --cert /tmp/x509up_u180451 --key /tmp/x509up_u180451 -o /tmp/crab_status-cache-ml4744fx.pkl -w %"{http_code}" "https://cmsweb.cern.ch:8443/scheddmon/0198/amalhotr/250323_060454:amalhotr_crab_DYto2Mu4Jets_Unpacker_Large/status_cache.pkl"
DEBUG 2025-03-23 16:25:17.479 UTC: 	 Executing command :
 curl -sS --capath /etc/grid-security/certificates --cert /tmp/x509up_u180451 --key /tmp/x509up_u180451 -o /tmp/crab_status-cache-ml4744fx.pkl -w %"{http_code}" "https://cmsweb.cern.ch:8443/scheddmon/0198/amalhotr/250323_060454:amalhotr_crab_DYto2Mu4Jets_Unpacker_Large/status_cache.pkl"
DEBUG 2025-03-23 16:25:17.520 UTC: 	 output : 200
 error: 
 retcode : 0
DEBUG 2025-03-23 16:25:17.520 UTC: 	 exitcode: 0
stdout: 200
stderr: 
error details: 
DEBUG 2025-03-23 16:25:17.520 UTC: 	 Got information from status cache file: {'6': {'Retries': 0, 'Restarts': 0, 'SiteHistory': ['Unknown', 'T2_US_Vanderbilt', 'T2_US_Vanderbilt'], 'ResidentSetSize': [1076184], 'SubmitTimes': [1742710065.0], 'StartTimes': [1742710306.0], 'EndTimes': [1742710781.0], 'TotalUserCpuTimeHistory': [133], 'TotalSysCpuTimeHistory': [9], 'WallDurations': [8.0, 119.46214818954468, 475.0], 'JobIds': ['113627002.0'], 'State': 'finished', 'RecordedSite': True}, '11': {'Retries': 0, 'Restarts': 0, 'SiteHistory': ['Unknown', 'T1_US_FNAL', 'T1_US_FNAL'], 'ResidentSetSize': [1419952], 'SubmitTimes': [1742710065.0], 'StartTimes': [1742710240.0], 'EndTimes': [1742713655.0], 'TotalUserCpuTimeHistory': [2331], 'TotalSysCpuTimeHistory': [371], 'WallDurations': [9.0, 185.46214818954468, 3415.0], 'JobIds': ['113627003.0'], 'State': 'finished', 'RecordedSite': True}, '13': {'Retries': 0, 'Restarts': 0, 'SiteHistory': ['Unknown', 'T1_US_FNAL', 'T1_US_FNAL'], 'ResidentSetSize': [1436960], 'SubmitTimes': [1742710065.0], 'StartTimes': [1742710239.0], 'EndTimes': [1742713670.0], 'TotalUserCpuTimeHistory': [2180], 'TotalSysCpuTimeHistory': [330], 'WallDurations': [10.0, 186.46214818954468, 3431.0], 'JobIds': ['113627004.0'], 'State': 'finished', 'RecordedSite': True}, '9': {'Retries': 0, 'Restarts': 0, 'SiteHistory': ['Unknown', 'T2_US_Vanderbilt', 'T2_US_Vanderbilt'], 'ResidentSetSize': [802440], 'SubmitTimes': [1742710065.0], 'StartTimes': [1742710306.0], 'EndTimes': [1742710978.0], 'TotalUserCpuTimeHistory': [298], 'TotalSysCpuTimeHistory': [20], 'WallDurations': [9.0, 119.46214818954468, 672.0], 'JobIds': ['113627005.0'], 'State': 'finished', 'RecordedSite': True}, '12': {'Retries': 0, 'Restarts': 0, 'SiteHistory': ['Unknown', 'T1_UK_RAL', 'T1_UK_RAL'], 'ResidentSetSize': [1343124], 'SubmitTimes': [1742710065.0], 'StartTimes': [1742710238.0], 'EndTimes': [1742714789.0], 'TotalUserCpuTimeHistory': [1373], 'TotalSysCpuTimeHistory': [386], 'WallDurations': [8.0, 187.46214818954468, 4551.0], 'JobIds': ['113627006.0'], 'State': 'finished', 'RecordedSite': True}, '8': {'Retries': 0, 'Restarts': 0, 'SiteHistory': ['Unknown', 'T2_US_Vanderbilt', 'T2_US_Vanderbilt'], 'ResidentSetSize': [777192], 'SubmitTimes': [1742710065.0], 'StartTimes': [1742710307.0], 'EndTimes': [1742710955.0], 'TotalUserCpuTimeHistory': [261], 'TotalSysCpuTimeHistory': [12], 'WallDurations': [8.0, 118.46214818954468, 648.0], 'JobIds': ['113627007.0'], 'State': 'finished', 'RecordedSite': True}, '4': {'Retries': 0, 'Restarts': 0, 'SiteHistory': ['Unknown', 'T2_US_Vanderbilt', 'T2_US_Vanderbilt'], 'ResidentSetSize': [947240], 'SubmitTimes': [1742710065.0], 'StartTimes': [1742710308.0], 'EndTimes': [1742717140.0], 'TotalUserCpuTimeHistory': [2165], 'TotalSysCpuTimeHistory': [126], 'WallDurations': [8.0, 117.46214818954468, 6832.0], 'JobIds': ['113627008.0'], 'State': 'finished', 'RecordedSite': True}, '3': {'Retries': 0, 'Restarts': 0, 'SiteHistory': ['Unknown', 'T2_US_Vanderbilt', 'T2_US_Vanderbilt'], 'ResidentSetSize': [1286504], 'SubmitTimes': [1742710065.0], 'StartTimes': [1742710306.0], 'EndTimes': [1742712563.0], 'TotalUserCpuTimeHistory': [1309], 'TotalSysCpuTimeHistory': [94], 'WallDurations': [9.0, 119.46214818954468, 2257.0], 'JobIds': ['113627009.0'], 'State': 'finished', 'RecordedSite': True}, '18': {'Retries': 0, 'Restarts': 0, 'SiteHistory': ['Unknown', 'T1_FR_CCIN2P3', 'T1_FR_CCIN2P3'], 'ResidentSetSize': [1268972], 'SubmitTimes': [1742710065.0], 'StartTimes': [1742710237.0], 'EndTimes': [1742712221.0], 'TotalUserCpuTimeHistory': [1079], 'TotalSysCpuTimeHistory': [339], 'WallDurations': [9.0, 188.46214818954468, 1984.0], 'JobIds': ['113627010.0'], 'State': 'finished', 'RecordedSite': True}, '2': {'Retries': 0, 'Restarts': 0, 'SiteHistory': ['Unknown', 'T1_ES_PIC', 'T1_ES_PIC'], 'ResidentSetSize': [1247448], 'SubmitTimes': [1742710065.0], 'StartTimes': [1742710239.0], 'EndTimes': [1742712766.0], 'TotalUserCpuTimeHistory': [1443], 'TotalSysCpuTimeHistory': [250], 'WallDurations': [9.0, 186.46214818954468, 2527.0], 'JobIds': ['113627011.0'], 'State': 'finished', 'RecordedSite': True}, '7': {'Retries': 0, 'Restarts': 0, 'SiteHistory': ['Unknown', 'T2_US_Vanderbilt', 'T2_US_Vanderbilt'], 'ResidentSetSize': [863816], 'SubmitTimes': [1742710065.0], 'StartTimes': [1742710306.0], 'EndTimes': [1742710966.0], 'TotalUserCpuTimeHistory': [269], 'TotalSysCpuTimeHistory': [15], 'WallDurations': [8.0, 119.46214818954468, 660.0], 'JobIds': ['113627012.0'], 'State': 'finished', 'RecordedSite': True}, '19': {'Retries': 0, 'Restarts': 0, 'SiteHistory': ['Unknown', 'T1_FR_CCIN2P3', 'T1_FR_CCIN2P3'], 'ResidentSetSize': [1165824], 'SubmitTimes': [1742710065.0], 'StartTimes': [1742710237.0], 'EndTimes': [1742711131.0], 'TotalUserCpuTimeHistory': [472], 'TotalSysCpuTimeHistory': [152], 'WallDurations': [9.0, 188.46214818954468, 894.0], 'JobIds': ['113627013.0'], 'State': 'finished', 'RecordedSite': True}, '14': {'Retries': 0, 'Restarts': 0, 'SiteHistory': ['Unknown', 'T1_UK_RAL', 'T1_UK_RAL'], 'ResidentSetSize': [1353096], 'SubmitTimes': [1742710066.0], 'StartTimes': [1742710237.0], 'EndTimes': [1742714922.0], 'TotalUserCpuTimeHistory': [1479], 'TotalSysCpuTimeHistory': [450], 'WallDurations': [10.0, 188.46214818954468, 4685.0], 'JobIds': ['113627014.0'], 'State': 'finished', 'RecordedSite': True}, '1': {'Retries': 0, 'Restarts': 0, 'SiteHistory': ['Unknown', 'T2_US_Vanderbilt', 'T2_US_Vanderbilt'], 'ResidentSetSize': [1260064], 'SubmitTimes': [1742710066.0], 'StartTimes': [1742710307.0], 'EndTimes': [1742712690.0], 'TotalUserCpuTimeHistory': [1434], 'TotalSysCpuTimeHistory': [67], 'WallDurations': [8.0, 118.46214818954468, 2383.0], 'JobIds': ['113627015.0'], 'State': 'finished', 'RecordedSite': True}, '17': {'Retries': 0, 'Restarts': 0, 'SiteHistory': ['Unknown', 'T1_US_FNAL', 'T1_US_FNAL'], 'ResidentSetSize': [1377252], 'SubmitTimes': [1742710066.0], 'StartTimes': [1742710240.0], 'EndTimes': [1742714286.0], 'TotalUserCpuTimeHistory': [2701], 'TotalSysCpuTimeHistory': [392], 'WallDurations': [10.0, 185.46214818954468, 4046.0], 'JobIds': ['113627016.0'], 'State': 'finished', 'RecordedSite': True}, '5': {'Retries': 0, 'Restarts': 0, 'SiteHistory': ['Unknown', 'T2_US_Vanderbilt', 'T2_US_Vanderbilt'], 'ResidentSetSize': [878040], 'SubmitTimes': [1742710066.0], 'StartTimes': [1742710307.0], 'EndTimes': [1742711819.0], 'TotalUserCpuTimeHistory': [826], 'TotalSysCpuTimeHistory': [44], 'WallDurations': [8.0, 118.46214818954468, 1512.0], 'JobIds': ['113627017.0'], 'State': 'finished', 'RecordedSite': True}, '15': {'Retries': 0, 'Restarts': 0, 'SiteHistory': ['Unknown', 'T1_UK_RAL', 'T1_UK_RAL'], 'ResidentSetSize': [1288332], 'SubmitTimes': [1742710066.0], 'StartTimes': [1742710238.0], 'EndTimes': [1742714538.0], 'TotalUserCpuTimeHistory': [1338], 'TotalSysCpuTimeHistory': [388], 'WallDurations': [9.0, 187.46214818954468, 4300.0], 'JobIds': ['113627018.0'], 'State': 'finished', 'RecordedSite': True}, '10': {'Retries': 0, 'Restarts': 0, 'SiteHistory': ['Unknown', 'T1_US_FNAL', 'T1_US_FNAL'], 'ResidentSetSize': [1363512], 'SubmitTimes': [1742710066.0], 'StartTimes': [1742710243.0], 'EndTimes': [1742714241.0], 'TotalUserCpuTimeHistory': [2361], 'TotalSysCpuTimeHistory': [655], 'WallDurations': [9.0, 182.46214818954468, 3998.0], 'JobIds': ['113627019.0'], 'State': 'finished', 'RecordedSite': True}, '21': {'Retries': 0, 'Restarts': 0, 'SiteHistory': ['Unknown', 'T1_UK_RAL', 'T1_UK_RAL'], 'ResidentSetSize': [1157532], 'SubmitTimes': [1742710066.0], 'StartTimes': [1742710238.0], 'EndTimes': [1742711502.0], 'TotalUserCpuTimeHistory': [419], 'TotalSysCpuTimeHistory': [119], 'WallDurations': [9.0, 187.46214818954468, 1264.0], 'JobIds': ['113627020.0'], 'State': 'finished', 'RecordedSite': True}, '16': {'Retries': 0, 'Restarts': 0, 'SiteHistory': ['Unknown', 'T1_US_FNAL', 'T1_US_FNAL'], 'ResidentSetSize': [1393648], 'SubmitTimes': [1742710066.0], 'StartTimes': [1742710239.0], 'EndTimes': [1742713661.0], 'TotalUserCpuTimeHistory': [2371], 'TotalSysCpuTimeHistory': [357], 'WallDurations': [10.0, 186.46214818954468, 3422.0], 'JobIds': ['113627021.0'], 'State': 'finished', 'RecordedSite': True}, '20': {'Retries': 0, 'Restarts': 0, 'SiteHistory': ['Unknown', 'T1_DE_KIT', 'T1_DE_KIT'], 'ResidentSetSize': [1225936], 'SubmitTimes': [1742710066.0], 'StartTimes': [1742710237.0], 'EndTimes': [1742711239.0], 'TotalUserCpuTimeHistory': [537], 'TotalSysCpuTimeHistory': [140], 'WallDurations': [10.0, 188.46214818954468, 1002.0], 'JobIds': ['113627022.0'], 'State': 'finished', 'RecordedSite': True}}
INFO 2025-03-23 16:25:17.520 UTC: 	 Status on the scheduler:	COMPLETED
INFO 2025-03-23 16:25:17.520 UTC: 	 
Jobs status:                    finished     		100.0% (21/21)
DEBUG 2025-03-23 16:25:17.521 UTC: 	 Encoded data for curl request: subresource=publicationstatus&workflow=250323_060454%3Aamalhotr_crab_DYto2Mu4Jets_Unpacker_Large&username=amalhotr
INFO 2025-03-23 16:25:17.567 UTC: 	 
Publication status of 1 dataset(s):	done         		100.0% (21/21)
(from CRAB internal bookkeeping in transferdb)
INFO 2025-03-23 16:25:17.567 UTC: 	 
Output dataset:			/DYto2Mu-4Jets_Bin-MLL-50_TuneCP5_13p6TeV_madgraphMLM-pythia8/amalhotr-DYto2Mu4Jets_Unpacker_Large-49feb6938084587a06052f9676570a55/USER
Output dataset DAS URL:		https://cmsweb.cern.ch/das/request?input=%2FDYto2Mu-4Jets_Bin-MLL-50_TuneCP5_13p6TeV_madgraphMLM-pythia8%2Famalhotr-DYto2Mu4Jets_Unpacker_Large-49feb6938084587a06052f9676570a55%2FUSER&instance=prod%2Fphys03
INFO 2025-03-23 16:25:17.568 UTC: 	 
Warning: the max jobs runtime is less than 30% of the task requested value (1250 min), please consider to request a lower value for failed jobs (allowed through crab resubmit) and/or improve the jobs splitting (e.g. config.Data.splitting = 'Automatic') in a new task.
INFO 2025-03-23 16:25:17.568 UTC: 	 
Summary of run jobs:
 * Memory: 783MB min, 1403MB max, 1159MB ave
 * Runtime: 0:07:55 min, 1:53:52 max, 0:43:37 ave
 * CPU eff: 30% min, 80% max, 57% ave
 * Waste: 0:59:26 (6% of total)

INFO 2025-03-23 16:25:17.570 UTC: 	 Log file is /afs/cern.ch/user/a/amalhotr/CMSSW_14_0_18_patch1/src/Run3ScoutingAnalysisTools/crab_DYto2Mu4Jets_Unpacker_Large/crab.log
DEBUG 2025-03-23 16:26:17.096 UTC: 	 CRAB Client version: v3.250318
DEBUG 2025-03-23 16:26:17.096 UTC: 	 Running on: Linux lxplus940.cern.ch 5.14.0-503.22.1.el9_5.x86_64 #1 SMP PREEMPT_DYNAMIC Wed Jan 15 08:02:15 EST 2025 x86_64 x86_64 x86_64 GNU/Linux
DEBUG 2025-03-23 16:26:17.096 UTC: 	 Not using Singularity
DEBUG 2025-03-23 16:26:17.096 UTC: 	 Operating System: Red Hat Enterprise Linux 9.5 (Plow)
DEBUG 2025-03-23 16:26:17.096 UTC: 	 Executing command: 'status'
DEBUG 2025-03-23 16:26:17.096 UTC: 	 Found CRAB cache file /afs/cern.ch/user/a/amalhotr/.crab3
DEBUG 2025-03-23 16:26:17.100 UTC: 	 Checking credentials
DEBUG 2025-03-23 16:26:17.100 UTC: 	 Found proxy file /tmp/x509up_u180451
DEBUG 2025-03-23 16:26:17.100 UTC: 	 Making sure it has proper VOMS extension
DEBUG 2025-03-23 16:26:17.100 UTC: 	 Executing command :
 voms-proxy-info --vo --file /tmp/x509up_u180451
DEBUG 2025-03-23 16:26:17.484 UTC: 	 output : cms

 error: 
 retcode : 0
DEBUG 2025-03-23 16:26:17.484 UTC: 	 Getting proxy life time left
DEBUG 2025-03-23 16:26:17.484 UTC: 	 Executing command :
 voms-proxy-info --actimeleft --timeleft --file /tmp/x509up_u180451
DEBUG 2025-03-23 16:26:17.866 UTC: 	 output : 655210
655210

 error: 
 retcode : 0
DEBUG 2025-03-23 16:26:17.867 UTC: 	 Proxy valid for 182:00:10 hours
DEBUG 2025-03-23 16:26:17.867 UTC: 	 Encoded data for curl request: subresource=delegatedn
DEBUG 2025-03-23 16:26:17.912 UTC: 	 Registering user credentials on myproxy for /DC=ch/DC=cern/OU=computers/CN=crab-(preprod|prod)-tw(01|02).cern.ch|/DC=ch/DC=cern/OU=computers/CN=crab-dev-tw(01|02|03|04).cern.ch|/DC=ch/DC=cern/OU=Organic Units/OU=Users/CN=cmscrab/CN=(817881|373708)/CN=Robot: cms crab|/DC=ch/DC=cern/OU=Organic Units/OU=Users/CN=crabint1/CN=373708/CN=Robot: CMS CRAB Integration 1
DEBUG 2025-03-23 16:26:17.912 UTC: 	 Executing command :
 voms-proxy-info --identity --file /tmp/x509up_u180451
DEBUG 2025-03-23 16:26:18.281 UTC: 	 output : /DC=ch/DC=cern/OU=Organic Units/OU=Users/CN=amalhotr/CN=884837/CN=Aryan Malhotra

 error: 
 retcode : 0
DEBUG 2025-03-23 16:26:18.281 UTC: 	 Getting myproxy life time left for 2382a3cf28fdeacb1de9b039908761ea517a5ed6
DEBUG 2025-03-23 16:26:18.281 UTC: 	 Executing command :
 myproxy-info -s myproxy.cern.ch -l 2382a3cf28fdeacb1de9b039908761ea517a5ed6
DEBUG 2025-03-23 16:26:18.580 UTC: 	 output : username: 2382a3cf28fdeacb1de9b039908761ea517a5ed6
owner: /DC=ch/DC=cern/OU=Organic Units/OU=Users/CN=amalhotr/CN=884837/CN=Aryan Malhotra
  renewal policy: /DC=ch/DC=cern/OU=computers/CN=crab-(preprod|prod)-tw(01|02).cern.ch|/DC=ch/DC=cern/OU=computers/CN=crab-dev-tw(01|02|03|04).cern.ch|/DC=ch/DC=cern/OU=Organic Units/OU=Users/CN=cmscrab/CN=(817881|373708)/CN=Robot: cms crab|/DC=ch/DC=cern/OU=Organic Units/OU=Users/CN=crabint1/CN=373708/CN=Robot: CMS CRAB Integration 1
  trusted retrieval policy: /DC=ch/DC=cern/OU=computers/CN=crab-(preprod|prod)-tw(01|02).cern.ch|/DC=ch/DC=cern/OU=computers/CN=crab-dev-tw(01|02|03|04).cern.ch|/DC=ch/DC=cern/OU=Organic Units/OU=Users/CN=cmscrab/CN=(817881|373708)/CN=Robot: cms crab|/DC=ch/DC=cern/OU=Organic Units/OU=Users/CN=crabint1/CN=373708/CN=Robot: CMS CRAB Integration 1
  timeleft: 611:54:00  (25.5 days)

 error: 
 retcode : 0
DEBUG 2025-03-23 16:26:18.581 UTC: 	 Myproxy is valid: 2202840
DEBUG 2025-03-23 16:26:18.581 UTC: 	 Result of myproxy credential check:
  Credential exists on myproxy: username: 2382a3cf28fdeacb1de9b039908761ea517a5ed6  - validity: 25 days, 11:54:00
DEBUG 2025-03-23 16:26:18.581 UTC: 	 Retrieving username ...
DEBUG 2025-03-23 16:26:18.581 UTC: 	 Retrieving username from CRIC...
DEBUG 2025-03-23 16:26:19.354 UTC: 	 username is amalhotr
INFO 2025-03-23 16:26:19.879 UTC: 	 Rucio client intialized for account amalhotr
DEBUG 2025-03-23 16:26:19.879 UTC: 	 Command use: status
DEBUG 2025-03-23 16:26:19.879 UTC: 	 Options use: ['-d', './crab_DYto2Mu4Jets_Unpacker_Large']
DEBUG 2025-03-23 16:26:19.879 UTC: 	 Encoded data for curl request: subresource=version
DEBUG 2025-03-23 16:26:19.917 UTC: 	 CRABClient version: v3.250318
DEBUG 2025-03-23 16:26:19.917 UTC: 	 Instance is prod
DEBUG 2025-03-23 16:26:19.917 UTC: 	 Server base url is cmsweb.cern.ch
DEBUG 2025-03-23 16:26:19.917 UTC: 	 Command api workflow
DEBUG 2025-03-23 16:26:19.917 UTC: 	 Encoded data for curl request: subresource=search&workflow=250323_060454%3Aamalhotr_crab_DYto2Mu4Jets_Unpacker_Large
DEBUG 2025-03-23 16:26:19.961 UTC: 	 Got information from server oracle database: {'desc': {'columns': ['tm_taskname', 'tm_activity', 'tm_task_status', 'tm_task_command', 'tm_start_time', 'tm_start_injection', 'tm_end_injection', 'tm_task_failure', 'tm_job_sw', 'tm_job_arch', 'tm_input_dataset', 'tm_nonvalid_input_dataset', 'tm_use_parent', 'tm_site_whitelist', 'tm_site_blacklist', 'tm_split_algo', 'tm_split_args', 'tm_user_sandbox', 'tm_cache_url', 'tm_username', 'tm_user_dn', 'tm_user_vo', 'tm_user_role', 'tm_user_group', 'tm_publish_name', 'tm_publish_groupname', 'tm_asyncdest', 'tm_dbs_url', 'tm_publish_dbs_url', 'tm_publication', 'tm_outfiles', 'tm_tfile_outfiles', 'tm_edm_outfiles', 'tm_job_type', 'tm_generator', 'tm_events_per_lumi', 'tm_arguments', 'tm_save_logs', 'tw_name', 'tm_user_infiles', 'tm_maxjobruntime', 'tm_numcores', 'tm_maxmemory', 'tm_priority', 'tm_output_dataset', 'tm_task_warnings', 'tm_user_webdir', 'tm_scriptexe', 'tm_scriptargs', 'tm_extrajdl', 'tm_collector', 'tm_schedd', 'tm_dry_run', 'tm_user_files', 'tm_transfer_outputs', 'tm_output_lfn', 'tm_ignore_locality', 'tm_fail_limit', 'tm_one_event_mode', 'tm_secondary_input_dataset', 'tm_primary_dataset', 'tm_last_publication', 'tm_debug_files', 'clusterid', 'tm_ignore_global_blacklist', 'tm_submitter_ip_addr', 'tm_totalunits', 'tm_ddm_reqid', 'tm_user_config', 'tm_transfer_container', 'tm_transfer_rule', 'tm_publish_rule', 'tm_multipub_rule', 'tm_job_min_microarch']}, 'result': ['250323_060454:amalhotr_crab_DYto2Mu4Jets_Unpacker_Large', 'None', 'SUBMITTED', 'SUBMIT', '2025-03-23 06:04:55.506480', 'None', '2025-03-23 06:06:35.392815', 'None', 'CMSSW_14_0_18_patch1', 'el9_amd64_gcc12', '/DYto2Mu-4Jets_Bin-MLL-50_TuneCP5_13p6TeV_madgraphMLM-pythia8/RunIII2024Summer24MiniAOD-140X_mcRun3_2024_realistic_v26-v2/MINIAODSIM', 'F', '0', '[]', '[]', 'FileBased', "{'halt_job_on_file_boundaries': False, 'splitOnRun': False, 'files_per_job': 5, 'runs': [], 'lumis': []}", '3347ab5ebddcbcf20e5a549cff91c4ac4d53283ca301d10bc07120adeaa8b0f2.tar.gz', 'https://cmsweb.cern.ch/S3/crabcache_prod', 'amalhotr', '/DC=ch/DC=cern/OU=Organic Units/OU=Users/CN=amalhotr/CN=884837/CN=Aryan Malhotra', 'cms', 'None', 'None', 'DYto2Mu4Jets_Unpacker_Large-00000000000000000000000000000000', 'F', 'T3_CH_CERNBOX', 'https://cmsweb.cern.ch/dbs/prod/global/DBSReader', 'https://cmsweb.cern.ch/dbs/prod/phys03/DBSWriter', 'T', '[]', '[]', "['HLTUnpackerOutputLarge.root']", 'Analysis', 'pythia', 'None', '{}', 'T', 'crab-prod-tw01', '[]', '1250', '1', '2000', '10', "['/DYto2Mu-4Jets_Bin-MLL-50_TuneCP5_13p6TeV_madgraphMLM-pythia8/amalhotr-DYto2Mu4Jets_Unpacker_Large-49feb6938084587a06052f9676570a55/USER']", '[]', 'http://vocms0198.cern.ch/mon/amalhotr/250323_060454:amalhotr_crab_DYto2Mu4Jets_Unpacker_Large', 'None', '[]', '[]', 'cmsgwms-collector-global.cern.ch:9620,cmsgwms-collector-global.fnal.gov:9620', 'crab3@vocms0198.cern.ch', 'F', '[]', 'T', '/store/user/amalhotr/', 'F', 'None', 'F', 'None', 'DYto2Mu-4Jets_Bin-MLL-50_TuneCP5_13p6TeV_madgraphMLM-pythia8', 'None', '092c95d3b1ed17d5c8f35311372fbafe5aae77e928c0bec78cce9935847f1e25.tar.gz', '113626991', 'F', '188.184.73.32', '75.0', 'None', '{"partialdataset": false, "requireaccelerator": false, "acceleratorparams": null, "inputblocks": null}', 'None', 'None', 'None', 'None', 'any']}
INFO 2025-03-23 16:26:19.961 UTC: 	 CRAB project directory:		/afs/cern.ch/user/a/amalhotr/CMSSW_14_0_18_patch1/src/Run3ScoutingAnalysisTools/crab_DYto2Mu4Jets_Unpacker_Large
INFO 2025-03-23 16:26:19.961 UTC: 	 Task name:			250323_060454:amalhotr_crab_DYto2Mu4Jets_Unpacker_Large
INFO 2025-03-23 16:26:19.961 UTC: 	 Grid scheduler - Task Worker:	crab3@vocms0198.cern.ch - crab-prod-tw01
INFO 2025-03-23 16:26:19.962 UTC: 	 Status on the CRAB server:	SUBMITTED
INFO 2025-03-23 16:26:19.962 UTC: 	 Task URL to use for HELP:	https://cmsweb.cern.ch/crabserver/ui/task/250323_060454%3Aamalhotr_crab_DYto2Mu4Jets_Unpacker_Large
INFO 2025-03-23 16:26:19.969 UTC: 	 Dashboard monitoring URL:	https://monit-grafana.cern.ch/d/cmsTMDetail/cms-task-monitoring-task-view?orgId=11&var-user=amalhotr&var-task=250323_060454%3Aamalhotr_crab_DYto2Mu4Jets_Unpacker_Large&from=1742706295000&to=now
DEBUG 2025-03-23 16:26:19.969 UTC: 	 The CRAB server submitted your task to the Grid scheduler (cluster ID: 113626991)
DEBUG 2025-03-23 16:26:19.969 UTC: 	 Webdir is located at http://vocms0198.cern.ch/mon/amalhotr/250323_060454:amalhotr_crab_DYto2Mu4Jets_Unpacker_Large
DEBUG 2025-03-23 16:26:19.969 UTC: 	 Encoded data for curl request: subresource=webdirprx&workflow=250323_060454%3Aamalhotr_crab_DYto2Mu4Jets_Unpacker_Large
DEBUG 2025-03-23 16:26:20.029 UTC: 	 Proxied webdir is located at https://cmsweb.cern.ch:8443/scheddmon/0198/amalhotr/250323_060454:amalhotr_crab_DYto2Mu4Jets_Unpacker_Large
DEBUG 2025-03-23 16:26:20.030 UTC: 	 Retrieving 'status_cache' file from https://cmsweb.cern.ch:8443/scheddmon/0198/amalhotr/250323_060454:amalhotr_crab_DYto2Mu4Jets_Unpacker_Large/status_cache.pkl
DEBUG 2025-03-23 16:26:20.030 UTC: 	 Will execute:
curl -sS --capath /etc/grid-security/certificates --cert /tmp/x509up_u180451 --key /tmp/x509up_u180451 -o /tmp/crab_status-cache-tp3pa8hf.pkl -w %"{http_code}" "https://cmsweb.cern.ch:8443/scheddmon/0198/amalhotr/250323_060454:amalhotr_crab_DYto2Mu4Jets_Unpacker_Large/status_cache.pkl"
DEBUG 2025-03-23 16:26:20.030 UTC: 	 Executing command :
 curl -sS --capath /etc/grid-security/certificates --cert /tmp/x509up_u180451 --key /tmp/x509up_u180451 -o /tmp/crab_status-cache-tp3pa8hf.pkl -w %"{http_code}" "https://cmsweb.cern.ch:8443/scheddmon/0198/amalhotr/250323_060454:amalhotr_crab_DYto2Mu4Jets_Unpacker_Large/status_cache.pkl"
DEBUG 2025-03-23 16:26:21.820 UTC: 	 output : 200
 error: 
 retcode : 0
DEBUG 2025-03-23 16:26:21.820 UTC: 	 exitcode: 0
stdout: 200
stderr: 
error details: 
DEBUG 2025-03-23 16:26:21.820 UTC: 	 Got information from status cache file: {'6': {'Retries': 0, 'Restarts': 0, 'SiteHistory': ['Unknown', 'T2_US_Vanderbilt', 'T2_US_Vanderbilt'], 'ResidentSetSize': [1076184], 'SubmitTimes': [1742710065.0], 'StartTimes': [1742710306.0], 'EndTimes': [1742710781.0], 'TotalUserCpuTimeHistory': [133], 'TotalSysCpuTimeHistory': [9], 'WallDurations': [8.0, 119.46214818954468, 475.0], 'JobIds': ['113627002.0'], 'State': 'finished', 'RecordedSite': True}, '11': {'Retries': 0, 'Restarts': 0, 'SiteHistory': ['Unknown', 'T1_US_FNAL', 'T1_US_FNAL'], 'ResidentSetSize': [1419952], 'SubmitTimes': [1742710065.0], 'StartTimes': [1742710240.0], 'EndTimes': [1742713655.0], 'TotalUserCpuTimeHistory': [2331], 'TotalSysCpuTimeHistory': [371], 'WallDurations': [9.0, 185.46214818954468, 3415.0], 'JobIds': ['113627003.0'], 'State': 'finished', 'RecordedSite': True}, '13': {'Retries': 0, 'Restarts': 0, 'SiteHistory': ['Unknown', 'T1_US_FNAL', 'T1_US_FNAL'], 'ResidentSetSize': [1436960], 'SubmitTimes': [1742710065.0], 'StartTimes': [1742710239.0], 'EndTimes': [1742713670.0], 'TotalUserCpuTimeHistory': [2180], 'TotalSysCpuTimeHistory': [330], 'WallDurations': [10.0, 186.46214818954468, 3431.0], 'JobIds': ['113627004.0'], 'State': 'finished', 'RecordedSite': True}, '9': {'Retries': 0, 'Restarts': 0, 'SiteHistory': ['Unknown', 'T2_US_Vanderbilt', 'T2_US_Vanderbilt'], 'ResidentSetSize': [802440], 'SubmitTimes': [1742710065.0], 'StartTimes': [1742710306.0], 'EndTimes': [1742710978.0], 'TotalUserCpuTimeHistory': [298], 'TotalSysCpuTimeHistory': [20], 'WallDurations': [9.0, 119.46214818954468, 672.0], 'JobIds': ['113627005.0'], 'State': 'finished', 'RecordedSite': True}, '12': {'Retries': 0, 'Restarts': 0, 'SiteHistory': ['Unknown', 'T1_UK_RAL', 'T1_UK_RAL'], 'ResidentSetSize': [1343124], 'SubmitTimes': [1742710065.0], 'StartTimes': [1742710238.0], 'EndTimes': [1742714789.0], 'TotalUserCpuTimeHistory': [1373], 'TotalSysCpuTimeHistory': [386], 'WallDurations': [8.0, 187.46214818954468, 4551.0], 'JobIds': ['113627006.0'], 'State': 'finished', 'RecordedSite': True}, '8': {'Retries': 0, 'Restarts': 0, 'SiteHistory': ['Unknown', 'T2_US_Vanderbilt', 'T2_US_Vanderbilt'], 'ResidentSetSize': [777192], 'SubmitTimes': [1742710065.0], 'StartTimes': [1742710307.0], 'EndTimes': [1742710955.0], 'TotalUserCpuTimeHistory': [261], 'TotalSysCpuTimeHistory': [12], 'WallDurations': [8.0, 118.46214818954468, 648.0], 'JobIds': ['113627007.0'], 'State': 'finished', 'RecordedSite': True}, '4': {'Retries': 0, 'Restarts': 0, 'SiteHistory': ['Unknown', 'T2_US_Vanderbilt', 'T2_US_Vanderbilt'], 'ResidentSetSize': [947240], 'SubmitTimes': [1742710065.0], 'StartTimes': [1742710308.0], 'EndTimes': [1742717140.0], 'TotalUserCpuTimeHistory': [2165], 'TotalSysCpuTimeHistory': [126], 'WallDurations': [8.0, 117.46214818954468, 6832.0], 'JobIds': ['113627008.0'], 'State': 'finished', 'RecordedSite': True}, '3': {'Retries': 0, 'Restarts': 0, 'SiteHistory': ['Unknown', 'T2_US_Vanderbilt', 'T2_US_Vanderbilt'], 'ResidentSetSize': [1286504], 'SubmitTimes': [1742710065.0], 'StartTimes': [1742710306.0], 'EndTimes': [1742712563.0], 'TotalUserCpuTimeHistory': [1309], 'TotalSysCpuTimeHistory': [94], 'WallDurations': [9.0, 119.46214818954468, 2257.0], 'JobIds': ['113627009.0'], 'State': 'finished', 'RecordedSite': True}, '18': {'Retries': 0, 'Restarts': 0, 'SiteHistory': ['Unknown', 'T1_FR_CCIN2P3', 'T1_FR_CCIN2P3'], 'ResidentSetSize': [1268972], 'SubmitTimes': [1742710065.0], 'StartTimes': [1742710237.0], 'EndTimes': [1742712221.0], 'TotalUserCpuTimeHistory': [1079], 'TotalSysCpuTimeHistory': [339], 'WallDurations': [9.0, 188.46214818954468, 1984.0], 'JobIds': ['113627010.0'], 'State': 'finished', 'RecordedSite': True}, '2': {'Retries': 0, 'Restarts': 0, 'SiteHistory': ['Unknown', 'T1_ES_PIC', 'T1_ES_PIC'], 'ResidentSetSize': [1247448], 'SubmitTimes': [1742710065.0], 'StartTimes': [1742710239.0], 'EndTimes': [1742712766.0], 'TotalUserCpuTimeHistory': [1443], 'TotalSysCpuTimeHistory': [250], 'WallDurations': [9.0, 186.46214818954468, 2527.0], 'JobIds': ['113627011.0'], 'State': 'finished', 'RecordedSite': True}, '7': {'Retries': 0, 'Restarts': 0, 'SiteHistory': ['Unknown', 'T2_US_Vanderbilt', 'T2_US_Vanderbilt'], 'ResidentSetSize': [863816], 'SubmitTimes': [1742710065.0], 'StartTimes': [1742710306.0], 'EndTimes': [1742710966.0], 'TotalUserCpuTimeHistory': [269], 'TotalSysCpuTimeHistory': [15], 'WallDurations': [8.0, 119.46214818954468, 660.0], 'JobIds': ['113627012.0'], 'State': 'finished', 'RecordedSite': True}, '19': {'Retries': 0, 'Restarts': 0, 'SiteHistory': ['Unknown', 'T1_FR_CCIN2P3', 'T1_FR_CCIN2P3'], 'ResidentSetSize': [1165824], 'SubmitTimes': [1742710065.0], 'StartTimes': [1742710237.0], 'EndTimes': [1742711131.0], 'TotalUserCpuTimeHistory': [472], 'TotalSysCpuTimeHistory': [152], 'WallDurations': [9.0, 188.46214818954468, 894.0], 'JobIds': ['113627013.0'], 'State': 'finished', 'RecordedSite': True}, '14': {'Retries': 0, 'Restarts': 0, 'SiteHistory': ['Unknown', 'T1_UK_RAL', 'T1_UK_RAL'], 'ResidentSetSize': [1353096], 'SubmitTimes': [1742710066.0], 'StartTimes': [1742710237.0], 'EndTimes': [1742714922.0], 'TotalUserCpuTimeHistory': [1479], 'TotalSysCpuTimeHistory': [450], 'WallDurations': [10.0, 188.46214818954468, 4685.0], 'JobIds': ['113627014.0'], 'State': 'finished', 'RecordedSite': True}, '1': {'Retries': 0, 'Restarts': 0, 'SiteHistory': ['Unknown', 'T2_US_Vanderbilt', 'T2_US_Vanderbilt'], 'ResidentSetSize': [1260064], 'SubmitTimes': [1742710066.0], 'StartTimes': [1742710307.0], 'EndTimes': [1742712690.0], 'TotalUserCpuTimeHistory': [1434], 'TotalSysCpuTimeHistory': [67], 'WallDurations': [8.0, 118.46214818954468, 2383.0], 'JobIds': ['113627015.0'], 'State': 'finished', 'RecordedSite': True}, '17': {'Retries': 0, 'Restarts': 0, 'SiteHistory': ['Unknown', 'T1_US_FNAL', 'T1_US_FNAL'], 'ResidentSetSize': [1377252], 'SubmitTimes': [1742710066.0], 'StartTimes': [1742710240.0], 'EndTimes': [1742714286.0], 'TotalUserCpuTimeHistory': [2701], 'TotalSysCpuTimeHistory': [392], 'WallDurations': [10.0, 185.46214818954468, 4046.0], 'JobIds': ['113627016.0'], 'State': 'finished', 'RecordedSite': True}, '5': {'Retries': 0, 'Restarts': 0, 'SiteHistory': ['Unknown', 'T2_US_Vanderbilt', 'T2_US_Vanderbilt'], 'ResidentSetSize': [878040], 'SubmitTimes': [1742710066.0], 'StartTimes': [1742710307.0], 'EndTimes': [1742711819.0], 'TotalUserCpuTimeHistory': [826], 'TotalSysCpuTimeHistory': [44], 'WallDurations': [8.0, 118.46214818954468, 1512.0], 'JobIds': ['113627017.0'], 'State': 'finished', 'RecordedSite': True}, '15': {'Retries': 0, 'Restarts': 0, 'SiteHistory': ['Unknown', 'T1_UK_RAL', 'T1_UK_RAL'], 'ResidentSetSize': [1288332], 'SubmitTimes': [1742710066.0], 'StartTimes': [1742710238.0], 'EndTimes': [1742714538.0], 'TotalUserCpuTimeHistory': [1338], 'TotalSysCpuTimeHistory': [388], 'WallDurations': [9.0, 187.46214818954468, 4300.0], 'JobIds': ['113627018.0'], 'State': 'finished', 'RecordedSite': True}, '10': {'Retries': 0, 'Restarts': 0, 'SiteHistory': ['Unknown', 'T1_US_FNAL', 'T1_US_FNAL'], 'ResidentSetSize': [1363512], 'SubmitTimes': [1742710066.0], 'StartTimes': [1742710243.0], 'EndTimes': [1742714241.0], 'TotalUserCpuTimeHistory': [2361], 'TotalSysCpuTimeHistory': [655], 'WallDurations': [9.0, 182.46214818954468, 3998.0], 'JobIds': ['113627019.0'], 'State': 'finished', 'RecordedSite': True}, '21': {'Retries': 0, 'Restarts': 0, 'SiteHistory': ['Unknown', 'T1_UK_RAL', 'T1_UK_RAL'], 'ResidentSetSize': [1157532], 'SubmitTimes': [1742710066.0], 'StartTimes': [1742710238.0], 'EndTimes': [1742711502.0], 'TotalUserCpuTimeHistory': [419], 'TotalSysCpuTimeHistory': [119], 'WallDurations': [9.0, 187.46214818954468, 1264.0], 'JobIds': ['113627020.0'], 'State': 'finished', 'RecordedSite': True}, '16': {'Retries': 0, 'Restarts': 0, 'SiteHistory': ['Unknown', 'T1_US_FNAL', 'T1_US_FNAL'], 'ResidentSetSize': [1393648], 'SubmitTimes': [1742710066.0], 'StartTimes': [1742710239.0], 'EndTimes': [1742713661.0], 'TotalUserCpuTimeHistory': [2371], 'TotalSysCpuTimeHistory': [357], 'WallDurations': [10.0, 186.46214818954468, 3422.0], 'JobIds': ['113627021.0'], 'State': 'finished', 'RecordedSite': True}, '20': {'Retries': 0, 'Restarts': 0, 'SiteHistory': ['Unknown', 'T1_DE_KIT', 'T1_DE_KIT'], 'ResidentSetSize': [1225936], 'SubmitTimes': [1742710066.0], 'StartTimes': [1742710237.0], 'EndTimes': [1742711239.0], 'TotalUserCpuTimeHistory': [537], 'TotalSysCpuTimeHistory': [140], 'WallDurations': [10.0, 188.46214818954468, 1002.0], 'JobIds': ['113627022.0'], 'State': 'finished', 'RecordedSite': True}}
INFO 2025-03-23 16:26:21.820 UTC: 	 Status on the scheduler:	COMPLETED
INFO 2025-03-23 16:26:21.821 UTC: 	 
Jobs status:                    finished     		100.0% (21/21)
DEBUG 2025-03-23 16:26:21.821 UTC: 	 Encoded data for curl request: subresource=publicationstatus&workflow=250323_060454%3Aamalhotr_crab_DYto2Mu4Jets_Unpacker_Large&username=amalhotr
INFO 2025-03-23 16:26:22.533 UTC: 	 
Publication status of 1 dataset(s):	done         		100.0% (21/21)
(from CRAB internal bookkeeping in transferdb)
INFO 2025-03-23 16:26:22.534 UTC: 	 
Output dataset:			/DYto2Mu-4Jets_Bin-MLL-50_TuneCP5_13p6TeV_madgraphMLM-pythia8/amalhotr-DYto2Mu4Jets_Unpacker_Large-49feb6938084587a06052f9676570a55/USER
Output dataset DAS URL:		https://cmsweb.cern.ch/das/request?input=%2FDYto2Mu-4Jets_Bin-MLL-50_TuneCP5_13p6TeV_madgraphMLM-pythia8%2Famalhotr-DYto2Mu4Jets_Unpacker_Large-49feb6938084587a06052f9676570a55%2FUSER&instance=prod%2Fphys03
INFO 2025-03-23 16:26:22.534 UTC: 	 
Warning: the max jobs runtime is less than 30% of the task requested value (1250 min), please consider to request a lower value for failed jobs (allowed through crab resubmit) and/or improve the jobs splitting (e.g. config.Data.splitting = 'Automatic') in a new task.
INFO 2025-03-23 16:26:22.534 UTC: 	 
Summary of run jobs:
 * Memory: 783MB min, 1403MB max, 1159MB ave
 * Runtime: 0:07:55 min, 1:53:52 max, 0:43:37 ave
 * CPU eff: 30% min, 80% max, 57% ave
 * Waste: 0:59:26 (6% of total)

INFO 2025-03-23 16:26:22.537 UTC: 	 Log file is /afs/cern.ch/user/a/amalhotr/CMSSW_14_0_18_patch1/src/Run3ScoutingAnalysisTools/crab_DYto2Mu4Jets_Unpacker_Large/crab.log
DEBUG 2025-09-08 16:48:37.329 UTC: 	 CRAB Client version: v3.250820
DEBUG 2025-09-08 16:48:37.330 UTC: 	 Running on: Linux lxplus935.cern.ch 5.14.0-570.37.1.el9_6.x86_64 #1 SMP PREEMPT_DYNAMIC Sat Aug 16 01:10:00 EDT 2025 x86_64 x86_64 x86_64 GNU/Linux
DEBUG 2025-09-08 16:48:37.330 UTC: 	 Not using Singularity
DEBUG 2025-09-08 16:48:37.330 UTC: 	 Operating System: Red Hat Enterprise Linux 9.6 (Plow)
DEBUG 2025-09-08 16:48:37.330 UTC: 	 Executing command: 'kill'
DEBUG 2025-09-08 16:48:37.330 UTC: 	 Found CRAB cache file /afs/cern.ch/user/a/amalhotr/.crab3
DEBUG 2025-09-08 16:48:37.427 UTC: 	 Checking credentials
DEBUG 2025-09-08 16:48:37.427 UTC: 	 Found proxy file /tmp/x509up_u180451
DEBUG 2025-09-08 16:48:37.427 UTC: 	 Making sure it has proper VOMS extension
DEBUG 2025-09-08 16:48:37.427 UTC: 	 Executing command :
 voms-proxy-info --vo --file /tmp/x509up_u180451
DEBUG 2025-09-08 16:48:37.459 UTC: 	 output : cms

 error: 
 retcode : 0
DEBUG 2025-09-08 16:48:37.459 UTC: 	 Getting proxy life time left
DEBUG 2025-09-08 16:48:37.459 UTC: 	 Executing command :
 voms-proxy-info --actimeleft --timeleft --file /tmp/x509up_u180451
DEBUG 2025-09-08 16:48:37.487 UTC: 	 output : 690785
690785

 error: 
 retcode : 0
DEBUG 2025-09-08 16:48:37.487 UTC: 	 Proxy valid for 191:53:05 hours
DEBUG 2025-09-08 16:48:37.488 UTC: 	 Encoded data for curl request: subresource=delegatedn
DEBUG 2025-09-08 16:48:37.543 UTC: 	 Registering user credentials on myproxy for /DC=ch/DC=cern/OU=computers/CN=crab-(preprod|prod)-tw(01|02).cern.ch|/DC=ch/DC=cern/OU=computers/CN=crab-dev-tw(01|02|03|04).cern.ch|/DC=ch/DC=cern/OU=Organic Units/OU=Users/CN=cmscrab/CN=(817881|373708)/CN=Robot: cms crab|/DC=ch/DC=cern/OU=Organic Units/OU=Users/CN=crabint1/CN=373708/CN=Robot: CMS CRAB Integration 1
DEBUG 2025-09-08 16:48:37.543 UTC: 	 Executing command :
 voms-proxy-info --identity --file /tmp/x509up_u180451
DEBUG 2025-09-08 16:48:37.581 UTC: 	 output : /DC=ch/DC=cern/OU=Organic Units/OU=Users/CN=amalhotr/CN=884837/CN=Aryan Malhotra

 error: 
 retcode : 0
DEBUG 2025-09-08 16:48:37.581 UTC: 	 Getting myproxy life time left for 2382a3cf28fdeacb1de9b039908761ea517a5ed6
DEBUG 2025-09-08 16:48:37.581 UTC: 	 Executing command :
 myproxy-info -s myproxy.cern.ch -l 2382a3cf28fdeacb1de9b039908761ea517a5ed6
DEBUG 2025-09-08 16:48:37.872 UTC: 	 output : username: 2382a3cf28fdeacb1de9b039908761ea517a5ed6
owner: /DC=ch/DC=cern/OU=Organic Units/OU=Users/CN=amalhotr/CN=884837/CN=Aryan Malhotra
  renewal policy: /DC=ch/DC=cern/OU=computers/CN=crab-(preprod|prod)-tw(01|02).cern.ch|/DC=ch/DC=cern/OU=computers/CN=crab-dev-tw(01|02|03|04).cern.ch|/DC=ch/DC=cern/OU=Organic Units/OU=Users/CN=cmscrab/CN=(817881|373708)/CN=Robot: cms crab|/DC=ch/DC=cern/OU=Organic Units/OU=Users/CN=crabint1/CN=373708/CN=Robot: CMS CRAB Integration 1
  trusted retrieval policy: /DC=ch/DC=cern/OU=computers/CN=crab-(preprod|prod)-tw(01|02).cern.ch|/DC=ch/DC=cern/OU=computers/CN=crab-dev-tw(01|02|03|04).cern.ch|/DC=ch/DC=cern/OU=Organic Units/OU=Users/CN=cmscrab/CN=(817881|373708)/CN=Robot: cms crab|/DC=ch/DC=cern/OU=Organic Units/OU=Users/CN=crabint1/CN=373708/CN=Robot: CMS CRAB Integration 1
  timeleft: 719:56:06  (30.0 days)

 error: 
 retcode : 0
DEBUG 2025-09-08 16:48:37.872 UTC: 	 Myproxy is valid: 2591760
DEBUG 2025-09-08 16:48:37.872 UTC: 	 Result of myproxy credential check:
  Credential exists on myproxy: username: 2382a3cf28fdeacb1de9b039908761ea517a5ed6  - validity: 29 days, 23:56:00
DEBUG 2025-09-08 16:48:37.872 UTC: 	 Command use: kill
DEBUG 2025-09-08 16:48:37.872 UTC: 	 Options use: ['-d', 'crab_DYto2Mu4Jets_Unpacker_Large']
DEBUG 2025-09-08 16:48:37.873 UTC: 	 Encoded data for curl request: subresource=version
DEBUG 2025-09-08 16:48:37.934 UTC: 	 CRABClient version: v3.250820
DEBUG 2025-09-08 16:48:37.934 UTC: 	 Instance is prod
DEBUG 2025-09-08 16:48:37.934 UTC: 	 Server base url is cmsweb.cern.ch
DEBUG 2025-09-08 16:48:37.934 UTC: 	 Command api workflow
DEBUG 2025-09-08 16:48:37.934 UTC: 	 Killing task 250323_060454:amalhotr_crab_DYto2Mu4Jets_Unpacker_Large
DEBUG 2025-09-08 16:48:37.934 UTC: 	 Encoded data for curl request: workflow=250323_060454%3Aamalhotr_crab_DYto2Mu4Jets_Unpacker_Large
DEBUG 2025-09-08 16:48:37.996 UTC: 	 Result: {'desc': {'columns': ['tm_taskname', 'tm_task_status', 'tm_task_command', 'tm_user_role', 'tm_user_group', 'tm_task_failure', 'tm_split_algo', 'tm_split_args', 'tm_save_logs', 'tm_username', 'tm_user_dn', 'tm_arguments', 'tm_input_dataset', 'tm_dbs_url', 'tm_task_warnings', 'tm_publication', 'tm_user_webdir', 'tm_output_dataset', 'tm_collector', 'tm_schedd', 'tm_dry_run', 'clusterid', 'tm_start_time', 'tw_name', 'tm_dagman_status', 'tm_num_jobs', 'tm_uploaded']}, 'result': [{'result': 'ok'}]}
INFO 2025-09-08 16:48:37.996 UTC: 	 Kill request successfully sent
INFO 2025-09-08 16:48:38.095 UTC: 	 Log file is /afs/cern.ch/user/a/amalhotr/CMSSW_14_0_18_patch1/src/Run3ScoutingAnalysisTools/crab_DYto2Mu4Jets_Unpacker_Large/crab.log
DEBUG 2025-09-08 16:56:16.151 UTC: 	 CRAB Client version: v3.250820
DEBUG 2025-09-08 16:56:16.152 UTC: 	 Running on: Linux lxplus935.cern.ch 5.14.0-570.37.1.el9_6.x86_64 #1 SMP PREEMPT_DYNAMIC Sat Aug 16 01:10:00 EDT 2025 x86_64 x86_64 x86_64 GNU/Linux
DEBUG 2025-09-08 16:56:16.152 UTC: 	 Not using Singularity
DEBUG 2025-09-08 16:56:16.152 UTC: 	 Operating System: Red Hat Enterprise Linux 9.6 (Plow)
DEBUG 2025-09-08 16:56:16.152 UTC: 	 Executing command: 'kill'
DEBUG 2025-09-08 16:56:16.152 UTC: 	 Found CRAB cache file /afs/cern.ch/user/a/amalhotr/.crab3
DEBUG 2025-09-08 16:56:16.206 UTC: 	 Checking credentials
DEBUG 2025-09-08 16:56:16.207 UTC: 	 Found proxy file /tmp/x509up_u180451
DEBUG 2025-09-08 16:56:16.207 UTC: 	 Making sure it has proper VOMS extension
DEBUG 2025-09-08 16:56:16.207 UTC: 	 Executing command :
 voms-proxy-info --vo --file /tmp/x509up_u180451
DEBUG 2025-09-08 16:56:16.238 UTC: 	 output : cms

 error: 
 retcode : 0
DEBUG 2025-09-08 16:56:16.238 UTC: 	 Getting proxy life time left
DEBUG 2025-09-08 16:56:16.238 UTC: 	 Executing command :
 voms-proxy-info --actimeleft --timeleft --file /tmp/x509up_u180451
DEBUG 2025-09-08 16:56:16.268 UTC: 	 output : 690326
690326

 error: 
 retcode : 0
DEBUG 2025-09-08 16:56:16.269 UTC: 	 Proxy valid for 191:45:26 hours
DEBUG 2025-09-08 16:56:16.269 UTC: 	 Encoded data for curl request: subresource=delegatedn
DEBUG 2025-09-08 16:56:16.316 UTC: 	 Registering user credentials on myproxy for /DC=ch/DC=cern/OU=computers/CN=crab-(preprod|prod)-tw(01|02).cern.ch|/DC=ch/DC=cern/OU=computers/CN=crab-dev-tw(01|02|03|04).cern.ch|/DC=ch/DC=cern/OU=Organic Units/OU=Users/CN=cmscrab/CN=(817881|373708)/CN=Robot: cms crab|/DC=ch/DC=cern/OU=Organic Units/OU=Users/CN=crabint1/CN=373708/CN=Robot: CMS CRAB Integration 1
DEBUG 2025-09-08 16:56:16.316 UTC: 	 Executing command :
 voms-proxy-info --identity --file /tmp/x509up_u180451
DEBUG 2025-09-08 16:56:16.343 UTC: 	 output : /DC=ch/DC=cern/OU=Organic Units/OU=Users/CN=amalhotr/CN=884837/CN=Aryan Malhotra

 error: 
 retcode : 0
DEBUG 2025-09-08 16:56:16.343 UTC: 	 Getting myproxy life time left for 2382a3cf28fdeacb1de9b039908761ea517a5ed6
DEBUG 2025-09-08 16:56:16.343 UTC: 	 Executing command :
 myproxy-info -s myproxy.cern.ch -l 2382a3cf28fdeacb1de9b039908761ea517a5ed6
DEBUG 2025-09-08 16:56:16.656 UTC: 	 output : username: 2382a3cf28fdeacb1de9b039908761ea517a5ed6
owner: /DC=ch/DC=cern/OU=Organic Units/OU=Users/CN=amalhotr/CN=884837/CN=Aryan Malhotra
  renewal policy: /DC=ch/DC=cern/OU=computers/CN=crab-(preprod|prod)-tw(01|02).cern.ch|/DC=ch/DC=cern/OU=computers/CN=crab-dev-tw(01|02|03|04).cern.ch|/DC=ch/DC=cern/OU=Organic Units/OU=Users/CN=cmscrab/CN=(817881|373708)/CN=Robot: cms crab|/DC=ch/DC=cern/OU=Organic Units/OU=Users/CN=crabint1/CN=373708/CN=Robot: CMS CRAB Integration 1
  trusted retrieval policy: /DC=ch/DC=cern/OU=computers/CN=crab-(preprod|prod)-tw(01|02).cern.ch|/DC=ch/DC=cern/OU=computers/CN=crab-dev-tw(01|02|03|04).cern.ch|/DC=ch/DC=cern/OU=Organic Units/OU=Users/CN=cmscrab/CN=(817881|373708)/CN=Robot: cms crab|/DC=ch/DC=cern/OU=Organic Units/OU=Users/CN=crabint1/CN=373708/CN=Robot: CMS CRAB Integration 1
  timeleft: 719:48:27  (30.0 days)

 error: 
 retcode : 0
DEBUG 2025-09-08 16:56:16.656 UTC: 	 Myproxy is valid: 2591280
DEBUG 2025-09-08 16:56:16.656 UTC: 	 Result of myproxy credential check:
  Credential exists on myproxy: username: 2382a3cf28fdeacb1de9b039908761ea517a5ed6  - validity: 29 days, 23:48:00
DEBUG 2025-09-08 16:56:16.657 UTC: 	 Command use: kill
DEBUG 2025-09-08 16:56:16.657 UTC: 	 Options use: ['-d', 'crab_DYto2Mu4Jets_Unpacker_Large']
DEBUG 2025-09-08 16:56:16.657 UTC: 	 Encoded data for curl request: subresource=version
DEBUG 2025-09-08 16:56:16.703 UTC: 	 CRABClient version: v3.250820
DEBUG 2025-09-08 16:56:16.703 UTC: 	 Instance is prod
DEBUG 2025-09-08 16:56:16.703 UTC: 	 Server base url is cmsweb.cern.ch
DEBUG 2025-09-08 16:56:16.703 UTC: 	 Command api workflow
DEBUG 2025-09-08 16:56:16.703 UTC: 	 Killing task 250323_060454:amalhotr_crab_DYto2Mu4Jets_Unpacker_Large
DEBUG 2025-09-08 16:56:16.704 UTC: 	 Encoded data for curl request: workflow=250323_060454%3Aamalhotr_crab_DYto2Mu4Jets_Unpacker_Large
DEBUG 2025-09-08 16:56:16.763 UTC: 	 Result: {'desc': {'columns': ['tm_taskname', 'tm_task_status', 'tm_task_command', 'tm_user_role', 'tm_user_group', 'tm_task_failure', 'tm_split_algo', 'tm_split_args', 'tm_save_logs', 'tm_username', 'tm_user_dn', 'tm_arguments', 'tm_input_dataset', 'tm_dbs_url', 'tm_task_warnings', 'tm_publication', 'tm_user_webdir', 'tm_output_dataset', 'tm_collector', 'tm_schedd', 'tm_dry_run', 'clusterid', 'tm_start_time', 'tw_name', 'tm_dagman_status', 'tm_num_jobs', 'tm_uploaded']}, 'result': [{'result': 'ok'}]}
INFO 2025-09-08 16:56:16.764 UTC: 	 Kill request successfully sent
INFO 2025-09-08 16:56:16.765 UTC: 	 Log file is /afs/cern.ch/user/a/amalhotr/CMSSW_14_0_18_patch1/src/Run3ScoutingAnalysisTools/crab_DYto2Mu4Jets_Unpacker_Large/crab.log
