DEBUG 2025-05-16 03:24:38.861 UTC: 	 CRAB Client version: v3.250409
DEBUG 2025-05-16 03:24:38.861 UTC: 	 Running on: Linux lxplus982.cern.ch 5.14.0-503.35.1.el9_5.x86_64 #1 SMP PREEMPT_DYNAMIC Mon Mar 24 11:15:27 EDT 2025 x86_64 x86_64 x86_64 GNU/Linux
DEBUG 2025-05-16 03:24:38.861 UTC: 	 Not using Singularity
DEBUG 2025-05-16 03:24:38.861 UTC: 	 Operating System: Red Hat Enterprise Linux 9.5 (Plow)
DEBUG 2025-05-16 03:24:38.861 UTC: 	 Executing command: 'submit'
DEBUG 2025-05-16 03:24:38.861 UTC: 	 Found CRAB cache file /afs/cern.ch/user/a/amalhotr/.crab3
INFO 2025-05-16 03:24:38.878 UTC: 	 Will use CRAB configuration file chainedCrabConfig.py
DEBUG 2025-05-16 03:24:38.878 UTC: 	 Loading CRAB configuration file.
DEBUG 2025-05-16 03:24:39.010 UTC: 	 Will use CRAB plugin ANALYSIS (i.e. will run an analysis job type).
DEBUG 2025-05-16 03:24:39.016 UTC: 	 Checking credentials
DEBUG 2025-05-16 03:24:39.016 UTC: 	 Found proxy file /tmp/x509up_u180451
DEBUG 2025-05-16 03:24:39.017 UTC: 	 Making sure it has proper VOMS extension
DEBUG 2025-05-16 03:24:39.017 UTC: 	 Executing command :
 voms-proxy-info --vo --file /tmp/x509up_u180451
DEBUG 2025-05-16 03:24:39.392 UTC: 	 output : cms

 error: 
 retcode : 0
DEBUG 2025-05-16 03:24:39.392 UTC: 	 Getting proxy life time left
DEBUG 2025-05-16 03:24:39.392 UTC: 	 Executing command :
 voms-proxy-info --actimeleft --timeleft --file /tmp/x509up_u180451
DEBUG 2025-05-16 03:24:39.761 UTC: 	 output : 690919
690919

 error: 
 retcode : 0
DEBUG 2025-05-16 03:24:39.762 UTC: 	 Proxy valid for 191:55:19 hours
DEBUG 2025-05-16 03:24:39.762 UTC: 	 Encoded data for curl request: subresource=delegatedn
DEBUG 2025-05-16 03:24:39.943 UTC: 	 Registering user credentials on myproxy for /DC=ch/DC=cern/OU=computers/CN=crab-(preprod|prod)-tw(01|02).cern.ch|/DC=ch/DC=cern/OU=computers/CN=crab-dev-tw(01|02|03|04).cern.ch|/DC=ch/DC=cern/OU=Organic Units/OU=Users/CN=cmscrab/CN=(817881|373708)/CN=Robot: cms crab|/DC=ch/DC=cern/OU=Organic Units/OU=Users/CN=crabint1/CN=373708/CN=Robot: CMS CRAB Integration 1
DEBUG 2025-05-16 03:24:39.944 UTC: 	 Executing command :
 voms-proxy-info --identity --file /tmp/x509up_u180451
DEBUG 2025-05-16 03:24:40.308 UTC: 	 output : /DC=ch/DC=cern/OU=Organic Units/OU=Users/CN=amalhotr/CN=884837/CN=Aryan Malhotra

 error: 
 retcode : 0
DEBUG 2025-05-16 03:24:40.308 UTC: 	 Getting myproxy life time left for 2382a3cf28fdeacb1de9b039908761ea517a5ed6
DEBUG 2025-05-16 03:24:40.308 UTC: 	 Executing command :
 myproxy-info -s myproxy.cern.ch -l 2382a3cf28fdeacb1de9b039908761ea517a5ed6
DEBUG 2025-05-16 03:24:40.591 UTC: 	 output : username: 2382a3cf28fdeacb1de9b039908761ea517a5ed6
owner: /DC=ch/DC=cern/OU=Organic Units/OU=Users/CN=amalhotr/CN=884837/CN=Aryan Malhotra
  renewal policy: /DC=ch/DC=cern/OU=computers/CN=crab-(preprod|prod)-tw(01|02).cern.ch|/DC=ch/DC=cern/OU=computers/CN=crab-dev-tw(01|02|03|04).cern.ch|/DC=ch/DC=cern/OU=Organic Units/OU=Users/CN=cmscrab/CN=(817881|373708)/CN=Robot: cms crab|/DC=ch/DC=cern/OU=Organic Units/OU=Users/CN=crabint1/CN=373708/CN=Robot: CMS CRAB Integration 1
  trusted retrieval policy: /DC=ch/DC=cern/OU=computers/CN=crab-(preprod|prod)-tw(01|02).cern.ch|/DC=ch/DC=cern/OU=computers/CN=crab-dev-tw(01|02|03|04).cern.ch|/DC=ch/DC=cern/OU=Organic Units/OU=Users/CN=cmscrab/CN=(817881|373708)/CN=Robot: cms crab|/DC=ch/DC=cern/OU=Organic Units/OU=Users/CN=crabint1/CN=373708/CN=Robot: CMS CRAB Integration 1
  timeleft: 699:28:53  (29.1 days)

 error: 
 retcode : 0
DEBUG 2025-05-16 03:24:40.591 UTC: 	 Myproxy is valid: 2518080
DEBUG 2025-05-16 03:24:40.591 UTC: 	 Result of myproxy credential check:
  Credential exists on myproxy: username: 2382a3cf28fdeacb1de9b039908761ea517a5ed6  - validity: 29 days, 3:28:00
DEBUG 2025-05-16 03:24:40.591 UTC: 	 Command use: submit
DEBUG 2025-05-16 03:24:40.591 UTC: 	 Options use: ['-c', 'chainedCrabConfig.py']
DEBUG 2025-05-16 03:24:40.591 UTC: 	 Encoded data for curl request: subresource=version
DEBUG 2025-05-16 03:24:40.628 UTC: 	 CRABClient version: v3.250409
DEBUG 2025-05-16 03:24:40.628 UTC: 	 Instance is prod
DEBUG 2025-05-16 03:24:40.628 UTC: 	 Server base url is cmsweb.cern.ch
DEBUG 2025-05-16 03:24:40.628 UTC: 	 Command api workflow
DEBUG 2025-05-16 03:24:40.628 UTC: 	 Started submission
DEBUG 2025-05-16 03:24:40.628 UTC: 	 Working on /afs/cern.ch/user/a/amalhotr/CMSSW_14_0_18_patch1/src/Run3ScoutingAnalysisTools/crab_DY2Mu4Jets_ScoutingTree_CombinedChain_All_v5
DEBUG 2025-05-16 03:24:40.628 UTC: 	 Encoded data for curl request: subresource=backendurls
DEBUG 2025-05-16 03:24:40.696 UTC: 	 Loading required information from the environment
DEBUG 2025-05-16 03:24:40.696 UTC: 	 Found CMSSW_14_0_18_patch1 for el9_amd64_gcc12 with base /afs/cern.ch/user/a/amalhotr/CMSSW_14_0_18_patch1
DEBUG 2025-05-16 03:24:40.696 UTC: 	 Loading required information from the environment
DEBUG 2025-05-16 03:24:40.697 UTC: 	 Found CMSSW_14_0_18_patch1 for el9_amd64_gcc12 with base /afs/cern.ch/user/a/amalhotr/CMSSW_14_0_18_patch1
DEBUG 2025-05-16 03:24:40.697 UTC: 	 UNIQUE NAME: tarUUID 8cb6220b-1828-4ff4-9655-22642c796e83 
DEBUG 2025-05-16 03:24:40.697 UTC: 	 self.config: from WMCore.Configuration import Configuration
config = Configuration()
config.section_('General')
config.General.transferOutputs = True
config.General.requestName = 'DY2Mu4Jets_ScoutingTree_CombinedChain_All_v5'
config.General.transferLogs = True
config.section_('JobType')
config.JobType.pluginName = 'Analysis'
config.JobType.psetName = 'UnifiedScoutingVertexingTreeMaker.py'
config.section_('Data')
config.Data.unitsPerJob = 20000
config.Data.inputDataset = '/DYto2Mu-4Jets_Bin-MLL-50_TuneCP5_13p6TeV_madgraphMLM-pythia8/RunIII2024Summer24MiniAOD-140X_mcRun3_2024_realistic_v26-v2/MINIAODSIM'
config.Data.allowNonValidInputDataset = True
config.Data.splitting = 'EventAwareLumiBased'
config.Data.outputDatasetTag = 'DY2Mu4Jets_ScoutingTree_CombinedChain_All_v5'
config.Data.outLFNDirBase = '/store/user/amalhotr/DY2Mu4Jets_ScoutingTree/'
config.Data.inputDBS = 'global'
config.Data.publication = False
config.section_('Site')
config.Site.storageSite = 'T3_CH_CERNBOX'
config.section_('User')
config.section_('Debug')

DEBUG 2025-05-16 03:24:40.697 UTC: 	 self.config.JobType.psetName: UnifiedScoutingVertexingTreeMaker.py
INFO 2025-05-16 03:24:40.697 UTC: 	 Importing CMSSW configuration UnifiedScoutingVertexingTreeMaker.py
INFO 2025-05-16 03:24:41.082 UTC: 	 Finished importing CMSSW configuration UnifiedScoutingVertexingTreeMaker.py
DEBUG 2025-05-16 03:24:41.082 UTC: 	 Writing CMSSW configuration to /afs/cern.ch/user/a/amalhotr/CMSSW_14_0_18_patch1/src/Run3ScoutingAnalysisTools/crab_DY2Mu4Jets_ScoutingTree_CombinedChain_All_v5/inputs/PSet.py
DEBUG 2025-05-16 03:24:41.103 UTC: 	 The following EDM output files will be collected: []
DEBUG 2025-05-16 03:24:41.103 UTC: 	 The following TFile output files will be collected: ['DY2M_ScoutingTree_Output_Offline_Test.root']
DEBUG 2025-05-16 03:24:41.103 UTC: 	 The following user output files (not listed as PoolOuputModule or TFileService in the CMSSW PSet) will be collected: 
DEBUG 2025-05-16 03:24:41.103 UTC: 	 Loading required information from the environment
DEBUG 2025-05-16 03:24:41.103 UTC: 	 Found CMSSW_14_0_18_patch1 for el9_amd64_gcc12 with base /afs/cern.ch/user/a/amalhotr/CMSSW_14_0_18_patch1
DEBUG 2025-05-16 03:24:41.103 UTC: 	 Making tarball in /afs/cern.ch/user/a/amalhotr/CMSSW_14_0_18_patch1/src/Run3ScoutingAnalysisTools/crab_DY2Mu4Jets_ScoutingTree_CombinedChain_All_v5/inputs/8cb6220b-1828-4ff4-9655-22642c796e83default.tgz
DEBUG 2025-05-16 03:24:41.104 UTC: 	 Checking directory /afs/cern.ch/user/a/amalhotr/CMSSW_14_0_18_patch1/bin
DEBUG 2025-05-16 03:24:41.104 UTC: 	 Adding directory /afs/cern.ch/user/a/amalhotr/CMSSW_14_0_18_patch1/bin to tarball
DEBUG 2025-05-16 03:24:41.105 UTC: 	 Checking directory /afs/cern.ch/user/a/amalhotr/CMSSW_14_0_18_patch1/python
DEBUG 2025-05-16 03:24:41.105 UTC: 	 Adding directory /afs/cern.ch/user/a/amalhotr/CMSSW_14_0_18_patch1/python to tarball
DEBUG 2025-05-16 03:24:41.771 UTC: 	 Checking directory /afs/cern.ch/user/a/amalhotr/CMSSW_14_0_18_patch1/cfipython
DEBUG 2025-05-16 03:24:41.771 UTC: 	 Adding directory /afs/cern.ch/user/a/amalhotr/CMSSW_14_0_18_patch1/cfipython to tarball
DEBUG 2025-05-16 03:24:41.901 UTC: 	 Checking directory /afs/cern.ch/user/a/amalhotr/CMSSW_14_0_18_patch1/lib
DEBUG 2025-05-16 03:24:41.901 UTC: 	 Adding directory /afs/cern.ch/user/a/amalhotr/CMSSW_14_0_18_patch1/lib to tarball
DEBUG 2025-05-16 03:24:42.063 UTC: 	 Checking directory /afs/cern.ch/user/a/amalhotr/CMSSW_14_0_18_patch1/biglib
DEBUG 2025-05-16 03:24:42.063 UTC: 	 Adding directory /afs/cern.ch/user/a/amalhotr/CMSSW_14_0_18_patch1/biglib to tarball
DEBUG 2025-05-16 03:24:42.064 UTC: 	 Checking directory /afs/cern.ch/user/a/amalhotr/CMSSW_14_0_18_patch1/module
DEBUG 2025-05-16 03:24:42.064 UTC: 	 Checking directory /afs/cern.ch/user/a/amalhotr/CMSSW_14_0_18_patch1/config/SCRAM/hooks
DEBUG 2025-05-16 03:24:42.064 UTC: 	 Adding directory /afs/cern.ch/user/a/amalhotr/CMSSW_14_0_18_patch1/config/SCRAM/hooks to tarball
DEBUG 2025-05-16 03:24:42.245 UTC: 	 Adding directory /afs/cern.ch/user/a/amalhotr/CMSSW_14_0_18_patch1/src/Run3ScoutingAnalysisTools/DataFormats/Scouting/interface to tarball
DEBUG 2025-05-16 03:24:42.307 UTC: 	 Adding directory /afs/cern.ch/user/a/amalhotr/CMSSW_14_0_18_patch1/src/Run3ScoutingAnalysisTools/ScoutingTreeMakerRun3/python to tarball
DEBUG 2025-05-16 03:24:42.318 UTC: 	 Adding directory /afs/cern.ch/user/a/amalhotr/CMSSW_14_0_18_patch1/src/DataFormats/Scouting/interface to tarball
DEBUG 2025-05-16 03:24:42.435 UTC: 	 Adding directory /afs/cern.ch/user/a/amalhotr/CMSSW_14_0_18_patch1/src/Configuration/GenProduction/python to tarball
DEBUG 2025-05-16 03:24:42.537 UTC: 	 Uploading archive /afs/cern.ch/user/a/amalhotr/CMSSW_14_0_18_patch1/src/Run3ScoutingAnalysisTools/crab_DY2Mu4Jets_ScoutingTree_CombinedChain_All_v5/inputs/8cb6220b-1828-4ff4-9655-22642c796e83default.tgz (440 KB) to the CRAB cache. Using URI https://cmsweb.cern.ch/S3/crabcache_prod
DEBUG 2025-05-16 03:24:42.671 UTC: 	 Encoded data for curl request: subresource=upload&objecttype=sandbox&tarballname=29aa82b47c5a8fe66a856c597b1a6f9f137ea5877021b6e0e09f941fc04b58a0.tar.gz
DEBUG 2025-05-16 03:24:42.783 UTC: 	 Will execute:
curl -f -v -X POST  -H "User-Agent: CRAB" -F "key=amalhotr/sandboxes/29aa82b47c5a8fe66a856c597b1a6f9f137ea5877021b6e0e09f941fc04b58a0.tar.gz" -F "AWSAccessKeyId=715203df6482458ba839e73e6dab634b" -F "policy=eyJleHBpcmF0aW9uIjogIjIwMjUtMDUtMTZUMDQ6MjQ6NDJaIiwgImNvbmRpdGlvbnMiOiBbeyJidWNrZXQiOiAiY3JhYmNhY2hlX3Byb2QifSwgeyJrZXkiOiAiYW1hbGhvdHIvc2FuZGJveGVzLzI5YWE4MmI0N2M1YThmZTY2YTg1NmM1OTdiMWE2ZjlmMTM3ZWE1ODc3MDIxYjZlMGUwOWY5NDFmYzA0YjU4YTAudGFyLmd6In1dfQ==" -F "signature=h7Xz01rLVCccoE+JPVceNxli7lA=" -F "file=@/afs/cern.ch/user/a/amalhotr/CMSSW_14_0_18_patch1/src/Run3ScoutingAnalysisTools/crab_DY2Mu4Jets_ScoutingTree_CombinedChain_All_v5/inputs/8cb6220b-1828-4ff4-9655-22642c796e83default.tgz" "https://s3.cern.ch/crabcache_prod"
DEBUG 2025-05-16 03:24:42.847 UTC: 	 exitcode: 0
stdout: b''
DEBUG 2025-05-16 03:24:42.847 UTC: 	 upload to S3 of sandbox /afs/cern.ch/user/a/amalhotr/CMSSW_14_0_18_patch1/src/Run3ScoutingAnalysisTools/crab_DY2Mu4Jets_ScoutingTree_CombinedChain_All_v5/inputs/8cb6220b-1828-4ff4-9655-22642c796e83default.tgz completed
DEBUG 2025-05-16 03:24:42.847 UTC: 	 make sure that object is ready for retrieve
DEBUG 2025-05-16 03:24:43.848 UTC: 	 Encoded data for curl request: subresource=download&objecttype=sandbox&tarballname=29aa82b47c5a8fe66a856c597b1a6f9f137ea5877021b6e0e09f941fc04b58a0.tar.gz&clientmethod=head_object
DEBUG 2025-05-16 03:24:43.889 UTC: 	 PreSignedUrl to download sandbox received OK
DEBUG 2025-05-16 03:24:43.892 UTC: 	 Will execute:
 curl -v -s -f -o /dev/null --head  "https://s3.cern.ch/crabcache_prod/amalhotr/sandboxes/29aa82b47c5a8fe66a856c597b1a6f9f137ea5877021b6e0e09f941fc04b58a0.tar.gz?AWSAccessKeyId=715203df6482458ba839e73e6dab634b&Signature=Vz20VBaaqkl7DRm3Z%2Bza6w9fUNI%3D&Expires=1747369483"
DEBUG 2025-05-16 03:24:43.932 UTC: 	 exitcode: 0
stdout: b''
DEBUG 2025-05-16 03:24:43.932 UTC: 	 sandbox /afs/cern.ch/user/a/amalhotr/CMSSW_14_0_18_patch1/src/Run3ScoutingAnalysisTools/crab_DY2Mu4Jets_ScoutingTree_CombinedChain_All_v5/inputs/8cb6220b-1828-4ff4-9655-22642c796e83default.tgz successfully uploaded to S3
DEBUG 2025-05-16 03:24:43.932 UTC: 	 Loading required information from the environment
DEBUG 2025-05-16 03:24:43.932 UTC: 	 Found CMSSW_14_0_18_patch1 for el9_amd64_gcc12 with base /afs/cern.ch/user/a/amalhotr/CMSSW_14_0_18_patch1
DEBUG 2025-05-16 03:24:43.932 UTC: 	 Making tarball in /afs/cern.ch/user/a/amalhotr/CMSSW_14_0_18_patch1/src/Run3ScoutingAnalysisTools/crab_DY2Mu4Jets_ScoutingTree_CombinedChain_All_v5/inputs/debugFiles.tgz
DEBUG 2025-05-16 03:24:43.938 UTC: 	 Uploading archive /afs/cern.ch/user/a/amalhotr/CMSSW_14_0_18_patch1/src/Run3ScoutingAnalysisTools/crab_DY2Mu4Jets_ScoutingTree_CombinedChain_All_v5/inputs/debugFiles.tgz (3 KB) to the CRAB cache. Using URI https://cmsweb.cern.ch/S3/crabcache_prod
DEBUG 2025-05-16 03:24:43.940 UTC: 	 Encoded data for curl request: subresource=upload&objecttype=sandbox&tarballname=eb89cffb7b75e46bcb36f25149a9c49a79a22ff8632bf61020009cacaf1dc816.tar.gz
DEBUG 2025-05-16 03:24:43.999 UTC: 	 Will execute:
curl -f -v -X POST  -H "User-Agent: CRAB" -F "key=amalhotr/sandboxes/eb89cffb7b75e46bcb36f25149a9c49a79a22ff8632bf61020009cacaf1dc816.tar.gz" -F "AWSAccessKeyId=715203df6482458ba839e73e6dab634b" -F "policy=eyJleHBpcmF0aW9uIjogIjIwMjUtMDUtMTZUMDQ6MjQ6NDNaIiwgImNvbmRpdGlvbnMiOiBbeyJidWNrZXQiOiAiY3JhYmNhY2hlX3Byb2QifSwgeyJrZXkiOiAiYW1hbGhvdHIvc2FuZGJveGVzL2ViODljZmZiN2I3NWU0NmJjYjM2ZjI1MTQ5YTljNDlhNzlhMjJmZjg2MzJiZjYxMDIwMDA5Y2FjYWYxZGM4MTYudGFyLmd6In1dfQ==" -F "signature=fI8ITj/fElwbM+rbtXbY8cfpHGY=" -F "file=@/afs/cern.ch/user/a/amalhotr/CMSSW_14_0_18_patch1/src/Run3ScoutingAnalysisTools/crab_DY2Mu4Jets_ScoutingTree_CombinedChain_All_v5/inputs/debugFiles.tgz" "https://s3.cern.ch/crabcache_prod"
DEBUG 2025-05-16 03:24:44.184 UTC: 	 exitcode: 0
stdout: b''
DEBUG 2025-05-16 03:24:44.185 UTC: 	 upload to S3 of sandbox /afs/cern.ch/user/a/amalhotr/CMSSW_14_0_18_patch1/src/Run3ScoutingAnalysisTools/crab_DY2Mu4Jets_ScoutingTree_CombinedChain_All_v5/inputs/debugFiles.tgz completed
DEBUG 2025-05-16 03:24:44.185 UTC: 	 make sure that object is ready for retrieve
DEBUG 2025-05-16 03:24:45.186 UTC: 	 Encoded data for curl request: subresource=download&objecttype=sandbox&tarballname=eb89cffb7b75e46bcb36f25149a9c49a79a22ff8632bf61020009cacaf1dc816.tar.gz&clientmethod=head_object
DEBUG 2025-05-16 03:24:45.226 UTC: 	 PreSignedUrl to download sandbox received OK
DEBUG 2025-05-16 03:24:45.228 UTC: 	 Will execute:
 curl -v -s -f -o /dev/null --head  "https://s3.cern.ch/crabcache_prod/amalhotr/sandboxes/eb89cffb7b75e46bcb36f25149a9c49a79a22ff8632bf61020009cacaf1dc816.tar.gz?AWSAccessKeyId=715203df6482458ba839e73e6dab634b&Signature=eBZCndxv04iLmCAPA2eiC6Fej3w%3D&Expires=1747369485"
DEBUG 2025-05-16 03:24:45.267 UTC: 	 exitcode: 0
stdout: b''
DEBUG 2025-05-16 03:24:45.267 UTC: 	 sandbox /afs/cern.ch/user/a/amalhotr/CMSSW_14_0_18_patch1/src/Run3ScoutingAnalysisTools/crab_DY2Mu4Jets_ScoutingTree_CombinedChain_All_v5/inputs/debugFiles.tgz successfully uploaded to S3
DEBUG 2025-05-16 03:24:45.267 UTC: 	 Result uploading input files: 29aa82b47c5a8fe66a856c597b1a6f9f137ea5877021b6e0e09f941fc04b58a0.tar.gz 
DEBUG 2025-05-16 03:24:45.267 UTC: 	 submit() - self.configuration from WMCore.Configuration import Configuration
config = Configuration()
config.section_('General')
config.General.transferOutputs = True
config.General.requestName = 'DY2Mu4Jets_ScoutingTree_CombinedChain_All_v5'
config.General.transferLogs = True
config.section_('JobType')
config.JobType.pluginName = 'Analysis'
config.JobType.psetName = 'UnifiedScoutingVertexingTreeMaker.py'
config.section_('Data')
config.Data.unitsPerJob = 20000
config.Data.inputDataset = '/DYto2Mu-4Jets_Bin-MLL-50_TuneCP5_13p6TeV_madgraphMLM-pythia8/RunIII2024Summer24MiniAOD-140X_mcRun3_2024_realistic_v26-v2/MINIAODSIM'
config.Data.allowNonValidInputDataset = True
config.Data.splitting = 'EventAwareLumiBased'
config.Data.outputDatasetTag = 'DY2Mu4Jets_ScoutingTree_CombinedChain_All_v5'
config.Data.outLFNDirBase = '/store/user/amalhotr/DY2Mu4Jets_ScoutingTree/'
config.Data.inputDBS = 'global'
config.Data.publication = False
config.section_('Site')
config.Site.storageSite = 'T3_CH_CERNBOX'
config.section_('User')
config.section_('Debug')

DEBUG 2025-05-16 03:24:45.267 UTC: 	 submit() - self.configreq {'dryrun': 0, 'workflow': 'crab_DY2Mu4Jets_ScoutingTree_CombinedChain_All_v5', 'saveoutput': 1, 'savelogsflag': 1, 'inputdata': '/DYto2Mu-4Jets_Bin-MLL-50_TuneCP5_13p6TeV_madgraphMLM-pythia8/RunIII2024Summer24MiniAOD-140X_mcRun3_2024_realistic_v26-v2/MINIAODSIM', 'nonvaliddata': 1, 'userfiles': [], 'dbsurl': 'https://cmsweb.cern.ch/dbs/prod/global/DBSReader', 'useparent': 0, 'ignorelocality': 0, 'splitalgo': 'EventAwareLumiBased', 'algoargs': 20000, 'totalunits': 0, 'lfn': '/store/user/amalhotr/DY2Mu4Jets_ScoutingTree/', 'publication': 0, 'publishdbsurl': 'https://cmsweb.cern.ch/dbs/prod/phys03/DBSWriter', 'publishname2': 'DY2Mu4Jets_ScoutingTree_CombinedChain_All_v5', 'jobtype': 'Analysis', 'generator': 'pythia', 'addoutputfiles': [], 'maxjobruntime': 1250, 'numcores': 1, 'maxmemory': 2000, 'priority': 10, 'nonprodsw': 0, 'asyncdest': 'T3_CH_CERNBOX', 'requireaccelerator': 0, 'oneEventMode': 0, 'extrajdl': [], 'ignoreglobalblacklist': 0, 'partialdataset': 0, 'inputblocks': []}
DEBUG 2025-05-16 03:24:45.267 UTC: 	 submit() - jobconfig {'addoutputfiles': [], 'tfileoutfiles': ['DY2M_ScoutingTree_Output_Offline_Test.root'], 'edmoutfiles': [], 'jobarch': 'el9_amd64_gcc12', 'jobminuarch': 'any', 'jobsw': 'CMSSW_14_0_18_patch1', 'inputdata': '/DYto2Mu-4Jets_Bin-MLL-50_TuneCP5_13p6TeV_madgraphMLM-pythia8/RunIII2024Summer24MiniAOD-140X_mcRun3_2024_realistic_v26-v2/MINIAODSIM', 'cacheurl': 'https://cmsweb.cern.ch/S3/crabcache_prod', 'cachefilename': '29aa82b47c5a8fe66a856c597b1a6f9f137ea5877021b6e0e09f941fc04b58a0.tar.gz', 'debugfilename': 'eb89cffb7b75e46bcb36f25149a9c49a79a22ff8632bf61020009cacaf1dc816.tar.gz', 'jobtype': 'Analysis'}
INFO 2025-05-16 03:24:45.267 UTC: 	 Sending the request to the server at cmsweb.cern.ch
DEBUG 2025-05-16 03:24:45.268 UTC: 	 Submitting {'dryrun': 0, 'workflow': 'crab_DY2Mu4Jets_ScoutingTree_CombinedChain_All_v5', 'saveoutput': 1, 'savelogsflag': 1, 'inputdata': '/DYto2Mu-4Jets_Bin-MLL-50_TuneCP5_13p6TeV_madgraphMLM-pythia8/RunIII2024Summer24MiniAOD-140X_mcRun3_2024_realistic_v26-v2/MINIAODSIM', 'nonvaliddata': 1, 'userfiles': [], 'dbsurl': 'https://cmsweb.cern.ch/dbs/prod/global/DBSReader', 'useparent': 0, 'ignorelocality': 0, 'splitalgo': 'EventAwareLumiBased', 'algoargs': 20000, 'totalunits': 0, 'lfn': '/store/user/amalhotr/DY2Mu4Jets_ScoutingTree/', 'publication': 0, 'publishdbsurl': 'https://cmsweb.cern.ch/dbs/prod/phys03/DBSWriter', 'publishname2': 'DY2Mu4Jets_ScoutingTree_CombinedChain_All_v5', 'jobtype': 'Analysis', 'generator': 'pythia', 'addoutputfiles': [], 'maxjobruntime': 1250, 'numcores': 1, 'maxmemory': 2000, 'priority': 10, 'nonprodsw': 0, 'asyncdest': 'T3_CH_CERNBOX', 'requireaccelerator': 0, 'oneEventMode': 0, 'extrajdl': [], 'ignoreglobalblacklist': 0, 'partialdataset': 0, 'inputblocks': [], 'tfileoutfiles': ['DY2M_ScoutingTree_Output_Offline_Test.root'], 'edmoutfiles': [], 'jobarch': 'el9_amd64_gcc12', 'jobminuarch': 'any', 'jobsw': 'CMSSW_14_0_18_patch1', 'cacheurl': 'https://cmsweb.cern.ch/S3/crabcache_prod', 'cachefilename': '29aa82b47c5a8fe66a856c597b1a6f9f137ea5877021b6e0e09f941fc04b58a0.tar.gz', 'debugfilename': 'eb89cffb7b75e46bcb36f25149a9c49a79a22ff8632bf61020009cacaf1dc816.tar.gz'} 
DEBUG 2025-05-16 03:24:45.268 UTC: 	 Encoded data for curl request: dryrun=0&workflow=crab_DY2Mu4Jets_ScoutingTree_CombinedChain_All_v5&saveoutput=1&savelogsflag=1&inputdata=%2FDYto2Mu-4Jets_Bin-MLL-50_TuneCP5_13p6TeV_madgraphMLM-pythia8%2FRunIII2024Summer24MiniAOD-140X_mcRun3_2024_realistic_v26-v2%2FMINIAODSIM&nonvaliddata=1&dbsurl=https%3A%2F%2Fcmsweb.cern.ch%2Fdbs%2Fprod%2Fglobal%2FDBSReader&useparent=0&ignorelocality=0&splitalgo=EventAwareLumiBased&algoargs=20000&totalunits=0&lfn=%2Fstore%2Fuser%2Famalhotr%2FDY2Mu4Jets_ScoutingTree%2F&publication=0&publishdbsurl=https%3A%2F%2Fcmsweb.cern.ch%2Fdbs%2Fprod%2Fphys03%2FDBSWriter&publishname2=DY2Mu4Jets_ScoutingTree_CombinedChain_All_v5&jobtype=Analysis&generator=pythia&maxjobruntime=1250&numcores=1&maxmemory=2000&priority=10&nonprodsw=0&asyncdest=T3_CH_CERNBOX&requireaccelerator=0&oneEventMode=0&ignoreglobalblacklist=0&partialdataset=0&jobarch=el9_amd64_gcc12&jobminuarch=any&jobsw=CMSSW_14_0_18_patch1&cacheurl=https%3A%2F%2Fcmsweb.cern.ch%2FS3%2Fcrabcache_prod&cachefilename=29aa82b47c5a8fe66a856c597b1a6f9f137ea5877021b6e0e09f941fc04b58a0.tar.gz&debugfilename=eb89cffb7b75e46bcb36f25149a9c49a79a22ff8632bf61020009cacaf1dc816.tar.gz&tfileoutfiles=DY2M_ScoutingTree_Output_Offline_Test.root
DEBUG 2025-05-16 03:24:46.197 UTC: 	 Result: {'result': [{'RequestName': '250516_032445:amalhotr_crab_DY2Mu4Jets_ScoutingTree_CombinedChain_All_v5'}]}
INFO 2025-05-16 03:24:46.201 UTC: 	 Success: Your task has been delivered to the prod CRAB3 server.
INFO 2025-05-16 03:24:46.202 UTC: 	 Task name: 250516_032445:amalhotr_crab_DY2Mu4Jets_ScoutingTree_CombinedChain_All_v5
INFO 2025-05-16 03:24:46.202 UTC: 	 Project dir: ./crab_DY2Mu4Jets_ScoutingTree_CombinedChain_All_v5
INFO 2025-05-16 03:24:46.202 UTC: 	 Please use ' crab status -d ./crab_DY2Mu4Jets_ScoutingTree_CombinedChain_All_v5 ' to check how the submission process proceeds.
DEBUG 2025-05-16 03:24:46.202 UTC: 	 About to return
INFO 2025-05-16 03:24:46.204 UTC: 	 Log file is /afs/cern.ch/user/a/amalhotr/CMSSW_14_0_18_patch1/src/Run3ScoutingAnalysisTools/crab_DY2Mu4Jets_ScoutingTree_CombinedChain_All_v5/crab.log
DEBUG 2025-05-16 03:26:26.426 UTC: 	 CRAB Client version: v3.250409
DEBUG 2025-05-16 03:26:26.426 UTC: 	 Running on: Linux lxplus982.cern.ch 5.14.0-503.35.1.el9_5.x86_64 #1 SMP PREEMPT_DYNAMIC Mon Mar 24 11:15:27 EDT 2025 x86_64 x86_64 x86_64 GNU/Linux
DEBUG 2025-05-16 03:26:26.426 UTC: 	 Not using Singularity
DEBUG 2025-05-16 03:26:26.426 UTC: 	 Operating System: Red Hat Enterprise Linux 9.5 (Plow)
DEBUG 2025-05-16 03:26:26.426 UTC: 	 Executing command: 'status'
DEBUG 2025-05-16 03:26:26.427 UTC: 	 Found CRAB cache file /afs/cern.ch/user/a/amalhotr/.crab3
DEBUG 2025-05-16 03:26:26.431 UTC: 	 Checking credentials
DEBUG 2025-05-16 03:26:26.431 UTC: 	 Found proxy file /tmp/x509up_u180451
DEBUG 2025-05-16 03:26:26.431 UTC: 	 Making sure it has proper VOMS extension
DEBUG 2025-05-16 03:26:26.431 UTC: 	 Executing command :
 voms-proxy-info --vo --file /tmp/x509up_u180451
DEBUG 2025-05-16 03:26:26.781 UTC: 	 output : cms

 error: 
 retcode : 0
DEBUG 2025-05-16 03:26:26.781 UTC: 	 Getting proxy life time left
DEBUG 2025-05-16 03:26:26.781 UTC: 	 Executing command :
 voms-proxy-info --actimeleft --timeleft --file /tmp/x509up_u180451
DEBUG 2025-05-16 03:26:27.145 UTC: 	 output : 690811
690811

 error: 
 retcode : 0
DEBUG 2025-05-16 03:26:27.145 UTC: 	 Proxy valid for 191:53:31 hours
DEBUG 2025-05-16 03:26:27.145 UTC: 	 Encoded data for curl request: subresource=delegatedn
DEBUG 2025-05-16 03:26:27.186 UTC: 	 Registering user credentials on myproxy for /DC=ch/DC=cern/OU=computers/CN=crab-(preprod|prod)-tw(01|02).cern.ch|/DC=ch/DC=cern/OU=computers/CN=crab-dev-tw(01|02|03|04).cern.ch|/DC=ch/DC=cern/OU=Organic Units/OU=Users/CN=cmscrab/CN=(817881|373708)/CN=Robot: cms crab|/DC=ch/DC=cern/OU=Organic Units/OU=Users/CN=crabint1/CN=373708/CN=Robot: CMS CRAB Integration 1
DEBUG 2025-05-16 03:26:27.186 UTC: 	 Executing command :
 voms-proxy-info --identity --file /tmp/x509up_u180451
DEBUG 2025-05-16 03:26:27.519 UTC: 	 output : /DC=ch/DC=cern/OU=Organic Units/OU=Users/CN=amalhotr/CN=884837/CN=Aryan Malhotra

 error: 
 retcode : 0
DEBUG 2025-05-16 03:26:27.519 UTC: 	 Getting myproxy life time left for 2382a3cf28fdeacb1de9b039908761ea517a5ed6
DEBUG 2025-05-16 03:26:27.519 UTC: 	 Executing command :
 myproxy-info -s myproxy.cern.ch -l 2382a3cf28fdeacb1de9b039908761ea517a5ed6
DEBUG 2025-05-16 03:26:27.828 UTC: 	 output : username: 2382a3cf28fdeacb1de9b039908761ea517a5ed6
owner: /DC=ch/DC=cern/OU=Organic Units/OU=Users/CN=amalhotr/CN=884837/CN=Aryan Malhotra
  renewal policy: /DC=ch/DC=cern/OU=computers/CN=crab-(preprod|prod)-tw(01|02).cern.ch|/DC=ch/DC=cern/OU=computers/CN=crab-dev-tw(01|02|03|04).cern.ch|/DC=ch/DC=cern/OU=Organic Units/OU=Users/CN=cmscrab/CN=(817881|373708)/CN=Robot: cms crab|/DC=ch/DC=cern/OU=Organic Units/OU=Users/CN=crabint1/CN=373708/CN=Robot: CMS CRAB Integration 1
  trusted retrieval policy: /DC=ch/DC=cern/OU=computers/CN=crab-(preprod|prod)-tw(01|02).cern.ch|/DC=ch/DC=cern/OU=computers/CN=crab-dev-tw(01|02|03|04).cern.ch|/DC=ch/DC=cern/OU=Organic Units/OU=Users/CN=cmscrab/CN=(817881|373708)/CN=Robot: cms crab|/DC=ch/DC=cern/OU=Organic Units/OU=Users/CN=crabint1/CN=373708/CN=Robot: CMS CRAB Integration 1
  timeleft: 699:27:06  (29.1 days)

 error: 
 retcode : 0
DEBUG 2025-05-16 03:26:27.828 UTC: 	 Myproxy is valid: 2518020
DEBUG 2025-05-16 03:26:27.828 UTC: 	 Result of myproxy credential check:
  Credential exists on myproxy: username: 2382a3cf28fdeacb1de9b039908761ea517a5ed6  - validity: 29 days, 3:27:00
DEBUG 2025-05-16 03:26:27.828 UTC: 	 Retrieving username ...
DEBUG 2025-05-16 03:26:27.828 UTC: 	 Retrieving username from CRIC...
DEBUG 2025-05-16 03:26:28.523 UTC: 	 username is amalhotr
INFO 2025-05-16 03:26:29.203 UTC: 	 Rucio client intialized for account amalhotr
DEBUG 2025-05-16 03:26:29.203 UTC: 	 Command use: status
DEBUG 2025-05-16 03:26:29.203 UTC: 	 Options use: ['-d', './crab_DY2Mu4Jets_ScoutingTree_CombinedChain_All_v5']
DEBUG 2025-05-16 03:26:29.203 UTC: 	 Encoded data for curl request: subresource=version
DEBUG 2025-05-16 03:26:29.241 UTC: 	 CRABClient version: v3.250409
DEBUG 2025-05-16 03:26:29.241 UTC: 	 Instance is prod
DEBUG 2025-05-16 03:26:29.241 UTC: 	 Server base url is cmsweb.cern.ch
DEBUG 2025-05-16 03:26:29.241 UTC: 	 Command api workflow
DEBUG 2025-05-16 03:26:29.241 UTC: 	 Encoded data for curl request: subresource=search&workflow=250516_032445%3Aamalhotr_crab_DY2Mu4Jets_ScoutingTree_CombinedChain_All_v5
DEBUG 2025-05-16 03:26:29.290 UTC: 	 Got information from server oracle database: {'desc': {'columns': ['tm_taskname', 'tm_activity', 'tm_task_status', 'tm_task_command', 'tm_start_time', 'tm_start_injection', 'tm_end_injection', 'tm_task_failure', 'tm_job_sw', 'tm_job_arch', 'tm_input_dataset', 'tm_nonvalid_input_dataset', 'tm_use_parent', 'tm_site_whitelist', 'tm_site_blacklist', 'tm_split_algo', 'tm_split_args', 'tm_user_sandbox', 'tm_cache_url', 'tm_username', 'tm_user_dn', 'tm_user_vo', 'tm_user_role', 'tm_user_group', 'tm_publish_name', 'tm_publish_groupname', 'tm_asyncdest', 'tm_dbs_url', 'tm_publish_dbs_url', 'tm_publication', 'tm_outfiles', 'tm_tfile_outfiles', 'tm_edm_outfiles', 'tm_job_type', 'tm_generator', 'tm_events_per_lumi', 'tm_arguments', 'tm_save_logs', 'tw_name', 'tm_user_infiles', 'tm_maxjobruntime', 'tm_numcores', 'tm_maxmemory', 'tm_priority', 'tm_output_dataset', 'tm_task_warnings', 'tm_user_webdir', 'tm_scriptexe', 'tm_scriptargs', 'tm_extrajdl', 'tm_collector', 'tm_schedd', 'tm_dry_run', 'tm_user_files', 'tm_transfer_outputs', 'tm_output_lfn', 'tm_ignore_locality', 'tm_fail_limit', 'tm_one_event_mode', 'tm_secondary_input_dataset', 'tm_primary_dataset', 'tm_last_publication', 'tm_debug_files', 'clusterid', 'tm_ignore_global_blacklist', 'tm_submitter_ip_addr', 'tm_totalunits', 'tm_ddm_reqid', 'tm_user_config', 'tm_transfer_container', 'tm_transfer_rule', 'tm_publish_rule', 'tm_multipub_rule', 'tm_job_min_microarch', 'tm_dagman_status', 'tm_num_jobs', 'tm_uploaded']}, 'result': ['250516_032445:amalhotr_crab_DY2Mu4Jets_ScoutingTree_CombinedChain_All_v5', 'None', 'SUBMITREFUSED', 'SUBMIT', '2025-05-16 03:24:46.189564', 'None', 'None', 'None', 'CMSSW_14_0_18_patch1', 'el9_amd64_gcc12', '/DYto2Mu-4Jets_Bin-MLL-50_TuneCP5_13p6TeV_madgraphMLM-pythia8/RunIII2024Summer24MiniAOD-140X_mcRun3_2024_realistic_v26-v2/MINIAODSIM', 'T', '0', '[]', '[]', 'EventAwareLumiBased', "{'halt_job_on_file_boundaries': False, 'splitOnRun': False, 'events_per_job': 20000, 'runs': [], 'lumis': []}", '29aa82b47c5a8fe66a856c597b1a6f9f137ea5877021b6e0e09f941fc04b58a0.tar.gz', 'https://cmsweb.cern.ch/S3/crabcache_prod', 'amalhotr', '/DC=ch/DC=cern/OU=Organic Units/OU=Users/CN=amalhotr/CN=884837/CN=Aryan Malhotra', 'cms', 'None', 'None', 'DY2Mu4Jets_ScoutingTree_CombinedChain_All_v5-00000000000000000000000000000000', 'F', 'T3_CH_CERNBOX', 'https://cmsweb.cern.ch/dbs/prod/global/DBSReader', 'https://cmsweb.cern.ch/dbs/prod/phys03/DBSWriter', 'F', '[]', "['DY2M_ScoutingTree_Output_Offline_Test.root']", '[]', 'Analysis', 'pythia', 'None', '{}', 'T', 'crab-prod-tw01', '[]', '1250', '1', '2000', '10', 'None', '["The input dataset /DYto2Mu-4Jets_Bin-MLL-50_TuneCP5_13p6TeV_madgraphMLM-pythia8/RunIII2024Summer24MiniAOD-140X_mcRun3_2024_realistic_v26-v2/MINIAODSIM is not \'VALID\' but \'INVALID\'. CRAB will check if there are any valid files in the dataset and run only over those files.", \'The splitting on your task generated 24045 jobs. The maximum number of jobs in each task is 10000\']', 'None', 'None', '[]', '[]', 'cmsgwms-collector-global.cern.ch:9620,cmsgwms-collector-global.fnal.gov:9620', 'None', 'F', '[]', 'T', '/store/user/amalhotr/DY2Mu4Jets_ScoutingTree/', 'F', 'None', 'F', 'None', 'DYto2Mu-4Jets_Bin-MLL-50_TuneCP5_13p6TeV_madgraphMLM-pythia8', 'None', 'eb89cffb7b75e46bcb36f25149a9c49a79a22ff8632bf61020009cacaf1dc816.tar.gz', 'None', 'F', '188.184.75.82', '0.0', 'None', '{"partialdataset": false, "requireaccelerator": false, "acceleratorparams": null, "inputblocks": null}', 'None', 'None', 'None', 'None', 'any', 'NOT_READY', '0', 'F']}
INFO 2025-05-16 03:26:29.290 UTC: 	 CRAB project directory:		/afs/cern.ch/user/a/amalhotr/CMSSW_14_0_18_patch1/src/Run3ScoutingAnalysisTools/crab_DY2Mu4Jets_ScoutingTree_CombinedChain_All_v5
INFO 2025-05-16 03:26:29.290 UTC: 	 Task name:			250516_032445:amalhotr_crab_DY2Mu4Jets_ScoutingTree_CombinedChain_All_v5
INFO 2025-05-16 03:26:29.290 UTC: 	 Grid scheduler - Task Worker:	N/A yet - crab-prod-tw01
INFO 2025-05-16 03:26:29.290 UTC: 	 Status on the CRAB server:	SUBMITREFUSED
INFO 2025-05-16 03:26:29.290 UTC: 	 Task URL to use for HELP:	https://cmsweb.cern.ch/crabserver/ui/task/250516_032445%3Aamalhotr_crab_DY2Mu4Jets_ScoutingTree_CombinedChain_All_v5
INFO 2025-05-16 03:26:29.297 UTC: 	 Dashboard monitoring URL:	https://monit-grafana.cern.ch/d/cmsTMDetail/cms-task-monitoring-task-view?orgId=11&var-user=amalhotr&var-task=250516_032445%3Aamalhotr_crab_DY2Mu4Jets_ScoutingTree_CombinedChain_All_v5&from=1747362286000&to=now
WARNING 2025-05-16 03:26:29.297 UTC: 	 Warning:			The input dataset /DYto2Mu-4Jets_Bin-MLL-50_TuneCP5_13p6TeV_madgraphMLM-pythia8/RunIII2024Summer24MiniAOD-140X_mcRun3_2024_realistic_v26-v2/MINIAODSIM is not 'VALID' but 'INVALID'. CRAB will check if there are any valid files in the dataset and run only over those files.
WARNING 2025-05-16 03:26:29.297 UTC: 	 Warning:			The splitting on your task generated 24045 jobs. The maximum number of jobs in each task is 10000
DEBUG 2025-05-16 03:26:29.298 UTC: 	 The task has not been submitted to the Grid scheduler yet. Not printing job information.
INFO 2025-05-16 03:26:29.299 UTC: 	 Log file is /afs/cern.ch/user/a/amalhotr/CMSSW_14_0_18_patch1/src/Run3ScoutingAnalysisTools/crab_DY2Mu4Jets_ScoutingTree_CombinedChain_All_v5/crab.log
DEBUG 2025-05-16 03:27:39.594 UTC: 	 CRAB Client version: v3.250409
DEBUG 2025-05-16 03:27:39.594 UTC: 	 Running on: Linux lxplus982.cern.ch 5.14.0-503.35.1.el9_5.x86_64 #1 SMP PREEMPT_DYNAMIC Mon Mar 24 11:15:27 EDT 2025 x86_64 x86_64 x86_64 GNU/Linux
DEBUG 2025-05-16 03:27:39.594 UTC: 	 Not using Singularity
DEBUG 2025-05-16 03:27:39.594 UTC: 	 Operating System: Red Hat Enterprise Linux 9.5 (Plow)
DEBUG 2025-05-16 03:27:39.594 UTC: 	 Executing command: 'kill'
DEBUG 2025-05-16 03:27:39.594 UTC: 	 Found CRAB cache file /afs/cern.ch/user/a/amalhotr/.crab3
DEBUG 2025-05-16 03:27:39.598 UTC: 	 Checking credentials
DEBUG 2025-05-16 03:27:39.598 UTC: 	 Found proxy file /tmp/x509up_u180451
DEBUG 2025-05-16 03:27:39.598 UTC: 	 Making sure it has proper VOMS extension
DEBUG 2025-05-16 03:27:39.598 UTC: 	 Executing command :
 voms-proxy-info --vo --file /tmp/x509up_u180451
DEBUG 2025-05-16 03:27:39.966 UTC: 	 output : cms

 error: 
 retcode : 0
DEBUG 2025-05-16 03:27:39.966 UTC: 	 Getting proxy life time left
DEBUG 2025-05-16 03:27:39.966 UTC: 	 Executing command :
 voms-proxy-info --actimeleft --timeleft --file /tmp/x509up_u180451
DEBUG 2025-05-16 03:27:40.308 UTC: 	 output : 690738
690738

 error: 
 retcode : 0
DEBUG 2025-05-16 03:27:40.308 UTC: 	 Proxy valid for 191:52:18 hours
DEBUG 2025-05-16 03:27:40.309 UTC: 	 Encoded data for curl request: subresource=delegatedn
DEBUG 2025-05-16 03:27:40.353 UTC: 	 Registering user credentials on myproxy for /DC=ch/DC=cern/OU=computers/CN=crab-(preprod|prod)-tw(01|02).cern.ch|/DC=ch/DC=cern/OU=computers/CN=crab-dev-tw(01|02|03|04).cern.ch|/DC=ch/DC=cern/OU=Organic Units/OU=Users/CN=cmscrab/CN=(817881|373708)/CN=Robot: cms crab|/DC=ch/DC=cern/OU=Organic Units/OU=Users/CN=crabint1/CN=373708/CN=Robot: CMS CRAB Integration 1
DEBUG 2025-05-16 03:27:40.353 UTC: 	 Executing command :
 voms-proxy-info --identity --file /tmp/x509up_u180451
DEBUG 2025-05-16 03:27:40.695 UTC: 	 output : /DC=ch/DC=cern/OU=Organic Units/OU=Users/CN=amalhotr/CN=884837/CN=Aryan Malhotra

 error: 
 retcode : 0
DEBUG 2025-05-16 03:27:40.695 UTC: 	 Getting myproxy life time left for 2382a3cf28fdeacb1de9b039908761ea517a5ed6
DEBUG 2025-05-16 03:27:40.695 UTC: 	 Executing command :
 myproxy-info -s myproxy.cern.ch -l 2382a3cf28fdeacb1de9b039908761ea517a5ed6
DEBUG 2025-05-16 03:27:40.975 UTC: 	 output : username: 2382a3cf28fdeacb1de9b039908761ea517a5ed6
owner: /DC=ch/DC=cern/OU=Organic Units/OU=Users/CN=amalhotr/CN=884837/CN=Aryan Malhotra
  renewal policy: /DC=ch/DC=cern/OU=computers/CN=crab-(preprod|prod)-tw(01|02).cern.ch|/DC=ch/DC=cern/OU=computers/CN=crab-dev-tw(01|02|03|04).cern.ch|/DC=ch/DC=cern/OU=Organic Units/OU=Users/CN=cmscrab/CN=(817881|373708)/CN=Robot: cms crab|/DC=ch/DC=cern/OU=Organic Units/OU=Users/CN=crabint1/CN=373708/CN=Robot: CMS CRAB Integration 1
  trusted retrieval policy: /DC=ch/DC=cern/OU=computers/CN=crab-(preprod|prod)-tw(01|02).cern.ch|/DC=ch/DC=cern/OU=computers/CN=crab-dev-tw(01|02|03|04).cern.ch|/DC=ch/DC=cern/OU=Organic Units/OU=Users/CN=cmscrab/CN=(817881|373708)/CN=Robot: cms crab|/DC=ch/DC=cern/OU=Organic Units/OU=Users/CN=crabint1/CN=373708/CN=Robot: CMS CRAB Integration 1
  timeleft: 699:25:53  (29.1 days)

 error: 
 retcode : 0
DEBUG 2025-05-16 03:27:40.976 UTC: 	 Myproxy is valid: 2517900
DEBUG 2025-05-16 03:27:40.976 UTC: 	 Result of myproxy credential check:
  Credential exists on myproxy: username: 2382a3cf28fdeacb1de9b039908761ea517a5ed6  - validity: 29 days, 3:25:00
DEBUG 2025-05-16 03:27:40.976 UTC: 	 Command use: kill
DEBUG 2025-05-16 03:27:40.976 UTC: 	 Options use: ['-d', './crab_DY2Mu4Jets_ScoutingTree_CombinedChain_All_v5']
DEBUG 2025-05-16 03:27:40.976 UTC: 	 Encoded data for curl request: subresource=version
DEBUG 2025-05-16 03:27:41.018 UTC: 	 CRABClient version: v3.250409
DEBUG 2025-05-16 03:27:41.018 UTC: 	 Instance is prod
DEBUG 2025-05-16 03:27:41.018 UTC: 	 Server base url is cmsweb.cern.ch
DEBUG 2025-05-16 03:27:41.018 UTC: 	 Command api workflow
DEBUG 2025-05-16 03:27:41.018 UTC: 	 Killing task 250516_032445:amalhotr_crab_DY2Mu4Jets_ScoutingTree_CombinedChain_All_v5
DEBUG 2025-05-16 03:27:41.018 UTC: 	 Encoded data for curl request: workflow=250516_032445%3Aamalhotr_crab_DY2Mu4Jets_ScoutingTree_CombinedChain_All_v5
DEBUG 2025-05-16 03:27:41.586 UTC: 	 Sleeping 24 seconds after HTTP error.
Error:
:  % Total    % Received % Xferd  Average Speed   Time    Time     Time  Current
                                 Dload  Upload   Total   Spent    Left  Speed
  0     0    0     0    0     0      0      0 --:--:-- --:--:-- --:--:--     0*   Trying 188.185.101.116:8443...
* Connected to cmsweb.cern.ch (188.185.101.116) port 8443 (#0)
* ALPN, offering http/1.1
*  CAfile: /etc/pki/tls/certs/ca-bundle.crt
*  CApath: /etc/grid-security/certificates/
* TLSv1.0 (OUT), TLS header, Certificate Status (22):
} [5 bytes data]
* TLSv1.3 (OUT), TLS handshake, Client hello (1):
} [512 bytes data]
* TLSv1.2 (IN), TLS header, Certificate Status (22):
{ [5 bytes data]
* TLSv1.3 (IN), TLS handshake, Server hello (2):
{ [122 bytes data]
* TLSv1.2 (IN), TLS header, Finished (20):
{ [5 bytes data]
* TLSv1.2 (IN), TLS header, Supplemental data (23):
{ [5 bytes data]
* TLSv1.3 (IN), TLS handshake, Encrypted Extensions (8):
{ [21 bytes data]
* TLSv1.2 (IN), TLS header, Supplemental data (23):
{ [5 bytes data]
* TLSv1.3 (IN), TLS handshake, Request CERT (13):
{ [7807 bytes data]
* TLSv1.2 (IN), TLS header, Supplemental data (23):
{ [5 bytes data]
* TLSv1.3 (IN), TLS handshake, Certificate (11):
{ [2064 bytes data]
* TLSv1.2 (IN), TLS header, Supplemental data (23):
{ [5 bytes data]
* TLSv1.3 (IN), TLS handshake, CERT verify (15):
{ [264 bytes data]
* TLSv1.2 (IN), TLS header, Supplemental data (23):
{ [5 bytes data]
* TLSv1.3 (IN), TLS handshake, Finished (20):
{ [36 bytes data]
* TLSv1.2 (OUT), TLS header, Finished (20):
} [5 bytes data]
* TLSv1.3 (OUT), TLS change cipher, Change cipher spec (1):
} [1 bytes data]
* TLSv1.2 (OUT), TLS header, Supplemental data (23):
} [5 bytes data]
* TLSv1.3 (OUT), TLS handshake, Certificate (11):
} [6302 bytes data]
* TLSv1.2 (OUT), TLS header, Supplemental data (23):
} [5 bytes data]
* TLSv1.3 (OUT), TLS handshake, CERT verify (15):
} [264 bytes data]
* TLSv1.2 (OUT), TLS header, Supplemental data (23):
} [5 bytes data]
* TLSv1.3 (OUT), TLS handshake, Finished (20):
} [36 bytes data]
* SSL connection using TLSv1.3 / TLS_AES_128_GCM_SHA256
* ALPN, server accepted to use http/1.1
* Server certificate:
*  subject: DC=ch; DC=cern; OU=computers; CN=cmsweb.cern.ch
*  start date: May  6 09:49:35 2025 GMT
*  expire date: Jun 10 09:49:35 2026 GMT
*  subjectAltName: host "cmsweb.cern.ch" matched cert's "cmsweb.cern.ch"
*  issuer: DC=ch; DC=cern; CN=CERN Grid Certification Authority
*  SSL certificate verify ok.
* TLSv1.2 (OUT), TLS header, Supplemental data (23):
} [5 bytes data]
> DELETE /crabserver/prod/workflow HTTP/1.1
> Host: cmsweb.cern.ch:8443
> User-Agent: CRABClient/v3.250409
> Accept: */*
> Content-Length: 83
> Content-Type: application/x-www-form-urlencoded
> 
} [83 bytes data]
* TLSv1.2 (IN), TLS header, Supplemental data (23):
{ [5 bytes data]
* TLSv1.3 (IN), TLS handshake, Newsession Ticket (4):
{ [6416 bytes data]
* TLSv1.2 (IN), TLS header, Supplemental data (23):
{ [5 bytes data]
* Mark bundle as not supporting multiuse
< HTTP/1.1 400 Bad Request
< Content-Length: 735
< Content-Type: text/html;charset=utf-8
< Date: Fri, 16 May 2025 03:27:41 GMT
< Response-Proto: HTTP/1.1
< Response-Status: 400 Bad Request
< Response-Status-Code: 400
< Response-Time: 529.281113ms
< Response-Time-Seconds: 0.529281871
< X-Content-Type-Options: bla
< X-Error-Detail: This request are invalid.
< X-Error-Http: 400
< X-Error-Id: 29a0f4db38146c339f717309facccdb9
< X-Rest-Status: 40001
< X-Rest-Time: 526923.656 us
< 
{ [722 bytes data]
* TLSv1.2 (IN), TLS header, Supplemental data (23):
{ [5 bytes data]
100   818  100   735  100    83   1337    151 --:--:-- --:--:-- --:--:--  1489
* Connection #0 to host cmsweb.cern.ch left intact
<!DOCTYPE html PUBLIC
"-//W3C//DTD XHTML 1.0 Transitional//EN"
"http://www.w3.org/TR/xhtml1/DTD/xhtml1-transitional.dtd">
<html>
<head>
    <meta http-equiv="Content-Type" content="text/html; charset=utf-8"></meta>
    <title>400 Bad Request</title>
    <style type="text/css">
    #powered_by {
        margin-top: 20px;
        border-top: 2px solid black;
        font-style: italic;
    }

    #traceback {
        color: red;
    }
    </style>
</head>
    <body>
        <h2>400 Bad Request</h2>
        <p>This request are invalid.</p>
        <pre id="traceback"></pre>
    <div id="powered_by">
      <span>
        Powered by <a href="http://www.cherrypy.dev">CherryPy 18.8.0</a>
      </span>
    </div>
    </body>
</html>

DEBUG 2025-05-16 03:27:41.818 UTC: 	 Sleeping 46 seconds after HTTP error.
Error:
:  % Total    % Received % Xferd  Average Speed   Time    Time     Time  Current
                                 Dload  Upload   Total   Spent    Left  Speed
  0     0    0     0    0     0      0      0 --:--:-- --:--:-- --:--:--     0*   Trying 137.138.154.184:8443...
* Connected to cmsweb.cern.ch (137.138.154.184) port 8443 (#0)
* ALPN, offering http/1.1
*  CAfile: /etc/pki/tls/certs/ca-bundle.crt
*  CApath: /etc/grid-security/certificates/
* TLSv1.0 (OUT), TLS header, Certificate Status (22):
} [5 bytes data]
* TLSv1.3 (OUT), TLS handshake, Client hello (1):
} [512 bytes data]
* TLSv1.2 (IN), TLS header, Certificate Status (22):
{ [5 bytes data]
* TLSv1.3 (IN), TLS handshake, Server hello (2):
{ [122 bytes data]
* TLSv1.2 (IN), TLS header, Finished (20):
{ [5 bytes data]
* TLSv1.2 (IN), TLS header, Supplemental data (23):
{ [5 bytes data]
* TLSv1.3 (IN), TLS handshake, Encrypted Extensions (8):
{ [21 bytes data]
* TLSv1.2 (IN), TLS header, Supplemental data (23):
{ [5 bytes data]
* TLSv1.3 (IN), TLS handshake, Request CERT (13):
{ [7807 bytes data]
* TLSv1.2 (IN), TLS header, Supplemental data (23):
{ [5 bytes data]
* TLSv1.3 (IN), TLS handshake, Certificate (11):
{ [2064 bytes data]
* TLSv1.2 (IN), TLS header, Supplemental data (23):
{ [5 bytes data]
* TLSv1.3 (IN), TLS handshake, CERT verify (15):
{ [264 bytes data]
* TLSv1.2 (IN), TLS header, Supplemental data (23):
{ [5 bytes data]
* TLSv1.3 (IN), TLS handshake, Finished (20):
{ [36 bytes data]
* TLSv1.2 (OUT), TLS header, Finished (20):
} [5 bytes data]
* TLSv1.3 (OUT), TLS change cipher, Change cipher spec (1):
} [1 bytes data]
* TLSv1.2 (OUT), TLS header, Supplemental data (23):
} [5 bytes data]
* TLSv1.3 (OUT), TLS handshake, Certificate (11):
} [6302 bytes data]
* TLSv1.2 (OUT), TLS header, Supplemental data (23):
} [5 bytes data]
* TLSv1.3 (OUT), TLS handshake, CERT verify (15):
} [264 bytes data]
* TLSv1.2 (OUT), TLS header, Supplemental data (23):
} [5 bytes data]
* TLSv1.3 (OUT), TLS handshake, Finished (20):
} [36 bytes data]
* SSL connection using TLSv1.3 / TLS_AES_128_GCM_SHA256
* ALPN, server accepted to use http/1.1
* Server certificate:
*  subject: DC=ch; DC=cern; OU=computers; CN=cmsweb.cern.ch
*  start date: May  6 09:49:35 2025 GMT
*  expire date: Jun 10 09:49:35 2026 GMT
*  subjectAltName: host "cmsweb.cern.ch" matched cert's "cmsweb.cern.ch"
*  issuer: DC=ch; DC=cern; CN=CERN Grid Certification Authority
*  SSL certificate verify ok.
* TLSv1.2 (OUT), TLS header, Supplemental data (23):
} [5 bytes data]
> DELETE /crabserver/prod/workflow HTTP/1.1
> Host: cmsweb.cern.ch:8443
> User-Agent: CRABClient/v3.250409
> Accept: */*
> Content-Length: 83
> Content-Type: application/x-www-form-urlencoded
> 
} [83 bytes data]
* TLSv1.2 (IN), TLS header, Supplemental data (23):
{ [5 bytes data]
* TLSv1.3 (IN), TLS handshake, Newsession Ticket (4):
{ [6416 bytes data]
100    83    0     0  100    83      0    410 --:--:-- --:--:-- --:--:--   408* TLSv1.2 (IN), TLS header, Supplemental data (23):
{ [5 bytes data]
* Mark bundle as not supporting multiuse
< HTTP/1.1 400 Bad Request
< Content-Length: 735
< Content-Type: text/html;charset=utf-8
< Date: Fri, 16 May 2025 03:27:41 GMT
< Response-Proto: HTTP/1.1
< Response-Status: 400 Bad Request
< Response-Status-Code: 400
< Response-Time: 197.435296ms
< Response-Time-Seconds: 0.1974359
< X-Content-Type-Options: bla
< X-Error-Detail: This request are invalid.
< X-Error-Http: 400
< X-Error-Id: 972d2bc77518306851f54abb7f6a0537
< X-Rest-Status: 40001
< X-Rest-Time: 193947.554 us
< 
{ [724 bytes data]
* TLSv1.2 (IN), TLS header, Supplemental data (23):
{ [5 bytes data]
100   818  100   735  100    83   3427    387 --:--:-- --:--:-- --:--:--  3804
* Connection #0 to host cmsweb.cern.ch left intact
<!DOCTYPE html PUBLIC
"-//W3C//DTD XHTML 1.0 Transitional//EN"
"http://www.w3.org/TR/xhtml1/DTD/xhtml1-transitional.dtd">
<html>
<head>
    <meta http-equiv="Content-Type" content="text/html; charset=utf-8"></meta>
    <title>400 Bad Request</title>
    <style type="text/css">
    #powered_by {
        margin-top: 20px;
        border-top: 2px solid black;
        font-style: italic;
    }

    #traceback {
        color: red;
    }
    </style>
</head>
    <body>
        <h2>400 Bad Request</h2>
        <p>This request are invalid.</p>
        <pre id="traceback"></pre>
    <div id="powered_by">
      <span>
        Powered by <a href="http://www.cherrypy.dev">CherryPy 18.8.0</a>
      </span>
    </div>
    </body>
</html>

INFO 2025-05-16 03:27:42.389 UTC: 	 Fatal error trying to connect to https://cmsweb.cern.ch:8443/crabserver/prod/workflow using workflow=250516_032445%3Aamalhotr_crab_DY2Mu4Jets_ScoutingTree_CombinedChain_All_v5.
exit code from curl = 0
HTTP code/reason = 400/Bad Request .  stdout:
<!DOCTYPE html PUBLIC
"-//W3C//DTD XHTML 1.0 Transitional//EN"
"http://www.w3.org/TR/xhtml1/DTD/xhtml1-transitional.dtd">
<html>
<head>
    <meta http-equiv="Content-Type" content="text/html; charset=utf-8"></meta>
    <title>400 Bad Request</title>
    <style type="text/css">
    #powered_by {
        margin-top: 20px;
        border-top: 2px solid black;
        font-style: italic;
    }

    #traceback {
        color: red;
    }
    </style>
</head>
    <body>
        <h2>400 Bad Request</h2>
        <p>This request are invalid.</p>
        <pre id="traceback"></pre>
    <div id="powered_by">
      <span>
        Powered by <a href="http://www.cherrypy.dev">CherryPy 18.8.0</a>
      </span>
    </div>
    </body>
</html>

INFO 2025-05-16 03:27:42.390 UTC: 	 The server answered with an error.
DEBUG 2025-05-16 03:27:42.390 UTC: 	 
INFO 2025-05-16 03:27:42.390 UTC: 	 Server answered with: This request are invalid.
INFO 2025-05-16 03:27:42.390 UTC: 	 Error Id: dfcdb6ada666b5d9cdd41859807b077b
ERROR 2025-05-16 03:27:42.390 UTC: 	 Caught RESTInterfaceException exception
Traceback (most recent call last):
  File "/cvmfs/cms.cern.ch/share/cms/crab-prod/v3.250409.00/bin/crab.py", line 157, in <module>
    client()
  File "/cvmfs/cms.cern.ch/share/cms/crab-prod/v3.250409.00/bin/crab.py", line 142, in __call__
    returnDict = self.cmd()
  File "/cvmfs/cms.cern.ch/share/cms/crab-prod/v3.250409.00/lib/CRABClient/Commands/kill.py", line 29, in __call__
    dictresult, status, reason = server.delete(api=self.defaultApi, data=urlencode(inputs))
  File "/cvmfs/cms.cern.ch/share/cms/crab-prod/v3.250409.00/lib/CRABClient/RestInterfaces.py", line 291, in delete
    return self.server.delete(uri, data)
  File "/cvmfs/cms.cern.ch/share/cms/crab-prod/v3.250409.00/lib/CRABClient/RestInterfaces.py", line 139, in delete
    return self.makeRequest(uri=uri, data=data, verb='DELETE')
  File "/cvmfs/cms.cern.ch/share/cms/crab-prod/v3.250409.00/lib/CRABClient/RestInterfaces.py", line 225, in makeRequest
    raise RESTInterfaceException(stderr)
CRABClient.ClientExceptions.RESTInterfaceException:   % Total    % Received % Xferd  Average Speed   Time    Time     Time  Current
                                 Dload  Upload   Total   Spent    Left  Speed
  0     0    0     0    0     0      0      0 --:--:-- --:--:-- --:--:--     0*   Trying 188.184.73.32:8443...
* Connected to cmsweb.cern.ch (188.184.73.32) port 8443 (#0)
* ALPN, offering http/1.1
*  CAfile: /etc/pki/tls/certs/ca-bundle.crt
*  CApath: /etc/grid-security/certificates/
* TLSv1.0 (OUT), TLS header, Certificate Status (22):
} [5 bytes data]
* TLSv1.3 (OUT), TLS handshake, Client hello (1):
} [512 bytes data]
* TLSv1.2 (IN), TLS header, Certificate Status (22):
{ [5 bytes data]
* TLSv1.3 (IN), TLS handshake, Server hello (2):
{ [122 bytes data]
* TLSv1.2 (IN), TLS header, Finished (20):
{ [5 bytes data]
* TLSv1.2 (IN), TLS header, Supplemental data (23):
{ [5 bytes data]
* TLSv1.3 (IN), TLS handshake, Encrypted Extensions (8):
{ [21 bytes data]
* TLSv1.2 (IN), TLS header, Supplemental data (23):
{ [5 bytes data]
* TLSv1.3 (IN), TLS handshake, Request CERT (13):
{ [7807 bytes data]
* TLSv1.2 (IN), TLS header, Supplemental data (23):
{ [5 bytes data]
* TLSv1.3 (IN), TLS handshake, Certificate (11):
{ [2064 bytes data]
* TLSv1.2 (IN), TLS header, Supplemental data (23):
{ [5 bytes data]
* TLSv1.3 (IN), TLS handshake, CERT verify (15):
{ [264 bytes data]
* TLSv1.2 (IN), TLS header, Supplemental data (23):
{ [5 bytes data]
* TLSv1.3 (IN), TLS handshake, Finished (20):
{ [36 bytes data]
* TLSv1.2 (OUT), TLS header, Finished (20):
} [5 bytes data]
* TLSv1.3 (OUT), TLS change cipher, Change cipher spec (1):
} [1 bytes data]
* TLSv1.2 (OUT), TLS header, Supplemental data (23):
} [5 bytes data]
* TLSv1.3 (OUT), TLS handshake, Certificate (11):
} [6302 bytes data]
* TLSv1.2 (OUT), TLS header, Supplemental data (23):
} [5 bytes data]
* TLSv1.3 (OUT), TLS handshake, CERT verify (15):
} [264 bytes data]
* TLSv1.2 (OUT), TLS header, Supplemental data (23):
} [5 bytes data]
* TLSv1.3 (OUT), TLS handshake, Finished (20):
} [36 bytes data]
* SSL connection using TLSv1.3 / TLS_AES_128_GCM_SHA256
* ALPN, server accepted to use http/1.1
* Server certificate:
*  subject: DC=ch; DC=cern; OU=computers; CN=cmsweb.cern.ch
*  start date: May  6 09:49:35 2025 GMT
*  expire date: Jun 10 09:49:35 2026 GMT
*  subjectAltName: host "cmsweb.cern.ch" matched cert's "cmsweb.cern.ch"
*  issuer: DC=ch; DC=cern; CN=CERN Grid Certification Authority
*  SSL certificate verify ok.
* TLSv1.2 (OUT), TLS header, Supplemental data (23):
} [5 bytes data]
> DELETE /crabserver/prod/workflow HTTP/1.1
> Host: cmsweb.cern.ch:8443
> User-Agent: CRABClient/v3.250409
> Accept: */*
> Content-Length: 83
> Content-Type: application/x-www-form-urlencoded
> 
} [83 bytes data]
* TLSv1.2 (IN), TLS header, Supplemental data (23):
{ [5 bytes data]
* TLSv1.3 (IN), TLS handshake, Newsession Ticket (4):
{ [6416 bytes data]
* TLSv1.2 (IN), TLS header, Supplemental data (23):
{ [5 bytes data]
* Mark bundle as not supporting multiuse
< HTTP/1.1 400 Bad Request
< Content-Length: 735
< Content-Type: text/html;charset=utf-8
< Date: Fri, 16 May 2025 03:27:42 GMT
< Response-Proto: HTTP/1.1
< Response-Status: 400 Bad Request
< Response-Status-Code: 400
< Response-Time: 529.732127ms
< Response-Time-Seconds: 0.529732794
< X-Content-Type-Options: bla
< X-Error-Detail: This request are invalid.
< X-Error-Http: 400
< X-Error-Id: dfcdb6ada666b5d9cdd41859807b077b
< X-Rest-Status: 40001
< X-Rest-Time: 526842.117 us
< 
{ [722 bytes data]
* TLSv1.2 (IN), TLS header, Supplemental data (23):
{ [5 bytes data]
100   818  100   735  100    83   1330    150 --:--:-- --:--:-- --:--:--  1481
* Connection #0 to host cmsweb.cern.ch left intact
<!DOCTYPE html PUBLIC
"-//W3C//DTD XHTML 1.0 Transitional//EN"
"http://www.w3.org/TR/xhtml1/DTD/xhtml1-transitional.dtd">
<html>
<head>
    <meta http-equiv="Content-Type" content="text/html; charset=utf-8"></meta>
    <title>400 Bad Request</title>
    <style type="text/css">
    #powered_by {
        margin-top: 20px;
        border-top: 2px solid black;
        font-style: italic;
    }

    #traceback {
        color: red;
    }
    </style>
</head>
    <body>
        <h2>400 Bad Request</h2>
        <p>This request are invalid.</p>
        <pre id="traceback"></pre>
    <div id="powered_by">
      <span>
        Powered by <a href="http://www.cherrypy.dev">CherryPy 18.8.0</a>
      </span>
    </div>
    </body>
</html>

DEBUG 2025-05-16 03:29:54.853 UTC: 	 CRAB Client version: v3.250409
DEBUG 2025-05-16 03:29:54.853 UTC: 	 Running on: Linux lxplus982.cern.ch 5.14.0-503.35.1.el9_5.x86_64 #1 SMP PREEMPT_DYNAMIC Mon Mar 24 11:15:27 EDT 2025 x86_64 x86_64 x86_64 GNU/Linux
DEBUG 2025-05-16 03:29:54.853 UTC: 	 Not using Singularity
DEBUG 2025-05-16 03:29:54.853 UTC: 	 Operating System: Red Hat Enterprise Linux 9.5 (Plow)
DEBUG 2025-05-16 03:29:54.853 UTC: 	 Executing command: 'kill'
DEBUG 2025-05-16 03:29:54.853 UTC: 	 Found CRAB cache file /afs/cern.ch/user/a/amalhotr/.crab3
DEBUG 2025-05-16 03:29:54.865 UTC: 	 Checking credentials
DEBUG 2025-05-16 03:29:54.865 UTC: 	 Found proxy file /tmp/x509up_u180451
DEBUG 2025-05-16 03:29:54.865 UTC: 	 Making sure it has proper VOMS extension
DEBUG 2025-05-16 03:29:54.865 UTC: 	 Executing command :
 voms-proxy-info --vo --file /tmp/x509up_u180451
DEBUG 2025-05-16 03:29:55.228 UTC: 	 output : cms

 error: 
 retcode : 0
DEBUG 2025-05-16 03:29:55.228 UTC: 	 Getting proxy life time left
DEBUG 2025-05-16 03:29:55.228 UTC: 	 Executing command :
 voms-proxy-info --actimeleft --timeleft --file /tmp/x509up_u180451
DEBUG 2025-05-16 03:29:55.594 UTC: 	 output : 690603
690603

 error: 
 retcode : 0
DEBUG 2025-05-16 03:29:55.594 UTC: 	 Proxy valid for 191:50:03 hours
DEBUG 2025-05-16 03:29:55.595 UTC: 	 Encoded data for curl request: subresource=delegatedn
DEBUG 2025-05-16 03:29:55.645 UTC: 	 Registering user credentials on myproxy for /DC=ch/DC=cern/OU=computers/CN=crab-(preprod|prod)-tw(01|02).cern.ch|/DC=ch/DC=cern/OU=computers/CN=crab-dev-tw(01|02|03|04).cern.ch|/DC=ch/DC=cern/OU=Organic Units/OU=Users/CN=cmscrab/CN=(817881|373708)/CN=Robot: cms crab|/DC=ch/DC=cern/OU=Organic Units/OU=Users/CN=crabint1/CN=373708/CN=Robot: CMS CRAB Integration 1
DEBUG 2025-05-16 03:29:55.645 UTC: 	 Executing command :
 voms-proxy-info --identity --file /tmp/x509up_u180451
DEBUG 2025-05-16 03:29:56.034 UTC: 	 output : /DC=ch/DC=cern/OU=Organic Units/OU=Users/CN=amalhotr/CN=884837/CN=Aryan Malhotra

 error: 
 retcode : 0
DEBUG 2025-05-16 03:29:56.034 UTC: 	 Getting myproxy life time left for 2382a3cf28fdeacb1de9b039908761ea517a5ed6
DEBUG 2025-05-16 03:29:56.034 UTC: 	 Executing command :
 myproxy-info -s myproxy.cern.ch -l 2382a3cf28fdeacb1de9b039908761ea517a5ed6
DEBUG 2025-05-16 03:29:56.315 UTC: 	 output : username: 2382a3cf28fdeacb1de9b039908761ea517a5ed6
owner: /DC=ch/DC=cern/OU=Organic Units/OU=Users/CN=amalhotr/CN=884837/CN=Aryan Malhotra
  renewal policy: /DC=ch/DC=cern/OU=computers/CN=crab-(preprod|prod)-tw(01|02).cern.ch|/DC=ch/DC=cern/OU=computers/CN=crab-dev-tw(01|02|03|04).cern.ch|/DC=ch/DC=cern/OU=Organic Units/OU=Users/CN=cmscrab/CN=(817881|373708)/CN=Robot: cms crab|/DC=ch/DC=cern/OU=Organic Units/OU=Users/CN=crabint1/CN=373708/CN=Robot: CMS CRAB Integration 1
  trusted retrieval policy: /DC=ch/DC=cern/OU=computers/CN=crab-(preprod|prod)-tw(01|02).cern.ch|/DC=ch/DC=cern/OU=computers/CN=crab-dev-tw(01|02|03|04).cern.ch|/DC=ch/DC=cern/OU=Organic Units/OU=Users/CN=cmscrab/CN=(817881|373708)/CN=Robot: cms crab|/DC=ch/DC=cern/OU=Organic Units/OU=Users/CN=crabint1/CN=373708/CN=Robot: CMS CRAB Integration 1
  timeleft: 699:23:37  (29.1 days)

 error: 
 retcode : 0
DEBUG 2025-05-16 03:29:56.316 UTC: 	 Myproxy is valid: 2517780
DEBUG 2025-05-16 03:29:56.316 UTC: 	 Result of myproxy credential check:
  Credential exists on myproxy: username: 2382a3cf28fdeacb1de9b039908761ea517a5ed6  - validity: 29 days, 3:23:00
DEBUG 2025-05-16 03:29:56.316 UTC: 	 Command use: kill
DEBUG 2025-05-16 03:29:56.316 UTC: 	 Options use: ['-d', './crab_DY2Mu4Jets_ScoutingTree_CombinedChain_All_v5']
DEBUG 2025-05-16 03:29:56.316 UTC: 	 Encoded data for curl request: subresource=version
DEBUG 2025-05-16 03:29:56.354 UTC: 	 CRABClient version: v3.250409
DEBUG 2025-05-16 03:29:56.354 UTC: 	 Instance is prod
DEBUG 2025-05-16 03:29:56.354 UTC: 	 Server base url is cmsweb.cern.ch
DEBUG 2025-05-16 03:29:56.354 UTC: 	 Command api workflow
DEBUG 2025-05-16 03:29:56.354 UTC: 	 Killing task 250516_032445:amalhotr_crab_DY2Mu4Jets_ScoutingTree_CombinedChain_All_v5
DEBUG 2025-05-16 03:29:56.355 UTC: 	 Encoded data for curl request: workflow=250516_032445%3Aamalhotr_crab_DY2Mu4Jets_ScoutingTree_CombinedChain_All_v5
DEBUG 2025-05-16 03:29:56.842 UTC: 	 Sleeping 24 seconds after HTTP error.
Error:
:  % Total    % Received % Xferd  Average Speed   Time    Time     Time  Current
                                 Dload  Upload   Total   Spent    Left  Speed
  0     0    0     0    0     0      0      0 --:--:-- --:--:-- --:--:--     0*   Trying 188.185.89.202:8443...
* Connected to cmsweb.cern.ch (188.185.89.202) port 8443 (#0)
* ALPN, offering http/1.1
*  CAfile: /etc/pki/tls/certs/ca-bundle.crt
*  CApath: /etc/grid-security/certificates/
* TLSv1.0 (OUT), TLS header, Certificate Status (22):
} [5 bytes data]
* TLSv1.3 (OUT), TLS handshake, Client hello (1):
} [512 bytes data]
* TLSv1.2 (IN), TLS header, Certificate Status (22):
{ [5 bytes data]
* TLSv1.3 (IN), TLS handshake, Server hello (2):
{ [122 bytes data]
* TLSv1.2 (IN), TLS header, Finished (20):
{ [5 bytes data]
* TLSv1.2 (IN), TLS header, Supplemental data (23):
{ [5 bytes data]
* TLSv1.3 (IN), TLS handshake, Encrypted Extensions (8):
{ [21 bytes data]
* TLSv1.2 (IN), TLS header, Supplemental data (23):
{ [5 bytes data]
* TLSv1.3 (IN), TLS handshake, Request CERT (13):
{ [7807 bytes data]
* TLSv1.2 (IN), TLS header, Supplemental data (23):
{ [5 bytes data]
* TLSv1.3 (IN), TLS handshake, Certificate (11):
{ [2064 bytes data]
* TLSv1.2 (IN), TLS header, Supplemental data (23):
{ [5 bytes data]
* TLSv1.3 (IN), TLS handshake, CERT verify (15):
{ [264 bytes data]
* TLSv1.2 (IN), TLS header, Supplemental data (23):
{ [5 bytes data]
* TLSv1.3 (IN), TLS handshake, Finished (20):
{ [36 bytes data]
* TLSv1.2 (OUT), TLS header, Finished (20):
} [5 bytes data]
* TLSv1.3 (OUT), TLS change cipher, Change cipher spec (1):
} [1 bytes data]
* TLSv1.2 (OUT), TLS header, Supplemental data (23):
} [5 bytes data]
* TLSv1.3 (OUT), TLS handshake, Certificate (11):
} [6302 bytes data]
* TLSv1.2 (OUT), TLS header, Supplemental data (23):
} [5 bytes data]
* TLSv1.3 (OUT), TLS handshake, CERT verify (15):
} [264 bytes data]
* TLSv1.2 (OUT), TLS header, Supplemental data (23):
} [5 bytes data]
* TLSv1.3 (OUT), TLS handshake, Finished (20):
} [36 bytes data]
* SSL connection using TLSv1.3 / TLS_AES_128_GCM_SHA256
* ALPN, server accepted to use http/1.1
* Server certificate:
*  subject: DC=ch; DC=cern; OU=computers; CN=cmsweb.cern.ch
*  start date: May  6 09:49:35 2025 GMT
*  expire date: Jun 10 09:49:35 2026 GMT
*  subjectAltName: host "cmsweb.cern.ch" matched cert's "cmsweb.cern.ch"
*  issuer: DC=ch; DC=cern; CN=CERN Grid Certification Authority
*  SSL certificate verify ok.
* TLSv1.2 (OUT), TLS header, Supplemental data (23):
} [5 bytes data]
> DELETE /crabserver/prod/workflow HTTP/1.1
> Host: cmsweb.cern.ch:8443
> User-Agent: CRABClient/v3.250409
> Accept: */*
> Content-Length: 83
> Content-Type: application/x-www-form-urlencoded
> 
} [83 bytes data]
* TLSv1.2 (IN), TLS header, Supplemental data (23):
{ [5 bytes data]
* TLSv1.3 (IN), TLS handshake, Newsession Ticket (4):
{ [6416 bytes data]
* TLSv1.2 (IN), TLS header, Supplemental data (23):
{ [5 bytes data]
* Mark bundle as not supporting multiuse
< HTTP/1.1 400 Bad Request
< Content-Length: 735
< Content-Type: text/html;charset=utf-8
< Date: Fri, 16 May 2025 03:29:56 GMT
< Response-Proto: HTTP/1.1
< Response-Status: 400 Bad Request
< Response-Status-Code: 400
< Response-Time: 456.143445ms
< Response-Time-Seconds: 0.456144155
< X-Content-Type-Options: bla
< X-Error-Detail: This request are invalid.
< X-Error-Http: 400
< X-Error-Id: e5a2371a9ceb9a9ac20f63323ce4c5dd
< X-Rest-Status: 40001
< X-Rest-Time: 452910.423 us
< 
{ [722 bytes data]
 98   818   98   722  100    83   1528    175 --:--:-- --:--:-- --:--:--  1701* TLSv1.2 (IN), TLS header, Supplemental data (23):
{ [5 bytes data]
100   818  100   735  100    83   1555    175 --:--:-- --:--:-- --:--:--  1729
* Connection #0 to host cmsweb.cern.ch left intact
<!DOCTYPE html PUBLIC
"-//W3C//DTD XHTML 1.0 Transitional//EN"
"http://www.w3.org/TR/xhtml1/DTD/xhtml1-transitional.dtd">
<html>
<head>
    <meta http-equiv="Content-Type" content="text/html; charset=utf-8"></meta>
    <title>400 Bad Request</title>
    <style type="text/css">
    #powered_by {
        margin-top: 20px;
        border-top: 2px solid black;
        font-style: italic;
    }

    #traceback {
        color: red;
    }
    </style>
</head>
    <body>
        <h2>400 Bad Request</h2>
        <p>This request are invalid.</p>
        <pre id="traceback"></pre>
    <div id="powered_by">
      <span>
        Powered by <a href="http://www.cherrypy.dev">CherryPy 18.8.0</a>
      </span>
    </div>
    </body>
</html>

DEBUG 2025-05-16 03:29:56.882 UTC: 	 Sleeping 48 seconds after HTTP error.
Error:
:  % Total    % Received % Xferd  Average Speed   Time    Time     Time  Current
                                 Dload  Upload   Total   Spent    Left  Speed
  0     0    0     0    0     0      0      0 --:--:-- --:--:-- --:--:--     0*   Trying 137.138.154.184:8443...
* Connected to cmsweb.cern.ch (137.138.154.184) port 8443 (#0)
* ALPN, offering http/1.1
*  CAfile: /etc/pki/tls/certs/ca-bundle.crt
*  CApath: /etc/grid-security/certificates/
* TLSv1.0 (OUT), TLS header, Certificate Status (22):
} [5 bytes data]
* TLSv1.3 (OUT), TLS handshake, Client hello (1):
} [512 bytes data]
* TLSv1.2 (IN), TLS header, Certificate Status (22):
{ [5 bytes data]
* TLSv1.3 (IN), TLS handshake, Server hello (2):
{ [122 bytes data]
* TLSv1.2 (IN), TLS header, Finished (20):
{ [5 bytes data]
* TLSv1.2 (IN), TLS header, Supplemental data (23):
{ [5 bytes data]
* TLSv1.3 (IN), TLS handshake, Encrypted Extensions (8):
{ [21 bytes data]
* TLSv1.2 (IN), TLS header, Supplemental data (23):
{ [5 bytes data]
* TLSv1.3 (IN), TLS handshake, Request CERT (13):
{ [7807 bytes data]
* TLSv1.2 (IN), TLS header, Supplemental data (23):
{ [5 bytes data]
* TLSv1.3 (IN), TLS handshake, Certificate (11):
{ [2064 bytes data]
* TLSv1.2 (IN), TLS header, Supplemental data (23):
{ [5 bytes data]
* TLSv1.3 (IN), TLS handshake, CERT verify (15):
{ [264 bytes data]
* TLSv1.2 (IN), TLS header, Supplemental data (23):
{ [5 bytes data]
* TLSv1.3 (IN), TLS handshake, Finished (20):
{ [36 bytes data]
* TLSv1.2 (OUT), TLS header, Finished (20):
} [5 bytes data]
* TLSv1.3 (OUT), TLS change cipher, Change cipher spec (1):
} [1 bytes data]
* TLSv1.2 (OUT), TLS header, Supplemental data (23):
} [5 bytes data]
* TLSv1.3 (OUT), TLS handshake, Certificate (11):
} [6302 bytes data]
* TLSv1.2 (OUT), TLS header, Supplemental data (23):
} [5 bytes data]
* TLSv1.3 (OUT), TLS handshake, CERT verify (15):
} [264 bytes data]
* TLSv1.2 (OUT), TLS header, Supplemental data (23):
} [5 bytes data]
* TLSv1.3 (OUT), TLS handshake, Finished (20):
} [36 bytes data]
* SSL connection using TLSv1.3 / TLS_AES_128_GCM_SHA256
* ALPN, server accepted to use http/1.1
* Server certificate:
*  subject: DC=ch; DC=cern; OU=computers; CN=cmsweb.cern.ch
*  start date: May  6 09:49:35 2025 GMT
*  expire date: Jun 10 09:49:35 2026 GMT
*  subjectAltName: host "cmsweb.cern.ch" matched cert's "cmsweb.cern.ch"
*  issuer: DC=ch; DC=cern; CN=CERN Grid Certification Authority
*  SSL certificate verify ok.
* TLSv1.2 (OUT), TLS header, Supplemental data (23):
} [5 bytes data]
> DELETE /crabserver/prod/workflow HTTP/1.1
> Host: cmsweb.cern.ch:8443
> User-Agent: CRABClient/v3.250409
> Accept: */*
> Content-Length: 83
> Content-Type: application/x-www-form-urlencoded
> 
} [83 bytes data]
* TLSv1.2 (IN), TLS header, Supplemental data (23):
{ [5 bytes data]
* TLSv1.3 (IN), TLS handshake, Newsession Ticket (4):
{ [6416 bytes data]
* TLSv1.2 (IN), TLS header, Supplemental data (23):
{ [5 bytes data]
* Mark bundle as not supporting multiuse
< HTTP/1.1 400 Bad Request
< Content-Length: 735
< Content-Type: text/html;charset=utf-8
< Date: Fri, 16 May 2025 03:29:56 GMT
< Response-Proto: HTTP/1.1
< Response-Status: 400 Bad Request
< Response-Status-Code: 400
< Response-Time: 8.118532ms
< Response-Time-Seconds: 0.008119352
< X-Content-Type-Options: bla
< X-Error-Detail: This request are invalid.
< X-Error-Http: 400
< X-Error-Id: dfe5349693fb0693bc8aa53cb2999a9c
< X-Rest-Status: 40001
< X-Rest-Time: 5445.719 us
< 
{ [726 bytes data]
* TLSv1.2 (IN), TLS header, Supplemental data (23):
{ [5 bytes data]
100   818  100   735  100    83  30155   3405 --:--:-- --:--:-- --:--:-- 34083
* Connection #0 to host cmsweb.cern.ch left intact
<!DOCTYPE html PUBLIC
"-//W3C//DTD XHTML 1.0 Transitional//EN"
"http://www.w3.org/TR/xhtml1/DTD/xhtml1-transitional.dtd">
<html>
<head>
    <meta http-equiv="Content-Type" content="text/html; charset=utf-8"></meta>
    <title>400 Bad Request</title>
    <style type="text/css">
    #powered_by {
        margin-top: 20px;
        border-top: 2px solid black;
        font-style: italic;
    }

    #traceback {
        color: red;
    }
    </style>
</head>
    <body>
        <h2>400 Bad Request</h2>
        <p>This request are invalid.</p>
        <pre id="traceback"></pre>
    <div id="powered_by">
      <span>
        Powered by <a href="http://www.cherrypy.dev">CherryPy 18.8.0</a>
      </span>
    </div>
    </body>
</html>

INFO 2025-05-16 03:29:57.403 UTC: 	 Fatal error trying to connect to https://cmsweb.cern.ch:8443/crabserver/prod/workflow using workflow=250516_032445%3Aamalhotr_crab_DY2Mu4Jets_ScoutingTree_CombinedChain_All_v5.
exit code from curl = 0
HTTP code/reason = 400/Bad Request .  stdout:
<!DOCTYPE html PUBLIC
"-//W3C//DTD XHTML 1.0 Transitional//EN"
"http://www.w3.org/TR/xhtml1/DTD/xhtml1-transitional.dtd">
<html>
<head>
    <meta http-equiv="Content-Type" content="text/html; charset=utf-8"></meta>
    <title>400 Bad Request</title>
    <style type="text/css">
    #powered_by {
        margin-top: 20px;
        border-top: 2px solid black;
        font-style: italic;
    }

    #traceback {
        color: red;
    }
    </style>
</head>
    <body>
        <h2>400 Bad Request</h2>
        <p>This request are invalid.</p>
        <pre id="traceback"></pre>
    <div id="powered_by">
      <span>
        Powered by <a href="http://www.cherrypy.dev">CherryPy 18.8.0</a>
      </span>
    </div>
    </body>
</html>

INFO 2025-05-16 03:29:57.403 UTC: 	 The server answered with an error.
DEBUG 2025-05-16 03:29:57.403 UTC: 	 
INFO 2025-05-16 03:29:57.403 UTC: 	 Server answered with: This request are invalid.
INFO 2025-05-16 03:29:57.404 UTC: 	 Error Id: 9aaab00e8768103f1c45be27d6e6fdc6
ERROR 2025-05-16 03:29:57.404 UTC: 	 Caught RESTInterfaceException exception
Traceback (most recent call last):
  File "/cvmfs/cms.cern.ch/share/cms/crab-prod/v3.250409.00/bin/crab.py", line 157, in <module>
    client()
  File "/cvmfs/cms.cern.ch/share/cms/crab-prod/v3.250409.00/bin/crab.py", line 142, in __call__
    returnDict = self.cmd()
  File "/cvmfs/cms.cern.ch/share/cms/crab-prod/v3.250409.00/lib/CRABClient/Commands/kill.py", line 29, in __call__
    dictresult, status, reason = server.delete(api=self.defaultApi, data=urlencode(inputs))
  File "/cvmfs/cms.cern.ch/share/cms/crab-prod/v3.250409.00/lib/CRABClient/RestInterfaces.py", line 291, in delete
    return self.server.delete(uri, data)
  File "/cvmfs/cms.cern.ch/share/cms/crab-prod/v3.250409.00/lib/CRABClient/RestInterfaces.py", line 139, in delete
    return self.makeRequest(uri=uri, data=data, verb='DELETE')
  File "/cvmfs/cms.cern.ch/share/cms/crab-prod/v3.250409.00/lib/CRABClient/RestInterfaces.py", line 225, in makeRequest
    raise RESTInterfaceException(stderr)
CRABClient.ClientExceptions.RESTInterfaceException:   % Total    % Received % Xferd  Average Speed   Time    Time     Time  Current
                                 Dload  Upload   Total   Spent    Left  Speed
  0     0    0     0    0     0      0      0 --:--:-- --:--:-- --:--:--     0*   Trying 188.185.101.116:8443...
* Connected to cmsweb.cern.ch (188.185.101.116) port 8443 (#0)
* ALPN, offering http/1.1
*  CAfile: /etc/pki/tls/certs/ca-bundle.crt
*  CApath: /etc/grid-security/certificates/
* TLSv1.0 (OUT), TLS header, Certificate Status (22):
} [5 bytes data]
* TLSv1.3 (OUT), TLS handshake, Client hello (1):
} [512 bytes data]
* TLSv1.2 (IN), TLS header, Certificate Status (22):
{ [5 bytes data]
* TLSv1.3 (IN), TLS handshake, Server hello (2):
{ [122 bytes data]
* TLSv1.2 (IN), TLS header, Finished (20):
{ [5 bytes data]
* TLSv1.2 (IN), TLS header, Supplemental data (23):
{ [5 bytes data]
* TLSv1.3 (IN), TLS handshake, Encrypted Extensions (8):
{ [21 bytes data]
* TLSv1.2 (IN), TLS header, Supplemental data (23):
{ [5 bytes data]
* TLSv1.3 (IN), TLS handshake, Request CERT (13):
{ [7807 bytes data]
* TLSv1.2 (IN), TLS header, Supplemental data (23):
{ [5 bytes data]
* TLSv1.3 (IN), TLS handshake, Certificate (11):
{ [2064 bytes data]
* TLSv1.2 (IN), TLS header, Supplemental data (23):
{ [5 bytes data]
* TLSv1.3 (IN), TLS handshake, CERT verify (15):
{ [264 bytes data]
* TLSv1.2 (IN), TLS header, Supplemental data (23):
{ [5 bytes data]
* TLSv1.3 (IN), TLS handshake, Finished (20):
{ [36 bytes data]
* TLSv1.2 (OUT), TLS header, Finished (20):
} [5 bytes data]
* TLSv1.3 (OUT), TLS change cipher, Change cipher spec (1):
} [1 bytes data]
* TLSv1.2 (OUT), TLS header, Supplemental data (23):
} [5 bytes data]
* TLSv1.3 (OUT), TLS handshake, Certificate (11):
} [6302 bytes data]
* TLSv1.2 (OUT), TLS header, Supplemental data (23):
} [5 bytes data]
* TLSv1.3 (OUT), TLS handshake, CERT verify (15):
} [264 bytes data]
* TLSv1.2 (OUT), TLS header, Supplemental data (23):
} [5 bytes data]
* TLSv1.3 (OUT), TLS handshake, Finished (20):
} [36 bytes data]
* SSL connection using TLSv1.3 / TLS_AES_128_GCM_SHA256
* ALPN, server accepted to use http/1.1
* Server certificate:
*  subject: DC=ch; DC=cern; OU=computers; CN=cmsweb.cern.ch
*  start date: May  6 09:49:35 2025 GMT
*  expire date: Jun 10 09:49:35 2026 GMT
*  subjectAltName: host "cmsweb.cern.ch" matched cert's "cmsweb.cern.ch"
*  issuer: DC=ch; DC=cern; CN=CERN Grid Certification Authority
*  SSL certificate verify ok.
* TLSv1.2 (OUT), TLS header, Supplemental data (23):
} [5 bytes data]
> DELETE /crabserver/prod/workflow HTTP/1.1
> Host: cmsweb.cern.ch:8443
> User-Agent: CRABClient/v3.250409
> Accept: */*
> Content-Length: 83
> Content-Type: application/x-www-form-urlencoded
> 
} [83 bytes data]
* TLSv1.2 (IN), TLS header, Supplemental data (23):
{ [5 bytes data]
* TLSv1.3 (IN), TLS handshake, Newsession Ticket (4):
{ [6416 bytes data]
* TLSv1.2 (IN), TLS header, Supplemental data (23):
{ [5 bytes data]
* Mark bundle as not supporting multiuse
< HTTP/1.1 400 Bad Request
< Content-Length: 735
< Content-Type: text/html;charset=utf-8
< Date: Fri, 16 May 2025 03:29:57 GMT
< Response-Proto: HTTP/1.1
< Response-Status: 400 Bad Request
< Response-Status-Code: 400
< Response-Time: 487.788473ms
< Response-Time-Seconds: 0.487788971
< X-Content-Type-Options: bla
< X-Error-Detail: This request are invalid.
< X-Error-Http: 400
< X-Error-Id: 9aaab00e8768103f1c45be27d6e6fdc6
< X-Rest-Status: 40001
< X-Rest-Time: 484852.791 us
< 
{ [722 bytes data]
* TLSv1.2 (IN), TLS header, Supplemental data (23):
{ [5 bytes data]
100   818  100   735  100    83   1457    164 --:--:-- --:--:-- --:--:--  1623
* Connection #0 to host cmsweb.cern.ch left intact
<!DOCTYPE html PUBLIC
"-//W3C//DTD XHTML 1.0 Transitional//EN"
"http://www.w3.org/TR/xhtml1/DTD/xhtml1-transitional.dtd">
<html>
<head>
    <meta http-equiv="Content-Type" content="text/html; charset=utf-8"></meta>
    <title>400 Bad Request</title>
    <style type="text/css">
    #powered_by {
        margin-top: 20px;
        border-top: 2px solid black;
        font-style: italic;
    }

    #traceback {
        color: red;
    }
    </style>
</head>
    <body>
        <h2>400 Bad Request</h2>
        <p>This request are invalid.</p>
        <pre id="traceback"></pre>
    <div id="powered_by">
      <span>
        Powered by <a href="http://www.cherrypy.dev">CherryPy 18.8.0</a>
      </span>
    </div>
    </body>
</html>

DEBUG 2025-05-16 03:30:24.270 UTC: 	 CRAB Client version: v3.250409
DEBUG 2025-05-16 03:30:24.270 UTC: 	 Running on: Linux lxplus982.cern.ch 5.14.0-503.35.1.el9_5.x86_64 #1 SMP PREEMPT_DYNAMIC Mon Mar 24 11:15:27 EDT 2025 x86_64 x86_64 x86_64 GNU/Linux
DEBUG 2025-05-16 03:30:24.270 UTC: 	 Not using Singularity
DEBUG 2025-05-16 03:30:24.270 UTC: 	 Operating System: Red Hat Enterprise Linux 9.5 (Plow)
DEBUG 2025-05-16 03:30:24.270 UTC: 	 Executing command: 'kill'
DEBUG 2025-05-16 03:30:24.270 UTC: 	 Found CRAB cache file /afs/cern.ch/user/a/amalhotr/.crab3
DEBUG 2025-05-16 03:30:24.294 UTC: 	 Checking credentials
DEBUG 2025-05-16 03:30:24.294 UTC: 	 Found proxy file /tmp/x509up_u180451
DEBUG 2025-05-16 03:30:24.294 UTC: 	 Making sure it has proper VOMS extension
DEBUG 2025-05-16 03:30:24.294 UTC: 	 Executing command :
 voms-proxy-info --vo --file /tmp/x509up_u180451
DEBUG 2025-05-16 03:30:24.628 UTC: 	 output : cms

 error: 
 retcode : 0
DEBUG 2025-05-16 03:30:24.629 UTC: 	 Getting proxy life time left
DEBUG 2025-05-16 03:30:24.629 UTC: 	 Executing command :
 voms-proxy-info --actimeleft --timeleft --file /tmp/x509up_u180451
DEBUG 2025-05-16 03:30:24.967 UTC: 	 output : 690574
690574

 error: 
 retcode : 0
DEBUG 2025-05-16 03:30:24.967 UTC: 	 Proxy valid for 191:49:34 hours
DEBUG 2025-05-16 03:30:24.967 UTC: 	 Encoded data for curl request: subresource=delegatedn
DEBUG 2025-05-16 03:30:25.006 UTC: 	 Registering user credentials on myproxy for /DC=ch/DC=cern/OU=computers/CN=crab-(preprod|prod)-tw(01|02).cern.ch|/DC=ch/DC=cern/OU=computers/CN=crab-dev-tw(01|02|03|04).cern.ch|/DC=ch/DC=cern/OU=Organic Units/OU=Users/CN=cmscrab/CN=(817881|373708)/CN=Robot: cms crab|/DC=ch/DC=cern/OU=Organic Units/OU=Users/CN=crabint1/CN=373708/CN=Robot: CMS CRAB Integration 1
DEBUG 2025-05-16 03:30:25.006 UTC: 	 Executing command :
 voms-proxy-info --identity --file /tmp/x509up_u180451
DEBUG 2025-05-16 03:30:25.359 UTC: 	 output : /DC=ch/DC=cern/OU=Organic Units/OU=Users/CN=amalhotr/CN=884837/CN=Aryan Malhotra

 error: 
 retcode : 0
DEBUG 2025-05-16 03:30:25.360 UTC: 	 Getting myproxy life time left for 2382a3cf28fdeacb1de9b039908761ea517a5ed6
DEBUG 2025-05-16 03:30:25.360 UTC: 	 Executing command :
 myproxy-info -s myproxy.cern.ch -l 2382a3cf28fdeacb1de9b039908761ea517a5ed6
DEBUG 2025-05-16 03:30:25.615 UTC: 	 output : username: 2382a3cf28fdeacb1de9b039908761ea517a5ed6
owner: /DC=ch/DC=cern/OU=Organic Units/OU=Users/CN=amalhotr/CN=884837/CN=Aryan Malhotra
  renewal policy: /DC=ch/DC=cern/OU=computers/CN=crab-(preprod|prod)-tw(01|02).cern.ch|/DC=ch/DC=cern/OU=computers/CN=crab-dev-tw(01|02|03|04).cern.ch|/DC=ch/DC=cern/OU=Organic Units/OU=Users/CN=cmscrab/CN=(817881|373708)/CN=Robot: cms crab|/DC=ch/DC=cern/OU=Organic Units/OU=Users/CN=crabint1/CN=373708/CN=Robot: CMS CRAB Integration 1
  trusted retrieval policy: /DC=ch/DC=cern/OU=computers/CN=crab-(preprod|prod)-tw(01|02).cern.ch|/DC=ch/DC=cern/OU=computers/CN=crab-dev-tw(01|02|03|04).cern.ch|/DC=ch/DC=cern/OU=Organic Units/OU=Users/CN=cmscrab/CN=(817881|373708)/CN=Robot: cms crab|/DC=ch/DC=cern/OU=Organic Units/OU=Users/CN=crabint1/CN=373708/CN=Robot: CMS CRAB Integration 1
  timeleft: 699:23:08  (29.1 days)

 error: 
 retcode : 0
DEBUG 2025-05-16 03:30:25.616 UTC: 	 Myproxy is valid: 2517780
DEBUG 2025-05-16 03:30:25.616 UTC: 	 Result of myproxy credential check:
  Credential exists on myproxy: username: 2382a3cf28fdeacb1de9b039908761ea517a5ed6  - validity: 29 days, 3:23:00
DEBUG 2025-05-16 03:30:25.616 UTC: 	 Command use: kill
DEBUG 2025-05-16 03:30:25.616 UTC: 	 Options use: ['-d', './crab_DY2Mu4Jets_ScoutingTree_CombinedChain_All_v5/']
DEBUG 2025-05-16 03:30:25.616 UTC: 	 Encoded data for curl request: subresource=version
DEBUG 2025-05-16 03:30:25.655 UTC: 	 CRABClient version: v3.250409
DEBUG 2025-05-16 03:30:25.655 UTC: 	 Instance is prod
DEBUG 2025-05-16 03:30:25.655 UTC: 	 Server base url is cmsweb.cern.ch
DEBUG 2025-05-16 03:30:25.655 UTC: 	 Command api workflow
DEBUG 2025-05-16 03:30:25.655 UTC: 	 Killing task 250516_032445:amalhotr_crab_DY2Mu4Jets_ScoutingTree_CombinedChain_All_v5
DEBUG 2025-05-16 03:30:25.656 UTC: 	 Encoded data for curl request: workflow=250516_032445%3Aamalhotr_crab_DY2Mu4Jets_ScoutingTree_CombinedChain_All_v5
DEBUG 2025-05-16 03:30:25.694 UTC: 	 Sleeping 20 seconds after HTTP error.
Error:
:  % Total    % Received % Xferd  Average Speed   Time    Time     Time  Current
                                 Dload  Upload   Total   Spent    Left  Speed
  0     0    0     0    0     0      0      0 --:--:-- --:--:-- --:--:--     0*   Trying 188.184.73.32:8443...
* Connected to cmsweb.cern.ch (188.184.73.32) port 8443 (#0)
* ALPN, offering http/1.1
*  CAfile: /etc/pki/tls/certs/ca-bundle.crt
*  CApath: /etc/grid-security/certificates/
* TLSv1.0 (OUT), TLS header, Certificate Status (22):
} [5 bytes data]
* TLSv1.3 (OUT), TLS handshake, Client hello (1):
} [512 bytes data]
* TLSv1.2 (IN), TLS header, Certificate Status (22):
{ [5 bytes data]
* TLSv1.3 (IN), TLS handshake, Server hello (2):
{ [122 bytes data]
* TLSv1.2 (IN), TLS header, Finished (20):
{ [5 bytes data]
* TLSv1.2 (IN), TLS header, Supplemental data (23):
{ [5 bytes data]
* TLSv1.3 (IN), TLS handshake, Encrypted Extensions (8):
{ [21 bytes data]
* TLSv1.2 (IN), TLS header, Supplemental data (23):
{ [5 bytes data]
* TLSv1.3 (IN), TLS handshake, Request CERT (13):
{ [7807 bytes data]
* TLSv1.2 (IN), TLS header, Supplemental data (23):
{ [5 bytes data]
* TLSv1.3 (IN), TLS handshake, Certificate (11):
{ [2064 bytes data]
* TLSv1.2 (IN), TLS header, Supplemental data (23):
{ [5 bytes data]
* TLSv1.3 (IN), TLS handshake, CERT verify (15):
{ [264 bytes data]
* TLSv1.2 (IN), TLS header, Supplemental data (23):
{ [5 bytes data]
* TLSv1.3 (IN), TLS handshake, Finished (20):
{ [36 bytes data]
* TLSv1.2 (OUT), TLS header, Finished (20):
} [5 bytes data]
* TLSv1.3 (OUT), TLS change cipher, Change cipher spec (1):
} [1 bytes data]
* TLSv1.2 (OUT), TLS header, Supplemental data (23):
} [5 bytes data]
* TLSv1.3 (OUT), TLS handshake, Certificate (11):
} [6302 bytes data]
* TLSv1.2 (OUT), TLS header, Supplemental data (23):
} [5 bytes data]
* TLSv1.3 (OUT), TLS handshake, CERT verify (15):
} [264 bytes data]
* TLSv1.2 (OUT), TLS header, Supplemental data (23):
} [5 bytes data]
* TLSv1.3 (OUT), TLS handshake, Finished (20):
} [36 bytes data]
* SSL connection using TLSv1.3 / TLS_AES_128_GCM_SHA256
* ALPN, server accepted to use http/1.1
* Server certificate:
*  subject: DC=ch; DC=cern; OU=computers; CN=cmsweb.cern.ch
*  start date: May  6 09:49:35 2025 GMT
*  expire date: Jun 10 09:49:35 2026 GMT
*  subjectAltName: host "cmsweb.cern.ch" matched cert's "cmsweb.cern.ch"
*  issuer: DC=ch; DC=cern; CN=CERN Grid Certification Authority
*  SSL certificate verify ok.
* TLSv1.2 (OUT), TLS header, Supplemental data (23):
} [5 bytes data]
> DELETE /crabserver/prod/workflow HTTP/1.1
> Host: cmsweb.cern.ch:8443
> User-Agent: CRABClient/v3.250409
> Accept: */*
> Content-Length: 83
> Content-Type: application/x-www-form-urlencoded
> 
} [83 bytes data]
* TLSv1.2 (IN), TLS header, Supplemental data (23):
{ [5 bytes data]
* TLSv1.3 (IN), TLS handshake, Newsession Ticket (4):
{ [6416 bytes data]
* TLSv1.2 (IN), TLS header, Supplemental data (23):
{ [5 bytes data]
* Mark bundle as not supporting multiuse
< HTTP/1.1 400 Bad Request
< Content-Length: 735
< Content-Type: text/html;charset=utf-8
< Date: Fri, 16 May 2025 03:30:25 GMT
< Response-Proto: HTTP/1.1
< Response-Status: 400 Bad Request
< Response-Status-Code: 400
< Response-Time: 7.972058ms
< Response-Time-Seconds: 0.007973085
< X-Content-Type-Options: bla
< X-Error-Detail: This request are invalid.
< X-Error-Http: 400
< X-Error-Id: cdc29d60c1397662cea34e0faa191ed1
< X-Rest-Status: 40001
< X-Rest-Time: 4517.078 us
< 
{ [726 bytes data]
* TLSv1.2 (IN), TLS header, Supplemental data (23):
{ [5 bytes data]
100   818  100   735  100    83  29779   3362 --:--:-- --:--:-- --:--:-- 34083
* Connection #0 to host cmsweb.cern.ch left intact
<!DOCTYPE html PUBLIC
"-//W3C//DTD XHTML 1.0 Transitional//EN"
"http://www.w3.org/TR/xhtml1/DTD/xhtml1-transitional.dtd">
<html>
<head>
    <meta http-equiv="Content-Type" content="text/html; charset=utf-8"></meta>
    <title>400 Bad Request</title>
    <style type="text/css">
    #powered_by {
        margin-top: 20px;
        border-top: 2px solid black;
        font-style: italic;
    }

    #traceback {
        color: red;
    }
    </style>
</head>
    <body>
        <h2>400 Bad Request</h2>
        <p>This request are invalid.</p>
        <pre id="traceback"></pre>
    <div id="powered_by">
      <span>
        Powered by <a href="http://www.cherrypy.dev">CherryPy 18.8.0</a>
      </span>
    </div>
    </body>
</html>

DEBUG 2025-05-16 03:30:26.225 UTC: 	 Sleeping 31 seconds after HTTP error.
Error:
:  % Total    % Received % Xferd  Average Speed   Time    Time     Time  Current
                                 Dload  Upload   Total   Spent    Left  Speed
  0     0    0     0    0     0      0      0 --:--:-- --:--:-- --:--:--     0*   Trying 188.184.75.82:8443...
* Connected to cmsweb.cern.ch (188.184.75.82) port 8443 (#0)
* ALPN, offering http/1.1
*  CAfile: /etc/pki/tls/certs/ca-bundle.crt
*  CApath: /etc/grid-security/certificates/
* TLSv1.0 (OUT), TLS header, Certificate Status (22):
} [5 bytes data]
* TLSv1.3 (OUT), TLS handshake, Client hello (1):
} [512 bytes data]
* TLSv1.2 (IN), TLS header, Certificate Status (22):
{ [5 bytes data]
* TLSv1.3 (IN), TLS handshake, Server hello (2):
{ [122 bytes data]
* TLSv1.2 (IN), TLS header, Finished (20):
{ [5 bytes data]
* TLSv1.2 (IN), TLS header, Supplemental data (23):
{ [5 bytes data]
* TLSv1.3 (IN), TLS handshake, Encrypted Extensions (8):
{ [21 bytes data]
* TLSv1.2 (IN), TLS header, Supplemental data (23):
{ [5 bytes data]
* TLSv1.3 (IN), TLS handshake, Request CERT (13):
{ [7807 bytes data]
* TLSv1.2 (IN), TLS header, Supplemental data (23):
{ [5 bytes data]
* TLSv1.3 (IN), TLS handshake, Certificate (11):
{ [2064 bytes data]
* TLSv1.2 (IN), TLS header, Supplemental data (23):
{ [5 bytes data]
* TLSv1.3 (IN), TLS handshake, CERT verify (15):
{ [264 bytes data]
* TLSv1.2 (IN), TLS header, Supplemental data (23):
{ [5 bytes data]
* TLSv1.3 (IN), TLS handshake, Finished (20):
{ [36 bytes data]
* TLSv1.2 (OUT), TLS header, Finished (20):
} [5 bytes data]
* TLSv1.3 (OUT), TLS change cipher, Change cipher spec (1):
} [1 bytes data]
* TLSv1.2 (OUT), TLS header, Supplemental data (23):
} [5 bytes data]
* TLSv1.3 (OUT), TLS handshake, Certificate (11):
} [6302 bytes data]
* TLSv1.2 (OUT), TLS header, Supplemental data (23):
} [5 bytes data]
* TLSv1.3 (OUT), TLS handshake, CERT verify (15):
} [264 bytes data]
* TLSv1.2 (OUT), TLS header, Supplemental data (23):
} [5 bytes data]
* TLSv1.3 (OUT), TLS handshake, Finished (20):
} [36 bytes data]
* SSL connection using TLSv1.3 / TLS_AES_128_GCM_SHA256
* ALPN, server accepted to use http/1.1
* Server certificate:
*  subject: DC=ch; DC=cern; OU=computers; CN=cmsweb.cern.ch
*  start date: May  6 09:49:35 2025 GMT
*  expire date: Jun 10 09:49:35 2026 GMT
*  subjectAltName: host "cmsweb.cern.ch" matched cert's "cmsweb.cern.ch"
*  issuer: DC=ch; DC=cern; CN=CERN Grid Certification Authority
*  SSL certificate verify ok.
* TLSv1.2 (OUT), TLS header, Supplemental data (23):
} [5 bytes data]
> DELETE /crabserver/prod/workflow HTTP/1.1
> Host: cmsweb.cern.ch:8443
> User-Agent: CRABClient/v3.250409
> Accept: */*
> Content-Length: 83
> Content-Type: application/x-www-form-urlencoded
> 
} [83 bytes data]
* TLSv1.2 (IN), TLS header, Supplemental data (23):
{ [5 bytes data]
* TLSv1.3 (IN), TLS handshake, Newsession Ticket (4):
{ [6416 bytes data]
100    83    0     0  100    83      0    408 --:--:-- --:--:-- --:--:--   408* TLSv1.2 (IN), TLS header, Supplemental data (23):
{ [5 bytes data]
* Mark bundle as not supporting multiuse
< HTTP/1.1 400 Bad Request
< Content-Length: 735
< Content-Type: text/html;charset=utf-8
< Date: Fri, 16 May 2025 03:30:26 GMT
< Response-Proto: HTTP/1.1
< Response-Status: 400 Bad Request
< Response-Status-Code: 400
< Response-Time: 500.696232ms
< Response-Time-Seconds: 0.500697169
< X-Content-Type-Options: bla
< X-Error-Detail: This request are invalid.
< X-Error-Http: 400
< X-Error-Id: 9e3667288fc061df64bf7d4658987fe6
< X-Rest-Status: 40001
< X-Rest-Time: 496880.054 us
< 
{ [722 bytes data]
* TLSv1.2 (IN), TLS header, Supplemental data (23):
{ [5 bytes data]
100   818  100   735  100    83   1422    160 --:--:-- --:--:-- --:--:--  1582
* Connection #0 to host cmsweb.cern.ch left intact
<!DOCTYPE html PUBLIC
"-//W3C//DTD XHTML 1.0 Transitional//EN"
"http://www.w3.org/TR/xhtml1/DTD/xhtml1-transitional.dtd">
<html>
<head>
    <meta http-equiv="Content-Type" content="text/html; charset=utf-8"></meta>
    <title>400 Bad Request</title>
    <style type="text/css">
    #powered_by {
        margin-top: 20px;
        border-top: 2px solid black;
        font-style: italic;
    }

    #traceback {
        color: red;
    }
    </style>
</head>
    <body>
        <h2>400 Bad Request</h2>
        <p>This request are invalid.</p>
        <pre id="traceback"></pre>
    <div id="powered_by">
      <span>
        Powered by <a href="http://www.cherrypy.dev">CherryPy 18.8.0</a>
      </span>
    </div>
    </body>
</html>

INFO 2025-05-16 03:30:26.758 UTC: 	 Fatal error trying to connect to https://cmsweb.cern.ch:8443/crabserver/prod/workflow using workflow=250516_032445%3Aamalhotr_crab_DY2Mu4Jets_ScoutingTree_CombinedChain_All_v5.
exit code from curl = 0
HTTP code/reason = 400/Bad Request .  stdout:
<!DOCTYPE html PUBLIC
"-//W3C//DTD XHTML 1.0 Transitional//EN"
"http://www.w3.org/TR/xhtml1/DTD/xhtml1-transitional.dtd">
<html>
<head>
    <meta http-equiv="Content-Type" content="text/html; charset=utf-8"></meta>
    <title>400 Bad Request</title>
    <style type="text/css">
    #powered_by {
        margin-top: 20px;
        border-top: 2px solid black;
        font-style: italic;
    }

    #traceback {
        color: red;
    }
    </style>
</head>
    <body>
        <h2>400 Bad Request</h2>
        <p>This request are invalid.</p>
        <pre id="traceback"></pre>
    <div id="powered_by">
      <span>
        Powered by <a href="http://www.cherrypy.dev">CherryPy 18.8.0</a>
      </span>
    </div>
    </body>
</html>

INFO 2025-05-16 03:30:26.758 UTC: 	 The server answered with an error.
DEBUG 2025-05-16 03:30:26.758 UTC: 	 
INFO 2025-05-16 03:30:26.759 UTC: 	 Server answered with: This request are invalid.
INFO 2025-05-16 03:30:26.759 UTC: 	 Error Id: d7ef2477376cfc88c80c68b0cd5f067e
ERROR 2025-05-16 03:30:26.759 UTC: 	 Caught RESTInterfaceException exception
Traceback (most recent call last):
  File "/cvmfs/cms.cern.ch/share/cms/crab-prod/v3.250409.00/bin/crab.py", line 157, in <module>
    client()
  File "/cvmfs/cms.cern.ch/share/cms/crab-prod/v3.250409.00/bin/crab.py", line 142, in __call__
    returnDict = self.cmd()
  File "/cvmfs/cms.cern.ch/share/cms/crab-prod/v3.250409.00/lib/CRABClient/Commands/kill.py", line 29, in __call__
    dictresult, status, reason = server.delete(api=self.defaultApi, data=urlencode(inputs))
  File "/cvmfs/cms.cern.ch/share/cms/crab-prod/v3.250409.00/lib/CRABClient/RestInterfaces.py", line 291, in delete
    return self.server.delete(uri, data)
  File "/cvmfs/cms.cern.ch/share/cms/crab-prod/v3.250409.00/lib/CRABClient/RestInterfaces.py", line 139, in delete
    return self.makeRequest(uri=uri, data=data, verb='DELETE')
  File "/cvmfs/cms.cern.ch/share/cms/crab-prod/v3.250409.00/lib/CRABClient/RestInterfaces.py", line 225, in makeRequest
    raise RESTInterfaceException(stderr)
CRABClient.ClientExceptions.RESTInterfaceException:   % Total    % Received % Xferd  Average Speed   Time    Time     Time  Current
                                 Dload  Upload   Total   Spent    Left  Speed
  0     0    0     0    0     0      0      0 --:--:-- --:--:-- --:--:--     0*   Trying 137.138.154.184:8443...
* Connected to cmsweb.cern.ch (137.138.154.184) port 8443 (#0)
* ALPN, offering http/1.1
*  CAfile: /etc/pki/tls/certs/ca-bundle.crt
*  CApath: /etc/grid-security/certificates/
* TLSv1.0 (OUT), TLS header, Certificate Status (22):
} [5 bytes data]
* TLSv1.3 (OUT), TLS handshake, Client hello (1):
} [512 bytes data]
* TLSv1.2 (IN), TLS header, Certificate Status (22):
{ [5 bytes data]
* TLSv1.3 (IN), TLS handshake, Server hello (2):
{ [122 bytes data]
* TLSv1.2 (IN), TLS header, Finished (20):
{ [5 bytes data]
* TLSv1.2 (IN), TLS header, Supplemental data (23):
{ [5 bytes data]
* TLSv1.3 (IN), TLS handshake, Encrypted Extensions (8):
{ [21 bytes data]
* TLSv1.2 (IN), TLS header, Supplemental data (23):
{ [5 bytes data]
* TLSv1.3 (IN), TLS handshake, Request CERT (13):
{ [7807 bytes data]
* TLSv1.2 (IN), TLS header, Supplemental data (23):
{ [5 bytes data]
* TLSv1.3 (IN), TLS handshake, Certificate (11):
{ [2064 bytes data]
* TLSv1.2 (IN), TLS header, Supplemental data (23):
{ [5 bytes data]
* TLSv1.3 (IN), TLS handshake, CERT verify (15):
{ [264 bytes data]
* TLSv1.2 (IN), TLS header, Supplemental data (23):
{ [5 bytes data]
* TLSv1.3 (IN), TLS handshake, Finished (20):
{ [36 bytes data]
* TLSv1.2 (OUT), TLS header, Finished (20):
} [5 bytes data]
* TLSv1.3 (OUT), TLS change cipher, Change cipher spec (1):
} [1 bytes data]
* TLSv1.2 (OUT), TLS header, Supplemental data (23):
} [5 bytes data]
* TLSv1.3 (OUT), TLS handshake, Certificate (11):
} [6302 bytes data]
* TLSv1.2 (OUT), TLS header, Supplemental data (23):
} [5 bytes data]
* TLSv1.3 (OUT), TLS handshake, CERT verify (15):
} [264 bytes data]
* TLSv1.2 (OUT), TLS header, Supplemental data (23):
} [5 bytes data]
* TLSv1.3 (OUT), TLS handshake, Finished (20):
} [36 bytes data]
* SSL connection using TLSv1.3 / TLS_AES_128_GCM_SHA256
* ALPN, server accepted to use http/1.1
* Server certificate:
*  subject: DC=ch; DC=cern; OU=computers; CN=cmsweb.cern.ch
*  start date: May  6 09:49:35 2025 GMT
*  expire date: Jun 10 09:49:35 2026 GMT
*  subjectAltName: host "cmsweb.cern.ch" matched cert's "cmsweb.cern.ch"
*  issuer: DC=ch; DC=cern; CN=CERN Grid Certification Authority
*  SSL certificate verify ok.
* TLSv1.2 (OUT), TLS header, Supplemental data (23):
} [5 bytes data]
> DELETE /crabserver/prod/workflow HTTP/1.1
> Host: cmsweb.cern.ch:8443
> User-Agent: CRABClient/v3.250409
> Accept: */*
> Content-Length: 83
> Content-Type: application/x-www-form-urlencoded
> 
} [83 bytes data]
* TLSv1.2 (IN), TLS header, Supplemental data (23):
{ [5 bytes data]
* TLSv1.3 (IN), TLS handshake, Newsession Ticket (4):
{ [6416 bytes data]
* TLSv1.2 (IN), TLS header, Supplemental data (23):
{ [5 bytes data]
* Mark bundle as not supporting multiuse
< HTTP/1.1 400 Bad Request
< Content-Length: 735
< Content-Type: text/html;charset=utf-8
< Date: Fri, 16 May 2025 03:30:26 GMT
< Response-Proto: HTTP/1.1
< Response-Status: 400 Bad Request
< Response-Status-Code: 400
< Response-Time: 500.228248ms
< Response-Time-Seconds: 0.500228892
< X-Content-Type-Options: bla
< X-Error-Detail: This request are invalid.
< X-Error-Http: 400
< X-Error-Id: d7ef2477376cfc88c80c68b0cd5f067e
< X-Rest-Status: 40001
< X-Rest-Time: 496773.958 us
< 
{ [722 bytes data]
 98   818   98   722  100    83   1398    160 --:--:-- --:--:-- --:--:--  1557* TLSv1.2 (IN), TLS header, Supplemental data (23):
{ [5 bytes data]
100   818  100   735  100    83   1422    160 --:--:-- --:--:-- --:--:--  1582
* Connection #0 to host cmsweb.cern.ch left intact
<!DOCTYPE html PUBLIC
"-//W3C//DTD XHTML 1.0 Transitional//EN"
"http://www.w3.org/TR/xhtml1/DTD/xhtml1-transitional.dtd">
<html>
<head>
    <meta http-equiv="Content-Type" content="text/html; charset=utf-8"></meta>
    <title>400 Bad Request</title>
    <style type="text/css">
    #powered_by {
        margin-top: 20px;
        border-top: 2px solid black;
        font-style: italic;
    }

    #traceback {
        color: red;
    }
    </style>
</head>
    <body>
        <h2>400 Bad Request</h2>
        <p>This request are invalid.</p>
        <pre id="traceback"></pre>
    <div id="powered_by">
      <span>
        Powered by <a href="http://www.cherrypy.dev">CherryPy 18.8.0</a>
      </span>
    </div>
    </body>
</html>

DEBUG 2025-05-16 03:30:54.049 UTC: 	 CRAB Client version: v3.250409
DEBUG 2025-05-16 03:30:54.049 UTC: 	 Running on: Linux lxplus982.cern.ch 5.14.0-503.35.1.el9_5.x86_64 #1 SMP PREEMPT_DYNAMIC Mon Mar 24 11:15:27 EDT 2025 x86_64 x86_64 x86_64 GNU/Linux
DEBUG 2025-05-16 03:30:54.049 UTC: 	 Not using Singularity
DEBUG 2025-05-16 03:30:54.049 UTC: 	 Operating System: Red Hat Enterprise Linux 9.5 (Plow)
DEBUG 2025-05-16 03:30:54.049 UTC: 	 Executing command: 'kill'
DEBUG 2025-05-16 03:30:54.049 UTC: 	 Found CRAB cache file /afs/cern.ch/user/a/amalhotr/.crab3
DEBUG 2025-05-16 03:30:54.200 UTC: 	 Checking credentials
DEBUG 2025-05-16 03:30:54.200 UTC: 	 Found proxy file /tmp/x509up_u180451
DEBUG 2025-05-16 03:30:54.200 UTC: 	 Making sure it has proper VOMS extension
DEBUG 2025-05-16 03:30:54.200 UTC: 	 Executing command :
 voms-proxy-info --vo --file /tmp/x509up_u180451
DEBUG 2025-05-16 03:30:54.559 UTC: 	 output : cms

 error: 
 retcode : 0
DEBUG 2025-05-16 03:30:54.560 UTC: 	 Getting proxy life time left
DEBUG 2025-05-16 03:30:54.560 UTC: 	 Executing command :
 voms-proxy-info --actimeleft --timeleft --file /tmp/x509up_u180451
DEBUG 2025-05-16 03:30:54.913 UTC: 	 output : 690544
690544

 error: 
 retcode : 0
DEBUG 2025-05-16 03:30:54.913 UTC: 	 Proxy valid for 191:49:04 hours
DEBUG 2025-05-16 03:30:54.914 UTC: 	 Encoded data for curl request: subresource=delegatedn
DEBUG 2025-05-16 03:30:54.954 UTC: 	 Registering user credentials on myproxy for /DC=ch/DC=cern/OU=computers/CN=crab-(preprod|prod)-tw(01|02).cern.ch|/DC=ch/DC=cern/OU=computers/CN=crab-dev-tw(01|02|03|04).cern.ch|/DC=ch/DC=cern/OU=Organic Units/OU=Users/CN=cmscrab/CN=(817881|373708)/CN=Robot: cms crab|/DC=ch/DC=cern/OU=Organic Units/OU=Users/CN=crabint1/CN=373708/CN=Robot: CMS CRAB Integration 1
DEBUG 2025-05-16 03:30:54.954 UTC: 	 Executing command :
 voms-proxy-info --identity --file /tmp/x509up_u180451
DEBUG 2025-05-16 03:30:55.318 UTC: 	 output : /DC=ch/DC=cern/OU=Organic Units/OU=Users/CN=amalhotr/CN=884837/CN=Aryan Malhotra

 error: 
 retcode : 0
DEBUG 2025-05-16 03:30:55.318 UTC: 	 Getting myproxy life time left for 2382a3cf28fdeacb1de9b039908761ea517a5ed6
DEBUG 2025-05-16 03:30:55.318 UTC: 	 Executing command :
 myproxy-info -s myproxy.cern.ch -l 2382a3cf28fdeacb1de9b039908761ea517a5ed6
DEBUG 2025-05-16 03:30:55.592 UTC: 	 output : username: 2382a3cf28fdeacb1de9b039908761ea517a5ed6
owner: /DC=ch/DC=cern/OU=Organic Units/OU=Users/CN=amalhotr/CN=884837/CN=Aryan Malhotra
  renewal policy: /DC=ch/DC=cern/OU=computers/CN=crab-(preprod|prod)-tw(01|02).cern.ch|/DC=ch/DC=cern/OU=computers/CN=crab-dev-tw(01|02|03|04).cern.ch|/DC=ch/DC=cern/OU=Organic Units/OU=Users/CN=cmscrab/CN=(817881|373708)/CN=Robot: cms crab|/DC=ch/DC=cern/OU=Organic Units/OU=Users/CN=crabint1/CN=373708/CN=Robot: CMS CRAB Integration 1
  trusted retrieval policy: /DC=ch/DC=cern/OU=computers/CN=crab-(preprod|prod)-tw(01|02).cern.ch|/DC=ch/DC=cern/OU=computers/CN=crab-dev-tw(01|02|03|04).cern.ch|/DC=ch/DC=cern/OU=Organic Units/OU=Users/CN=cmscrab/CN=(817881|373708)/CN=Robot: cms crab|/DC=ch/DC=cern/OU=Organic Units/OU=Users/CN=crabint1/CN=373708/CN=Robot: CMS CRAB Integration 1
  timeleft: 699:22:38  (29.1 days)

 error: 
 retcode : 0
DEBUG 2025-05-16 03:30:55.593 UTC: 	 Myproxy is valid: 2517720
DEBUG 2025-05-16 03:30:55.593 UTC: 	 Result of myproxy credential check:
  Credential exists on myproxy: username: 2382a3cf28fdeacb1de9b039908761ea517a5ed6  - validity: 29 days, 3:22:00
DEBUG 2025-05-16 03:30:55.593 UTC: 	 Command use: kill
DEBUG 2025-05-16 03:30:55.593 UTC: 	 Options use: ['-d', 'crab_DY2Mu4Jets_ScoutingTree_CombinedChain_All_v5']
DEBUG 2025-05-16 03:30:55.593 UTC: 	 Encoded data for curl request: subresource=version
DEBUG 2025-05-16 03:30:55.637 UTC: 	 CRABClient version: v3.250409
DEBUG 2025-05-16 03:30:55.637 UTC: 	 Instance is prod
DEBUG 2025-05-16 03:30:55.637 UTC: 	 Server base url is cmsweb.cern.ch
DEBUG 2025-05-16 03:30:55.637 UTC: 	 Command api workflow
DEBUG 2025-05-16 03:30:55.637 UTC: 	 Killing task 250516_032445:amalhotr_crab_DY2Mu4Jets_ScoutingTree_CombinedChain_All_v5
DEBUG 2025-05-16 03:30:55.637 UTC: 	 Encoded data for curl request: workflow=250516_032445%3Aamalhotr_crab_DY2Mu4Jets_ScoutingTree_CombinedChain_All_v5
DEBUG 2025-05-16 03:30:55.687 UTC: 	 Sleeping 18 seconds after HTTP error.
Error:
:  % Total    % Received % Xferd  Average Speed   Time    Time     Time  Current
                                 Dload  Upload   Total   Spent    Left  Speed
  0     0    0     0    0     0      0      0 --:--:-- --:--:-- --:--:--     0*   Trying 188.184.73.32:8443...
* Connected to cmsweb.cern.ch (188.184.73.32) port 8443 (#0)
* ALPN, offering http/1.1
*  CAfile: /etc/pki/tls/certs/ca-bundle.crt
*  CApath: /etc/grid-security/certificates/
* TLSv1.0 (OUT), TLS header, Certificate Status (22):
} [5 bytes data]
* TLSv1.3 (OUT), TLS handshake, Client hello (1):
} [512 bytes data]
* TLSv1.2 (IN), TLS header, Certificate Status (22):
{ [5 bytes data]
* TLSv1.3 (IN), TLS handshake, Server hello (2):
{ [122 bytes data]
* TLSv1.2 (IN), TLS header, Finished (20):
{ [5 bytes data]
* TLSv1.2 (IN), TLS header, Supplemental data (23):
{ [5 bytes data]
* TLSv1.3 (IN), TLS handshake, Encrypted Extensions (8):
{ [21 bytes data]
* TLSv1.2 (IN), TLS header, Supplemental data (23):
{ [5 bytes data]
* TLSv1.3 (IN), TLS handshake, Request CERT (13):
{ [7807 bytes data]
* TLSv1.2 (IN), TLS header, Supplemental data (23):
{ [5 bytes data]
* TLSv1.3 (IN), TLS handshake, Certificate (11):
{ [2064 bytes data]
* TLSv1.2 (IN), TLS header, Supplemental data (23):
{ [5 bytes data]
* TLSv1.3 (IN), TLS handshake, CERT verify (15):
{ [264 bytes data]
* TLSv1.2 (IN), TLS header, Supplemental data (23):
{ [5 bytes data]
* TLSv1.3 (IN), TLS handshake, Finished (20):
{ [36 bytes data]
* TLSv1.2 (OUT), TLS header, Finished (20):
} [5 bytes data]
* TLSv1.3 (OUT), TLS change cipher, Change cipher spec (1):
} [1 bytes data]
* TLSv1.2 (OUT), TLS header, Supplemental data (23):
} [5 bytes data]
* TLSv1.3 (OUT), TLS handshake, Certificate (11):
} [6302 bytes data]
* TLSv1.2 (OUT), TLS header, Supplemental data (23):
} [5 bytes data]
* TLSv1.3 (OUT), TLS handshake, CERT verify (15):
} [264 bytes data]
* TLSv1.2 (OUT), TLS header, Supplemental data (23):
} [5 bytes data]
* TLSv1.3 (OUT), TLS handshake, Finished (20):
} [36 bytes data]
* SSL connection using TLSv1.3 / TLS_AES_128_GCM_SHA256
* ALPN, server accepted to use http/1.1
* Server certificate:
*  subject: DC=ch; DC=cern; OU=computers; CN=cmsweb.cern.ch
*  start date: May  6 09:49:35 2025 GMT
*  expire date: Jun 10 09:49:35 2026 GMT
*  subjectAltName: host "cmsweb.cern.ch" matched cert's "cmsweb.cern.ch"
*  issuer: DC=ch; DC=cern; CN=CERN Grid Certification Authority
*  SSL certificate verify ok.
* TLSv1.2 (OUT), TLS header, Supplemental data (23):
} [5 bytes data]
> DELETE /crabserver/prod/workflow HTTP/1.1
> Host: cmsweb.cern.ch:8443
> User-Agent: CRABClient/v3.250409
> Accept: */*
> Content-Length: 83
> Content-Type: application/x-www-form-urlencoded
> 
} [83 bytes data]
* TLSv1.2 (IN), TLS header, Supplemental data (23):
{ [5 bytes data]
* TLSv1.3 (IN), TLS handshake, Newsession Ticket (4):
{ [6416 bytes data]
* TLSv1.2 (IN), TLS header, Supplemental data (23):
{ [5 bytes data]
* Mark bundle as not supporting multiuse
< HTTP/1.1 400 Bad Request
< Content-Length: 735
< Content-Type: text/html;charset=utf-8
< Date: Fri, 16 May 2025 03:30:55 GMT
< Response-Proto: HTTP/1.1
< Response-Status: 400 Bad Request
< Response-Status-Code: 400
< Response-Time: 12.363814ms
< Response-Time-Seconds: 0.012364378
< X-Content-Type-Options: bla
< X-Error-Detail: This request are invalid.
< X-Error-Http: 400
< X-Error-Id: f580bbb94615568006e9211bcae7a3ab
< X-Rest-Status: 40001
< X-Rest-Time: 8928.299 us
< 
{ [725 bytes data]
* TLSv1.2 (IN), TLS header, Supplemental data (23):
{ [5 bytes data]
100   818  100   735  100    83  25817   2915 --:--:-- --:--:-- --:--:-- 29214
* Connection #0 to host cmsweb.cern.ch left intact
<!DOCTYPE html PUBLIC
"-//W3C//DTD XHTML 1.0 Transitional//EN"
"http://www.w3.org/TR/xhtml1/DTD/xhtml1-transitional.dtd">
<html>
<head>
    <meta http-equiv="Content-Type" content="text/html; charset=utf-8"></meta>
    <title>400 Bad Request</title>
    <style type="text/css">
    #powered_by {
        margin-top: 20px;
        border-top: 2px solid black;
        font-style: italic;
    }

    #traceback {
        color: red;
    }
    </style>
</head>
    <body>
        <h2>400 Bad Request</h2>
        <p>This request are invalid.</p>
        <pre id="traceback"></pre>
    <div id="powered_by">
      <span>
        Powered by <a href="http://www.cherrypy.dev">CherryPy 18.8.0</a>
      </span>
    </div>
    </body>
</html>

DEBUG 2025-05-16 03:30:55.728 UTC: 	 Sleeping 47 seconds after HTTP error.
Error:
:  % Total    % Received % Xferd  Average Speed   Time    Time     Time  Current
                                 Dload  Upload   Total   Spent    Left  Speed
  0     0    0     0    0     0      0      0 --:--:-- --:--:-- --:--:--     0*   Trying 188.185.89.202:8443...
* Connected to cmsweb.cern.ch (188.185.89.202) port 8443 (#0)
* ALPN, offering http/1.1
*  CAfile: /etc/pki/tls/certs/ca-bundle.crt
*  CApath: /etc/grid-security/certificates/
* TLSv1.0 (OUT), TLS header, Certificate Status (22):
} [5 bytes data]
* TLSv1.3 (OUT), TLS handshake, Client hello (1):
} [512 bytes data]
* TLSv1.2 (IN), TLS header, Certificate Status (22):
{ [5 bytes data]
* TLSv1.3 (IN), TLS handshake, Server hello (2):
{ [122 bytes data]
* TLSv1.2 (IN), TLS header, Finished (20):
{ [5 bytes data]
* TLSv1.2 (IN), TLS header, Supplemental data (23):
{ [5 bytes data]
* TLSv1.3 (IN), TLS handshake, Encrypted Extensions (8):
{ [21 bytes data]
* TLSv1.2 (IN), TLS header, Supplemental data (23):
{ [5 bytes data]
* TLSv1.3 (IN), TLS handshake, Request CERT (13):
{ [7807 bytes data]
* TLSv1.2 (IN), TLS header, Supplemental data (23):
{ [5 bytes data]
* TLSv1.3 (IN), TLS handshake, Certificate (11):
{ [2064 bytes data]
* TLSv1.2 (IN), TLS header, Supplemental data (23):
{ [5 bytes data]
* TLSv1.3 (IN), TLS handshake, CERT verify (15):
{ [264 bytes data]
* TLSv1.2 (IN), TLS header, Supplemental data (23):
{ [5 bytes data]
* TLSv1.3 (IN), TLS handshake, Finished (20):
{ [36 bytes data]
* TLSv1.2 (OUT), TLS header, Finished (20):
} [5 bytes data]
* TLSv1.3 (OUT), TLS change cipher, Change cipher spec (1):
} [1 bytes data]
* TLSv1.2 (OUT), TLS header, Supplemental data (23):
} [5 bytes data]
* TLSv1.3 (OUT), TLS handshake, Certificate (11):
} [6302 bytes data]
* TLSv1.2 (OUT), TLS header, Supplemental data (23):
} [5 bytes data]
* TLSv1.3 (OUT), TLS handshake, CERT verify (15):
} [264 bytes data]
* TLSv1.2 (OUT), TLS header, Supplemental data (23):
} [5 bytes data]
* TLSv1.3 (OUT), TLS handshake, Finished (20):
} [36 bytes data]
* SSL connection using TLSv1.3 / TLS_AES_128_GCM_SHA256
* ALPN, server accepted to use http/1.1
* Server certificate:
*  subject: DC=ch; DC=cern; OU=computers; CN=cmsweb.cern.ch
*  start date: May  6 09:49:35 2025 GMT
*  expire date: Jun 10 09:49:35 2026 GMT
*  subjectAltName: host "cmsweb.cern.ch" matched cert's "cmsweb.cern.ch"
*  issuer: DC=ch; DC=cern; CN=CERN Grid Certification Authority
*  SSL certificate verify ok.
* TLSv1.2 (OUT), TLS header, Supplemental data (23):
} [5 bytes data]
> DELETE /crabserver/prod/workflow HTTP/1.1
> Host: cmsweb.cern.ch:8443
> User-Agent: CRABClient/v3.250409
> Accept: */*
> Content-Length: 83
> Content-Type: application/x-www-form-urlencoded
> 
} [83 bytes data]
* TLSv1.2 (IN), TLS header, Supplemental data (23):
{ [5 bytes data]
* TLSv1.3 (IN), TLS handshake, Newsession Ticket (4):
{ [6416 bytes data]
* TLSv1.2 (IN), TLS header, Supplemental data (23):
{ [5 bytes data]
* Mark bundle as not supporting multiuse
< HTTP/1.1 400 Bad Request
< Content-Length: 735
< Content-Type: text/html;charset=utf-8
< Date: Fri, 16 May 2025 03:30:55 GMT
< Response-Proto: HTTP/1.1
< Response-Status: 400 Bad Request
< Response-Status-Code: 400
< Response-Time: 10.338714ms
< Response-Time-Seconds: 0.010339259
< X-Content-Type-Options: bla
< X-Error-Detail: This request are invalid.
< X-Error-Http: 400
< X-Error-Id: 720f13a40c1fd0772dc49975ed9fbee3
< X-Rest-Status: 40001
< X-Rest-Time: 7173.538 us
< 
{ [725 bytes data]
* TLSv1.2 (IN), TLS header, Supplemental data (23):
{ [5 bytes data]
100   818  100   735  100    83  28433   3210 --:--:-- --:--:-- --:--:-- 32720
* Connection #0 to host cmsweb.cern.ch left intact
<!DOCTYPE html PUBLIC
"-//W3C//DTD XHTML 1.0 Transitional//EN"
"http://www.w3.org/TR/xhtml1/DTD/xhtml1-transitional.dtd">
<html>
<head>
    <meta http-equiv="Content-Type" content="text/html; charset=utf-8"></meta>
    <title>400 Bad Request</title>
    <style type="text/css">
    #powered_by {
        margin-top: 20px;
        border-top: 2px solid black;
        font-style: italic;
    }

    #traceback {
        color: red;
    }
    </style>
</head>
    <body>
        <h2>400 Bad Request</h2>
        <p>This request are invalid.</p>
        <pre id="traceback"></pre>
    <div id="powered_by">
      <span>
        Powered by <a href="http://www.cherrypy.dev">CherryPy 18.8.0</a>
      </span>
    </div>
    </body>
</html>

INFO 2025-05-16 03:30:55.773 UTC: 	 Fatal error trying to connect to https://cmsweb.cern.ch:8443/crabserver/prod/workflow using workflow=250516_032445%3Aamalhotr_crab_DY2Mu4Jets_ScoutingTree_CombinedChain_All_v5.
exit code from curl = 0
HTTP code/reason = 400/Bad Request .  stdout:
<!DOCTYPE html PUBLIC
"-//W3C//DTD XHTML 1.0 Transitional//EN"
"http://www.w3.org/TR/xhtml1/DTD/xhtml1-transitional.dtd">
<html>
<head>
    <meta http-equiv="Content-Type" content="text/html; charset=utf-8"></meta>
    <title>400 Bad Request</title>
    <style type="text/css">
    #powered_by {
        margin-top: 20px;
        border-top: 2px solid black;
        font-style: italic;
    }

    #traceback {
        color: red;
    }
    </style>
</head>
    <body>
        <h2>400 Bad Request</h2>
        <p>This request are invalid.</p>
        <pre id="traceback"></pre>
    <div id="powered_by">
      <span>
        Powered by <a href="http://www.cherrypy.dev">CherryPy 18.8.0</a>
      </span>
    </div>
    </body>
</html>

INFO 2025-05-16 03:30:55.773 UTC: 	 The server answered with an error.
DEBUG 2025-05-16 03:30:55.773 UTC: 	 
INFO 2025-05-16 03:30:55.774 UTC: 	 Server answered with: This request are invalid.
INFO 2025-05-16 03:30:55.774 UTC: 	 Error Id: e3ad3578a94d9ba09895ab563d68fb7d
ERROR 2025-05-16 03:30:55.774 UTC: 	 Caught RESTInterfaceException exception
Traceback (most recent call last):
  File "/cvmfs/cms.cern.ch/share/cms/crab-prod/v3.250409.00/bin/crab.py", line 157, in <module>
    client()
  File "/cvmfs/cms.cern.ch/share/cms/crab-prod/v3.250409.00/bin/crab.py", line 142, in __call__
    returnDict = self.cmd()
  File "/cvmfs/cms.cern.ch/share/cms/crab-prod/v3.250409.00/lib/CRABClient/Commands/kill.py", line 29, in __call__
    dictresult, status, reason = server.delete(api=self.defaultApi, data=urlencode(inputs))
  File "/cvmfs/cms.cern.ch/share/cms/crab-prod/v3.250409.00/lib/CRABClient/RestInterfaces.py", line 291, in delete
    return self.server.delete(uri, data)
  File "/cvmfs/cms.cern.ch/share/cms/crab-prod/v3.250409.00/lib/CRABClient/RestInterfaces.py", line 139, in delete
    return self.makeRequest(uri=uri, data=data, verb='DELETE')
  File "/cvmfs/cms.cern.ch/share/cms/crab-prod/v3.250409.00/lib/CRABClient/RestInterfaces.py", line 225, in makeRequest
    raise RESTInterfaceException(stderr)
CRABClient.ClientExceptions.RESTInterfaceException:   % Total    % Received % Xferd  Average Speed   Time    Time     Time  Current
                                 Dload  Upload   Total   Spent    Left  Speed
  0     0    0     0    0     0      0      0 --:--:-- --:--:-- --:--:--     0*   Trying 188.184.73.32:8443...
* Connected to cmsweb.cern.ch (188.184.73.32) port 8443 (#0)
* ALPN, offering http/1.1
*  CAfile: /etc/pki/tls/certs/ca-bundle.crt
*  CApath: /etc/grid-security/certificates/
* TLSv1.0 (OUT), TLS header, Certificate Status (22):
} [5 bytes data]
* TLSv1.3 (OUT), TLS handshake, Client hello (1):
} [512 bytes data]
  0     0    0     0    0     0      0      0 --:--:-- --:--:-- --:--:--     0* TLSv1.2 (IN), TLS header, Certificate Status (22):
{ [5 bytes data]
* TLSv1.3 (IN), TLS handshake, Server hello (2):
{ [122 bytes data]
* TLSv1.2 (IN), TLS header, Finished (20):
{ [5 bytes data]
* TLSv1.2 (IN), TLS header, Supplemental data (23):
{ [5 bytes data]
* TLSv1.3 (IN), TLS handshake, Encrypted Extensions (8):
{ [21 bytes data]
* TLSv1.2 (IN), TLS header, Supplemental data (23):
{ [5 bytes data]
* TLSv1.3 (IN), TLS handshake, Request CERT (13):
{ [7807 bytes data]
* TLSv1.2 (IN), TLS header, Supplemental data (23):
{ [5 bytes data]
* TLSv1.3 (IN), TLS handshake, Certificate (11):
{ [2064 bytes data]
* TLSv1.2 (IN), TLS header, Supplemental data (23):
{ [5 bytes data]
* TLSv1.3 (IN), TLS handshake, CERT verify (15):
{ [264 bytes data]
* TLSv1.2 (IN), TLS header, Supplemental data (23):
{ [5 bytes data]
* TLSv1.3 (IN), TLS handshake, Finished (20):
{ [36 bytes data]
* TLSv1.2 (OUT), TLS header, Finished (20):
} [5 bytes data]
* TLSv1.3 (OUT), TLS change cipher, Change cipher spec (1):
} [1 bytes data]
* TLSv1.2 (OUT), TLS header, Supplemental data (23):
} [5 bytes data]
* TLSv1.3 (OUT), TLS handshake, Certificate (11):
} [6302 bytes data]
* TLSv1.2 (OUT), TLS header, Supplemental data (23):
} [5 bytes data]
* TLSv1.3 (OUT), TLS handshake, CERT verify (15):
} [264 bytes data]
* TLSv1.2 (OUT), TLS header, Supplemental data (23):
} [5 bytes data]
* TLSv1.3 (OUT), TLS handshake, Finished (20):
} [36 bytes data]
* SSL connection using TLSv1.3 / TLS_AES_128_GCM_SHA256
* ALPN, server accepted to use http/1.1
* Server certificate:
*  subject: DC=ch; DC=cern; OU=computers; CN=cmsweb.cern.ch
*  start date: May  6 09:49:35 2025 GMT
*  expire date: Jun 10 09:49:35 2026 GMT
*  subjectAltName: host "cmsweb.cern.ch" matched cert's "cmsweb.cern.ch"
*  issuer: DC=ch; DC=cern; CN=CERN Grid Certification Authority
*  SSL certificate verify ok.
* TLSv1.2 (OUT), TLS header, Supplemental data (23):
} [5 bytes data]
> DELETE /crabserver/prod/workflow HTTP/1.1
> Host: cmsweb.cern.ch:8443
> User-Agent: CRABClient/v3.250409
> Accept: */*
> Content-Length: 83
> Content-Type: application/x-www-form-urlencoded
> 
} [83 bytes data]
* TLSv1.2 (IN), TLS header, Supplemental data (23):
{ [5 bytes data]
* TLSv1.3 (IN), TLS handshake, Newsession Ticket (4):
{ [6416 bytes data]
* TLSv1.2 (IN), TLS header, Supplemental data (23):
{ [5 bytes data]
* Mark bundle as not supporting multiuse
< HTTP/1.1 400 Bad Request
< Content-Length: 735
< Content-Type: text/html;charset=utf-8
< Date: Fri, 16 May 2025 03:30:55 GMT
< Response-Proto: HTTP/1.1
< Response-Status: 400 Bad Request
< Response-Status-Code: 400
< Response-Time: 11.943542ms
< Response-Time-Seconds: 0.011944212
< X-Content-Type-Options: bla
< X-Error-Detail: This request are invalid.
< X-Error-Http: 400
< X-Error-Id: e3ad3578a94d9ba09895ab563d68fb7d
< X-Rest-Status: 40001
< X-Rest-Time: 8608.103 us
< 
{ [725 bytes data]
* TLSv1.2 (IN), TLS header, Supplemental data (23):
{ [5 bytes data]
100   818  100   735  100    83  25983   2934 --:--:-- --:--:-- --:--:-- 28206
* Connection #0 to host cmsweb.cern.ch left intact
<!DOCTYPE html PUBLIC
"-//W3C//DTD XHTML 1.0 Transitional//EN"
"http://www.w3.org/TR/xhtml1/DTD/xhtml1-transitional.dtd">
<html>
<head>
    <meta http-equiv="Content-Type" content="text/html; charset=utf-8"></meta>
    <title>400 Bad Request</title>
    <style type="text/css">
    #powered_by {
        margin-top: 20px;
        border-top: 2px solid black;
        font-style: italic;
    }

    #traceback {
        color: red;
    }
    </style>
</head>
    <body>
        <h2>400 Bad Request</h2>
        <p>This request are invalid.</p>
        <pre id="traceback"></pre>
    <div id="powered_by">
      <span>
        Powered by <a href="http://www.cherrypy.dev">CherryPy 18.8.0</a>
      </span>
    </div>
    </body>
</html>

DEBUG 2025-09-08 16:47:47.389 UTC: 	 CRAB Client version: v3.250820
DEBUG 2025-09-08 16:47:47.390 UTC: 	 Running on: Linux lxplus935.cern.ch 5.14.0-570.37.1.el9_6.x86_64 #1 SMP PREEMPT_DYNAMIC Sat Aug 16 01:10:00 EDT 2025 x86_64 x86_64 x86_64 GNU/Linux
DEBUG 2025-09-08 16:47:47.390 UTC: 	 Not using Singularity
DEBUG 2025-09-08 16:47:47.390 UTC: 	 Operating System: Red Hat Enterprise Linux 9.6 (Plow)
DEBUG 2025-09-08 16:47:47.390 UTC: 	 Executing command: 'kill'
DEBUG 2025-09-08 16:47:47.390 UTC: 	 Found CRAB cache file /afs/cern.ch/user/a/amalhotr/.crab3
DEBUG 2025-09-08 16:47:47.683 UTC: 	 Checking credentials
DEBUG 2025-09-08 16:47:47.683 UTC: 	 Found proxy file /tmp/x509up_u180451
DEBUG 2025-09-08 16:47:47.683 UTC: 	 Making sure it has proper VOMS extension
DEBUG 2025-09-08 16:47:47.683 UTC: 	 Executing command :
 voms-proxy-info --vo --file /tmp/x509up_u180451
DEBUG 2025-09-08 16:47:47.707 UTC: 	 output : cms

 error: 
 retcode : 0
DEBUG 2025-09-08 16:47:47.707 UTC: 	 Getting proxy life time left
DEBUG 2025-09-08 16:47:47.707 UTC: 	 Executing command :
 voms-proxy-info --actimeleft --timeleft --file /tmp/x509up_u180451
DEBUG 2025-09-08 16:47:47.732 UTC: 	 output : 690835
690835

 error: 
 retcode : 0
DEBUG 2025-09-08 16:47:47.732 UTC: 	 Proxy valid for 191:53:55 hours
DEBUG 2025-09-08 16:47:47.732 UTC: 	 Encoded data for curl request: subresource=delegatedn
DEBUG 2025-09-08 16:47:47.783 UTC: 	 Registering user credentials on myproxy for /DC=ch/DC=cern/OU=computers/CN=crab-(preprod|prod)-tw(01|02).cern.ch|/DC=ch/DC=cern/OU=computers/CN=crab-dev-tw(01|02|03|04).cern.ch|/DC=ch/DC=cern/OU=Organic Units/OU=Users/CN=cmscrab/CN=(817881|373708)/CN=Robot: cms crab|/DC=ch/DC=cern/OU=Organic Units/OU=Users/CN=crabint1/CN=373708/CN=Robot: CMS CRAB Integration 1
DEBUG 2025-09-08 16:47:47.783 UTC: 	 Executing command :
 voms-proxy-info --identity --file /tmp/x509up_u180451
DEBUG 2025-09-08 16:47:47.815 UTC: 	 output : /DC=ch/DC=cern/OU=Organic Units/OU=Users/CN=amalhotr/CN=884837/CN=Aryan Malhotra

 error: 
 retcode : 0
DEBUG 2025-09-08 16:47:47.815 UTC: 	 Getting myproxy life time left for 2382a3cf28fdeacb1de9b039908761ea517a5ed6
DEBUG 2025-09-08 16:47:47.815 UTC: 	 Executing command :
 myproxy-info -s myproxy.cern.ch -l 2382a3cf28fdeacb1de9b039908761ea517a5ed6
DEBUG 2025-09-08 16:47:48.139 UTC: 	 output : username: 2382a3cf28fdeacb1de9b039908761ea517a5ed6
owner: /DC=ch/DC=cern/OU=Organic Units/OU=Users/CN=amalhotr/CN=884837/CN=Aryan Malhotra
  renewal policy: /DC=ch/DC=cern/OU=computers/CN=crab-(preprod|prod)-tw(01|02).cern.ch|/DC=ch/DC=cern/OU=computers/CN=crab-dev-tw(01|02|03|04).cern.ch|/DC=ch/DC=cern/OU=Organic Units/OU=Users/CN=cmscrab/CN=(817881|373708)/CN=Robot: cms crab|/DC=ch/DC=cern/OU=Organic Units/OU=Users/CN=crabint1/CN=373708/CN=Robot: CMS CRAB Integration 1
  trusted retrieval policy: /DC=ch/DC=cern/OU=computers/CN=crab-(preprod|prod)-tw(01|02).cern.ch|/DC=ch/DC=cern/OU=computers/CN=crab-dev-tw(01|02|03|04).cern.ch|/DC=ch/DC=cern/OU=Organic Units/OU=Users/CN=cmscrab/CN=(817881|373708)/CN=Robot: cms crab|/DC=ch/DC=cern/OU=Organic Units/OU=Users/CN=crabint1/CN=373708/CN=Robot: CMS CRAB Integration 1
  timeleft: 719:56:55  (30.0 days)

 error: 
 retcode : 0
DEBUG 2025-09-08 16:47:48.139 UTC: 	 Myproxy is valid: 2591760
DEBUG 2025-09-08 16:47:48.140 UTC: 	 Result of myproxy credential check:
  Credential exists on myproxy: username: 2382a3cf28fdeacb1de9b039908761ea517a5ed6  - validity: 29 days, 23:56:00
DEBUG 2025-09-08 16:47:48.140 UTC: 	 Command use: kill
DEBUG 2025-09-08 16:47:48.140 UTC: 	 Options use: ['-d', 'crab_DY2Mu4Jets_ScoutingTree_CombinedChain_All_v5']
DEBUG 2025-09-08 16:47:48.140 UTC: 	 Encoded data for curl request: subresource=version
DEBUG 2025-09-08 16:47:48.185 UTC: 	 CRABClient version: v3.250820
DEBUG 2025-09-08 16:47:48.185 UTC: 	 Instance is prod
DEBUG 2025-09-08 16:47:48.185 UTC: 	 Server base url is cmsweb.cern.ch
DEBUG 2025-09-08 16:47:48.185 UTC: 	 Command api workflow
DEBUG 2025-09-08 16:47:48.185 UTC: 	 Killing task 250516_032445:amalhotr_crab_DY2Mu4Jets_ScoutingTree_CombinedChain_All_v5
DEBUG 2025-09-08 16:47:48.185 UTC: 	 Encoded data for curl request: workflow=250516_032445%3Aamalhotr_crab_DY2Mu4Jets_ScoutingTree_CombinedChain_All_v5
DEBUG 2025-09-08 16:47:48.240 UTC: 	 Sleeping 16 seconds after HTTP error.
Error:
:  % Total    % Received % Xferd  Average Speed   Time    Time     Time  Current
                                 Dload  Upload   Total   Spent    Left  Speed
  0     0    0     0    0     0      0      0 --:--:-- --:--:-- --:--:--     0*   Trying 188.184.89.113:8443...
* Connected to cmsweb.cern.ch (188.184.89.113) port 8443 (#0)
* ALPN, offering http/1.1
*  CAfile: /etc/pki/tls/certs/ca-bundle.crt
*  CApath: /etc/grid-security/certificates/
* TLSv1.0 (OUT), TLS header, Certificate Status (22):
} [5 bytes data]
* TLSv1.3 (OUT), TLS handshake, Client hello (1):
} [512 bytes data]
* TLSv1.2 (IN), TLS header, Certificate Status (22):
{ [5 bytes data]
* TLSv1.3 (IN), TLS handshake, Server hello (2):
{ [122 bytes data]
* TLSv1.2 (IN), TLS header, Finished (20):
{ [5 bytes data]
* TLSv1.2 (IN), TLS header, Supplemental data (23):
{ [5 bytes data]
* TLSv1.3 (IN), TLS handshake, Encrypted Extensions (8):
{ [21 bytes data]
* TLSv1.2 (IN), TLS header, Supplemental data (23):
{ [5 bytes data]
* TLSv1.3 (IN), TLS handshake, Request CERT (13):
{ [7165 bytes data]
* TLSv1.2 (IN), TLS header, Supplemental data (23):
{ [5 bytes data]
* TLSv1.3 (IN), TLS handshake, Certificate (11):
{ [2064 bytes data]
* TLSv1.2 (IN), TLS header, Supplemental data (23):
{ [5 bytes data]
* TLSv1.3 (IN), TLS handshake, CERT verify (15):
{ [264 bytes data]
* TLSv1.2 (IN), TLS header, Supplemental data (23):
{ [5 bytes data]
* TLSv1.3 (IN), TLS handshake, Finished (20):
{ [36 bytes data]
* TLSv1.2 (OUT), TLS header, Finished (20):
} [5 bytes data]
* TLSv1.3 (OUT), TLS change cipher, Change cipher spec (1):
} [1 bytes data]
* TLSv1.2 (OUT), TLS header, Supplemental data (23):
} [5 bytes data]
* TLSv1.3 (OUT), TLS handshake, Certificate (11):
} [6318 bytes data]
* TLSv1.2 (OUT), TLS header, Supplemental data (23):
} [5 bytes data]
* TLSv1.3 (OUT), TLS handshake, CERT verify (15):
} [264 bytes data]
* TLSv1.2 (OUT), TLS header, Supplemental data (23):
} [5 bytes data]
* TLSv1.3 (OUT), TLS handshake, Finished (20):
} [36 bytes data]
* SSL connection using TLSv1.3 / TLS_AES_128_GCM_SHA256
* ALPN, server accepted to use http/1.1
* Server certificate:
*  subject: DC=ch; DC=cern; OU=computers; CN=cmsweb.cern.ch
*  start date: May  6 09:49:35 2025 GMT
*  expire date: Jun 10 09:49:35 2026 GMT
*  subjectAltName: host "cmsweb.cern.ch" matched cert's "cmsweb.cern.ch"
*  issuer: DC=ch; DC=cern; CN=CERN Grid Certification Authority
*  SSL certificate verify ok.
* TLSv1.2 (OUT), TLS header, Supplemental data (23):
} [5 bytes data]
> DELETE /crabserver/prod/workflow HTTP/1.1
> Host: cmsweb.cern.ch:8443
> User-Agent: CRABClient/v3.250820
> Accept: */*
> Content-Length: 83
> Content-Type: application/x-www-form-urlencoded
> 
} [83 bytes data]
* TLSv1.2 (IN), TLS header, Supplemental data (23):
{ [5 bytes data]
* TLSv1.3 (IN), TLS handshake, Newsession Ticket (4):
{ [6432 bytes data]
* TLSv1.2 (IN), TLS header, Supplemental data (23):
{ [5 bytes data]
* Mark bundle as not supporting multiuse
< HTTP/1.1 400 Bad Request
< Content-Length: 735
< Content-Type: text/html;charset=utf-8
< Date: Mon, 08 Sep 2025 16:47:48 GMT
< Response-Proto: HTTP/1.1
< Response-Status: 400 Bad Request
< Response-Status-Code: 400
< Response-Time: 10.716095ms
< Response-Time-Seconds: 0.010716562
< X-Content-Type-Options: bla
< X-Error-Detail: This request are invalid.
< X-Error-Http: 400
< X-Error-Id: fd04e1a3279f4cef642c65c2a765efa3
< X-Rest-Status: 40001
< X-Rest-Time: 8036.613 us
< 
{ [725 bytes data]
* TLSv1.2 (IN), TLS header, Supplemental data (23):
{ [5 bytes data]
100   818  100   735  100    83  23346   2636 --:--:-- --:--:-- --:--:-- 26387
* Connection #0 to host cmsweb.cern.ch left intact
<!DOCTYPE html PUBLIC
"-//W3C//DTD XHTML 1.0 Transitional//EN"
"http://www.w3.org/TR/xhtml1/DTD/xhtml1-transitional.dtd">
<html>
<head>
    <meta http-equiv="Content-Type" content="text/html; charset=utf-8"></meta>
    <title>400 Bad Request</title>
    <style type="text/css">
    #powered_by {
        margin-top: 20px;
        border-top: 2px solid black;
        font-style: italic;
    }

    #traceback {
        color: red;
    }
    </style>
</head>
    <body>
        <h2>400 Bad Request</h2>
        <p>This request are invalid.</p>
        <pre id="traceback"></pre>
    <div id="powered_by">
      <span>
        Powered by <a href="http://www.cherrypy.dev">CherryPy 18.8.0</a>
      </span>
    </div>
    </body>
</html>

DEBUG 2025-09-08 16:47:48.291 UTC: 	 Sleeping 49 seconds after HTTP error.
Error:
:  % Total    % Received % Xferd  Average Speed   Time    Time     Time  Current
                                 Dload  Upload   Total   Spent    Left  Speed
  0     0    0     0    0     0      0      0 --:--:-- --:--:-- --:--:--     0*   Trying 188.185.89.202:8443...
* Connected to cmsweb.cern.ch (188.185.89.202) port 8443 (#0)
* ALPN, offering http/1.1
*  CAfile: /etc/pki/tls/certs/ca-bundle.crt
*  CApath: /etc/grid-security/certificates/
* TLSv1.0 (OUT), TLS header, Certificate Status (22):
} [5 bytes data]
* TLSv1.3 (OUT), TLS handshake, Client hello (1):
} [512 bytes data]
* TLSv1.2 (IN), TLS header, Certificate Status (22):
{ [5 bytes data]
* TLSv1.3 (IN), TLS handshake, Server hello (2):
{ [122 bytes data]
* TLSv1.2 (IN), TLS header, Finished (20):
{ [5 bytes data]
* TLSv1.2 (IN), TLS header, Supplemental data (23):
{ [5 bytes data]
* TLSv1.3 (IN), TLS handshake, Encrypted Extensions (8):
{ [21 bytes data]
* TLSv1.2 (IN), TLS header, Supplemental data (23):
{ [5 bytes data]
* TLSv1.3 (IN), TLS handshake, Request CERT (13):
{ [7998 bytes data]
* TLSv1.2 (IN), TLS header, Supplemental data (23):
{ [5 bytes data]
* TLSv1.3 (IN), TLS handshake, Certificate (11):
{ [2064 bytes data]
* TLSv1.2 (IN), TLS header, Supplemental data (23):
{ [5 bytes data]
* TLSv1.3 (IN), TLS handshake, CERT verify (15):
{ [264 bytes data]
* TLSv1.2 (IN), TLS header, Supplemental data (23):
{ [5 bytes data]
* TLSv1.3 (IN), TLS handshake, Finished (20):
{ [36 bytes data]
* TLSv1.2 (OUT), TLS header, Finished (20):
} [5 bytes data]
* TLSv1.3 (OUT), TLS change cipher, Change cipher spec (1):
} [1 bytes data]
* TLSv1.2 (OUT), TLS header, Supplemental data (23):
} [5 bytes data]
* TLSv1.3 (OUT), TLS handshake, Certificate (11):
} [6318 bytes data]
* TLSv1.2 (OUT), TLS header, Supplemental data (23):
} [5 bytes data]
* TLSv1.3 (OUT), TLS handshake, CERT verify (15):
} [264 bytes data]
* TLSv1.2 (OUT), TLS header, Supplemental data (23):
} [5 bytes data]
* TLSv1.3 (OUT), TLS handshake, Finished (20):
} [36 bytes data]
* SSL connection using TLSv1.3 / TLS_AES_128_GCM_SHA256
* ALPN, server accepted to use http/1.1
* Server certificate:
*  subject: DC=ch; DC=cern; OU=computers; CN=cmsweb.cern.ch
*  start date: May  6 09:49:35 2025 GMT
*  expire date: Jun 10 09:49:35 2026 GMT
*  subjectAltName: host "cmsweb.cern.ch" matched cert's "cmsweb.cern.ch"
*  issuer: DC=ch; DC=cern; CN=CERN Grid Certification Authority
*  SSL certificate verify ok.
* TLSv1.2 (OUT), TLS header, Supplemental data (23):
} [5 bytes data]
> DELETE /crabserver/prod/workflow HTTP/1.1
> Host: cmsweb.cern.ch:8443
> User-Agent: CRABClient/v3.250820
> Accept: */*
> Content-Length: 83
> Content-Type: application/x-www-form-urlencoded
> 
} [83 bytes data]
* TLSv1.2 (IN), TLS header, Supplemental data (23):
{ [5 bytes data]
* TLSv1.3 (IN), TLS handshake, Newsession Ticket (4):
{ [6432 bytes data]
* TLSv1.2 (IN), TLS header, Supplemental data (23):
{ [5 bytes data]
* Mark bundle as not supporting multiuse
< HTTP/1.1 400 Bad Request
< Content-Length: 735
< Content-Type: text/html;charset=utf-8
< Date: Mon, 08 Sep 2025 16:47:48 GMT
< Response-Proto: HTTP/1.1
< Response-Status: 400 Bad Request
< Response-Status-Code: 400
< Response-Time: 8.612652ms
< Response-Time-Seconds: 0.008613318
< X-Content-Type-Options: bla
< X-Error-Detail: This request are invalid.
< X-Error-Http: 400
< X-Error-Id: 863d3655680904e628ea8ad1b2dd692f
< X-Rest-Status: 40001
< X-Rest-Time: 5571.842 us
< 
{ [726 bytes data]
* TLSv1.2 (IN), TLS header, Supplemental data (23):
{ [5 bytes data]
100   818  100   735  100    83  24639   2782 --:--:-- --:--:-- --:--:-- 28206
* Connection #0 to host cmsweb.cern.ch left intact
<!DOCTYPE html PUBLIC
"-//W3C//DTD XHTML 1.0 Transitional//EN"
"http://www.w3.org/TR/xhtml1/DTD/xhtml1-transitional.dtd">
<html>
<head>
    <meta http-equiv="Content-Type" content="text/html; charset=utf-8"></meta>
    <title>400 Bad Request</title>
    <style type="text/css">
    #powered_by {
        margin-top: 20px;
        border-top: 2px solid black;
        font-style: italic;
    }

    #traceback {
        color: red;
    }
    </style>
</head>
    <body>
        <h2>400 Bad Request</h2>
        <p>This request are invalid.</p>
        <pre id="traceback"></pre>
    <div id="powered_by">
      <span>
        Powered by <a href="http://www.cherrypy.dev">CherryPy 18.8.0</a>
      </span>
    </div>
    </body>
</html>

INFO 2025-09-08 16:47:48.337 UTC: 	 Fatal error trying to connect to https://cmsweb.cern.ch:8443/crabserver/prod/workflow using workflow=250516_032445%3Aamalhotr_crab_DY2Mu4Jets_ScoutingTree_CombinedChain_All_v5.
exit code from curl = 0
HTTP code/reason = 400/Bad Request .  stdout:
<!DOCTYPE html PUBLIC
"-//W3C//DTD XHTML 1.0 Transitional//EN"
"http://www.w3.org/TR/xhtml1/DTD/xhtml1-transitional.dtd">
<html>
<head>
    <meta http-equiv="Content-Type" content="text/html; charset=utf-8"></meta>
    <title>400 Bad Request</title>
    <style type="text/css">
    #powered_by {
        margin-top: 20px;
        border-top: 2px solid black;
        font-style: italic;
    }

    #traceback {
        color: red;
    }
    </style>
</head>
    <body>
        <h2>400 Bad Request</h2>
        <p>This request are invalid.</p>
        <pre id="traceback"></pre>
    <div id="powered_by">
      <span>
        Powered by <a href="http://www.cherrypy.dev">CherryPy 18.8.0</a>
      </span>
    </div>
    </body>
</html>

INFO 2025-09-08 16:47:48.338 UTC: 	 The server answered with an error.
DEBUG 2025-09-08 16:47:48.338 UTC: 	 
INFO 2025-09-08 16:47:48.338 UTC: 	 Server answered with: This request are invalid.
INFO 2025-09-08 16:47:48.338 UTC: 	 Error Id: 9f9d519d2d9e08f9375d63262c6633e2
ERROR 2025-09-08 16:47:48.338 UTC: 	 Caught RESTInterfaceException exception
Traceback (most recent call last):
  File "/cvmfs/cms.cern.ch/share/cms/crab-prod/v3.250820.00/bin/crab.py", line 157, in <module>
    client()
  File "/cvmfs/cms.cern.ch/share/cms/crab-prod/v3.250820.00/bin/crab.py", line 142, in __call__
    returnDict = self.cmd()
  File "/cvmfs/cms.cern.ch/share/cms/crab-prod/v3.250820.00/lib/CRABClient/Commands/kill.py", line 29, in __call__
    dictresult, status, reason = server.delete(api=self.defaultApi, data=urlencode(inputs))
  File "/cvmfs/cms.cern.ch/share/cms/crab-prod/v3.250820.00/lib/CRABClient/RestInterfaces.py", line 291, in delete
    return self.server.delete(uri, data)
  File "/cvmfs/cms.cern.ch/share/cms/crab-prod/v3.250820.00/lib/CRABClient/RestInterfaces.py", line 139, in delete
    return self.makeRequest(uri=uri, data=data, verb='DELETE')
  File "/cvmfs/cms.cern.ch/share/cms/crab-prod/v3.250820.00/lib/CRABClient/RestInterfaces.py", line 225, in makeRequest
    raise RESTInterfaceException(stderr)
CRABClient.ClientExceptions.RESTInterfaceException:   % Total    % Received % Xferd  Average Speed   Time    Time     Time  Current
                                 Dload  Upload   Total   Spent    Left  Speed
  0     0    0     0    0     0      0      0 --:--:-- --:--:-- --:--:--     0*   Trying 188.185.89.202:8443...
* Connected to cmsweb.cern.ch (188.185.89.202) port 8443 (#0)
* ALPN, offering http/1.1
*  CAfile: /etc/pki/tls/certs/ca-bundle.crt
*  CApath: /etc/grid-security/certificates/
* TLSv1.0 (OUT), TLS header, Certificate Status (22):
} [5 bytes data]
* TLSv1.3 (OUT), TLS handshake, Client hello (1):
} [512 bytes data]
* TLSv1.2 (IN), TLS header, Certificate Status (22):
{ [5 bytes data]
* TLSv1.3 (IN), TLS handshake, Server hello (2):
{ [122 bytes data]
* TLSv1.2 (IN), TLS header, Finished (20):
{ [5 bytes data]
* TLSv1.2 (IN), TLS header, Supplemental data (23):
{ [5 bytes data]
* TLSv1.3 (IN), TLS handshake, Encrypted Extensions (8):
{ [21 bytes data]
* TLSv1.2 (IN), TLS header, Supplemental data (23):
{ [5 bytes data]
* TLSv1.3 (IN), TLS handshake, Request CERT (13):
{ [7998 bytes data]
* TLSv1.2 (IN), TLS header, Supplemental data (23):
{ [5 bytes data]
* TLSv1.3 (IN), TLS handshake, Certificate (11):
{ [2064 bytes data]
* TLSv1.2 (IN), TLS header, Supplemental data (23):
{ [5 bytes data]
* TLSv1.3 (IN), TLS handshake, CERT verify (15):
{ [264 bytes data]
* TLSv1.2 (IN), TLS header, Supplemental data (23):
{ [5 bytes data]
* TLSv1.3 (IN), TLS handshake, Finished (20):
{ [36 bytes data]
* TLSv1.2 (OUT), TLS header, Finished (20):
} [5 bytes data]
* TLSv1.3 (OUT), TLS change cipher, Change cipher spec (1):
} [1 bytes data]
* TLSv1.2 (OUT), TLS header, Supplemental data (23):
} [5 bytes data]
* TLSv1.3 (OUT), TLS handshake, Certificate (11):
} [6318 bytes data]
* TLSv1.2 (OUT), TLS header, Supplemental data (23):
} [5 bytes data]
* TLSv1.3 (OUT), TLS handshake, CERT verify (15):
} [264 bytes data]
* TLSv1.2 (OUT), TLS header, Supplemental data (23):
} [5 bytes data]
* TLSv1.3 (OUT), TLS handshake, Finished (20):
} [36 bytes data]
* SSL connection using TLSv1.3 / TLS_AES_128_GCM_SHA256
* ALPN, server accepted to use http/1.1
* Server certificate:
*  subject: DC=ch; DC=cern; OU=computers; CN=cmsweb.cern.ch
*  start date: May  6 09:49:35 2025 GMT
*  expire date: Jun 10 09:49:35 2026 GMT
*  subjectAltName: host "cmsweb.cern.ch" matched cert's "cmsweb.cern.ch"
*  issuer: DC=ch; DC=cern; CN=CERN Grid Certification Authority
*  SSL certificate verify ok.
* TLSv1.2 (OUT), TLS header, Supplemental data (23):
} [5 bytes data]
> DELETE /crabserver/prod/workflow HTTP/1.1
> Host: cmsweb.cern.ch:8443
> User-Agent: CRABClient/v3.250820
> Accept: */*
> Content-Length: 83
> Content-Type: application/x-www-form-urlencoded
> 
} [83 bytes data]
* TLSv1.2 (IN), TLS header, Supplemental data (23):
{ [5 bytes data]
* TLSv1.3 (IN), TLS handshake, Newsession Ticket (4):
{ [6432 bytes data]
* TLSv1.2 (IN), TLS header, Supplemental data (23):
{ [5 bytes data]
* Mark bundle as not supporting multiuse
< HTTP/1.1 400 Bad Request
< Content-Length: 735
< Content-Type: text/html;charset=utf-8
< Date: Mon, 08 Sep 2025 16:47:48 GMT
< Response-Proto: HTTP/1.1
< Response-Status: 400 Bad Request
< Response-Status-Code: 400
< Response-Time: 7.829322ms
< Response-Time-Seconds: 0.007830137
< X-Content-Type-Options: bla
< X-Error-Detail: This request are invalid.
< X-Error-Http: 400
< X-Error-Id: 9f9d519d2d9e08f9375d63262c6633e2
< X-Rest-Status: 40001
< X-Rest-Time: 5325.556 us
< 
{ [726 bytes data]
* TLSv1.2 (IN), TLS header, Supplemental data (23):
{ [5 bytes data]
100   818  100   735  100    83  27256   3077 --:--:-- --:--:-- --:--:-- 31461
* Connection #0 to host cmsweb.cern.ch left intact
<!DOCTYPE html PUBLIC
"-//W3C//DTD XHTML 1.0 Transitional//EN"
"http://www.w3.org/TR/xhtml1/DTD/xhtml1-transitional.dtd">
<html>
<head>
    <meta http-equiv="Content-Type" content="text/html; charset=utf-8"></meta>
    <title>400 Bad Request</title>
    <style type="text/css">
    #powered_by {
        margin-top: 20px;
        border-top: 2px solid black;
        font-style: italic;
    }

    #traceback {
        color: red;
    }
    </style>
</head>
    <body>
        <h2>400 Bad Request</h2>
        <p>This request are invalid.</p>
        <pre id="traceback"></pre>
    <div id="powered_by">
      <span>
        Powered by <a href="http://www.cherrypy.dev">CherryPy 18.8.0</a>
      </span>
    </div>
    </body>
</html>

DEBUG 2025-09-08 16:55:30.541 UTC: 	 CRAB Client version: v3.250820
DEBUG 2025-09-08 16:55:30.542 UTC: 	 Running on: Linux lxplus935.cern.ch 5.14.0-570.37.1.el9_6.x86_64 #1 SMP PREEMPT_DYNAMIC Sat Aug 16 01:10:00 EDT 2025 x86_64 x86_64 x86_64 GNU/Linux
DEBUG 2025-09-08 16:55:30.542 UTC: 	 Not using Singularity
DEBUG 2025-09-08 16:55:30.542 UTC: 	 Operating System: Red Hat Enterprise Linux 9.6 (Plow)
DEBUG 2025-09-08 16:55:30.542 UTC: 	 Executing command: 'kill'
DEBUG 2025-09-08 16:55:30.542 UTC: 	 Found CRAB cache file /afs/cern.ch/user/a/amalhotr/.crab3
DEBUG 2025-09-08 16:55:30.576 UTC: 	 Checking credentials
DEBUG 2025-09-08 16:55:30.576 UTC: 	 Found proxy file /tmp/x509up_u180451
DEBUG 2025-09-08 16:55:30.576 UTC: 	 Making sure it has proper VOMS extension
DEBUG 2025-09-08 16:55:30.576 UTC: 	 Executing command :
 voms-proxy-info --vo --file /tmp/x509up_u180451
DEBUG 2025-09-08 16:55:30.602 UTC: 	 output : cms

 error: 
 retcode : 0
DEBUG 2025-09-08 16:55:30.603 UTC: 	 Getting proxy life time left
DEBUG 2025-09-08 16:55:30.603 UTC: 	 Executing command :
 voms-proxy-info --actimeleft --timeleft --file /tmp/x509up_u180451
DEBUG 2025-09-08 16:55:30.630 UTC: 	 output : 690372
690372

 error: 
 retcode : 0
DEBUG 2025-09-08 16:55:30.630 UTC: 	 Proxy valid for 191:46:12 hours
DEBUG 2025-09-08 16:55:30.630 UTC: 	 Encoded data for curl request: subresource=delegatedn
DEBUG 2025-09-08 16:55:30.679 UTC: 	 Registering user credentials on myproxy for /DC=ch/DC=cern/OU=computers/CN=crab-(preprod|prod)-tw(01|02).cern.ch|/DC=ch/DC=cern/OU=computers/CN=crab-dev-tw(01|02|03|04).cern.ch|/DC=ch/DC=cern/OU=Organic Units/OU=Users/CN=cmscrab/CN=(817881|373708)/CN=Robot: cms crab|/DC=ch/DC=cern/OU=Organic Units/OU=Users/CN=crabint1/CN=373708/CN=Robot: CMS CRAB Integration 1
DEBUG 2025-09-08 16:55:30.679 UTC: 	 Executing command :
 voms-proxy-info --identity --file /tmp/x509up_u180451
DEBUG 2025-09-08 16:55:30.708 UTC: 	 output : /DC=ch/DC=cern/OU=Organic Units/OU=Users/CN=amalhotr/CN=884837/CN=Aryan Malhotra

 error: 
 retcode : 0
DEBUG 2025-09-08 16:55:30.709 UTC: 	 Getting myproxy life time left for 2382a3cf28fdeacb1de9b039908761ea517a5ed6
DEBUG 2025-09-08 16:55:30.709 UTC: 	 Executing command :
 myproxy-info -s myproxy.cern.ch -l 2382a3cf28fdeacb1de9b039908761ea517a5ed6
DEBUG 2025-09-08 16:55:31.005 UTC: 	 output : username: 2382a3cf28fdeacb1de9b039908761ea517a5ed6
owner: /DC=ch/DC=cern/OU=Organic Units/OU=Users/CN=amalhotr/CN=884837/CN=Aryan Malhotra
  renewal policy: /DC=ch/DC=cern/OU=computers/CN=crab-(preprod|prod)-tw(01|02).cern.ch|/DC=ch/DC=cern/OU=computers/CN=crab-dev-tw(01|02|03|04).cern.ch|/DC=ch/DC=cern/OU=Organic Units/OU=Users/CN=cmscrab/CN=(817881|373708)/CN=Robot: cms crab|/DC=ch/DC=cern/OU=Organic Units/OU=Users/CN=crabint1/CN=373708/CN=Robot: CMS CRAB Integration 1
  trusted retrieval policy: /DC=ch/DC=cern/OU=computers/CN=crab-(preprod|prod)-tw(01|02).cern.ch|/DC=ch/DC=cern/OU=computers/CN=crab-dev-tw(01|02|03|04).cern.ch|/DC=ch/DC=cern/OU=Organic Units/OU=Users/CN=cmscrab/CN=(817881|373708)/CN=Robot: cms crab|/DC=ch/DC=cern/OU=Organic Units/OU=Users/CN=crabint1/CN=373708/CN=Robot: CMS CRAB Integration 1
  timeleft: 719:49:12  (30.0 days)

 error: 
 retcode : 0
DEBUG 2025-09-08 16:55:31.005 UTC: 	 Myproxy is valid: 2591340
DEBUG 2025-09-08 16:55:31.005 UTC: 	 Result of myproxy credential check:
  Credential exists on myproxy: username: 2382a3cf28fdeacb1de9b039908761ea517a5ed6  - validity: 29 days, 23:49:00
DEBUG 2025-09-08 16:55:31.006 UTC: 	 Command use: kill
DEBUG 2025-09-08 16:55:31.006 UTC: 	 Options use: ['-d', 'crab_DY2Mu4Jets_ScoutingTree_CombinedChain_All_v5']
DEBUG 2025-09-08 16:55:31.006 UTC: 	 Encoded data for curl request: subresource=version
DEBUG 2025-09-08 16:55:31.066 UTC: 	 CRABClient version: v3.250820
DEBUG 2025-09-08 16:55:31.066 UTC: 	 Instance is prod
DEBUG 2025-09-08 16:55:31.066 UTC: 	 Server base url is cmsweb.cern.ch
DEBUG 2025-09-08 16:55:31.066 UTC: 	 Command api workflow
DEBUG 2025-09-08 16:55:31.066 UTC: 	 Killing task 250516_032445:amalhotr_crab_DY2Mu4Jets_ScoutingTree_CombinedChain_All_v5
DEBUG 2025-09-08 16:55:31.066 UTC: 	 Encoded data for curl request: workflow=250516_032445%3Aamalhotr_crab_DY2Mu4Jets_ScoutingTree_CombinedChain_All_v5
DEBUG 2025-09-08 16:55:31.126 UTC: 	 Sleeping 11 seconds after HTTP error.
Error:
:  % Total    % Received % Xferd  Average Speed   Time    Time     Time  Current
                                 Dload  Upload   Total   Spent    Left  Speed
  0     0    0     0    0     0      0      0 --:--:-- --:--:-- --:--:--     0*   Trying 188.184.73.32:8443...
* Connected to cmsweb.cern.ch (188.184.73.32) port 8443 (#0)
* ALPN, offering http/1.1
*  CAfile: /etc/pki/tls/certs/ca-bundle.crt
*  CApath: /etc/grid-security/certificates/
* TLSv1.0 (OUT), TLS header, Certificate Status (22):
} [5 bytes data]
* TLSv1.3 (OUT), TLS handshake, Client hello (1):
} [512 bytes data]
* TLSv1.2 (IN), TLS header, Certificate Status (22):
{ [5 bytes data]
* TLSv1.3 (IN), TLS handshake, Server hello (2):
{ [122 bytes data]
* TLSv1.2 (IN), TLS header, Finished (20):
{ [5 bytes data]
* TLSv1.2 (IN), TLS header, Supplemental data (23):
{ [5 bytes data]
* TLSv1.3 (IN), TLS handshake, Encrypted Extensions (8):
{ [21 bytes data]
* TLSv1.2 (IN), TLS header, Supplemental data (23):
{ [5 bytes data]
* TLSv1.3 (IN), TLS handshake, Request CERT (13):
{ [7998 bytes data]
* TLSv1.2 (IN), TLS header, Supplemental data (23):
{ [5 bytes data]
* TLSv1.3 (IN), TLS handshake, Certificate (11):
{ [2064 bytes data]
* TLSv1.2 (IN), TLS header, Supplemental data (23):
{ [5 bytes data]
* TLSv1.3 (IN), TLS handshake, CERT verify (15):
{ [264 bytes data]
* TLSv1.2 (IN), TLS header, Supplemental data (23):
{ [5 bytes data]
* TLSv1.3 (IN), TLS handshake, Finished (20):
{ [36 bytes data]
* TLSv1.2 (OUT), TLS header, Finished (20):
} [5 bytes data]
* TLSv1.3 (OUT), TLS change cipher, Change cipher spec (1):
} [1 bytes data]
* TLSv1.2 (OUT), TLS header, Supplemental data (23):
} [5 bytes data]
* TLSv1.3 (OUT), TLS handshake, Certificate (11):
} [6318 bytes data]
* TLSv1.2 (OUT), TLS header, Supplemental data (23):
} [5 bytes data]
* TLSv1.3 (OUT), TLS handshake, CERT verify (15):
} [264 bytes data]
* TLSv1.2 (OUT), TLS header, Supplemental data (23):
} [5 bytes data]
* TLSv1.3 (OUT), TLS handshake, Finished (20):
} [36 bytes data]
* SSL connection using TLSv1.3 / TLS_AES_128_GCM_SHA256
* ALPN, server accepted to use http/1.1
* Server certificate:
*  subject: DC=ch; DC=cern; OU=computers; CN=cmsweb.cern.ch
*  start date: May  6 09:49:35 2025 GMT
*  expire date: Jun 10 09:49:35 2026 GMT
*  subjectAltName: host "cmsweb.cern.ch" matched cert's "cmsweb.cern.ch"
*  issuer: DC=ch; DC=cern; CN=CERN Grid Certification Authority
*  SSL certificate verify ok.
* TLSv1.2 (OUT), TLS header, Supplemental data (23):
} [5 bytes data]
> DELETE /crabserver/prod/workflow HTTP/1.1
> Host: cmsweb.cern.ch:8443
> User-Agent: CRABClient/v3.250820
> Accept: */*
> Content-Length: 83
> Content-Type: application/x-www-form-urlencoded
> 
} [83 bytes data]
* TLSv1.2 (IN), TLS header, Supplemental data (23):
{ [5 bytes data]
* TLSv1.3 (IN), TLS handshake, Newsession Ticket (4):
{ [6432 bytes data]
* TLSv1.2 (IN), TLS header, Supplemental data (23):
{ [5 bytes data]
* Mark bundle as not supporting multiuse
< HTTP/1.1 400 Bad Request
< Content-Length: 735
< Content-Type: text/html;charset=utf-8
< Date: Mon, 08 Sep 2025 16:55:31 GMT
< Response-Proto: HTTP/1.1
< Response-Status: 400 Bad Request
< Response-Status-Code: 400
< Response-Time: 11.421605ms
< Response-Time-Seconds: 0.01142221
< X-Content-Type-Options: bla
< X-Error-Detail: This request are invalid.
< X-Error-Http: 400
< X-Error-Id: c3fc6f0f487268c8ace33ee4d5afffaa
< X-Rest-Status: 40001
< X-Rest-Time: 8708.239 us
< 
{ [726 bytes data]
* TLSv1.2 (IN), TLS header, Supplemental data (23):
{ [5 bytes data]
100   818  100   735  100    83  21243   2398 --:--:-- --:--:-- --:--:-- 24058
* Connection #0 to host cmsweb.cern.ch left intact
<!DOCTYPE html PUBLIC
"-//W3C//DTD XHTML 1.0 Transitional//EN"
"http://www.w3.org/TR/xhtml1/DTD/xhtml1-transitional.dtd">
<html>
<head>
    <meta http-equiv="Content-Type" content="text/html; charset=utf-8"></meta>
    <title>400 Bad Request</title>
    <style type="text/css">
    #powered_by {
        margin-top: 20px;
        border-top: 2px solid black;
        font-style: italic;
    }

    #traceback {
        color: red;
    }
    </style>
</head>
    <body>
        <h2>400 Bad Request</h2>
        <p>This request are invalid.</p>
        <pre id="traceback"></pre>
    <div id="powered_by">
      <span>
        Powered by <a href="http://www.cherrypy.dev">CherryPy 18.8.0</a>
      </span>
    </div>
    </body>
</html>

DEBUG 2025-09-08 16:55:31.180 UTC: 	 Sleeping 43 seconds after HTTP error.
Error:
:  % Total    % Received % Xferd  Average Speed   Time    Time     Time  Current
                                 Dload  Upload   Total   Spent    Left  Speed
  0     0    0     0    0     0      0      0 --:--:-- --:--:-- --:--:--     0*   Trying 188.184.73.32:8443...
* Connected to cmsweb.cern.ch (188.184.73.32) port 8443 (#0)
* ALPN, offering http/1.1
*  CAfile: /etc/pki/tls/certs/ca-bundle.crt
*  CApath: /etc/grid-security/certificates/
* TLSv1.0 (OUT), TLS header, Certificate Status (22):
} [5 bytes data]
* TLSv1.3 (OUT), TLS handshake, Client hello (1):
} [512 bytes data]
* TLSv1.2 (IN), TLS header, Certificate Status (22):
{ [5 bytes data]
* TLSv1.3 (IN), TLS handshake, Server hello (2):
{ [122 bytes data]
* TLSv1.2 (IN), TLS header, Finished (20):
{ [5 bytes data]
* TLSv1.2 (IN), TLS header, Supplemental data (23):
{ [5 bytes data]
* TLSv1.3 (IN), TLS handshake, Encrypted Extensions (8):
{ [21 bytes data]
* TLSv1.2 (IN), TLS header, Supplemental data (23):
{ [5 bytes data]
* TLSv1.3 (IN), TLS handshake, Request CERT (13):
{ [7998 bytes data]
* TLSv1.2 (IN), TLS header, Supplemental data (23):
{ [5 bytes data]
* TLSv1.3 (IN), TLS handshake, Certificate (11):
{ [2064 bytes data]
* TLSv1.2 (IN), TLS header, Supplemental data (23):
{ [5 bytes data]
* TLSv1.3 (IN), TLS handshake, CERT verify (15):
{ [264 bytes data]
* TLSv1.2 (IN), TLS header, Supplemental data (23):
{ [5 bytes data]
* TLSv1.3 (IN), TLS handshake, Finished (20):
{ [36 bytes data]
* TLSv1.2 (OUT), TLS header, Finished (20):
} [5 bytes data]
* TLSv1.3 (OUT), TLS change cipher, Change cipher spec (1):
} [1 bytes data]
* TLSv1.2 (OUT), TLS header, Supplemental data (23):
} [5 bytes data]
* TLSv1.3 (OUT), TLS handshake, Certificate (11):
} [6318 bytes data]
* TLSv1.2 (OUT), TLS header, Supplemental data (23):
} [5 bytes data]
* TLSv1.3 (OUT), TLS handshake, CERT verify (15):
} [264 bytes data]
* TLSv1.2 (OUT), TLS header, Supplemental data (23):
} [5 bytes data]
* TLSv1.3 (OUT), TLS handshake, Finished (20):
} [36 bytes data]
* SSL connection using TLSv1.3 / TLS_AES_128_GCM_SHA256
* ALPN, server accepted to use http/1.1
* Server certificate:
*  subject: DC=ch; DC=cern; OU=computers; CN=cmsweb.cern.ch
*  start date: May  6 09:49:35 2025 GMT
*  expire date: Jun 10 09:49:35 2026 GMT
*  subjectAltName: host "cmsweb.cern.ch" matched cert's "cmsweb.cern.ch"
*  issuer: DC=ch; DC=cern; CN=CERN Grid Certification Authority
*  SSL certificate verify ok.
* TLSv1.2 (OUT), TLS header, Supplemental data (23):
} [5 bytes data]
> DELETE /crabserver/prod/workflow HTTP/1.1
> Host: cmsweb.cern.ch:8443
> User-Agent: CRABClient/v3.250820
> Accept: */*
> Content-Length: 83
> Content-Type: application/x-www-form-urlencoded
> 
} [83 bytes data]
* TLSv1.2 (IN), TLS header, Supplemental data (23):
{ [5 bytes data]
* TLSv1.3 (IN), TLS handshake, Newsession Ticket (4):
{ [6432 bytes data]
* TLSv1.2 (IN), TLS header, Supplemental data (23):
{ [5 bytes data]
* Mark bundle as not supporting multiuse
< HTTP/1.1 400 Bad Request
< Content-Length: 735
< Content-Type: text/html;charset=utf-8
< Date: Mon, 08 Sep 2025 16:55:31 GMT
< Response-Proto: HTTP/1.1
< Response-Status: 400 Bad Request
< Response-Status-Code: 400
< Response-Time: 8.386839ms
< Response-Time-Seconds: 0.008387466
< X-Content-Type-Options: bla
< X-Error-Detail: This request are invalid.
< X-Error-Http: 400
< X-Error-Id: 036b21dd023e94f47b57182fd9820eb1
< X-Rest-Status: 40001
< X-Rest-Time: 5851.507 us
< 
{ [726 bytes data]
* TLSv1.2 (IN), TLS header, Supplemental data (23):
{ [5 bytes data]
100   818  100   735  100    83  24585   2776 --:--:-- --:--:-- --:--:-- 28206
* Connection #0 to host cmsweb.cern.ch left intact
<!DOCTYPE html PUBLIC
"-//W3C//DTD XHTML 1.0 Transitional//EN"
"http://www.w3.org/TR/xhtml1/DTD/xhtml1-transitional.dtd">
<html>
<head>
    <meta http-equiv="Content-Type" content="text/html; charset=utf-8"></meta>
    <title>400 Bad Request</title>
    <style type="text/css">
    #powered_by {
        margin-top: 20px;
        border-top: 2px solid black;
        font-style: italic;
    }

    #traceback {
        color: red;
    }
    </style>
</head>
    <body>
        <h2>400 Bad Request</h2>
        <p>This request are invalid.</p>
        <pre id="traceback"></pre>
    <div id="powered_by">
      <span>
        Powered by <a href="http://www.cherrypy.dev">CherryPy 18.8.0</a>
      </span>
    </div>
    </body>
</html>

INFO 2025-09-08 16:55:31.229 UTC: 	 Fatal error trying to connect to https://cmsweb.cern.ch:8443/crabserver/prod/workflow using workflow=250516_032445%3Aamalhotr_crab_DY2Mu4Jets_ScoutingTree_CombinedChain_All_v5.
exit code from curl = 0
HTTP code/reason = 400/Bad Request .  stdout:
<!DOCTYPE html PUBLIC
"-//W3C//DTD XHTML 1.0 Transitional//EN"
"http://www.w3.org/TR/xhtml1/DTD/xhtml1-transitional.dtd">
<html>
<head>
    <meta http-equiv="Content-Type" content="text/html; charset=utf-8"></meta>
    <title>400 Bad Request</title>
    <style type="text/css">
    #powered_by {
        margin-top: 20px;
        border-top: 2px solid black;
        font-style: italic;
    }

    #traceback {
        color: red;
    }
    </style>
</head>
    <body>
        <h2>400 Bad Request</h2>
        <p>This request are invalid.</p>
        <pre id="traceback"></pre>
    <div id="powered_by">
      <span>
        Powered by <a href="http://www.cherrypy.dev">CherryPy 18.8.0</a>
      </span>
    </div>
    </body>
</html>

INFO 2025-09-08 16:55:31.230 UTC: 	 The server answered with an error.
DEBUG 2025-09-08 16:55:31.230 UTC: 	 
INFO 2025-09-08 16:55:31.230 UTC: 	 Server answered with: This request are invalid.
INFO 2025-09-08 16:55:31.230 UTC: 	 Error Id: b221ff083447d329cfe4cd37fd711477
ERROR 2025-09-08 16:55:31.230 UTC: 	 Caught RESTInterfaceException exception
Traceback (most recent call last):
  File "/cvmfs/cms.cern.ch/share/cms/crab-prod/v3.250820.00/bin/crab.py", line 157, in <module>
    client()
  File "/cvmfs/cms.cern.ch/share/cms/crab-prod/v3.250820.00/bin/crab.py", line 142, in __call__
    returnDict = self.cmd()
  File "/cvmfs/cms.cern.ch/share/cms/crab-prod/v3.250820.00/lib/CRABClient/Commands/kill.py", line 29, in __call__
    dictresult, status, reason = server.delete(api=self.defaultApi, data=urlencode(inputs))
  File "/cvmfs/cms.cern.ch/share/cms/crab-prod/v3.250820.00/lib/CRABClient/RestInterfaces.py", line 291, in delete
    return self.server.delete(uri, data)
  File "/cvmfs/cms.cern.ch/share/cms/crab-prod/v3.250820.00/lib/CRABClient/RestInterfaces.py", line 139, in delete
    return self.makeRequest(uri=uri, data=data, verb='DELETE')
  File "/cvmfs/cms.cern.ch/share/cms/crab-prod/v3.250820.00/lib/CRABClient/RestInterfaces.py", line 225, in makeRequest
    raise RESTInterfaceException(stderr)
CRABClient.ClientExceptions.RESTInterfaceException:   % Total    % Received % Xferd  Average Speed   Time    Time     Time  Current
                                 Dload  Upload   Total   Spent    Left  Speed
  0     0    0     0    0     0      0      0 --:--:-- --:--:-- --:--:--     0*   Trying 188.185.89.194:8443...
* Connected to cmsweb.cern.ch (188.185.89.194) port 8443 (#0)
* ALPN, offering http/1.1
*  CAfile: /etc/pki/tls/certs/ca-bundle.crt
*  CApath: /etc/grid-security/certificates/
* TLSv1.0 (OUT), TLS header, Certificate Status (22):
} [5 bytes data]
* TLSv1.3 (OUT), TLS handshake, Client hello (1):
} [512 bytes data]
* TLSv1.2 (IN), TLS header, Certificate Status (22):
{ [5 bytes data]
* TLSv1.3 (IN), TLS handshake, Server hello (2):
{ [122 bytes data]
* TLSv1.2 (IN), TLS header, Finished (20):
{ [5 bytes data]
* TLSv1.2 (IN), TLS header, Supplemental data (23):
{ [5 bytes data]
* TLSv1.3 (IN), TLS handshake, Encrypted Extensions (8):
{ [21 bytes data]
* TLSv1.2 (IN), TLS header, Supplemental data (23):
{ [5 bytes data]
* TLSv1.3 (IN), TLS handshake, Request CERT (13):
{ [7998 bytes data]
* TLSv1.2 (IN), TLS header, Supplemental data (23):
{ [5 bytes data]
* TLSv1.3 (IN), TLS handshake, Certificate (11):
{ [2064 bytes data]
* TLSv1.2 (IN), TLS header, Supplemental data (23):
{ [5 bytes data]
* TLSv1.3 (IN), TLS handshake, CERT verify (15):
{ [264 bytes data]
* TLSv1.2 (IN), TLS header, Supplemental data (23):
{ [5 bytes data]
* TLSv1.3 (IN), TLS handshake, Finished (20):
{ [36 bytes data]
* TLSv1.2 (OUT), TLS header, Finished (20):
} [5 bytes data]
* TLSv1.3 (OUT), TLS change cipher, Change cipher spec (1):
} [1 bytes data]
* TLSv1.2 (OUT), TLS header, Supplemental data (23):
} [5 bytes data]
* TLSv1.3 (OUT), TLS handshake, Certificate (11):
} [6318 bytes data]
* TLSv1.2 (OUT), TLS header, Supplemental data (23):
} [5 bytes data]
* TLSv1.3 (OUT), TLS handshake, CERT verify (15):
} [264 bytes data]
* TLSv1.2 (OUT), TLS header, Supplemental data (23):
} [5 bytes data]
* TLSv1.3 (OUT), TLS handshake, Finished (20):
} [36 bytes data]
* SSL connection using TLSv1.3 / TLS_AES_128_GCM_SHA256
* ALPN, server accepted to use http/1.1
* Server certificate:
*  subject: DC=ch; DC=cern; OU=computers; CN=cmsweb.cern.ch
*  start date: May  6 09:49:35 2025 GMT
*  expire date: Jun 10 09:49:35 2026 GMT
*  subjectAltName: host "cmsweb.cern.ch" matched cert's "cmsweb.cern.ch"
*  issuer: DC=ch; DC=cern; CN=CERN Grid Certification Authority
*  SSL certificate verify ok.
* TLSv1.2 (OUT), TLS header, Supplemental data (23):
} [5 bytes data]
> DELETE /crabserver/prod/workflow HTTP/1.1
> Host: cmsweb.cern.ch:8443
> User-Agent: CRABClient/v3.250820
> Accept: */*
> Content-Length: 83
> Content-Type: application/x-www-form-urlencoded
> 
} [83 bytes data]
* TLSv1.2 (IN), TLS header, Supplemental data (23):
{ [5 bytes data]
* TLSv1.3 (IN), TLS handshake, Newsession Ticket (4):
{ [6432 bytes data]
* TLSv1.2 (IN), TLS header, Supplemental data (23):
{ [5 bytes data]
* Mark bundle as not supporting multiuse
< HTTP/1.1 400 Bad Request
< Content-Length: 735
< Content-Type: text/html;charset=utf-8
< Date: Mon, 08 Sep 2025 16:55:31 GMT
< Response-Proto: HTTP/1.1
< Response-Status: 400 Bad Request
< Response-Status-Code: 400
< Response-Time: 7.961179ms
< Response-Time-Seconds: 0.007961729
< X-Content-Type-Options: bla
< X-Error-Detail: This request are invalid.
< X-Error-Http: 400
< X-Error-Id: b221ff083447d329cfe4cd37fd711477
< X-Rest-Status: 40001
< X-Rest-Time: 5211.115 us
< 
{ [726 bytes data]
* TLSv1.2 (IN), TLS header, Supplemental data (23):
{ [5 bytes data]
100   818  100   735  100    83  26741   3019 --:--:-- --:--:-- --:--:-- 30296
* Connection #0 to host cmsweb.cern.ch left intact
<!DOCTYPE html PUBLIC
"-//W3C//DTD XHTML 1.0 Transitional//EN"
"http://www.w3.org/TR/xhtml1/DTD/xhtml1-transitional.dtd">
<html>
<head>
    <meta http-equiv="Content-Type" content="text/html; charset=utf-8"></meta>
    <title>400 Bad Request</title>
    <style type="text/css">
    #powered_by {
        margin-top: 20px;
        border-top: 2px solid black;
        font-style: italic;
    }

    #traceback {
        color: red;
    }
    </style>
</head>
    <body>
        <h2>400 Bad Request</h2>
        <p>This request are invalid.</p>
        <pre id="traceback"></pre>
    <div id="powered_by">
      <span>
        Powered by <a href="http://www.cherrypy.dev">CherryPy 18.8.0</a>
      </span>
    </div>
    </body>
</html>

